{"type":"FeatureCollection","features":[{"type":"Feature","properties":{"linea":"231-1-2","parcela":"231-1","palmas":4},"geometry":{"type":"LineString","coordinates":[[-72.893602,4.39449],[-72.893602,4.394734]]}},{"type":"Feature","properties":{"linea":"231-1-3","parcela":"231-1","palmas":9},"geometry":{"type":"LineString","coordinates":[[-72.893672,4.394449],[-72.893671,4.3951]]}},{"type":"Feature","properties":{"linea":"231-1-4","parcela":"231-1","palmas":13},"geometry":{"type":"LineString","coordinates":[[-72.893743,4.39449],[-72.893741,4.395466]]}},{"type":"Feature","properties":{"linea":"231-1-5","parcela":"231-1","palmas":16},"geometry":{"type":"LineString","coordinates":[[-72.893813,4.394449],[-72.893811,4.39567]]}},{"type":"Feature","properties":{"linea":"231-1-6","parcela":"231-1","palmas":21},"geometry":{"type":"LineString","coordinates":[[-72.893883,4.39449],[-72.89388,4.396118]]}},{"type":"Feature","properties":{"linea":"231-1-7","parcela":"231-1","palmas":24},"geometry":{"type":"LineString","coordinates":[[-72.893953,4.394449],[-72.89395,4.396321]]}},{"type":"Feature","properties":{"linea":"231-1-8","parcela":"231-1","palmas":24},"geometry":{"type":"LineString","coordinates":[[-72.894023,4.394653],[-72.89402,4.396524]]}},{"type":"Feature","properties":{"linea":"231-1-9","parcela":"231-1","palmas":13},"geometry":{"type":"LineString","coordinates":[[-72.894092,4.395589],[-72.89409,4.396565]]}},{"type":"Feature","properties":{"linea":"231-1-10","parcela":"231-1","palmas":12},"geometry":{"type":"LineString","coordinates":[[-72.894162,4.39563],[-72.894161,4.396525]]}},{"type":"Feature","properties":{"linea":"231-1-11","parcela":"231-1","palmas":11},"geometry":{"type":"LineString","coordinates":[[-72.894232,4.395752],[-72.894231,4.396566]]}},{"type":"Feature","properties":{"linea":"231-1-12","parcela":"231-1","palmas":9},"geometry":{"type":"LineString","coordinates":[[-72.894302,4.395874],[-72.894301,4.396525]]}},{"type":"Feature","properties":{"linea":"231-1-13","parcela":"231-1","palmas":10},"geometry":{"type":"LineString","coordinates":[[-72.894372,4.395833],[-72.894371,4.396566]]}},{"type":"Feature","properties":{"linea":"231-1-14","parcela":"231-1","palmas":11},"geometry":{"type":"LineString","coordinates":[[-72.894443,4.395711],[-72.894441,4.396525]]}},{"type":"Feature","properties":{"linea":"231-1-15","parcela":"231-1","palmas":12},"geometry":{"type":"LineString","coordinates":[[-72.894513,4.395671],[-72.894511,4.396566]]}},{"type":"Feature","properties":{"linea":"231-1-16","parcela":"231-1","palmas":13},"geometry":{"type":"LineString","coordinates":[[-72.894583,4.395549],[-72.894582,4.396526]]}},{"type":"Feature","properties":{"linea":"231-1-17","parcela":"231-1","palmas":27},"geometry":{"type":"LineString","coordinates":[[-72.894655,4.394451],[-72.894652,4.396566]]}},{"type":"Feature","properties":{"linea":"231-1-18","parcela":"231-1","palmas":26},"geometry":{"type":"LineString","coordinates":[[-72.894725,4.394491],[-72.894722,4.396526]]}},{"type":"Feature","properties":{"linea":"231-1-19","parcela":"231-1","palmas":27},"geometry":{"type":"LineString","coordinates":[[-72.894796,4.394451],[-72.894792,4.396566]]}},{"type":"Feature","properties":{"linea":"231-1-20","parcela":"231-1","palmas":26},"geometry":{"type":"LineString","coordinates":[[-72.894866,4.394492],[-72.894863,4.396526]]}},{"type":"Feature","properties":{"linea":"231-1-21","parcela":"231-1","palmas":27},"geometry":{"type":"LineString","coordinates":[[-72.894936,4.394451],[-72.894933,4.396567]]}},{"type":"Feature","properties":{"linea":"231-1-22","parcela":"231-1","palmas":22},"geometry":{"type":"LineString","coordinates":[[-72.895006,4.394492],[-72.895003,4.396201]]}},{"type":"Feature","properties":{"linea":"231-1-23","parcela":"231-1","palmas":20},"geometry":{"type":"LineString","coordinates":[[-72.895076,4.394451],[-72.895074,4.395997]]}},{"type":"Feature","properties":{"linea":"231-1-24","parcela":"231-1","palmas":18},"geometry":{"type":"LineString","coordinates":[[-72.895147,4.394492],[-72.895144,4.395875]]}},{"type":"Feature","properties":{"linea":"231-1-25","parcela":"231-1","palmas":16},"geometry":{"type":"LineString","coordinates":[[-72.895217,4.394451],[-72.895215,4.395672]]}},{"type":"Feature","properties":{"linea":"231-1-26","parcela":"231-1","palmas":19},"geometry":{"type":"LineString","coordinates":[[-72.895287,4.394492],[-72.895284,4.396608]]}},{"type":"Feature","properties":{"linea":"231-1-27","parcela":"231-1","palmas":21},"geometry":{"type":"LineString","coordinates":[[-72.895357,4.394452],[-72.895354,4.396568]]}},{"type":"Feature","properties":{"linea":"231-1-28","parcela":"231-1","palmas":17},"geometry":{"type":"LineString","coordinates":[[-72.895428,4.394493],[-72.895424,4.396608]]}},{"type":"Feature","properties":{"linea":"231-1-29","parcela":"231-1","palmas":17},"geometry":{"type":"LineString","coordinates":[[-72.895498,4.394452],[-72.895494,4.396568]]}},{"type":"Feature","properties":{"linea":"231-1-30","parcela":"231-1","palmas":16},"geometry":{"type":"LineString","coordinates":[[-72.895568,4.394493],[-72.895564,4.396608]]}},{"type":"Feature","properties":{"linea":"231-1-31","parcela":"231-1","palmas":16},"geometry":{"type":"LineString","coordinates":[[-72.895638,4.394452],[-72.895635,4.396568]]}},{"type":"Feature","properties":{"linea":"231-1-32","parcela":"231-1","palmas":16},"geometry":{"type":"LineString","coordinates":[[-72.895708,4.394493],[-72.895705,4.396609]]}},{"type":"Feature","properties":{"linea":"231-1-33","parcela":"231-1","palmas":10},"geometry":{"type":"LineString","coordinates":[[-72.895778,4.394453],[-72.895775,4.396568]]}},{"type":"Feature","properties":{"linea":"231-1-34","parcela":"231-1","palmas":10},"geometry":{"type":"LineString","coordinates":[[-72.895849,4.394493],[-72.895845,4.396609]]}},{"type":"Feature","properties":{"linea":"231-1-35","parcela":"231-1","palmas":14},"geometry":{"type":"LineString","coordinates":[[-72.895919,4.394453],[-72.895916,4.396568]]}},{"type":"Feature","properties":{"linea":"231-1-36","parcela":"231-1","palmas":21},"geometry":{"type":"LineString","coordinates":[[-72.895989,4.394493],[-72.895986,4.396609]]}},{"type":"Feature","properties":{"linea":"231-1-37","parcela":"231-1","palmas":27},"geometry":{"type":"LineString","coordinates":[[-72.896059,4.394453],[-72.896056,4.396569]]}},{"type":"Feature","properties":{"linea":"231-1-38","parcela":"231-1","palmas":27},"geometry":{"type":"LineString","coordinates":[[-72.896129,4.394494],[-72.896126,4.396609]]}},{"type":"Feature","properties":{"linea":"231-1-39","parcela":"231-1","palmas":27},"geometry":{"type":"LineString","coordinates":[[-72.8962,4.394453],[-72.896196,4.396569]]}},{"type":"Feature","properties":{"linea":"231-1-40","parcela":"231-1","palmas":27},"geometry":{"type":"LineString","coordinates":[[-72.89627,4.394494],[-72.896266,4.396609]]}},{"type":"Feature","properties":{"linea":"231-1-41","parcela":"231-1","palmas":27},"geometry":{"type":"LineString","coordinates":[[-72.89634,4.394453],[-72.896337,4.396569]]}},{"type":"Feature","properties":{"linea":"231-1-42","parcela":"231-1","palmas":27},"geometry":{"type":"LineString","coordinates":[[-72.89641,4.394494],[-72.896407,4.39661]]}},{"type":"Feature","properties":{"linea":"231-1-43","parcela":"231-1","palmas":27},"geometry":{"type":"LineString","coordinates":[[-72.896481,4.394454],[-72.896477,4.396569]]}},{"type":"Feature","properties":{"linea":"231-1-44","parcela":"231-1","palmas":27},"geometry":{"type":"LineString","coordinates":[[-72.896551,4.394494],[-72.896547,4.39661]]}},{"type":"Feature","properties":{"linea":"231-1-45","parcela":"231-1","palmas":27},"geometry":{"type":"LineString","coordinates":[[-72.896621,4.394454],[-72.896618,4.396569]]}},{"type":"Feature","properties":{"linea":"231-1-46","parcela":"231-1","palmas":27},"geometry":{"type":"LineString","coordinates":[[-72.896691,4.394494],[-72.896688,4.39661]]}},{"type":"Feature","properties":{"linea":"231-1-47","parcela":"231-1","palmas":27},"geometry":{"type":"LineString","coordinates":[[-72.896761,4.394454],[-72.896758,4.39657]]}},{"type":"Feature","properties":{"linea":"231-1-48","parcela":"231-1","palmas":27},"geometry":{"type":"LineString","coordinates":[[-72.896831,4.394495],[-72.896828,4.39661]]}},{"type":"Feature","properties":{"linea":"231-1-49","parcela":"231-1","palmas":27},"geometry":{"type":"LineString","coordinates":[[-72.896902,4.394454],[-72.896898,4.39657]]}},{"type":"Feature","properties":{"linea":"231-1-50","parcela":"231-1","palmas":27},"geometry":{"type":"LineString","coordinates":[[-72.896972,4.394495],[-72.896969,4.396611]]}},{"type":"Feature","properties":{"linea":"231-1-51","parcela":"231-1","palmas":27},"geometry":{"type":"LineString","coordinates":[[-72.897042,4.394454],[-72.897039,4.39657]]}},{"type":"Feature","properties":{"linea":"231-1-52","parcela":"231-1","palmas":27},"geometry":{"type":"LineString","coordinates":[[-72.897112,4.394495],[-72.897109,4.396611]]}},{"type":"Feature","properties":{"linea":"231-1-53","parcela":"231-1","palmas":27},"geometry":{"type":"LineString","coordinates":[[-72.897182,4.394455],[-72.897179,4.39657]]}},{"type":"Feature","properties":{"linea":"231-1-54","parcela":"231-1","palmas":27},"geometry":{"type":"LineString","coordinates":[[-72.897253,4.394495],[-72.897249,4.396611]]}},{"type":"Feature","properties":{"linea":"231-1-55","parcela":"231-1","palmas":27},"geometry":{"type":"LineString","coordinates":[[-72.897323,4.394455],[-72.89732,4.396571]]}},{"type":"Feature","properties":{"linea":"231-1-56","parcela":"231-1","palmas":27},"geometry":{"type":"LineString","coordinates":[[-72.897393,4.394496],[-72.89739,4.396611]]}},{"type":"Feature","properties":{"linea":"231-1-57","parcela":"231-1","palmas":27},"geometry":{"type":"LineString","coordinates":[[-72.897463,4.394455],[-72.89746,4.396571]]}},{"type":"Feature","properties":{"linea":"231-1-58","parcela":"231-1","palmas":27},"geometry":{"type":"LineString","coordinates":[[-72.897534,4.394496],[-72.89753,4.396611]]}},{"type":"Feature","properties":{"linea":"231-1-59","parcela":"231-1","palmas":27},"geometry":{"type":"LineString","coordinates":[[-72.897604,4.394455],[-72.897601,4.396571]]}},{"type":"Feature","properties":{"linea":"231-1-60","parcela":"231-1","palmas":27},"geometry":{"type":"LineString","coordinates":[[-72.897674,4.394496],[-72.897671,4.396612]]}},{"type":"Feature","properties":{"linea":"231-1-61","parcela":"231-1","palmas":27},"geometry":{"type":"LineString","coordinates":[[-72.897744,4.394456],[-72.897741,4.396571]]}},{"type":"Feature","properties":{"linea":"231-1-62","parcela":"231-1","palmas":27},"geometry":{"type":"LineString","coordinates":[[-72.897814,4.394496],[-72.897811,4.396612]]}},{"type":"Feature","properties":{"linea":"231-1-63","parcela":"231-1","palmas":27},"geometry":{"type":"LineString","coordinates":[[-72.897885,4.394456],[-72.897881,4.396571]]}},{"type":"Feature","properties":{"linea":"231-1-64","parcela":"231-1","palmas":27},"geometry":{"type":"LineString","coordinates":[[-72.897955,4.394496],[-72.897951,4.396612]]}},{"type":"Feature","properties":{"linea":"231-1-65","parcela":"231-1","palmas":27},"geometry":{"type":"LineString","coordinates":[[-72.898025,4.394456],[-72.898022,4.396572]]}},{"type":"Feature","properties":{"linea":"231-1-66","parcela":"231-1","palmas":27},"geometry":{"type":"LineString","coordinates":[[-72.898095,4.394497],[-72.898092,4.396613]]}},{"type":"Feature","properties":{"linea":"231-1-67","parcela":"231-1","palmas":27},"geometry":{"type":"LineString","coordinates":[[-72.898166,4.394456],[-72.898162,4.396572]]}},{"type":"Feature","properties":{"linea":"231-1-68","parcela":"231-1","palmas":27},"geometry":{"type":"LineString","coordinates":[[-72.898236,4.394497],[-72.898232,4.396613]]}},{"type":"Feature","properties":{"linea":"231-1-69","parcela":"231-1","palmas":27},"geometry":{"type":"LineString","coordinates":[[-72.898306,4.394456],[-72.898302,4.396572]]}},{"type":"Feature","properties":{"linea":"231-1-70","parcela":"231-1","palmas":27},"geometry":{"type":"LineString","coordinates":[[-72.898376,4.394497],[-72.898373,4.396613]]}},{"type":"Feature","properties":{"linea":"231-1-71","parcela":"231-1","palmas":27},"geometry":{"type":"LineString","coordinates":[[-72.898446,4.394457],[-72.898443,4.396572]]}},{"type":"Feature","properties":{"linea":"231-1-72","parcela":"231-1","palmas":27},"geometry":{"type":"LineString","coordinates":[[-72.898516,4.394498],[-72.898513,4.396613]]}},{"type":"Feature","properties":{"linea":"231-1-73","parcela":"231-1","palmas":27},"geometry":{"type":"LineString","coordinates":[[-72.898587,4.394457],[-72.898583,4.396573]]}},{"type":"Feature","properties":{"linea":"231-1-74","parcela":"231-1","palmas":27},"geometry":{"type":"LineString","coordinates":[[-72.898657,4.394498],[-72.898654,4.396613]]}},{"type":"Feature","properties":{"linea":"231-1-75","parcela":"231-1","palmas":27},"geometry":{"type":"LineString","coordinates":[[-72.898727,4.394457],[-72.898724,4.396573]]}},{"type":"Feature","properties":{"linea":"231-1-76","parcela":"231-1","palmas":27},"geometry":{"type":"LineString","coordinates":[[-72.898797,4.394498],[-72.898794,4.396614]]}},{"type":"Feature","properties":{"linea":"231-1-77","parcela":"231-1","palmas":27},"geometry":{"type":"LineString","coordinates":[[-72.898868,4.394457],[-72.898864,4.396573]]}},{"type":"Feature","properties":{"linea":"231-1-78","parcela":"231-1","palmas":27},"geometry":{"type":"LineString","coordinates":[[-72.898938,4.394498],[-72.898934,4.396614]]}},{"type":"Feature","properties":{"linea":"231-1-79","parcela":"231-1","palmas":27},"geometry":{"type":"LineString","coordinates":[[-72.899008,4.394458],[-72.899005,4.396573]]}},{"type":"Feature","properties":{"linea":"231-1-80","parcela":"231-1","palmas":27},"geometry":{"type":"LineString","coordinates":[[-72.899078,4.394498],[-72.899075,4.396614]]}},{"type":"Feature","properties":{"linea":"231-1-81","parcela":"231-1","palmas":25},"geometry":{"type":"LineString","coordinates":[[-72.899148,4.394621],[-72.899145,4.396573]]}},{"type":"Feature","properties":{"linea":"231-1-82","parcela":"231-1","palmas":24},"geometry":{"type":"LineString","coordinates":[[-72.899218,4.394743],[-72.899215,4.396614]]}},{"type":"Feature","properties":{"linea":"231-1-83","parcela":"231-1","palmas":20},"geometry":{"type":"LineString","coordinates":[[-72.899288,4.395028],[-72.899286,4.396574]]}},{"type":"Feature","properties":{"linea":"231-1-84","parcela":"231-1","palmas":18},"geometry":{"type":"LineString","coordinates":[[-72.899358,4.395231],[-72.899356,4.396614]]}},{"type":"Feature","properties":{"linea":"231-1-85","parcela":"231-1","palmas":3},"geometry":{"type":"LineString","coordinates":[[-72.899426,4.396411],[-72.899426,4.396574]]}},{"type":"Feature","properties":{"linea":"231-1-87","parcela":"231-1","palmas":4},"geometry":{"type":"LineString","coordinates":[[-72.899008,4.394376],[-72.899009,4.394132]]}},{"type":"Feature","properties":{"linea":"231-1-88","parcela":"231-1","palmas":7},"geometry":{"type":"LineString","coordinates":[[-72.898938,4.394335],[-72.898939,4.393847]]}},{"type":"Feature","properties":{"linea":"231-1-89","parcela":"231-1","palmas":11},"geometry":{"type":"LineString","coordinates":[[-72.898868,4.394376],[-72.898869,4.393562]]}},{"type":"Feature","properties":{"linea":"231-1-90","parcela":"231-1","palmas":14},"geometry":{"type":"LineString","coordinates":[[-72.898798,4.394335],[-72.898799,4.393277]]}},{"type":"Feature","properties":{"linea":"231-1-91","parcela":"231-1","palmas":16},"geometry":{"type":"LineString","coordinates":[[-72.898727,4.394376],[-72.898729,4.393155]]}},{"type":"Feature","properties":{"linea":"231-1-92","parcela":"231-1","palmas":20},"geometry":{"type":"LineString","coordinates":[[-72.898657,4.394335],[-72.898659,4.392789]]}},{"type":"Feature","properties":{"linea":"231-1-93","parcela":"231-1","palmas":22},"geometry":{"type":"LineString","coordinates":[[-72.898587,4.394376],[-72.898589,4.392667]]}},{"type":"Feature","properties":{"linea":"231-1-94","parcela":"231-1","palmas":24},"geometry":{"type":"LineString","coordinates":[[-72.898517,4.394335],[-72.89852,4.392463]]}},{"type":"Feature","properties":{"linea":"231-1-95","parcela":"231-1","palmas":29},"geometry":{"type":"LineString","coordinates":[[-72.898446,4.394375],[-72.89845,4.392097]]}},{"type":"Feature","properties":{"linea":"231-1-96","parcela":"231-1","palmas":31},"geometry":{"type":"LineString","coordinates":[[-72.898376,4.394334],[-72.89838,4.391893]]}},{"type":"Feature","properties":{"linea":"231-1-97","parcela":"231-1","palmas":33},"geometry":{"type":"LineString","coordinates":[[-72.898306,4.394375],[-72.89831,4.391771]]}},{"type":"Feature","properties":{"linea":"231-1-98","parcela":"231-1","palmas":32},"geometry":{"type":"LineString","coordinates":[[-72.898236,4.394334],[-72.89824,4.391812]]}},{"type":"Feature","properties":{"linea":"231-1-99","parcela":"231-1","palmas":33},"geometry":{"type":"LineString","coordinates":[[-72.898166,4.394375],[-72.89817,4.391771]]}},{"type":"Feature","properties":{"linea":"231-1-100","parcela":"231-1","palmas":32},"geometry":{"type":"LineString","coordinates":[[-72.898096,4.394334],[-72.898099,4.391811]]}},{"type":"Feature","properties":{"linea":"231-1-101","parcela":"231-1","palmas":32},"geometry":{"type":"LineString","coordinates":[[-72.898025,4.394374],[-72.898029,4.391852]]}},{"type":"Feature","properties":{"linea":"231-1-102","parcela":"231-1","palmas":32},"geometry":{"type":"LineString","coordinates":[[-72.897955,4.394334],[-72.897959,4.391811]]}},{"type":"Feature","properties":{"linea":"231-1-103","parcela":"231-1","palmas":32},"geometry":{"type":"LineString","coordinates":[[-72.897885,4.394374],[-72.897889,4.391852]]}},{"type":"Feature","properties":{"linea":"231-1-104","parcela":"231-1","palmas":32},"geometry":{"type":"LineString","coordinates":[[-72.897815,4.394334],[-72.897819,4.391811]]}},{"type":"Feature","properties":{"linea":"231-1-105","parcela":"231-1","palmas":32},"geometry":{"type":"LineString","coordinates":[[-72.897744,4.394374],[-72.897748,4.391852]]}},{"type":"Feature","properties":{"linea":"231-1-106","parcela":"231-1","palmas":31},"geometry":{"type":"LineString","coordinates":[[-72.897674,4.394333],[-72.897678,4.391892]]}},{"type":"Feature","properties":{"linea":"231-1-107","parcela":"231-1","palmas":31},"geometry":{"type":"LineString","coordinates":[[-72.897604,4.394374],[-72.897608,4.391933]]}},{"type":"Feature","properties":{"linea":"231-1-108","parcela":"231-1","palmas":31},"geometry":{"type":"LineString","coordinates":[[-72.897534,4.394333],[-72.897538,4.391892]]}},{"type":"Feature","properties":{"linea":"231-1-109","parcela":"231-1","palmas":31},"geometry":{"type":"LineString","coordinates":[[-72.897464,4.394374],[-72.897468,4.391933]]}},{"type":"Feature","properties":{"linea":"231-1-110","parcela":"231-1","palmas":31},"geometry":{"type":"LineString","coordinates":[[-72.897393,4.394333],[-72.897397,4.391892]]}},{"type":"Feature","properties":{"linea":"231-1-111","parcela":"231-1","palmas":31},"geometry":{"type":"LineString","coordinates":[[-72.897323,4.394373],[-72.897327,4.391932]]}},{"type":"Feature","properties":{"linea":"231-1-112","parcela":"231-1","palmas":30},"geometry":{"type":"LineString","coordinates":[[-72.897253,4.394333],[-72.897257,4.391973]]}},{"type":"Feature","properties":{"linea":"231-1-113","parcela":"231-1","palmas":31},"geometry":{"type":"LineString","coordinates":[[-72.897183,4.394373],[-72.897187,4.391932]]}},{"type":"Feature","properties":{"linea":"231-1-114","parcela":"231-1","palmas":30},"geometry":{"type":"LineString","coordinates":[[-72.897113,4.394332],[-72.897116,4.391973]]}},{"type":"Feature","properties":{"linea":"231-1-115","parcela":"231-1","palmas":30},"geometry":{"type":"LineString","coordinates":[[-72.897042,4.394373],[-72.897046,4.392013]]}},{"type":"Feature","properties":{"linea":"231-1-116","parcela":"231-1","palmas":30},"geometry":{"type":"LineString","coordinates":[[-72.896972,4.394332],[-72.896976,4.391973]]}},{"type":"Feature","properties":{"linea":"231-1-117","parcela":"231-1","palmas":30},"geometry":{"type":"LineString","coordinates":[[-72.896902,4.394373],[-72.896906,4.392013]]}},{"type":"Feature","properties":{"linea":"231-1-118","parcela":"231-1","palmas":30},"geometry":{"type":"LineString","coordinates":[[-72.896832,4.394332],[-72.896836,4.391972]]}},{"type":"Feature","properties":{"linea":"231-1-119","parcela":"231-1","palmas":30},"geometry":{"type":"LineString","coordinates":[[-72.896761,4.394373],[-72.896765,4.392013]]}},{"type":"Feature","properties":{"linea":"231-1-120","parcela":"231-1","palmas":29},"geometry":{"type":"LineString","coordinates":[[-72.896691,4.394332],[-72.896695,4.392053]]}},{"type":"Feature","properties":{"linea":"231-1-121","parcela":"231-1","palmas":30},"geometry":{"type":"LineString","coordinates":[[-72.896621,4.394372],[-72.896625,4.392013]]}},{"type":"Feature","properties":{"linea":"231-1-122","parcela":"231-1","palmas":29},"geometry":{"type":"LineString","coordinates":[[-72.896551,4.394332],[-72.896554,4.392053]]}},{"type":"Feature","properties":{"linea":"231-1-123","parcela":"231-1","palmas":29},"geometry":{"type":"LineString","coordinates":[[-72.896481,4.394372],[-72.896484,4.392094]]}},{"type":"Feature","properties":{"linea":"231-1-124","parcela":"231-1","palmas":29},"geometry":{"type":"LineString","coordinates":[[-72.896411,4.394331],[-72.896414,4.392053]]}},{"type":"Feature","properties":{"linea":"231-1-125","parcela":"231-1","palmas":29},"geometry":{"type":"LineString","coordinates":[[-72.89634,4.394372],[-72.896344,4.392094]]}},{"type":"Feature","properties":{"linea":"231-1-126","parcela":"231-1","palmas":29},"geometry":{"type":"LineString","coordinates":[[-72.89627,4.394331],[-72.896274,4.392053]]}},{"type":"Feature","properties":{"linea":"231-1-127","parcela":"231-1","palmas":29},"geometry":{"type":"LineString","coordinates":[[-72.8962,4.394372],[-72.896203,4.392093]]}},{"type":"Feature","properties":{"linea":"231-1-128","parcela":"231-1","palmas":28},"geometry":{"type":"LineString","coordinates":[[-72.89613,4.394331],[-72.896133,4.392134]]}},{"type":"Feature","properties":{"linea":"231-1-129","parcela":"231-1","palmas":29},"geometry":{"type":"LineString","coordinates":[[-72.896059,4.394371],[-72.896063,4.392093]]}},{"type":"Feature","properties":{"linea":"231-1-130","parcela":"231-1","palmas":28},"geometry":{"type":"LineString","coordinates":[[-72.895989,4.394331],[-72.895993,4.392134]]}},{"type":"Feature","properties":{"linea":"231-1-131","parcela":"231-1","palmas":29},"geometry":{"type":"LineString","coordinates":[[-72.895919,4.394371],[-72.895923,4.392093]]}},{"type":"Feature","properties":{"linea":"231-1-132","parcela":"231-1","palmas":28},"geometry":{"type":"LineString","coordinates":[[-72.895849,4.394331],[-72.895852,4.392133]]}},{"type":"Feature","properties":{"linea":"231-1-133","parcela":"231-1","palmas":29},"geometry":{"type":"LineString","coordinates":[[-72.895779,4.394371],[-72.895782,4.392093]]}},{"type":"Feature","properties":{"linea":"231-1-134","parcela":"231-1","palmas":28},"geometry":{"type":"LineString","coordinates":[[-72.895708,4.39433],[-72.895712,4.392133]]}},{"type":"Feature","properties":{"linea":"231-1-135","parcela":"231-1","palmas":28},"geometry":{"type":"LineString","coordinates":[[-72.895638,4.394371],[-72.895642,4.392174]]}},{"type":"Feature","properties":{"linea":"231-1-136","parcela":"231-1","palmas":28},"geometry":{"type":"LineString","coordinates":[[-72.895568,4.39433],[-72.895571,4.392133]]}},{"type":"Feature","properties":{"linea":"231-1-137","parcela":"231-1","palmas":28},"geometry":{"type":"LineString","coordinates":[[-72.895498,4.394371],[-72.895501,4.392174]]}},{"type":"Feature","properties":{"linea":"231-1-138","parcela":"231-1","palmas":27},"geometry":{"type":"LineString","coordinates":[[-72.895428,4.39433],[-72.895431,4.392214]]}},{"type":"Feature","properties":{"linea":"231-1-139","parcela":"231-1","palmas":28},"geometry":{"type":"LineString","coordinates":[[-72.895357,4.39437],[-72.895361,4.392173]]}},{"type":"Feature","properties":{"linea":"231-1-140","parcela":"231-1","palmas":27},"geometry":{"type":"LineString","coordinates":[[-72.895287,4.394329],[-72.895291,4.392214]]}},{"type":"Feature","properties":{"linea":"231-1-141","parcela":"231-1","palmas":28},"geometry":{"type":"LineString","coordinates":[[-72.895217,4.39437],[-72.89522,4.392173]]}},{"type":"Feature","properties":{"linea":"231-1-142","parcela":"231-1","palmas":27},"geometry":{"type":"LineString","coordinates":[[-72.895147,4.394329],[-72.89515,4.392214]]}},{"type":"Feature","properties":{"linea":"231-1-143","parcela":"231-1","palmas":27},"geometry":{"type":"LineString","coordinates":[[-72.895076,4.39437],[-72.89508,4.392254]]}},{"type":"Feature","properties":{"linea":"231-1-144","parcela":"231-1","palmas":27},"geometry":{"type":"LineString","coordinates":[[-72.895006,4.394329],[-72.89501,4.392213]]}},{"type":"Feature","properties":{"linea":"231-1-145","parcela":"231-1","palmas":27},"geometry":{"type":"LineString","coordinates":[[-72.894936,4.39437],[-72.894939,4.392254]]}},{"type":"Feature","properties":{"linea":"231-1-146","parcela":"231-1","palmas":26},"geometry":{"type":"LineString","coordinates":[[-72.894866,4.394329],[-72.894869,4.392295]]}},{"type":"Feature","properties":{"linea":"231-1-147","parcela":"231-1","palmas":27},"geometry":{"type":"LineString","coordinates":[[-72.894796,4.394369],[-72.894799,4.392254]]}},{"type":"Feature","properties":{"linea":"231-1-148","parcela":"231-1","palmas":26},"geometry":{"type":"LineString","coordinates":[[-72.894726,4.394329],[-72.894729,4.392294]]}},{"type":"Feature","properties":{"linea":"231-1-149","parcela":"231-1","palmas":26},"geometry":{"type":"LineString","coordinates":[[-72.894655,4.394369],[-72.894659,4.392335]]}},{"type":"Feature","properties":{"linea":"231-1-150","parcela":"231-1","palmas":26},"geometry":{"type":"LineString","coordinates":[[-72.894585,4.394328],[-72.894588,4.392294]]}},{"type":"Feature","properties":{"linea":"231-1-151","parcela":"231-1","palmas":26},"geometry":{"type":"LineString","coordinates":[[-72.894515,4.394369],[-72.894518,4.392335]]}},{"type":"Feature","properties":{"linea":"231-1-152","parcela":"231-1","palmas":25},"geometry":{"type":"LineString","coordinates":[[-72.894445,4.394328],[-72.894448,4.392375]]}},{"type":"Feature","properties":{"linea":"231-1-153","parcela":"231-1","palmas":26},"geometry":{"type":"LineString","coordinates":[[-72.894374,4.394369],[-72.894378,4.392334]]}},{"type":"Feature","properties":{"linea":"231-1-154","parcela":"231-1","palmas":25},"geometry":{"type":"LineString","coordinates":[[-72.894304,4.394328],[-72.894308,4.392375]]}},{"type":"Feature","properties":{"linea":"231-1-155","parcela":"231-1","palmas":25},"geometry":{"type":"LineString","coordinates":[[-72.894234,4.394369],[-72.894237,4.392416]]}},{"type":"Feature","properties":{"linea":"231-1-156","parcela":"231-1","palmas":25},"geometry":{"type":"LineString","coordinates":[[-72.894164,4.394328],[-72.894167,4.392375]]}},{"type":"Feature","properties":{"linea":"231-1-157","parcela":"231-1","palmas":25},"geometry":{"type":"LineString","coordinates":[[-72.894094,4.394368],[-72.894097,4.392416]]}},{"type":"Feature","properties":{"linea":"231-1-158","parcela":"231-1","palmas":25},"geometry":{"type":"LineString","coordinates":[[-72.894024,4.394328],[-72.894027,4.392375]]}},{"type":"Feature","properties":{"linea":"231-1-159","parcela":"231-1","palmas":25},"geometry":{"type":"LineString","coordinates":[[-72.893953,4.394368],[-72.893956,4.392415]]}},{"type":"Feature","properties":{"linea":"231-1-160","parcela":"231-1","palmas":24},"geometry":{"type":"LineString","coordinates":[[-72.893883,4.394327],[-72.893886,4.392456]]}},{"type":"Feature","properties":{"linea":"231-1-161","parcela":"231-1","palmas":25},"geometry":{"type":"LineString","coordinates":[[-72.893813,4.394368],[-72.893816,4.392415]]}},{"type":"Feature","properties":{"linea":"231-1-162","parcela":"231-1","palmas":24},"geometry":{"type":"LineString","coordinates":[[-72.893743,4.394327],[-72.893746,4.392456]]}},{"type":"Feature","properties":{"linea":"231-1-163","parcela":"231-1","palmas":24},"geometry":{"type":"LineString","coordinates":[[-72.893673,4.394368],[-72.893675,4.392496]]}},{"type":"Feature","properties":{"linea":"231-1-164","parcela":"231-1","palmas":24},"geometry":{"type":"LineString","coordinates":[[-72.893602,4.394327],[-72.893605,4.392455]]}},{"type":"Feature","properties":{"linea":"231-1-165","parcela":"231-1","palmas":24},"geometry":{"type":"LineString","coordinates":[[-72.893532,4.394368],[-72.893535,4.392496]]}},{"type":"Feature","properties":{"linea":"231-1-166","parcela":"231-1","palmas":21},"geometry":{"type":"LineString","coordinates":[[-72.893462,4.394083],[-72.893465,4.392455]]}},{"type":"Feature","properties":{"linea":"231-1-167","parcela":"231-1","palmas":16},"geometry":{"type":"LineString","coordinates":[[-72.893393,4.393716],[-72.893394,4.392496]]}},{"type":"Feature","properties":{"linea":"231-2-1","parcela":"231-2","palmas":8},"geometry":{"type":"LineString","coordinates":[[-72.893925,4.400066],[-72.893924,4.400636]]}},{"type":"Feature","properties":{"linea":"231-2-2","parcela":"231-2","palmas":11},"geometry":{"type":"LineString","coordinates":[[-72.893996,4.399863],[-72.893994,4.400677]]}},{"type":"Feature","properties":{"linea":"231-2-3","parcela":"231-2","palmas":11},"geometry":{"type":"LineString","coordinates":[[-72.894066,4.399823],[-72.894065,4.400636]]}},{"type":"Feature","properties":{"linea":"231-2-4","parcela":"231-2","palmas":13},"geometry":{"type":"LineString","coordinates":[[-72.894136,4.399701],[-72.894135,4.400677]]}},{"type":"Feature","properties":{"linea":"231-2-5","parcela":"231-2","palmas":13},"geometry":{"type":"LineString","coordinates":[[-72.894207,4.39966],[-72.894205,4.400636]]}},{"type":"Feature","properties":{"linea":"231-2-6","parcela":"231-2","palmas":14},"geometry":{"type":"LineString","coordinates":[[-72.894277,4.399619],[-72.894275,4.400677]]}},{"type":"Feature","properties":{"linea":"231-2-7","parcela":"231-2","palmas":15},"geometry":{"type":"LineString","coordinates":[[-72.894347,4.399498],[-72.894346,4.400637]]}},{"type":"Feature","properties":{"linea":"231-2-8","parcela":"231-2","palmas":22},"geometry":{"type":"LineString","coordinates":[[-72.894418,4.398969],[-72.894416,4.400678]]}},{"type":"Feature","properties":{"linea":"231-2-9","parcela":"231-2","palmas":22},"geometry":{"type":"LineString","coordinates":[[-72.894489,4.398928],[-72.894486,4.400637]]}},{"type":"Feature","properties":{"linea":"231-2-10","parcela":"231-2","palmas":22},"geometry":{"type":"LineString","coordinates":[[-72.894559,4.398969],[-72.894556,4.400678]]}},{"type":"Feature","properties":{"linea":"231-2-11","parcela":"231-2","palmas":22},"geometry":{"type":"LineString","coordinates":[[-72.894629,4.398928],[-72.894626,4.400637]]}},{"type":"Feature","properties":{"linea":"231-2-12","parcela":"231-2","palmas":22},"geometry":{"type":"LineString","coordinates":[[-72.894699,4.398969],[-72.894696,4.400678]]}},{"type":"Feature","properties":{"linea":"231-2-13","parcela":"231-2","palmas":22},"geometry":{"type":"LineString","coordinates":[[-72.894769,4.398929],[-72.894767,4.400638]]}},{"type":"Feature","properties":{"linea":"231-2-14","parcela":"231-2","palmas":22},"geometry":{"type":"LineString","coordinates":[[-72.89484,4.398969],[-72.894837,4.400678]]}},{"type":"Feature","properties":{"linea":"231-2-15","parcela":"231-2","palmas":22},"geometry":{"type":"LineString","coordinates":[[-72.89491,4.398929],[-72.894907,4.400638]]}},{"type":"Feature","properties":{"linea":"231-2-16","parcela":"231-2","palmas":22},"geometry":{"type":"LineString","coordinates":[[-72.89498,4.39897],[-72.894977,4.400678]]}},{"type":"Feature","properties":{"linea":"231-2-17","parcela":"231-2","palmas":22},"geometry":{"type":"LineString","coordinates":[[-72.89505,4.398929],[-72.895048,4.400638]]}},{"type":"Feature","properties":{"linea":"231-2-18","parcela":"231-2","palmas":22},"geometry":{"type":"LineString","coordinates":[[-72.89512,4.39897],[-72.895118,4.400679]]}},{"type":"Feature","properties":{"linea":"231-2-19","parcela":"231-2","palmas":22},"geometry":{"type":"LineString","coordinates":[[-72.895191,4.398929],[-72.895188,4.400638]]}},{"type":"Feature","properties":{"linea":"231-2-20","parcela":"231-2","palmas":22},"geometry":{"type":"LineString","coordinates":[[-72.895261,4.39897],[-72.895258,4.400679]]}},{"type":"Feature","properties":{"linea":"231-2-21","parcela":"231-2","palmas":22},"geometry":{"type":"LineString","coordinates":[[-72.895331,4.398929],[-72.895328,4.400638]]}},{"type":"Feature","properties":{"linea":"231-2-22","parcela":"231-2","palmas":22},"geometry":{"type":"LineString","coordinates":[[-72.895401,4.39897],[-72.895399,4.400679]]}},{"type":"Feature","properties":{"linea":"231-2-23","parcela":"231-2","palmas":22},"geometry":{"type":"LineString","coordinates":[[-72.895471,4.39893],[-72.895469,4.400639]]}},{"type":"Feature","properties":{"linea":"231-2-24","parcela":"231-2","palmas":22},"geometry":{"type":"LineString","coordinates":[[-72.895542,4.398971],[-72.895539,4.400679]]}},{"type":"Feature","properties":{"linea":"231-2-25","parcela":"231-2","palmas":22},"geometry":{"type":"LineString","coordinates":[[-72.895612,4.39893],[-72.895609,4.400639]]}},{"type":"Feature","properties":{"linea":"231-2-26","parcela":"231-2","palmas":22},"geometry":{"type":"LineString","coordinates":[[-72.895682,4.398971],[-72.895679,4.400679]]}},{"type":"Feature","properties":{"linea":"231-2-27","parcela":"231-2","palmas":22},"geometry":{"type":"LineString","coordinates":[[-72.895752,4.39893],[-72.89575,4.400639]]}},{"type":"Feature","properties":{"linea":"231-2-28","parcela":"231-2","palmas":22},"geometry":{"type":"LineString","coordinates":[[-72.895823,4.398971],[-72.89582,4.40068]]}},{"type":"Feature","properties":{"linea":"231-2-29","parcela":"231-2","palmas":22},"geometry":{"type":"LineString","coordinates":[[-72.895893,4.39893],[-72.89589,4.400639]]}},{"type":"Feature","properties":{"linea":"231-2-30","parcela":"231-2","palmas":22},"geometry":{"type":"LineString","coordinates":[[-72.895963,4.398971],[-72.89596,4.40068]]}},{"type":"Feature","properties":{"linea":"231-2-31","parcela":"231-2","palmas":22},"geometry":{"type":"LineString","coordinates":[[-72.896033,4.398931],[-72.896031,4.400639]]}},{"type":"Feature","properties":{"linea":"231-2-32","parcela":"231-2","palmas":22},"geometry":{"type":"LineString","coordinates":[[-72.896103,4.398971],[-72.896101,4.40068]]}},{"type":"Feature","properties":{"linea":"231-2-33","parcela":"231-2","palmas":22},"geometry":{"type":"LineString","coordinates":[[-72.896174,4.398931],[-72.896171,4.40064]]}},{"type":"Feature","properties":{"linea":"231-2-34","parcela":"231-2","palmas":22},"geometry":{"type":"LineString","coordinates":[[-72.896244,4.398972],[-72.896241,4.400681]]}},{"type":"Feature","properties":{"linea":"231-2-35","parcela":"231-2","palmas":22},"geometry":{"type":"LineString","coordinates":[[-72.896314,4.398931],[-72.896311,4.40064]]}},{"type":"Feature","properties":{"linea":"231-2-36","parcela":"231-2","palmas":22},"geometry":{"type":"LineString","coordinates":[[-72.896384,4.398972],[-72.896381,4.400681]]}},{"type":"Feature","properties":{"linea":"231-2-37","parcela":"231-2","palmas":22},"geometry":{"type":"LineString","coordinates":[[-72.896454,4.398931],[-72.896452,4.40064]]}},{"type":"Feature","properties":{"linea":"231-2-38","parcela":"231-2","palmas":22},"geometry":{"type":"LineString","coordinates":[[-72.896524,4.398972],[-72.896522,4.400681]]}},{"type":"Feature","properties":{"linea":"231-2-39","parcela":"231-2","palmas":22},"geometry":{"type":"LineString","coordinates":[[-72.896595,4.398931],[-72.896592,4.40064]]}},{"type":"Feature","properties":{"linea":"231-2-40","parcela":"231-2","palmas":22},"geometry":{"type":"LineString","coordinates":[[-72.896665,4.398972],[-72.896662,4.400681]]}},{"type":"Feature","properties":{"linea":"231-2-41","parcela":"231-2","palmas":22},"geometry":{"type":"LineString","coordinates":[[-72.896735,4.398932],[-72.896733,4.400641]]}},{"type":"Feature","properties":{"linea":"231-2-42","parcela":"231-2","palmas":22},"geometry":{"type":"LineString","coordinates":[[-72.896805,4.398973],[-72.896803,4.400681]]}},{"type":"Feature","properties":{"linea":"231-2-43","parcela":"231-2","palmas":22},"geometry":{"type":"LineString","coordinates":[[-72.896876,4.398932],[-72.896873,4.400641]]}},{"type":"Feature","properties":{"linea":"231-2-44","parcela":"231-2","palmas":22},"geometry":{"type":"LineString","coordinates":[[-72.896946,4.398973],[-72.896943,4.400682]]}},{"type":"Feature","properties":{"linea":"231-2-45","parcela":"231-2","palmas":22},"geometry":{"type":"LineString","coordinates":[[-72.897016,4.398932],[-72.897013,4.400641]]}},{"type":"Feature","properties":{"linea":"231-2-46","parcela":"231-2","palmas":22},"geometry":{"type":"LineString","coordinates":[[-72.897086,4.398973],[-72.897084,4.400682]]}},{"type":"Feature","properties":{"linea":"231-2-47","parcela":"231-2","palmas":22},"geometry":{"type":"LineString","coordinates":[[-72.897156,4.398933],[-72.897154,4.400641]]}},{"type":"Feature","properties":{"linea":"231-2-48","parcela":"231-2","palmas":22},"geometry":{"type":"LineString","coordinates":[[-72.897227,4.398973],[-72.897224,4.400682]]}},{"type":"Feature","properties":{"linea":"231-2-49","parcela":"231-2","palmas":22},"geometry":{"type":"LineString","coordinates":[[-72.897297,4.398933],[-72.897294,4.400641]]}},{"type":"Feature","properties":{"linea":"231-2-50","parcela":"231-2","palmas":22},"geometry":{"type":"LineString","coordinates":[[-72.897367,4.398973],[-72.897364,4.400682]]}},{"type":"Feature","properties":{"linea":"231-2-51","parcela":"231-2","palmas":22},"geometry":{"type":"LineString","coordinates":[[-72.897437,4.398933],[-72.897435,4.400642]]}},{"type":"Feature","properties":{"linea":"231-2-52","parcela":"231-2","palmas":22},"geometry":{"type":"LineString","coordinates":[[-72.897508,4.398974],[-72.897505,4.400683]]}},{"type":"Feature","properties":{"linea":"231-2-53","parcela":"231-2","palmas":22},"geometry":{"type":"LineString","coordinates":[[-72.897578,4.398933],[-72.897575,4.400642]]}},{"type":"Feature","properties":{"linea":"231-2-54","parcela":"231-2","palmas":22},"geometry":{"type":"LineString","coordinates":[[-72.897648,4.398974],[-72.897645,4.400683]]}},{"type":"Feature","properties":{"linea":"231-2-55","parcela":"231-2","palmas":22},"geometry":{"type":"LineString","coordinates":[[-72.897718,4.398933],[-72.897716,4.400642]]}},{"type":"Feature","properties":{"linea":"231-2-56","parcela":"231-2","palmas":22},"geometry":{"type":"LineString","coordinates":[[-72.897788,4.398974],[-72.897786,4.400683]]}},{"type":"Feature","properties":{"linea":"231-2-57","parcela":"231-2","palmas":22},"geometry":{"type":"LineString","coordinates":[[-72.897859,4.398934],[-72.897856,4.400642]]}},{"type":"Feature","properties":{"linea":"231-2-58","parcela":"231-2","palmas":22},"geometry":{"type":"LineString","coordinates":[[-72.897929,4.398974],[-72.897926,4.400683]]}},{"type":"Feature","properties":{"linea":"231-2-59","parcela":"231-2","palmas":22},"geometry":{"type":"LineString","coordinates":[[-72.897999,4.398934],[-72.897996,4.400643]]}},{"type":"Feature","properties":{"linea":"231-2-60","parcela":"231-2","palmas":22},"geometry":{"type":"LineString","coordinates":[[-72.898069,4.398974],[-72.898066,4.400683]]}},{"type":"Feature","properties":{"linea":"231-2-61","parcela":"231-2","palmas":22},"geometry":{"type":"LineString","coordinates":[[-72.898139,4.398934],[-72.898137,4.400643]]}},{"type":"Feature","properties":{"linea":"231-2-62","parcela":"231-2","palmas":22},"geometry":{"type":"LineString","coordinates":[[-72.898209,4.398975],[-72.898207,4.400684]]}},{"type":"Feature","properties":{"linea":"231-2-63","parcela":"231-2","palmas":22},"geometry":{"type":"LineString","coordinates":[[-72.89828,4.398934],[-72.898277,4.400643]]}},{"type":"Feature","properties":{"linea":"231-2-64","parcela":"231-2","palmas":22},"geometry":{"type":"LineString","coordinates":[[-72.89835,4.398975],[-72.898347,4.400684]]}},{"type":"Feature","properties":{"linea":"231-2-65","parcela":"231-2","palmas":22},"geometry":{"type":"LineString","coordinates":[[-72.89842,4.398934],[-72.898418,4.400643]]}},{"type":"Feature","properties":{"linea":"231-2-66","parcela":"231-2","palmas":22},"geometry":{"type":"LineString","coordinates":[[-72.89849,4.398975],[-72.898488,4.400684]]}},{"type":"Feature","properties":{"linea":"231-2-67","parcela":"231-2","palmas":22},"geometry":{"type":"LineString","coordinates":[[-72.898561,4.398935],[-72.898558,4.400643]]}},{"type":"Feature","properties":{"linea":"231-2-68","parcela":"231-2","palmas":22},"geometry":{"type":"LineString","coordinates":[[-72.898631,4.398976],[-72.898628,4.400684]]}},{"type":"Feature","properties":{"linea":"231-2-69","parcela":"231-2","palmas":22},"geometry":{"type":"LineString","coordinates":[[-72.898701,4.398935],[-72.898698,4.400644]]}},{"type":"Feature","properties":{"linea":"231-2-70","parcela":"231-2","palmas":22},"geometry":{"type":"LineString","coordinates":[[-72.898771,4.398976],[-72.898769,4.400684]]}},{"type":"Feature","properties":{"linea":"231-2-71","parcela":"231-2","palmas":22},"geometry":{"type":"LineString","coordinates":[[-72.898841,4.398935],[-72.898839,4.400644]]}},{"type":"Feature","properties":{"linea":"231-2-72","parcela":"231-2","palmas":22},"geometry":{"type":"LineString","coordinates":[[-72.898912,4.398976],[-72.898909,4.400685]]}},{"type":"Feature","properties":{"linea":"231-2-73","parcela":"231-2","palmas":22},"geometry":{"type":"LineString","coordinates":[[-72.898982,4.398935],[-72.898979,4.400644]]}},{"type":"Feature","properties":{"linea":"231-2-74","parcela":"231-2","palmas":22},"geometry":{"type":"LineString","coordinates":[[-72.899052,4.398976],[-72.899049,4.400685]]}},{"type":"Feature","properties":{"linea":"231-2-75","parcela":"231-2","palmas":22},"geometry":{"type":"LineString","coordinates":[[-72.899122,4.398936],[-72.89912,4.400644]]}},{"type":"Feature","properties":{"linea":"231-2-76","parcela":"231-2","palmas":22},"geometry":{"type":"LineString","coordinates":[[-72.899193,4.398976],[-72.89919,4.400685]]}},{"type":"Feature","properties":{"linea":"231-2-77","parcela":"231-2","palmas":22},"geometry":{"type":"LineString","coordinates":[[-72.899263,4.398936],[-72.89926,4.400644]]}},{"type":"Feature","properties":{"linea":"231-2-78","parcela":"231-2","palmas":22},"geometry":{"type":"LineString","coordinates":[[-72.899333,4.398977],[-72.89933,4.400685]]}},{"type":"Feature","properties":{"linea":"231-2-79","parcela":"231-2","palmas":22},"geometry":{"type":"LineString","coordinates":[[-72.899403,4.398936],[-72.899401,4.400645]]}},{"type":"Feature","properties":{"linea":"231-2-80","parcela":"231-2","palmas":22},"geometry":{"type":"LineString","coordinates":[[-72.899473,4.398977],[-72.899471,4.400686]]}},{"type":"Feature","properties":{"linea":"231-2-81","parcela":"231-2","palmas":22},"geometry":{"type":"LineString","coordinates":[[-72.899544,4.398936],[-72.899541,4.400645]]}},{"type":"Feature","properties":{"linea":"231-2-82","parcela":"231-2","palmas":22},"geometry":{"type":"LineString","coordinates":[[-72.899614,4.398977],[-72.899611,4.400686]]}},{"type":"Feature","properties":{"linea":"231-2-83","parcela":"231-2","palmas":22},"geometry":{"type":"LineString","coordinates":[[-72.899684,4.398936],[-72.899681,4.400645]]}},{"type":"Feature","properties":{"linea":"231-2-84","parcela":"231-2","palmas":22},"geometry":{"type":"LineString","coordinates":[[-72.899754,4.398977],[-72.899751,4.400686]]}},{"type":"Feature","properties":{"linea":"231-2-85","parcela":"231-2","palmas":22},"geometry":{"type":"LineString","coordinates":[[-72.899824,4.398937],[-72.899822,4.400646]]}},{"type":"Feature","properties":{"linea":"231-2-86","parcela":"231-2","palmas":22},"geometry":{"type":"LineString","coordinates":[[-72.899894,4.398977],[-72.899892,4.400686]]}},{"type":"Feature","properties":{"linea":"231-2-87","parcela":"231-2","palmas":22},"geometry":{"type":"LineString","coordinates":[[-72.899965,4.398937],[-72.899962,4.400646]]}},{"type":"Feature","properties":{"linea":"231-2-88","parcela":"231-2","palmas":21},"geometry":{"type":"LineString","coordinates":[[-72.900035,4.399059],[-72.900032,4.400686]]}},{"type":"Feature","properties":{"linea":"231-2-89","parcela":"231-2","palmas":20},"geometry":{"type":"LineString","coordinates":[[-72.900105,4.3991],[-72.900103,4.400646]]}},{"type":"Feature","properties":{"linea":"231-2-90","parcela":"231-2","palmas":20},"geometry":{"type":"LineString","coordinates":[[-72.900175,4.399141],[-72.900173,4.400687]]}},{"type":"Feature","properties":{"linea":"231-2-91","parcela":"231-2","palmas":19},"geometry":{"type":"LineString","coordinates":[[-72.900245,4.399181],[-72.900243,4.400646]]}},{"type":"Feature","properties":{"linea":"231-2-92","parcela":"231-2","palmas":20},"geometry":{"type":"LineString","coordinates":[[-72.900316,4.399141],[-72.900313,4.400687]]}},{"type":"Feature","properties":{"linea":"231-2-93","parcela":"231-2","palmas":19},"geometry":{"type":"LineString","coordinates":[[-72.900386,4.399182],[-72.900383,4.400646]]}},{"type":"Feature","properties":{"linea":"231-2-94","parcela":"231-2","palmas":18},"geometry":{"type":"LineString","coordinates":[[-72.900456,4.399304],[-72.900453,4.400687]]}},{"type":"Feature","properties":{"linea":"231-2-95","parcela":"231-2","palmas":14},"geometry":{"type":"LineString","coordinates":[[-72.900525,4.399589],[-72.900524,4.400647]]}},{"type":"Feature","properties":{"linea":"231-2-96","parcela":"231-2","palmas":12},"geometry":{"type":"LineString","coordinates":[[-72.900595,4.399792],[-72.900594,4.400687]]}},{"type":"Feature","properties":{"linea":"231-2-97","parcela":"231-2","palmas":8},"geometry":{"type":"LineString","coordinates":[[-72.900665,4.400077],[-72.900664,4.400647]]}},{"type":"Feature","properties":{"linea":"231-2-98","parcela":"231-2","palmas":6},"geometry":{"type":"LineString","coordinates":[[-72.900735,4.400281],[-72.900734,4.400688]]}},{"type":"Feature","properties":{"linea":"231-2-99","parcela":"231-2","palmas":3},"geometry":{"type":"LineString","coordinates":[[-72.900805,4.400484],[-72.900804,4.400647]]}},{"type":"Feature","properties":{"linea":"231-2-100","parcela":"231-2","palmas":4},"geometry":{"type":"LineString","coordinates":[[-72.899895,4.398815],[-72.899895,4.398571]]}},{"type":"Feature","properties":{"linea":"231-2-101","parcela":"231-2","palmas":6},"geometry":{"type":"LineString","coordinates":[[-72.899824,4.398855],[-72.899825,4.398448]]}},{"type":"Feature","properties":{"linea":"231-2-102","parcela":"231-2","palmas":6},"geometry":{"type":"LineString","coordinates":[[-72.899754,4.398814],[-72.899755,4.398408]]}},{"type":"Feature","properties":{"linea":"231-2-103","parcela":"231-2","palmas":7},"geometry":{"type":"LineString","coordinates":[[-72.899684,4.398855],[-72.899685,4.398367]]}},{"type":"Feature","properties":{"linea":"231-2-104","parcela":"231-2","palmas":12},"geometry":{"type":"LineString","coordinates":[[-72.899614,4.398814],[-72.899616,4.397268]]}},{"type":"Feature","properties":{"linea":"231-2-105","parcela":"231-2","palmas":19},"geometry":{"type":"LineString","coordinates":[[-72.899544,4.398855],[-72.899547,4.396983]]}},{"type":"Feature","properties":{"linea":"231-2-106","parcela":"231-2","palmas":27},"geometry":{"type":"LineString","coordinates":[[-72.899474,4.398814],[-72.899477,4.396698]]}},{"type":"Feature","properties":{"linea":"231-2-107","parcela":"231-2","palmas":27},"geometry":{"type":"LineString","coordinates":[[-72.899403,4.398855],[-72.899407,4.396739]]}},{"type":"Feature","properties":{"linea":"231-2-108","parcela":"231-2","palmas":27},"geometry":{"type":"LineString","coordinates":[[-72.899333,4.398814],[-72.899336,4.396698]]}},{"type":"Feature","properties":{"linea":"231-2-109","parcela":"231-2","palmas":27},"geometry":{"type":"LineString","coordinates":[[-72.899263,4.398854],[-72.899266,4.396739]]}},{"type":"Feature","properties":{"linea":"231-2-110","parcela":"231-2","palmas":27},"geometry":{"type":"LineString","coordinates":[[-72.899193,4.398814],[-72.899196,4.396698]]}},{"type":"Feature","properties":{"linea":"231-2-111","parcela":"231-2","palmas":27},"geometry":{"type":"LineString","coordinates":[[-72.899123,4.398854],[-72.899126,4.396739]]}},{"type":"Feature","properties":{"linea":"231-2-112","parcela":"231-2","palmas":27},"geometry":{"type":"LineString","coordinates":[[-72.899052,4.398813],[-72.899056,4.396698]]}},{"type":"Feature","properties":{"linea":"231-2-113","parcela":"231-2","palmas":27},"geometry":{"type":"LineString","coordinates":[[-72.898982,4.398854],[-72.898985,4.396738]]}},{"type":"Feature","properties":{"linea":"231-2-114","parcela":"231-2","palmas":27},"geometry":{"type":"LineString","coordinates":[[-72.898912,4.398813],[-72.898915,4.396698]]}},{"type":"Feature","properties":{"linea":"231-2-115","parcela":"231-2","palmas":27},"geometry":{"type":"LineString","coordinates":[[-72.898842,4.398854],[-72.898845,4.396738]]}},{"type":"Feature","properties":{"linea":"231-2-116","parcela":"231-2","palmas":27},"geometry":{"type":"LineString","coordinates":[[-72.898771,4.398813],[-72.898775,4.396697]]}},{"type":"Feature","properties":{"linea":"231-2-117","parcela":"231-2","palmas":27},"geometry":{"type":"LineString","coordinates":[[-72.898701,4.398854],[-72.898704,4.396738]]}},{"type":"Feature","properties":{"linea":"231-2-118","parcela":"231-2","palmas":27},"geometry":{"type":"LineString","coordinates":[[-72.898631,4.398813],[-72.898634,4.396697]]}},{"type":"Feature","properties":{"linea":"231-2-119","parcela":"231-2","palmas":27},"geometry":{"type":"LineString","coordinates":[[-72.898561,4.398853],[-72.898564,4.396738]]}},{"type":"Feature","properties":{"linea":"231-2-120","parcela":"231-2","palmas":27},"geometry":{"type":"LineString","coordinates":[[-72.898491,4.398813],[-72.898494,4.396697]]}},{"type":"Feature","properties":{"linea":"231-2-121","parcela":"231-2","palmas":27},"geometry":{"type":"LineString","coordinates":[[-72.89842,4.398853],[-72.898424,4.396738]]}},{"type":"Feature","properties":{"linea":"231-2-122","parcela":"231-2","palmas":27},"geometry":{"type":"LineString","coordinates":[[-72.89835,4.398812],[-72.898354,4.396697]]}},{"type":"Feature","properties":{"linea":"231-2-123","parcela":"231-2","palmas":27},"geometry":{"type":"LineString","coordinates":[[-72.89828,4.398853],[-72.898283,4.396737]]}},{"type":"Feature","properties":{"linea":"231-2-124","parcela":"231-2","palmas":27},"geometry":{"type":"LineString","coordinates":[[-72.89821,4.398812],[-72.898213,4.396696]]}},{"type":"Feature","properties":{"linea":"231-2-125","parcela":"231-2","palmas":27},"geometry":{"type":"LineString","coordinates":[[-72.898139,4.398853],[-72.898143,4.396737]]}},{"type":"Feature","properties":{"linea":"231-2-126","parcela":"231-2","palmas":27},"geometry":{"type":"LineString","coordinates":[[-72.898069,4.398812],[-72.898073,4.396696]]}},{"type":"Feature","properties":{"linea":"231-2-127","parcela":"231-2","palmas":27},"geometry":{"type":"LineString","coordinates":[[-72.897999,4.398853],[-72.898003,4.396737]]}},{"type":"Feature","properties":{"linea":"231-2-128","parcela":"231-2","palmas":27},"geometry":{"type":"LineString","coordinates":[[-72.897929,4.398812],[-72.897932,4.396696]]}},{"type":"Feature","properties":{"linea":"231-2-129","parcela":"231-2","palmas":27},"geometry":{"type":"LineString","coordinates":[[-72.897859,4.398852],[-72.897862,4.396736]]}},{"type":"Feature","properties":{"linea":"231-2-130","parcela":"231-2","palmas":27},"geometry":{"type":"LineString","coordinates":[[-72.897789,4.398811],[-72.897792,4.396696]]}},{"type":"Feature","properties":{"linea":"231-2-131","parcela":"231-2","palmas":27},"geometry":{"type":"LineString","coordinates":[[-72.897718,4.398852],[-72.897722,4.396736]]}},{"type":"Feature","properties":{"linea":"231-2-132","parcela":"231-2","palmas":27},"geometry":{"type":"LineString","coordinates":[[-72.897648,4.398811],[-72.897651,4.396696]]}},{"type":"Feature","properties":{"linea":"231-2-133","parcela":"231-2","palmas":27},"geometry":{"type":"LineString","coordinates":[[-72.897578,4.398852],[-72.897581,4.396736]]}},{"type":"Feature","properties":{"linea":"231-2-134","parcela":"231-2","palmas":27},"geometry":{"type":"LineString","coordinates":[[-72.897508,4.398811],[-72.897511,4.396695]]}},{"type":"Feature","properties":{"linea":"231-2-135","parcela":"231-2","palmas":27},"geometry":{"type":"LineString","coordinates":[[-72.897438,4.398851],[-72.897441,4.396736]]}},{"type":"Feature","properties":{"linea":"231-2-136","parcela":"231-2","palmas":27},"geometry":{"type":"LineString","coordinates":[[-72.897367,4.398811],[-72.897371,4.396695]]}},{"type":"Feature","properties":{"linea":"231-2-137","parcela":"231-2","palmas":27},"geometry":{"type":"LineString","coordinates":[[-72.897297,4.398851],[-72.8973,4.396736]]}},{"type":"Feature","properties":{"linea":"231-2-138","parcela":"231-2","palmas":27},"geometry":{"type":"LineString","coordinates":[[-72.897227,4.398811],[-72.89723,4.396695]]}},{"type":"Feature","properties":{"linea":"231-2-139","parcela":"231-2","palmas":27},"geometry":{"type":"LineString","coordinates":[[-72.897157,4.398851],[-72.89716,4.396735]]}},{"type":"Feature","properties":{"linea":"231-2-140","parcela":"231-2","palmas":27},"geometry":{"type":"LineString","coordinates":[[-72.897086,4.39881],[-72.89709,4.396694]]}},{"type":"Feature","properties":{"linea":"231-2-141","parcela":"231-2","palmas":27},"geometry":{"type":"LineString","coordinates":[[-72.897016,4.398851],[-72.897019,4.396735]]}},{"type":"Feature","properties":{"linea":"231-2-142","parcela":"231-2","palmas":27},"geometry":{"type":"LineString","coordinates":[[-72.896946,4.39881],[-72.896949,4.396694]]}},{"type":"Feature","properties":{"linea":"231-2-143","parcela":"231-2","palmas":27},"geometry":{"type":"LineString","coordinates":[[-72.896876,4.398851],[-72.896879,4.396735]]}},{"type":"Feature","properties":{"linea":"231-2-144","parcela":"231-2","palmas":27},"geometry":{"type":"LineString","coordinates":[[-72.896806,4.39881],[-72.896809,4.396694]]}},{"type":"Feature","properties":{"linea":"231-2-145","parcela":"231-2","palmas":27},"geometry":{"type":"LineString","coordinates":[[-72.896735,4.39885],[-72.896739,4.396735]]}},{"type":"Feature","properties":{"linea":"231-2-146","parcela":"231-2","palmas":27},"geometry":{"type":"LineString","coordinates":[[-72.896665,4.398809],[-72.896669,4.396694]]}},{"type":"Feature","properties":{"linea":"231-2-147","parcela":"231-2","palmas":27},"geometry":{"type":"LineString","coordinates":[[-72.896595,4.39885],[-72.896598,4.396734]]}},{"type":"Feature","properties":{"linea":"231-2-148","parcela":"231-2","palmas":27},"geometry":{"type":"LineString","coordinates":[[-72.896525,4.398809],[-72.896528,4.396694]]}},{"type":"Feature","properties":{"linea":"231-2-149","parcela":"231-2","palmas":27},"geometry":{"type":"LineString","coordinates":[[-72.896454,4.39885],[-72.896458,4.396734]]}},{"type":"Feature","properties":{"linea":"231-2-150","parcela":"231-2","palmas":27},"geometry":{"type":"LineString","coordinates":[[-72.896384,4.398809],[-72.896388,4.396693]]}},{"type":"Feature","properties":{"linea":"231-2-151","parcela":"231-2","palmas":27},"geometry":{"type":"LineString","coordinates":[[-72.896314,4.39885],[-72.896318,4.396734]]}},{"type":"Feature","properties":{"linea":"231-2-152","parcela":"231-2","palmas":27},"geometry":{"type":"LineString","coordinates":[[-72.896244,4.398809],[-72.896247,4.396693]]}},{"type":"Feature","properties":{"linea":"231-2-153","parcela":"231-2","palmas":27},"geometry":{"type":"LineString","coordinates":[[-72.896174,4.398849],[-72.896177,4.396734]]}},{"type":"Feature","properties":{"linea":"231-2-154","parcela":"231-2","palmas":27},"geometry":{"type":"LineString","coordinates":[[-72.896104,4.398809],[-72.896107,4.396693]]}},{"type":"Feature","properties":{"linea":"231-2-155","parcela":"231-2","palmas":27},"geometry":{"type":"LineString","coordinates":[[-72.896033,4.398849],[-72.896037,4.396734]]}},{"type":"Feature","properties":{"linea":"231-2-156","parcela":"231-2","palmas":27},"geometry":{"type":"LineString","coordinates":[[-72.895963,4.398808],[-72.895966,4.396693]]}},{"type":"Feature","properties":{"linea":"231-2-157","parcela":"231-2","palmas":27},"geometry":{"type":"LineString","coordinates":[[-72.895893,4.398849],[-72.895896,4.396733]]}},{"type":"Feature","properties":{"linea":"231-2-158","parcela":"231-2","palmas":27},"geometry":{"type":"LineString","coordinates":[[-72.895823,4.398808],[-72.895826,4.396693]]}},{"type":"Feature","properties":{"linea":"231-2-159","parcela":"231-2","palmas":27},"geometry":{"type":"LineString","coordinates":[[-72.895753,4.398849],[-72.895756,4.396733]]}},{"type":"Feature","properties":{"linea":"231-2-160","parcela":"231-2","palmas":27},"geometry":{"type":"LineString","coordinates":[[-72.895682,4.398808],[-72.895686,4.396692]]}},{"type":"Feature","properties":{"linea":"231-2-161","parcela":"231-2","palmas":27},"geometry":{"type":"LineString","coordinates":[[-72.895612,4.398849],[-72.895615,4.396733]]}},{"type":"Feature","properties":{"linea":"231-2-162","parcela":"231-2","palmas":27},"geometry":{"type":"LineString","coordinates":[[-72.895542,4.398808],[-72.895545,4.396692]]}},{"type":"Feature","properties":{"linea":"231-2-163","parcela":"231-2","palmas":27},"geometry":{"type":"LineString","coordinates":[[-72.895472,4.398848],[-72.895475,4.396733]]}},{"type":"Feature","properties":{"linea":"231-2-164","parcela":"231-2","palmas":27},"geometry":{"type":"LineString","coordinates":[[-72.895401,4.398808],[-72.895405,4.396692]]}},{"type":"Feature","properties":{"linea":"231-2-165","parcela":"231-2","palmas":27},"geometry":{"type":"LineString","coordinates":[[-72.895331,4.398848],[-72.895334,4.396733]]}},{"type":"Feature","properties":{"linea":"231-2-166","parcela":"231-2","palmas":27},"geometry":{"type":"LineString","coordinates":[[-72.895261,4.398807],[-72.895264,4.396692]]}},{"type":"Feature","properties":{"linea":"231-2-167","parcela":"231-2","palmas":27},"geometry":{"type":"LineString","coordinates":[[-72.895191,4.398848],[-72.895194,4.396732]]}},{"type":"Feature","properties":{"linea":"231-2-168","parcela":"231-2","palmas":27},"geometry":{"type":"LineString","coordinates":[[-72.895121,4.398807],[-72.895124,4.396691]]}},{"type":"Feature","properties":{"linea":"231-2-169","parcela":"231-2","palmas":27},"geometry":{"type":"LineString","coordinates":[[-72.89505,4.398848],[-72.895054,4.396732]]}},{"type":"Feature","properties":{"linea":"231-2-170","parcela":"231-2","palmas":27},"geometry":{"type":"LineString","coordinates":[[-72.89498,4.398807],[-72.894984,4.396691]]}},{"type":"Feature","properties":{"linea":"231-2-171","parcela":"231-2","palmas":27},"geometry":{"type":"LineString","coordinates":[[-72.89491,4.398848],[-72.894913,4.396732]]}},{"type":"Feature","properties":{"linea":"231-2-172","parcela":"231-2","palmas":25},"geometry":{"type":"LineString","coordinates":[[-72.89484,4.398807],[-72.894843,4.396854]]}},{"type":"Feature","properties":{"linea":"231-2-173","parcela":"231-2","palmas":24},"geometry":{"type":"LineString","coordinates":[[-72.894769,4.398847],[-72.894773,4.396976]]}},{"type":"Feature","properties":{"linea":"231-2-174","parcela":"231-2","palmas":20},"geometry":{"type":"LineString","coordinates":[[-72.894699,4.398806],[-72.894702,4.39726]]}},{"type":"Feature","properties":{"linea":"231-2-175","parcela":"231-2","palmas":17},"geometry":{"type":"LineString","coordinates":[[-72.894629,4.398847],[-72.894631,4.397545]]}},{"type":"Feature","properties":{"linea":"231-2-176","parcela":"231-2","palmas":14},"geometry":{"type":"LineString","coordinates":[[-72.894559,4.398806],[-72.894561,4.397748]]}},{"type":"Feature","properties":{"linea":"231-2-177","parcela":"231-2","palmas":11},"geometry":{"type":"LineString","coordinates":[[-72.894489,4.398847],[-72.89449,4.398033]]}},{"type":"Feature","properties":{"linea":"231-2-178","parcela":"231-2","palmas":9},"geometry":{"type":"LineString","coordinates":[[-72.894419,4.398806],[-72.89442,4.398155]]}},{"type":"Feature","properties":{"linea":"231-3-1","parcela":"231-3","palmas":4},"geometry":{"type":"LineString","coordinates":[[-72.894422,4.402691],[-72.894422,4.402936]]}},{"type":"Feature","properties":{"linea":"231-3-2","parcela":"231-3","palmas":7},"geometry":{"type":"LineString","coordinates":[[-72.894492,4.402651],[-72.894491,4.403139]]}},{"type":"Feature","properties":{"linea":"231-3-3","parcela":"231-3","palmas":8},"geometry":{"type":"LineString","coordinates":[[-72.894563,4.402692],[-72.894561,4.403261]]}},{"type":"Feature","properties":{"linea":"231-3-4","parcela":"231-3","palmas":10},"geometry":{"type":"LineString","coordinates":[[-72.894633,4.402651],[-72.894631,4.403384]]}},{"type":"Feature","properties":{"linea":"231-3-5","parcela":"231-3","palmas":10},"geometry":{"type":"LineString","coordinates":[[-72.894703,4.402692],[-72.894702,4.403424]]}},{"type":"Feature","properties":{"linea":"231-3-6","parcela":"231-3","palmas":12},"geometry":{"type":"LineString","coordinates":[[-72.894773,4.402651],[-72.894772,4.403546]]}},{"type":"Feature","properties":{"linea":"231-3-7","parcela":"231-3","palmas":12},"geometry":{"type":"LineString","coordinates":[[-72.894843,4.402692],[-72.894842,4.403587]]}},{"type":"Feature","properties":{"linea":"231-3-8","parcela":"231-3","palmas":14},"geometry":{"type":"LineString","coordinates":[[-72.894914,4.402652],[-72.894912,4.403709]]}},{"type":"Feature","properties":{"linea":"231-3-9","parcela":"231-3","palmas":14},"geometry":{"type":"LineString","coordinates":[[-72.894984,4.402693],[-72.894982,4.40375]]}},{"type":"Feature","properties":{"linea":"231-3-10","parcela":"231-3","palmas":16},"geometry":{"type":"LineString","coordinates":[[-72.895054,4.402652],[-72.895052,4.403873]]}},{"type":"Feature","properties":{"linea":"231-3-11","parcela":"231-3","palmas":17},"geometry":{"type":"LineString","coordinates":[[-72.895124,4.402693],[-72.895122,4.403994]]}},{"type":"Feature","properties":{"linea":"231-3-12","parcela":"231-3","palmas":18},"geometry":{"type":"LineString","coordinates":[[-72.895194,4.402652],[-72.895192,4.404035]]}},{"type":"Feature","properties":{"linea":"231-3-13","parcela":"231-3","palmas":19},"geometry":{"type":"LineString","coordinates":[[-72.895264,4.402693],[-72.895262,4.404158]]}},{"type":"Feature","properties":{"linea":"231-3-14","parcela":"231-3","palmas":20},"geometry":{"type":"LineString","coordinates":[[-72.895335,4.402652],[-72.895332,4.404198]]}},{"type":"Feature","properties":{"linea":"231-3-15","parcela":"231-3","palmas":21},"geometry":{"type":"LineString","coordinates":[[-72.895405,4.402693],[-72.895402,4.404321]]}},{"type":"Feature","properties":{"linea":"231-3-16","parcela":"231-3","palmas":23},"geometry":{"type":"LineString","coordinates":[[-72.895475,4.402653],[-72.895472,4.404443]]}},{"type":"Feature","properties":{"linea":"231-3-17","parcela":"231-3","palmas":23},"geometry":{"type":"LineString","coordinates":[[-72.895545,4.402693],[-72.895543,4.404483]]}},{"type":"Feature","properties":{"linea":"231-3-18","parcela":"231-3","palmas":25},"geometry":{"type":"LineString","coordinates":[[-72.895616,4.402653],[-72.895613,4.404606]]}},{"type":"Feature","properties":{"linea":"231-3-19","parcela":"231-3","palmas":26},"geometry":{"type":"LineString","coordinates":[[-72.895686,4.402694],[-72.895683,4.404728]]}},{"type":"Feature","properties":{"linea":"231-3-20","parcela":"231-3","palmas":27},"geometry":{"type":"LineString","coordinates":[[-72.895756,4.402653],[-72.895753,4.404769]]}},{"type":"Feature","properties":{"linea":"231-3-21","parcela":"231-3","palmas":28},"geometry":{"type":"LineString","coordinates":[[-72.895826,4.402694],[-72.895823,4.404891]]}},{"type":"Feature","properties":{"linea":"231-3-22","parcela":"231-3","palmas":29},"geometry":{"type":"LineString","coordinates":[[-72.895896,4.402653],[-72.895893,4.404932]]}},{"type":"Feature","properties":{"linea":"231-3-23","parcela":"231-3","palmas":28},"geometry":{"type":"LineString","coordinates":[[-72.895967,4.402694],[-72.895963,4.404891]]}},{"type":"Feature","properties":{"linea":"231-3-24","parcela":"231-3","palmas":29},"geometry":{"type":"LineString","coordinates":[[-72.896037,4.402653],[-72.896033,4.404932]]}},{"type":"Feature","properties":{"linea":"231-3-25","parcela":"231-3","palmas":28},"geometry":{"type":"LineString","coordinates":[[-72.896107,4.402694],[-72.896104,4.404891]]}},{"type":"Feature","properties":{"linea":"231-3-26","parcela":"231-3","palmas":29},"geometry":{"type":"LineString","coordinates":[[-72.896177,4.402654],[-72.896174,4.404932]]}},{"type":"Feature","properties":{"linea":"231-3-27","parcela":"231-3","palmas":28},"geometry":{"type":"LineString","coordinates":[[-72.896248,4.402694],[-72.896244,4.404891]]}},{"type":"Feature","properties":{"linea":"231-3-28","parcela":"231-3","palmas":29},"geometry":{"type":"LineString","coordinates":[[-72.896318,4.402654],[-72.896314,4.404932]]}},{"type":"Feature","properties":{"linea":"231-3-29","parcela":"231-3","palmas":28},"geometry":{"type":"LineString","coordinates":[[-72.896388,4.402695],[-72.896384,4.404892]]}},{"type":"Feature","properties":{"linea":"231-3-30","parcela":"231-3","palmas":29},"geometry":{"type":"LineString","coordinates":[[-72.896458,4.402654],[-72.896454,4.404933]]}},{"type":"Feature","properties":{"linea":"231-3-31","parcela":"231-3","palmas":28},"geometry":{"type":"LineString","coordinates":[[-72.896528,4.402695],[-72.896525,4.404892]]}},{"type":"Feature","properties":{"linea":"231-3-32","parcela":"231-3","palmas":29},"geometry":{"type":"LineString","coordinates":[[-72.896599,4.402654],[-72.896595,4.404933]]}},{"type":"Feature","properties":{"linea":"231-3-33","parcela":"231-3","palmas":28},"geometry":{"type":"LineString","coordinates":[[-72.896669,4.402695],[-72.896665,4.404892]]}},{"type":"Feature","properties":{"linea":"231-3-34","parcela":"231-3","palmas":29},"geometry":{"type":"LineString","coordinates":[[-72.896739,4.402654],[-72.896735,4.404933]]}},{"type":"Feature","properties":{"linea":"231-3-35","parcela":"231-3","palmas":28},"geometry":{"type":"LineString","coordinates":[[-72.896809,4.402695],[-72.896806,4.404892]]}},{"type":"Feature","properties":{"linea":"231-3-36","parcela":"231-3","palmas":29},"geometry":{"type":"LineString","coordinates":[[-72.896879,4.402655],[-72.896876,4.404933]]}},{"type":"Feature","properties":{"linea":"231-3-37","parcela":"231-3","palmas":28},"geometry":{"type":"LineString","coordinates":[[-72.896949,4.402696],[-72.896946,4.404893]]}},{"type":"Feature","properties":{"linea":"231-3-38","parcela":"231-3","palmas":29},"geometry":{"type":"LineString","coordinates":[[-72.89702,4.402655],[-72.897016,4.404933]]}},{"type":"Feature","properties":{"linea":"231-3-39","parcela":"231-3","palmas":28},"geometry":{"type":"LineString","coordinates":[[-72.89709,4.402696],[-72.897086,4.404893]]}},{"type":"Feature","properties":{"linea":"231-3-40","parcela":"231-3","palmas":29},"geometry":{"type":"LineString","coordinates":[[-72.89716,4.402655],[-72.897157,4.404934]]}},{"type":"Feature","properties":{"linea":"231-3-41","parcela":"231-3","palmas":28},"geometry":{"type":"LineString","coordinates":[[-72.89723,4.402696],[-72.897227,4.404893]]}},{"type":"Feature","properties":{"linea":"231-3-42","parcela":"231-3","palmas":29},"geometry":{"type":"LineString","coordinates":[[-72.897301,4.402655],[-72.897297,4.404934]]}},{"type":"Feature","properties":{"linea":"231-3-43","parcela":"231-3","palmas":28},"geometry":{"type":"LineString","coordinates":[[-72.897371,4.402696],[-72.897367,4.404893]]}},{"type":"Feature","properties":{"linea":"231-3-44","parcela":"231-3","palmas":29},"geometry":{"type":"LineString","coordinates":[[-72.897441,4.402656],[-72.897438,4.404934]]}},{"type":"Feature","properties":{"linea":"231-3-45","parcela":"231-3","palmas":28},"geometry":{"type":"LineString","coordinates":[[-72.897511,4.402696],[-72.897508,4.404893]]}},{"type":"Feature","properties":{"linea":"231-3-46","parcela":"231-3","palmas":29},"geometry":{"type":"LineString","coordinates":[[-72.897581,4.402656],[-72.897578,4.404934]]}},{"type":"Feature","properties":{"linea":"231-3-47","parcela":"231-3","palmas":28},"geometry":{"type":"LineString","coordinates":[[-72.897652,4.402697],[-72.897648,4.404894]]}},{"type":"Feature","properties":{"linea":"231-3-48","parcela":"231-3","palmas":29},"geometry":{"type":"LineString","coordinates":[[-72.897722,4.402656],[-72.897718,4.404934]]}},{"type":"Feature","properties":{"linea":"231-3-49","parcela":"231-3","palmas":28},"geometry":{"type":"LineString","coordinates":[[-72.897792,4.402697],[-72.897789,4.404894]]}},{"type":"Feature","properties":{"linea":"231-3-50","parcela":"231-3","palmas":29},"geometry":{"type":"LineString","coordinates":[[-72.897862,4.402656],[-72.897859,4.404935]]}},{"type":"Feature","properties":{"linea":"231-3-51","parcela":"231-3","palmas":28},"geometry":{"type":"LineString","coordinates":[[-72.897933,4.402697],[-72.897929,4.404894]]}},{"type":"Feature","properties":{"linea":"231-3-52","parcela":"231-3","palmas":29},"geometry":{"type":"LineString","coordinates":[[-72.898003,4.402656],[-72.897999,4.404935]]}},{"type":"Feature","properties":{"linea":"231-3-53","parcela":"231-3","palmas":28},"geometry":{"type":"LineString","coordinates":[[-72.898073,4.402697],[-72.898069,4.404894]]}},{"type":"Feature","properties":{"linea":"231-3-54","parcela":"231-3","palmas":29},"geometry":{"type":"LineString","coordinates":[[-72.898143,4.402657],[-72.898139,4.404935]]}},{"type":"Feature","properties":{"linea":"231-3-55","parcela":"231-3","palmas":28},"geometry":{"type":"LineString","coordinates":[[-72.898213,4.402698],[-72.89821,4.404894]]}},{"type":"Feature","properties":{"linea":"231-3-56","parcela":"231-3","palmas":29},"geometry":{"type":"LineString","coordinates":[[-72.898283,4.402657],[-72.89828,4.404935]]}},{"type":"Feature","properties":{"linea":"231-3-57","parcela":"231-3","palmas":28},"geometry":{"type":"LineString","coordinates":[[-72.898354,4.402698],[-72.89835,4.404895]]}},{"type":"Feature","properties":{"linea":"231-3-58","parcela":"231-3","palmas":29},"geometry":{"type":"LineString","coordinates":[[-72.898424,4.402657],[-72.89842,4.404936]]}},{"type":"Feature","properties":{"linea":"231-3-59","parcela":"231-3","palmas":28},"geometry":{"type":"LineString","coordinates":[[-72.898494,4.402698],[-72.898491,4.404895]]}},{"type":"Feature","properties":{"linea":"231-3-60","parcela":"231-3","palmas":29},"geometry":{"type":"LineString","coordinates":[[-72.898564,4.402658],[-72.898561,4.404936]]}},{"type":"Feature","properties":{"linea":"231-3-61","parcela":"231-3","palmas":28},"geometry":{"type":"LineString","coordinates":[[-72.898634,4.402698],[-72.898631,4.404895]]}},{"type":"Feature","properties":{"linea":"231-3-62","parcela":"231-3","palmas":29},"geometry":{"type":"LineString","coordinates":[[-72.898705,4.402658],[-72.898701,4.404936]]}},{"type":"Feature","properties":{"linea":"231-3-63","parcela":"231-3","palmas":28},"geometry":{"type":"LineString","coordinates":[[-72.898775,4.402698],[-72.898771,4.404896]]}},{"type":"Feature","properties":{"linea":"231-3-64","parcela":"231-3","palmas":29},"geometry":{"type":"LineString","coordinates":[[-72.898845,4.402658],[-72.898842,4.404936]]}},{"type":"Feature","properties":{"linea":"231-3-65","parcela":"231-3","palmas":28},"geometry":{"type":"LineString","coordinates":[[-72.898915,4.402699],[-72.898912,4.404896]]}},{"type":"Feature","properties":{"linea":"231-3-66","parcela":"231-3","palmas":29},"geometry":{"type":"LineString","coordinates":[[-72.898986,4.402658],[-72.898982,4.404936]]}},{"type":"Feature","properties":{"linea":"231-3-67","parcela":"231-3","palmas":28},"geometry":{"type":"LineString","coordinates":[[-72.899056,4.402699],[-72.899052,4.404896]]}},{"type":"Feature","properties":{"linea":"231-3-68","parcela":"231-3","palmas":29},"geometry":{"type":"LineString","coordinates":[[-72.899126,4.402658],[-72.899123,4.404937]]}},{"type":"Feature","properties":{"linea":"231-3-69","parcela":"231-3","palmas":28},"geometry":{"type":"LineString","coordinates":[[-72.899196,4.402699],[-72.899193,4.404896]]}},{"type":"Feature","properties":{"linea":"231-3-70","parcela":"231-3","palmas":29},"geometry":{"type":"LineString","coordinates":[[-72.899266,4.402659],[-72.899263,4.404937]]}},{"type":"Feature","properties":{"linea":"231-3-71","parcela":"231-3","palmas":28},"geometry":{"type":"LineString","coordinates":[[-72.899336,4.402699],[-72.899333,4.404896]]}},{"type":"Feature","properties":{"linea":"231-3-72","parcela":"231-3","palmas":29},"geometry":{"type":"LineString","coordinates":[[-72.899407,4.402659],[-72.899403,4.404937]]}},{"type":"Feature","properties":{"linea":"231-3-73","parcela":"231-3","palmas":28},"geometry":{"type":"LineString","coordinates":[[-72.899477,4.402699],[-72.899474,4.404897]]}},{"type":"Feature","properties":{"linea":"231-3-74","parcela":"231-3","palmas":29},"geometry":{"type":"LineString","coordinates":[[-72.899547,4.402659],[-72.899544,4.404937]]}},{"type":"Feature","properties":{"linea":"231-3-75","parcela":"231-3","palmas":28},"geometry":{"type":"LineString","coordinates":[[-72.899617,4.4027],[-72.899614,4.404897]]}},{"type":"Feature","properties":{"linea":"231-3-76","parcela":"231-3","palmas":29},"geometry":{"type":"LineString","coordinates":[[-72.899688,4.402659],[-72.899684,4.404937]]}},{"type":"Feature","properties":{"linea":"231-3-77","parcela":"231-3","palmas":28},"geometry":{"type":"LineString","coordinates":[[-72.899758,4.4027],[-72.899754,4.404897]]}},{"type":"Feature","properties":{"linea":"231-3-78","parcela":"231-3","palmas":29},"geometry":{"type":"LineString","coordinates":[[-72.899828,4.402659],[-72.899824,4.404938]]}},{"type":"Feature","properties":{"linea":"231-3-79","parcela":"231-3","palmas":28},"geometry":{"type":"LineString","coordinates":[[-72.899898,4.4027],[-72.899895,4.404897]]}},{"type":"Feature","properties":{"linea":"231-3-80","parcela":"231-3","palmas":29},"geometry":{"type":"LineString","coordinates":[[-72.899968,4.40266],[-72.899965,4.404938]]}},{"type":"Feature","properties":{"linea":"231-3-81","parcela":"231-3","palmas":28},"geometry":{"type":"LineString","coordinates":[[-72.900039,4.402701],[-72.900035,4.404898]]}},{"type":"Feature","properties":{"linea":"231-3-82","parcela":"231-3","palmas":29},"geometry":{"type":"LineString","coordinates":[[-72.900109,4.40266],[-72.900105,4.404938]]}},{"type":"Feature","properties":{"linea":"231-3-83","parcela":"231-3","palmas":28},"geometry":{"type":"LineString","coordinates":[[-72.900179,4.402701],[-72.900176,4.404898]]}},{"type":"Feature","properties":{"linea":"231-3-84","parcela":"231-3","palmas":29},"geometry":{"type":"LineString","coordinates":[[-72.900249,4.40266],[-72.900246,4.404939]]}},{"type":"Feature","properties":{"linea":"231-3-85","parcela":"231-3","palmas":28},"geometry":{"type":"LineString","coordinates":[[-72.900319,4.402701],[-72.900316,4.404898]]}},{"type":"Feature","properties":{"linea":"231-3-86","parcela":"231-3","palmas":29},"geometry":{"type":"LineString","coordinates":[[-72.90039,4.40266],[-72.900386,4.404939]]}},{"type":"Feature","properties":{"linea":"231-3-87","parcela":"231-3","palmas":28},"geometry":{"type":"LineString","coordinates":[[-72.90046,4.402701],[-72.900456,4.404898]]}},{"type":"Feature","properties":{"linea":"231-3-88","parcela":"231-3","palmas":28},"geometry":{"type":"LineString","coordinates":[[-72.90053,4.402661],[-72.900527,4.404858]]}},{"type":"Feature","properties":{"linea":"231-3-89","parcela":"231-3","palmas":27},"geometry":{"type":"LineString","coordinates":[[-72.9006,4.402701],[-72.900597,4.404817]]}},{"type":"Feature","properties":{"linea":"231-3-90","parcela":"231-3","palmas":24},"geometry":{"type":"LineString","coordinates":[[-72.900671,4.402661],[-72.900668,4.404532]]}},{"type":"Feature","properties":{"linea":"231-3-91","parcela":"231-3","palmas":24},"geometry":{"type":"LineString","coordinates":[[-72.900741,4.402702],[-72.900738,4.404573]]}},{"type":"Feature","properties":{"linea":"231-3-92","parcela":"231-3","palmas":24},"geometry":{"type":"LineString","coordinates":[[-72.900811,4.402661],[-72.900808,4.404533]]}},{"type":"Feature","properties":{"linea":"231-3-93","parcela":"231-3","palmas":24},"geometry":{"type":"LineString","coordinates":[[-72.900881,4.402702],[-72.900878,4.404573]]}},{"type":"Feature","properties":{"linea":"231-3-94","parcela":"231-3","palmas":24},"geometry":{"type":"LineString","coordinates":[[-72.900951,4.402661],[-72.900948,4.404533]]}},{"type":"Feature","properties":{"linea":"231-3-95","parcela":"231-3","palmas":28},"geometry":{"type":"LineString","coordinates":[[-72.901021,4.402702],[-72.901018,4.404899]]}},{"type":"Feature","properties":{"linea":"231-3-96","parcela":"231-3","palmas":29},"geometry":{"type":"LineString","coordinates":[[-72.901092,4.402661],[-72.901088,4.40494]]}},{"type":"Feature","properties":{"linea":"231-3-97","parcela":"231-3","palmas":28},"geometry":{"type":"LineString","coordinates":[[-72.901162,4.402702],[-72.901158,4.404899]]}},{"type":"Feature","properties":{"linea":"231-3-98","parcela":"231-3","palmas":29},"geometry":{"type":"LineString","coordinates":[[-72.901232,4.402662],[-72.901229,4.40494]]}},{"type":"Feature","properties":{"linea":"231-3-99","parcela":"231-3","palmas":28},"geometry":{"type":"LineString","coordinates":[[-72.901302,4.402703],[-72.901299,4.404899]]}},{"type":"Feature","properties":{"linea":"231-3-100","parcela":"231-3","palmas":29},"geometry":{"type":"LineString","coordinates":[[-72.901373,4.402662],[-72.901369,4.40494]]}},{"type":"Feature","properties":{"linea":"231-3-101","parcela":"231-3","palmas":28},"geometry":{"type":"LineString","coordinates":[[-72.901443,4.402703],[-72.901439,4.4049]]}},{"type":"Feature","properties":{"linea":"231-3-102","parcela":"231-3","palmas":27},"geometry":{"type":"LineString","coordinates":[[-72.901513,4.402825],[-72.901509,4.404941]]}},{"type":"Feature","properties":{"linea":"231-3-103","parcela":"231-3","palmas":24},"geometry":{"type":"LineString","coordinates":[[-72.901583,4.403028],[-72.90158,4.4049]]}},{"type":"Feature","properties":{"linea":"231-3-104","parcela":"231-3","palmas":21},"geometry":{"type":"LineString","coordinates":[[-72.901653,4.403313],[-72.90165,4.404941]]}},{"type":"Feature","properties":{"linea":"231-3-105","parcela":"231-3","palmas":18},"geometry":{"type":"LineString","coordinates":[[-72.901722,4.403517],[-72.90172,4.4049]]}},{"type":"Feature","properties":{"linea":"231-3-106","parcela":"231-3","palmas":12},"geometry":{"type":"LineString","coordinates":[[-72.901792,4.403964],[-72.90179,4.404859]]}},{"type":"Feature","properties":{"linea":"231-3-107","parcela":"231-3","palmas":8},"geometry":{"type":"LineString","coordinates":[[-72.901862,4.404249],[-72.901861,4.404819]]}},{"type":"Feature","properties":{"linea":"231-3-108","parcela":"231-3","palmas":5},"geometry":{"type":"LineString","coordinates":[[-72.901931,4.404453],[-72.901931,4.404778]]}},{"type":"Feature","properties":{"linea":"231-3-110","parcela":"231-3","palmas":4},"geometry":{"type":"LineString","coordinates":[[-72.901373,4.402581],[-72.901373,4.402336]]}},{"type":"Feature","properties":{"linea":"231-3-111","parcela":"231-3","palmas":6},"geometry":{"type":"LineString","coordinates":[[-72.901302,4.40254],[-72.901303,4.402133]]}},{"type":"Feature","properties":{"linea":"231-3-112","parcela":"231-3","palmas":9},"geometry":{"type":"LineString","coordinates":[[-72.901232,4.40258],[-72.901233,4.401929]]}},{"type":"Feature","properties":{"linea":"231-3-113","parcela":"231-3","palmas":13},"geometry":{"type":"LineString","coordinates":[[-72.901162,4.402539],[-72.901164,4.401563]]}},{"type":"Feature","properties":{"linea":"231-3-114","parcela":"231-3","palmas":16},"geometry":{"type":"LineString","coordinates":[[-72.901092,4.40258],[-72.901094,4.401359]]}},{"type":"Feature","properties":{"linea":"231-3-115","parcela":"231-3","palmas":19},"geometry":{"type":"LineString","coordinates":[[-72.901022,4.402539],[-72.901024,4.401074]]}},{"type":"Feature","properties":{"linea":"231-3-116","parcela":"231-3","palmas":21},"geometry":{"type":"LineString","coordinates":[[-72.900951,4.40258],[-72.900954,4.400953]]}},{"type":"Feature","properties":{"linea":"231-3-117","parcela":"231-3","palmas":23},"geometry":{"type":"LineString","coordinates":[[-72.900881,4.402539],[-72.900884,4.400749]]}},{"type":"Feature","properties":{"linea":"231-3-118","parcela":"231-3","palmas":23},"geometry":{"type":"LineString","coordinates":[[-72.900811,4.40258],[-72.900814,4.400789]]}},{"type":"Feature","properties":{"linea":"231-3-119","parcela":"231-3","palmas":23},"geometry":{"type":"LineString","coordinates":[[-72.900741,4.402539],[-72.900744,4.400749]]}},{"type":"Feature","properties":{"linea":"231-3-120","parcela":"231-3","palmas":23},"geometry":{"type":"LineString","coordinates":[[-72.900671,4.402579],[-72.900673,4.400789]]}},{"type":"Feature","properties":{"linea":"231-3-121","parcela":"231-3","palmas":23},"geometry":{"type":"LineString","coordinates":[[-72.900601,4.402539],[-72.900603,4.400748]]}},{"type":"Feature","properties":{"linea":"231-3-122","parcela":"231-3","palmas":23},"geometry":{"type":"LineString","coordinates":[[-72.90053,4.402579],[-72.900533,4.400789]]}},{"type":"Feature","properties":{"linea":"231-3-123","parcela":"231-3","palmas":23},"geometry":{"type":"LineString","coordinates":[[-72.90046,4.402538],[-72.900463,4.400748]]}},{"type":"Feature","properties":{"linea":"231-3-124","parcela":"231-3","palmas":23},"geometry":{"type":"LineString","coordinates":[[-72.90039,4.402579],[-72.900393,4.400789]]}},{"type":"Feature","properties":{"linea":"231-3-125","parcela":"231-3","palmas":23},"geometry":{"type":"LineString","coordinates":[[-72.90032,4.402538],[-72.900323,4.400748]]}},{"type":"Feature","properties":{"linea":"231-3-126","parcela":"231-3","palmas":23},"geometry":{"type":"LineString","coordinates":[[-72.900249,4.402579],[-72.900252,4.400789]]}},{"type":"Feature","properties":{"linea":"231-3-127","parcela":"231-3","palmas":23},"geometry":{"type":"LineString","coordinates":[[-72.900179,4.402538],[-72.900182,4.400748]]}},{"type":"Feature","properties":{"linea":"231-3-128","parcela":"231-3","palmas":23},"geometry":{"type":"LineString","coordinates":[[-72.900109,4.402579],[-72.900112,4.400788]]}},{"type":"Feature","properties":{"linea":"231-3-129","parcela":"231-3","palmas":23},"geometry":{"type":"LineString","coordinates":[[-72.900039,4.402538],[-72.900042,4.400748]]}},{"type":"Feature","properties":{"linea":"231-3-130","parcela":"231-3","palmas":23},"geometry":{"type":"LineString","coordinates":[[-72.899969,4.402578],[-72.899971,4.400788]]}},{"type":"Feature","properties":{"linea":"231-3-131","parcela":"231-3","palmas":23},"geometry":{"type":"LineString","coordinates":[[-72.899898,4.402538],[-72.899901,4.400747]]}},{"type":"Feature","properties":{"linea":"231-3-132","parcela":"231-3","palmas":23},"geometry":{"type":"LineString","coordinates":[[-72.899828,4.402578],[-72.899831,4.400788]]}},{"type":"Feature","properties":{"linea":"231-3-133","parcela":"231-3","palmas":23},"geometry":{"type":"LineString","coordinates":[[-72.899758,4.402537],[-72.899761,4.400747]]}},{"type":"Feature","properties":{"linea":"231-3-134","parcela":"231-3","palmas":23},"geometry":{"type":"LineString","coordinates":[[-72.899688,4.402578],[-72.899691,4.400788]]}},{"type":"Feature","properties":{"linea":"231-3-135","parcela":"231-3","palmas":23},"geometry":{"type":"LineString","coordinates":[[-72.899618,4.402537],[-72.899621,4.400747]]}},{"type":"Feature","properties":{"linea":"231-3-136","parcela":"231-3","palmas":23},"geometry":{"type":"LineString","coordinates":[[-72.899547,4.402578],[-72.89955,4.400788]]}},{"type":"Feature","properties":{"linea":"231-3-137","parcela":"231-3","palmas":23},"geometry":{"type":"LineString","coordinates":[[-72.899477,4.402537],[-72.89948,4.400747]]}},{"type":"Feature","properties":{"linea":"231-3-138","parcela":"231-3","palmas":23},"geometry":{"type":"LineString","coordinates":[[-72.899407,4.402578],[-72.89941,4.400787]]}},{"type":"Feature","properties":{"linea":"231-3-139","parcela":"231-3","palmas":23},"geometry":{"type":"LineString","coordinates":[[-72.899337,4.402537],[-72.89934,4.400746]]}},{"type":"Feature","properties":{"linea":"231-3-140","parcela":"231-3","palmas":23},"geometry":{"type":"LineString","coordinates":[[-72.899266,4.402577],[-72.899269,4.400787]]}},{"type":"Feature","properties":{"linea":"231-3-141","parcela":"231-3","palmas":23},"geometry":{"type":"LineString","coordinates":[[-72.899196,4.402536],[-72.899199,4.400746]]}},{"type":"Feature","properties":{"linea":"231-3-142","parcela":"231-3","palmas":23},"geometry":{"type":"LineString","coordinates":[[-72.899126,4.402577],[-72.899129,4.400787]]}},{"type":"Feature","properties":{"linea":"231-3-143","parcela":"231-3","palmas":23},"geometry":{"type":"LineString","coordinates":[[-72.899056,4.402536],[-72.899059,4.400746]]}},{"type":"Feature","properties":{"linea":"231-3-144","parcela":"231-3","palmas":23},"geometry":{"type":"LineString","coordinates":[[-72.898986,4.402577],[-72.898989,4.400786]]}},{"type":"Feature","properties":{"linea":"231-3-145","parcela":"231-3","palmas":23},"geometry":{"type":"LineString","coordinates":[[-72.898916,4.402536],[-72.898918,4.400746]]}},{"type":"Feature","properties":{"linea":"231-3-146","parcela":"231-3","palmas":23},"geometry":{"type":"LineString","coordinates":[[-72.898845,4.402576],[-72.898848,4.400786]]}},{"type":"Feature","properties":{"linea":"231-3-147","parcela":"231-3","palmas":23},"geometry":{"type":"LineString","coordinates":[[-72.898775,4.402536],[-72.898778,4.400746]]}},{"type":"Feature","properties":{"linea":"231-3-148","parcela":"231-3","palmas":23},"geometry":{"type":"LineString","coordinates":[[-72.898705,4.402576],[-72.898708,4.400786]]}},{"type":"Feature","properties":{"linea":"231-3-149","parcela":"231-3","palmas":23},"geometry":{"type":"LineString","coordinates":[[-72.898635,4.402536],[-72.898638,4.400745]]}},{"type":"Feature","properties":{"linea":"231-3-150","parcela":"231-3","palmas":23},"geometry":{"type":"LineString","coordinates":[[-72.898564,4.402576],[-72.898567,4.400786]]}},{"type":"Feature","properties":{"linea":"231-3-151","parcela":"231-3","palmas":23},"geometry":{"type":"LineString","coordinates":[[-72.898494,4.402535],[-72.898497,4.400745]]}},{"type":"Feature","properties":{"linea":"231-3-152","parcela":"231-3","palmas":23},"geometry":{"type":"LineString","coordinates":[[-72.898424,4.402576],[-72.898427,4.400786]]}},{"type":"Feature","properties":{"linea":"231-3-153","parcela":"231-3","palmas":23},"geometry":{"type":"LineString","coordinates":[[-72.898354,4.402535],[-72.898357,4.400745]]}},{"type":"Feature","properties":{"linea":"231-3-154","parcela":"231-3","palmas":23},"geometry":{"type":"LineString","coordinates":[[-72.898284,4.402576],[-72.898286,4.400785]]}},{"type":"Feature","properties":{"linea":"231-3-155","parcela":"231-3","palmas":23},"geometry":{"type":"LineString","coordinates":[[-72.898213,4.402535],[-72.898216,4.400745]]}},{"type":"Feature","properties":{"linea":"231-3-156","parcela":"231-3","palmas":23},"geometry":{"type":"LineString","coordinates":[[-72.898143,4.402575],[-72.898146,4.400785]]}},{"type":"Feature","properties":{"linea":"231-3-157","parcela":"231-3","palmas":23},"geometry":{"type":"LineString","coordinates":[[-72.898073,4.402534],[-72.898076,4.400744]]}},{"type":"Feature","properties":{"linea":"231-3-158","parcela":"231-3","palmas":23},"geometry":{"type":"LineString","coordinates":[[-72.898003,4.402575],[-72.898006,4.400785]]}},{"type":"Feature","properties":{"linea":"231-3-159","parcela":"231-3","palmas":23},"geometry":{"type":"LineString","coordinates":[[-72.897933,4.402534],[-72.897936,4.400744]]}},{"type":"Feature","properties":{"linea":"231-3-160","parcela":"231-3","palmas":23},"geometry":{"type":"LineString","coordinates":[[-72.897862,4.402575],[-72.897865,4.400785]]}},{"type":"Feature","properties":{"linea":"231-3-161","parcela":"231-3","palmas":23},"geometry":{"type":"LineString","coordinates":[[-72.897792,4.402534],[-72.897795,4.400744]]}},{"type":"Feature","properties":{"linea":"231-3-162","parcela":"231-3","palmas":23},"geometry":{"type":"LineString","coordinates":[[-72.897722,4.402575],[-72.897725,4.400784]]}},{"type":"Feature","properties":{"linea":"231-3-163","parcela":"231-3","palmas":23},"geometry":{"type":"LineString","coordinates":[[-72.897652,4.402534],[-72.897655,4.400744]]}},{"type":"Feature","properties":{"linea":"231-3-164","parcela":"231-3","palmas":23},"geometry":{"type":"LineString","coordinates":[[-72.897581,4.402574],[-72.897584,4.400784]]}},{"type":"Feature","properties":{"linea":"231-3-165","parcela":"231-3","palmas":23},"geometry":{"type":"LineString","coordinates":[[-72.897511,4.402534],[-72.897514,4.400744]]}},{"type":"Feature","properties":{"linea":"231-3-166","parcela":"231-3","palmas":23},"geometry":{"type":"LineString","coordinates":[[-72.897441,4.402574],[-72.897444,4.400784]]}},{"type":"Feature","properties":{"linea":"231-3-167","parcela":"231-3","palmas":23},"geometry":{"type":"LineString","coordinates":[[-72.897371,4.402533],[-72.897374,4.400743]]}},{"type":"Feature","properties":{"linea":"231-3-168","parcela":"231-3","palmas":23},"geometry":{"type":"LineString","coordinates":[[-72.897301,4.402574],[-72.897304,4.400784]]}},{"type":"Feature","properties":{"linea":"231-3-169","parcela":"231-3","palmas":23},"geometry":{"type":"LineString","coordinates":[[-72.897231,4.402533],[-72.897233,4.400743]]}},{"type":"Feature","properties":{"linea":"231-3-170","parcela":"231-3","palmas":23},"geometry":{"type":"LineString","coordinates":[[-72.89716,4.402574],[-72.897163,4.400784]]}},{"type":"Feature","properties":{"linea":"231-3-171","parcela":"231-3","palmas":23},"geometry":{"type":"LineString","coordinates":[[-72.89709,4.402533],[-72.897093,4.400743]]}},{"type":"Feature","properties":{"linea":"231-3-172","parcela":"231-3","palmas":23},"geometry":{"type":"LineString","coordinates":[[-72.89702,4.402574],[-72.897023,4.400783]]}},{"type":"Feature","properties":{"linea":"231-3-173","parcela":"231-3","palmas":23},"geometry":{"type":"LineString","coordinates":[[-72.89695,4.402533],[-72.896953,4.400743]]}},{"type":"Feature","properties":{"linea":"231-3-174","parcela":"231-3","palmas":23},"geometry":{"type":"LineString","coordinates":[[-72.896879,4.402573],[-72.896882,4.400783]]}},{"type":"Feature","properties":{"linea":"231-3-175","parcela":"231-3","palmas":23},"geometry":{"type":"LineString","coordinates":[[-72.896809,4.402533],[-72.896812,4.400743]]}},{"type":"Feature","properties":{"linea":"231-3-176","parcela":"231-3","palmas":23},"geometry":{"type":"LineString","coordinates":[[-72.896739,4.402573],[-72.896742,4.400783]]}},{"type":"Feature","properties":{"linea":"231-3-177","parcela":"231-3","palmas":23},"geometry":{"type":"LineString","coordinates":[[-72.896669,4.402532],[-72.896672,4.400742]]}},{"type":"Feature","properties":{"linea":"231-3-178","parcela":"231-3","palmas":23},"geometry":{"type":"LineString","coordinates":[[-72.896599,4.402573],[-72.896601,4.400783]]}},{"type":"Feature","properties":{"linea":"231-3-179","parcela":"231-3","palmas":23},"geometry":{"type":"LineString","coordinates":[[-72.896529,4.402532],[-72.896531,4.400742]]}},{"type":"Feature","properties":{"linea":"231-3-180","parcela":"231-3","palmas":23},"geometry":{"type":"LineString","coordinates":[[-72.896458,4.402573],[-72.896461,4.400783]]}},{"type":"Feature","properties":{"linea":"231-3-181","parcela":"231-3","palmas":23},"geometry":{"type":"LineString","coordinates":[[-72.896388,4.402532],[-72.896391,4.400742]]}},{"type":"Feature","properties":{"linea":"231-3-182","parcela":"231-3","palmas":23},"geometry":{"type":"LineString","coordinates":[[-72.896318,4.402573],[-72.896321,4.400782]]}},{"type":"Feature","properties":{"linea":"231-3-183","parcela":"231-3","palmas":23},"geometry":{"type":"LineString","coordinates":[[-72.896248,4.402532],[-72.896251,4.400741]]}},{"type":"Feature","properties":{"linea":"231-3-184","parcela":"231-3","palmas":23},"geometry":{"type":"LineString","coordinates":[[-72.896178,4.402572],[-72.89618,4.400782]]}},{"type":"Feature","properties":{"linea":"231-3-185","parcela":"231-3","palmas":23},"geometry":{"type":"LineString","coordinates":[[-72.896107,4.402531],[-72.89611,4.400741]]}},{"type":"Feature","properties":{"linea":"231-3-186","parcela":"231-3","palmas":23},"geometry":{"type":"LineString","coordinates":[[-72.896037,4.402572],[-72.89604,4.400782]]}},{"type":"Feature","properties":{"linea":"231-3-187","parcela":"231-3","palmas":23},"geometry":{"type":"LineString","coordinates":[[-72.895967,4.402531],[-72.89597,4.400741]]}},{"type":"Feature","properties":{"linea":"231-3-188","parcela":"231-3","palmas":23},"geometry":{"type":"LineString","coordinates":[[-72.895897,4.402572],[-72.895899,4.400782]]}},{"type":"Feature","properties":{"linea":"231-3-189","parcela":"231-3","palmas":23},"geometry":{"type":"LineString","coordinates":[[-72.895826,4.402531],[-72.895829,4.400741]]}},{"type":"Feature","properties":{"linea":"231-3-190","parcela":"231-3","palmas":23},"geometry":{"type":"LineString","coordinates":[[-72.895756,4.402572],[-72.895759,4.400781]]}},{"type":"Feature","properties":{"linea":"231-3-191","parcela":"231-3","palmas":23},"geometry":{"type":"LineString","coordinates":[[-72.895686,4.402531],[-72.895689,4.400741]]}},{"type":"Feature","properties":{"linea":"231-3-192","parcela":"231-3","palmas":23},"geometry":{"type":"LineString","coordinates":[[-72.895616,4.402571],[-72.895619,4.400781]]}},{"type":"Feature","properties":{"linea":"231-3-193","parcela":"231-3","palmas":23},"geometry":{"type":"LineString","coordinates":[[-72.895546,4.402531],[-72.895548,4.40074]]}},{"type":"Feature","properties":{"linea":"231-3-194","parcela":"231-3","palmas":23},"geometry":{"type":"LineString","coordinates":[[-72.895475,4.402571],[-72.895478,4.400781]]}},{"type":"Feature","properties":{"linea":"231-3-195","parcela":"231-3","palmas":23},"geometry":{"type":"LineString","coordinates":[[-72.895405,4.40253],[-72.895408,4.40074]]}},{"type":"Feature","properties":{"linea":"231-3-196","parcela":"231-3","palmas":23},"geometry":{"type":"LineString","coordinates":[[-72.895335,4.402571],[-72.895338,4.400781]]}},{"type":"Feature","properties":{"linea":"231-3-197","parcela":"231-3","palmas":23},"geometry":{"type":"LineString","coordinates":[[-72.895265,4.40253],[-72.895268,4.40074]]}},{"type":"Feature","properties":{"linea":"231-3-198","parcela":"231-3","palmas":23},"geometry":{"type":"LineString","coordinates":[[-72.895194,4.402571],[-72.895197,4.400781]]}},{"type":"Feature","properties":{"linea":"231-3-199","parcela":"231-3","palmas":23},"geometry":{"type":"LineString","coordinates":[[-72.895124,4.40253],[-72.895127,4.40074]]}},{"type":"Feature","properties":{"linea":"231-3-200","parcela":"231-3","palmas":23},"geometry":{"type":"LineString","coordinates":[[-72.895054,4.402571],[-72.895057,4.40078]]}},{"type":"Feature","properties":{"linea":"231-3-201","parcela":"231-3","palmas":23},"geometry":{"type":"LineString","coordinates":[[-72.894984,4.40253],[-72.894987,4.400739]]}},{"type":"Feature","properties":{"linea":"231-3-202","parcela":"231-3","palmas":23},"geometry":{"type":"LineString","coordinates":[[-72.894914,4.40257],[-72.894916,4.40078]]}},{"type":"Feature","properties":{"linea":"231-3-203","parcela":"231-3","palmas":23},"geometry":{"type":"LineString","coordinates":[[-72.894844,4.402529],[-72.894846,4.400739]]}},{"type":"Feature","properties":{"linea":"231-3-204","parcela":"231-3","palmas":23},"geometry":{"type":"LineString","coordinates":[[-72.894773,4.40257],[-72.894776,4.40078]]}},{"type":"Feature","properties":{"linea":"231-3-205","parcela":"231-3","palmas":23},"geometry":{"type":"LineString","coordinates":[[-72.894703,4.402529],[-72.894706,4.400739]]}},{"type":"Feature","properties":{"linea":"231-3-206","parcela":"231-3","palmas":23},"geometry":{"type":"LineString","coordinates":[[-72.894633,4.40257],[-72.894636,4.40078]]}},{"type":"Feature","properties":{"linea":"231-3-207","parcela":"231-3","palmas":23},"geometry":{"type":"LineString","coordinates":[[-72.894563,4.402529],[-72.894566,4.400739]]}},{"type":"Feature","properties":{"linea":"231-3-208","parcela":"231-3","palmas":23},"geometry":{"type":"LineString","coordinates":[[-72.894493,4.402569],[-72.894495,4.400779]]}},{"type":"Feature","properties":{"linea":"231-3-209","parcela":"231-3","palmas":23},"geometry":{"type":"LineString","coordinates":[[-72.894422,4.402529],[-72.894425,4.400739]]}},{"type":"Feature","properties":{"linea":"231-3-210","parcela":"231-3","palmas":23},"geometry":{"type":"LineString","coordinates":[[-72.894352,4.402569],[-72.894355,4.400779]]}},{"type":"Feature","properties":{"linea":"231-3-211","parcela":"231-3","palmas":20},"geometry":{"type":"LineString","coordinates":[[-72.894282,4.402284],[-72.894285,4.400738]]}},{"type":"Feature","properties":{"linea":"231-3-212","parcela":"231-3","palmas":16},"geometry":{"type":"LineString","coordinates":[[-72.894213,4.401999],[-72.894214,4.400779]]}},{"type":"Feature","properties":{"linea":"231-3-213","parcela":"231-3","palmas":12},"geometry":{"type":"LineString","coordinates":[[-72.894143,4.401633],[-72.894144,4.400738]]}},{"type":"Feature","properties":{"linea":"231-3-214","parcela":"231-3","palmas":9},"geometry":{"type":"LineString","coordinates":[[-72.894073,4.40143],[-72.894074,4.400779]]}},{"type":"Feature","properties":{"linea":"231-3-215","parcela":"231-3","palmas":8},"geometry":{"type":"LineString","coordinates":[[-72.894003,4.401308],[-72.894004,4.400738]]}},{"type":"Feature","properties":{"linea":"231-3-216","parcela":"231-3","palmas":6},"geometry":{"type":"LineString","coordinates":[[-72.893933,4.401185],[-72.893934,4.400779]]}},{"type":"Feature","properties":{"linea":"231-4-2","parcela":"231-4","palmas":2},"geometry":{"type":"LineString","coordinates":[[-72.897698,4.407294],[-72.897698,4.407376]]}},{"type":"Feature","properties":{"linea":"231-4-3","parcela":"231-4","palmas":4},"geometry":{"type":"LineString","coordinates":[[-72.897768,4.407254],[-72.897768,4.407498]]}},{"type":"Feature","properties":{"linea":"231-4-4","parcela":"231-4","palmas":4},"geometry":{"type":"LineString","coordinates":[[-72.897838,4.407295],[-72.897838,4.407539]]}},{"type":"Feature","properties":{"linea":"231-4-5","parcela":"231-4","palmas":6},"geometry":{"type":"LineString","coordinates":[[-72.897908,4.407254],[-72.897908,4.407661]]}},{"type":"Feature","properties":{"linea":"231-4-6","parcela":"231-4","palmas":6},"geometry":{"type":"LineString","coordinates":[[-72.897978,4.407295],[-72.897978,4.407702]]}},{"type":"Feature","properties":{"linea":"231-4-7","parcela":"231-4","palmas":8},"geometry":{"type":"LineString","coordinates":[[-72.898049,4.407254],[-72.898048,4.407824]]}},{"type":"Feature","properties":{"linea":"231-4-8","parcela":"231-4","palmas":8},"geometry":{"type":"LineString","coordinates":[[-72.898119,4.407295],[-72.898118,4.407865]]}},{"type":"Feature","properties":{"linea":"231-4-9","parcela":"231-4","palmas":10},"geometry":{"type":"LineString","coordinates":[[-72.898189,4.407255],[-72.898188,4.407987]]}},{"type":"Feature","properties":{"linea":"231-4-10","parcela":"231-4","palmas":11},"geometry":{"type":"LineString","coordinates":[[-72.898259,4.407296],[-72.898258,4.408109]]}},{"type":"Feature","properties":{"linea":"231-4-11","parcela":"231-4","palmas":12},"geometry":{"type":"LineString","coordinates":[[-72.898329,4.407255],[-72.898328,4.40815]]}},{"type":"Feature","properties":{"linea":"231-4-12","parcela":"231-4","palmas":13},"geometry":{"type":"LineString","coordinates":[[-72.8984,4.407296],[-72.898398,4.408272]]}},{"type":"Feature","properties":{"linea":"231-4-13","parcela":"231-4","palmas":14},"geometry":{"type":"LineString","coordinates":[[-72.89847,4.407255],[-72.898468,4.408313]]}},{"type":"Feature","properties":{"linea":"231-4-14","parcela":"231-4","palmas":15},"geometry":{"type":"LineString","coordinates":[[-72.89854,4.407296],[-72.898538,4.408435]]}},{"type":"Feature","properties":{"linea":"231-4-15","parcela":"231-4","palmas":17},"geometry":{"type":"LineString","coordinates":[[-72.89861,4.407255],[-72.898608,4.408557]]}},{"type":"Feature","properties":{"linea":"231-4-16","parcela":"231-4","palmas":17},"geometry":{"type":"LineString","coordinates":[[-72.898681,4.407296],[-72.898678,4.408598]]}},{"type":"Feature","properties":{"linea":"231-4-17","parcela":"231-4","palmas":19},"geometry":{"type":"LineString","coordinates":[[-72.898751,4.407256],[-72.898748,4.40872]]}},{"type":"Feature","properties":{"linea":"231-4-18","parcela":"231-4","palmas":20},"geometry":{"type":"LineString","coordinates":[[-72.898821,4.407296],[-72.898818,4.408843]]}},{"type":"Feature","properties":{"linea":"231-4-19","parcela":"231-4","palmas":21},"geometry":{"type":"LineString","coordinates":[[-72.898891,4.407256],[-72.898889,4.408883]]}},{"type":"Feature","properties":{"linea":"231-4-20","parcela":"231-4","palmas":22},"geometry":{"type":"LineString","coordinates":[[-72.898961,4.407297],[-72.898959,4.409005]]}},{"type":"Feature","properties":{"linea":"231-4-21","parcela":"231-4","palmas":24},"geometry":{"type":"LineString","coordinates":[[-72.899032,4.407256],[-72.899029,4.409128]]}},{"type":"Feature","properties":{"linea":"231-4-22","parcela":"231-4","palmas":24},"geometry":{"type":"LineString","coordinates":[[-72.899102,4.407297],[-72.899099,4.409168]]}},{"type":"Feature","properties":{"linea":"231-4-23","parcela":"231-4","palmas":26},"geometry":{"type":"LineString","coordinates":[[-72.899172,4.407256],[-72.899169,4.409291]]}},{"type":"Feature","properties":{"linea":"231-4-24","parcela":"231-4","palmas":27},"geometry":{"type":"LineString","coordinates":[[-72.899242,4.407297],[-72.899239,4.409413]]}},{"type":"Feature","properties":{"linea":"231-4-25","parcela":"231-4","palmas":27},"geometry":{"type":"LineString","coordinates":[[-72.899313,4.407256],[-72.899309,4.409372]]}},{"type":"Feature","properties":{"linea":"231-4-26","parcela":"231-4","palmas":27},"geometry":{"type":"LineString","coordinates":[[-72.899383,4.407297],[-72.899379,4.409413]]}},{"type":"Feature","properties":{"linea":"231-4-27","parcela":"231-4","palmas":27},"geometry":{"type":"LineString","coordinates":[[-72.899453,4.407257],[-72.899449,4.409372]]}},{"type":"Feature","properties":{"linea":"231-4-28","parcela":"231-4","palmas":27},"geometry":{"type":"LineString","coordinates":[[-72.899523,4.407298],[-72.89952,4.409413]]}},{"type":"Feature","properties":{"linea":"231-4-29","parcela":"231-4","palmas":27},"geometry":{"type":"LineString","coordinates":[[-72.899593,4.407257],[-72.89959,4.409372]]}},{"type":"Feature","properties":{"linea":"231-4-30","parcela":"231-4","palmas":27},"geometry":{"type":"LineString","coordinates":[[-72.899663,4.407298],[-72.89966,4.409413]]}},{"type":"Feature","properties":{"linea":"231-4-31","parcela":"231-4","palmas":27},"geometry":{"type":"LineString","coordinates":[[-72.899734,4.407257],[-72.89973,4.409373]]}},{"type":"Feature","properties":{"linea":"231-4-32","parcela":"231-4","palmas":27},"geometry":{"type":"LineString","coordinates":[[-72.899804,4.407298],[-72.899801,4.409414]]}},{"type":"Feature","properties":{"linea":"231-4-33","parcela":"231-4","palmas":27},"geometry":{"type":"LineString","coordinates":[[-72.899874,4.407257],[-72.899871,4.409373]]}},{"type":"Feature","properties":{"linea":"231-4-34","parcela":"231-4","palmas":27},"geometry":{"type":"LineString","coordinates":[[-72.899944,4.407298],[-72.899941,4.409414]]}},{"type":"Feature","properties":{"linea":"231-4-35","parcela":"231-4","palmas":27},"geometry":{"type":"LineString","coordinates":[[-72.900014,4.407258],[-72.900011,4.409373]]}},{"type":"Feature","properties":{"linea":"231-4-36","parcela":"231-4","palmas":27},"geometry":{"type":"LineString","coordinates":[[-72.900085,4.407298],[-72.900081,4.409414]]}},{"type":"Feature","properties":{"linea":"231-4-37","parcela":"231-4","palmas":27},"geometry":{"type":"LineString","coordinates":[[-72.900155,4.407258],[-72.900152,4.409373]]}},{"type":"Feature","properties":{"linea":"231-4-38","parcela":"231-4","palmas":27},"geometry":{"type":"LineString","coordinates":[[-72.900225,4.407299],[-72.900222,4.409414]]}},{"type":"Feature","properties":{"linea":"231-4-39","parcela":"231-4","palmas":27},"geometry":{"type":"LineString","coordinates":[[-72.900295,4.407258],[-72.900292,4.409374]]}},{"type":"Feature","properties":{"linea":"231-4-40","parcela":"231-4","palmas":27},"geometry":{"type":"LineString","coordinates":[[-72.900366,4.407299],[-72.900362,4.409414]]}},{"type":"Feature","properties":{"linea":"231-4-41","parcela":"231-4","palmas":27},"geometry":{"type":"LineString","coordinates":[[-72.900436,4.407258],[-72.900433,4.409374]]}},{"type":"Feature","properties":{"linea":"231-4-42","parcela":"231-4","palmas":27},"geometry":{"type":"LineString","coordinates":[[-72.900506,4.407299],[-72.900503,4.409415]]}},{"type":"Feature","properties":{"linea":"231-4-43","parcela":"231-4","palmas":27},"geometry":{"type":"LineString","coordinates":[[-72.900576,4.407258],[-72.900573,4.409374]]}},{"type":"Feature","properties":{"linea":"231-4-44","parcela":"231-4","palmas":27},"geometry":{"type":"LineString","coordinates":[[-72.900646,4.407299],[-72.900643,4.409415]]}},{"type":"Feature","properties":{"linea":"231-4-45","parcela":"231-4","palmas":27},"geometry":{"type":"LineString","coordinates":[[-72.900717,4.407259],[-72.900713,4.409374]]}},{"type":"Feature","properties":{"linea":"231-4-46","parcela":"231-4","palmas":27},"geometry":{"type":"LineString","coordinates":[[-72.900787,4.407299],[-72.900783,4.409415]]}},{"type":"Feature","properties":{"linea":"231-4-47","parcela":"231-4","palmas":27},"geometry":{"type":"LineString","coordinates":[[-72.900857,4.407259],[-72.900854,4.409374]]}},{"type":"Feature","properties":{"linea":"231-4-48","parcela":"231-4","palmas":27},"geometry":{"type":"LineString","coordinates":[[-72.900927,4.4073],[-72.900924,4.409415]]}},{"type":"Feature","properties":{"linea":"231-4-49","parcela":"231-4","palmas":27},"geometry":{"type":"LineString","coordinates":[[-72.900998,4.407259],[-72.900994,4.409375]]}},{"type":"Feature","properties":{"linea":"231-4-50","parcela":"231-4","palmas":27},"geometry":{"type":"LineString","coordinates":[[-72.901068,4.4073],[-72.901064,4.409416]]}},{"type":"Feature","properties":{"linea":"231-4-51","parcela":"231-4","palmas":27},"geometry":{"type":"LineString","coordinates":[[-72.901138,4.407259],[-72.901134,4.409375]]}},{"type":"Feature","properties":{"linea":"231-4-52","parcela":"231-4","palmas":26},"geometry":{"type":"LineString","coordinates":[[-72.901208,4.4073],[-72.901205,4.409334]]}},{"type":"Feature","properties":{"linea":"231-4-53","parcela":"231-4","palmas":27},"geometry":{"type":"LineString","coordinates":[[-72.901278,4.407259],[-72.901275,4.409375]]}},{"type":"Feature","properties":{"linea":"231-4-54","parcela":"231-4","palmas":27},"geometry":{"type":"LineString","coordinates":[[-72.901348,4.4073],[-72.901345,4.409416]]}},{"type":"Feature","properties":{"linea":"231-4-55","parcela":"231-4","palmas":27},"geometry":{"type":"LineString","coordinates":[[-72.901419,4.40726],[-72.901415,4.409376]]}},{"type":"Feature","properties":{"linea":"231-4-56","parcela":"231-4","palmas":27},"geometry":{"type":"LineString","coordinates":[[-72.901489,4.407301],[-72.901486,4.409416]]}},{"type":"Feature","properties":{"linea":"231-4-57","parcela":"231-4","palmas":27},"geometry":{"type":"LineString","coordinates":[[-72.901559,4.40726],[-72.901556,4.409376]]}},{"type":"Feature","properties":{"linea":"231-4-58","parcela":"231-4","palmas":27},"geometry":{"type":"LineString","coordinates":[[-72.901629,4.407301],[-72.901626,4.409416]]}},{"type":"Feature","properties":{"linea":"231-4-59","parcela":"231-4","palmas":27},"geometry":{"type":"LineString","coordinates":[[-72.901699,4.40726],[-72.901696,4.409376]]}},{"type":"Feature","properties":{"linea":"231-4-60","parcela":"231-4","palmas":27},"geometry":{"type":"LineString","coordinates":[[-72.90177,4.407301],[-72.901766,4.409417]]}},{"type":"Feature","properties":{"linea":"231-4-61","parcela":"231-4","palmas":27},"geometry":{"type":"LineString","coordinates":[[-72.90184,4.407261],[-72.901837,4.409376]]}},{"type":"Feature","properties":{"linea":"231-4-62","parcela":"231-4","palmas":27},"geometry":{"type":"LineString","coordinates":[[-72.90191,4.407301],[-72.901907,4.409417]]}},{"type":"Feature","properties":{"linea":"231-4-63","parcela":"231-4","palmas":27},"geometry":{"type":"LineString","coordinates":[[-72.90198,4.407261],[-72.901977,4.409376]]}},{"type":"Feature","properties":{"linea":"231-4-64","parcela":"231-4","palmas":27},"geometry":{"type":"LineString","coordinates":[[-72.902051,4.407301],[-72.902047,4.409417]]}},{"type":"Feature","properties":{"linea":"231-4-65","parcela":"231-4","palmas":27},"geometry":{"type":"LineString","coordinates":[[-72.902121,4.407261],[-72.902118,4.409377]]}},{"type":"Feature","properties":{"linea":"231-4-66","parcela":"231-4","palmas":27},"geometry":{"type":"LineString","coordinates":[[-72.902191,4.407302],[-72.902188,4.409417]]}},{"type":"Feature","properties":{"linea":"231-4-67","parcela":"231-4","palmas":27},"geometry":{"type":"LineString","coordinates":[[-72.902261,4.407261],[-72.902258,4.409377]]}},{"type":"Feature","properties":{"linea":"231-4-68","parcela":"231-4","palmas":27},"geometry":{"type":"LineString","coordinates":[[-72.902331,4.407302],[-72.902328,4.409417]]}},{"type":"Feature","properties":{"linea":"231-4-69","parcela":"231-4","palmas":27},"geometry":{"type":"LineString","coordinates":[[-72.902402,4.407261],[-72.902398,4.409377]]}},{"type":"Feature","properties":{"linea":"231-4-70","parcela":"231-4","palmas":27},"geometry":{"type":"LineString","coordinates":[[-72.902472,4.407302],[-72.902468,4.409418]]}},{"type":"Feature","properties":{"linea":"231-4-71","parcela":"231-4","palmas":27},"geometry":{"type":"LineString","coordinates":[[-72.902542,4.407262],[-72.902539,4.409377]]}},{"type":"Feature","properties":{"linea":"231-4-72","parcela":"231-4","palmas":27},"geometry":{"type":"LineString","coordinates":[[-72.902612,4.407303],[-72.902609,4.409418]]}},{"type":"Feature","properties":{"linea":"231-4-73","parcela":"231-4","palmas":25},"geometry":{"type":"LineString","coordinates":[[-72.902682,4.407424],[-72.902679,4.409378]]}},{"type":"Feature","properties":{"linea":"231-4-74","parcela":"231-4","palmas":23},"geometry":{"type":"LineString","coordinates":[[-72.902752,4.407628],[-72.902749,4.409418]]}},{"type":"Feature","properties":{"linea":"231-4-75","parcela":"231-4","palmas":21},"geometry":{"type":"LineString","coordinates":[[-72.902822,4.40775],[-72.902819,4.409378]]}},{"type":"Feature","properties":{"linea":"231-4-76","parcela":"231-4","palmas":19},"geometry":{"type":"LineString","coordinates":[[-72.902892,4.407954],[-72.90289,4.409418]]}},{"type":"Feature","properties":{"linea":"231-4-77","parcela":"231-4","palmas":16},"geometry":{"type":"LineString","coordinates":[[-72.902962,4.408157],[-72.90296,4.409378]]}},{"type":"Feature","properties":{"linea":"231-4-78","parcela":"231-4","palmas":16},"geometry":{"type":"LineString","coordinates":[[-72.903032,4.408198],[-72.90303,4.409419]]}},{"type":"Feature","properties":{"linea":"231-4-79","parcela":"231-4","palmas":16},"geometry":{"type":"LineString","coordinates":[[-72.903102,4.408158],[-72.9031,4.409378]]}},{"type":"Feature","properties":{"linea":"231-4-80","parcela":"231-4","palmas":16},"geometry":{"type":"LineString","coordinates":[[-72.903173,4.408198],[-72.903171,4.409419]]}},{"type":"Feature","properties":{"linea":"231-4-81","parcela":"231-4","palmas":15},"geometry":{"type":"LineString","coordinates":[[-72.903243,4.408239],[-72.903241,4.409378]]}},{"type":"Feature","properties":{"linea":"231-4-82","parcela":"231-4","palmas":15},"geometry":{"type":"LineString","coordinates":[[-72.903313,4.40828],[-72.903311,4.409419]]}},{"type":"Feature","properties":{"linea":"231-4-83","parcela":"231-4","palmas":14},"geometry":{"type":"LineString","coordinates":[[-72.903383,4.408321],[-72.903381,4.409379]]}},{"type":"Feature","properties":{"linea":"231-4-84","parcela":"231-4","palmas":15},"geometry":{"type":"LineString","coordinates":[[-72.903453,4.40828],[-72.903451,4.409419]]}},{"type":"Feature","properties":{"linea":"231-4-85","parcela":"231-4","palmas":14},"geometry":{"type":"LineString","coordinates":[[-72.903523,4.408321],[-72.903522,4.409379]]}},{"type":"Feature","properties":{"linea":"231-4-86","parcela":"231-4","palmas":14},"geometry":{"type":"LineString","coordinates":[[-72.903593,4.408362],[-72.903592,4.409419]]}},{"type":"Feature","properties":{"linea":"231-4-87","parcela":"231-4","palmas":13},"geometry":{"type":"LineString","coordinates":[[-72.903664,4.408403],[-72.903662,4.409379]]}},{"type":"Feature","properties":{"linea":"231-4-88","parcela":"231-4","palmas":14},"geometry":{"type":"LineString","coordinates":[[-72.903734,4.408362],[-72.903732,4.40942]]}},{"type":"Feature","properties":{"linea":"231-4-89","parcela":"231-4","palmas":14},"geometry":{"type":"LineString","coordinates":[[-72.903804,4.408403],[-72.903802,4.409461]]}},{"type":"Feature","properties":{"linea":"231-4-90","parcela":"231-4","palmas":2},"geometry":{"type":"LineString","coordinates":[[-72.902613,4.40714],[-72.902613,4.407058]]}},{"type":"Feature","properties":{"linea":"231-4-91","parcela":"231-4","palmas":6},"geometry":{"type":"LineString","coordinates":[[-72.902542,4.40718],[-72.902543,4.406773]]}},{"type":"Feature","properties":{"linea":"231-4-92","parcela":"231-4","palmas":8},"geometry":{"type":"LineString","coordinates":[[-72.902472,4.407139],[-72.902473,4.40657]]}},{"type":"Feature","properties":{"linea":"231-4-93","parcela":"231-4","palmas":11},"geometry":{"type":"LineString","coordinates":[[-72.902402,4.40718],[-72.902403,4.406366]]}},{"type":"Feature","properties":{"linea":"231-4-94","parcela":"231-4","palmas":13},"geometry":{"type":"LineString","coordinates":[[-72.902332,4.407139],[-72.902333,4.406163]]}},{"type":"Feature","properties":{"linea":"231-4-95","parcela":"231-4","palmas":18},"geometry":{"type":"LineString","coordinates":[[-72.902261,4.40718],[-72.902263,4.405796]]}},{"type":"Feature","properties":{"linea":"231-4-96","parcela":"231-4","palmas":22},"geometry":{"type":"LineString","coordinates":[[-72.902191,4.407139],[-72.902194,4.40543]]}},{"type":"Feature","properties":{"linea":"231-4-97","parcela":"231-4","palmas":24},"geometry":{"type":"LineString","coordinates":[[-72.902121,4.407179],[-72.902124,4.405308]]}},{"type":"Feature","properties":{"linea":"231-4-98","parcela":"231-4","palmas":23},"geometry":{"type":"LineString","coordinates":[[-72.902051,4.407139],[-72.902054,4.405349]]}},{"type":"Feature","properties":{"linea":"231-4-99","parcela":"231-4","palmas":24},"geometry":{"type":"LineString","coordinates":[[-72.901981,4.407179],[-72.901983,4.405308]]}},{"type":"Feature","properties":{"linea":"231-4-100","parcela":"231-4","palmas":23},"geometry":{"type":"LineString","coordinates":[[-72.90191,4.407139],[-72.901913,4.405348]]}},{"type":"Feature","properties":{"linea":"231-4-101","parcela":"231-4","palmas":24},"geometry":{"type":"LineString","coordinates":[[-72.90184,4.407179],[-72.901843,4.405308]]}},{"type":"Feature","properties":{"linea":"231-4-102","parcela":"231-4","palmas":24},"geometry":{"type":"LineString","coordinates":[[-72.90177,4.407138],[-72.901773,4.405267]]}},{"type":"Feature","properties":{"linea":"231-4-103","parcela":"231-4","palmas":27},"geometry":{"type":"LineString","coordinates":[[-72.9017,4.407179],[-72.901703,4.405063]]}},{"type":"Feature","properties":{"linea":"231-4-104","parcela":"231-4","palmas":27},"geometry":{"type":"LineString","coordinates":[[-72.901629,4.407138],[-72.901633,4.405023]]}},{"type":"Feature","properties":{"linea":"231-4-105","parcela":"231-4","palmas":27},"geometry":{"type":"LineString","coordinates":[[-72.901559,4.407179],[-72.901563,4.405063]]}},{"type":"Feature","properties":{"linea":"231-4-106","parcela":"231-4","palmas":27},"geometry":{"type":"LineString","coordinates":[[-72.901489,4.407138],[-72.901493,4.405022]]}},{"type":"Feature","properties":{"linea":"231-4-107","parcela":"231-4","palmas":27},"geometry":{"type":"LineString","coordinates":[[-72.901419,4.407178],[-72.901422,4.405063]]}},{"type":"Feature","properties":{"linea":"231-4-108","parcela":"231-4","palmas":27},"geometry":{"type":"LineString","coordinates":[[-72.901349,4.407138],[-72.901352,4.405022]]}},{"type":"Feature","properties":{"linea":"231-4-109","parcela":"231-4","palmas":27},"geometry":{"type":"LineString","coordinates":[[-72.901278,4.407178],[-72.901282,4.405063]]}},{"type":"Feature","properties":{"linea":"231-4-110","parcela":"231-4","palmas":27},"geometry":{"type":"LineString","coordinates":[[-72.901208,4.407138],[-72.901212,4.405022]]}},{"type":"Feature","properties":{"linea":"231-4-111","parcela":"231-4","palmas":27},"geometry":{"type":"LineString","coordinates":[[-72.901138,4.407178],[-72.901141,4.405062]]}},{"type":"Feature","properties":{"linea":"231-4-112","parcela":"231-4","palmas":27},"geometry":{"type":"LineString","coordinates":[[-72.901068,4.407137],[-72.901071,4.405021]]}},{"type":"Feature","properties":{"linea":"231-4-113","parcela":"231-4","palmas":27},"geometry":{"type":"LineString","coordinates":[[-72.900998,4.407178],[-72.901001,4.405062]]}},{"type":"Feature","properties":{"linea":"231-4-114","parcela":"231-4","palmas":25},"geometry":{"type":"LineString","coordinates":[[-72.900928,4.407137],[-72.900931,4.405184]]}},{"type":"Feature","properties":{"linea":"231-4-115","parcela":"231-4","palmas":26},"geometry":{"type":"LineString","coordinates":[[-72.900857,4.407178],[-72.90086,4.405143]]}},{"type":"Feature","properties":{"linea":"231-4-116","parcela":"231-4","palmas":25},"geometry":{"type":"LineString","coordinates":[[-72.900787,4.407137],[-72.90079,4.405184]]}},{"type":"Feature","properties":{"linea":"231-4-117","parcela":"231-4","palmas":25},"geometry":{"type":"LineString","coordinates":[[-72.900717,4.407177],[-72.90072,4.405224]]}},{"type":"Feature","properties":{"linea":"231-4-118","parcela":"231-4","palmas":26},"geometry":{"type":"LineString","coordinates":[[-72.900647,4.407136],[-72.90065,4.405102]]}},{"type":"Feature","properties":{"linea":"231-4-119","parcela":"231-4","palmas":27},"geometry":{"type":"LineString","coordinates":[[-72.900576,4.407177],[-72.90058,4.405061]]}},{"type":"Feature","properties":{"linea":"231-4-120","parcela":"231-4","palmas":27},"geometry":{"type":"LineString","coordinates":[[-72.900506,4.407136],[-72.900509,4.405021]]}},{"type":"Feature","properties":{"linea":"231-4-121","parcela":"231-4","palmas":27},"geometry":{"type":"LineString","coordinates":[[-72.900436,4.407177],[-72.900439,4.405061]]}},{"type":"Feature","properties":{"linea":"231-4-122","parcela":"231-4","palmas":27},"geometry":{"type":"LineString","coordinates":[[-72.900366,4.407136],[-72.900369,4.40502]]}},{"type":"Feature","properties":{"linea":"231-4-123","parcela":"231-4","palmas":27},"geometry":{"type":"LineString","coordinates":[[-72.900296,4.407177],[-72.900299,4.405061]]}},{"type":"Feature","properties":{"linea":"231-4-124","parcela":"231-4","palmas":27},"geometry":{"type":"LineString","coordinates":[[-72.900225,4.407136],[-72.900229,4.40502]]}},{"type":"Feature","properties":{"linea":"231-4-125","parcela":"231-4","palmas":27},"geometry":{"type":"LineString","coordinates":[[-72.900155,4.407176],[-72.900158,4.405061]]}},{"type":"Feature","properties":{"linea":"231-4-126","parcela":"231-4","palmas":27},"geometry":{"type":"LineString","coordinates":[[-72.900085,4.407136],[-72.900088,4.40502]]}},{"type":"Feature","properties":{"linea":"231-4-127","parcela":"231-4","palmas":27},"geometry":{"type":"LineString","coordinates":[[-72.900015,4.407176],[-72.900018,4.405061]]}},{"type":"Feature","properties":{"linea":"231-4-128","parcela":"231-4","palmas":27},"geometry":{"type":"LineString","coordinates":[[-72.899944,4.407135],[-72.899948,4.40502]]}},{"type":"Feature","properties":{"linea":"231-4-129","parcela":"231-4","palmas":27},"geometry":{"type":"LineString","coordinates":[[-72.899874,4.407176],[-72.899878,4.40506]]}},{"type":"Feature","properties":{"linea":"231-4-130","parcela":"231-4","palmas":27},"geometry":{"type":"LineString","coordinates":[[-72.899804,4.407135],[-72.899808,4.405019]]}},{"type":"Feature","properties":{"linea":"231-4-131","parcela":"231-4","palmas":27},"geometry":{"type":"LineString","coordinates":[[-72.899734,4.407176],[-72.899737,4.40506]]}},{"type":"Feature","properties":{"linea":"231-4-132","parcela":"231-4","palmas":27},"geometry":{"type":"LineString","coordinates":[[-72.899664,4.407135],[-72.899667,4.405019]]}},{"type":"Feature","properties":{"linea":"231-4-133","parcela":"231-4","palmas":27},"geometry":{"type":"LineString","coordinates":[[-72.899593,4.407176],[-72.899597,4.40506]]}},{"type":"Feature","properties":{"linea":"231-4-134","parcela":"231-4","palmas":27},"geometry":{"type":"LineString","coordinates":[[-72.899523,4.407135],[-72.899527,4.405019]]}},{"type":"Feature","properties":{"linea":"231-4-135","parcela":"231-4","palmas":27},"geometry":{"type":"LineString","coordinates":[[-72.899453,4.407175],[-72.899456,4.40506]]}},{"type":"Feature","properties":{"linea":"231-4-136","parcela":"231-4","palmas":27},"geometry":{"type":"LineString","coordinates":[[-72.899388,4.407134],[-72.899383,4.407053],[-72.899386,4.405019]]}},{"type":"Feature","properties":{"linea":"231-4-137","parcela":"231-4","palmas":27},"geometry":{"type":"LineString","coordinates":[[-72.899313,4.407175],[-72.899316,4.405059]]}},{"type":"Feature","properties":{"linea":"231-4-138","parcela":"231-4","palmas":27},"geometry":{"type":"LineString","coordinates":[[-72.899242,4.407134],[-72.899246,4.405019]]}},{"type":"Feature","properties":{"linea":"231-4-139","parcela":"231-4","palmas":27},"geometry":{"type":"LineString","coordinates":[[-72.899172,4.407175],[-72.899176,4.405059]]}},{"type":"Feature","properties":{"linea":"231-4-140","parcela":"231-4","palmas":27},"geometry":{"type":"LineString","coordinates":[[-72.899102,4.407134],[-72.899105,4.405018]]}},{"type":"Feature","properties":{"linea":"231-4-141","parcela":"231-4","palmas":27},"geometry":{"type":"LineString","coordinates":[[-72.899032,4.407175],[-72.899035,4.405059]]}},{"type":"Feature","properties":{"linea":"231-4-142","parcela":"231-4","palmas":27},"geometry":{"type":"LineString","coordinates":[[-72.898962,4.407134],[-72.898965,4.405018]]}},{"type":"Feature","properties":{"linea":"231-4-143","parcela":"231-4","palmas":27},"geometry":{"type":"LineString","coordinates":[[-72.898891,4.407174],[-72.898895,4.405059]]}},{"type":"Feature","properties":{"linea":"231-4-144","parcela":"231-4","palmas":27},"geometry":{"type":"LineString","coordinates":[[-72.898821,4.407134],[-72.898824,4.405018]]}},{"type":"Feature","properties":{"linea":"231-4-145","parcela":"231-4","palmas":27},"geometry":{"type":"LineString","coordinates":[[-72.898751,4.407174],[-72.898754,4.405059]]}},{"type":"Feature","properties":{"linea":"231-4-146","parcela":"231-4","palmas":27},"geometry":{"type":"LineString","coordinates":[[-72.898681,4.407133],[-72.898684,4.405018]]}},{"type":"Feature","properties":{"linea":"231-4-147","parcela":"231-4","palmas":27},"geometry":{"type":"LineString","coordinates":[[-72.898611,4.407174],[-72.898614,4.405058]]}},{"type":"Feature","properties":{"linea":"231-4-148","parcela":"231-4","palmas":27},"geometry":{"type":"LineString","coordinates":[[-72.898551,4.407133],[-72.898541,4.407052],[-72.898544,4.405018]]}},{"type":"Feature","properties":{"linea":"231-4-149","parcela":"231-4","palmas":27},"geometry":{"type":"LineString","coordinates":[[-72.89847,4.407174],[-72.898473,4.405058]]}},{"type":"Feature","properties":{"linea":"231-4-150","parcela":"231-4","palmas":27},"geometry":{"type":"LineString","coordinates":[[-72.898406,4.407129],[-72.8984,4.407052],[-72.898403,4.405017]]}},{"type":"Feature","properties":{"linea":"231-4-151","parcela":"231-4","palmas":27},"geometry":{"type":"LineString","coordinates":[[-72.89833,4.407174],[-72.898333,4.405058]]}},{"type":"Feature","properties":{"linea":"231-4-152","parcela":"231-4","palmas":27},"geometry":{"type":"LineString","coordinates":[[-72.898259,4.407133],[-72.898263,4.405017]]}},{"type":"Feature","properties":{"linea":"231-4-153","parcela":"231-4","palmas":27},"geometry":{"type":"LineString","coordinates":[[-72.898189,4.407173],[-72.898193,4.405058]]}},{"type":"Feature","properties":{"linea":"231-4-154","parcela":"231-4","palmas":27},"geometry":{"type":"LineString","coordinates":[[-72.898119,4.407133],[-72.898123,4.405017]]}},{"type":"Feature","properties":{"linea":"231-4-155","parcela":"231-4","palmas":27},"geometry":{"type":"LineString","coordinates":[[-72.898049,4.407173],[-72.898052,4.405058]]}},{"type":"Feature","properties":{"linea":"231-4-156","parcela":"231-4","palmas":27},"geometry":{"type":"LineString","coordinates":[[-72.897979,4.407132],[-72.897982,4.405017]]}},{"type":"Feature","properties":{"linea":"231-4-157","parcela":"231-4","palmas":27},"geometry":{"type":"LineString","coordinates":[[-72.897908,4.407173],[-72.897912,4.405057]]}},{"type":"Feature","properties":{"linea":"231-4-158","parcela":"231-4","palmas":27},"geometry":{"type":"LineString","coordinates":[[-72.897838,4.407132],[-72.897842,4.405016]]}},{"type":"Feature","properties":{"linea":"231-4-159","parcela":"231-4","palmas":27},"geometry":{"type":"LineString","coordinates":[[-72.897768,4.407173],[-72.897771,4.405057]]}},{"type":"Feature","properties":{"linea":"231-4-160","parcela":"231-4","palmas":27},"geometry":{"type":"LineString","coordinates":[[-72.897698,4.407132],[-72.897701,4.405016]]}},{"type":"Feature","properties":{"linea":"231-4-161","parcela":"231-4","palmas":27},"geometry":{"type":"LineString","coordinates":[[-72.897628,4.407173],[-72.897631,4.405057]]}},{"type":"Feature","properties":{"linea":"231-4-162","parcela":"231-4","palmas":27},"geometry":{"type":"LineString","coordinates":[[-72.897558,4.407132],[-72.897561,4.405016]]}},{"type":"Feature","properties":{"linea":"231-4-163","parcela":"231-4","palmas":26},"geometry":{"type":"LineString","coordinates":[[-72.897487,4.407091],[-72.897491,4.405056]]}},{"type":"Feature","properties":{"linea":"231-4-164","parcela":"231-4","palmas":26},"geometry":{"type":"LineString","coordinates":[[-72.897417,4.40705],[-72.89742,4.405016]]}},{"type":"Feature","properties":{"linea":"231-4-165","parcela":"231-4","palmas":24},"geometry":{"type":"LineString","coordinates":[[-72.897347,4.406928],[-72.89735,4.405056]]}},{"type":"Feature","properties":{"linea":"231-4-166","parcela":"231-4","palmas":23},"geometry":{"type":"LineString","coordinates":[[-72.897277,4.406806],[-72.89728,4.405016]]}},{"type":"Feature","properties":{"linea":"231-4-167","parcela":"231-4","palmas":22},"geometry":{"type":"LineString","coordinates":[[-72.897207,4.406765],[-72.89721,4.405056]]}},{"type":"Feature","properties":{"linea":"231-4-168","parcela":"231-4","palmas":21},"geometry":{"type":"LineString","coordinates":[[-72.897137,4.406643],[-72.897139,4.405015]]}},{"type":"Feature","properties":{"linea":"231-4-169","parcela":"231-4","palmas":19},"geometry":{"type":"LineString","coordinates":[[-72.897067,4.406521],[-72.897069,4.405056]]}},{"type":"Feature","properties":{"linea":"231-4-170","parcela":"231-4","palmas":19},"geometry":{"type":"LineString","coordinates":[[-72.896997,4.40648],[-72.896999,4.405015]]}},{"type":"Feature","properties":{"linea":"231-4-171","parcela":"231-4","palmas":17},"geometry":{"type":"LineString","coordinates":[[-72.896927,4.406358],[-72.896929,4.405056]]}},{"type":"Feature","properties":{"linea":"231-4-172","parcela":"231-4","palmas":16},"geometry":{"type":"LineString","coordinates":[[-72.896857,4.406235],[-72.896859,4.405015]]}},{"type":"Feature","properties":{"linea":"231-4-173","parcela":"231-4","palmas":15},"geometry":{"type":"LineString","coordinates":[[-72.896787,4.406195],[-72.896788,4.405055]]}},{"type":"Feature","properties":{"linea":"231-4-174","parcela":"231-4","palmas":14},"geometry":{"type":"LineString","coordinates":[[-72.896717,4.406073],[-72.896718,4.405015]]}},{"type":"Feature","properties":{"linea":"231-4-175","parcela":"231-4","palmas":13},"geometry":{"type":"LineString","coordinates":[[-72.896646,4.406032],[-72.896648,4.405055]]}},{"type":"Feature","properties":{"linea":"231-4-176","parcela":"231-4","palmas":12},"geometry":{"type":"LineString","coordinates":[[-72.896576,4.405909],[-72.896578,4.405014]]}},{"type":"Feature","properties":{"linea":"231-4-177","parcela":"231-4","palmas":10},"geometry":{"type":"LineString","coordinates":[[-72.896506,4.405787],[-72.896508,4.405055]]}},{"type":"Feature","properties":{"linea":"231-4-178","parcela":"231-4","palmas":10},"geometry":{"type":"LineString","coordinates":[[-72.896436,4.405746],[-72.896438,4.405014]]}},{"type":"Feature","properties":{"linea":"231-4-179","parcela":"231-4","palmas":8},"geometry":{"type":"LineString","coordinates":[[-72.896366,4.405624],[-72.896367,4.405055]]}},{"type":"Feature","properties":{"linea":"231-4-180","parcela":"231-4","palmas":7},"geometry":{"type":"LineString","coordinates":[[-72.896296,4.405502],[-72.896297,4.405014]]}},{"type":"Feature","properties":{"linea":"231-4-181","parcela":"231-4","palmas":6},"geometry":{"type":"LineString","coordinates":[[-72.896226,4.405461],[-72.896227,4.405054]]}},{"type":"Feature","properties":{"linea":"231-4-182","parcela":"231-4","palmas":5},"geometry":{"type":"LineString","coordinates":[[-72.896156,4.405339],[-72.896157,4.405014]]}},{"type":"Feature","properties":{"linea":"231-4-183","parcela":"231-4","palmas":4},"geometry":{"type":"LineString","coordinates":[[-72.896086,4.405298],[-72.896086,4.405054]]}},{"type":"Feature","properties":{"linea":"231-4-184","parcela":"231-4","palmas":3},"geometry":{"type":"LineString","coordinates":[[-72.896016,4.405176],[-72.896016,4.405014]]}},{"type":"Feature","properties":{"linea":"231-5-1","parcela":"231-5","palmas":4},"geometry":{"type":"LineString","coordinates":[[-72.909156,4.414642],[-72.909156,4.414398]]}},{"type":"Feature","properties":{"linea":"231-5-2","parcela":"231-5","palmas":8},"geometry":{"type":"LineString","coordinates":[[-72.909086,4.414764],[-72.909086,4.414194]]}},{"type":"Feature","properties":{"linea":"231-5-3","parcela":"231-5","palmas":11},"geometry":{"type":"LineString","coordinates":[[-72.909015,4.414804],[-72.909016,4.41399]]}},{"type":"Feature","properties":{"linea":"231-5-4","parcela":"231-5","palmas":11},"geometry":{"type":"LineString","coordinates":[[-72.908945,4.414845],[-72.908946,4.414031]]}},{"type":"Feature","properties":{"linea":"231-5-5","parcela":"231-5","palmas":12},"geometry":{"type":"LineString","coordinates":[[-72.908875,4.414885],[-72.908876,4.41399]]}},{"type":"Feature","properties":{"linea":"231-5-6","parcela":"231-5","palmas":12},"geometry":{"type":"LineString","coordinates":[[-72.908804,4.414926],[-72.908806,4.414031]]}},{"type":"Feature","properties":{"linea":"231-5-7","parcela":"231-5","palmas":13},"geometry":{"type":"LineString","coordinates":[[-72.908734,4.414966],[-72.908736,4.41399]]}},{"type":"Feature","properties":{"linea":"231-5-8","parcela":"231-5","palmas":13},"geometry":{"type":"LineString","coordinates":[[-72.908664,4.415007],[-72.908665,4.414031]]}},{"type":"Feature","properties":{"linea":"231-5-9","parcela":"231-5","palmas":14},"geometry":{"type":"LineString","coordinates":[[-72.908594,4.415048],[-72.908595,4.41399]]}},{"type":"Feature","properties":{"linea":"231-5-10","parcela":"231-5","palmas":14},"geometry":{"type":"LineString","coordinates":[[-72.908523,4.415088],[-72.908525,4.41403]]}},{"type":"Feature","properties":{"linea":"231-5-11","parcela":"231-5","palmas":15},"geometry":{"type":"LineString","coordinates":[[-72.908453,4.415129],[-72.908455,4.413989]]}},{"type":"Feature","properties":{"linea":"231-5-12","parcela":"231-5","palmas":15},"geometry":{"type":"LineString","coordinates":[[-72.908383,4.415169],[-72.908384,4.41403]]}},{"type":"Feature","properties":{"linea":"231-5-13","parcela":"231-5","palmas":16},"geometry":{"type":"LineString","coordinates":[[-72.908313,4.41521],[-72.908314,4.413989]]}},{"type":"Feature","properties":{"linea":"231-5-14","parcela":"231-5","palmas":16},"geometry":{"type":"LineString","coordinates":[[-72.908242,4.41525],[-72.908244,4.41403]]}},{"type":"Feature","properties":{"linea":"231-5-15","parcela":"231-5","palmas":17},"geometry":{"type":"LineString","coordinates":[[-72.908172,4.415291],[-72.908174,4.413989]]}},{"type":"Feature","properties":{"linea":"231-5-16","parcela":"231-5","palmas":17},"geometry":{"type":"LineString","coordinates":[[-72.908102,4.415332],[-72.908104,4.41403]]}},{"type":"Feature","properties":{"linea":"231-5-17","parcela":"231-5","palmas":18},"geometry":{"type":"LineString","coordinates":[[-72.908031,4.415372],[-72.908034,4.413989]]}},{"type":"Feature","properties":{"linea":"231-5-18","parcela":"231-5","palmas":18},"geometry":{"type":"LineString","coordinates":[[-72.907961,4.415413],[-72.907963,4.414029]]}},{"type":"Feature","properties":{"linea":"231-5-19","parcela":"231-5","palmas":19},"geometry":{"type":"LineString","coordinates":[[-72.907891,4.415453],[-72.907893,4.413989]]}},{"type":"Feature","properties":{"linea":"231-5-20","parcela":"231-5","palmas":19},"geometry":{"type":"LineString","coordinates":[[-72.907821,4.415494],[-72.907823,4.414029]]}},{"type":"Feature","properties":{"linea":"231-5-21","parcela":"231-5","palmas":20},"geometry":{"type":"LineString","coordinates":[[-72.90775,4.415534],[-72.907753,4.413988]]}},{"type":"Feature","properties":{"linea":"231-5-22","parcela":"231-5","palmas":20},"geometry":{"type":"LineString","coordinates":[[-72.90768,4.415575],[-72.907683,4.414029]]}},{"type":"Feature","properties":{"linea":"231-5-23","parcela":"231-5","palmas":21},"geometry":{"type":"LineString","coordinates":[[-72.90761,4.415616],[-72.907612,4.413988]]}},{"type":"Feature","properties":{"linea":"231-5-24","parcela":"231-5","palmas":21},"geometry":{"type":"LineString","coordinates":[[-72.907539,4.415656],[-72.907542,4.414029]]}},{"type":"Feature","properties":{"linea":"231-5-25","parcela":"231-5","palmas":22},"geometry":{"type":"LineString","coordinates":[[-72.907469,4.415697],[-72.907472,4.413988]]}},{"type":"Feature","properties":{"linea":"231-5-26","parcela":"231-5","palmas":22},"geometry":{"type":"LineString","coordinates":[[-72.907399,4.415737],[-72.907402,4.414029]]}},{"type":"Feature","properties":{"linea":"231-5-27","parcela":"231-5","palmas":22},"geometry":{"type":"LineString","coordinates":[[-72.907329,4.415696],[-72.907331,4.413988]]}},{"type":"Feature","properties":{"linea":"231-5-28","parcela":"231-5","palmas":21},"geometry":{"type":"LineString","coordinates":[[-72.907259,4.415656],[-72.907261,4.414028]]}},{"type":"Feature","properties":{"linea":"231-5-29","parcela":"231-5","palmas":21},"geometry":{"type":"LineString","coordinates":[[-72.907189,4.415615],[-72.907191,4.413988]]}},{"type":"Feature","properties":{"linea":"231-5-30","parcela":"231-5","palmas":20},"geometry":{"type":"LineString","coordinates":[[-72.907118,4.415574],[-72.907121,4.414028]]}},{"type":"Feature","properties":{"linea":"231-5-31","parcela":"231-5","palmas":20},"geometry":{"type":"LineString","coordinates":[[-72.907048,4.415533],[-72.907051,4.413987]]}},{"type":"Feature","properties":{"linea":"231-5-32","parcela":"231-5","palmas":19},"geometry":{"type":"LineString","coordinates":[[-72.906978,4.415493],[-72.90698,4.414028]]}},{"type":"Feature","properties":{"linea":"231-5-33","parcela":"231-5","palmas":18},"geometry":{"type":"LineString","coordinates":[[-72.906908,4.41537],[-72.90691,4.413987]]}},{"type":"Feature","properties":{"linea":"231-5-34","parcela":"231-5","palmas":17},"geometry":{"type":"LineString","coordinates":[[-72.906838,4.415329],[-72.90684,4.414028]]}},{"type":"Feature","properties":{"linea":"231-5-35","parcela":"231-5","palmas":17},"geometry":{"type":"LineString","coordinates":[[-72.906768,4.415289],[-72.90677,4.413987]]}},{"type":"Feature","properties":{"linea":"231-5-36","parcela":"231-5","palmas":16},"geometry":{"type":"LineString","coordinates":[[-72.906698,4.415248],[-72.906699,4.414028]]}},{"type":"Feature","properties":{"linea":"231-5-37","parcela":"231-5","palmas":16},"geometry":{"type":"LineString","coordinates":[[-72.906627,4.415207],[-72.906629,4.413987]]}},{"type":"Feature","properties":{"linea":"231-5-38","parcela":"231-5","palmas":15},"geometry":{"type":"LineString","coordinates":[[-72.906558,4.415166],[-72.906559,4.414027]]}},{"type":"Feature","properties":{"linea":"231-5-39","parcela":"231-5","palmas":15},"geometry":{"type":"LineString","coordinates":[[-72.906487,4.415126],[-72.906489,4.413986]]}},{"type":"Feature","properties":{"linea":"231-5-40","parcela":"231-5","palmas":14},"geometry":{"type":"LineString","coordinates":[[-72.906417,4.415085],[-72.906419,4.414027]]}},{"type":"Feature","properties":{"linea":"231-5-41","parcela":"231-5","palmas":14},"geometry":{"type":"LineString","coordinates":[[-72.906347,4.415044],[-72.906349,4.413986]]}},{"type":"Feature","properties":{"linea":"231-5-42","parcela":"231-5","palmas":13},"geometry":{"type":"LineString","coordinates":[[-72.906277,4.415003],[-72.906278,4.414027]]}},{"type":"Feature","properties":{"linea":"231-5-43","parcela":"231-5","palmas":12},"geometry":{"type":"LineString","coordinates":[[-72.906207,4.414881],[-72.906208,4.413986]]}},{"type":"Feature","properties":{"linea":"231-5-44","parcela":"231-5","palmas":11},"geometry":{"type":"LineString","coordinates":[[-72.906137,4.41484],[-72.906138,4.414026]]}},{"type":"Feature","properties":{"linea":"231-5-45","parcela":"231-5","palmas":11},"geometry":{"type":"LineString","coordinates":[[-72.906066,4.414799],[-72.906068,4.413986]]}},{"type":"Feature","properties":{"linea":"231-5-46","parcela":"231-5","palmas":10},"geometry":{"type":"LineString","coordinates":[[-72.905996,4.414759],[-72.905998,4.414026]]}},{"type":"Feature","properties":{"linea":"231-5-47","parcela":"231-5","palmas":10},"geometry":{"type":"LineString","coordinates":[[-72.905926,4.414718],[-72.905927,4.413986]]}},{"type":"Feature","properties":{"linea":"231-5-48","parcela":"231-5","palmas":9},"geometry":{"type":"LineString","coordinates":[[-72.905856,4.414677],[-72.905857,4.414026]]}},{"type":"Feature","properties":{"linea":"231-5-49","parcela":"231-5","palmas":9},"geometry":{"type":"LineString","coordinates":[[-72.905786,4.414636],[-72.905787,4.413985]]}},{"type":"Feature","properties":{"linea":"231-5-50","parcela":"231-5","palmas":7},"geometry":{"type":"LineString","coordinates":[[-72.905716,4.414514],[-72.905717,4.414026]]}},{"type":"Feature","properties":{"linea":"231-5-51","parcela":"231-5","palmas":7},"geometry":{"type":"LineString","coordinates":[[-72.905646,4.414473],[-72.905646,4.413985]]}},{"type":"Feature","properties":{"linea":"231-5-52","parcela":"231-5","palmas":6},"geometry":{"type":"LineString","coordinates":[[-72.905576,4.414433],[-72.905576,4.414026]]}},{"type":"Feature","properties":{"linea":"231-5-53","parcela":"231-5","palmas":6},"geometry":{"type":"LineString","coordinates":[[-72.905506,4.414392],[-72.905506,4.413985]]}},{"type":"Feature","properties":{"linea":"231-5-54","parcela":"231-5","palmas":5},"geometry":{"type":"LineString","coordinates":[[-72.905435,4.414351],[-72.905436,4.414025]]}},{"type":"Feature","properties":{"linea":"231-5-55","parcela":"231-5","palmas":5},"geometry":{"type":"LineString","coordinates":[[-72.905365,4.41431],[-72.905366,4.413985]]}},{"type":"Feature","properties":{"linea":"231-5-56","parcela":"231-5","palmas":4},"geometry":{"type":"LineString","coordinates":[[-72.905295,4.414269],[-72.905295,4.414025]]}},{"type":"Feature","properties":{"linea":"231-5-57","parcela":"231-5","palmas":4},"geometry":{"type":"LineString","coordinates":[[-72.905225,4.414229],[-72.905225,4.413984]]}},{"type":"Feature","properties":{"linea":"231-5-58","parcela":"231-5","palmas":3},"geometry":{"type":"LineString","coordinates":[[-72.905155,4.414188],[-72.905155,4.414025]]}},{"type":"Feature","properties":{"linea":"231-5-59","parcela":"231-5","palmas":3},"geometry":{"type":"LineString","coordinates":[[-72.905084,4.414147],[-72.905085,4.413984]]}},{"type":"Feature","properties":{"linea":"231-5-64","parcela":"231-5","palmas":3},"geometry":{"type":"LineString","coordinates":[[-72.902069,4.411742],[-72.902069,4.411904]]}},{"type":"Feature","properties":{"linea":"231-5-65","parcela":"231-5","palmas":3},"geometry":{"type":"LineString","coordinates":[[-72.902139,4.411783],[-72.902139,4.411945]]}},{"type":"Feature","properties":{"linea":"231-5-66","parcela":"231-5","palmas":4},"geometry":{"type":"LineString","coordinates":[[-72.90221,4.411742],[-72.902209,4.411986]]}},{"type":"Feature","properties":{"linea":"231-5-67","parcela":"231-5","palmas":4},"geometry":{"type":"LineString","coordinates":[[-72.90228,4.411783],[-72.902279,4.412027]]}},{"type":"Feature","properties":{"linea":"231-5-68","parcela":"231-5","palmas":5},"geometry":{"type":"LineString","coordinates":[[-72.90235,4.411742],[-72.90235,4.412068]]}},{"type":"Feature","properties":{"linea":"231-5-69","parcela":"231-5","palmas":5},"geometry":{"type":"LineString","coordinates":[[-72.90242,4.411783],[-72.90242,4.412108]]}},{"type":"Feature","properties":{"linea":"231-5-70","parcela":"231-5","palmas":6},"geometry":{"type":"LineString","coordinates":[[-72.902491,4.411742],[-72.90249,4.412149]]}},{"type":"Feature","properties":{"linea":"231-5-71","parcela":"231-5","palmas":6},"geometry":{"type":"LineString","coordinates":[[-72.902561,4.411783],[-72.90256,4.41219]]}},{"type":"Feature","properties":{"linea":"231-5-72","parcela":"231-5","palmas":6},"geometry":{"type":"LineString","coordinates":[[-72.902631,4.411743],[-72.90263,4.412149]]}},{"type":"Feature","properties":{"linea":"231-5-73","parcela":"231-5","palmas":6},"geometry":{"type":"LineString","coordinates":[[-72.902701,4.411783],[-72.902701,4.41219]]}},{"type":"Feature","properties":{"linea":"231-5-74","parcela":"231-5","palmas":7},"geometry":{"type":"LineString","coordinates":[[-72.902771,4.411743],[-72.902771,4.412231]]}},{"type":"Feature","properties":{"linea":"231-5-75","parcela":"231-5","palmas":7},"geometry":{"type":"LineString","coordinates":[[-72.902842,4.411784],[-72.902841,4.412272]]}},{"type":"Feature","properties":{"linea":"231-5-76","parcela":"231-5","palmas":8},"geometry":{"type":"LineString","coordinates":[[-72.902912,4.411743],[-72.902911,4.412313]]}},{"type":"Feature","properties":{"linea":"231-5-77","parcela":"231-5","palmas":7},"geometry":{"type":"LineString","coordinates":[[-72.902982,4.411784],[-72.902981,4.412272]]}},{"type":"Feature","properties":{"linea":"231-5-78","parcela":"231-5","palmas":8},"geometry":{"type":"LineString","coordinates":[[-72.903052,4.411743],[-72.903051,4.412313]]}},{"type":"Feature","properties":{"linea":"231-5-79","parcela":"231-5","palmas":8},"geometry":{"type":"LineString","coordinates":[[-72.903123,4.411784],[-72.903122,4.412354]]}},{"type":"Feature","properties":{"linea":"231-5-80","parcela":"231-5","palmas":9},"geometry":{"type":"LineString","coordinates":[[-72.903193,4.411743],[-72.903192,4.412394]]}},{"type":"Feature","properties":{"linea":"231-5-81","parcela":"231-5","palmas":9},"geometry":{"type":"LineString","coordinates":[[-72.903263,4.411784],[-72.903262,4.412435]]}},{"type":"Feature","properties":{"linea":"231-5-82","parcela":"231-5","palmas":9},"geometry":{"type":"LineString","coordinates":[[-72.903333,4.411744],[-72.903332,4.412395]]}},{"type":"Feature","properties":{"linea":"231-5-83","parcela":"231-5","palmas":9},"geometry":{"type":"LineString","coordinates":[[-72.903403,4.411784],[-72.903402,4.412436]]}},{"type":"Feature","properties":{"linea":"231-5-84","parcela":"231-5","palmas":10},"geometry":{"type":"LineString","coordinates":[[-72.903474,4.411744],[-72.903473,4.412476]]}},{"type":"Feature","properties":{"linea":"231-5-85","parcela":"231-5","palmas":10},"geometry":{"type":"LineString","coordinates":[[-72.903544,4.411785],[-72.903543,4.412517]]}},{"type":"Feature","properties":{"linea":"231-5-86","parcela":"231-5","palmas":10},"geometry":{"type":"LineString","coordinates":[[-72.903614,4.411744],[-72.903613,4.412476]]}},{"type":"Feature","properties":{"linea":"231-5-87","parcela":"231-5","palmas":10},"geometry":{"type":"LineString","coordinates":[[-72.903684,4.411785],[-72.903683,4.412517]]}},{"type":"Feature","properties":{"linea":"231-5-88","parcela":"231-5","palmas":11},"geometry":{"type":"LineString","coordinates":[[-72.903754,4.411744],[-72.903753,4.412558]]}},{"type":"Feature","properties":{"linea":"231-5-89","parcela":"231-5","palmas":11},"geometry":{"type":"LineString","coordinates":[[-72.903824,4.411785],[-72.903823,4.412599]]}},{"type":"Feature","properties":{"linea":"231-5-90","parcela":"231-5","palmas":11},"geometry":{"type":"LineString","coordinates":[[-72.903895,4.411744],[-72.903894,4.412558]]}},{"type":"Feature","properties":{"linea":"231-5-91","parcela":"231-5","palmas":11},"geometry":{"type":"LineString","coordinates":[[-72.903965,4.411785],[-72.903964,4.412599]]}},{"type":"Feature","properties":{"linea":"231-5-92","parcela":"231-5","palmas":12},"geometry":{"type":"LineString","coordinates":[[-72.904035,4.411745],[-72.904034,4.41264]]}},{"type":"Feature","properties":{"linea":"231-5-93","parcela":"231-5","palmas":11},"geometry":{"type":"LineString","coordinates":[[-72.904105,4.411786],[-72.904104,4.412599]]}},{"type":"Feature","properties":{"linea":"231-5-94","parcela":"231-5","palmas":12},"geometry":{"type":"LineString","coordinates":[[-72.904176,4.411745],[-72.904174,4.41264]]}},{"type":"Feature","properties":{"linea":"231-5-95","parcela":"231-5","palmas":12},"geometry":{"type":"LineString","coordinates":[[-72.904246,4.411786],[-72.904244,4.412681]]}},{"type":"Feature","properties":{"linea":"231-5-96","parcela":"231-5","palmas":13},"geometry":{"type":"LineString","coordinates":[[-72.904316,4.411745],[-72.904314,4.412722]]}},{"type":"Feature","properties":{"linea":"231-5-97","parcela":"231-5","palmas":13},"geometry":{"type":"LineString","coordinates":[[-72.904386,4.411786],[-72.904385,4.412763]]}},{"type":"Feature","properties":{"linea":"231-5-98","parcela":"231-5","palmas":14},"geometry":{"type":"LineString","coordinates":[[-72.904456,4.411746],[-72.904455,4.412803]]}},{"type":"Feature","properties":{"linea":"231-5-99","parcela":"231-5","palmas":24},"geometry":{"type":"LineString","coordinates":[[-72.904527,4.411786],[-72.904524,4.413658]]}},{"type":"Feature","properties":{"linea":"231-5-100","parcela":"231-5","palmas":26},"geometry":{"type":"LineString","coordinates":[[-72.904597,4.411746],[-72.904594,4.41378]]}},{"type":"Feature","properties":{"linea":"231-5-101","parcela":"231-5","palmas":26},"geometry":{"type":"LineString","coordinates":[[-72.904667,4.411786],[-72.904664,4.413821]]}},{"type":"Feature","properties":{"linea":"231-5-102","parcela":"231-5","palmas":27},"geometry":{"type":"LineString","coordinates":[[-72.904737,4.411746],[-72.904734,4.413862]]}},{"type":"Feature","properties":{"linea":"231-5-103","parcela":"231-5","palmas":27},"geometry":{"type":"LineString","coordinates":[[-72.904808,4.411787],[-72.904804,4.413902]]}},{"type":"Feature","properties":{"linea":"231-5-104","parcela":"231-5","palmas":27},"geometry":{"type":"LineString","coordinates":[[-72.904878,4.411746],[-72.904874,4.413862]]}},{"type":"Feature","properties":{"linea":"231-5-105","parcela":"231-5","palmas":27},"geometry":{"type":"LineString","coordinates":[[-72.904948,4.411787],[-72.904944,4.413903]]}},{"type":"Feature","properties":{"linea":"231-5-106","parcela":"231-5","palmas":27},"geometry":{"type":"LineString","coordinates":[[-72.905018,4.411746],[-72.905015,4.413862]]}},{"type":"Feature","properties":{"linea":"231-5-107","parcela":"231-5","palmas":27},"geometry":{"type":"LineString","coordinates":[[-72.905088,4.411787],[-72.905085,4.413903]]}},{"type":"Feature","properties":{"linea":"231-5-108","parcela":"231-5","palmas":27},"geometry":{"type":"LineString","coordinates":[[-72.905159,4.411747],[-72.905155,4.413862]]}},{"type":"Feature","properties":{"linea":"231-5-109","parcela":"231-5","palmas":27},"geometry":{"type":"LineString","coordinates":[[-72.905229,4.411787],[-72.905225,4.413903]]}},{"type":"Feature","properties":{"linea":"231-5-110","parcela":"231-5","palmas":27},"geometry":{"type":"LineString","coordinates":[[-72.905299,4.411747],[-72.905296,4.413863]]}},{"type":"Feature","properties":{"linea":"231-5-111","parcela":"231-5","palmas":27},"geometry":{"type":"LineString","coordinates":[[-72.905369,4.411787],[-72.905366,4.413903]]}},{"type":"Feature","properties":{"linea":"231-5-112","parcela":"231-5","palmas":27},"geometry":{"type":"LineString","coordinates":[[-72.905439,4.411747],[-72.905436,4.413863]]}},{"type":"Feature","properties":{"linea":"231-5-113","parcela":"231-5","palmas":27},"geometry":{"type":"LineString","coordinates":[[-72.905509,4.411788],[-72.905506,4.413903]]}},{"type":"Feature","properties":{"linea":"231-5-114","parcela":"231-5","palmas":27},"geometry":{"type":"LineString","coordinates":[[-72.90558,4.411747],[-72.905576,4.413863]]}},{"type":"Feature","properties":{"linea":"231-5-115","parcela":"231-5","palmas":27},"geometry":{"type":"LineString","coordinates":[[-72.90565,4.411788],[-72.905647,4.413904]]}},{"type":"Feature","properties":{"linea":"231-5-116","parcela":"231-5","palmas":27},"geometry":{"type":"LineString","coordinates":[[-72.90572,4.411748],[-72.905717,4.413863]]}},{"type":"Feature","properties":{"linea":"231-5-117","parcela":"231-5","palmas":27},"geometry":{"type":"LineString","coordinates":[[-72.90579,4.411788],[-72.905787,4.413904]]}},{"type":"Feature","properties":{"linea":"231-5-118","parcela":"231-5","palmas":27},"geometry":{"type":"LineString","coordinates":[[-72.905861,4.411748],[-72.905857,4.413863]]}},{"type":"Feature","properties":{"linea":"231-5-119","parcela":"231-5","palmas":27},"geometry":{"type":"LineString","coordinates":[[-72.905931,4.411788],[-72.905928,4.413904]]}},{"type":"Feature","properties":{"linea":"231-5-120","parcela":"231-5","palmas":27},"geometry":{"type":"LineString","coordinates":[[-72.906001,4.411748],[-72.905998,4.413864]]}},{"type":"Feature","properties":{"linea":"231-5-121","parcela":"231-5","palmas":27},"geometry":{"type":"LineString","coordinates":[[-72.906071,4.411789],[-72.906068,4.413904]]}},{"type":"Feature","properties":{"linea":"231-5-122","parcela":"231-5","palmas":27},"geometry":{"type":"LineString","coordinates":[[-72.906141,4.411748],[-72.906138,4.413864]]}},{"type":"Feature","properties":{"linea":"231-5-123","parcela":"231-5","palmas":27},"geometry":{"type":"LineString","coordinates":[[-72.906212,4.411789],[-72.906208,4.413904]]}},{"type":"Feature","properties":{"linea":"231-5-124","parcela":"231-5","palmas":27},"geometry":{"type":"LineString","coordinates":[[-72.906282,4.411748],[-72.906279,4.413864]]}},{"type":"Feature","properties":{"linea":"231-5-125","parcela":"231-5","palmas":27},"geometry":{"type":"LineString","coordinates":[[-72.906352,4.411789],[-72.906349,4.413905]]}},{"type":"Feature","properties":{"linea":"231-5-126","parcela":"231-5","palmas":27},"geometry":{"type":"LineString","coordinates":[[-72.906422,4.411749],[-72.906419,4.413864]]}},{"type":"Feature","properties":{"linea":"231-5-127","parcela":"231-5","palmas":27},"geometry":{"type":"LineString","coordinates":[[-72.906492,4.411789],[-72.906489,4.413905]]}},{"type":"Feature","properties":{"linea":"231-5-128","parcela":"231-5","palmas":27},"geometry":{"type":"LineString","coordinates":[[-72.906563,4.411749],[-72.906559,4.413864]]}},{"type":"Feature","properties":{"linea":"231-5-129","parcela":"231-5","palmas":26},"geometry":{"type":"LineString","coordinates":[[-72.906633,4.411871],[-72.906629,4.413905]]}},{"type":"Feature","properties":{"linea":"231-5-130","parcela":"231-5","palmas":27},"geometry":{"type":"LineString","coordinates":[[-72.906703,4.411749],[-72.9067,4.413865]]}},{"type":"Feature","properties":{"linea":"231-5-131","parcela":"231-5","palmas":27},"geometry":{"type":"LineString","coordinates":[[-72.906773,4.41179],[-72.90677,4.413906]]}},{"type":"Feature","properties":{"linea":"231-5-132","parcela":"231-5","palmas":24},"geometry":{"type":"LineString","coordinates":[[-72.906843,4.411993],[-72.90684,4.413865]]}},{"type":"Feature","properties":{"linea":"231-5-133","parcela":"231-5","palmas":24},"geometry":{"type":"LineString","coordinates":[[-72.906913,4.412034],[-72.90691,4.413906]]}},{"type":"Feature","properties":{"linea":"231-5-134","parcela":"231-5","palmas":21},"geometry":{"type":"LineString","coordinates":[[-72.906983,4.412238],[-72.906981,4.413865]]}},{"type":"Feature","properties":{"linea":"231-5-135","parcela":"231-5","palmas":20},"geometry":{"type":"LineString","coordinates":[[-72.907053,4.41236],[-72.907051,4.413906]]}},{"type":"Feature","properties":{"linea":"231-5-136","parcela":"231-5","palmas":16},"geometry":{"type":"LineString","coordinates":[[-72.907123,4.412645],[-72.907121,4.413865]]}},{"type":"Feature","properties":{"linea":"231-5-137","parcela":"231-5","palmas":15},"geometry":{"type":"LineString","coordinates":[[-72.907193,4.412767],[-72.907191,4.413906]]}},{"type":"Feature","properties":{"linea":"231-5-138","parcela":"231-5","palmas":15},"geometry":{"type":"LineString","coordinates":[[-72.907263,4.412726],[-72.907261,4.413866]]}},{"type":"Feature","properties":{"linea":"231-5-139","parcela":"231-5","palmas":15},"geometry":{"type":"LineString","coordinates":[[-72.907333,4.412767],[-72.907332,4.413906]]}},{"type":"Feature","properties":{"linea":"231-5-140","parcela":"231-5","palmas":15},"geometry":{"type":"LineString","coordinates":[[-72.907404,4.412727],[-72.907402,4.413866]]}},{"type":"Feature","properties":{"linea":"231-5-141","parcela":"231-5","palmas":14},"geometry":{"type":"LineString","coordinates":[[-72.907474,4.412849],[-72.907472,4.413907]]}},{"type":"Feature","properties":{"linea":"231-5-142","parcela":"231-5","palmas":16},"geometry":{"type":"LineString","coordinates":[[-72.907544,4.412645],[-72.907542,4.413866]]}},{"type":"Feature","properties":{"linea":"231-5-143","parcela":"231-5","palmas":16},"geometry":{"type":"LineString","coordinates":[[-72.907614,4.412686],[-72.907612,4.413907]]}},{"type":"Feature","properties":{"linea":"231-5-144","parcela":"231-5","palmas":15},"geometry":{"type":"LineString","coordinates":[[-72.907684,4.412727],[-72.907683,4.413866]]}},{"type":"Feature","properties":{"linea":"231-5-145","parcela":"231-5","palmas":16},"geometry":{"type":"LineString","coordinates":[[-72.907755,4.412686],[-72.907753,4.413907]]}},{"type":"Feature","properties":{"linea":"231-5-146","parcela":"231-5","palmas":15},"geometry":{"type":"LineString","coordinates":[[-72.907825,4.412727],[-72.907823,4.413866]]}},{"type":"Feature","properties":{"linea":"231-5-147","parcela":"231-5","palmas":16},"geometry":{"type":"LineString","coordinates":[[-72.907895,4.412687],[-72.907893,4.413907]]}},{"type":"Feature","properties":{"linea":"231-5-148","parcela":"231-5","palmas":16},"geometry":{"type":"LineString","coordinates":[[-72.907966,4.412646],[-72.907964,4.413867]]}},{"type":"Feature","properties":{"linea":"231-5-149","parcela":"231-5","palmas":18},"geometry":{"type":"LineString","coordinates":[[-72.908036,4.412524],[-72.908034,4.413908]]}},{"type":"Feature","properties":{"linea":"231-5-150","parcela":"231-5","palmas":19},"geometry":{"type":"LineString","coordinates":[[-72.908106,4.412402],[-72.908104,4.413867]]}},{"type":"Feature","properties":{"linea":"231-5-151","parcela":"231-5","palmas":27},"geometry":{"type":"LineString","coordinates":[[-72.908178,4.411792],[-72.908174,4.413908]]}},{"type":"Feature","properties":{"linea":"231-5-152","parcela":"231-5","palmas":26},"geometry":{"type":"LineString","coordinates":[[-72.908248,4.411833],[-72.908244,4.413867]]}},{"type":"Feature","properties":{"linea":"231-5-153","parcela":"231-5","palmas":27},"geometry":{"type":"LineString","coordinates":[[-72.908318,4.411792],[-72.908314,4.413908]]}},{"type":"Feature","properties":{"linea":"231-5-154","parcela":"231-5","palmas":27},"geometry":{"type":"LineString","coordinates":[[-72.908388,4.411752],[-72.908385,4.413867]]}},{"type":"Feature","properties":{"linea":"231-5-155","parcela":"231-5","palmas":27},"geometry":{"type":"LineString","coordinates":[[-72.908458,4.411793],[-72.908455,4.413908]]}},{"type":"Feature","properties":{"linea":"231-5-156","parcela":"231-5","palmas":22},"geometry":{"type":"LineString","coordinates":[[-72.908528,4.412159],[-72.908525,4.413868]]}},{"type":"Feature","properties":{"linea":"231-5-157","parcela":"231-5","palmas":20},"geometry":{"type":"LineString","coordinates":[[-72.908598,4.412362],[-72.908595,4.413908]]}},{"type":"Feature","properties":{"linea":"231-5-158","parcela":"231-5","palmas":17},"geometry":{"type":"LineString","coordinates":[[-72.908668,4.412566],[-72.908666,4.413868]]}},{"type":"Feature","properties":{"linea":"231-5-159","parcela":"231-5","palmas":13},"geometry":{"type":"LineString","coordinates":[[-72.908738,4.412851],[-72.908736,4.413827]]}},{"type":"Feature","properties":{"linea":"231-5-160","parcela":"231-5","palmas":11},"geometry":{"type":"LineString","coordinates":[[-72.908807,4.413054],[-72.908806,4.413868]]}},{"type":"Feature","properties":{"linea":"231-5-161","parcela":"231-5","palmas":7},"geometry":{"type":"LineString","coordinates":[[-72.908877,4.413421],[-72.908876,4.413909]]}},{"type":"Feature","properties":{"linea":"231-5-162","parcela":"231-5","palmas":4},"geometry":{"type":"LineString","coordinates":[[-72.908947,4.413624],[-72.908946,4.413868]]}},{"type":"Feature","properties":{"linea":"231-5-164","parcela":"231-5","palmas":16},"geometry":{"type":"LineString","coordinates":[[-72.907126,4.411017],[-72.907128,4.409797]]}},{"type":"Feature","properties":{"linea":"231-5-165","parcela":"231-5","palmas":17},"geometry":{"type":"LineString","coordinates":[[-72.907055,4.411058],[-72.907057,4.409756]]}},{"type":"Feature","properties":{"linea":"231-5-166","parcela":"231-5","palmas":19},"geometry":{"type":"LineString","coordinates":[[-72.906985,4.411261],[-72.906987,4.409796]]}},{"type":"Feature","properties":{"linea":"231-5-167","parcela":"231-5","palmas":22},"geometry":{"type":"LineString","coordinates":[[-72.906914,4.411464],[-72.906917,4.409756]]}},{"type":"Feature","properties":{"linea":"231-5-168","parcela":"231-5","palmas":21},"geometry":{"type":"LineString","coordinates":[[-72.906844,4.411505],[-72.906846,4.409878]]}},{"type":"Feature","properties":{"linea":"231-5-169","parcela":"231-5","palmas":21},"geometry":{"type":"LineString","coordinates":[[-72.906774,4.411627],[-72.906776,4.41]]}},{"type":"Feature","properties":{"linea":"231-5-170","parcela":"231-5","palmas":24},"geometry":{"type":"LineString","coordinates":[[-72.906703,4.411586],[-72.906706,4.409715]]}},{"type":"Feature","properties":{"linea":"231-5-171","parcela":"231-5","palmas":29},"geometry":{"type":"LineString","coordinates":[[-72.906633,4.411627],[-72.906637,4.409348]]}},{"type":"Feature","properties":{"linea":"231-5-172","parcela":"231-5","palmas":30},"geometry":{"type":"LineString","coordinates":[[-72.906563,4.411668],[-72.906567,4.409308]]}},{"type":"Feature","properties":{"linea":"231-5-173","parcela":"231-5","palmas":30},"geometry":{"type":"LineString","coordinates":[[-72.906493,4.411627],[-72.906496,4.409267]]}},{"type":"Feature","properties":{"linea":"231-5-174","parcela":"231-5","palmas":31},"geometry":{"type":"LineString","coordinates":[[-72.906423,4.411667],[-72.906426,4.409226]]}},{"type":"Feature","properties":{"linea":"231-5-175","parcela":"231-5","palmas":31},"geometry":{"type":"LineString","coordinates":[[-72.906352,4.411626],[-72.906356,4.409185]]}},{"type":"Feature","properties":{"linea":"231-5-176","parcela":"231-5","palmas":31},"geometry":{"type":"LineString","coordinates":[[-72.906282,4.411667],[-72.906286,4.409226]]}},{"type":"Feature","properties":{"linea":"231-5-177","parcela":"231-5","palmas":31},"geometry":{"type":"LineString","coordinates":[[-72.906212,4.411626],[-72.906216,4.409185]]}},{"type":"Feature","properties":{"linea":"231-5-178","parcela":"231-5","palmas":32},"geometry":{"type":"LineString","coordinates":[[-72.906142,4.411667],[-72.906146,4.409144]]}},{"type":"Feature","properties":{"linea":"231-5-179","parcela":"231-5","palmas":31},"geometry":{"type":"LineString","coordinates":[[-72.906071,4.411626],[-72.906075,4.409185]]}},{"type":"Feature","properties":{"linea":"231-5-180","parcela":"231-5","palmas":32},"geometry":{"type":"LineString","coordinates":[[-72.906001,4.411666],[-72.906005,4.409144]]}},{"type":"Feature","properties":{"linea":"231-5-181","parcela":"231-5","palmas":32},"geometry":{"type":"LineString","coordinates":[[-72.905931,4.411626],[-72.905935,4.409103]]}},{"type":"Feature","properties":{"linea":"231-5-182","parcela":"231-5","palmas":33},"geometry":{"type":"LineString","coordinates":[[-72.905861,4.411666],[-72.905865,4.409063]]}},{"type":"Feature","properties":{"linea":"231-5-183","parcela":"231-5","palmas":33},"geometry":{"type":"LineString","coordinates":[[-72.905791,4.411626],[-72.905795,4.409022]]}},{"type":"Feature","properties":{"linea":"231-5-184","parcela":"231-5","palmas":33},"geometry":{"type":"LineString","coordinates":[[-72.90572,4.411666],[-72.905724,4.409062]]}},{"type":"Feature","properties":{"linea":"231-5-185","parcela":"231-5","palmas":33},"geometry":{"type":"LineString","coordinates":[[-72.90565,4.411625],[-72.905654,4.409021]]}},{"type":"Feature","properties":{"linea":"231-5-186","parcela":"231-5","palmas":33},"geometry":{"type":"LineString","coordinates":[[-72.90558,4.411666],[-72.905584,4.409062]]}},{"type":"Feature","properties":{"linea":"231-5-187","parcela":"231-5","palmas":33},"geometry":{"type":"LineString","coordinates":[[-72.90551,4.411625],[-72.905514,4.409021]]}},{"type":"Feature","properties":{"linea":"231-5-188","parcela":"231-5","palmas":34},"geometry":{"type":"LineString","coordinates":[[-72.905439,4.411666],[-72.905444,4.40898]]}},{"type":"Feature","properties":{"linea":"231-5-189","parcela":"231-5","palmas":33},"geometry":{"type":"LineString","coordinates":[[-72.905369,4.411625],[-72.905373,4.409021]]}},{"type":"Feature","properties":{"linea":"231-5-190","parcela":"231-5","palmas":34},"geometry":{"type":"LineString","coordinates":[[-72.905299,4.411665],[-72.905303,4.40898]]}},{"type":"Feature","properties":{"linea":"231-5-191","parcela":"231-5","palmas":33},"geometry":{"type":"LineString","coordinates":[[-72.905229,4.411625],[-72.905233,4.409021]]}},{"type":"Feature","properties":{"linea":"231-5-192","parcela":"231-5","palmas":34},"geometry":{"type":"LineString","coordinates":[[-72.905159,4.411665],[-72.905163,4.40898]]}},{"type":"Feature","properties":{"linea":"231-5-193","parcela":"231-5","palmas":33},"geometry":{"type":"LineString","coordinates":[[-72.905089,4.411624],[-72.905093,4.409021]]}},{"type":"Feature","properties":{"linea":"231-5-194","parcela":"231-5","palmas":33},"geometry":{"type":"LineString","coordinates":[[-72.905018,4.411665],[-72.905022,4.409061]]}},{"type":"Feature","properties":{"linea":"231-5-195","parcela":"231-5","palmas":33},"geometry":{"type":"LineString","coordinates":[[-72.904948,4.411624],[-72.904952,4.40902]]}},{"type":"Feature","properties":{"linea":"231-5-196","parcela":"231-5","palmas":33},"geometry":{"type":"LineString","coordinates":[[-72.904878,4.411665],[-72.904882,4.409061]]}},{"type":"Feature","properties":{"linea":"231-5-197","parcela":"231-5","palmas":36},"geometry":{"type":"LineString","coordinates":[[-72.904808,4.411624],[-72.904812,4.408776]]}},{"type":"Feature","properties":{"linea":"231-5-198","parcela":"231-5","palmas":37},"geometry":{"type":"LineString","coordinates":[[-72.904738,4.411664],[-72.904742,4.408735]]}},{"type":"Feature","properties":{"linea":"231-5-199","parcela":"231-5","palmas":37},"geometry":{"type":"LineString","coordinates":[[-72.904667,4.411624],[-72.904672,4.408694]]}},{"type":"Feature","properties":{"linea":"231-5-200","parcela":"231-5","palmas":38},"geometry":{"type":"LineString","coordinates":[[-72.904597,4.411664],[-72.904602,4.408654]]}},{"type":"Feature","properties":{"linea":"231-5-201","parcela":"231-5","palmas":38},"geometry":{"type":"LineString","coordinates":[[-72.904527,4.411624],[-72.904532,4.408613]]}},{"type":"Feature","properties":{"linea":"231-5-202","parcela":"231-5","palmas":38},"geometry":{"type":"LineString","coordinates":[[-72.904457,4.411664],[-72.904461,4.408653]]}},{"type":"Feature","properties":{"linea":"231-5-203","parcela":"231-5","palmas":38},"geometry":{"type":"LineString","coordinates":[[-72.904386,4.411623],[-72.904391,4.408613]]}},{"type":"Feature","properties":{"linea":"231-5-204","parcela":"231-5","palmas":39},"geometry":{"type":"LineString","coordinates":[[-72.904316,4.411664],[-72.904321,4.408572]]}},{"type":"Feature","properties":{"linea":"231-5-205","parcela":"231-5","palmas":39},"geometry":{"type":"LineString","coordinates":[[-72.904246,4.411623],[-72.904251,4.408531]]}},{"type":"Feature","properties":{"linea":"231-5-206","parcela":"231-5","palmas":39},"geometry":{"type":"LineString","coordinates":[[-72.904176,4.411664],[-72.904181,4.408571]]}},{"type":"Feature","properties":{"linea":"231-5-207","parcela":"231-5","palmas":39},"geometry":{"type":"LineString","coordinates":[[-72.904106,4.411623],[-72.904111,4.408531]]}},{"type":"Feature","properties":{"linea":"231-5-208","parcela":"231-5","palmas":40},"geometry":{"type":"LineString","coordinates":[[-72.904035,4.411663],[-72.90404,4.40849]]}},{"type":"Feature","properties":{"linea":"231-5-209","parcela":"231-5","palmas":40},"geometry":{"type":"LineString","coordinates":[[-72.903965,4.411623],[-72.90397,4.408449]]}},{"type":"Feature","properties":{"linea":"231-5-210","parcela":"231-5","palmas":27},"geometry":{"type":"LineString","coordinates":[[-72.903895,4.411663],[-72.903898,4.409548]]}},{"type":"Feature","properties":{"linea":"231-5-211","parcela":"231-5","palmas":27},"geometry":{"type":"LineString","coordinates":[[-72.903825,4.411623],[-72.903828,4.409507]]}},{"type":"Feature","properties":{"linea":"231-5-212","parcela":"231-5","palmas":27},"geometry":{"type":"LineString","coordinates":[[-72.903754,4.411663],[-72.903758,4.409547]]}},{"type":"Feature","properties":{"linea":"231-5-213","parcela":"231-5","palmas":27},"geometry":{"type":"LineString","coordinates":[[-72.903684,4.411622],[-72.903688,4.409506]]}},{"type":"Feature","properties":{"linea":"231-5-214","parcela":"231-5","palmas":27},"geometry":{"type":"LineString","coordinates":[[-72.903614,4.411663],[-72.903618,4.409547]]}},{"type":"Feature","properties":{"linea":"231-5-215","parcela":"231-5","palmas":27},"geometry":{"type":"LineString","coordinates":[[-72.903544,4.411622],[-72.903547,4.409506]]}},{"type":"Feature","properties":{"linea":"231-5-216","parcela":"231-5","palmas":27},"geometry":{"type":"LineString","coordinates":[[-72.903474,4.411663],[-72.903477,4.409547]]}},{"type":"Feature","properties":{"linea":"231-5-217","parcela":"231-5","palmas":27},"geometry":{"type":"LineString","coordinates":[[-72.903404,4.411622],[-72.903407,4.409506]]}},{"type":"Feature","properties":{"linea":"231-5-218","parcela":"231-5","palmas":27},"geometry":{"type":"LineString","coordinates":[[-72.903333,4.411662],[-72.903337,4.409547]]}},{"type":"Feature","properties":{"linea":"231-5-219","parcela":"231-5","palmas":27},"geometry":{"type":"LineString","coordinates":[[-72.903263,4.411621],[-72.903266,4.409506]]}},{"type":"Feature","properties":{"linea":"231-5-220","parcela":"231-5","palmas":27},"geometry":{"type":"LineString","coordinates":[[-72.903193,4.411662],[-72.903196,4.409546]]}},{"type":"Feature","properties":{"linea":"231-5-221","parcela":"231-5","palmas":27},"geometry":{"type":"LineString","coordinates":[[-72.903123,4.411621],[-72.903126,4.409506]]}},{"type":"Feature","properties":{"linea":"231-5-222","parcela":"231-5","palmas":27},"geometry":{"type":"LineString","coordinates":[[-72.903053,4.411662],[-72.903056,4.409546]]}},{"type":"Feature","properties":{"linea":"231-5-223","parcela":"231-5","palmas":27},"geometry":{"type":"LineString","coordinates":[[-72.902982,4.411621],[-72.902986,4.409505]]}},{"type":"Feature","properties":{"linea":"231-5-224","parcela":"231-5","palmas":27},"geometry":{"type":"LineString","coordinates":[[-72.902912,4.411662],[-72.902915,4.409546]]}},{"type":"Feature","properties":{"linea":"231-5-225","parcela":"231-5","palmas":27},"geometry":{"type":"LineString","coordinates":[[-72.902842,4.411621],[-72.902845,4.409505]]}},{"type":"Feature","properties":{"linea":"231-5-226","parcela":"231-5","palmas":27},"geometry":{"type":"LineString","coordinates":[[-72.902772,4.411661],[-72.902775,4.409546]]}},{"type":"Feature","properties":{"linea":"231-5-227","parcela":"231-5","palmas":27},"geometry":{"type":"LineString","coordinates":[[-72.902701,4.411621],[-72.902705,4.409505]]}},{"type":"Feature","properties":{"linea":"231-5-228","parcela":"231-5","palmas":27},"geometry":{"type":"LineString","coordinates":[[-72.902631,4.411661],[-72.902634,4.409546]]}},{"type":"Feature","properties":{"linea":"231-5-229","parcela":"231-5","palmas":27},"geometry":{"type":"LineString","coordinates":[[-72.902561,4.41162],[-72.902564,4.409505]]}},{"type":"Feature","properties":{"linea":"231-5-230","parcela":"231-5","palmas":27},"geometry":{"type":"LineString","coordinates":[[-72.902491,4.411661],[-72.902494,4.409545]]}},{"type":"Feature","properties":{"linea":"231-5-231","parcela":"231-5","palmas":27},"geometry":{"type":"LineString","coordinates":[[-72.902421,4.41162],[-72.902424,4.409504]]}},{"type":"Feature","properties":{"linea":"231-5-232","parcela":"231-5","palmas":27},"geometry":{"type":"LineString","coordinates":[[-72.90235,4.411661],[-72.902354,4.409545]]}},{"type":"Feature","properties":{"linea":"231-5-233","parcela":"231-5","palmas":27},"geometry":{"type":"LineString","coordinates":[[-72.90228,4.41162],[-72.902284,4.409504]]}},{"type":"Feature","properties":{"linea":"231-5-234","parcela":"231-5","palmas":27},"geometry":{"type":"LineString","coordinates":[[-72.90221,4.411661],[-72.902213,4.409545]]}},{"type":"Feature","properties":{"linea":"231-5-235","parcela":"231-5","palmas":27},"geometry":{"type":"LineString","coordinates":[[-72.90214,4.41162],[-72.902143,4.409504]]}},{"type":"Feature","properties":{"linea":"231-5-236","parcela":"231-5","palmas":27},"geometry":{"type":"LineString","coordinates":[[-72.902069,4.41166],[-72.902073,4.409545]]}},{"type":"Feature","properties":{"linea":"231-5-237","parcela":"231-5","palmas":27},"geometry":{"type":"LineString","coordinates":[[-72.901999,4.411619],[-72.902003,4.409504]]}},{"type":"Feature","properties":{"linea":"231-5-238","parcela":"231-5","palmas":27},"geometry":{"type":"LineString","coordinates":[[-72.901929,4.41166],[-72.901933,4.409544]]}},{"type":"Feature","properties":{"linea":"231-5-239","parcela":"231-5","palmas":27},"geometry":{"type":"LineString","coordinates":[[-72.901859,4.411619],[-72.901862,4.409504]]}},{"type":"Feature","properties":{"linea":"231-5-240","parcela":"231-5","palmas":27},"geometry":{"type":"LineString","coordinates":[[-72.901789,4.41166],[-72.901792,4.409544]]}},{"type":"Feature","properties":{"linea":"231-5-241","parcela":"231-5","palmas":27},"geometry":{"type":"LineString","coordinates":[[-72.901719,4.411619],[-72.901722,4.409503]]}},{"type":"Feature","properties":{"linea":"231-5-242","parcela":"231-5","palmas":26},"geometry":{"type":"LineString","coordinates":[[-72.901648,4.411578],[-72.901652,4.409544]]}},{"type":"Feature","properties":{"linea":"231-5-243","parcela":"231-5","palmas":26},"geometry":{"type":"LineString","coordinates":[[-72.901578,4.411538],[-72.901581,4.409503]]}},{"type":"Feature","properties":{"linea":"231-5-244","parcela":"231-5","palmas":25},"geometry":{"type":"LineString","coordinates":[[-72.901508,4.411497],[-72.901511,4.409544]]}},{"type":"Feature","properties":{"linea":"231-5-245","parcela":"231-5","palmas":25},"geometry":{"type":"LineString","coordinates":[[-72.901438,4.411456],[-72.901441,4.409503]]}},{"type":"Feature","properties":{"linea":"231-5-246","parcela":"231-5","palmas":24},"geometry":{"type":"LineString","coordinates":[[-72.901368,4.411415],[-72.901371,4.409544]]}},{"type":"Feature","properties":{"linea":"231-5-247","parcela":"231-5","palmas":24},"geometry":{"type":"LineString","coordinates":[[-72.901298,4.411374],[-72.901301,4.409503]]}},{"type":"Feature","properties":{"linea":"231-5-248","parcela":"231-5","palmas":23},"geometry":{"type":"LineString","coordinates":[[-72.901228,4.411333],[-72.90123,4.409543]]}},{"type":"Feature","properties":{"linea":"231-5-249","parcela":"231-5","palmas":23},"geometry":{"type":"LineString","coordinates":[[-72.901158,4.411293],[-72.90116,4.409503]]}},{"type":"Feature","properties":{"linea":"231-5-250","parcela":"231-5","palmas":22},"geometry":{"type":"LineString","coordinates":[[-72.901087,4.411252],[-72.90109,4.409543]]}},{"type":"Feature","properties":{"linea":"231-5-251","parcela":"231-5","palmas":22},"geometry":{"type":"LineString","coordinates":[[-72.901017,4.411211],[-72.90102,4.409502]]}},{"type":"Feature","properties":{"linea":"231-5-252","parcela":"231-5","palmas":21},"geometry":{"type":"LineString","coordinates":[[-72.900947,4.41117],[-72.900949,4.409543]]}},{"type":"Feature","properties":{"linea":"231-5-253","parcela":"231-5","palmas":21},"geometry":{"type":"LineString","coordinates":[[-72.900877,4.411129],[-72.900879,4.409502]]}},{"type":"Feature","properties":{"linea":"231-5-254","parcela":"231-5","palmas":19},"geometry":{"type":"LineString","coordinates":[[-72.900807,4.411007],[-72.900809,4.409543]]}},{"type":"Feature","properties":{"linea":"231-5-255","parcela":"231-5","palmas":18},"geometry":{"type":"LineString","coordinates":[[-72.900737,4.410885],[-72.900739,4.409502]]}},{"type":"Feature","properties":{"linea":"231-5-256","parcela":"231-5","palmas":16},"geometry":{"type":"LineString","coordinates":[[-72.900667,4.410763],[-72.900669,4.409543]]}},{"type":"Feature","properties":{"linea":"231-5-257","parcela":"231-5","palmas":15},"geometry":{"type":"LineString","coordinates":[[-72.900597,4.410641],[-72.900599,4.409502]]}},{"type":"Feature","properties":{"linea":"231-5-258","parcela":"231-5","palmas":13},"geometry":{"type":"LineString","coordinates":[[-72.900527,4.410519],[-72.900528,4.409542]]}},{"type":"Feature","properties":{"linea":"231-5-259","parcela":"231-5","palmas":12},"geometry":{"type":"LineString","coordinates":[[-72.900457,4.410396],[-72.900458,4.409501]]}},{"type":"Feature","properties":{"linea":"231-5-260","parcela":"231-5","palmas":12},"geometry":{"type":"LineString","coordinates":[[-72.900386,4.410437],[-72.900388,4.409542]]}},{"type":"Feature","properties":{"linea":"231-5-261","parcela":"231-5","palmas":12},"geometry":{"type":"LineString","coordinates":[[-72.900316,4.410396],[-72.900318,4.409501]]}},{"type":"Feature","properties":{"linea":"231-5-262","parcela":"231-5","palmas":11},"geometry":{"type":"LineString","coordinates":[[-72.900246,4.410356],[-72.900248,4.409542]]}},{"type":"Feature","properties":{"linea":"231-5-263","parcela":"231-5","palmas":11},"geometry":{"type":"LineString","coordinates":[[-72.900176,4.410315],[-72.900177,4.409501]]}},{"type":"Feature","properties":{"linea":"231-5-264","parcela":"231-5","palmas":11},"geometry":{"type":"LineString","coordinates":[[-72.900106,4.410355],[-72.900107,4.409541]]}},{"type":"Feature","properties":{"linea":"231-5-265","parcela":"231-5","palmas":11},"geometry":{"type":"LineString","coordinates":[[-72.900036,4.410314],[-72.900037,4.409501]]}},{"type":"Feature","properties":{"linea":"231-5-266","parcela":"231-5","palmas":10},"geometry":{"type":"LineString","coordinates":[[-72.899966,4.410274],[-72.899967,4.409541]]}},{"type":"Feature","properties":{"linea":"231-5-267","parcela":"231-5","palmas":9},"geometry":{"type":"LineString","coordinates":[[-72.899895,4.410151],[-72.899896,4.409501]]}},{"type":"Feature","properties":{"linea":"231-5-268","parcela":"231-5","palmas":8},"geometry":{"type":"LineString","coordinates":[[-72.899825,4.410111],[-72.899826,4.409541]]}},{"type":"Feature","properties":{"linea":"231-5-269","parcela":"231-5","palmas":8},"geometry":{"type":"LineString","coordinates":[[-72.899755,4.41007],[-72.899756,4.4095]]}},{"type":"Feature","properties":{"linea":"231-5-270","parcela":"231-5","palmas":7},"geometry":{"type":"LineString","coordinates":[[-72.899685,4.410029],[-72.899686,4.409541]]}},{"type":"Feature","properties":{"linea":"231-5-271","parcela":"231-5","palmas":6},"geometry":{"type":"LineString","coordinates":[[-72.899615,4.409907],[-72.899616,4.4095]]}},{"type":"Feature","properties":{"linea":"231-5-272","parcela":"231-5","palmas":4},"geometry":{"type":"LineString","coordinates":[[-72.899545,4.409785],[-72.899545,4.409541]]}},{"type":"Feature","properties":{"linea":"231-5-273","parcela":"231-5","palmas":4},"geometry":{"type":"LineString","coordinates":[[-72.899475,4.409744],[-72.899475,4.4095]]}},{"type":"Feature","properties":{"linea":"231-5-274","parcela":"231-5","palmas":2},"geometry":{"type":"LineString","coordinates":[[-72.899405,4.409622],[-72.899405,4.40954]]}},{"type":"Feature","properties":{"linea":"231-5-275","parcela":"231-5","palmas":2},"geometry":{"type":"LineString","coordinates":[[-72.899335,4.409581],[-72.899335,4.4095]]}},{"type":"Feature","properties":{"linea":"231-6-1","parcela":"231-6","palmas":5},"geometry":{"type":"LineString","coordinates":[[-72.892277,4.396226],[-72.892277,4.396552]]}},{"type":"Feature","properties":{"linea":"231-6-2","parcela":"231-6","palmas":13},"geometry":{"type":"LineString","coordinates":[[-72.892348,4.395616],[-72.892347,4.396593]]}},{"type":"Feature","properties":{"linea":"231-6-3","parcela":"231-6","palmas":20},"geometry":{"type":"LineString","coordinates":[[-72.892419,4.395006],[-72.892417,4.396552]]}},{"type":"Feature","properties":{"linea":"231-6-4","parcela":"231-6","palmas":25},"geometry":{"type":"LineString","coordinates":[[-72.89249,4.39464],[-72.892487,4.396593]]}},{"type":"Feature","properties":{"linea":"231-6-5","parcela":"231-6","palmas":27},"geometry":{"type":"LineString","coordinates":[[-72.892561,4.394436],[-72.892558,4.396552]]}},{"type":"Feature","properties":{"linea":"231-6-6","parcela":"231-6","palmas":27},"geometry":{"type":"LineString","coordinates":[[-72.892631,4.394477],[-72.892628,4.396593]]}},{"type":"Feature","properties":{"linea":"231-6-7","parcela":"231-6","palmas":27},"geometry":{"type":"LineString","coordinates":[[-72.892701,4.394437],[-72.892698,4.396553]]}},{"type":"Feature","properties":{"linea":"231-6-8","parcela":"231-6","palmas":27},"geometry":{"type":"LineString","coordinates":[[-72.892771,4.394478],[-72.892768,4.396593]]}},{"type":"Feature","properties":{"linea":"231-6-9","parcela":"231-6","palmas":27},"geometry":{"type":"LineString","coordinates":[[-72.892842,4.394437],[-72.892838,4.396553]]}},{"type":"Feature","properties":{"linea":"231-6-10","parcela":"231-6","palmas":27},"geometry":{"type":"LineString","coordinates":[[-72.892912,4.394478],[-72.892909,4.396593]]}},{"type":"Feature","properties":{"linea":"231-6-11","parcela":"231-6","palmas":25},"geometry":{"type":"LineString","coordinates":[[-72.892982,4.3946],[-72.892979,4.396553]]}},{"type":"Feature","properties":{"linea":"231-6-12","parcela":"231-6","palmas":27},"geometry":{"type":"LineString","coordinates":[[-72.893052,4.394478],[-72.893049,4.396594]]}},{"type":"Feature","properties":{"linea":"231-6-13","parcela":"231-6","palmas":27},"geometry":{"type":"LineString","coordinates":[[-72.893123,4.394438],[-72.893119,4.396553]]}},{"type":"Feature","properties":{"linea":"231-6-14","parcela":"231-6","palmas":27},"geometry":{"type":"LineString","coordinates":[[-72.893193,4.394478],[-72.893189,4.396594]]}},{"type":"Feature","properties":{"linea":"231-6-15","parcela":"231-6","palmas":27},"geometry":{"type":"LineString","coordinates":[[-72.893263,4.394438],[-72.89326,4.396553]]}},{"type":"Feature","properties":{"linea":"231-6-16","parcela":"231-6","palmas":27},"geometry":{"type":"LineString","coordinates":[[-72.893333,4.394478],[-72.89333,4.396594]]}},{"type":"Feature","properties":{"linea":"231-6-17","parcela":"231-6","palmas":27},"geometry":{"type":"LineString","coordinates":[[-72.893403,4.394438],[-72.8934,4.396554]]}},{"type":"Feature","properties":{"linea":"231-6-18","parcela":"231-6","palmas":25},"geometry":{"type":"LineString","coordinates":[[-72.893473,4.394641],[-72.89347,4.396594]]}},{"type":"Feature","properties":{"linea":"231-6-19","parcela":"231-6","palmas":21},"geometry":{"type":"LineString","coordinates":[[-72.893543,4.394926],[-72.893541,4.396554]]}},{"type":"Feature","properties":{"linea":"231-6-20","parcela":"231-6","palmas":17},"geometry":{"type":"LineString","coordinates":[[-72.893613,4.395293],[-72.893611,4.396594]]}},{"type":"Feature","properties":{"linea":"231-6-21","parcela":"231-6","palmas":13},"geometry":{"type":"LineString","coordinates":[[-72.893683,4.395578],[-72.893681,4.396554]]}},{"type":"Feature","properties":{"linea":"231-6-22","parcela":"231-6","palmas":10},"geometry":{"type":"LineString","coordinates":[[-72.893752,4.395863],[-72.893751,4.396595]]}},{"type":"Feature","properties":{"linea":"231-6-23","parcela":"231-6","palmas":5},"geometry":{"type":"LineString","coordinates":[[-72.893822,4.396229],[-72.893821,4.396554]]}},{"type":"Feature","properties":{"linea":"231-6-24","parcela":"231-6","palmas":2},"geometry":{"type":"LineString","coordinates":[[-72.893892,4.396514],[-72.893891,4.396595]]}},{"type":"Feature","properties":{"linea":"231-6-26","parcela":"231-6","palmas":4},"geometry":{"type":"LineString","coordinates":[[-72.893333,4.394316],[-72.893334,4.394072]]}},{"type":"Feature","properties":{"linea":"231-6-27","parcela":"231-6","palmas":9},"geometry":{"type":"LineString","coordinates":[[-72.893263,4.394356],[-72.893264,4.393705]]}},{"type":"Feature","properties":{"linea":"231-6-28","parcela":"231-6","palmas":24},"geometry":{"type":"LineString","coordinates":[[-72.893193,4.394316],[-72.893196,4.392444]]}},{"type":"Feature","properties":{"linea":"231-6-29","parcela":"231-6","palmas":24},"geometry":{"type":"LineString","coordinates":[[-72.893123,4.394356],[-72.893126,4.392484]]}},{"type":"Feature","properties":{"linea":"231-6-30","parcela":"231-6","palmas":23},"geometry":{"type":"LineString","coordinates":[[-72.893053,4.394315],[-72.893055,4.392525]]}},{"type":"Feature","properties":{"linea":"231-6-31","parcela":"231-6","palmas":24},"geometry":{"type":"LineString","coordinates":[[-72.892982,4.394356],[-72.892985,4.392484]]}},{"type":"Feature","properties":{"linea":"231-6-32","parcela":"231-6","palmas":23},"geometry":{"type":"LineString","coordinates":[[-72.892912,4.394315],[-72.892915,4.392525]]}},{"type":"Feature","properties":{"linea":"231-6-33","parcela":"231-6","palmas":24},"geometry":{"type":"LineString","coordinates":[[-72.892842,4.394356],[-72.892845,4.392484]]}},{"type":"Feature","properties":{"linea":"231-6-34","parcela":"231-6","palmas":23},"geometry":{"type":"LineString","coordinates":[[-72.892772,4.394315],[-72.892774,4.392525]]}},{"type":"Feature","properties":{"linea":"231-6-35","parcela":"231-6","palmas":18},"geometry":{"type":"LineString","coordinates":[[-72.892701,4.394355],[-72.892704,4.392972]]}},{"type":"Feature","properties":{"linea":"231-6-36","parcela":"231-6","palmas":12},"geometry":{"type":"LineString","coordinates":[[-72.892631,4.394314],[-72.892633,4.393419]]}},{"type":"Feature","properties":{"linea":"231-6-37","parcela":"231-6","palmas":4},"geometry":{"type":"LineString","coordinates":[[-72.892561,4.394355],[-72.892561,4.394111]]}},{"type":"Feature","properties":{"linea":"231-7-1","parcela":"231-7","palmas":8},"geometry":{"type":"LineString","coordinates":[[-72.891848,4.399308],[-72.891847,4.399877]]}},{"type":"Feature","properties":{"linea":"231-7-2","parcela":"231-7","palmas":19},"geometry":{"type":"LineString","coordinates":[[-72.891919,4.398942],[-72.891916,4.400406]]}},{"type":"Feature","properties":{"linea":"231-7-3","parcela":"231-7","palmas":17},"geometry":{"type":"LineString","coordinates":[[-72.891989,4.398901],[-72.891987,4.400203]]}},{"type":"Feature","properties":{"linea":"231-7-4","parcela":"231-7","palmas":15},"geometry":{"type":"LineString","coordinates":[[-72.892059,4.398942],[-72.892058,4.400081]]}},{"type":"Feature","properties":{"linea":"231-7-5","parcela":"231-7","palmas":22},"geometry":{"type":"LineString","coordinates":[[-72.892129,4.398901],[-72.892127,4.40061]]}},{"type":"Feature","properties":{"linea":"231-7-6","parcela":"231-7","palmas":21},"geometry":{"type":"LineString","coordinates":[[-72.8922,4.398942],[-72.892197,4.400569]]}},{"type":"Feature","properties":{"linea":"231-7-7","parcela":"231-7","palmas":22},"geometry":{"type":"LineString","coordinates":[[-72.89227,4.398901],[-72.892267,4.40061]]}},{"type":"Feature","properties":{"linea":"231-7-8","parcela":"231-7","palmas":21},"geometry":{"type":"LineString","coordinates":[[-72.89234,4.398942],[-72.892338,4.40057]]}},{"type":"Feature","properties":{"linea":"231-7-9","parcela":"231-7","palmas":22},"geometry":{"type":"LineString","coordinates":[[-72.89241,4.398902],[-72.892408,4.400611]]}},{"type":"Feature","properties":{"linea":"231-7-10","parcela":"231-7","palmas":21},"geometry":{"type":"LineString","coordinates":[[-72.892481,4.398943],[-72.892478,4.40057]]}},{"type":"Feature","properties":{"linea":"231-7-11","parcela":"231-7","palmas":22},"geometry":{"type":"LineString","coordinates":[[-72.892551,4.398902],[-72.892548,4.400611]]}},{"type":"Feature","properties":{"linea":"231-7-12","parcela":"231-7","palmas":22},"geometry":{"type":"LineString","coordinates":[[-72.892621,4.398943],[-72.892618,4.400651]]}},{"type":"Feature","properties":{"linea":"231-7-13","parcela":"231-7","palmas":22},"geometry":{"type":"LineString","coordinates":[[-72.892691,4.398902],[-72.892688,4.400611]]}},{"type":"Feature","properties":{"linea":"231-7-14","parcela":"231-7","palmas":21},"geometry":{"type":"LineString","coordinates":[[-72.892761,4.398943],[-72.892759,4.40057]]}},{"type":"Feature","properties":{"linea":"231-7-15","parcela":"231-7","palmas":22},"geometry":{"type":"LineString","coordinates":[[-72.892832,4.398902],[-72.892829,4.400611]]}},{"type":"Feature","properties":{"linea":"231-7-16","parcela":"231-7","palmas":22},"geometry":{"type":"LineString","coordinates":[[-72.892902,4.398943],[-72.892899,4.400652]]}},{"type":"Feature","properties":{"linea":"231-7-17","parcela":"231-7","palmas":22},"geometry":{"type":"LineString","coordinates":[[-72.892972,4.398903],[-72.892969,4.400611]]}},{"type":"Feature","properties":{"linea":"231-7-18","parcela":"231-7","palmas":22},"geometry":{"type":"LineString","coordinates":[[-72.893042,4.398943],[-72.893039,4.400652]]}},{"type":"Feature","properties":{"linea":"231-7-19","parcela":"231-7","palmas":22},"geometry":{"type":"LineString","coordinates":[[-72.893113,4.398903],[-72.89311,4.400612]]}},{"type":"Feature","properties":{"linea":"231-7-20","parcela":"231-7","palmas":23},"geometry":{"type":"LineString","coordinates":[[-72.893183,4.398944],[-72.89318,4.400734]]}},{"type":"Feature","properties":{"linea":"231-7-21","parcela":"231-7","palmas":22},"geometry":{"type":"LineString","coordinates":[[-72.893253,4.398903],[-72.89325,4.400612]]}},{"type":"Feature","properties":{"linea":"231-7-22","parcela":"231-7","palmas":23},"geometry":{"type":"LineString","coordinates":[[-72.893323,4.398944],[-72.89332,4.400734]]}},{"type":"Feature","properties":{"linea":"231-7-23","parcela":"231-7","palmas":22},"geometry":{"type":"LineString","coordinates":[[-72.893393,4.398903],[-72.893391,4.400612]]}},{"type":"Feature","properties":{"linea":"231-7-24","parcela":"231-7","palmas":23},"geometry":{"type":"LineString","coordinates":[[-72.893463,4.398944],[-72.893461,4.400734]]}},{"type":"Feature","properties":{"linea":"231-7-25","parcela":"231-7","palmas":22},"geometry":{"type":"LineString","coordinates":[[-72.893534,4.398903],[-72.893531,4.400612]]}},{"type":"Feature","properties":{"linea":"231-7-26","parcela":"231-7","palmas":22},"geometry":{"type":"LineString","coordinates":[[-72.893604,4.398944],[-72.893601,4.400653]]}},{"type":"Feature","properties":{"linea":"231-7-27","parcela":"231-7","palmas":15},"geometry":{"type":"LineString","coordinates":[[-72.893674,4.399229],[-72.893672,4.400368]]}},{"type":"Feature","properties":{"linea":"231-7-28","parcela":"231-7","palmas":8},"geometry":{"type":"LineString","coordinates":[[-72.894027,4.397806],[-72.894028,4.397236]]}},{"type":"Feature","properties":{"linea":"231-7-29","parcela":"231-7","palmas":10},"geometry":{"type":"LineString","coordinates":[[-72.893957,4.397684],[-72.893958,4.396951]]}},{"type":"Feature","properties":{"linea":"231-7-30","parcela":"231-7","palmas":14},"geometry":{"type":"LineString","coordinates":[[-72.893887,4.397724],[-72.893888,4.396666]]}},{"type":"Feature","properties":{"linea":"231-7-31","parcela":"231-7","palmas":16},"geometry":{"type":"LineString","coordinates":[[-72.893816,4.397928],[-72.893818,4.396707]]}},{"type":"Feature","properties":{"linea":"231-7-32","parcela":"231-7","palmas":20},"geometry":{"type":"LineString","coordinates":[[-72.893745,4.398212],[-72.893748,4.396666]]}},{"type":"Feature","properties":{"linea":"231-7-33","parcela":"231-7","palmas":22},"geometry":{"type":"LineString","coordinates":[[-72.893675,4.398416],[-72.893678,4.396707]]}},{"type":"Feature","properties":{"linea":"231-7-34","parcela":"231-7","palmas":27},"geometry":{"type":"LineString","coordinates":[[-72.893604,4.398781],[-72.893608,4.396666]]}},{"type":"Feature","properties":{"linea":"231-7-35","parcela":"231-7","palmas":27},"geometry":{"type":"LineString","coordinates":[[-72.893534,4.398822],[-72.893537,4.396706]]}},{"type":"Feature","properties":{"linea":"231-7-36","parcela":"231-7","palmas":27},"geometry":{"type":"LineString","coordinates":[[-72.893464,4.398781],[-72.893467,4.396666]]}},{"type":"Feature","properties":{"linea":"231-7-37","parcela":"231-7","palmas":27},"geometry":{"type":"LineString","coordinates":[[-72.893393,4.398822],[-72.893397,4.396706]]}},{"type":"Feature","properties":{"linea":"231-7-38","parcela":"231-7","palmas":27},"geometry":{"type":"LineString","coordinates":[[-72.893323,4.398781],[-72.893327,4.396665]]}},{"type":"Feature","properties":{"linea":"231-7-39","parcela":"231-7","palmas":27},"geometry":{"type":"LineString","coordinates":[[-72.893253,4.398822],[-72.893256,4.396706]]}},{"type":"Feature","properties":{"linea":"231-7-40","parcela":"231-7","palmas":27},"geometry":{"type":"LineString","coordinates":[[-72.893183,4.398781],[-72.893186,4.396665]]}},{"type":"Feature","properties":{"linea":"231-7-41","parcela":"231-7","palmas":27},"geometry":{"type":"LineString","coordinates":[[-72.893113,4.398821],[-72.893116,4.396706]]}},{"type":"Feature","properties":{"linea":"231-7-42","parcela":"231-7","palmas":27},"geometry":{"type":"LineString","coordinates":[[-72.893043,4.398781],[-72.893046,4.396665]]}},{"type":"Feature","properties":{"linea":"231-7-43","parcela":"231-7","palmas":27},"geometry":{"type":"LineString","coordinates":[[-72.892972,4.398821],[-72.892976,4.396706]]}},{"type":"Feature","properties":{"linea":"231-7-44","parcela":"231-7","palmas":27},"geometry":{"type":"LineString","coordinates":[[-72.892902,4.39878],[-72.892905,4.396665]]}},{"type":"Feature","properties":{"linea":"231-7-45","parcela":"231-7","palmas":27},"geometry":{"type":"LineString","coordinates":[[-72.892832,4.398821],[-72.892835,4.396705]]}},{"type":"Feature","properties":{"linea":"231-7-46","parcela":"231-7","palmas":27},"geometry":{"type":"LineString","coordinates":[[-72.892762,4.39878],[-72.892765,4.396664]]}},{"type":"Feature","properties":{"linea":"231-7-47","parcela":"231-7","palmas":27},"geometry":{"type":"LineString","coordinates":[[-72.892691,4.398821],[-72.892695,4.396705]]}},{"type":"Feature","properties":{"linea":"231-7-48","parcela":"231-7","palmas":27},"geometry":{"type":"LineString","coordinates":[[-72.892621,4.39878],[-72.892624,4.396664]]}},{"type":"Feature","properties":{"linea":"231-7-49","parcela":"231-7","palmas":27},"geometry":{"type":"LineString","coordinates":[[-72.892551,4.398821],[-72.892554,4.396705]]}},{"type":"Feature","properties":{"linea":"231-7-50","parcela":"231-7","palmas":27},"geometry":{"type":"LineString","coordinates":[[-72.892481,4.39878],[-72.892484,4.396664]]}},{"type":"Feature","properties":{"linea":"231-7-51","parcela":"231-7","palmas":27},"geometry":{"type":"LineString","coordinates":[[-72.892411,4.39882],[-72.892414,4.396705]]}},{"type":"Feature","properties":{"linea":"231-7-52","parcela":"231-7","palmas":27},"geometry":{"type":"LineString","coordinates":[[-72.89234,4.398779],[-72.892344,4.396664]]}},{"type":"Feature","properties":{"linea":"231-7-53","parcela":"231-7","palmas":27},"geometry":{"type":"LineString","coordinates":[[-72.89227,4.39882],[-72.892273,4.396704]]}},{"type":"Feature","properties":{"linea":"231-7-54","parcela":"231-7","palmas":27},"geometry":{"type":"LineString","coordinates":[[-72.8922,4.398779],[-72.892203,4.396664]]}},{"type":"Feature","properties":{"linea":"231-7-55","parcela":"231-7","palmas":21},"geometry":{"type":"LineString","coordinates":[[-72.89213,4.39882],[-72.892132,4.397193]]}},{"type":"Feature","properties":{"linea":"231-7-56","parcela":"231-7","palmas":14},"geometry":{"type":"LineString","coordinates":[[-72.892059,4.398779],[-72.892061,4.397721]]}},{"type":"Feature","properties":{"linea":"231-7-57","parcela":"231-7","palmas":8},"geometry":{"type":"LineString","coordinates":[[-72.891989,4.39882],[-72.89199,4.39825]]}},{"type":"Feature","properties":{"linea":"231-8-1","parcela":"231-8","palmas":2},"geometry":{"type":"LineString","coordinates":[[-72.895621,4.404849],[-72.895621,4.404931]]}},{"type":"Feature","properties":{"linea":"231-8-2","parcela":"231-8","palmas":2},"geometry":{"type":"LineString","coordinates":[[-72.895551,4.404809],[-72.895551,4.40489]]}},{"type":"Feature","properties":{"linea":"231-8-3","parcela":"231-8","palmas":4},"geometry":{"type":"LineString","coordinates":[[-72.895481,4.404686],[-72.895481,4.404931]]}},{"type":"Feature","properties":{"linea":"231-8-4","parcela":"231-8","palmas":4},"geometry":{"type":"LineString","coordinates":[[-72.895411,4.404646],[-72.895411,4.40489]]}},{"type":"Feature","properties":{"linea":"231-8-5","parcela":"231-8","palmas":6},"geometry":{"type":"LineString","coordinates":[[-72.895341,4.404523],[-72.895341,4.40493]]}},{"type":"Feature","properties":{"linea":"231-8-6","parcela":"231-8","palmas":6},"geometry":{"type":"LineString","coordinates":[[-72.895271,4.404483],[-72.89527,4.404889]]}},{"type":"Feature","properties":{"linea":"231-8-7","parcela":"231-8","palmas":8},"geometry":{"type":"LineString","coordinates":[[-72.895201,4.40436],[-72.8952,4.40493]]}},{"type":"Feature","properties":{"linea":"231-8-8","parcela":"231-8","palmas":9},"geometry":{"type":"LineString","coordinates":[[-72.895131,4.404238],[-72.89513,4.404889]]}},{"type":"Feature","properties":{"linea":"231-8-9","parcela":"231-8","palmas":11},"geometry":{"type":"LineString","coordinates":[[-72.895061,4.404116],[-72.89506,4.40493]]}},{"type":"Feature","properties":{"linea":"231-8-10","parcela":"231-8","palmas":11},"geometry":{"type":"LineString","coordinates":[[-72.894991,4.404075],[-72.894989,4.404889]]}},{"type":"Feature","properties":{"linea":"231-8-11","parcela":"231-8","palmas":12},"geometry":{"type":"LineString","coordinates":[[-72.894921,4.404034],[-72.894919,4.404929]]}},{"type":"Feature","properties":{"linea":"231-8-12","parcela":"231-8","palmas":13},"geometry":{"type":"LineString","coordinates":[[-72.894851,4.403912],[-72.894849,4.404889]]}},{"type":"Feature","properties":{"linea":"231-8-13","parcela":"231-8","palmas":15},"geometry":{"type":"LineString","coordinates":[[-72.894781,4.40379],[-72.894779,4.404929]]}},{"type":"Feature","properties":{"linea":"231-8-14","parcela":"231-8","palmas":15},"geometry":{"type":"LineString","coordinates":[[-72.894711,4.403749],[-72.894709,4.404889]]}},{"type":"Feature","properties":{"linea":"231-8-15","parcela":"231-8","palmas":17},"geometry":{"type":"LineString","coordinates":[[-72.894641,4.403627],[-72.894638,4.404929]]}},{"type":"Feature","properties":{"linea":"231-8-16","parcela":"231-8","palmas":18},"geometry":{"type":"LineString","coordinates":[[-72.894571,4.403505],[-72.894568,4.404888]]}},{"type":"Feature","properties":{"linea":"231-8-17","parcela":"231-8","palmas":20},"geometry":{"type":"LineString","coordinates":[[-72.8945,4.403383],[-72.894498,4.404929]]}},{"type":"Feature","properties":{"linea":"231-8-18","parcela":"231-8","palmas":20},"geometry":{"type":"LineString","coordinates":[[-72.89443,4.403342],[-72.894428,4.404888]]}},{"type":"Feature","properties":{"linea":"231-8-19","parcela":"231-8","palmas":23},"geometry":{"type":"LineString","coordinates":[[-72.89436,4.403139],[-72.894358,4.404929]]}},{"type":"Feature","properties":{"linea":"231-8-20","parcela":"231-8","palmas":26},"geometry":{"type":"LineString","coordinates":[[-72.894291,4.402854],[-72.894288,4.404888]]}},{"type":"Feature","properties":{"linea":"231-8-21","parcela":"231-8","palmas":20},"geometry":{"type":"LineString","coordinates":[[-72.894221,4.40265],[-72.894218,4.404196]]}},{"type":"Feature","properties":{"linea":"231-8-22","parcela":"231-8","palmas":18},"geometry":{"type":"LineString","coordinates":[[-72.894151,4.402691],[-72.894148,4.404074]]}},{"type":"Feature","properties":{"linea":"231-8-23","parcela":"231-8","palmas":18},"geometry":{"type":"LineString","coordinates":[[-72.89408,4.40265],[-72.894078,4.404033]]}},{"type":"Feature","properties":{"linea":"231-8-24","parcela":"231-8","palmas":17},"geometry":{"type":"LineString","coordinates":[[-72.89401,4.40269],[-72.894008,4.403992]]}},{"type":"Feature","properties":{"linea":"231-8-25","parcela":"231-8","palmas":17},"geometry":{"type":"LineString","coordinates":[[-72.89394,4.402649],[-72.893938,4.403951]]}},{"type":"Feature","properties":{"linea":"231-8-26","parcela":"231-8","palmas":16},"geometry":{"type":"LineString","coordinates":[[-72.89387,4.40269],[-72.893868,4.403911]]}},{"type":"Feature","properties":{"linea":"231-8-27","parcela":"231-8","palmas":17},"geometry":{"type":"LineString","coordinates":[[-72.893799,4.402649],[-72.893798,4.403951]]}},{"type":"Feature","properties":{"linea":"231-8-28","parcela":"231-8","palmas":16},"geometry":{"type":"LineString","coordinates":[[-72.893729,4.40269],[-72.893727,4.403911]]}},{"type":"Feature","properties":{"linea":"231-8-29","parcela":"231-8","palmas":16},"geometry":{"type":"LineString","coordinates":[[-72.893659,4.402649],[-72.893657,4.40387]]}},{"type":"Feature","properties":{"linea":"231-8-30","parcela":"231-8","palmas":16},"geometry":{"type":"LineString","coordinates":[[-72.893589,4.40269],[-72.893587,4.40391]]}},{"type":"Feature","properties":{"linea":"231-8-31","parcela":"231-8","palmas":16},"geometry":{"type":"LineString","coordinates":[[-72.893519,4.402649],[-72.893517,4.403869]]}},{"type":"Feature","properties":{"linea":"231-8-32","parcela":"231-8","palmas":16},"geometry":{"type":"LineString","coordinates":[[-72.893448,4.402689],[-72.893446,4.40391]]}},{"type":"Feature","properties":{"linea":"231-8-33","parcela":"231-8","palmas":16},"geometry":{"type":"LineString","coordinates":[[-72.893378,4.402649],[-72.893376,4.403869]]}},{"type":"Feature","properties":{"linea":"231-8-34","parcela":"231-8","palmas":16},"geometry":{"type":"LineString","coordinates":[[-72.893308,4.402689],[-72.893306,4.40391]]}},{"type":"Feature","properties":{"linea":"231-8-35","parcela":"231-8","palmas":17},"geometry":{"type":"LineString","coordinates":[[-72.893238,4.402648],[-72.893236,4.40395]]}},{"type":"Feature","properties":{"linea":"231-8-36","parcela":"231-8","palmas":17},"geometry":{"type":"LineString","coordinates":[[-72.893168,4.402689],[-72.893166,4.403991]]}},{"type":"Feature","properties":{"linea":"231-8-37","parcela":"231-8","palmas":18},"geometry":{"type":"LineString","coordinates":[[-72.893098,4.402648],[-72.893095,4.404032]]}},{"type":"Feature","properties":{"linea":"231-8-38","parcela":"231-8","palmas":18},"geometry":{"type":"LineString","coordinates":[[-72.893027,4.402689],[-72.893025,4.404072]]}},{"type":"Feature","properties":{"linea":"231-8-39","parcela":"231-8","palmas":19},"geometry":{"type":"LineString","coordinates":[[-72.892957,4.402648],[-72.892955,4.404113]]}},{"type":"Feature","properties":{"linea":"231-8-40","parcela":"231-8","palmas":16},"geometry":{"type":"LineString","coordinates":[[-72.892887,4.402689],[-72.892885,4.403909]]}},{"type":"Feature","properties":{"linea":"231-8-41","parcela":"231-8","palmas":7},"geometry":{"type":"LineString","coordinates":[[-72.892817,4.402648],[-72.892816,4.403136]]}},{"type":"Feature","properties":{"linea":"231-8-42","parcela":"231-8","palmas":6},"geometry":{"type":"LineString","coordinates":[[-72.892746,4.402688],[-72.892746,4.403095]]}},{"type":"Feature","properties":{"linea":"231-8-43","parcela":"231-8","palmas":6},"geometry":{"type":"LineString","coordinates":[[-72.892676,4.402648],[-72.892676,4.403054]]}},{"type":"Feature","properties":{"linea":"231-8-44","parcela":"231-8","palmas":5},"geometry":{"type":"LineString","coordinates":[[-72.892606,4.402688],[-72.892605,4.403014]]}},{"type":"Feature","properties":{"linea":"231-8-45","parcela":"231-8","palmas":5},"geometry":{"type":"LineString","coordinates":[[-72.892536,4.402647],[-72.892535,4.402973]]}},{"type":"Feature","properties":{"linea":"231-8-46","parcela":"231-8","palmas":5},"geometry":{"type":"LineString","coordinates":[[-72.892466,4.402688],[-72.892465,4.403013]]}},{"type":"Feature","properties":{"linea":"231-8-47","parcela":"231-8","palmas":5},"geometry":{"type":"LineString","coordinates":[[-72.892395,4.402647],[-72.892395,4.402973]]}},{"type":"Feature","properties":{"linea":"231-8-48","parcela":"231-8","palmas":5},"geometry":{"type":"LineString","coordinates":[[-72.892325,4.402688],[-72.892324,4.403013]]}},{"type":"Feature","properties":{"linea":"231-8-49","parcela":"231-8","palmas":6},"geometry":{"type":"LineString","coordinates":[[-72.892255,4.402647],[-72.892254,4.403054]]}},{"type":"Feature","properties":{"linea":"231-8-50","parcela":"231-8","palmas":6},"geometry":{"type":"LineString","coordinates":[[-72.892185,4.402688],[-72.892184,4.403094]]}},{"type":"Feature","properties":{"linea":"231-8-51","parcela":"231-8","palmas":7},"geometry":{"type":"LineString","coordinates":[[-72.892114,4.402647],[-72.892114,4.403135]]}},{"type":"Feature","properties":{"linea":"231-8-52","parcela":"231-8","palmas":7},"geometry":{"type":"LineString","coordinates":[[-72.892044,4.402606],[-72.892044,4.403094]]}},{"type":"Feature","properties":{"linea":"231-8-53","parcela":"231-8","palmas":8},"geometry":{"type":"LineString","coordinates":[[-72.891974,4.402646],[-72.891973,4.403216]]}},{"type":"Feature","properties":{"linea":"231-8-54","parcela":"231-8","palmas":9},"geometry":{"type":"LineString","coordinates":[[-72.891904,4.402606],[-72.891903,4.403266]]}},{"type":"Feature","properties":{"linea":"231-8-55","parcela":"231-8","palmas":8},"geometry":{"type":"LineString","coordinates":[[-72.891834,4.402646],[-72.891833,4.403216]]}},{"type":"Feature","properties":{"linea":"231-8-56","parcela":"231-8","palmas":9},"geometry":{"type":"LineString","coordinates":[[-72.891764,4.402606],[-72.891763,4.403265]]}},{"type":"Feature","properties":{"linea":"231-8-57","parcela":"231-8","palmas":8},"geometry":{"type":"LineString","coordinates":[[-72.891693,4.402646],[-72.891693,4.403216]]}},{"type":"Feature","properties":{"linea":"231-8-58","parcela":"231-8","palmas":7},"geometry":{"type":"LineString","coordinates":[[-72.891623,4.402605],[-72.891622,4.403093]]}},{"type":"Feature","properties":{"linea":"231-8-59","parcela":"231-8","palmas":5},"geometry":{"type":"LineString","coordinates":[[-72.891553,4.402646],[-72.891552,4.402971]]}},{"type":"Feature","properties":{"linea":"231-8-60","parcela":"231-8","palmas":4},"geometry":{"type":"LineString","coordinates":[[-72.891483,4.402605],[-72.891482,4.402849]]}},{"type":"Feature","properties":{"linea":"231-8-61","parcela":"231-8","palmas":9},"geometry":{"type":"LineString","coordinates":[[-72.891483,4.402524],[-72.891484,4.401873]]}},{"type":"Feature","properties":{"linea":"231-8-62","parcela":"231-8","palmas":16},"geometry":{"type":"LineString","coordinates":[[-72.891553,4.402564],[-72.891555,4.401344]]}},{"type":"Feature","properties":{"linea":"231-8-63","parcela":"231-8","palmas":21},"geometry":{"type":"LineString","coordinates":[[-72.891623,4.402524],[-72.891626,4.400896]]}},{"type":"Feature","properties":{"linea":"231-8-64","parcela":"231-8","palmas":23},"geometry":{"type":"LineString","coordinates":[[-72.891693,4.402565],[-72.891696,4.400774]]}},{"type":"Feature","properties":{"linea":"231-8-65","parcela":"231-8","palmas":23},"geometry":{"type":"LineString","coordinates":[[-72.891764,4.402524],[-72.891766,4.400734]]}},{"type":"Feature","properties":{"linea":"231-8-66","parcela":"231-8","palmas":23},"geometry":{"type":"LineString","coordinates":[[-72.891834,4.402565],[-72.891837,4.400775]]}},{"type":"Feature","properties":{"linea":"231-8-67","parcela":"231-8","palmas":23},"geometry":{"type":"LineString","coordinates":[[-72.891904,4.402524],[-72.891907,4.400734]]}},{"type":"Feature","properties":{"linea":"231-8-68","parcela":"231-8","palmas":16},"geometry":{"type":"LineString","coordinates":[[-72.891975,4.401914],[-72.891977,4.400694]]}},{"type":"Feature","properties":{"linea":"231-8-69","parcela":"231-8","palmas":23},"geometry":{"type":"LineString","coordinates":[[-72.892044,4.402524],[-72.892047,4.400734]]}},{"type":"Feature","properties":{"linea":"231-8-70","parcela":"231-8","palmas":23},"geometry":{"type":"LineString","coordinates":[[-72.892115,4.402565],[-72.892118,4.400775]]}},{"type":"Feature","properties":{"linea":"231-8-71","parcela":"231-8","palmas":22},"geometry":{"type":"LineString","coordinates":[[-72.892185,4.402525],[-72.892188,4.400816]]}},{"type":"Feature","properties":{"linea":"231-8-72","parcela":"231-8","palmas":21},"geometry":{"type":"LineString","coordinates":[[-72.892255,4.402566],[-72.892258,4.400938]]}},{"type":"Feature","properties":{"linea":"231-8-73","parcela":"231-8","palmas":21},"geometry":{"type":"LineString","coordinates":[[-72.892325,4.402525],[-72.892328,4.400898]]}},{"type":"Feature","properties":{"linea":"231-8-74","parcela":"231-8","palmas":23},"geometry":{"type":"LineString","coordinates":[[-72.892396,4.402566],[-72.892398,4.400776]]}},{"type":"Feature","properties":{"linea":"231-8-75","parcela":"231-8","palmas":22},"geometry":{"type":"LineString","coordinates":[[-72.892466,4.402525],[-72.892468,4.400816]]}},{"type":"Feature","properties":{"linea":"231-8-76","parcela":"231-8","palmas":23},"geometry":{"type":"LineString","coordinates":[[-72.892536,4.402566],[-72.892539,4.400776]]}},{"type":"Feature","properties":{"linea":"231-8-77","parcela":"231-8","palmas":21},"geometry":{"type":"LineString","coordinates":[[-72.892606,4.402525],[-72.892609,4.400898]]}},{"type":"Feature","properties":{"linea":"231-8-78","parcela":"231-8","palmas":22},"geometry":{"type":"LineString","coordinates":[[-72.892676,4.402566],[-72.892679,4.400858]]}},{"type":"Feature","properties":{"linea":"231-8-79","parcela":"231-8","palmas":21},"geometry":{"type":"LineString","coordinates":[[-72.892747,4.402526],[-72.892749,4.400898]]}},{"type":"Feature","properties":{"linea":"231-8-80","parcela":"231-8","palmas":22},"geometry":{"type":"LineString","coordinates":[[-72.892817,4.402566],[-72.892819,4.400858]]}},{"type":"Feature","properties":{"linea":"231-8-81","parcela":"231-8","palmas":22},"geometry":{"type":"LineString","coordinates":[[-72.892887,4.402526],[-72.89289,4.400817]]}},{"type":"Feature","properties":{"linea":"231-8-82","parcela":"231-8","palmas":22},"geometry":{"type":"LineString","coordinates":[[-72.892957,4.402567],[-72.89296,4.400858]]}},{"type":"Feature","properties":{"linea":"231-8-83","parcela":"231-8","palmas":22},"geometry":{"type":"LineString","coordinates":[[-72.893028,4.402526],[-72.89303,4.400817]]}},{"type":"Feature","properties":{"linea":"231-8-84","parcela":"231-8","palmas":22},"geometry":{"type":"LineString","coordinates":[[-72.893098,4.402567],[-72.8931,4.400858]]}},{"type":"Feature","properties":{"linea":"231-8-85","parcela":"231-8","palmas":21},"geometry":{"type":"LineString","coordinates":[[-72.893168,4.402526],[-72.89317,4.400899]]}},{"type":"Feature","properties":{"linea":"231-8-86","parcela":"231-8","palmas":22},"geometry":{"type":"LineString","coordinates":[[-72.893238,4.402567],[-72.893241,4.400858]]}},{"type":"Feature","properties":{"linea":"231-8-87","parcela":"231-8","palmas":21},"geometry":{"type":"LineString","coordinates":[[-72.893308,4.402526],[-72.893311,4.400899]]}},{"type":"Feature","properties":{"linea":"231-8-88","parcela":"231-8","palmas":21},"geometry":{"type":"LineString","coordinates":[[-72.893378,4.402567],[-72.893381,4.40094]]}},{"type":"Feature","properties":{"linea":"231-8-89","parcela":"231-8","palmas":21},"geometry":{"type":"LineString","coordinates":[[-72.893449,4.402527],[-72.893451,4.400899]]}},{"type":"Feature","properties":{"linea":"231-8-90","parcela":"231-8","palmas":21},"geometry":{"type":"LineString","coordinates":[[-72.893519,4.402567],[-72.893521,4.40094]]}},{"type":"Feature","properties":{"linea":"231-8-91","parcela":"231-8","palmas":19},"geometry":{"type":"LineString","coordinates":[[-72.893589,4.402527],[-72.893591,4.401062]]}},{"type":"Feature","properties":{"linea":"231-8-92","parcela":"231-8","palmas":19},"geometry":{"type":"LineString","coordinates":[[-72.893659,4.402568],[-72.893661,4.401103]]}},{"type":"Feature","properties":{"linea":"231-8-93","parcela":"231-8","palmas":17},"geometry":{"type":"LineString","coordinates":[[-72.893729,4.402527],[-72.893732,4.401225]]}},{"type":"Feature","properties":{"linea":"231-8-94","parcela":"231-8","palmas":16},"geometry":{"type":"LineString","coordinates":[[-72.8938,4.402568],[-72.893802,4.401347]]}},{"type":"Feature","properties":{"linea":"231-8-95","parcela":"231-8","palmas":15},"geometry":{"type":"LineString","coordinates":[[-72.89387,4.402528],[-72.893872,4.401388]]}},{"type":"Feature","properties":{"linea":"231-8-96","parcela":"231-8","palmas":14},"geometry":{"type":"LineString","coordinates":[[-72.89394,4.402568],[-72.893942,4.40151]]}},{"type":"Feature","properties":{"linea":"231-8-97","parcela":"231-8","palmas":9},"geometry":{"type":"LineString","coordinates":[[-72.89401,4.402528],[-72.894011,4.401877]]}},{"type":"Feature","properties":{"linea":"231-8-98","parcela":"231-8","palmas":8},"geometry":{"type":"LineString","coordinates":[[-72.894081,4.402568],[-72.894081,4.401999]]}},{"type":"Feature","properties":{"linea":"231-8-99","parcela":"231-8","palmas":2},"geometry":{"type":"LineString","coordinates":[[-72.894151,4.402528],[-72.894151,4.402446]]}},{"type":"Feature","properties":{"linea":"231-9-2","parcela":"231-9","palmas":3},"geometry":{"type":"LineString","coordinates":[[-72.898976,4.409234],[-72.898975,4.409397]]}},{"type":"Feature","properties":{"linea":"231-9-3","parcela":"231-9","palmas":3},"geometry":{"type":"LineString","coordinates":[[-72.898905,4.409194],[-72.898905,4.409356]]}},{"type":"Feature","properties":{"linea":"231-9-4","parcela":"231-9","palmas":5},"geometry":{"type":"LineString","coordinates":[[-72.898835,4.409071],[-72.898835,4.409397]]}},{"type":"Feature","properties":{"linea":"231-9-5","parcela":"231-9","palmas":5},"geometry":{"type":"LineString","coordinates":[[-72.898765,4.409031],[-72.898765,4.409356]]}},{"type":"Feature","properties":{"linea":"231-9-6","parcela":"231-9","palmas":7},"geometry":{"type":"LineString","coordinates":[[-72.898695,4.408908],[-72.898694,4.409397]]}},{"type":"Feature","properties":{"linea":"231-9-7","parcela":"231-9","palmas":7},"geometry":{"type":"LineString","coordinates":[[-72.898625,4.408868],[-72.898624,4.409356]]}},{"type":"Feature","properties":{"linea":"231-9-8","parcela":"231-9","palmas":9},"geometry":{"type":"LineString","coordinates":[[-72.898555,4.408746],[-72.898554,4.409396]]}},{"type":"Feature","properties":{"linea":"231-9-9","parcela":"231-9","palmas":10},"geometry":{"type":"LineString","coordinates":[[-72.898485,4.408623],[-72.898484,4.409356]]}},{"type":"Feature","properties":{"linea":"231-9-10","parcela":"231-9","palmas":12},"geometry":{"type":"LineString","coordinates":[[-72.898415,4.408501],[-72.898414,4.409396]]}},{"type":"Feature","properties":{"linea":"231-9-11","parcela":"231-9","palmas":12},"geometry":{"type":"LineString","coordinates":[[-72.898345,4.40846],[-72.898343,4.409355]]}},{"type":"Feature","properties":{"linea":"231-9-12","parcela":"231-9","palmas":14},"geometry":{"type":"LineString","coordinates":[[-72.898275,4.408338],[-72.898273,4.409396]]}},{"type":"Feature","properties":{"linea":"231-9-13","parcela":"231-9","palmas":14},"geometry":{"type":"LineString","coordinates":[[-72.898205,4.408297],[-72.898203,4.409355]]}},{"type":"Feature","properties":{"linea":"231-9-14","parcela":"231-9","palmas":16},"geometry":{"type":"LineString","coordinates":[[-72.898135,4.408175],[-72.898133,4.409396]]}},{"type":"Feature","properties":{"linea":"231-9-15","parcela":"231-9","palmas":17},"geometry":{"type":"LineString","coordinates":[[-72.898065,4.408053],[-72.898063,4.409355]]}},{"type":"Feature","properties":{"linea":"231-9-16","parcela":"231-9","palmas":18},"geometry":{"type":"LineString","coordinates":[[-72.897994,4.408012],[-72.897992,4.409396]]}},{"type":"Feature","properties":{"linea":"231-9-17","parcela":"231-9","palmas":19},"geometry":{"type":"LineString","coordinates":[[-72.897924,4.40789],[-72.897922,4.409355]]}},{"type":"Feature","properties":{"linea":"231-9-18","parcela":"231-9","palmas":21},"geometry":{"type":"LineString","coordinates":[[-72.897854,4.407768],[-72.897852,4.409395]]}},{"type":"Feature","properties":{"linea":"231-9-19","parcela":"231-9","palmas":21},"geometry":{"type":"LineString","coordinates":[[-72.897784,4.407727],[-72.897782,4.409354]]}},{"type":"Feature","properties":{"linea":"231-9-20","parcela":"231-9","palmas":23},"geometry":{"type":"LineString","coordinates":[[-72.897714,4.407605],[-72.897711,4.409395]]}},{"type":"Feature","properties":{"linea":"231-9-21","parcela":"231-9","palmas":24},"geometry":{"type":"LineString","coordinates":[[-72.897644,4.407483],[-72.897641,4.409354]]}},{"type":"Feature","properties":{"linea":"231-9-22","parcela":"231-9","palmas":25},"geometry":{"type":"LineString","coordinates":[[-72.897574,4.407442],[-72.897571,4.409404]]}},{"type":"Feature","properties":{"linea":"231-9-23","parcela":"231-9","palmas":26},"geometry":{"type":"LineString","coordinates":[[-72.897504,4.40732],[-72.897501,4.409354]]}},{"type":"Feature","properties":{"linea":"231-9-24","parcela":"231-9","palmas":27},"geometry":{"type":"LineString","coordinates":[[-72.897434,4.407279],[-72.897431,4.409395]]}},{"type":"Feature","properties":{"linea":"231-9-25","parcela":"231-9","palmas":27},"geometry":{"type":"LineString","coordinates":[[-72.897364,4.407238],[-72.897361,4.409354]]}},{"type":"Feature","properties":{"linea":"231-9-26","parcela":"231-9","palmas":27},"geometry":{"type":"LineString","coordinates":[[-72.897294,4.407279],[-72.89729,4.409394]]}},{"type":"Feature","properties":{"linea":"231-9-27","parcela":"231-9","palmas":27},"geometry":{"type":"LineString","coordinates":[[-72.897223,4.407238],[-72.89722,4.409354]]}},{"type":"Feature","properties":{"linea":"231-9-28","parcela":"231-9","palmas":27},"geometry":{"type":"LineString","coordinates":[[-72.897153,4.407279],[-72.89715,4.409394]]}},{"type":"Feature","properties":{"linea":"231-9-29","parcela":"231-9","palmas":27},"geometry":{"type":"LineString","coordinates":[[-72.897083,4.407238],[-72.89708,4.409353]]}},{"type":"Feature","properties":{"linea":"231-9-30","parcela":"231-9","palmas":27},"geometry":{"type":"LineString","coordinates":[[-72.897013,4.407278],[-72.897009,4.409394]]}},{"type":"Feature","properties":{"linea":"231-9-31","parcela":"231-9","palmas":27},"geometry":{"type":"LineString","coordinates":[[-72.896943,4.407237],[-72.896939,4.409353]]}},{"type":"Feature","properties":{"linea":"231-9-32","parcela":"231-9","palmas":27},"geometry":{"type":"LineString","coordinates":[[-72.896872,4.407278],[-72.896869,4.409394]]}},{"type":"Feature","properties":{"linea":"231-9-33","parcela":"231-9","palmas":27},"geometry":{"type":"LineString","coordinates":[[-72.896802,4.407237],[-72.896799,4.409353]]}},{"type":"Feature","properties":{"linea":"231-9-34","parcela":"231-9","palmas":27},"geometry":{"type":"LineString","coordinates":[[-72.896732,4.407278],[-72.896729,4.409394]]}},{"type":"Feature","properties":{"linea":"231-9-35","parcela":"231-9","palmas":27},"geometry":{"type":"LineString","coordinates":[[-72.896662,4.407237],[-72.896658,4.409353]]}},{"type":"Feature","properties":{"linea":"231-9-36","parcela":"231-9","palmas":27},"geometry":{"type":"LineString","coordinates":[[-72.896591,4.407278],[-72.896588,4.409393]]}},{"type":"Feature","properties":{"linea":"231-9-37","parcela":"231-9","palmas":27},"geometry":{"type":"LineString","coordinates":[[-72.896521,4.407237],[-72.896518,4.409353]]}},{"type":"Feature","properties":{"linea":"231-9-38","parcela":"231-9","palmas":27},"geometry":{"type":"LineString","coordinates":[[-72.896451,4.407278],[-72.896448,4.409393]]}},{"type":"Feature","properties":{"linea":"231-9-39","parcela":"231-9","palmas":27},"geometry":{"type":"LineString","coordinates":[[-72.896381,4.407237],[-72.896377,4.409352]]}},{"type":"Feature","properties":{"linea":"231-9-40","parcela":"231-9","palmas":27},"geometry":{"type":"LineString","coordinates":[[-72.896311,4.407277],[-72.896307,4.409393]]}},{"type":"Feature","properties":{"linea":"231-9-41","parcela":"231-9","palmas":27},"geometry":{"type":"LineString","coordinates":[[-72.896241,4.407236],[-72.896237,4.409352]]}},{"type":"Feature","properties":{"linea":"231-9-42","parcela":"231-9","palmas":27},"geometry":{"type":"LineString","coordinates":[[-72.89617,4.407277],[-72.896167,4.409393]]}},{"type":"Feature","properties":{"linea":"231-9-43","parcela":"231-9","palmas":27},"geometry":{"type":"LineString","coordinates":[[-72.8961,4.407236],[-72.896097,4.409352]]}},{"type":"Feature","properties":{"linea":"231-9-44","parcela":"231-9","palmas":27},"geometry":{"type":"LineString","coordinates":[[-72.89603,4.407277],[-72.896026,4.409393]]}},{"type":"Feature","properties":{"linea":"231-9-45","parcela":"231-9","palmas":27},"geometry":{"type":"LineString","coordinates":[[-72.89596,4.407236],[-72.895956,4.409352]]}},{"type":"Feature","properties":{"linea":"231-9-46","parcela":"231-9","palmas":27},"geometry":{"type":"LineString","coordinates":[[-72.895889,4.407276],[-72.895886,4.409392]]}},{"type":"Feature","properties":{"linea":"231-9-47","parcela":"231-9","palmas":27},"geometry":{"type":"LineString","coordinates":[[-72.895819,4.407236],[-72.895816,4.409351]]}},{"type":"Feature","properties":{"linea":"231-9-48","parcela":"231-9","palmas":27},"geometry":{"type":"LineString","coordinates":[[-72.895749,4.407276],[-72.895746,4.409392]]}},{"type":"Feature","properties":{"linea":"231-9-49","parcela":"231-9","palmas":27},"geometry":{"type":"LineString","coordinates":[[-72.895679,4.407236],[-72.895676,4.409351]]}},{"type":"Feature","properties":{"linea":"231-9-50","parcela":"231-9","palmas":27},"geometry":{"type":"LineString","coordinates":[[-72.895609,4.407276],[-72.895605,4.409392]]}},{"type":"Feature","properties":{"linea":"231-9-51","parcela":"231-9","palmas":27},"geometry":{"type":"LineString","coordinates":[[-72.895538,4.407235],[-72.895535,4.409351]]}},{"type":"Feature","properties":{"linea":"231-9-52","parcela":"231-9","palmas":27},"geometry":{"type":"LineString","coordinates":[[-72.895468,4.407276],[-72.895465,4.409391]]}},{"type":"Feature","properties":{"linea":"231-9-53","parcela":"231-9","palmas":27},"geometry":{"type":"LineString","coordinates":[[-72.895398,4.407235],[-72.895395,4.409351]]}},{"type":"Feature","properties":{"linea":"231-9-54","parcela":"231-9","palmas":27},"geometry":{"type":"LineString","coordinates":[[-72.895328,4.407276],[-72.895324,4.409391]]}},{"type":"Feature","properties":{"linea":"231-9-55","parcela":"231-9","palmas":27},"geometry":{"type":"LineString","coordinates":[[-72.895257,4.407235],[-72.895254,4.409351]]}},{"type":"Feature","properties":{"linea":"231-9-56","parcela":"231-9","palmas":27},"geometry":{"type":"LineString","coordinates":[[-72.895187,4.407275],[-72.895184,4.409391]]}},{"type":"Feature","properties":{"linea":"231-9-57","parcela":"231-9","palmas":27},"geometry":{"type":"LineString","coordinates":[[-72.895117,4.407235],[-72.895114,4.40935]]}},{"type":"Feature","properties":{"linea":"231-9-58","parcela":"231-9","palmas":27},"geometry":{"type":"LineString","coordinates":[[-72.895047,4.407275],[-72.895044,4.409391]]}},{"type":"Feature","properties":{"linea":"231-9-59","parcela":"231-9","palmas":27},"geometry":{"type":"LineString","coordinates":[[-72.894977,4.407234],[-72.894973,4.40935]]}},{"type":"Feature","properties":{"linea":"231-9-60","parcela":"231-9","palmas":27},"geometry":{"type":"LineString","coordinates":[[-72.894906,4.407275],[-72.894903,4.409391]]}},{"type":"Feature","properties":{"linea":"231-9-61","parcela":"231-9","palmas":27},"geometry":{"type":"LineString","coordinates":[[-72.894836,4.407234],[-72.894833,4.40935]]}},{"type":"Feature","properties":{"linea":"231-9-62","parcela":"231-9","palmas":27},"geometry":{"type":"LineString","coordinates":[[-72.894766,4.407275],[-72.894763,4.40939]]}},{"type":"Feature","properties":{"linea":"231-9-63","parcela":"231-9","palmas":27},"geometry":{"type":"LineString","coordinates":[[-72.894696,4.407234],[-72.894693,4.409349]]}},{"type":"Feature","properties":{"linea":"231-9-64","parcela":"231-9","palmas":27},"geometry":{"type":"LineString","coordinates":[[-72.894626,4.407274],[-72.894622,4.40939]]}},{"type":"Feature","properties":{"linea":"231-9-65","parcela":"231-9","palmas":27},"geometry":{"type":"LineString","coordinates":[[-72.894556,4.407234],[-72.894552,4.409349]]}},{"type":"Feature","properties":{"linea":"231-9-66","parcela":"231-9","palmas":27},"geometry":{"type":"LineString","coordinates":[[-72.894485,4.407274],[-72.894482,4.40939]]}},{"type":"Feature","properties":{"linea":"231-9-67","parcela":"231-9","palmas":27},"geometry":{"type":"LineString","coordinates":[[-72.894415,4.407234],[-72.894412,4.409349]]}},{"type":"Feature","properties":{"linea":"231-9-68","parcela":"231-9","palmas":27},"geometry":{"type":"LineString","coordinates":[[-72.894345,4.407274],[-72.894341,4.40939]]}},{"type":"Feature","properties":{"linea":"231-9-69","parcela":"231-9","palmas":27},"geometry":{"type":"LineString","coordinates":[[-72.894275,4.407233],[-72.894271,4.409349]]}},{"type":"Feature","properties":{"linea":"231-9-70","parcela":"231-9","palmas":27},"geometry":{"type":"LineString","coordinates":[[-72.894204,4.407274],[-72.894201,4.409389]]}},{"type":"Feature","properties":{"linea":"231-9-71","parcela":"231-9","palmas":27},"geometry":{"type":"LineString","coordinates":[[-72.894134,4.407233],[-72.894131,4.409349]]}},{"type":"Feature","properties":{"linea":"231-9-72","parcela":"231-9","palmas":27},"geometry":{"type":"LineString","coordinates":[[-72.894064,4.407274],[-72.894061,4.409389]]}},{"type":"Feature","properties":{"linea":"231-9-73","parcela":"231-9","palmas":27},"geometry":{"type":"LineString","coordinates":[[-72.893994,4.407233],[-72.893991,4.409348]]}},{"type":"Feature","properties":{"linea":"231-9-74","parcela":"231-9","palmas":27},"geometry":{"type":"LineString","coordinates":[[-72.893924,4.407273],[-72.89392,4.409389]]}},{"type":"Feature","properties":{"linea":"231-9-75","parcela":"231-9","palmas":27},"geometry":{"type":"LineString","coordinates":[[-72.893853,4.407233],[-72.89385,4.409348]]}},{"type":"Feature","properties":{"linea":"231-9-76","parcela":"231-9","palmas":27},"geometry":{"type":"LineString","coordinates":[[-72.893783,4.407273],[-72.89378,4.409389]]}},{"type":"Feature","properties":{"linea":"231-9-77","parcela":"231-9","palmas":27},"geometry":{"type":"LineString","coordinates":[[-72.893713,4.407232],[-72.89371,4.409348]]}},{"type":"Feature","properties":{"linea":"231-9-78","parcela":"231-9","palmas":27},"geometry":{"type":"LineString","coordinates":[[-72.893643,4.407273],[-72.893639,4.409389]]}},{"type":"Feature","properties":{"linea":"231-9-79","parcela":"231-9","palmas":27},"geometry":{"type":"LineString","coordinates":[[-72.893573,4.407232],[-72.893569,4.409348]]}},{"type":"Feature","properties":{"linea":"231-9-80","parcela":"231-9","palmas":27},"geometry":{"type":"LineString","coordinates":[[-72.893502,4.407273],[-72.893499,4.409388]]}},{"type":"Feature","properties":{"linea":"231-9-81","parcela":"231-9","palmas":27},"geometry":{"type":"LineString","coordinates":[[-72.893432,4.407232],[-72.893429,4.409347]]}},{"type":"Feature","properties":{"linea":"231-9-82","parcela":"231-9","palmas":27},"geometry":{"type":"LineString","coordinates":[[-72.893362,4.407273],[-72.893359,4.409388]]}},{"type":"Feature","properties":{"linea":"231-9-83","parcela":"231-9","palmas":27},"geometry":{"type":"LineString","coordinates":[[-72.893292,4.407232],[-72.893288,4.409347]]}},{"type":"Feature","properties":{"linea":"231-9-84","parcela":"231-9","palmas":27},"geometry":{"type":"LineString","coordinates":[[-72.893221,4.407272],[-72.893218,4.409388]]}},{"type":"Feature","properties":{"linea":"231-9-85","parcela":"231-9","palmas":27},"geometry":{"type":"LineString","coordinates":[[-72.893151,4.407231],[-72.893148,4.409347]]}},{"type":"Feature","properties":{"linea":"231-9-86","parcela":"231-9","palmas":27},"geometry":{"type":"LineString","coordinates":[[-72.893081,4.407272],[-72.893078,4.409388]]}},{"type":"Feature","properties":{"linea":"231-9-87","parcela":"231-9","palmas":25},"geometry":{"type":"LineString","coordinates":[[-72.893011,4.407231],[-72.893008,4.409184]]}},{"type":"Feature","properties":{"linea":"231-9-88","parcela":"231-9","palmas":17},"geometry":{"type":"LineString","coordinates":[[-72.892941,4.407272],[-72.892939,4.408574]]}},{"type":"Feature","properties":{"linea":"231-9-89","parcela":"231-9","palmas":7},"geometry":{"type":"LineString","coordinates":[[-72.892871,4.407231],[-72.89287,4.407719]]}},{"type":"Feature","properties":{"linea":"231-9-90","parcela":"231-9","palmas":8},"geometry":{"type":"LineString","coordinates":[[-72.892592,4.405929],[-72.892593,4.405359]]}},{"type":"Feature","properties":{"linea":"231-9-91","parcela":"231-9","palmas":9},"geometry":{"type":"LineString","coordinates":[[-72.892662,4.406051],[-72.892663,4.4054]]}},{"type":"Feature","properties":{"linea":"231-9-92","parcela":"231-9","palmas":17},"geometry":{"type":"LineString","coordinates":[[-72.892731,4.406743],[-72.892733,4.405441]]}},{"type":"Feature","properties":{"linea":"231-9-93","parcela":"231-9","palmas":21},"geometry":{"type":"LineString","coordinates":[[-72.892801,4.407109],[-72.892803,4.405481]]}},{"type":"Feature","properties":{"linea":"231-9-94","parcela":"231-9","palmas":20},"geometry":{"type":"LineString","coordinates":[[-72.892871,4.40715],[-72.892873,4.405604]]}},{"type":"Feature","properties":{"linea":"231-9-95","parcela":"231-9","palmas":19},"geometry":{"type":"LineString","coordinates":[[-72.892941,4.407109],[-72.892943,4.405644]]}},{"type":"Feature","properties":{"linea":"231-9-96","parcela":"231-9","palmas":19},"geometry":{"type":"LineString","coordinates":[[-72.893011,4.40715],[-72.893013,4.405685]]}},{"type":"Feature","properties":{"linea":"231-9-97","parcela":"231-9","palmas":19},"geometry":{"type":"LineString","coordinates":[[-72.893081,4.407109],[-72.893084,4.405645]]}},{"type":"Feature","properties":{"linea":"231-9-98","parcela":"231-9","palmas":19},"geometry":{"type":"LineString","coordinates":[[-72.893151,4.40715],[-72.893154,4.405685]]}},{"type":"Feature","properties":{"linea":"231-9-99","parcela":"231-9","palmas":18},"geometry":{"type":"LineString","coordinates":[[-72.893222,4.407109],[-72.893224,4.405726]]}},{"type":"Feature","properties":{"linea":"231-9-100","parcela":"231-9","palmas":19},"geometry":{"type":"LineString","coordinates":[[-72.893292,4.40715],[-72.893294,4.405686]]}},{"type":"Feature","properties":{"linea":"231-9-101","parcela":"231-9","palmas":18},"geometry":{"type":"LineString","coordinates":[[-72.893362,4.40711],[-72.893364,4.405726]]}},{"type":"Feature","properties":{"linea":"231-9-102","parcela":"231-9","palmas":19},"geometry":{"type":"LineString","coordinates":[[-72.893432,4.407151],[-72.893435,4.405686]]}},{"type":"Feature","properties":{"linea":"231-9-103","parcela":"231-9","palmas":19},"geometry":{"type":"LineString","coordinates":[[-72.893503,4.40711],[-72.893505,4.405645]]}},{"type":"Feature","properties":{"linea":"231-9-104","parcela":"231-9","palmas":19},"geometry":{"type":"LineString","coordinates":[[-72.893573,4.407151],[-72.893575,4.405686]]}},{"type":"Feature","properties":{"linea":"231-9-105","parcela":"231-9","palmas":19},"geometry":{"type":"LineString","coordinates":[[-72.893643,4.40711],[-72.893645,4.405646]]}},{"type":"Feature","properties":{"linea":"231-9-106","parcela":"231-9","palmas":21},"geometry":{"type":"LineString","coordinates":[[-72.893713,4.407151],[-72.893716,4.405524]]}},{"type":"Feature","properties":{"linea":"231-9-107","parcela":"231-9","palmas":21},"geometry":{"type":"LineString","coordinates":[[-72.893783,4.40711],[-72.893786,4.405483]]}},{"type":"Feature","properties":{"linea":"231-9-108","parcela":"231-9","palmas":22},"geometry":{"type":"LineString","coordinates":[[-72.893854,4.407151],[-72.893856,4.405443]]}},{"type":"Feature","properties":{"linea":"231-9-109","parcela":"231-9","palmas":23},"geometry":{"type":"LineString","coordinates":[[-72.893924,4.407111],[-72.893927,4.405321]]}},{"type":"Feature","properties":{"linea":"231-9-110","parcela":"231-9","palmas":24},"geometry":{"type":"LineString","coordinates":[[-72.893994,4.407151],[-72.893997,4.40528]]}},{"type":"Feature","properties":{"linea":"231-9-111","parcela":"231-9","palmas":25},"geometry":{"type":"LineString","coordinates":[[-72.894064,4.407111],[-72.894067,4.405158]]}},{"type":"Feature","properties":{"linea":"231-9-112","parcela":"231-9","palmas":26},"geometry":{"type":"LineString","coordinates":[[-72.894134,4.407152],[-72.894138,4.405118]]}},{"type":"Feature","properties":{"linea":"231-9-113","parcela":"231-9","palmas":26},"geometry":{"type":"LineString","coordinates":[[-72.894205,4.407111],[-72.894208,4.405077]]}},{"type":"Feature","properties":{"linea":"231-9-114","parcela":"231-9","palmas":27},"geometry":{"type":"LineString","coordinates":[[-72.894275,4.407152],[-72.894278,4.405036]]}},{"type":"Feature","properties":{"linea":"231-9-115","parcela":"231-9","palmas":27},"geometry":{"type":"LineString","coordinates":[[-72.894345,4.407111],[-72.894348,4.404996]]}},{"type":"Feature","properties":{"linea":"231-9-116","parcela":"231-9","palmas":27},"geometry":{"type":"LineString","coordinates":[[-72.894415,4.407152],[-72.894419,4.405036]]}},{"type":"Feature","properties":{"linea":"231-9-117","parcela":"231-9","palmas":27},"geometry":{"type":"LineString","coordinates":[[-72.894486,4.407112],[-72.894489,4.404996]]}},{"type":"Feature","properties":{"linea":"231-9-118","parcela":"231-9","palmas":27},"geometry":{"type":"LineString","coordinates":[[-72.894556,4.407152],[-72.894559,4.405037]]}},{"type":"Feature","properties":{"linea":"231-9-119","parcela":"231-9","palmas":27},"geometry":{"type":"LineString","coordinates":[[-72.894626,4.407112],[-72.894629,4.404996]]}},{"type":"Feature","properties":{"linea":"231-9-120","parcela":"231-9","palmas":27},"geometry":{"type":"LineString","coordinates":[[-72.894696,4.407153],[-72.894699,4.405037]]}},{"type":"Feature","properties":{"linea":"231-9-121","parcela":"231-9","palmas":27},"geometry":{"type":"LineString","coordinates":[[-72.894766,4.407112],[-72.89477,4.404996]]}},{"type":"Feature","properties":{"linea":"231-9-122","parcela":"231-9","palmas":27},"geometry":{"type":"LineString","coordinates":[[-72.894836,4.407153],[-72.89484,4.405037]]}},{"type":"Feature","properties":{"linea":"231-9-123","parcela":"231-9","palmas":27},"geometry":{"type":"LineString","coordinates":[[-72.894907,4.407112],[-72.89491,4.404997]]}},{"type":"Feature","properties":{"linea":"231-9-124","parcela":"231-9","palmas":27},"geometry":{"type":"LineString","coordinates":[[-72.894977,4.407153],[-72.89498,4.405037]]}},{"type":"Feature","properties":{"linea":"231-9-125","parcela":"231-9","palmas":27},"geometry":{"type":"LineString","coordinates":[[-72.895047,4.407113],[-72.895051,4.404997]]}},{"type":"Feature","properties":{"linea":"231-9-126","parcela":"231-9","palmas":27},"geometry":{"type":"LineString","coordinates":[[-72.895117,4.407153],[-72.895121,4.405038]]}},{"type":"Feature","properties":{"linea":"231-9-127","parcela":"231-9","palmas":27},"geometry":{"type":"LineString","coordinates":[[-72.895188,4.407113],[-72.895191,4.404997]]}},{"type":"Feature","properties":{"linea":"231-9-128","parcela":"231-9","palmas":27},"geometry":{"type":"LineString","coordinates":[[-72.895258,4.407153],[-72.895261,4.405038]]}},{"type":"Feature","properties":{"linea":"231-9-129","parcela":"231-9","palmas":27},"geometry":{"type":"LineString","coordinates":[[-72.895328,4.407113],[-72.895331,4.404997]]}},{"type":"Feature","properties":{"linea":"231-9-130","parcela":"231-9","palmas":27},"geometry":{"type":"LineString","coordinates":[[-72.895398,4.407154],[-72.895401,4.405038]]}},{"type":"Feature","properties":{"linea":"231-9-131","parcela":"231-9","palmas":27},"geometry":{"type":"LineString","coordinates":[[-72.895468,4.407113],[-72.895472,4.404998]]}},{"type":"Feature","properties":{"linea":"231-9-132","parcela":"231-9","palmas":27},"geometry":{"type":"LineString","coordinates":[[-72.895539,4.407154],[-72.895542,4.405038]]}},{"type":"Feature","properties":{"linea":"231-9-133","parcela":"231-9","palmas":27},"geometry":{"type":"LineString","coordinates":[[-72.895609,4.407113],[-72.895612,4.404998]]}},{"type":"Feature","properties":{"linea":"231-9-134","parcela":"231-9","palmas":27},"geometry":{"type":"LineString","coordinates":[[-72.895679,4.407154],[-72.895682,4.405038]]}},{"type":"Feature","properties":{"linea":"231-9-135","parcela":"231-9","palmas":26},"geometry":{"type":"LineString","coordinates":[[-72.895749,4.407114],[-72.895753,4.405079]]}},{"type":"Feature","properties":{"linea":"231-9-136","parcela":"231-9","palmas":26},"geometry":{"type":"LineString","coordinates":[[-72.895819,4.407154],[-72.895823,4.40512]]}},{"type":"Feature","properties":{"linea":"231-9-137","parcela":"231-9","palmas":24},"geometry":{"type":"LineString","coordinates":[[-72.89589,4.407114],[-72.895893,4.405242]]}},{"type":"Feature","properties":{"linea":"231-9-138","parcela":"231-9","palmas":23},"geometry":{"type":"LineString","coordinates":[[-72.89596,4.407154],[-72.895963,4.405364]]}},{"type":"Feature","properties":{"linea":"231-9-139","parcela":"231-9","palmas":21},"geometry":{"type":"LineString","coordinates":[[-72.89603,4.407114],[-72.896033,4.405487]]}},{"type":"Feature","properties":{"linea":"231-9-140","parcela":"231-9","palmas":21},"geometry":{"type":"LineString","coordinates":[[-72.8961,4.407155],[-72.896103,4.405527]]}},{"type":"Feature","properties":{"linea":"231-9-141","parcela":"231-9","palmas":20},"geometry":{"type":"LineString","coordinates":[[-72.896171,4.407114],[-72.896173,4.405568]]}},{"type":"Feature","properties":{"linea":"231-9-142","parcela":"231-9","palmas":19},"geometry":{"type":"LineString","coordinates":[[-72.896241,4.407155],[-72.896243,4.40569]]}},{"type":"Feature","properties":{"linea":"231-9-143","parcela":"231-9","palmas":17},"geometry":{"type":"LineString","coordinates":[[-72.896311,4.407114],[-72.896313,4.405813]]}},{"type":"Feature","properties":{"linea":"231-9-144","parcela":"231-9","palmas":17},"geometry":{"type":"LineString","coordinates":[[-72.896381,4.407155],[-72.896383,4.405853]]}},{"type":"Feature","properties":{"linea":"231-9-145","parcela":"231-9","palmas":15},"geometry":{"type":"LineString","coordinates":[[-72.896451,4.407115],[-72.896453,4.405976]]}},{"type":"Feature","properties":{"linea":"231-9-146","parcela":"231-9","palmas":14},"geometry":{"type":"LineString","coordinates":[[-72.896521,4.407156],[-72.896523,4.406098]]}},{"type":"Feature","properties":{"linea":"231-9-147","parcela":"231-9","palmas":13},"geometry":{"type":"LineString","coordinates":[[-72.896592,4.407115],[-72.896593,4.406138]]}},{"type":"Feature","properties":{"linea":"231-9-148","parcela":"231-9","palmas":12},"geometry":{"type":"LineString","coordinates":[[-72.896662,4.407156],[-72.896663,4.406261]]}},{"type":"Feature","properties":{"linea":"231-9-149","parcela":"231-9","palmas":11},"geometry":{"type":"LineString","coordinates":[[-72.896732,4.407115],[-72.896733,4.406301]]}},{"type":"Feature","properties":{"linea":"231-9-150","parcela":"231-9","palmas":10},"geometry":{"type":"LineString","coordinates":[[-72.896802,4.407156],[-72.896803,4.406424]]}},{"type":"Feature","properties":{"linea":"231-9-151","parcela":"231-9","palmas":9},"geometry":{"type":"LineString","coordinates":[[-72.896873,4.407115],[-72.896874,4.406464]]}},{"type":"Feature","properties":{"linea":"231-9-152","parcela":"231-9","palmas":8},"geometry":{"type":"LineString","coordinates":[[-72.896943,4.407156],[-72.896944,4.406586]]}},{"type":"Feature","properties":{"linea":"231-9-153","parcela":"231-9","palmas":6},"geometry":{"type":"LineString","coordinates":[[-72.897013,4.407116],[-72.897014,4.406709]]}},{"type":"Feature","properties":{"linea":"231-9-154","parcela":"231-9","palmas":5},"geometry":{"type":"LineString","coordinates":[[-72.897083,4.407156],[-72.897084,4.406831]]}},{"type":"Feature","properties":{"linea":"231-9-155","parcela":"231-9","palmas":4},"geometry":{"type":"LineString","coordinates":[[-72.897153,4.407116],[-72.897154,4.406872]]}},{"type":"Feature","properties":{"linea":"231-9-156","parcela":"231-9","palmas":3},"geometry":{"type":"LineString","coordinates":[[-72.897224,4.407157],[-72.897224,4.406994]]}},{"type":"Feature","properties":{"linea":"231-9-157","parcela":"231-9","palmas":2},"geometry":{"type":"LineString","coordinates":[[-72.897294,4.407116],[-72.897294,4.407035]]}},{"type":"Feature","properties":{"linea":"231-10-1","parcela":"231-10","palmas":29},"geometry":{"type":"LineString","coordinates":[[-72.897478,4.411704],[-72.897474,4.413982]]}},{"type":"Feature","properties":{"linea":"231-10-2","parcela":"231-10","palmas":28},"geometry":{"type":"LineString","coordinates":[[-72.897407,4.411744],[-72.897404,4.413941]]}},{"type":"Feature","properties":{"linea":"231-10-3","parcela":"231-10","palmas":28},"geometry":{"type":"LineString","coordinates":[[-72.897338,4.411703],[-72.897334,4.4139]]}},{"type":"Feature","properties":{"linea":"231-10-4","parcela":"231-10","palmas":27},"geometry":{"type":"LineString","coordinates":[[-72.897267,4.411744],[-72.897264,4.413859]]}},{"type":"Feature","properties":{"linea":"231-10-5","parcela":"231-10","palmas":26},"geometry":{"type":"LineString","coordinates":[[-72.897197,4.411703],[-72.897194,4.413737]]}},{"type":"Feature","properties":{"linea":"231-10-6","parcela":"231-10","palmas":25},"geometry":{"type":"LineString","coordinates":[[-72.897127,4.411744],[-72.897124,4.413697]]}},{"type":"Feature","properties":{"linea":"231-10-7","parcela":"231-10","palmas":25},"geometry":{"type":"LineString","coordinates":[[-72.897057,4.411703],[-72.897054,4.413656]]}},{"type":"Feature","properties":{"linea":"231-10-8","parcela":"231-10","palmas":22},"geometry":{"type":"LineString","coordinates":[[-72.896986,4.411743],[-72.896984,4.413452]]}},{"type":"Feature","properties":{"linea":"231-10-9","parcela":"231-10","palmas":24},"geometry":{"type":"LineString","coordinates":[[-72.896916,4.411703],[-72.896913,4.413574]]}},{"type":"Feature","properties":{"linea":"231-10-10","parcela":"231-10","palmas":23},"geometry":{"type":"LineString","coordinates":[[-72.896846,4.411743],[-72.896843,4.413533]]}},{"type":"Feature","properties":{"linea":"231-10-11","parcela":"231-10","palmas":23},"geometry":{"type":"LineString","coordinates":[[-72.896776,4.411703],[-72.896773,4.413493]]}},{"type":"Feature","properties":{"linea":"231-10-12","parcela":"231-10","palmas":22},"geometry":{"type":"LineString","coordinates":[[-72.896706,4.411743],[-72.896703,4.413452]]}},{"type":"Feature","properties":{"linea":"231-10-13","parcela":"231-10","palmas":22},"geometry":{"type":"LineString","coordinates":[[-72.896635,4.411702],[-72.896633,4.413411]]}},{"type":"Feature","properties":{"linea":"231-10-14","parcela":"231-10","palmas":20},"geometry":{"type":"LineString","coordinates":[[-72.896565,4.411743],[-72.896563,4.413289]]}},{"type":"Feature","properties":{"linea":"231-10-15","parcela":"231-10","palmas":20},"geometry":{"type":"LineString","coordinates":[[-72.896495,4.411702],[-72.896493,4.413248]]}},{"type":"Feature","properties":{"linea":"231-10-16","parcela":"231-10","palmas":19},"geometry":{"type":"LineString","coordinates":[[-72.896425,4.411743],[-72.896422,4.413207]]}},{"type":"Feature","properties":{"linea":"231-10-17","parcela":"231-10","palmas":18},"geometry":{"type":"LineString","coordinates":[[-72.896354,4.411702],[-72.896352,4.413085]]}},{"type":"Feature","properties":{"linea":"231-10-18","parcela":"231-10","palmas":17},"geometry":{"type":"LineString","coordinates":[[-72.896284,4.411742],[-72.896282,4.413044]]}},{"type":"Feature","properties":{"linea":"231-10-19","parcela":"231-10","palmas":17},"geometry":{"type":"LineString","coordinates":[[-72.896214,4.411701],[-72.896212,4.413003]]}},{"type":"Feature","properties":{"linea":"231-10-20","parcela":"231-10","palmas":15},"geometry":{"type":"LineString","coordinates":[[-72.896144,4.411742],[-72.896142,4.412881]]}},{"type":"Feature","properties":{"linea":"231-10-21","parcela":"231-10","palmas":15},"geometry":{"type":"LineString","coordinates":[[-72.896074,4.411701],[-72.896072,4.412841]]}},{"type":"Feature","properties":{"linea":"231-10-22","parcela":"231-10","palmas":14},"geometry":{"type":"LineString","coordinates":[[-72.896003,4.411742],[-72.896002,4.4128]]}},{"type":"Feature","properties":{"linea":"231-10-23","parcela":"231-10","palmas":14},"geometry":{"type":"LineString","coordinates":[[-72.895933,4.411701],[-72.895932,4.412759]]}},{"type":"Feature","properties":{"linea":"231-10-24","parcela":"231-10","palmas":12},"geometry":{"type":"LineString","coordinates":[[-72.895863,4.411742],[-72.895862,4.412637]]}},{"type":"Feature","properties":{"linea":"231-10-25","parcela":"231-10","palmas":12},"geometry":{"type":"LineString","coordinates":[[-72.895793,4.411701],[-72.895791,4.412596]]}},{"type":"Feature","properties":{"linea":"231-10-26","parcela":"231-10","palmas":11},"geometry":{"type":"LineString","coordinates":[[-72.895723,4.411741],[-72.895721,4.412555]]}},{"type":"Feature","properties":{"linea":"231-10-27","parcela":"231-10","palmas":11},"geometry":{"type":"LineString","coordinates":[[-72.895653,4.411701],[-72.895651,4.412514]]}},{"type":"Feature","properties":{"linea":"231-10-28","parcela":"231-10","palmas":10},"geometry":{"type":"LineString","coordinates":[[-72.895582,4.411741],[-72.895581,4.412474]]}},{"type":"Feature","properties":{"linea":"231-10-29","parcela":"231-10","palmas":10},"geometry":{"type":"LineString","coordinates":[[-72.895512,4.4117],[-72.895511,4.412433]]}},{"type":"Feature","properties":{"linea":"231-10-30","parcela":"231-10","palmas":9},"geometry":{"type":"LineString","coordinates":[[-72.895442,4.411741],[-72.895441,4.412392]]}},{"type":"Feature","properties":{"linea":"231-10-31","parcela":"231-10","palmas":9},"geometry":{"type":"LineString","coordinates":[[-72.895372,4.4117],[-72.895371,4.412351]]}},{"type":"Feature","properties":{"linea":"231-10-32","parcela":"231-10","palmas":8},"geometry":{"type":"LineString","coordinates":[[-72.895301,4.411741],[-72.895301,4.41231]]}},{"type":"Feature","properties":{"linea":"231-10-33","parcela":"231-10","palmas":8},"geometry":{"type":"LineString","coordinates":[[-72.895231,4.4117],[-72.89523,4.412269]]}},{"type":"Feature","properties":{"linea":"231-10-34","parcela":"231-10","palmas":6},"geometry":{"type":"LineString","coordinates":[[-72.895161,4.411741],[-72.89516,4.412147]]}},{"type":"Feature","properties":{"linea":"231-10-35","parcela":"231-10","palmas":6},"geometry":{"type":"LineString","coordinates":[[-72.895091,4.4117],[-72.89509,4.412107]]}},{"type":"Feature","properties":{"linea":"231-10-36","parcela":"231-10","palmas":5},"geometry":{"type":"LineString","coordinates":[[-72.895021,4.41174],[-72.89502,4.412066]]}},{"type":"Feature","properties":{"linea":"231-10-37","parcela":"231-10","palmas":5},"geometry":{"type":"LineString","coordinates":[[-72.89495,4.411699],[-72.89495,4.412025]]}},{"type":"Feature","properties":{"linea":"231-10-38","parcela":"231-10","palmas":4},"geometry":{"type":"LineString","coordinates":[[-72.89488,4.41174],[-72.89488,4.411984]]}},{"type":"Feature","properties":{"linea":"231-10-39","parcela":"231-10","palmas":4},"geometry":{"type":"LineString","coordinates":[[-72.89481,4.411699],[-72.894809,4.411943]]}},{"type":"Feature","properties":{"linea":"231-10-40","parcela":"231-10","palmas":3},"geometry":{"type":"LineString","coordinates":[[-72.89474,4.41174],[-72.894739,4.411903]]}},{"type":"Feature","properties":{"linea":"231-10-41","parcela":"231-10","palmas":3},"geometry":{"type":"LineString","coordinates":[[-72.894669,4.411699],[-72.894669,4.411862]]}},{"type":"Feature","properties":{"linea":"231-10-42","parcela":"231-10","palmas":6},"geometry":{"type":"LineString","coordinates":[[-72.893058,4.409866],[-72.893058,4.409459]]}},{"type":"Feature","properties":{"linea":"231-10-43","parcela":"231-10","palmas":13},"geometry":{"type":"LineString","coordinates":[[-72.893127,4.410476],[-72.893128,4.409499]]}},{"type":"Feature","properties":{"linea":"231-10-44","parcela":"231-10","palmas":18},"geometry":{"type":"LineString","coordinates":[[-72.893196,4.410842],[-72.893199,4.409459]]}},{"type":"Feature","properties":{"linea":"231-10-45","parcela":"231-10","palmas":18},"geometry":{"type":"LineString","coordinates":[[-72.893267,4.410883],[-72.893269,4.4095]]}},{"type":"Feature","properties":{"linea":"231-10-46","parcela":"231-10","palmas":20},"geometry":{"type":"LineString","coordinates":[[-72.893337,4.411005],[-72.893339,4.409459]]}},{"type":"Feature","properties":{"linea":"231-10-47","parcela":"231-10","palmas":20},"geometry":{"type":"LineString","coordinates":[[-72.893407,4.411046],[-72.893409,4.4095]]}},{"type":"Feature","properties":{"linea":"231-10-48","parcela":"231-10","palmas":21},"geometry":{"type":"LineString","coordinates":[[-72.893477,4.411087],[-72.893479,4.409459]]}},{"type":"Feature","properties":{"linea":"231-10-49","parcela":"231-10","palmas":21},"geometry":{"type":"LineString","coordinates":[[-72.893547,4.411128],[-72.89355,4.4095]]}},{"type":"Feature","properties":{"linea":"231-10-50","parcela":"231-10","palmas":22},"geometry":{"type":"LineString","coordinates":[[-72.893617,4.411168],[-72.89362,4.40946]]}},{"type":"Feature","properties":{"linea":"231-10-51","parcela":"231-10","palmas":22},"geometry":{"type":"LineString","coordinates":[[-72.893688,4.411209],[-72.89369,4.409501]]}},{"type":"Feature","properties":{"linea":"231-10-52","parcela":"231-10","palmas":23},"geometry":{"type":"LineString","coordinates":[[-72.893758,4.41125],[-72.89376,4.40946]]}},{"type":"Feature","properties":{"linea":"231-10-53","parcela":"231-10","palmas":23},"geometry":{"type":"LineString","coordinates":[[-72.893828,4.411291],[-72.893831,4.409501]]}},{"type":"Feature","properties":{"linea":"231-10-54","parcela":"231-10","palmas":24},"geometry":{"type":"LineString","coordinates":[[-72.893898,4.411332],[-72.893901,4.40946]]}},{"type":"Feature","properties":{"linea":"231-10-55","parcela":"231-10","palmas":24},"geometry":{"type":"LineString","coordinates":[[-72.893968,4.411373],[-72.893971,4.409501]]}},{"type":"Feature","properties":{"linea":"231-10-56","parcela":"231-10","palmas":26},"geometry":{"type":"LineString","coordinates":[[-72.894038,4.411495],[-72.894041,4.40946]]}},{"type":"Feature","properties":{"linea":"231-10-57","parcela":"231-10","palmas":26},"geometry":{"type":"LineString","coordinates":[[-72.894108,4.411535],[-72.894111,4.409501]]}},{"type":"Feature","properties":{"linea":"231-10-58","parcela":"231-10","palmas":27},"geometry":{"type":"LineString","coordinates":[[-72.894178,4.411576],[-72.894182,4.409461]]}},{"type":"Feature","properties":{"linea":"231-10-59","parcela":"231-10","palmas":27},"geometry":{"type":"LineString","coordinates":[[-72.894248,4.411617],[-72.894252,4.409501]]}},{"type":"Feature","properties":{"linea":"231-10-60","parcela":"231-10","palmas":28},"geometry":{"type":"LineString","coordinates":[[-72.894319,4.411658],[-72.894322,4.409461]]}},{"type":"Feature","properties":{"linea":"231-10-61","parcela":"231-10","palmas":28},"geometry":{"type":"LineString","coordinates":[[-72.894389,4.411699],[-72.894392,4.409502]]}},{"type":"Feature","properties":{"linea":"231-10-62","parcela":"231-10","palmas":29},"geometry":{"type":"LineString","coordinates":[[-72.894459,4.411739],[-72.894463,4.409461]]}},{"type":"Feature","properties":{"linea":"231-10-63","parcela":"231-10","palmas":29},"geometry":{"type":"LineString","coordinates":[[-72.894529,4.41178],[-72.894533,4.409502]]}},{"type":"Feature","properties":{"linea":"231-10-64","parcela":"231-10","palmas":23},"geometry":{"type":"LineString","coordinates":[[-72.8946,4.411251],[-72.894603,4.409461]]}},{"type":"Feature","properties":{"linea":"231-10-65","parcela":"231-10","palmas":27},"geometry":{"type":"LineString","coordinates":[[-72.89467,4.411618],[-72.894673,4.409502]]}},{"type":"Feature","properties":{"linea":"231-10-66","parcela":"231-10","palmas":27},"geometry":{"type":"LineString","coordinates":[[-72.89474,4.411577],[-72.894743,4.409461]]}},{"type":"Feature","properties":{"linea":"231-10-67","parcela":"231-10","palmas":27},"geometry":{"type":"LineString","coordinates":[[-72.89481,4.411618],[-72.894813,4.409502]]}},{"type":"Feature","properties":{"linea":"231-10-68","parcela":"231-10","palmas":27},"geometry":{"type":"LineString","coordinates":[[-72.89488,4.411577],[-72.894884,4.409462]]}},{"type":"Feature","properties":{"linea":"231-10-69","parcela":"231-10","palmas":27},"geometry":{"type":"LineString","coordinates":[[-72.894951,4.411618],[-72.894954,4.409503]]}},{"type":"Feature","properties":{"linea":"231-10-70","parcela":"231-10","palmas":27},"geometry":{"type":"LineString","coordinates":[[-72.895021,4.411577],[-72.895024,4.409462]]}},{"type":"Feature","properties":{"linea":"231-10-71","parcela":"231-10","palmas":27},"geometry":{"type":"LineString","coordinates":[[-72.895091,4.411618],[-72.895094,4.409503]]}},{"type":"Feature","properties":{"linea":"231-10-72","parcela":"231-10","palmas":27},"geometry":{"type":"LineString","coordinates":[[-72.895161,4.411578],[-72.895164,4.409462]]}},{"type":"Feature","properties":{"linea":"231-10-73","parcela":"231-10","palmas":27},"geometry":{"type":"LineString","coordinates":[[-72.895231,4.411619],[-72.895235,4.409503]]}},{"type":"Feature","properties":{"linea":"231-10-74","parcela":"231-10","palmas":27},"geometry":{"type":"LineString","coordinates":[[-72.895302,4.411578],[-72.895305,4.409462]]}},{"type":"Feature","properties":{"linea":"231-10-75","parcela":"231-10","palmas":27},"geometry":{"type":"LineString","coordinates":[[-72.895372,4.411619],[-72.895375,4.409503]]}},{"type":"Feature","properties":{"linea":"231-10-76","parcela":"231-10","palmas":27},"geometry":{"type":"LineString","coordinates":[[-72.895442,4.411578],[-72.895445,4.409463]]}},{"type":"Feature","properties":{"linea":"231-10-77","parcela":"231-10","palmas":27},"geometry":{"type":"LineString","coordinates":[[-72.895512,4.411619],[-72.895516,4.409503]]}},{"type":"Feature","properties":{"linea":"231-10-78","parcela":"231-10","palmas":27},"geometry":{"type":"LineString","coordinates":[[-72.895583,4.411578],[-72.895586,4.409463]]}},{"type":"Feature","properties":{"linea":"231-10-79","parcela":"231-10","palmas":27},"geometry":{"type":"LineString","coordinates":[[-72.895653,4.411619],[-72.895656,4.409504]]}},{"type":"Feature","properties":{"linea":"231-10-80","parcela":"231-10","palmas":27},"geometry":{"type":"LineString","coordinates":[[-72.895723,4.411579],[-72.895726,4.409463]]}},{"type":"Feature","properties":{"linea":"231-10-81","parcela":"231-10","palmas":27},"geometry":{"type":"LineString","coordinates":[[-72.895793,4.411619],[-72.895796,4.409504]]}},{"type":"Feature","properties":{"linea":"231-10-82","parcela":"231-10","palmas":27},"geometry":{"type":"LineString","coordinates":[[-72.895863,4.411579],[-72.895867,4.409463]]}},{"type":"Feature","properties":{"linea":"231-10-83","parcela":"231-10","palmas":27},"geometry":{"type":"LineString","coordinates":[[-72.895933,4.41162],[-72.895937,4.409504]]}},{"type":"Feature","properties":{"linea":"231-10-84","parcela":"231-10","palmas":27},"geometry":{"type":"LineString","coordinates":[[-72.896004,4.411579],[-72.896007,4.409463]]}},{"type":"Feature","properties":{"linea":"231-10-85","parcela":"231-10","palmas":27},"geometry":{"type":"LineString","coordinates":[[-72.896074,4.41162],[-72.896077,4.409504]]}},{"type":"Feature","properties":{"linea":"231-10-86","parcela":"231-10","palmas":27},"geometry":{"type":"LineString","coordinates":[[-72.896144,4.411579],[-72.896148,4.409464]]}},{"type":"Feature","properties":{"linea":"231-10-87","parcela":"231-10","palmas":27},"geometry":{"type":"LineString","coordinates":[[-72.896214,4.41162],[-72.896218,4.409504]]}},{"type":"Feature","properties":{"linea":"231-10-88","parcela":"231-10","palmas":27},"geometry":{"type":"LineString","coordinates":[[-72.896284,4.411579],[-72.896288,4.409464]]}},{"type":"Feature","properties":{"linea":"231-10-89","parcela":"231-10","palmas":27},"geometry":{"type":"LineString","coordinates":[[-72.896355,4.41162],[-72.896358,4.409505]]}},{"type":"Feature","properties":{"linea":"231-10-90","parcela":"231-10","palmas":27},"geometry":{"type":"LineString","coordinates":[[-72.896425,4.41158],[-72.896428,4.409464]]}},{"type":"Feature","properties":{"linea":"231-10-91","parcela":"231-10","palmas":27},"geometry":{"type":"LineString","coordinates":[[-72.896495,4.411621],[-72.896498,4.409505]]}},{"type":"Feature","properties":{"linea":"231-10-92","parcela":"231-10","palmas":27},"geometry":{"type":"LineString","coordinates":[[-72.896565,4.41158],[-72.896569,4.409464]]}},{"type":"Feature","properties":{"linea":"231-10-93","parcela":"231-10","palmas":27},"geometry":{"type":"LineString","coordinates":[[-72.896636,4.411621],[-72.896639,4.409505]]}},{"type":"Feature","properties":{"linea":"231-10-94","parcela":"231-10","palmas":27},"geometry":{"type":"LineString","coordinates":[[-72.896706,4.41158],[-72.896709,4.409464]]}},{"type":"Feature","properties":{"linea":"231-10-95","parcela":"231-10","palmas":27},"geometry":{"type":"LineString","coordinates":[[-72.896776,4.411621],[-72.896779,4.409505]]}},{"type":"Feature","properties":{"linea":"231-10-96","parcela":"231-10","palmas":27},"geometry":{"type":"LineString","coordinates":[[-72.896846,4.411581],[-72.896849,4.409465]]}},{"type":"Feature","properties":{"linea":"231-10-97","parcela":"231-10","palmas":27},"geometry":{"type":"LineString","coordinates":[[-72.896916,4.411621],[-72.89692,4.409506]]}},{"type":"Feature","properties":{"linea":"231-10-98","parcela":"231-10","palmas":27},"geometry":{"type":"LineString","coordinates":[[-72.896987,4.411581],[-72.89699,4.409465]]}},{"type":"Feature","properties":{"linea":"231-10-99","parcela":"231-10","palmas":27},"geometry":{"type":"LineString","coordinates":[[-72.897057,4.411621],[-72.89706,4.409506]]}},{"type":"Feature","properties":{"linea":"231-10-100","parcela":"231-10","palmas":27},"geometry":{"type":"LineString","coordinates":[[-72.897127,4.411581],[-72.89713,4.409465]]}},{"type":"Feature","properties":{"linea":"231-10-101","parcela":"231-10","palmas":27},"geometry":{"type":"LineString","coordinates":[[-72.897197,4.411622],[-72.897201,4.409506]]}},{"type":"Feature","properties":{"linea":"231-10-102","parcela":"231-10","palmas":27},"geometry":{"type":"LineString","coordinates":[[-72.897268,4.411581],[-72.897271,4.409466]]}},{"type":"Feature","properties":{"linea":"231-10-103","parcela":"231-10","palmas":27},"geometry":{"type":"LineString","coordinates":[[-72.897338,4.411622],[-72.897341,4.409506]]}},{"type":"Feature","properties":{"linea":"231-10-104","parcela":"231-10","palmas":27},"geometry":{"type":"LineString","coordinates":[[-72.897408,4.411581],[-72.897411,4.409466]]}},{"type":"Feature","properties":{"linea":"231-10-105","parcela":"231-10","palmas":27},"geometry":{"type":"LineString","coordinates":[[-72.897478,4.411622],[-72.897481,4.409506]]}},{"type":"Feature","properties":{"linea":"231-11-1","parcela":"231-11","palmas":2},"geometry":{"type":"LineString","coordinates":[[-72.904413,4.413806],[-72.904413,4.413888]]}},{"type":"Feature","properties":{"linea":"231-11-2","parcela":"231-11","palmas":12},"geometry":{"type":"LineString","coordinates":[[-72.904344,4.412951],[-72.904343,4.413847]]}},{"type":"Feature","properties":{"linea":"231-11-3","parcela":"231-11","palmas":13},"geometry":{"type":"LineString","coordinates":[[-72.904274,4.412911],[-72.904273,4.413887]]}},{"type":"Feature","properties":{"linea":"231-11-4","parcela":"231-11","palmas":12},"geometry":{"type":"LineString","coordinates":[[-72.904204,4.412951],[-72.904202,4.413846]]}},{"type":"Feature","properties":{"linea":"231-11-5","parcela":"231-11","palmas":13},"geometry":{"type":"LineString","coordinates":[[-72.904134,4.412911],[-72.904132,4.413887]]}},{"type":"Feature","properties":{"linea":"231-11-6","parcela":"231-11","palmas":13},"geometry":{"type":"LineString","coordinates":[[-72.904064,4.41287],[-72.904062,4.413846]]}},{"type":"Feature","properties":{"linea":"231-11-7","parcela":"231-11","palmas":14},"geometry":{"type":"LineString","coordinates":[[-72.903993,4.412829],[-72.903992,4.413887]]}},{"type":"Feature","properties":{"linea":"231-11-8","parcela":"231-11","palmas":14},"geometry":{"type":"LineString","coordinates":[[-72.903923,4.412788],[-72.903921,4.413846]]}},{"type":"Feature","properties":{"linea":"231-11-9","parcela":"231-11","palmas":14},"geometry":{"type":"LineString","coordinates":[[-72.903853,4.412829],[-72.903851,4.413886]]}},{"type":"Feature","properties":{"linea":"231-11-10","parcela":"231-11","palmas":14},"geometry":{"type":"LineString","coordinates":[[-72.903783,4.412788],[-72.903781,4.413846]]}},{"type":"Feature","properties":{"linea":"231-11-11","parcela":"231-11","palmas":15},"geometry":{"type":"LineString","coordinates":[[-72.903713,4.412747],[-72.903711,4.413886]]}},{"type":"Feature","properties":{"linea":"231-11-12","parcela":"231-11","palmas":15},"geometry":{"type":"LineString","coordinates":[[-72.903643,4.412706],[-72.903641,4.413846]]}},{"type":"Feature","properties":{"linea":"231-11-13","parcela":"231-11","palmas":15},"geometry":{"type":"LineString","coordinates":[[-72.903572,4.412747],[-72.90357,4.413886]]}},{"type":"Feature","properties":{"linea":"231-11-14","parcela":"231-11","palmas":15},"geometry":{"type":"LineString","coordinates":[[-72.903502,4.412706],[-72.9035,4.413845]]}},{"type":"Feature","properties":{"linea":"231-11-15","parcela":"231-11","palmas":16},"geometry":{"type":"LineString","coordinates":[[-72.903432,4.412665],[-72.90343,4.413886]]}},{"type":"Feature","properties":{"linea":"231-11-16","parcela":"231-11","palmas":16},"geometry":{"type":"LineString","coordinates":[[-72.903362,4.412624],[-72.90336,4.413845]]}},{"type":"Feature","properties":{"linea":"231-11-17","parcela":"231-11","palmas":17},"geometry":{"type":"LineString","coordinates":[[-72.903292,4.412584],[-72.903289,4.413886]]}},{"type":"Feature","properties":{"linea":"231-11-18","parcela":"231-11","palmas":17},"geometry":{"type":"LineString","coordinates":[[-72.903221,4.412543],[-72.903219,4.413845]]}},{"type":"Feature","properties":{"linea":"231-11-19","parcela":"231-11","palmas":17},"geometry":{"type":"LineString","coordinates":[[-72.903151,4.412583],[-72.903149,4.413885]]}},{"type":"Feature","properties":{"linea":"231-11-20","parcela":"231-11","palmas":17},"geometry":{"type":"LineString","coordinates":[[-72.903081,4.412543],[-72.903079,4.413844]]}},{"type":"Feature","properties":{"linea":"231-11-21","parcela":"231-11","palmas":18},"geometry":{"type":"LineString","coordinates":[[-72.903011,4.412502],[-72.903009,4.413885]]}},{"type":"Feature","properties":{"linea":"231-11-22","parcela":"231-11","palmas":18},"geometry":{"type":"LineString","coordinates":[[-72.902941,4.412461],[-72.902939,4.413844]]}},{"type":"Feature","properties":{"linea":"231-11-23","parcela":"231-11","palmas":18},"geometry":{"type":"LineString","coordinates":[[-72.902871,4.412502],[-72.902868,4.413885]]}},{"type":"Feature","properties":{"linea":"231-11-24","parcela":"231-11","palmas":18},"geometry":{"type":"LineString","coordinates":[[-72.9028,4.412461],[-72.902798,4.413844]]}},{"type":"Feature","properties":{"linea":"231-11-25","parcela":"231-11","palmas":19},"geometry":{"type":"LineString","coordinates":[[-72.90273,4.41242],[-72.902728,4.413885]]}},{"type":"Feature","properties":{"linea":"231-11-26","parcela":"231-11","palmas":19},"geometry":{"type":"LineString","coordinates":[[-72.90266,4.412379],[-72.902658,4.413844]]}},{"type":"Feature","properties":{"linea":"231-11-27","parcela":"231-11","palmas":19},"geometry":{"type":"LineString","coordinates":[[-72.90259,4.41242],[-72.902588,4.413884]]}},{"type":"Feature","properties":{"linea":"231-11-28","parcela":"231-11","palmas":19},"geometry":{"type":"LineString","coordinates":[[-72.90252,4.412379],[-72.902517,4.413844]]}},{"type":"Feature","properties":{"linea":"231-11-29","parcela":"231-11","palmas":20},"geometry":{"type":"LineString","coordinates":[[-72.902449,4.412338],[-72.902447,4.413884]]}},{"type":"Feature","properties":{"linea":"231-11-30","parcela":"231-11","palmas":20},"geometry":{"type":"LineString","coordinates":[[-72.902379,4.412298],[-72.902377,4.413843]]}},{"type":"Feature","properties":{"linea":"231-11-31","parcela":"231-11","palmas":21},"geometry":{"type":"LineString","coordinates":[[-72.902309,4.412257],[-72.902307,4.413884]]}},{"type":"Feature","properties":{"linea":"231-11-32","parcela":"231-11","palmas":21},"geometry":{"type":"LineString","coordinates":[[-72.902239,4.412216],[-72.902236,4.413843]]}},{"type":"Feature","properties":{"linea":"231-11-33","parcela":"231-11","palmas":22},"geometry":{"type":"LineString","coordinates":[[-72.902169,4.412175],[-72.902166,4.413884]]}},{"type":"Feature","properties":{"linea":"231-11-34","parcela":"231-11","palmas":22},"geometry":{"type":"LineString","coordinates":[[-72.902099,4.412134],[-72.902096,4.413843]]}},{"type":"Feature","properties":{"linea":"231-11-35","parcela":"231-11","palmas":24},"geometry":{"type":"LineString","coordinates":[[-72.902029,4.412012],[-72.902026,4.413884]]}},{"type":"Feature","properties":{"linea":"231-11-36","parcela":"231-11","palmas":23},"geometry":{"type":"LineString","coordinates":[[-72.901959,4.412053],[-72.901956,4.413843]]}},{"type":"Feature","properties":{"linea":"231-11-37","parcela":"231-11","palmas":24},"geometry":{"type":"LineString","coordinates":[[-72.901888,4.412012],[-72.901885,4.413883]]}},{"type":"Feature","properties":{"linea":"231-11-38","parcela":"231-11","palmas":24},"geometry":{"type":"LineString","coordinates":[[-72.901818,4.411971],[-72.901815,4.413843]]}},{"type":"Feature","properties":{"linea":"231-11-39","parcela":"231-11","palmas":25},"geometry":{"type":"LineString","coordinates":[[-72.901748,4.41193],[-72.901745,4.413883]]}},{"type":"Feature","properties":{"linea":"231-11-40","parcela":"231-11","palmas":25},"geometry":{"type":"LineString","coordinates":[[-72.901678,4.411889],[-72.901675,4.413842]]}},{"type":"Feature","properties":{"linea":"231-11-41","parcela":"231-11","palmas":27},"geometry":{"type":"LineString","coordinates":[[-72.901608,4.411767],[-72.901604,4.413883]]}},{"type":"Feature","properties":{"linea":"231-11-42","parcela":"231-11","palmas":26},"geometry":{"type":"LineString","coordinates":[[-72.901538,4.411808],[-72.901534,4.413842]]}},{"type":"Feature","properties":{"linea":"231-11-43","parcela":"231-11","palmas":27},"geometry":{"type":"LineString","coordinates":[[-72.901468,4.411767],[-72.901464,4.413883]]}},{"type":"Feature","properties":{"linea":"231-11-44","parcela":"231-11","palmas":28},"geometry":{"type":"LineString","coordinates":[[-72.901398,4.411645],[-72.901394,4.413842]]}},{"type":"Feature","properties":{"linea":"231-11-45","parcela":"231-11","palmas":28},"geometry":{"type":"LineString","coordinates":[[-72.901327,4.411686],[-72.901324,4.413883]]}},{"type":"Feature","properties":{"linea":"231-11-46","parcela":"231-11","palmas":28},"geometry":{"type":"LineString","coordinates":[[-72.901257,4.411645],[-72.901254,4.413842]]}},{"type":"Feature","properties":{"linea":"231-11-47","parcela":"231-11","palmas":30},"geometry":{"type":"LineString","coordinates":[[-72.901187,4.411523],[-72.901183,4.413882]]}},{"type":"Feature","properties":{"linea":"231-11-48","parcela":"231-11","palmas":26},"geometry":{"type":"LineString","coordinates":[[-72.901116,4.411807],[-72.901113,4.413841]]}},{"type":"Feature","properties":{"linea":"231-11-49","parcela":"231-11","palmas":24},"geometry":{"type":"LineString","coordinates":[[-72.901046,4.412011],[-72.901043,4.413882]]}},{"type":"Feature","properties":{"linea":"231-11-50","parcela":"231-11","palmas":23},"geometry":{"type":"LineString","coordinates":[[-72.900976,4.412051],[-72.900973,4.413841]]}},{"type":"Feature","properties":{"linea":"231-11-51","parcela":"231-11","palmas":24},"geometry":{"type":"LineString","coordinates":[[-72.900906,4.41201],[-72.900903,4.413882]]}},{"type":"Feature","properties":{"linea":"231-11-52","parcela":"231-11","palmas":23},"geometry":{"type":"LineString","coordinates":[[-72.900835,4.412051],[-72.900832,4.413841]]}},{"type":"Feature","properties":{"linea":"231-11-53","parcela":"231-11","palmas":23},"geometry":{"type":"LineString","coordinates":[[-72.900765,4.412091],[-72.900762,4.413882]]}},{"type":"Feature","properties":{"linea":"231-11-54","parcela":"231-11","palmas":22},"geometry":{"type":"LineString","coordinates":[[-72.900695,4.412132],[-72.900692,4.413841]]}},{"type":"Feature","properties":{"linea":"231-11-55","parcela":"231-11","palmas":22},"geometry":{"type":"LineString","coordinates":[[-72.900624,4.412173],[-72.900622,4.413881]]}},{"type":"Feature","properties":{"linea":"231-11-56","parcela":"231-11","palmas":21},"geometry":{"type":"LineString","coordinates":[[-72.900554,4.412213],[-72.900551,4.413841]]}},{"type":"Feature","properties":{"linea":"231-11-57","parcela":"231-11","palmas":22},"geometry":{"type":"LineString","coordinates":[[-72.900484,4.412172],[-72.900481,4.413881]]}},{"type":"Feature","properties":{"linea":"231-11-58","parcela":"231-11","palmas":24},"geometry":{"type":"LineString","coordinates":[[-72.900414,4.411969],[-72.900411,4.41384]]}},{"type":"Feature","properties":{"linea":"231-11-59","parcela":"231-11","palmas":26},"geometry":{"type":"LineString","coordinates":[[-72.900344,4.411847],[-72.900341,4.413881]]}},{"type":"Feature","properties":{"linea":"231-11-60","parcela":"231-11","palmas":27},"geometry":{"type":"LineString","coordinates":[[-72.900274,4.411724],[-72.900271,4.41384]]}},{"type":"Feature","properties":{"linea":"231-11-61","parcela":"231-11","palmas":27},"geometry":{"type":"LineString","coordinates":[[-72.900204,4.411765],[-72.9002,4.413881]]}},{"type":"Feature","properties":{"linea":"231-11-62","parcela":"231-11","palmas":27},"geometry":{"type":"LineString","coordinates":[[-72.900134,4.411724],[-72.90013,4.41384]]}},{"type":"Feature","properties":{"linea":"231-11-63","parcela":"231-11","palmas":27},"geometry":{"type":"LineString","coordinates":[[-72.900063,4.411765],[-72.90006,4.413881]]}},{"type":"Feature","properties":{"linea":"231-11-64","parcela":"231-11","palmas":27},"geometry":{"type":"LineString","coordinates":[[-72.899993,4.411724],[-72.89999,4.41384]]}},{"type":"Feature","properties":{"linea":"231-11-65","parcela":"231-11","palmas":27},"geometry":{"type":"LineString","coordinates":[[-72.899923,4.411764],[-72.899919,4.41388]]}},{"type":"Feature","properties":{"linea":"231-11-66","parcela":"231-11","palmas":27},"geometry":{"type":"LineString","coordinates":[[-72.899853,4.411724],[-72.899849,4.413839]]}},{"type":"Feature","properties":{"linea":"231-11-67","parcela":"231-11","palmas":27},"geometry":{"type":"LineString","coordinates":[[-72.899783,4.411764],[-72.899779,4.41388]]}},{"type":"Feature","properties":{"linea":"231-11-68","parcela":"231-11","palmas":27},"geometry":{"type":"LineString","coordinates":[[-72.899712,4.411724],[-72.899709,4.413839]]}},{"type":"Feature","properties":{"linea":"231-11-69","parcela":"231-11","palmas":27},"geometry":{"type":"LineString","coordinates":[[-72.899642,4.411764],[-72.899639,4.41388]]}},{"type":"Feature","properties":{"linea":"231-11-70","parcela":"231-11","palmas":27},"geometry":{"type":"LineString","coordinates":[[-72.899572,4.411723],[-72.899569,4.413839]]}},{"type":"Feature","properties":{"linea":"231-11-71","parcela":"231-11","palmas":27},"geometry":{"type":"LineString","coordinates":[[-72.899502,4.411764],[-72.899498,4.413879]]}},{"type":"Feature","properties":{"linea":"231-11-72","parcela":"231-11","palmas":27},"geometry":{"type":"LineString","coordinates":[[-72.899431,4.411723],[-72.899428,4.413839]]}},{"type":"Feature","properties":{"linea":"231-11-73","parcela":"231-11","palmas":27},"geometry":{"type":"LineString","coordinates":[[-72.899361,4.411764],[-72.899358,4.413879]]}},{"type":"Feature","properties":{"linea":"231-11-74","parcela":"231-11","palmas":27},"geometry":{"type":"LineString","coordinates":[[-72.899291,4.411723],[-72.899288,4.413839]]}},{"type":"Feature","properties":{"linea":"231-11-75","parcela":"231-11","palmas":27},"geometry":{"type":"LineString","coordinates":[[-72.899221,4.411763],[-72.899218,4.413879]]}},{"type":"Feature","properties":{"linea":"231-11-76","parcela":"231-11","palmas":27},"geometry":{"type":"LineString","coordinates":[[-72.899151,4.411723],[-72.899147,4.413838]]}},{"type":"Feature","properties":{"linea":"231-11-77","parcela":"231-11","palmas":27},"geometry":{"type":"LineString","coordinates":[[-72.89908,4.411763],[-72.899077,4.413879]]}},{"type":"Feature","properties":{"linea":"231-11-78","parcela":"231-11","palmas":27},"geometry":{"type":"LineString","coordinates":[[-72.89901,4.411723],[-72.899007,4.413838]]}},{"type":"Feature","properties":{"linea":"231-11-79","parcela":"231-11","palmas":27},"geometry":{"type":"LineString","coordinates":[[-72.89894,4.411763],[-72.898937,4.413879]]}},{"type":"Feature","properties":{"linea":"231-11-80","parcela":"231-11","palmas":27},"geometry":{"type":"LineString","coordinates":[[-72.89887,4.411722],[-72.898866,4.413838]]}},{"type":"Feature","properties":{"linea":"231-11-81","parcela":"231-11","palmas":27},"geometry":{"type":"LineString","coordinates":[[-72.898799,4.411763],[-72.898796,4.413878]]}},{"type":"Feature","properties":{"linea":"231-11-82","parcela":"231-11","palmas":27},"geometry":{"type":"LineString","coordinates":[[-72.898729,4.411722],[-72.898726,4.413838]]}},{"type":"Feature","properties":{"linea":"231-11-83","parcela":"231-11","palmas":27},"geometry":{"type":"LineString","coordinates":[[-72.898659,4.411763],[-72.898656,4.413878]]}},{"type":"Feature","properties":{"linea":"231-11-84","parcela":"231-11","palmas":27},"geometry":{"type":"LineString","coordinates":[[-72.898589,4.411722],[-72.898586,4.413838]]}},{"type":"Feature","properties":{"linea":"231-11-85","parcela":"231-11","palmas":27},"geometry":{"type":"LineString","coordinates":[[-72.898519,4.411762],[-72.898515,4.413878]]}},{"type":"Feature","properties":{"linea":"231-11-86","parcela":"231-11","palmas":27},"geometry":{"type":"LineString","coordinates":[[-72.898449,4.411722],[-72.898445,4.413837]]}},{"type":"Feature","properties":{"linea":"231-11-87","parcela":"231-11","palmas":27},"geometry":{"type":"LineString","coordinates":[[-72.898378,4.411762],[-72.898375,4.413878]]}},{"type":"Feature","properties":{"linea":"231-11-88","parcela":"231-11","palmas":27},"geometry":{"type":"LineString","coordinates":[[-72.898308,4.411721],[-72.898305,4.413837]]}},{"type":"Feature","properties":{"linea":"231-11-89","parcela":"231-11","palmas":27},"geometry":{"type":"LineString","coordinates":[[-72.898238,4.411762],[-72.898234,4.413878]]}},{"type":"Feature","properties":{"linea":"231-11-90","parcela":"231-11","palmas":27},"geometry":{"type":"LineString","coordinates":[[-72.898168,4.411721],[-72.898164,4.413837]]}},{"type":"Feature","properties":{"linea":"231-11-91","parcela":"231-11","palmas":27},"geometry":{"type":"LineString","coordinates":[[-72.898098,4.411762],[-72.898094,4.413877]]}},{"type":"Feature","properties":{"linea":"231-11-92","parcela":"231-11","palmas":27},"geometry":{"type":"LineString","coordinates":[[-72.898027,4.411721],[-72.898024,4.413837]]}},{"type":"Feature","properties":{"linea":"231-11-93","parcela":"231-11","palmas":27},"geometry":{"type":"LineString","coordinates":[[-72.897957,4.411761],[-72.897954,4.413877]]}},{"type":"Feature","properties":{"linea":"231-11-94","parcela":"231-11","palmas":27},"geometry":{"type":"LineString","coordinates":[[-72.897887,4.411721],[-72.897884,4.413836]]}},{"type":"Feature","properties":{"linea":"231-11-95","parcela":"231-11","palmas":27},"geometry":{"type":"LineString","coordinates":[[-72.897817,4.411761],[-72.897813,4.413877]]}},{"type":"Feature","properties":{"linea":"231-11-96","parcela":"231-11","palmas":27},"geometry":{"type":"LineString","coordinates":[[-72.897746,4.411721],[-72.897743,4.413836]]}},{"type":"Feature","properties":{"linea":"231-11-97","parcela":"231-11","palmas":27},"geometry":{"type":"LineString","coordinates":[[-72.897676,4.411761],[-72.897673,4.413877]]}},{"type":"Feature","properties":{"linea":"231-11-98","parcela":"231-11","palmas":28},"geometry":{"type":"LineString","coordinates":[[-72.897606,4.41172],[-72.897603,4.413917]]}},{"type":"Feature","properties":{"linea":"231-11-99","parcela":"231-11","palmas":27},"geometry":{"type":"LineString","coordinates":[[-72.897606,4.411639],[-72.897609,4.409523]]}},{"type":"Feature","properties":{"linea":"231-11-100","parcela":"231-11","palmas":27},"geometry":{"type":"LineString","coordinates":[[-72.897676,4.411598],[-72.89768,4.409483]]}},{"type":"Feature","properties":{"linea":"231-11-101","parcela":"231-11","palmas":27},"geometry":{"type":"LineString","coordinates":[[-72.897747,4.411639],[-72.89775,4.409523]]}},{"type":"Feature","properties":{"linea":"231-11-102","parcela":"231-11","palmas":27},"geometry":{"type":"LineString","coordinates":[[-72.897817,4.411599],[-72.89782,4.409483]]}},{"type":"Feature","properties":{"linea":"231-11-103","parcela":"231-11","palmas":27},"geometry":{"type":"LineString","coordinates":[[-72.897887,4.411639],[-72.89789,4.409524]]}},{"type":"Feature","properties":{"linea":"231-11-104","parcela":"231-11","palmas":27},"geometry":{"type":"LineString","coordinates":[[-72.897957,4.411599],[-72.897961,4.409483]]}},{"type":"Feature","properties":{"linea":"231-11-105","parcela":"231-11","palmas":27},"geometry":{"type":"LineString","coordinates":[[-72.898028,4.411639],[-72.898031,4.409524]]}},{"type":"Feature","properties":{"linea":"231-11-106","parcela":"231-11","palmas":27},"geometry":{"type":"LineString","coordinates":[[-72.898098,4.411599],[-72.898101,4.409483]]}},{"type":"Feature","properties":{"linea":"231-11-107","parcela":"231-11","palmas":27},"geometry":{"type":"LineString","coordinates":[[-72.898168,4.41164],[-72.898171,4.409524]]}},{"type":"Feature","properties":{"linea":"231-11-108","parcela":"231-11","palmas":27},"geometry":{"type":"LineString","coordinates":[[-72.898238,4.411599],[-72.898241,4.409484]]}},{"type":"Feature","properties":{"linea":"231-11-109","parcela":"231-11","palmas":27},"geometry":{"type":"LineString","coordinates":[[-72.898308,4.41164],[-72.898312,4.409524]]}},{"type":"Feature","properties":{"linea":"231-11-110","parcela":"231-11","palmas":27},"geometry":{"type":"LineString","coordinates":[[-72.898379,4.411599],[-72.898382,4.409484]]}},{"type":"Feature","properties":{"linea":"231-11-111","parcela":"231-11","palmas":27},"geometry":{"type":"LineString","coordinates":[[-72.898449,4.41164],[-72.898452,4.409524]]}},{"type":"Feature","properties":{"linea":"231-11-112","parcela":"231-11","palmas":27},"geometry":{"type":"LineString","coordinates":[[-72.898519,4.4116],[-72.898522,4.409484]]}},{"type":"Feature","properties":{"linea":"231-11-113","parcela":"231-11","palmas":27},"geometry":{"type":"LineString","coordinates":[[-72.898589,4.41164],[-72.898593,4.409525]]}},{"type":"Feature","properties":{"linea":"231-11-114","parcela":"231-11","palmas":27},"geometry":{"type":"LineString","coordinates":[[-72.898659,4.4116],[-72.898663,4.409484]]}},{"type":"Feature","properties":{"linea":"231-11-115","parcela":"231-11","palmas":27},"geometry":{"type":"LineString","coordinates":[[-72.898729,4.411641],[-72.898733,4.409525]]}},{"type":"Feature","properties":{"linea":"231-11-116","parcela":"231-11","palmas":27},"geometry":{"type":"LineString","coordinates":[[-72.8988,4.4116],[-72.898803,4.409484]]}},{"type":"Feature","properties":{"linea":"231-11-117","parcela":"231-11","palmas":27},"geometry":{"type":"LineString","coordinates":[[-72.89887,4.411641],[-72.898873,4.409525]]}},{"type":"Feature","properties":{"linea":"231-11-118","parcela":"231-11","palmas":27},"geometry":{"type":"LineString","coordinates":[[-72.89894,4.4116],[-72.898944,4.409485]]}},{"type":"Feature","properties":{"linea":"231-11-119","parcela":"231-11","palmas":27},"geometry":{"type":"LineString","coordinates":[[-72.89901,4.411641],[-72.899014,4.409525]]}},{"type":"Feature","properties":{"linea":"231-11-120","parcela":"231-11","palmas":27},"geometry":{"type":"LineString","coordinates":[[-72.899081,4.411601],[-72.899084,4.409485]]}},{"type":"Feature","properties":{"linea":"231-11-121","parcela":"231-11","palmas":26},"geometry":{"type":"LineString","coordinates":[[-72.899151,4.411641],[-72.899154,4.409607]]}},{"type":"Feature","properties":{"linea":"231-11-122","parcela":"231-11","palmas":25},"geometry":{"type":"LineString","coordinates":[[-72.899221,4.411601],[-72.899224,4.409648]]}},{"type":"Feature","properties":{"linea":"231-11-123","parcela":"231-11","palmas":24},"geometry":{"type":"LineString","coordinates":[[-72.899291,4.411641],[-72.899294,4.40977]]}},{"type":"Feature","properties":{"linea":"231-11-124","parcela":"231-11","palmas":23},"geometry":{"type":"LineString","coordinates":[[-72.899361,4.411601],[-72.899364,4.409811]]}},{"type":"Feature","properties":{"linea":"231-11-125","parcela":"231-11","palmas":22},"geometry":{"type":"LineString","coordinates":[[-72.899432,4.411642],[-72.899434,4.409933]]}},{"type":"Feature","properties":{"linea":"231-11-126","parcela":"231-11","palmas":20},"geometry":{"type":"LineString","coordinates":[[-72.899502,4.411601],[-72.899504,4.410055]]}},{"type":"Feature","properties":{"linea":"231-11-127","parcela":"231-11","palmas":20},"geometry":{"type":"LineString","coordinates":[[-72.899572,4.411642],[-72.899574,4.410096]]}},{"type":"Feature","properties":{"linea":"231-11-128","parcela":"231-11","palmas":18},"geometry":{"type":"LineString","coordinates":[[-72.899642,4.411601],[-72.899644,4.410218]]}},{"type":"Feature","properties":{"linea":"231-11-129","parcela":"231-11","palmas":17},"geometry":{"type":"LineString","coordinates":[[-72.899713,4.411642],[-72.899714,4.41034]]}},{"type":"Feature","properties":{"linea":"231-11-130","parcela":"231-11","palmas":16},"geometry":{"type":"LineString","coordinates":[[-72.899783,4.411602],[-72.899785,4.410381]]}},{"type":"Feature","properties":{"linea":"231-11-131","parcela":"231-11","palmas":6},"geometry":{"type":"LineString","coordinates":[[-72.899853,4.411643],[-72.899854,4.411236]]}},{"type":"Feature","properties":{"linea":"231-11-132","parcela":"231-11","palmas":5},"geometry":{"type":"LineString","coordinates":[[-72.899923,4.411602],[-72.899924,4.411276]]}},{"type":"Feature","properties":{"linea":"231-11-133","parcela":"231-11","palmas":4},"geometry":{"type":"LineString","coordinates":[[-72.899993,4.411643],[-72.899994,4.411399]]}},{"type":"Feature","properties":{"linea":"231-11-134","parcela":"231-11","palmas":4},"geometry":{"type":"LineString","coordinates":[[-72.900064,4.411602],[-72.900064,4.411358]]}},{"type":"Feature","properties":{"linea":"231-11-135","parcela":"231-11","palmas":4},"geometry":{"type":"LineString","coordinates":[[-72.900134,4.411643],[-72.900134,4.411399]]}},{"type":"Feature","properties":{"linea":"231-11-136","parcela":"231-11","palmas":4},"geometry":{"type":"LineString","coordinates":[[-72.900204,4.411602],[-72.900204,4.411358]]}},{"type":"Feature","properties":{"linea":"231-11-137","parcela":"231-11","palmas":4},"geometry":{"type":"LineString","coordinates":[[-72.900274,4.411643],[-72.900274,4.411399]]}},{"type":"Feature","properties":{"linea":"231-12-1","parcela":"231-12","palmas":2},"geometry":{"type":"LineString","coordinates":[[-72.906823,4.416243],[-72.906823,4.416324]]}},{"type":"Feature","properties":{"linea":"231-12-2","parcela":"231-12","palmas":2},"geometry":{"type":"LineString","coordinates":[[-72.906753,4.416283],[-72.906752,4.416365]]}},{"type":"Feature","properties":{"linea":"231-12-3","parcela":"231-12","palmas":3},"geometry":{"type":"LineString","coordinates":[[-72.906682,4.416243],[-72.906682,4.416405]]}},{"type":"Feature","properties":{"linea":"231-12-4","parcela":"231-12","palmas":4},"geometry":{"type":"LineString","coordinates":[[-72.906612,4.416283],[-72.906612,4.416527]]}},{"type":"Feature","properties":{"linea":"231-12-5","parcela":"231-12","palmas":5},"geometry":{"type":"LineString","coordinates":[[-72.906542,4.416243],[-72.906541,4.416568]]}},{"type":"Feature","properties":{"linea":"231-12-6","parcela":"231-12","palmas":5},"geometry":{"type":"LineString","coordinates":[[-72.906472,4.416283],[-72.906471,4.416608]]}},{"type":"Feature","properties":{"linea":"231-12-7","parcela":"231-12","palmas":5},"geometry":{"type":"LineString","coordinates":[[-72.906401,4.416242],[-72.906401,4.416568]]}},{"type":"Feature","properties":{"linea":"231-12-8","parcela":"231-12","palmas":5},"geometry":{"type":"LineString","coordinates":[[-72.906331,4.416283],[-72.906331,4.416608]]}},{"type":"Feature","properties":{"linea":"231-12-9","parcela":"231-12","palmas":5},"geometry":{"type":"LineString","coordinates":[[-72.906261,4.416242],[-72.906261,4.416568]]}},{"type":"Feature","properties":{"linea":"231-12-10","parcela":"231-12","palmas":5},"geometry":{"type":"LineString","coordinates":[[-72.906191,4.416283],[-72.90619,4.416608]]}},{"type":"Feature","properties":{"linea":"231-12-11","parcela":"231-12","palmas":5},"geometry":{"type":"LineString","coordinates":[[-72.906121,4.416242],[-72.90612,4.416567]]}},{"type":"Feature","properties":{"linea":"231-12-12","parcela":"231-12","palmas":5},"geometry":{"type":"LineString","coordinates":[[-72.90605,4.416282],[-72.90605,4.416608]]}},{"type":"Feature","properties":{"linea":"231-12-13","parcela":"231-12","palmas":6},"geometry":{"type":"LineString","coordinates":[[-72.90598,4.416241],[-72.905979,4.416648]]}},{"type":"Feature","properties":{"linea":"231-12-14","parcela":"231-12","palmas":5},"geometry":{"type":"LineString","coordinates":[[-72.90591,4.416282],[-72.905909,4.416608]]}},{"type":"Feature","properties":{"linea":"231-12-15","parcela":"231-12","palmas":5},"geometry":{"type":"LineString","coordinates":[[-72.90584,4.416241],[-72.905839,4.416567]]}},{"type":"Feature","properties":{"linea":"231-12-16","parcela":"231-12","palmas":5},"geometry":{"type":"LineString","coordinates":[[-72.905769,4.416282],[-72.905769,4.416607]]}},{"type":"Feature","properties":{"linea":"231-12-17","parcela":"231-12","palmas":6},"geometry":{"type":"LineString","coordinates":[[-72.905699,4.416241],[-72.905699,4.416648]]}},{"type":"Feature","properties":{"linea":"231-12-18","parcela":"231-12","palmas":5},"geometry":{"type":"LineString","coordinates":[[-72.905629,4.416282],[-72.905629,4.416607]]}},{"type":"Feature","properties":{"linea":"231-12-19","parcela":"231-12","palmas":6},"geometry":{"type":"LineString","coordinates":[[-72.905559,4.416241],[-72.905558,4.416648]]}},{"type":"Feature","properties":{"linea":"231-12-20","parcela":"231-12","palmas":5},"geometry":{"type":"LineString","coordinates":[[-72.905489,4.416281],[-72.905488,4.416607]]}},{"type":"Feature","properties":{"linea":"231-12-21","parcela":"231-12","palmas":6},"geometry":{"type":"LineString","coordinates":[[-72.905419,4.416241],[-72.905418,4.416648]]}},{"type":"Feature","properties":{"linea":"231-12-22","parcela":"231-12","palmas":5},"geometry":{"type":"LineString","coordinates":[[-72.905348,4.416281],[-72.905348,4.416607]]}},{"type":"Feature","properties":{"linea":"231-12-23","parcela":"231-12","palmas":6},"geometry":{"type":"LineString","coordinates":[[-72.905278,4.41624],[-72.905278,4.416647]]}},{"type":"Feature","properties":{"linea":"231-12-24","parcela":"231-12","palmas":5},"geometry":{"type":"LineString","coordinates":[[-72.905208,4.416281],[-72.905207,4.416606]]}},{"type":"Feature","properties":{"linea":"231-12-25","parcela":"231-12","palmas":6},"geometry":{"type":"LineString","coordinates":[[-72.905138,4.41624],[-72.905137,4.416647]]}},{"type":"Feature","properties":{"linea":"231-12-26","parcela":"231-12","palmas":5},"geometry":{"type":"LineString","coordinates":[[-72.905068,4.416281],[-72.905067,4.416606]]}},{"type":"Feature","properties":{"linea":"231-12-27","parcela":"231-12","palmas":6},"geometry":{"type":"LineString","coordinates":[[-72.904997,4.41624],[-72.904997,4.416647]]}},{"type":"Feature","properties":{"linea":"231-12-28","parcela":"231-12","palmas":5},"geometry":{"type":"LineString","coordinates":[[-72.904927,4.416281],[-72.904926,4.416606]]}},{"type":"Feature","properties":{"linea":"231-12-29","parcela":"231-12","palmas":6},"geometry":{"type":"LineString","coordinates":[[-72.904857,4.41624],[-72.904856,4.416647]]}},{"type":"Feature","properties":{"linea":"231-12-30","parcela":"231-12","palmas":5},"geometry":{"type":"LineString","coordinates":[[-72.904787,4.41628],[-72.904786,4.416606]]}},{"type":"Feature","properties":{"linea":"231-12-31","parcela":"231-12","palmas":6},"geometry":{"type":"LineString","coordinates":[[-72.904716,4.416239],[-72.904716,4.416646]]}},{"type":"Feature","properties":{"linea":"231-12-32","parcela":"231-12","palmas":5},"geometry":{"type":"LineString","coordinates":[[-72.904646,4.41628],[-72.904646,4.416606]]}},{"type":"Feature","properties":{"linea":"231-12-33","parcela":"231-12","palmas":6},"geometry":{"type":"LineString","coordinates":[[-72.904576,4.416239],[-72.904575,4.416646]]}},{"type":"Feature","properties":{"linea":"231-12-34","parcela":"231-12","palmas":6},"geometry":{"type":"LineString","coordinates":[[-72.904506,4.41628],[-72.904505,4.416687]]}},{"type":"Feature","properties":{"linea":"231-12-35","parcela":"231-12","palmas":6},"geometry":{"type":"LineString","coordinates":[[-72.904436,4.416239],[-72.904435,4.416646]]}},{"type":"Feature","properties":{"linea":"231-12-36","parcela":"231-12","palmas":6},"geometry":{"type":"LineString","coordinates":[[-72.904365,4.41628],[-72.904365,4.416686]]}},{"type":"Feature","properties":{"linea":"231-12-37","parcela":"231-12","palmas":6},"geometry":{"type":"LineString","coordinates":[[-72.904295,4.416239],[-72.904294,4.416646]]}},{"type":"Feature","properties":{"linea":"231-12-38","parcela":"231-12","palmas":6},"geometry":{"type":"LineString","coordinates":[[-72.904225,4.416279],[-72.904224,4.416686]]}},{"type":"Feature","properties":{"linea":"231-12-39","parcela":"231-12","palmas":6},"geometry":{"type":"LineString","coordinates":[[-72.904155,4.416239],[-72.904154,4.416646]]}},{"type":"Feature","properties":{"linea":"231-12-40","parcela":"231-12","palmas":6},"geometry":{"type":"LineString","coordinates":[[-72.904084,4.416279],[-72.904084,4.416686]]}},{"type":"Feature","properties":{"linea":"231-12-41","parcela":"231-12","palmas":6},"geometry":{"type":"LineString","coordinates":[[-72.904014,4.416238],[-72.904014,4.416645]]}},{"type":"Feature","properties":{"linea":"231-12-42","parcela":"231-12","palmas":6},"geometry":{"type":"LineString","coordinates":[[-72.903944,4.416279],[-72.903943,4.416686]]}},{"type":"Feature","properties":{"linea":"231-12-43","parcela":"231-12","palmas":6},"geometry":{"type":"LineString","coordinates":[[-72.903874,4.416238],[-72.903873,4.416645]]}},{"type":"Feature","properties":{"linea":"231-12-44","parcela":"231-12","palmas":6},"geometry":{"type":"LineString","coordinates":[[-72.903804,4.416279],[-72.903803,4.416686]]}},{"type":"Feature","properties":{"linea":"231-12-45","parcela":"231-12","palmas":6},"geometry":{"type":"LineString","coordinates":[[-72.903734,4.416238],[-72.903733,4.416645]]}},{"type":"Feature","properties":{"linea":"231-12-46","parcela":"231-12","palmas":6},"geometry":{"type":"LineString","coordinates":[[-72.903663,4.416279],[-72.903663,4.416685]]}},{"type":"Feature","properties":{"linea":"231-12-47","parcela":"231-12","palmas":6},"geometry":{"type":"LineString","coordinates":[[-72.903593,4.416238],[-72.903593,4.416644]]}},{"type":"Feature","properties":{"linea":"231-12-48","parcela":"231-12","palmas":6},"geometry":{"type":"LineString","coordinates":[[-72.903523,4.416278],[-72.903522,4.416685]]}},{"type":"Feature","properties":{"linea":"231-12-49","parcela":"231-12","palmas":7},"geometry":{"type":"LineString","coordinates":[[-72.903453,4.416238],[-72.903452,4.416726]]}},{"type":"Feature","properties":{"linea":"231-12-50","parcela":"231-12","palmas":6},"geometry":{"type":"LineString","coordinates":[[-72.903383,4.416278],[-72.903382,4.416685]]}},{"type":"Feature","properties":{"linea":"231-12-51","parcela":"231-12","palmas":7},"geometry":{"type":"LineString","coordinates":[[-72.903312,4.416237],[-72.903311,4.416726]]}},{"type":"Feature","properties":{"linea":"231-12-52","parcela":"231-12","palmas":6},"geometry":{"type":"LineString","coordinates":[[-72.903242,4.416278],[-72.903241,4.416685]]}},{"type":"Feature","properties":{"linea":"231-12-53","parcela":"231-12","palmas":7},"geometry":{"type":"LineString","coordinates":[[-72.903172,4.416237],[-72.903171,4.416725]]}},{"type":"Feature","properties":{"linea":"231-12-54","parcela":"231-12","palmas":6},"geometry":{"type":"LineString","coordinates":[[-72.903102,4.416278],[-72.903101,4.416684]]}},{"type":"Feature","properties":{"linea":"231-12-55","parcela":"231-12","palmas":7},"geometry":{"type":"LineString","coordinates":[[-72.903031,4.416237],[-72.903031,4.416725]]}},{"type":"Feature","properties":{"linea":"231-12-56","parcela":"231-12","palmas":6},"geometry":{"type":"LineString","coordinates":[[-72.902961,4.416278],[-72.902961,4.416684]]}},{"type":"Feature","properties":{"linea":"231-12-57","parcela":"231-12","palmas":7},"geometry":{"type":"LineString","coordinates":[[-72.902891,4.416237],[-72.90289,4.416725]]}},{"type":"Feature","properties":{"linea":"231-12-58","parcela":"231-12","palmas":6},"geometry":{"type":"LineString","coordinates":[[-72.902821,4.416277],[-72.90282,4.416684]]}},{"type":"Feature","properties":{"linea":"231-12-59","parcela":"231-12","palmas":7},"geometry":{"type":"LineString","coordinates":[[-72.902751,4.416236],[-72.90275,4.416725]]}},{"type":"Feature","properties":{"linea":"231-12-60","parcela":"231-12","palmas":6},"geometry":{"type":"LineString","coordinates":[[-72.90268,4.416277],[-72.90268,4.416684]]}},{"type":"Feature","properties":{"linea":"231-12-61","parcela":"231-12","palmas":7},"geometry":{"type":"LineString","coordinates":[[-72.90261,4.416236],[-72.902609,4.416724]]}},{"type":"Feature","properties":{"linea":"231-12-62","parcela":"231-12","palmas":6},"geometry":{"type":"LineString","coordinates":[[-72.90254,4.416277],[-72.902539,4.416684]]}},{"type":"Feature","properties":{"linea":"231-12-63","parcela":"231-12","palmas":7},"geometry":{"type":"LineString","coordinates":[[-72.90247,4.416236],[-72.902469,4.416724]]}},{"type":"Feature","properties":{"linea":"231-12-64","parcela":"231-12","palmas":6},"geometry":{"type":"LineString","coordinates":[[-72.902399,4.416276],[-72.902399,4.416683]]}},{"type":"Feature","properties":{"linea":"231-12-65","parcela":"231-12","palmas":7},"geometry":{"type":"LineString","coordinates":[[-72.902329,4.416236],[-72.902329,4.416724]]}},{"type":"Feature","properties":{"linea":"231-12-66","parcela":"231-12","palmas":6},"geometry":{"type":"LineString","coordinates":[[-72.902259,4.416276],[-72.902258,4.416683]]}},{"type":"Feature","properties":{"linea":"231-12-67","parcela":"231-12","palmas":7},"geometry":{"type":"LineString","coordinates":[[-72.902189,4.416236],[-72.902188,4.416724]]}},{"type":"Feature","properties":{"linea":"231-12-68","parcela":"231-12","palmas":6},"geometry":{"type":"LineString","coordinates":[[-72.902119,4.416276],[-72.902118,4.416683]]}},{"type":"Feature","properties":{"linea":"231-12-69","parcela":"231-12","palmas":7},"geometry":{"type":"LineString","coordinates":[[-72.902049,4.416235],[-72.902048,4.416724]]}},{"type":"Feature","properties":{"linea":"231-12-70","parcela":"231-12","palmas":6},"geometry":{"type":"LineString","coordinates":[[-72.901978,4.416276],[-72.901978,4.416683]]}},{"type":"Feature","properties":{"linea":"231-12-71","parcela":"231-12","palmas":7},"geometry":{"type":"LineString","coordinates":[[-72.901908,4.416235],[-72.901907,4.416723]]}},{"type":"Feature","properties":{"linea":"231-12-72","parcela":"231-12","palmas":6},"geometry":{"type":"LineString","coordinates":[[-72.901838,4.416276],[-72.901837,4.416683]]}},{"type":"Feature","properties":{"linea":"231-12-73","parcela":"231-12","palmas":7},"geometry":{"type":"LineString","coordinates":[[-72.901768,4.416235],[-72.901767,4.416723]]}},{"type":"Feature","properties":{"linea":"231-12-74","parcela":"231-12","palmas":7},"geometry":{"type":"LineString","coordinates":[[-72.901698,4.416275],[-72.901697,4.416764]]}},{"type":"Feature","properties":{"linea":"231-12-75","parcela":"231-12","palmas":7},"geometry":{"type":"LineString","coordinates":[[-72.901627,4.416234],[-72.901626,4.416723]]}},{"type":"Feature","properties":{"linea":"231-12-76","parcela":"231-12","palmas":7},"geometry":{"type":"LineString","coordinates":[[-72.901557,4.416275],[-72.901556,4.416763]]}},{"type":"Feature","properties":{"linea":"231-12-77","parcela":"231-12","palmas":7},"geometry":{"type":"LineString","coordinates":[[-72.901487,4.416234],[-72.901486,4.416723]]}},{"type":"Feature","properties":{"linea":"231-12-78","parcela":"231-12","palmas":7},"geometry":{"type":"LineString","coordinates":[[-72.901417,4.416275],[-72.901416,4.416763]]}},{"type":"Feature","properties":{"linea":"231-12-79","parcela":"231-12","palmas":7},"geometry":{"type":"LineString","coordinates":[[-72.901346,4.416234],[-72.901346,4.416723]]}},{"type":"Feature","properties":{"linea":"231-12-80","parcela":"231-12","palmas":7},"geometry":{"type":"LineString","coordinates":[[-72.901276,4.416275],[-72.901275,4.416763]]}},{"type":"Feature","properties":{"linea":"231-12-81","parcela":"231-12","palmas":7},"geometry":{"type":"LineString","coordinates":[[-72.901206,4.416234],[-72.901205,4.416722]]}},{"type":"Feature","properties":{"linea":"231-12-82","parcela":"231-12","palmas":6},"geometry":{"type":"LineString","coordinates":[[-72.901136,4.416274],[-72.901135,4.416681]]}},{"type":"Feature","properties":{"linea":"231-12-83","parcela":"231-12","palmas":6},"geometry":{"type":"LineString","coordinates":[[-72.901066,4.416234],[-72.901065,4.416641]]}},{"type":"Feature","properties":{"linea":"231-12-84","parcela":"231-12","palmas":5},"geometry":{"type":"LineString","coordinates":[[-72.900995,4.416274],[-72.900995,4.4166]]}},{"type":"Feature","properties":{"linea":"231-12-85","parcela":"231-12","palmas":5},"geometry":{"type":"LineString","coordinates":[[-72.900925,4.416233],[-72.900925,4.416559]]}},{"type":"Feature","properties":{"linea":"231-12-86","parcela":"231-12","palmas":4},"geometry":{"type":"LineString","coordinates":[[-72.900855,4.416274],[-72.900854,4.416518]]}},{"type":"Feature","properties":{"linea":"231-12-87","parcela":"231-12","palmas":4},"geometry":{"type":"LineString","coordinates":[[-72.900785,4.416233],[-72.900784,4.416477]]}},{"type":"Feature","properties":{"linea":"231-12-88","parcela":"231-12","palmas":3},"geometry":{"type":"LineString","coordinates":[[-72.900714,4.416274],[-72.900714,4.416437]]}},{"type":"Feature","properties":{"linea":"231-12-89","parcela":"231-12","palmas":3},"geometry":{"type":"LineString","coordinates":[[-72.900644,4.416233],[-72.900644,4.416396]]}},{"type":"Feature","properties":{"linea":"231-12-92","parcela":"231-12","palmas":2},"geometry":{"type":"LineString","coordinates":[[-72.897558,4.414113],[-72.897559,4.414031]]}},{"type":"Feature","properties":{"linea":"231-12-93","parcela":"231-12","palmas":4},"geometry":{"type":"LineString","coordinates":[[-72.897629,4.414235],[-72.897629,4.413991]]}},{"type":"Feature","properties":{"linea":"231-12-94","parcela":"231-12","palmas":4},"geometry":{"type":"LineString","coordinates":[[-72.897699,4.414276],[-72.897699,4.414031]]}},{"type":"Feature","properties":{"linea":"231-12-95","parcela":"231-12","palmas":5},"geometry":{"type":"LineString","coordinates":[[-72.897769,4.414316],[-72.897769,4.413991]]}},{"type":"Feature","properties":{"linea":"231-12-96","parcela":"231-12","palmas":5},"geometry":{"type":"LineString","coordinates":[[-72.897839,4.414357],[-72.897839,4.414031]]}},{"type":"Feature","properties":{"linea":"231-12-97","parcela":"231-12","palmas":6},"geometry":{"type":"LineString","coordinates":[[-72.897909,4.414398],[-72.89791,4.413991]]}},{"type":"Feature","properties":{"linea":"231-12-98","parcela":"231-12","palmas":6},"geometry":{"type":"LineString","coordinates":[[-72.897979,4.414439],[-72.89798,4.414032]]}},{"type":"Feature","properties":{"linea":"231-12-99","parcela":"231-12","palmas":7},"geometry":{"type":"LineString","coordinates":[[-72.898049,4.414479],[-72.89805,4.413991]]}},{"type":"Feature","properties":{"linea":"231-12-100","parcela":"231-12","palmas":7},"geometry":{"type":"LineString","coordinates":[[-72.898119,4.41452],[-72.89812,4.414032]]}},{"type":"Feature","properties":{"linea":"231-12-101","parcela":"231-12","palmas":8},"geometry":{"type":"LineString","coordinates":[[-72.89819,4.414561],[-72.898191,4.413991]]}},{"type":"Feature","properties":{"linea":"231-12-102","parcela":"231-12","palmas":8},"geometry":{"type":"LineString","coordinates":[[-72.89826,4.414602],[-72.898261,4.414032]]}},{"type":"Feature","properties":{"linea":"231-12-103","parcela":"231-12","palmas":10},"geometry":{"type":"LineString","coordinates":[[-72.89833,4.414724],[-72.898331,4.413992]]}},{"type":"Feature","properties":{"linea":"231-12-104","parcela":"231-12","palmas":10},"geometry":{"type":"LineString","coordinates":[[-72.8984,4.414765],[-72.898401,4.414033]]}},{"type":"Feature","properties":{"linea":"231-12-105","parcela":"231-12","palmas":11},"geometry":{"type":"LineString","coordinates":[[-72.89847,4.414806],[-72.898471,4.413992]]}},{"type":"Feature","properties":{"linea":"231-12-106","parcela":"231-12","palmas":11},"geometry":{"type":"LineString","coordinates":[[-72.89854,4.414846],[-72.898541,4.414033]]}},{"type":"Feature","properties":{"linea":"231-12-107","parcela":"231-12","palmas":12},"geometry":{"type":"LineString","coordinates":[[-72.89861,4.414887],[-72.898612,4.413992]]}},{"type":"Feature","properties":{"linea":"231-12-108","parcela":"231-12","palmas":13},"geometry":{"type":"LineString","coordinates":[[-72.89868,4.415009],[-72.898682,4.414033]]}},{"type":"Feature","properties":{"linea":"231-12-109","parcela":"231-12","palmas":14},"geometry":{"type":"LineString","coordinates":[[-72.898751,4.41505],[-72.898752,4.413992]]}},{"type":"Feature","properties":{"linea":"231-12-110","parcela":"231-12","palmas":14},"geometry":{"type":"LineString","coordinates":[[-72.898821,4.415091],[-72.898822,4.414033]]}},{"type":"Feature","properties":{"linea":"231-12-111","parcela":"231-12","palmas":15},"geometry":{"type":"LineString","coordinates":[[-72.898891,4.415132],[-72.898893,4.413992]]}},{"type":"Feature","properties":{"linea":"231-12-112","parcela":"231-12","palmas":15},"geometry":{"type":"LineString","coordinates":[[-72.898961,4.415173],[-72.898963,4.414033]]}},{"type":"Feature","properties":{"linea":"231-12-113","parcela":"231-12","palmas":16},"geometry":{"type":"LineString","coordinates":[[-72.899031,4.415213],[-72.899033,4.413993]]}},{"type":"Feature","properties":{"linea":"231-12-114","parcela":"231-12","palmas":16},"geometry":{"type":"LineString","coordinates":[[-72.899101,4.415254],[-72.899103,4.414034]]}},{"type":"Feature","properties":{"linea":"231-12-115","parcela":"231-12","palmas":17},"geometry":{"type":"LineString","coordinates":[[-72.899171,4.415295],[-72.899173,4.413993]]}},{"type":"Feature","properties":{"linea":"231-12-116","parcela":"231-12","palmas":17},"geometry":{"type":"LineString","coordinates":[[-72.899242,4.415336],[-72.899244,4.414034]]}},{"type":"Feature","properties":{"linea":"231-12-117","parcela":"231-12","palmas":18},"geometry":{"type":"LineString","coordinates":[[-72.899312,4.415376],[-72.899314,4.413993]]}},{"type":"Feature","properties":{"linea":"231-12-118","parcela":"231-12","palmas":14},"geometry":{"type":"LineString","coordinates":[[-72.899382,4.415417],[-72.899384,4.414034]]}},{"type":"Feature","properties":{"linea":"231-12-119","parcela":"231-12","palmas":17},"geometry":{"type":"LineString","coordinates":[[-72.899452,4.415295],[-72.899454,4.413993]]}},{"type":"Feature","properties":{"linea":"231-12-120","parcela":"231-12","palmas":19},"geometry":{"type":"LineString","coordinates":[[-72.899522,4.415499],[-72.899524,4.414034]]}},{"type":"Feature","properties":{"linea":"231-12-121","parcela":"231-12","palmas":20},"geometry":{"type":"LineString","coordinates":[[-72.899592,4.41554],[-72.899595,4.413994]]}},{"type":"Feature","properties":{"linea":"231-12-122","parcela":"231-12","palmas":21},"geometry":{"type":"LineString","coordinates":[[-72.899662,4.415662],[-72.899665,4.414034]]}},{"type":"Feature","properties":{"linea":"231-12-123","parcela":"231-12","palmas":22},"geometry":{"type":"LineString","coordinates":[[-72.899733,4.415703],[-72.899735,4.413994]]}},{"type":"Feature","properties":{"linea":"231-12-124","parcela":"231-12","palmas":22},"geometry":{"type":"LineString","coordinates":[[-72.899803,4.415743],[-72.899805,4.414035]]}},{"type":"Feature","properties":{"linea":"231-12-125","parcela":"231-12","palmas":23},"geometry":{"type":"LineString","coordinates":[[-72.899873,4.415784],[-72.899876,4.413994]]}},{"type":"Feature","properties":{"linea":"231-12-126","parcela":"231-12","palmas":23},"geometry":{"type":"LineString","coordinates":[[-72.899943,4.415825],[-72.899946,4.414035]]}},{"type":"Feature","properties":{"linea":"231-12-127","parcela":"231-12","palmas":24},"geometry":{"type":"LineString","coordinates":[[-72.900013,4.415866],[-72.900016,4.413994]]}},{"type":"Feature","properties":{"linea":"231-12-128","parcela":"231-12","palmas":24},"geometry":{"type":"LineString","coordinates":[[-72.900083,4.415907],[-72.900086,4.414035]]}},{"type":"Feature","properties":{"linea":"231-12-129","parcela":"231-12","palmas":26},"geometry":{"type":"LineString","coordinates":[[-72.900153,4.416029],[-72.900156,4.413994]]}},{"type":"Feature","properties":{"linea":"231-12-130","parcela":"231-12","palmas":26},"geometry":{"type":"LineString","coordinates":[[-72.900223,4.41607],[-72.900226,4.414035]]}},{"type":"Feature","properties":{"linea":"231-12-131","parcela":"231-12","palmas":27},"geometry":{"type":"LineString","coordinates":[[-72.900293,4.41611],[-72.900297,4.413995]]}},{"type":"Feature","properties":{"linea":"231-12-132","parcela":"231-12","palmas":27},"geometry":{"type":"LineString","coordinates":[[-72.900364,4.416151],[-72.900367,4.414036]]}},{"type":"Feature","properties":{"linea":"231-12-133","parcela":"231-12","palmas":27},"geometry":{"type":"LineString","coordinates":[[-72.900434,4.416111],[-72.900437,4.413995]]}},{"type":"Feature","properties":{"linea":"231-12-134","parcela":"231-12","palmas":27},"geometry":{"type":"LineString","coordinates":[[-72.900504,4.416151],[-72.900507,4.414036]]}},{"type":"Feature","properties":{"linea":"231-12-135","parcela":"231-12","palmas":27},"geometry":{"type":"LineString","coordinates":[[-72.900574,4.416111],[-72.900578,4.413995]]}},{"type":"Feature","properties":{"linea":"231-12-136","parcela":"231-12","palmas":27},"geometry":{"type":"LineString","coordinates":[[-72.900644,4.416152],[-72.900648,4.414036]]}},{"type":"Feature","properties":{"linea":"231-12-137","parcela":"231-12","palmas":27},"geometry":{"type":"LineString","coordinates":[[-72.900715,4.416111],[-72.900718,4.413995]]}},{"type":"Feature","properties":{"linea":"231-12-138","parcela":"231-12","palmas":27},"geometry":{"type":"LineString","coordinates":[[-72.900785,4.416152],[-72.900788,4.414036]]}},{"type":"Feature","properties":{"linea":"231-12-139","parcela":"231-12","palmas":27},"geometry":{"type":"LineString","coordinates":[[-72.900855,4.416111],[-72.900858,4.413996]]}},{"type":"Feature","properties":{"linea":"231-12-140","parcela":"231-12","palmas":27},"geometry":{"type":"LineString","coordinates":[[-72.900925,4.416152],[-72.900929,4.414036]]}},{"type":"Feature","properties":{"linea":"231-12-141","parcela":"231-12","palmas":27},"geometry":{"type":"LineString","coordinates":[[-72.900996,4.416111],[-72.900999,4.413996]]}},{"type":"Feature","properties":{"linea":"231-12-142","parcela":"231-12","palmas":27},"geometry":{"type":"LineString","coordinates":[[-72.901066,4.416152],[-72.901069,4.414037]]}},{"type":"Feature","properties":{"linea":"231-12-143","parcela":"231-12","palmas":27},"geometry":{"type":"LineString","coordinates":[[-72.901136,4.416112],[-72.901139,4.413996]]}},{"type":"Feature","properties":{"linea":"231-12-144","parcela":"231-12","palmas":27},"geometry":{"type":"LineString","coordinates":[[-72.901206,4.416152],[-72.901209,4.414037]]}},{"type":"Feature","properties":{"linea":"231-12-145","parcela":"231-12","palmas":27},"geometry":{"type":"LineString","coordinates":[[-72.901276,4.416112],[-72.90128,4.413996]]}},{"type":"Feature","properties":{"linea":"231-12-146","parcela":"231-12","palmas":27},"geometry":{"type":"LineString","coordinates":[[-72.901346,4.416153],[-72.90135,4.414037]]}},{"type":"Feature","properties":{"linea":"231-12-147","parcela":"231-12","palmas":27},"geometry":{"type":"LineString","coordinates":[[-72.901417,4.416112],[-72.90142,4.413997]]}},{"type":"Feature","properties":{"linea":"231-12-148","parcela":"231-12","palmas":27},"geometry":{"type":"LineString","coordinates":[[-72.901487,4.416153],[-72.90149,4.414037]]}},{"type":"Feature","properties":{"linea":"231-12-149","parcela":"231-12","palmas":27},"geometry":{"type":"LineString","coordinates":[[-72.901557,4.416113],[-72.901561,4.413997]]}},{"type":"Feature","properties":{"linea":"231-12-150","parcela":"231-12","palmas":27},"geometry":{"type":"LineString","coordinates":[[-72.901627,4.416153],[-72.901631,4.414038]]}},{"type":"Feature","properties":{"linea":"231-12-151","parcela":"231-12","palmas":27},"geometry":{"type":"LineString","coordinates":[[-72.901698,4.416113],[-72.901701,4.413997]]}},{"type":"Feature","properties":{"linea":"231-12-152","parcela":"231-12","palmas":27},"geometry":{"type":"LineString","coordinates":[[-72.901768,4.416153],[-72.901771,4.414038]]}},{"type":"Feature","properties":{"linea":"231-12-153","parcela":"231-12","palmas":27},"geometry":{"type":"LineString","coordinates":[[-72.901838,4.416113],[-72.901841,4.413997]]}},{"type":"Feature","properties":{"linea":"231-12-154","parcela":"231-12","palmas":27},"geometry":{"type":"LineString","coordinates":[[-72.901908,4.416154],[-72.901911,4.414038]]}},{"type":"Feature","properties":{"linea":"231-12-155","parcela":"231-12","palmas":27},"geometry":{"type":"LineString","coordinates":[[-72.901978,4.416113],[-72.901982,4.413998]]}},{"type":"Feature","properties":{"linea":"231-12-156","parcela":"231-12","palmas":27},"geometry":{"type":"LineString","coordinates":[[-72.902049,4.416154],[-72.902052,4.414038]]}},{"type":"Feature","properties":{"linea":"231-12-157","parcela":"231-12","palmas":27},"geometry":{"type":"LineString","coordinates":[[-72.902119,4.416113],[-72.902122,4.413998]]}},{"type":"Feature","properties":{"linea":"231-12-158","parcela":"231-12","palmas":27},"geometry":{"type":"LineString","coordinates":[[-72.902189,4.416154],[-72.902192,4.414038]]}},{"type":"Feature","properties":{"linea":"231-12-159","parcela":"231-12","palmas":27},"geometry":{"type":"LineString","coordinates":[[-72.902259,4.416114],[-72.902263,4.413998]]}},{"type":"Feature","properties":{"linea":"231-12-160","parcela":"231-12","palmas":27},"geometry":{"type":"LineString","coordinates":[[-72.902329,4.416154],[-72.902333,4.414039]]}},{"type":"Feature","properties":{"linea":"231-12-161","parcela":"231-12","palmas":27},"geometry":{"type":"LineString","coordinates":[[-72.9024,4.416114],[-72.902403,4.413998]]}},{"type":"Feature","properties":{"linea":"231-12-162","parcela":"231-12","palmas":27},"geometry":{"type":"LineString","coordinates":[[-72.90247,4.416154],[-72.902473,4.414039]]}},{"type":"Feature","properties":{"linea":"231-12-163","parcela":"231-12","palmas":27},"geometry":{"type":"LineString","coordinates":[[-72.90254,4.416114],[-72.902543,4.413998]]}},{"type":"Feature","properties":{"linea":"231-12-164","parcela":"231-12","palmas":27},"geometry":{"type":"LineString","coordinates":[[-72.90261,4.416155],[-72.902614,4.414039]]}},{"type":"Feature","properties":{"linea":"231-12-165","parcela":"231-12","palmas":27},"geometry":{"type":"LineString","coordinates":[[-72.902681,4.416114],[-72.902684,4.413999]]}},{"type":"Feature","properties":{"linea":"231-12-166","parcela":"231-12","palmas":27},"geometry":{"type":"LineString","coordinates":[[-72.902751,4.416155],[-72.902754,4.414039]]}},{"type":"Feature","properties":{"linea":"231-12-167","parcela":"231-12","palmas":27},"geometry":{"type":"LineString","coordinates":[[-72.902821,4.416114],[-72.902824,4.413999]]}},{"type":"Feature","properties":{"linea":"231-12-168","parcela":"231-12","palmas":27},"geometry":{"type":"LineString","coordinates":[[-72.902891,4.416155],[-72.902894,4.414039]]}},{"type":"Feature","properties":{"linea":"231-12-169","parcela":"231-12","palmas":27},"geometry":{"type":"LineString","coordinates":[[-72.902961,4.416115],[-72.902965,4.413999]]}},{"type":"Feature","properties":{"linea":"231-12-170","parcela":"231-12","palmas":27},"geometry":{"type":"LineString","coordinates":[[-72.903032,4.416156],[-72.903035,4.41404]]}},{"type":"Feature","properties":{"linea":"231-12-171","parcela":"231-12","palmas":27},"geometry":{"type":"LineString","coordinates":[[-72.903102,4.416115],[-72.903105,4.413999]]}},{"type":"Feature","properties":{"linea":"231-12-172","parcela":"231-12","palmas":27},"geometry":{"type":"LineString","coordinates":[[-72.903172,4.416156],[-72.903175,4.41404]]}},{"type":"Feature","properties":{"linea":"231-12-173","parcela":"231-12","palmas":27},"geometry":{"type":"LineString","coordinates":[[-72.903242,4.416115],[-72.903246,4.413999]]}},{"type":"Feature","properties":{"linea":"231-12-174","parcela":"231-12","palmas":27},"geometry":{"type":"LineString","coordinates":[[-72.903313,4.416156],[-72.903316,4.41404]]}},{"type":"Feature","properties":{"linea":"231-12-175","parcela":"231-12","palmas":27},"geometry":{"type":"LineString","coordinates":[[-72.903383,4.416115],[-72.903386,4.414]]}},{"type":"Feature","properties":{"linea":"231-12-176","parcela":"231-12","palmas":27},"geometry":{"type":"LineString","coordinates":[[-72.903453,4.416156],[-72.903456,4.414041]]}},{"type":"Feature","properties":{"linea":"231-12-177","parcela":"231-12","palmas":27},"geometry":{"type":"LineString","coordinates":[[-72.903523,4.416116],[-72.903526,4.414]]}},{"type":"Feature","properties":{"linea":"231-12-178","parcela":"231-12","palmas":27},"geometry":{"type":"LineString","coordinates":[[-72.903593,4.416156],[-72.903597,4.414041]]}},{"type":"Feature","properties":{"linea":"231-12-179","parcela":"231-12","palmas":27},"geometry":{"type":"LineString","coordinates":[[-72.903664,4.416116],[-72.903667,4.414]]}},{"type":"Feature","properties":{"linea":"231-12-180","parcela":"231-12","palmas":27},"geometry":{"type":"LineString","coordinates":[[-72.903734,4.416157],[-72.903737,4.414041]]}},{"type":"Feature","properties":{"linea":"231-12-181","parcela":"231-12","palmas":27},"geometry":{"type":"LineString","coordinates":[[-72.903804,4.416116],[-72.903807,4.414]]}},{"type":"Feature","properties":{"linea":"231-12-182","parcela":"231-12","palmas":27},"geometry":{"type":"LineString","coordinates":[[-72.903874,4.416157],[-72.903878,4.414041]]}},{"type":"Feature","properties":{"linea":"231-12-183","parcela":"231-12","palmas":27},"geometry":{"type":"LineString","coordinates":[[-72.903944,4.416116],[-72.903948,4.414001]]}},{"type":"Feature","properties":{"linea":"231-12-184","parcela":"231-12","palmas":27},"geometry":{"type":"LineString","coordinates":[[-72.904014,4.416157],[-72.904018,4.414041]]}},{"type":"Feature","properties":{"linea":"231-12-185","parcela":"231-12","palmas":27},"geometry":{"type":"LineString","coordinates":[[-72.904085,4.416116],[-72.904088,4.414001]]}},{"type":"Feature","properties":{"linea":"231-12-186","parcela":"231-12","palmas":27},"geometry":{"type":"LineString","coordinates":[[-72.904155,4.416157],[-72.904158,4.414042]]}},{"type":"Feature","properties":{"linea":"231-12-187","parcela":"231-12","palmas":27},"geometry":{"type":"LineString","coordinates":[[-72.904225,4.416117],[-72.904229,4.414001]]}},{"type":"Feature","properties":{"linea":"231-12-188","parcela":"231-12","palmas":27},"geometry":{"type":"LineString","coordinates":[[-72.904295,4.416158],[-72.904299,4.414042]]}},{"type":"Feature","properties":{"linea":"231-12-189","parcela":"231-12","palmas":27},"geometry":{"type":"LineString","coordinates":[[-72.904366,4.416117],[-72.904369,4.414001]]}},{"type":"Feature","properties":{"linea":"231-12-190","parcela":"231-12","palmas":27},"geometry":{"type":"LineString","coordinates":[[-72.904436,4.416158],[-72.904439,4.414042]]}},{"type":"Feature","properties":{"linea":"231-12-191","parcela":"231-12","palmas":27},"geometry":{"type":"LineString","coordinates":[[-72.904506,4.416117],[-72.904509,4.414001]]}},{"type":"Feature","properties":{"linea":"231-12-192","parcela":"231-12","palmas":27},"geometry":{"type":"LineString","coordinates":[[-72.904576,4.416158],[-72.904579,4.414042]]}},{"type":"Feature","properties":{"linea":"231-12-193","parcela":"231-12","palmas":26},"geometry":{"type":"LineString","coordinates":[[-72.904646,4.416117],[-72.90465,4.414083]]}},{"type":"Feature","properties":{"linea":"231-12-194","parcela":"231-12","palmas":26},"geometry":{"type":"LineString","coordinates":[[-72.904717,4.416158],[-72.90472,4.414124]]}},{"type":"Feature","properties":{"linea":"231-12-195","parcela":"231-12","palmas":25},"geometry":{"type":"LineString","coordinates":[[-72.904787,4.416118],[-72.90479,4.414165]]}},{"type":"Feature","properties":{"linea":"231-12-196","parcela":"231-12","palmas":24},"geometry":{"type":"LineString","coordinates":[[-72.904857,4.416158],[-72.90486,4.414287]]}},{"type":"Feature","properties":{"linea":"231-12-197","parcela":"231-12","palmas":23},"geometry":{"type":"LineString","coordinates":[[-72.904927,4.416118],[-72.90493,4.414328]]}},{"type":"Feature","properties":{"linea":"231-12-198","parcela":"231-12","palmas":23},"geometry":{"type":"LineString","coordinates":[[-72.904998,4.416159],[-72.905,4.414368]]}},{"type":"Feature","properties":{"linea":"231-12-199","parcela":"231-12","palmas":22},"geometry":{"type":"LineString","coordinates":[[-72.905068,4.416118],[-72.90507,4.414409]]}},{"type":"Feature","properties":{"linea":"231-12-200","parcela":"231-12","palmas":22},"geometry":{"type":"LineString","coordinates":[[-72.905138,4.416159],[-72.905141,4.41445]]}},{"type":"Feature","properties":{"linea":"231-12-201","parcela":"231-12","palmas":21},"geometry":{"type":"LineString","coordinates":[[-72.905208,4.416118],[-72.905211,4.414491]]}},{"type":"Feature","properties":{"linea":"231-12-202","parcela":"231-12","palmas":21},"geometry":{"type":"LineString","coordinates":[[-72.905278,4.416159],[-72.905281,4.414532]]}},{"type":"Feature","properties":{"linea":"231-12-203","parcela":"231-12","palmas":20},"geometry":{"type":"LineString","coordinates":[[-72.905349,4.416118],[-72.905351,4.414572]]}},{"type":"Feature","properties":{"linea":"231-12-204","parcela":"231-12","palmas":20},"geometry":{"type":"LineString","coordinates":[[-72.905419,4.416159],[-72.905421,4.414613]]}},{"type":"Feature","properties":{"linea":"231-12-205","parcela":"231-12","palmas":19},"geometry":{"type":"LineString","coordinates":[[-72.905489,4.416119],[-72.905491,4.414654]]}},{"type":"Feature","properties":{"linea":"231-12-206","parcela":"231-12","palmas":18},"geometry":{"type":"LineString","coordinates":[[-72.905559,4.416159],[-72.905561,4.414776]]}},{"type":"Feature","properties":{"linea":"231-12-207","parcela":"231-12","palmas":17},"geometry":{"type":"LineString","coordinates":[[-72.905629,4.416119],[-72.905631,4.414817]]}},{"type":"Feature","properties":{"linea":"231-12-208","parcela":"231-12","palmas":17},"geometry":{"type":"LineString","coordinates":[[-72.905699,4.41616],[-72.905701,4.414858]]}},{"type":"Feature","properties":{"linea":"231-12-209","parcela":"231-12","palmas":16},"geometry":{"type":"LineString","coordinates":[[-72.90577,4.416119],[-72.905772,4.414899]]}},{"type":"Feature","properties":{"linea":"231-12-210","parcela":"231-12","palmas":16},"geometry":{"type":"LineString","coordinates":[[-72.90584,4.41616],[-72.905842,4.414939]]}},{"type":"Feature","properties":{"linea":"231-12-211","parcela":"231-12","palmas":15},"geometry":{"type":"LineString","coordinates":[[-72.90591,4.416119],[-72.905912,4.41498]]}},{"type":"Feature","properties":{"linea":"231-12-212","parcela":"231-12","palmas":15},"geometry":{"type":"LineString","coordinates":[[-72.90598,4.41616],[-72.905982,4.415021]]}},{"type":"Feature","properties":{"linea":"231-12-213","parcela":"231-12","palmas":14},"geometry":{"type":"LineString","coordinates":[[-72.906051,4.416119],[-72.906052,4.415062]]}},{"type":"Feature","properties":{"linea":"231-12-214","parcela":"231-12","palmas":13},"geometry":{"type":"LineString","coordinates":[[-72.906121,4.41616],[-72.906122,4.415184]]}},{"type":"Feature","properties":{"linea":"231-12-215","parcela":"231-12","palmas":13},"geometry":{"type":"LineString","coordinates":[[-72.906191,4.41612],[-72.906193,4.415143]]}},{"type":"Feature","properties":{"linea":"231-12-216","parcela":"231-12","palmas":12},"geometry":{"type":"LineString","coordinates":[[-72.906261,4.416161],[-72.906263,4.415266]]}},{"type":"Feature","properties":{"linea":"231-12-217","parcela":"231-12","palmas":11},"geometry":{"type":"LineString","coordinates":[[-72.906331,4.41612],[-72.906333,4.415306]]}},{"type":"Feature","properties":{"linea":"231-12-218","parcela":"231-12","palmas":11},"geometry":{"type":"LineString","coordinates":[[-72.906402,4.416161],[-72.906403,4.415347]]}},{"type":"Feature","properties":{"linea":"231-12-219","parcela":"231-12","palmas":10},"geometry":{"type":"LineString","coordinates":[[-72.906472,4.41612],[-72.906473,4.415388]]}},{"type":"Feature","properties":{"linea":"231-12-220","parcela":"231-12","palmas":10},"geometry":{"type":"LineString","coordinates":[[-72.906542,4.416161],[-72.906543,4.415429]]}},{"type":"Feature","properties":{"linea":"231-12-221","parcela":"231-12","palmas":9},"geometry":{"type":"LineString","coordinates":[[-72.906612,4.41612],[-72.906613,4.415469]]}},{"type":"Feature","properties":{"linea":"231-12-222","parcela":"231-12","palmas":8},"geometry":{"type":"LineString","coordinates":[[-72.906683,4.416161],[-72.906683,4.415592]]}},{"type":"Feature","properties":{"linea":"231-12-223","parcela":"231-12","palmas":7},"geometry":{"type":"LineString","coordinates":[[-72.906753,4.416121],[-72.906753,4.415633]]}},{"type":"Feature","properties":{"linea":"231-12-224","parcela":"231-12","palmas":8},"geometry":{"type":"LineString","coordinates":[[-72.906823,4.416161],[-72.906824,4.415592]]}},{"type":"Feature","properties":{"linea":"231-12-225","parcela":"231-12","palmas":6},"geometry":{"type":"LineString","coordinates":[[-72.906893,4.416121],[-72.906894,4.415714]]}},{"type":"Feature","properties":{"linea":"231-12-226","parcela":"231-12","palmas":6},"geometry":{"type":"LineString","coordinates":[[-72.906963,4.416162],[-72.906964,4.415755]]}},{"type":"Feature","properties":{"linea":"231-12-227","parcela":"231-12","palmas":5},"geometry":{"type":"LineString","coordinates":[[-72.907034,4.416121],[-72.907034,4.415796]]}},{"type":"Feature","properties":{"linea":"231-12-228","parcela":"231-12","palmas":3},"geometry":{"type":"LineString","coordinates":[[-72.907104,4.415999],[-72.907104,4.415836]]}},{"type":"Feature","properties":{"linea":"231-13-3","parcela":"231-13","palmas":2},"geometry":{"type":"LineString","coordinates":[[-72.899939,4.416121],[-72.899939,4.416039]]}},{"type":"Feature","properties":{"linea":"231-13-4","parcela":"231-13","palmas":2},"geometry":{"type":"LineString","coordinates":[[-72.899869,4.41608],[-72.899869,4.415998]]}},{"type":"Feature","properties":{"linea":"231-13-5","parcela":"231-13","palmas":4},"geometry":{"type":"LineString","coordinates":[[-72.899798,4.41612],[-72.899799,4.415876]]}},{"type":"Feature","properties":{"linea":"231-13-6","parcela":"231-13","palmas":4},"geometry":{"type":"LineString","coordinates":[[-72.899728,4.41608],[-72.899729,4.415836]]}},{"type":"Feature","properties":{"linea":"231-13-7","parcela":"231-13","palmas":5},"geometry":{"type":"LineString","coordinates":[[-72.899658,4.41612],[-72.899659,4.415795]]}},{"type":"Feature","properties":{"linea":"231-13-8","parcela":"231-13","palmas":5},"geometry":{"type":"LineString","coordinates":[[-72.899588,4.416079],[-72.899588,4.415754]]}},{"type":"Feature","properties":{"linea":"231-13-9","parcela":"231-13","palmas":6},"geometry":{"type":"LineString","coordinates":[[-72.899518,4.41612],[-72.899518,4.415713]]}},{"type":"Feature","properties":{"linea":"231-13-10","parcela":"231-13","palmas":6},"geometry":{"type":"LineString","coordinates":[[-72.899448,4.416079],[-72.899448,4.415672]]}},{"type":"Feature","properties":{"linea":"231-13-11","parcela":"231-13","palmas":7},"geometry":{"type":"LineString","coordinates":[[-72.899377,4.41612],[-72.899378,4.415631]]}},{"type":"Feature","properties":{"linea":"231-13-12","parcela":"231-13","palmas":8},"geometry":{"type":"LineString","coordinates":[[-72.899307,4.416079],[-72.899308,4.415509]]}},{"type":"Feature","properties":{"linea":"231-13-13","parcela":"231-13","palmas":9},"geometry":{"type":"LineString","coordinates":[[-72.899237,4.416119],[-72.899238,4.415469]]}},{"type":"Feature","properties":{"linea":"231-13-14","parcela":"231-13","palmas":9},"geometry":{"type":"LineString","coordinates":[[-72.899167,4.416079],[-72.899168,4.415428]]}},{"type":"Feature","properties":{"linea":"231-13-15","parcela":"231-13","palmas":10},"geometry":{"type":"LineString","coordinates":[[-72.899096,4.416119],[-72.899098,4.415387]]}},{"type":"Feature","properties":{"linea":"231-13-16","parcela":"231-13","palmas":10},"geometry":{"type":"LineString","coordinates":[[-72.899026,4.416079],[-72.899027,4.415346]]}},{"type":"Feature","properties":{"linea":"231-13-17","parcela":"231-13","palmas":11},"geometry":{"type":"LineString","coordinates":[[-72.898956,4.416119],[-72.898957,4.415305]]}},{"type":"Feature","properties":{"linea":"231-13-18","parcela":"231-13","palmas":11},"geometry":{"type":"LineString","coordinates":[[-72.898886,4.416078],[-72.898887,4.415264]]}},{"type":"Feature","properties":{"linea":"231-13-19","parcela":"231-13","palmas":12},"geometry":{"type":"LineString","coordinates":[[-72.898816,4.416119],[-72.898817,4.415224]]}},{"type":"Feature","properties":{"linea":"231-13-20","parcela":"231-13","palmas":12},"geometry":{"type":"LineString","coordinates":[[-72.898745,4.416078],[-72.898747,4.415183]]}},{"type":"Feature","properties":{"linea":"231-13-21","parcela":"231-13","palmas":13},"geometry":{"type":"LineString","coordinates":[[-72.898675,4.416119],[-72.898677,4.415142]]}},{"type":"Feature","properties":{"linea":"231-13-22","parcela":"231-13","palmas":13},"geometry":{"type":"LineString","coordinates":[[-72.898605,4.416078],[-72.898606,4.415101]]}},{"type":"Feature","properties":{"linea":"231-13-23","parcela":"231-13","palmas":14},"geometry":{"type":"LineString","coordinates":[[-72.898535,4.416118],[-72.898536,4.415061]]}},{"type":"Feature","properties":{"linea":"231-13-24","parcela":"231-13","palmas":14},"geometry":{"type":"LineString","coordinates":[[-72.898464,4.416078],[-72.898466,4.41502]]}},{"type":"Feature","properties":{"linea":"231-13-25","parcela":"231-13","palmas":16},"geometry":{"type":"LineString","coordinates":[[-72.898394,4.416118],[-72.898396,4.414898]]}},{"type":"Feature","properties":{"linea":"231-13-26","parcela":"231-13","palmas":16},"geometry":{"type":"LineString","coordinates":[[-72.898324,4.416078],[-72.898326,4.414857]]}},{"type":"Feature","properties":{"linea":"231-13-27","parcela":"231-13","palmas":17},"geometry":{"type":"LineString","coordinates":[[-72.898254,4.416118],[-72.898256,4.414816]]}},{"type":"Feature","properties":{"linea":"231-13-28","parcela":"231-13","palmas":17},"geometry":{"type":"LineString","coordinates":[[-72.898184,4.416077],[-72.898186,4.414775]]}},{"type":"Feature","properties":{"linea":"231-13-29","parcela":"231-13","palmas":18},"geometry":{"type":"LineString","coordinates":[[-72.898113,4.416118],[-72.898116,4.414734]]}},{"type":"Feature","properties":{"linea":"231-13-30","parcela":"231-13","palmas":19},"geometry":{"type":"LineString","coordinates":[[-72.898043,4.416077],[-72.898046,4.414612]]}},{"type":"Feature","properties":{"linea":"231-13-31","parcela":"231-13","palmas":20},"geometry":{"type":"LineString","coordinates":[[-72.897973,4.416118],[-72.897975,4.414571]]}},{"type":"Feature","properties":{"linea":"231-13-32","parcela":"231-13","palmas":20},"geometry":{"type":"LineString","coordinates":[[-72.897903,4.416077],[-72.897905,4.414531]]}},{"type":"Feature","properties":{"linea":"231-13-33","parcela":"231-13","palmas":21},"geometry":{"type":"LineString","coordinates":[[-72.897833,4.416117],[-72.897835,4.41449]]}},{"type":"Feature","properties":{"linea":"231-13-34","parcela":"231-13","palmas":21},"geometry":{"type":"LineString","coordinates":[[-72.897763,4.416076],[-72.897765,4.414449]]}},{"type":"Feature","properties":{"linea":"231-13-35","parcela":"231-13","palmas":22},"geometry":{"type":"LineString","coordinates":[[-72.897692,4.416117],[-72.897695,4.414408]]}},{"type":"Feature","properties":{"linea":"231-13-36","parcela":"231-13","palmas":21},"geometry":{"type":"LineString","coordinates":[[-72.897622,4.415995],[-72.897625,4.414367]]}},{"type":"Feature","properties":{"linea":"231-13-37","parcela":"231-13","palmas":21},"geometry":{"type":"LineString","coordinates":[[-72.897552,4.415873],[-72.897555,4.414245]]}},{"type":"Feature","properties":{"linea":"231-13-38","parcela":"231-13","palmas":20},"geometry":{"type":"LineString","coordinates":[[-72.897482,4.415751],[-72.897484,4.414204]]}},{"type":"Feature","properties":{"linea":"231-13-39","parcela":"231-13","palmas":19},"geometry":{"type":"LineString","coordinates":[[-72.897412,4.415628],[-72.897414,4.414164]]}},{"type":"Feature","properties":{"linea":"231-13-40","parcela":"231-13","palmas":18},"geometry":{"type":"LineString","coordinates":[[-72.897342,4.415506],[-72.897344,4.414123]]}},{"type":"Feature","properties":{"linea":"231-13-41","parcela":"231-13","palmas":17},"geometry":{"type":"LineString","coordinates":[[-72.897272,4.415384],[-72.897274,4.414082]]}},{"type":"Feature","properties":{"linea":"231-13-42","parcela":"231-13","palmas":16},"geometry":{"type":"LineString","coordinates":[[-72.897202,4.415262],[-72.897204,4.414041]]}},{"type":"Feature","properties":{"linea":"231-13-43","parcela":"231-13","palmas":16},"geometry":{"type":"LineString","coordinates":[[-72.897132,4.415221],[-72.897134,4.414001]]}},{"type":"Feature","properties":{"linea":"231-13-44","parcela":"231-13","palmas":15},"geometry":{"type":"LineString","coordinates":[[-72.897062,4.415099],[-72.897064,4.41396]]}},{"type":"Feature","properties":{"linea":"231-13-45","parcela":"231-13","palmas":14},"geometry":{"type":"LineString","coordinates":[[-72.896992,4.414895],[-72.896994,4.413838]]}},{"type":"Feature","properties":{"linea":"231-13-46","parcela":"231-13","palmas":14},"geometry":{"type":"LineString","coordinates":[[-72.896922,4.414854],[-72.896924,4.413797]]}},{"type":"Feature","properties":{"linea":"231-13-47","parcela":"231-13","palmas":13},"geometry":{"type":"LineString","coordinates":[[-72.896852,4.414733],[-72.896853,4.413756]]}},{"type":"Feature","properties":{"linea":"231-13-48","parcela":"231-13","palmas":12},"geometry":{"type":"LineString","coordinates":[[-72.896782,4.41461],[-72.896783,4.413715]]}},{"type":"Feature","properties":{"linea":"231-13-49","parcela":"231-13","palmas":11},"geometry":{"type":"LineString","coordinates":[[-72.896712,4.414488],[-72.896713,4.413674]]}},{"type":"Feature","properties":{"linea":"231-13-50","parcela":"231-13","palmas":10},"geometry":{"type":"LineString","coordinates":[[-72.896642,4.414366],[-72.896643,4.413634]]}},{"type":"Feature","properties":{"linea":"231-13-51","parcela":"231-13","palmas":9},"geometry":{"type":"LineString","coordinates":[[-72.896572,4.414244],[-72.896573,4.413593]]}},{"type":"Feature","properties":{"linea":"231-13-52","parcela":"231-13","palmas":8},"geometry":{"type":"LineString","coordinates":[[-72.896502,4.414122],[-72.896503,4.413552]]}},{"type":"Feature","properties":{"linea":"231-13-53","parcela":"231-13","palmas":7},"geometry":{"type":"LineString","coordinates":[[-72.896432,4.413999],[-72.896433,4.413511]]}},{"type":"Feature","properties":{"linea":"231-13-54","parcela":"231-13","palmas":7},"geometry":{"type":"LineString","coordinates":[[-72.896362,4.413877],[-72.896363,4.413389]]}},{"type":"Feature","properties":{"linea":"231-13-55","parcela":"231-13","palmas":6},"geometry":{"type":"LineString","coordinates":[[-72.896292,4.413755],[-72.896292,4.413348]]}},{"type":"Feature","properties":{"linea":"231-13-56","parcela":"231-13","palmas":5},"geometry":{"type":"LineString","coordinates":[[-72.896222,4.413633],[-72.896222,4.413308]]}},{"type":"Feature","properties":{"linea":"231-13-57","parcela":"231-13","palmas":5},"geometry":{"type":"LineString","coordinates":[[-72.896152,4.413511],[-72.896152,4.413185]]}},{"type":"Feature","properties":{"linea":"231-13-58","parcela":"231-13","palmas":4},"geometry":{"type":"LineString","coordinates":[[-72.896082,4.413389],[-72.896082,4.413144]]}},{"type":"Feature","properties":{"linea":"231-13-59","parcela":"231-13","palmas":3},"geometry":{"type":"LineString","coordinates":[[-72.896012,4.413266],[-72.896012,4.413104]]}},{"type":"Feature","properties":{"linea":"231-13-60","parcela":"231-13","palmas":3},"geometry":{"type":"LineString","coordinates":[[-72.895942,4.413144],[-72.895942,4.412981]]}},{"type":"Feature","properties":{"linea":"231-13-61","parcela":"231-13","palmas":2},"geometry":{"type":"LineString","coordinates":[[-72.895872,4.413022],[-72.895872,4.412941]]}},{"type":"Feature","properties":{"linea":"231-13-63","parcela":"231-13","palmas":3},"geometry":{"type":"LineString","coordinates":[[-72.897833,4.416199],[-72.897832,4.416361]]}},{"type":"Feature","properties":{"linea":"231-13-64","parcela":"231-13","palmas":4},"geometry":{"type":"LineString","coordinates":[[-72.897903,4.416239],[-72.897902,4.416484]]}},{"type":"Feature","properties":{"linea":"231-13-65","parcela":"231-13","palmas":6},"geometry":{"type":"LineString","coordinates":[[-72.897973,4.416199],[-72.897972,4.416606]]}},{"type":"Feature","properties":{"linea":"231-13-66","parcela":"231-13","palmas":7},"geometry":{"type":"LineString","coordinates":[[-72.898043,4.41624],[-72.898042,4.416728]]}},{"type":"Feature","properties":{"linea":"231-13-67","parcela":"231-13","palmas":9},"geometry":{"type":"LineString","coordinates":[[-72.898113,4.416199],[-72.898112,4.41685]]}},{"type":"Feature","properties":{"linea":"231-13-68","parcela":"231-13","palmas":10},"geometry":{"type":"LineString","coordinates":[[-72.898183,4.41624],[-72.898182,4.416972]]}},{"type":"Feature","properties":{"linea":"231-13-69","parcela":"231-13","palmas":12},"geometry":{"type":"LineString","coordinates":[[-72.898254,4.416199],[-72.898252,4.417094]]}},{"type":"Feature","properties":{"linea":"231-13-70","parcela":"231-13","palmas":13},"geometry":{"type":"LineString","coordinates":[[-72.898324,4.41624],[-72.898322,4.417217]]}},{"type":"Feature","properties":{"linea":"231-13-71","parcela":"231-13","palmas":14},"geometry":{"type":"LineString","coordinates":[[-72.898394,4.416199],[-72.898392,4.417258]]}},{"type":"Feature","properties":{"linea":"231-13-72","parcela":"231-13","palmas":14},"geometry":{"type":"LineString","coordinates":[[-72.898464,4.41624],[-72.898463,4.417298]]}},{"type":"Feature","properties":{"linea":"231-13-73","parcela":"231-13","palmas":15},"geometry":{"type":"LineString","coordinates":[[-72.898534,4.4162],[-72.898533,4.417339]]}},{"type":"Feature","properties":{"linea":"231-13-74","parcela":"231-13","palmas":15},"geometry":{"type":"LineString","coordinates":[[-72.898605,4.416241],[-72.898603,4.41738]]}},{"type":"Feature","properties":{"linea":"231-13-75","parcela":"231-13","palmas":16},"geometry":{"type":"LineString","coordinates":[[-72.898675,4.4162],[-72.898673,4.417421]]}},{"type":"Feature","properties":{"linea":"231-13-76","parcela":"231-13","palmas":16},"geometry":{"type":"LineString","coordinates":[[-72.898745,4.416241],[-72.898743,4.417461]]}},{"type":"Feature","properties":{"linea":"231-13-77","parcela":"231-13","palmas":17},"geometry":{"type":"LineString","coordinates":[[-72.898815,4.4162],[-72.898813,4.417502]]}},{"type":"Feature","properties":{"linea":"231-13-78","parcela":"231-13","palmas":17},"geometry":{"type":"LineString","coordinates":[[-72.898886,4.416241],[-72.898883,4.417543]]}},{"type":"Feature","properties":{"linea":"231-13-79","parcela":"231-13","palmas":18},"geometry":{"type":"LineString","coordinates":[[-72.898956,4.416201],[-72.898954,4.417584]]}},{"type":"Feature","properties":{"linea":"231-13-80","parcela":"231-13","palmas":18},"geometry":{"type":"LineString","coordinates":[[-72.899026,4.416241],[-72.899024,4.417624]]}},{"type":"Feature","properties":{"linea":"231-13-81","parcela":"231-13","palmas":19},"geometry":{"type":"LineString","coordinates":[[-72.899096,4.416201],[-72.899094,4.417665]]}},{"type":"Feature","properties":{"linea":"231-13-82","parcela":"231-13","palmas":19},"geometry":{"type":"LineString","coordinates":[[-72.899166,4.416241],[-72.899164,4.417706]]}},{"type":"Feature","properties":{"linea":"231-13-83","parcela":"231-13","palmas":20},"geometry":{"type":"LineString","coordinates":[[-72.899237,4.416201],[-72.899234,4.417747]]}},{"type":"Feature","properties":{"linea":"231-13-84","parcela":"231-13","palmas":20},"geometry":{"type":"LineString","coordinates":[[-72.899307,4.416242],[-72.899304,4.417788]]}},{"type":"Feature","properties":{"linea":"231-13-85","parcela":"231-13","palmas":21},"geometry":{"type":"LineString","coordinates":[[-72.899377,4.416201],[-72.899374,4.417829]]}},{"type":"Feature","properties":{"linea":"231-13-86","parcela":"231-13","palmas":21},"geometry":{"type":"LineString","coordinates":[[-72.899447,4.416242],[-72.899445,4.417869]]}},{"type":"Feature","properties":{"linea":"231-13-87","parcela":"231-13","palmas":21},"geometry":{"type":"LineString","coordinates":[[-72.899518,4.416201],[-72.899515,4.417829]]}},{"type":"Feature","properties":{"linea":"231-13-88","parcela":"231-13","palmas":21},"geometry":{"type":"LineString","coordinates":[[-72.899588,4.416242],[-72.899585,4.417869]]}},{"type":"Feature","properties":{"linea":"231-13-89","parcela":"231-13","palmas":22},"geometry":{"type":"LineString","coordinates":[[-72.899658,4.416202],[-72.899655,4.41791]]}},{"type":"Feature","properties":{"linea":"231-13-90","parcela":"231-13","palmas":22},"geometry":{"type":"LineString","coordinates":[[-72.899728,4.416242],[-72.899725,4.417951]]}},{"type":"Feature","properties":{"linea":"231-13-91","parcela":"231-13","palmas":23},"geometry":{"type":"LineString","coordinates":[[-72.899798,4.416202],[-72.899796,4.417992]]}},{"type":"Feature","properties":{"linea":"231-13-92","parcela":"231-13","palmas":23},"geometry":{"type":"LineString","coordinates":[[-72.899868,4.416243],[-72.899866,4.418033]]}},{"type":"Feature","properties":{"linea":"231-13-93","parcela":"231-13","palmas":24},"geometry":{"type":"LineString","coordinates":[[-72.899939,4.416202],[-72.899936,4.418074]]}},{"type":"Feature","properties":{"linea":"231-13-94","parcela":"231-13","palmas":24},"geometry":{"type":"LineString","coordinates":[[-72.900009,4.416243],[-72.900006,4.418114]]}},{"type":"Feature","properties":{"linea":"231-13-95","parcela":"231-13","palmas":25},"geometry":{"type":"LineString","coordinates":[[-72.900079,4.416202],[-72.900076,4.418155]]}},{"type":"Feature","properties":{"linea":"231-13-96","parcela":"231-13","palmas":25},"geometry":{"type":"LineString","coordinates":[[-72.900149,4.416243],[-72.900146,4.418196]]}},{"type":"Feature","properties":{"linea":"231-13-97","parcela":"231-13","palmas":26},"geometry":{"type":"LineString","coordinates":[[-72.900219,4.416203],[-72.900216,4.418237]]}},{"type":"Feature","properties":{"linea":"231-13-98","parcela":"231-13","palmas":26},"geometry":{"type":"LineString","coordinates":[[-72.90029,4.416243],[-72.900286,4.418278]]}},{"type":"Feature","properties":{"linea":"231-13-99","parcela":"231-13","palmas":26},"geometry":{"type":"LineString","coordinates":[[-72.90036,4.416284],[-72.900357,4.418318]]}},{"type":"Feature","properties":{"linea":"231-13-100","parcela":"231-13","palmas":25},"geometry":{"type":"LineString","coordinates":[[-72.90043,4.416406],[-72.900427,4.418359]]}},{"type":"Feature","properties":{"linea":"231-13-101","parcela":"231-13","palmas":24},"geometry":{"type":"LineString","coordinates":[[-72.9005,4.416447],[-72.900497,4.418319]]}},{"type":"Feature","properties":{"linea":"231-13-102","parcela":"231-13","palmas":24},"geometry":{"type":"LineString","coordinates":[[-72.90057,4.416488],[-72.900567,4.418359]]}},{"type":"Feature","properties":{"linea":"231-13-103","parcela":"231-13","palmas":24},"geometry":{"type":"LineString","coordinates":[[-72.90064,4.416529],[-72.900637,4.4184]]}},{"type":"Feature","properties":{"linea":"231-13-104","parcela":"231-13","palmas":24},"geometry":{"type":"LineString","coordinates":[[-72.90071,4.416569],[-72.900708,4.418441]]}},{"type":"Feature","properties":{"linea":"231-13-105","parcela":"231-13","palmas":22},"geometry":{"type":"LineString","coordinates":[[-72.900781,4.41661],[-72.900778,4.418319]]}},{"type":"Feature","properties":{"linea":"231-13-106","parcela":"231-13","palmas":22},"geometry":{"type":"LineString","coordinates":[[-72.900851,4.416651],[-72.900848,4.41836]]}},{"type":"Feature","properties":{"linea":"231-13-107","parcela":"231-13","palmas":21},"geometry":{"type":"LineString","coordinates":[[-72.900921,4.416692],[-72.900918,4.418319]]}},{"type":"Feature","properties":{"linea":"231-13-108","parcela":"231-13","palmas":20},"geometry":{"type":"LineString","coordinates":[[-72.900991,4.416814],[-72.900988,4.41836]]}},{"type":"Feature","properties":{"linea":"231-13-109","parcela":"231-13","palmas":19},"geometry":{"type":"LineString","coordinates":[[-72.901061,4.416855],[-72.901059,4.418319]]}},{"type":"Feature","properties":{"linea":"231-13-110","parcela":"231-13","palmas":19},"geometry":{"type":"LineString","coordinates":[[-72.901131,4.416896],[-72.901129,4.41836]]}},{"type":"Feature","properties":{"linea":"231-13-111","parcela":"231-13","palmas":18},"geometry":{"type":"LineString","coordinates":[[-72.901201,4.416936],[-72.901199,4.41832]]}},{"type":"Feature","properties":{"linea":"231-13-112","parcela":"231-13","palmas":19},"geometry":{"type":"LineString","coordinates":[[-72.901272,4.416896],[-72.901269,4.418361]]}},{"type":"Feature","properties":{"linea":"231-13-113","parcela":"231-13","palmas":18},"geometry":{"type":"LineString","coordinates":[[-72.901342,4.416937],[-72.901339,4.41832]]}},{"type":"Feature","properties":{"linea":"231-13-114","parcela":"231-13","palmas":19},"geometry":{"type":"LineString","coordinates":[[-72.901412,4.416896],[-72.90141,4.418361]]}},{"type":"Feature","properties":{"linea":"231-13-115","parcela":"231-13","palmas":18},"geometry":{"type":"LineString","coordinates":[[-72.901482,4.416937],[-72.90148,4.41832]]}},{"type":"Feature","properties":{"linea":"231-13-116","parcela":"231-13","palmas":19},"geometry":{"type":"LineString","coordinates":[[-72.901553,4.416896],[-72.90155,4.418361]]}},{"type":"Feature","properties":{"linea":"231-13-117","parcela":"231-13","palmas":18},"geometry":{"type":"LineString","coordinates":[[-72.901623,4.416937],[-72.90162,4.41832]]}},{"type":"Feature","properties":{"linea":"231-13-118","parcela":"231-13","palmas":19},"geometry":{"type":"LineString","coordinates":[[-72.901693,4.416896],[-72.901691,4.418361]]}},{"type":"Feature","properties":{"linea":"231-13-119","parcela":"231-13","palmas":18},"geometry":{"type":"LineString","coordinates":[[-72.901763,4.416937],[-72.901761,4.418321]]}},{"type":"Feature","properties":{"linea":"231-13-120","parcela":"231-13","palmas":19},"geometry":{"type":"LineString","coordinates":[[-72.901833,4.416897],[-72.901831,4.418361]]}},{"type":"Feature","properties":{"linea":"231-13-121","parcela":"231-13","palmas":19},"geometry":{"type":"LineString","coordinates":[[-72.901904,4.416856],[-72.901901,4.418321]]}},{"type":"Feature","properties":{"linea":"231-13-122","parcela":"231-13","palmas":19},"geometry":{"type":"LineString","coordinates":[[-72.901974,4.416897],[-72.901971,4.418362]]}},{"type":"Feature","properties":{"linea":"231-13-123","parcela":"231-13","palmas":19},"geometry":{"type":"LineString","coordinates":[[-72.902044,4.416856],[-72.902042,4.418321]]}},{"type":"Feature","properties":{"linea":"231-13-124","parcela":"231-13","palmas":19},"geometry":{"type":"LineString","coordinates":[[-72.902114,4.416897],[-72.902112,4.418362]]}},{"type":"Feature","properties":{"linea":"231-13-125","parcela":"231-13","palmas":19},"geometry":{"type":"LineString","coordinates":[[-72.902184,4.416857],[-72.902182,4.418321]]}},{"type":"Feature","properties":{"linea":"231-13-126","parcela":"231-13","palmas":19},"geometry":{"type":"LineString","coordinates":[[-72.902254,4.416897],[-72.902252,4.418362]]}},{"type":"Feature","properties":{"linea":"231-13-127","parcela":"231-13","palmas":19},"geometry":{"type":"LineString","coordinates":[[-72.902325,4.416857],[-72.902323,4.418321]]}},{"type":"Feature","properties":{"linea":"231-13-128","parcela":"231-13","palmas":19},"geometry":{"type":"LineString","coordinates":[[-72.902395,4.416898],[-72.902393,4.418362]]}},{"type":"Feature","properties":{"linea":"231-13-129","parcela":"231-13","palmas":19},"geometry":{"type":"LineString","coordinates":[[-72.902465,4.416857],[-72.902463,4.418322]]}},{"type":"Feature","properties":{"linea":"231-13-130","parcela":"231-13","palmas":19},"geometry":{"type":"LineString","coordinates":[[-72.902535,4.416898],[-72.902533,4.418363]]}},{"type":"Feature","properties":{"linea":"231-13-131","parcela":"231-13","palmas":19},"geometry":{"type":"LineString","coordinates":[[-72.902606,4.416857],[-72.902603,4.418322]]}},{"type":"Feature","properties":{"linea":"231-13-132","parcela":"231-13","palmas":19},"geometry":{"type":"LineString","coordinates":[[-72.902676,4.416898],[-72.902673,4.418363]]}},{"type":"Feature","properties":{"linea":"231-13-133","parcela":"231-13","palmas":19},"geometry":{"type":"LineString","coordinates":[[-72.902746,4.416857],[-72.902744,4.418322]]}},{"type":"Feature","properties":{"linea":"231-13-134","parcela":"231-13","palmas":19},"geometry":{"type":"LineString","coordinates":[[-72.902816,4.416898],[-72.902814,4.418363]]}},{"type":"Feature","properties":{"linea":"231-13-135","parcela":"231-13","palmas":19},"geometry":{"type":"LineString","coordinates":[[-72.902886,4.416858],[-72.902884,4.418322]]}},{"type":"Feature","properties":{"linea":"231-13-136","parcela":"231-13","palmas":19},"geometry":{"type":"LineString","coordinates":[[-72.902957,4.416898],[-72.902954,4.418363]]}},{"type":"Feature","properties":{"linea":"231-13-137","parcela":"231-13","palmas":19},"geometry":{"type":"LineString","coordinates":[[-72.903027,4.416858],[-72.903024,4.418323]]}},{"type":"Feature","properties":{"linea":"231-13-138","parcela":"231-13","palmas":19},"geometry":{"type":"LineString","coordinates":[[-72.903097,4.416899],[-72.903095,4.418363]]}},{"type":"Feature","properties":{"linea":"231-13-139","parcela":"231-13","palmas":19},"geometry":{"type":"LineString","coordinates":[[-72.903167,4.416858],[-72.903165,4.418323]]}},{"type":"Feature","properties":{"linea":"231-13-140","parcela":"231-13","palmas":19},"geometry":{"type":"LineString","coordinates":[[-72.903238,4.416899],[-72.903235,4.418364]]}},{"type":"Feature","properties":{"linea":"231-13-141","parcela":"231-13","palmas":19},"geometry":{"type":"LineString","coordinates":[[-72.903308,4.416858],[-72.903305,4.418323]]}},{"type":"Feature","properties":{"linea":"231-13-142","parcela":"231-13","palmas":20},"geometry":{"type":"LineString","coordinates":[[-72.903378,4.416818],[-72.903376,4.418364]]}},{"type":"Feature","properties":{"linea":"231-13-143","parcela":"231-13","palmas":19},"geometry":{"type":"LineString","coordinates":[[-72.903448,4.416859],[-72.903446,4.418323]]}},{"type":"Feature","properties":{"linea":"231-13-144","parcela":"231-13","palmas":20},"geometry":{"type":"LineString","coordinates":[[-72.903518,4.416818],[-72.903516,4.418364]]}},{"type":"Feature","properties":{"linea":"231-13-145","parcela":"231-13","palmas":19},"geometry":{"type":"LineString","coordinates":[[-72.903589,4.416859],[-72.903586,4.418323]]}},{"type":"Feature","properties":{"linea":"231-13-146","parcela":"231-13","palmas":20},"geometry":{"type":"LineString","coordinates":[[-72.903659,4.416818],[-72.903656,4.418364]]}},{"type":"Feature","properties":{"linea":"231-13-147","parcela":"231-13","palmas":19},"geometry":{"type":"LineString","coordinates":[[-72.903729,4.416859],[-72.903727,4.418324]]}},{"type":"Feature","properties":{"linea":"231-13-148","parcela":"231-13","palmas":20},"geometry":{"type":"LineString","coordinates":[[-72.903799,4.416818],[-72.903797,4.418364]]}},{"type":"Feature","properties":{"linea":"231-13-149","parcela":"231-13","palmas":19},"geometry":{"type":"LineString","coordinates":[[-72.903869,4.416859],[-72.903867,4.418324]]}},{"type":"Feature","properties":{"linea":"231-13-150","parcela":"231-13","palmas":20},"geometry":{"type":"LineString","coordinates":[[-72.90394,4.416819],[-72.903937,4.418365]]}},{"type":"Feature","properties":{"linea":"231-13-151","parcela":"231-13","palmas":20},"geometry":{"type":"LineString","coordinates":[[-72.90401,4.416778],[-72.904008,4.418324]]}},{"type":"Feature","properties":{"linea":"231-13-152","parcela":"231-13","palmas":20},"geometry":{"type":"LineString","coordinates":[[-72.90408,4.416819],[-72.904077,4.418365]]}},{"type":"Feature","properties":{"linea":"231-13-153","parcela":"231-13","palmas":20},"geometry":{"type":"LineString","coordinates":[[-72.90415,4.416778],[-72.904148,4.418324]]}},{"type":"Feature","properties":{"linea":"231-13-154","parcela":"231-13","palmas":20},"geometry":{"type":"LineString","coordinates":[[-72.904221,4.416819],[-72.904218,4.418365]]}},{"type":"Feature","properties":{"linea":"231-13-155","parcela":"231-13","palmas":20},"geometry":{"type":"LineString","coordinates":[[-72.904291,4.416779],[-72.904288,4.418324]]}},{"type":"Feature","properties":{"linea":"231-13-156","parcela":"231-13","palmas":20},"geometry":{"type":"LineString","coordinates":[[-72.904361,4.416819],[-72.904358,4.418365]]}},{"type":"Feature","properties":{"linea":"231-13-157","parcela":"231-13","palmas":20},"geometry":{"type":"LineString","coordinates":[[-72.904431,4.416779],[-72.904429,4.418325]]}},{"type":"Feature","properties":{"linea":"231-13-158","parcela":"231-13","palmas":20},"geometry":{"type":"LineString","coordinates":[[-72.904501,4.416819],[-72.904499,4.418366]]}},{"type":"Feature","properties":{"linea":"231-13-159","parcela":"231-13","palmas":20},"geometry":{"type":"LineString","coordinates":[[-72.904572,4.416779],[-72.904569,4.418325]]}},{"type":"Feature","properties":{"linea":"231-13-160","parcela":"231-13","palmas":20},"geometry":{"type":"LineString","coordinates":[[-72.904642,4.41682],[-72.904639,4.418366]]}},{"type":"Feature","properties":{"linea":"231-13-161","parcela":"231-13","palmas":20},"geometry":{"type":"LineString","coordinates":[[-72.904709,4.418325],[-72.904712,4.416779]]}},{"type":"Feature","properties":{"linea":"231-13-162","parcela":"231-13","palmas":21},"geometry":{"type":"LineString","coordinates":[[-72.90478,4.418366],[-72.904782,4.416739]]}},{"type":"Feature","properties":{"linea":"231-13-163","parcela":"231-13","palmas":20},"geometry":{"type":"LineString","coordinates":[[-72.90485,4.418326],[-72.904853,4.416779]]}},{"type":"Feature","properties":{"linea":"231-13-164","parcela":"231-13","palmas":20},"geometry":{"type":"LineString","coordinates":[[-72.90492,4.418366],[-72.904923,4.41682]]}},{"type":"Feature","properties":{"linea":"231-13-165","parcela":"231-13","palmas":20},"geometry":{"type":"LineString","coordinates":[[-72.90499,4.418326],[-72.904993,4.41678]]}},{"type":"Feature","properties":{"linea":"231-13-166","parcela":"231-13","palmas":21},"geometry":{"type":"LineString","coordinates":[[-72.905061,4.418366],[-72.905063,4.416739]]}},{"type":"Feature","properties":{"linea":"231-13-167","parcela":"231-13","palmas":20},"geometry":{"type":"LineString","coordinates":[[-72.905131,4.418326],[-72.905133,4.41678]]}},{"type":"Feature","properties":{"linea":"231-13-168","parcela":"231-13","palmas":20},"geometry":{"type":"LineString","coordinates":[[-72.905201,4.418367],[-72.905203,4.416821]]}},{"type":"Feature","properties":{"linea":"231-13-169","parcela":"231-13","palmas":20},"geometry":{"type":"LineString","coordinates":[[-72.905271,4.418326],[-72.905274,4.41678]]}},{"type":"Feature","properties":{"linea":"231-13-170","parcela":"231-13","palmas":21},"geometry":{"type":"LineString","coordinates":[[-72.905341,4.418367],[-72.905344,4.416739]]}},{"type":"Feature","properties":{"linea":"231-13-171","parcela":"231-13","palmas":20},"geometry":{"type":"LineString","coordinates":[[-72.905412,4.418326],[-72.905414,4.41678]]}},{"type":"Feature","properties":{"linea":"231-13-172","parcela":"231-13","palmas":21},"geometry":{"type":"LineString","coordinates":[[-72.905482,4.418367],[-72.905484,4.41674]]}},{"type":"Feature","properties":{"linea":"231-13-173","parcela":"231-13","palmas":20},"geometry":{"type":"LineString","coordinates":[[-72.905552,4.418327],[-72.905554,4.416781]]}},{"type":"Feature","properties":{"linea":"231-13-174","parcela":"231-13","palmas":21},"geometry":{"type":"LineString","coordinates":[[-72.905622,4.418368],[-72.905625,4.41674]]}},{"type":"Feature","properties":{"linea":"231-13-175","parcela":"231-13","palmas":20},"geometry":{"type":"LineString","coordinates":[[-72.905693,4.418327],[-72.905695,4.416781]]}},{"type":"Feature","properties":{"linea":"231-13-176","parcela":"231-13","palmas":21},"geometry":{"type":"LineString","coordinates":[[-72.905763,4.418368],[-72.905765,4.41674]]}},{"type":"Feature","properties":{"linea":"231-13-177","parcela":"231-13","palmas":20},"geometry":{"type":"LineString","coordinates":[[-72.905833,4.418327],[-72.905835,4.416781]]}},{"type":"Feature","properties":{"linea":"231-13-178","parcela":"231-13","palmas":21},"geometry":{"type":"LineString","coordinates":[[-72.905903,4.418368],[-72.905906,4.41674]]}},{"type":"Feature","properties":{"linea":"231-13-179","parcela":"231-13","palmas":20},"geometry":{"type":"LineString","coordinates":[[-72.905973,4.418327],[-72.905976,4.416781]]}},{"type":"Feature","properties":{"linea":"231-13-180","parcela":"231-13","palmas":21},"geometry":{"type":"LineString","coordinates":[[-72.906044,4.418368],[-72.906046,4.416741]]}},{"type":"Feature","properties":{"linea":"231-13-181","parcela":"231-13","palmas":20},"geometry":{"type":"LineString","coordinates":[[-72.906114,4.418328],[-72.906116,4.416781]]}},{"type":"Feature","properties":{"linea":"231-13-182","parcela":"231-13","palmas":21},"geometry":{"type":"LineString","coordinates":[[-72.906184,4.418368],[-72.906186,4.416741]]}},{"type":"Feature","properties":{"linea":"231-13-183","parcela":"231-13","palmas":20},"geometry":{"type":"LineString","coordinates":[[-72.906254,4.418328],[-72.906257,4.416782]]}},{"type":"Feature","properties":{"linea":"231-13-184","parcela":"231-13","palmas":21},"geometry":{"type":"LineString","coordinates":[[-72.906324,4.418368],[-72.906327,4.416741]]}},{"type":"Feature","properties":{"linea":"231-13-185","parcela":"231-13","palmas":20},"geometry":{"type":"LineString","coordinates":[[-72.906395,4.418328],[-72.906397,4.416782]]}},{"type":"Feature","properties":{"linea":"231-13-186","parcela":"231-13","palmas":21},"geometry":{"type":"LineString","coordinates":[[-72.906465,4.418369],[-72.906467,4.416741]]}},{"type":"Feature","properties":{"linea":"231-13-187","parcela":"231-13","palmas":21},"geometry":{"type":"LineString","coordinates":[[-72.906535,4.418328],[-72.906537,4.416701]]}},{"type":"Feature","properties":{"linea":"231-13-188","parcela":"231-13","palmas":22},"geometry":{"type":"LineString","coordinates":[[-72.906605,4.418369],[-72.906608,4.41666]]}},{"type":"Feature","properties":{"linea":"231-13-189","parcela":"231-13","palmas":22},"geometry":{"type":"LineString","coordinates":[[-72.906676,4.418328],[-72.906678,4.416619]]}},{"type":"Feature","properties":{"linea":"231-13-190","parcela":"231-13","palmas":23},"geometry":{"type":"LineString","coordinates":[[-72.906746,4.418369],[-72.906748,4.416579]]}},{"type":"Feature","properties":{"linea":"231-13-191","parcela":"231-13","palmas":23},"geometry":{"type":"LineString","coordinates":[[-72.906816,4.418329],[-72.906819,4.416538]]}},{"type":"Feature","properties":{"linea":"231-13-192","parcela":"231-13","palmas":25},"geometry":{"type":"LineString","coordinates":[[-72.906886,4.418369],[-72.906889,4.416416]]}},{"type":"Feature","properties":{"linea":"231-13-193","parcela":"231-13","palmas":25},"geometry":{"type":"LineString","coordinates":[[-72.906956,4.418329],[-72.906959,4.416376]]}},{"type":"Feature","properties":{"linea":"231-13-194","parcela":"231-13","palmas":26},"geometry":{"type":"LineString","coordinates":[[-72.907026,4.418369],[-72.90703,4.416335]]}},{"type":"Feature","properties":{"linea":"231-13-195","parcela":"231-13","palmas":27},"geometry":{"type":"LineString","coordinates":[[-72.907097,4.418329],[-72.9071,4.416213]]}},{"type":"Feature","properties":{"linea":"231-13-196","parcela":"231-13","palmas":27},"geometry":{"type":"LineString","coordinates":[[-72.907167,4.418288],[-72.90717,4.416173]]}},{"type":"Feature","properties":{"linea":"231-13-197","parcela":"231-13","palmas":26},"geometry":{"type":"LineString","coordinates":[[-72.907238,4.418085],[-72.907241,4.416051]]}},{"type":"Feature","properties":{"linea":"231-13-198","parcela":"231-13","palmas":26},"geometry":{"type":"LineString","coordinates":[[-72.907308,4.418044],[-72.907311,4.41601]]}},{"type":"Feature","properties":{"linea":"231-13-199","parcela":"231-13","palmas":26},"geometry":{"type":"LineString","coordinates":[[-72.907378,4.418004],[-72.907381,4.41597]]}},{"type":"Feature","properties":{"linea":"231-13-200","parcela":"231-13","palmas":25},"geometry":{"type":"LineString","coordinates":[[-72.907448,4.417882],[-72.907451,4.415929]]}},{"type":"Feature","properties":{"linea":"231-13-201","parcela":"231-13","palmas":24},"geometry":{"type":"LineString","coordinates":[[-72.907519,4.41776],[-72.907522,4.415889]]}},{"type":"Feature","properties":{"linea":"231-13-202","parcela":"231-13","palmas":23},"geometry":{"type":"LineString","coordinates":[[-72.907589,4.417638],[-72.907592,4.415848]]}},{"type":"Feature","properties":{"linea":"231-13-203","parcela":"231-13","palmas":22},"geometry":{"type":"LineString","coordinates":[[-72.90766,4.417516],[-72.907662,4.415808]]}},{"type":"Feature","properties":{"linea":"231-13-204","parcela":"231-13","palmas":22},"geometry":{"type":"LineString","coordinates":[[-72.90773,4.417476],[-72.907733,4.415767]]}},{"type":"Feature","properties":{"linea":"231-13-205","parcela":"231-13","palmas":20},"geometry":{"type":"LineString","coordinates":[[-72.907801,4.417272],[-72.907803,4.415726]]}},{"type":"Feature","properties":{"linea":"231-13-206","parcela":"231-13","palmas":20},"geometry":{"type":"LineString","coordinates":[[-72.907871,4.417232],[-72.907873,4.415686]]}},{"type":"Feature","properties":{"linea":"231-13-207","parcela":"231-13","palmas":19},"geometry":{"type":"LineString","coordinates":[[-72.907941,4.41711],[-72.907943,4.415645]]}},{"type":"Feature","properties":{"linea":"231-13-208","parcela":"231-13","palmas":19},"geometry":{"type":"LineString","coordinates":[[-72.908011,4.416988],[-72.908014,4.415604]]}},{"type":"Feature","properties":{"linea":"231-13-209","parcela":"231-13","palmas":17},"geometry":{"type":"LineString","coordinates":[[-72.908082,4.416866],[-72.908084,4.415564]]}},{"type":"Feature","properties":{"linea":"231-13-210","parcela":"231-13","palmas":16},"geometry":{"type":"LineString","coordinates":[[-72.908152,4.416744],[-72.908154,4.415523]]}},{"type":"Feature","properties":{"linea":"231-13-211","parcela":"231-13","palmas":15},"geometry":{"type":"LineString","coordinates":[[-72.908223,4.416622],[-72.908224,4.415483]]}},{"type":"Feature","properties":{"linea":"231-13-212","parcela":"231-13","palmas":14},"geometry":{"type":"LineString","coordinates":[[-72.908293,4.4165],[-72.908295,4.415442]]}},{"type":"Feature","properties":{"linea":"231-13-213","parcela":"231-13","palmas":13},"geometry":{"type":"LineString","coordinates":[[-72.908364,4.416378],[-72.908365,4.415402]]}},{"type":"Feature","properties":{"linea":"231-13-214","parcela":"231-13","palmas":12},"geometry":{"type":"LineString","coordinates":[[-72.908434,4.416256],[-72.908435,4.415361]]}},{"type":"Feature","properties":{"linea":"231-13-215","parcela":"231-13","palmas":11},"geometry":{"type":"LineString","coordinates":[[-72.908504,4.416134],[-72.908506,4.415321]]}},{"type":"Feature","properties":{"linea":"231-13-216","parcela":"231-13","palmas":10},"geometry":{"type":"LineString","coordinates":[[-72.908575,4.416012],[-72.908576,4.41528]]}},{"type":"Feature","properties":{"linea":"231-13-217","parcela":"231-13","palmas":9},"geometry":{"type":"LineString","coordinates":[[-72.908645,4.41589],[-72.908646,4.415239]]}},{"type":"Feature","properties":{"linea":"231-13-218","parcela":"231-13","palmas":8},"geometry":{"type":"LineString","coordinates":[[-72.908716,4.415768],[-72.908716,4.415199]]}},{"type":"Feature","properties":{"linea":"231-13-219","parcela":"231-13","palmas":7},"geometry":{"type":"LineString","coordinates":[[-72.908786,4.415646],[-72.908787,4.415158]]}},{"type":"Feature","properties":{"linea":"231-13-220","parcela":"231-13","palmas":6},"geometry":{"type":"LineString","coordinates":[[-72.908856,4.415524],[-72.908857,4.415118]]}},{"type":"Feature","properties":{"linea":"231-13-221","parcela":"231-13","palmas":5},"geometry":{"type":"LineString","coordinates":[[-72.908927,4.415403],[-72.908927,4.415077]]}},{"type":"Feature","properties":{"linea":"231-13-222","parcela":"231-13","palmas":4},"geometry":{"type":"LineString","coordinates":[[-72.908997,4.415281],[-72.908998,4.415036]]}},{"type":"Feature","properties":{"linea":"231-13-223","parcela":"231-13","palmas":3},"geometry":{"type":"LineString","coordinates":[[-72.909068,4.415159],[-72.909068,4.414996]]}},{"type":"Feature","properties":{"linea":"231-13-224","parcela":"231-13","palmas":2},"geometry":{"type":"LineString","coordinates":[[-72.909138,4.415037],[-72.909138,4.414955]]}},{"type":"Feature","properties":{"linea":"231-13-226","parcela":"231-13","palmas":4},"geometry":{"type":"LineString","coordinates":[[-72.907026,4.418451],[-72.907026,4.418695]]}},{"type":"Feature","properties":{"linea":"231-13-227","parcela":"231-13","palmas":4},"geometry":{"type":"LineString","coordinates":[[-72.906956,4.418492],[-72.906956,4.418736]]}},{"type":"Feature","properties":{"linea":"231-13-228","parcela":"231-13","palmas":6},"geometry":{"type":"LineString","coordinates":[[-72.906886,4.418451],[-72.906885,4.418858]]}},{"type":"Feature","properties":{"linea":"231-13-229","parcela":"231-13","palmas":7},"geometry":{"type":"LineString","coordinates":[[-72.906816,4.418491],[-72.906815,4.418979]]}},{"type":"Feature","properties":{"linea":"231-13-230","parcela":"231-13","palmas":9},"geometry":{"type":"LineString","coordinates":[[-72.906746,4.418451],[-72.906744,4.419101]]}},{"type":"Feature","properties":{"linea":"231-13-231","parcela":"231-13","palmas":10},"geometry":{"type":"LineString","coordinates":[[-72.906675,4.418491],[-72.906674,4.419223]]}},{"type":"Feature","properties":{"linea":"231-13-232","parcela":"231-13","palmas":12},"geometry":{"type":"LineString","coordinates":[[-72.906605,4.41845],[-72.906604,4.419345]]}},{"type":"Feature","properties":{"linea":"231-13-233","parcela":"231-13","palmas":13},"geometry":{"type":"LineString","coordinates":[[-72.906535,4.418491],[-72.906533,4.419467]]}},{"type":"Feature","properties":{"linea":"231-13-234","parcela":"231-13","palmas":15},"geometry":{"type":"LineString","coordinates":[[-72.906465,4.41845],[-72.906463,4.419589]]}},{"type":"Feature","properties":{"linea":"231-13-235","parcela":"231-13","palmas":16},"geometry":{"type":"LineString","coordinates":[[-72.906394,4.418491],[-72.906393,4.419711]]}},{"type":"Feature","properties":{"linea":"231-13-236","parcela":"231-13","palmas":18},"geometry":{"type":"LineString","coordinates":[[-72.906324,4.41845],[-72.906322,4.419833]]}},{"type":"Feature","properties":{"linea":"231-13-237","parcela":"231-13","palmas":19},"geometry":{"type":"LineString","coordinates":[[-72.906254,4.418491],[-72.906252,4.419955]]}},{"type":"Feature","properties":{"linea":"231-13-238","parcela":"231-13","palmas":21},"geometry":{"type":"LineString","coordinates":[[-72.906184,4.41845],[-72.906181,4.420077]]}},{"type":"Feature","properties":{"linea":"231-13-239","parcela":"231-13","palmas":22},"geometry":{"type":"LineString","coordinates":[[-72.906114,4.41849],[-72.906111,4.420199]]}},{"type":"Feature","properties":{"linea":"231-13-240","parcela":"231-13","palmas":24},"geometry":{"type":"LineString","coordinates":[[-72.906043,4.418449],[-72.90604,4.420321]]}},{"type":"Feature","properties":{"linea":"231-13-241","parcela":"231-13","palmas":25},"geometry":{"type":"LineString","coordinates":[[-72.905973,4.41849],[-72.90597,4.420443]]}},{"type":"Feature","properties":{"linea":"231-13-242","parcela":"231-13","palmas":27},"geometry":{"type":"LineString","coordinates":[[-72.905903,4.418449],[-72.9059,4.420565]]}},{"type":"Feature","properties":{"linea":"231-13-243","parcela":"231-13","palmas":28},"geometry":{"type":"LineString","coordinates":[[-72.905833,4.41849],[-72.905829,4.420687]]}},{"type":"Feature","properties":{"linea":"231-13-244","parcela":"231-13","palmas":30},"geometry":{"type":"LineString","coordinates":[[-72.905763,4.418449],[-72.905759,4.420809]]}},{"type":"Feature","properties":{"linea":"231-13-245","parcela":"231-13","palmas":31},"geometry":{"type":"LineString","coordinates":[[-72.905692,4.418489],[-72.905688,4.420931]]}},{"type":"Feature","properties":{"linea":"231-13-246","parcela":"231-13","palmas":32},"geometry":{"type":"LineString","coordinates":[[-72.905622,4.418449],[-72.905618,4.420971]]}},{"type":"Feature","properties":{"linea":"231-13-247","parcela":"231-13","palmas":31},"geometry":{"type":"LineString","coordinates":[[-72.905552,4.418489],[-72.905548,4.420931]]}},{"type":"Feature","properties":{"linea":"231-13-248","parcela":"231-13","palmas":31},"geometry":{"type":"LineString","coordinates":[[-72.905482,4.418449],[-72.905478,4.42089]]}},{"type":"Feature","properties":{"linea":"231-13-249","parcela":"231-13","palmas":30},"geometry":{"type":"LineString","coordinates":[[-72.905411,4.418489],[-72.905408,4.420849]]}},{"type":"Feature","properties":{"linea":"231-13-250","parcela":"231-13","palmas":30},"geometry":{"type":"LineString","coordinates":[[-72.905341,4.418448],[-72.905338,4.420808]]}},{"type":"Feature","properties":{"linea":"231-13-251","parcela":"231-13","palmas":29},"geometry":{"type":"LineString","coordinates":[[-72.905271,4.418489],[-72.905268,4.420767]]}},{"type":"Feature","properties":{"linea":"231-13-252","parcela":"231-13","palmas":29},"geometry":{"type":"LineString","coordinates":[[-72.905201,4.418448],[-72.905197,4.420726]]}},{"type":"Feature","properties":{"linea":"231-13-253","parcela":"231-13","palmas":28},"geometry":{"type":"LineString","coordinates":[[-72.905131,4.418489],[-72.905127,4.420686]]}},{"type":"Feature","properties":{"linea":"231-13-254","parcela":"231-13","palmas":28},"geometry":{"type":"LineString","coordinates":[[-72.905061,4.418448],[-72.905057,4.420645]]}},{"type":"Feature","properties":{"linea":"231-13-255","parcela":"231-13","palmas":27},"geometry":{"type":"LineString","coordinates":[[-72.90499,4.418488],[-72.904987,4.420604]]}},{"type":"Feature","properties":{"linea":"231-13-256","parcela":"231-13","palmas":27},"geometry":{"type":"LineString","coordinates":[[-72.90492,4.418448],[-72.904917,4.420563]]}},{"type":"Feature","properties":{"linea":"231-13-257","parcela":"231-13","palmas":27},"geometry":{"type":"LineString","coordinates":[[-72.90485,4.418488],[-72.904846,4.420604]]}},{"type":"Feature","properties":{"linea":"231-13-258","parcela":"231-13","palmas":27},"geometry":{"type":"LineString","coordinates":[[-72.90478,4.418448],[-72.904776,4.420563]]}},{"type":"Feature","properties":{"linea":"231-13-259","parcela":"231-13","palmas":26},"geometry":{"type":"LineString","coordinates":[[-72.904709,4.418488],[-72.904706,4.420522]]}},{"type":"Feature","properties":{"linea":"231-13-260","parcela":"231-13","palmas":26},"geometry":{"type":"LineString","coordinates":[[-72.904639,4.418447],[-72.904636,4.420481]]}},{"type":"Feature","properties":{"linea":"231-13-261","parcela":"231-13","palmas":25},"geometry":{"type":"LineString","coordinates":[[-72.904569,4.418488],[-72.904566,4.420441]]}},{"type":"Feature","properties":{"linea":"231-13-262","parcela":"231-13","palmas":25},"geometry":{"type":"LineString","coordinates":[[-72.904499,4.418447],[-72.904496,4.4204]]}},{"type":"Feature","properties":{"linea":"231-13-263","parcela":"231-13","palmas":24},"geometry":{"type":"LineString","coordinates":[[-72.904429,4.418488],[-72.904426,4.420359]]}},{"type":"Feature","properties":{"linea":"231-13-264","parcela":"231-13","palmas":24},"geometry":{"type":"LineString","coordinates":[[-72.904358,4.418447],[-72.904355,4.420318]]}},{"type":"Feature","properties":{"linea":"231-13-265","parcela":"231-13","palmas":23},"geometry":{"type":"LineString","coordinates":[[-72.904288,4.418487],[-72.904285,4.420278]]}},{"type":"Feature","properties":{"linea":"231-13-266","parcela":"231-13","palmas":23},"geometry":{"type":"LineString","coordinates":[[-72.904218,4.418446],[-72.904215,4.420237]]}},{"type":"Feature","properties":{"linea":"231-13-267","parcela":"231-13","palmas":22},"geometry":{"type":"LineString","coordinates":[[-72.904148,4.418487],[-72.904145,4.420196]]}},{"type":"Feature","properties":{"linea":"231-13-268","parcela":"231-13","palmas":22},"geometry":{"type":"LineString","coordinates":[[-72.904077,4.418446],[-72.904075,4.420155]]}},{"type":"Feature","properties":{"linea":"231-13-269","parcela":"231-13","palmas":21},"geometry":{"type":"LineString","coordinates":[[-72.904007,4.418487],[-72.904005,4.420114]]}},{"type":"Feature","properties":{"linea":"231-13-270","parcela":"231-13","palmas":21},"geometry":{"type":"LineString","coordinates":[[-72.903937,4.418446],[-72.903934,4.420074]]}},{"type":"Feature","properties":{"linea":"231-13-271","parcela":"231-13","palmas":20},"geometry":{"type":"LineString","coordinates":[[-72.903867,4.418487],[-72.903864,4.420033]]}},{"type":"Feature","properties":{"linea":"231-13-272","parcela":"231-13","palmas":20},"geometry":{"type":"LineString","coordinates":[[-72.903797,4.418446],[-72.903794,4.419992]]}},{"type":"Feature","properties":{"linea":"231-13-273","parcela":"231-13","palmas":19},"geometry":{"type":"LineString","coordinates":[[-72.903726,4.418486],[-72.903724,4.419951]]}},{"type":"Feature","properties":{"linea":"231-13-274","parcela":"231-13","palmas":20},"geometry":{"type":"LineString","coordinates":[[-72.903656,4.418446],[-72.903654,4.419992]]}},{"type":"Feature","properties":{"linea":"231-13-275","parcela":"231-13","palmas":19},"geometry":{"type":"LineString","coordinates":[[-72.903586,4.418486],[-72.903584,4.419951]]}},{"type":"Feature","properties":{"linea":"231-13-276","parcela":"231-13","palmas":19},"geometry":{"type":"LineString","coordinates":[[-72.903516,4.418445],[-72.903514,4.41991]]}},{"type":"Feature","properties":{"linea":"231-13-277","parcela":"231-13","palmas":18},"geometry":{"type":"LineString","coordinates":[[-72.903446,4.418486],[-72.903443,4.419869]]}},{"type":"Feature","properties":{"linea":"231-13-278","parcela":"231-13","palmas":18},"geometry":{"type":"LineString","coordinates":[[-72.903375,4.418445],[-72.903373,4.419829]]}},{"type":"Feature","properties":{"linea":"231-13-279","parcela":"231-13","palmas":17},"geometry":{"type":"LineString","coordinates":[[-72.903305,4.418486],[-72.903303,4.419788]]}},{"type":"Feature","properties":{"linea":"231-13-280","parcela":"231-13","palmas":17},"geometry":{"type":"LineString","coordinates":[[-72.903235,4.418445],[-72.903233,4.419747]]}},{"type":"Feature","properties":{"linea":"231-13-281","parcela":"231-13","palmas":16},"geometry":{"type":"LineString","coordinates":[[-72.903165,4.418486],[-72.903163,4.419706]]}},{"type":"Feature","properties":{"linea":"231-13-282","parcela":"231-13","palmas":16},"geometry":{"type":"LineString","coordinates":[[-72.903094,4.418445],[-72.903093,4.419665]]}},{"type":"Feature","properties":{"linea":"231-13-283","parcela":"231-13","palmas":15},"geometry":{"type":"LineString","coordinates":[[-72.903024,4.418485],[-72.903023,4.419624]]}},{"type":"Feature","properties":{"linea":"231-13-284","parcela":"231-13","palmas":15},"geometry":{"type":"LineString","coordinates":[[-72.902954,4.418444],[-72.902952,4.419584]]}},{"type":"Feature","properties":{"linea":"231-13-285","parcela":"231-13","palmas":14},"geometry":{"type":"LineString","coordinates":[[-72.902884,4.418485],[-72.902882,4.419543]]}},{"type":"Feature","properties":{"linea":"231-13-286","parcela":"231-13","palmas":14},"geometry":{"type":"LineString","coordinates":[[-72.902814,4.418444],[-72.902812,4.419502]]}},{"type":"Feature","properties":{"linea":"231-13-287","parcela":"231-13","palmas":13},"geometry":{"type":"LineString","coordinates":[[-72.902743,4.418485],[-72.902742,4.419461]]}},{"type":"Feature","properties":{"linea":"231-13-288","parcela":"231-13","palmas":13},"geometry":{"type":"LineString","coordinates":[[-72.902673,4.418444],[-72.902672,4.419421]]}},{"type":"Feature","properties":{"linea":"231-13-289","parcela":"231-13","palmas":12},"geometry":{"type":"LineString","coordinates":[[-72.902603,4.418485],[-72.902602,4.41938]]}},{"type":"Feature","properties":{"linea":"231-13-290","parcela":"231-13","palmas":12},"geometry":{"type":"LineString","coordinates":[[-72.902533,4.418444],[-72.902531,4.419339]]}},{"type":"Feature","properties":{"linea":"231-13-291","parcela":"231-13","palmas":12},"geometry":{"type":"LineString","coordinates":[[-72.902462,4.418484],[-72.902461,4.419379]]}},{"type":"Feature","properties":{"linea":"231-13-292","parcela":"231-13","palmas":12},"geometry":{"type":"LineString","coordinates":[[-72.902393,4.418444],[-72.902391,4.419339]]}},{"type":"Feature","properties":{"linea":"231-13-293","parcela":"231-13","palmas":11},"geometry":{"type":"LineString","coordinates":[[-72.902322,4.418484],[-72.902321,4.419298]]}},{"type":"Feature","properties":{"linea":"231-13-294","parcela":"231-13","palmas":11},"geometry":{"type":"LineString","coordinates":[[-72.902252,4.418443],[-72.902251,4.419257]]}},{"type":"Feature","properties":{"linea":"231-13-295","parcela":"231-13","palmas":10},"geometry":{"type":"LineString","coordinates":[[-72.902182,4.418484],[-72.902181,4.419216]]}},{"type":"Feature","properties":{"linea":"231-13-296","parcela":"231-13","palmas":10},"geometry":{"type":"LineString","coordinates":[[-72.902112,4.418443],[-72.902111,4.419176]]}},{"type":"Feature","properties":{"linea":"231-13-297","parcela":"231-13","palmas":9},"geometry":{"type":"LineString","coordinates":[[-72.902041,4.418484],[-72.90204,4.419135]]}},{"type":"Feature","properties":{"linea":"231-13-298","parcela":"231-13","palmas":9},"geometry":{"type":"LineString","coordinates":[[-72.901971,4.418443],[-72.90197,4.419094]]}},{"type":"Feature","properties":{"linea":"231-13-299","parcela":"231-13","palmas":8},"geometry":{"type":"LineString","coordinates":[[-72.901901,4.418484],[-72.9019,4.419053]]}},{"type":"Feature","properties":{"linea":"231-13-300","parcela":"231-13","palmas":8},"geometry":{"type":"LineString","coordinates":[[-72.901831,4.418443],[-72.90183,4.419012]]}},{"type":"Feature","properties":{"linea":"231-13-301","parcela":"231-13","palmas":7},"geometry":{"type":"LineString","coordinates":[[-72.901761,4.418483],[-72.90176,4.418972]]}},{"type":"Feature","properties":{"linea":"231-13-302","parcela":"231-13","palmas":7},"geometry":{"type":"LineString","coordinates":[[-72.90169,4.418443],[-72.90169,4.418931]]}},{"type":"Feature","properties":{"linea":"231-13-303","parcela":"231-13","palmas":6},"geometry":{"type":"LineString","coordinates":[[-72.90162,4.418483],[-72.901619,4.41889]]}},{"type":"Feature","properties":{"linea":"231-13-304","parcela":"231-13","palmas":6},"geometry":{"type":"LineString","coordinates":[[-72.90155,4.418442],[-72.901549,4.418849]]}},{"type":"Feature","properties":{"linea":"231-13-305","parcela":"231-13","palmas":6},"geometry":{"type":"LineString","coordinates":[[-72.90148,4.418483],[-72.901479,4.41889]]}},{"type":"Feature","properties":{"linea":"231-13-306","parcela":"231-13","palmas":6},"geometry":{"type":"LineString","coordinates":[[-72.901409,4.418442],[-72.901409,4.418849]]}},{"type":"Feature","properties":{"linea":"231-13-307","parcela":"231-13","palmas":5},"geometry":{"type":"LineString","coordinates":[[-72.901339,4.418483],[-72.901339,4.418808]]}},{"type":"Feature","properties":{"linea":"231-13-308","parcela":"231-13","palmas":5},"geometry":{"type":"LineString","coordinates":[[-72.901269,4.418442],[-72.901269,4.418767]]}},{"type":"Feature","properties":{"linea":"231-13-309","parcela":"231-13","palmas":4},"geometry":{"type":"LineString","coordinates":[[-72.901199,4.418483],[-72.901199,4.418726]]}},{"type":"Feature","properties":{"linea":"231-13-310","parcela":"231-13","palmas":4},"geometry":{"type":"LineString","coordinates":[[-72.901129,4.418442],[-72.901128,4.418686]]}},{"type":"Feature","properties":{"linea":"231-13-311","parcela":"231-13","palmas":3},"geometry":{"type":"LineString","coordinates":[[-72.901058,4.418482],[-72.901058,4.418645]]}},{"type":"Feature","properties":{"linea":"231-13-312","parcela":"231-13","palmas":3},"geometry":{"type":"LineString","coordinates":[[-72.900988,4.418441],[-72.900988,4.418604]]}},{"type":"Feature","properties":{"linea":"231-13-313","parcela":"231-13","palmas":2},"geometry":{"type":"LineString","coordinates":[[-72.900918,4.418482],[-72.900918,4.418563]]}},{"type":"Feature","properties":{"linea":"231-13-314","parcela":"231-13","palmas":2},"geometry":{"type":"LineString","coordinates":[[-72.900848,4.418441],[-72.900848,4.418522]]}}]}