{"type":"FeatureCollection","features":[{"type":"Feature","properties":{"linea":"6-1-1","parcela":"6-1","palmas":4},"geometry":{"type":"LineString","coordinates":[[-72.997165,4.48721],[-72.997648,4.486911]]}},{"type":"Feature","properties":{"linea":"6-1-2","parcela":"6-1","palmas":5},"geometry":{"type":"LineString","coordinates":[[-72.997167,4.487291],[-72.997719,4.48695]]}},{"type":"Feature","properties":{"linea":"6-1-3","parcela":"6-1","palmas":6},"geometry":{"type":"LineString","coordinates":[[-72.997169,4.487373],[-72.997791,4.486988]]}},{"type":"Feature","properties":{"linea":"6-1-4","parcela":"6-1","palmas":9},"geometry":{"type":"LineString","coordinates":[[-72.997172,4.487454],[-72.997862,4.487027]]}},{"type":"Feature","properties":{"linea":"6-1-5","parcela":"6-1","palmas":9},"geometry":{"type":"LineString","coordinates":[[-72.997243,4.487493],[-72.997934,4.487066]]}},{"type":"Feature","properties":{"linea":"6-1-6","parcela":"6-1","palmas":10},"geometry":{"type":"LineString","coordinates":[[-72.997314,4.487531],[-72.998005,4.487104]]}},{"type":"Feature","properties":{"linea":"6-1-7","parcela":"6-1","palmas":10},"geometry":{"type":"LineString","coordinates":[[-72.997386,4.48757],[-72.998007,4.487186]]}},{"type":"Feature","properties":{"linea":"6-1-8","parcela":"6-1","palmas":10},"geometry":{"type":"LineString","coordinates":[[-72.997457,4.487608],[-72.998079,4.487224]]}},{"type":"Feature","properties":{"linea":"6-1-9","parcela":"6-1","palmas":11},"geometry":{"type":"LineString","coordinates":[[-72.997459,4.48769],[-72.99815,4.487263]]}},{"type":"Feature","properties":{"linea":"6-1-10","parcela":"6-1","palmas":10},"geometry":{"type":"LineString","coordinates":[[-72.997531,4.487728],[-72.998152,4.487344]]}},{"type":"Feature","properties":{"linea":"6-1-11","parcela":"6-1","palmas":11},"geometry":{"type":"LineString","coordinates":[[-72.997533,4.48781],[-72.998224,4.487383]]}},{"type":"Feature","properties":{"linea":"6-1-12","parcela":"6-1","palmas":11},"geometry":{"type":"LineString","coordinates":[[-72.997604,4.487848],[-72.998295,4.487422]]}},{"type":"Feature","properties":{"linea":"6-1-13","parcela":"6-1","palmas":12},"geometry":{"type":"LineString","coordinates":[[-72.997607,4.48793],[-72.998366,4.48746]]}},{"type":"Feature","properties":{"linea":"6-1-14","parcela":"6-1","palmas":11},"geometry":{"type":"LineString","coordinates":[[-72.997678,4.487968],[-72.998369,4.487542]]}},{"type":"Feature","properties":{"linea":"6-1-15","parcela":"6-1","palmas":12},"geometry":{"type":"LineString","coordinates":[[-72.997681,4.48805],[-72.99844,4.48758]]}},{"type":"Feature","properties":{"linea":"6-1-16","parcela":"6-1","palmas":15},"geometry":{"type":"LineString","coordinates":[[-72.997269,4.488387],[-72.998511,4.487619]]}},{"type":"Feature","properties":{"linea":"6-1-17","parcela":"6-1","palmas":19},"geometry":{"type":"LineString","coordinates":[[-72.997202,4.488511],[-72.998582,4.487658]]}},{"type":"Feature","properties":{"linea":"6-1-18","parcela":"6-1","palmas":22},"geometry":{"type":"LineString","coordinates":[[-72.997204,4.488593],[-72.998654,4.487696]]}},{"type":"Feature","properties":{"linea":"6-1-19","parcela":"6-1","palmas":23},"geometry":{"type":"LineString","coordinates":[[-72.997206,4.488674],[-72.998725,4.487735]]}},{"type":"Feature","properties":{"linea":"6-1-20","parcela":"6-1","palmas":23},"geometry":{"type":"LineString","coordinates":[[-72.997209,4.488755],[-72.998728,4.487816]]}},{"type":"Feature","properties":{"linea":"6-1-21","parcela":"6-1","palmas":24},"geometry":{"type":"LineString","coordinates":[[-72.997211,4.488836],[-72.998799,4.487855]]}},{"type":"Feature","properties":{"linea":"6-1-22","parcela":"6-1","palmas":24},"geometry":{"type":"LineString","coordinates":[[-72.997213,4.488918],[-72.998801,4.487936]]}},{"type":"Feature","properties":{"linea":"6-1-23","parcela":"6-1","palmas":25},"geometry":{"type":"LineString","coordinates":[[-72.997216,4.488999],[-72.998873,4.487975]]}},{"type":"Feature","properties":{"linea":"6-1-24","parcela":"6-1","palmas":24},"geometry":{"type":"LineString","coordinates":[[-72.997287,4.489038],[-72.998875,4.488056]]}},{"type":"Feature","properties":{"linea":"6-1-25","parcela":"6-1","palmas":25},"geometry":{"type":"LineString","coordinates":[[-72.99722,4.489162],[-72.998877,4.488137]]}},{"type":"Feature","properties":{"linea":"6-1-26","parcela":"6-1","palmas":26},"geometry":{"type":"LineString","coordinates":[[-72.997223,4.489243],[-72.998949,4.488176]]}},{"type":"Feature","properties":{"linea":"6-1-27","parcela":"6-1","palmas":27},"geometry":{"type":"LineString","coordinates":[[-72.997225,4.489324],[-72.99902,4.488215]]}},{"type":"Feature","properties":{"linea":"6-1-28","parcela":"6-1","palmas":28},"geometry":{"type":"LineString","coordinates":[[-72.997227,4.489406],[-72.999091,4.488254]]}},{"type":"Feature","properties":{"linea":"6-1-29","parcela":"6-1","palmas":28},"geometry":{"type":"LineString","coordinates":[[-72.997229,4.489487],[-72.999094,4.488335]]}},{"type":"Feature","properties":{"linea":"6-1-30","parcela":"6-1","palmas":28},"geometry":{"type":"LineString","coordinates":[[-72.997301,4.489526],[-72.999165,4.488374]]}},{"type":"Feature","properties":{"linea":"6-1-31","parcela":"6-1","palmas":30},"geometry":{"type":"LineString","coordinates":[[-72.997234,4.48965],[-72.999236,4.488412]]}},{"type":"Feature","properties":{"linea":"6-1-32","parcela":"6-1","palmas":30},"geometry":{"type":"LineString","coordinates":[[-72.997236,4.489731],[-72.999239,4.488494]]}},{"type":"Feature","properties":{"linea":"6-1-33","parcela":"6-1","palmas":30},"geometry":{"type":"LineString","coordinates":[[-72.997239,4.489813],[-72.999241,4.488575]]}},{"type":"Feature","properties":{"linea":"6-1-34","parcela":"6-1","palmas":30},"geometry":{"type":"LineString","coordinates":[[-72.997241,4.489894],[-72.999243,4.488656]]}},{"type":"Feature","properties":{"linea":"6-1-35","parcela":"6-1","palmas":30},"geometry":{"type":"LineString","coordinates":[[-72.997243,4.489975],[-72.999246,4.488738]]}},{"type":"Feature","properties":{"linea":"6-1-36","parcela":"6-1","palmas":30},"geometry":{"type":"LineString","coordinates":[[-72.997246,4.490057],[-72.999248,4.488819]]}},{"type":"Feature","properties":{"linea":"6-1-37","parcela":"6-1","palmas":30},"geometry":{"type":"LineString","coordinates":[[-72.997248,4.490138],[-72.99925,4.4889]]}},{"type":"Feature","properties":{"linea":"6-1-38","parcela":"6-1","palmas":30},"geometry":{"type":"LineString","coordinates":[[-72.99725,4.490219],[-72.999252,4.488982]]}},{"type":"Feature","properties":{"linea":"6-1-39","parcela":"6-1","palmas":30},"geometry":{"type":"LineString","coordinates":[[-72.997253,4.490301],[-72.999255,4.489063]]}},{"type":"Feature","properties":{"linea":"6-1-40","parcela":"6-1","palmas":30},"geometry":{"type":"LineString","coordinates":[[-72.997255,4.490382],[-72.999257,4.489144]]}},{"type":"Feature","properties":{"linea":"6-1-41","parcela":"6-1","palmas":30},"geometry":{"type":"LineString","coordinates":[[-72.997257,4.490463],[-72.999259,4.489226]]}},{"type":"Feature","properties":{"linea":"6-1-42","parcela":"6-1","palmas":23},"geometry":{"type":"LineString","coordinates":[[-72.997743,4.490246],[-72.999262,4.489307]]}},{"type":"Feature","properties":{"linea":"6-1-43","parcela":"6-1","palmas":22},"geometry":{"type":"LineString","coordinates":[[-72.997814,4.490285],[-72.999264,4.489388]]}},{"type":"Feature","properties":{"linea":"6-1-44","parcela":"6-1","palmas":17},"geometry":{"type":"LineString","coordinates":[[-72.998092,4.490195],[-72.999266,4.48947]]}},{"type":"Feature","properties":{"linea":"6-1-45","parcela":"6-1","palmas":15},"geometry":{"type":"LineString","coordinates":[[-72.998302,4.490149],[-72.999269,4.489551]]}},{"type":"Feature","properties":{"linea":"6-1-46","parcela":"6-1","palmas":14},"geometry":{"type":"LineString","coordinates":[[-72.998373,4.490187],[-72.999271,4.489632]]}},{"type":"Feature","properties":{"linea":"6-1-47","parcela":"6-1","palmas":10},"geometry":{"type":"LineString","coordinates":[[-72.998652,4.490098],[-72.999273,4.489714]]}},{"type":"Feature","properties":{"linea":"6-1-48","parcela":"6-1","palmas":4},"geometry":{"type":"LineString","coordinates":[[-72.998999,4.489966],[-72.999206,4.489838]]}},{"type":"Feature","properties":{"linea":"6-1-50","parcela":"6-1","palmas":4},"geometry":{"type":"LineString","coordinates":[[-72.997276,4.491114],[-72.997483,4.490986]]}},{"type":"Feature","properties":{"linea":"6-1-51","parcela":"6-1","palmas":7},"geometry":{"type":"LineString","coordinates":[[-72.997278,4.491195],[-72.997692,4.490939]]}},{"type":"Feature","properties":{"linea":"6-1-52","parcela":"6-1","palmas":10},"geometry":{"type":"LineString","coordinates":[[-72.99728,4.491277],[-72.997902,4.490893]]}},{"type":"Feature","properties":{"linea":"6-1-53","parcela":"6-1","palmas":13},"geometry":{"type":"LineString","coordinates":[[-72.997283,4.491358],[-72.99818,4.490803]]}},{"type":"Feature","properties":{"linea":"6-1-54","parcela":"6-1","palmas":18},"geometry":{"type":"LineString","coordinates":[[-72.997285,4.491439],[-72.998459,4.490714]]}},{"type":"Feature","properties":{"linea":"6-1-55","parcela":"6-1","palmas":21},"geometry":{"type":"LineString","coordinates":[[-72.997287,4.491521],[-72.998668,4.490667]]}},{"type":"Feature","properties":{"linea":"6-1-56","parcela":"6-1","palmas":22},"geometry":{"type":"LineString","coordinates":[[-72.99729,4.491602],[-72.998739,4.490706]]}},{"type":"Feature","properties":{"linea":"6-1-57","parcela":"6-1","palmas":23},"geometry":{"type":"LineString","coordinates":[[-72.997292,4.491683],[-72.998811,4.490744]]}},{"type":"Feature","properties":{"linea":"6-1-58","parcela":"6-1","palmas":23},"geometry":{"type":"LineString","coordinates":[[-72.997294,4.491765],[-72.998813,4.490826]]}},{"type":"Feature","properties":{"linea":"6-1-59","parcela":"6-1","palmas":23},"geometry":{"type":"LineString","coordinates":[[-72.997297,4.491846],[-72.998815,4.490907]]}},{"type":"Feature","properties":{"linea":"6-1-60","parcela":"6-1","palmas":23},"geometry":{"type":"LineString","coordinates":[[-72.997299,4.491928],[-72.998818,4.490989]]}},{"type":"Feature","properties":{"linea":"6-1-61","parcela":"6-1","palmas":24},"geometry":{"type":"LineString","coordinates":[[-72.997301,4.492009],[-72.998889,4.491027]]}},{"type":"Feature","properties":{"linea":"6-1-62","parcela":"6-1","palmas":24},"geometry":{"type":"LineString","coordinates":[[-72.997304,4.49209],[-72.998891,4.491109]]}},{"type":"Feature","properties":{"linea":"6-1-63","parcela":"6-1","palmas":24},"geometry":{"type":"LineString","coordinates":[[-72.997306,4.492171],[-72.998894,4.49119]]}},{"type":"Feature","properties":{"linea":"6-1-64","parcela":"6-1","palmas":24},"geometry":{"type":"LineString","coordinates":[[-72.997308,4.492253],[-72.998896,4.491271]]}},{"type":"Feature","properties":{"linea":"6-1-65","parcela":"6-1","palmas":24},"geometry":{"type":"LineString","coordinates":[[-72.99731,4.492334],[-72.998898,4.491352]]}},{"type":"Feature","properties":{"linea":"6-1-66","parcela":"6-1","palmas":24},"geometry":{"type":"LineString","coordinates":[[-72.997313,4.492416],[-72.998901,4.491434]]}},{"type":"Feature","properties":{"linea":"6-1-67","parcela":"6-1","palmas":24},"geometry":{"type":"LineString","coordinates":[[-72.997315,4.492497],[-72.998903,4.491515]]}},{"type":"Feature","properties":{"linea":"6-1-68","parcela":"6-1","palmas":24},"geometry":{"type":"LineString","coordinates":[[-72.997317,4.492578],[-72.998905,4.491597]]}},{"type":"Feature","properties":{"linea":"6-1-69","parcela":"6-1","palmas":25},"geometry":{"type":"LineString","coordinates":[[-72.99732,4.492659],[-72.998976,4.491635]]}},{"type":"Feature","properties":{"linea":"6-1-70","parcela":"6-1","palmas":25},"geometry":{"type":"LineString","coordinates":[[-72.997322,4.492741],[-72.998979,4.491717]]}},{"type":"Feature","properties":{"linea":"6-1-71","parcela":"6-1","palmas":25},"geometry":{"type":"LineString","coordinates":[[-72.997324,4.492822],[-72.998981,4.491798]]}},{"type":"Feature","properties":{"linea":"6-1-72","parcela":"6-1","palmas":25},"geometry":{"type":"LineString","coordinates":[[-72.997327,4.492904],[-72.998983,4.491879]]}},{"type":"Feature","properties":{"linea":"6-1-73","parcela":"6-1","palmas":18},"geometry":{"type":"LineString","coordinates":[[-72.997812,4.492686],[-72.998986,4.491961]]}},{"type":"Feature","properties":{"linea":"6-1-74","parcela":"6-1","palmas":15},"geometry":{"type":"LineString","coordinates":[[-72.998022,4.492639],[-72.998988,4.492042]]}},{"type":"Feature","properties":{"linea":"6-1-75","parcela":"6-1","palmas":14},"geometry":{"type":"LineString","coordinates":[[-72.998093,4.492678],[-72.99899,4.492123]]}},{"type":"Feature","properties":{"linea":"6-1-76","parcela":"6-1","palmas":13},"geometry":{"type":"LineString","coordinates":[[-72.998164,4.492717],[-72.998993,4.492205]]}},{"type":"Feature","properties":{"linea":"6-1-77","parcela":"6-1","palmas":11},"geometry":{"type":"LineString","coordinates":[[-72.998236,4.492756],[-72.998926,4.492329]]}},{"type":"Feature","properties":{"linea":"6-1-78","parcela":"6-1","palmas":9},"geometry":{"type":"LineString","coordinates":[[-72.998307,4.492794],[-72.998859,4.492453]]}},{"type":"Feature","properties":{"linea":"6-1-79","parcela":"6-1","palmas":6},"geometry":{"type":"LineString","coordinates":[[-72.998447,4.49279],[-72.998793,4.492577]]}},{"type":"Feature","properties":{"linea":"6-1-81","parcela":"6-1","palmas":2},"geometry":{"type":"LineString","coordinates":[[-72.99735,4.493717],[-72.997419,4.493674]]}},{"type":"Feature","properties":{"linea":"6-1-82","parcela":"6-1","palmas":3},"geometry":{"type":"LineString","coordinates":[[-72.997352,4.493798],[-72.99749,4.493713]]}},{"type":"Feature","properties":{"linea":"6-1-83","parcela":"6-1","palmas":3},"geometry":{"type":"LineString","coordinates":[[-72.997354,4.49388],[-72.997492,4.493794]]}},{"type":"Feature","properties":{"linea":"6-1-84","parcela":"6-1","palmas":4},"geometry":{"type":"LineString","coordinates":[[-72.997357,4.493961],[-72.997564,4.493833]]}},{"type":"Feature","properties":{"linea":"6-1-85","parcela":"6-1","palmas":7},"geometry":{"type":"LineString","coordinates":[[-72.997359,4.494042],[-72.997773,4.493786]]}},{"type":"Feature","properties":{"linea":"6-1-86","parcela":"6-1","palmas":8},"geometry":{"type":"LineString","coordinates":[[-72.997361,4.494124],[-72.997844,4.493825]]}},{"type":"Feature","properties":{"linea":"6-1-87","parcela":"6-1","palmas":10},"geometry":{"type":"LineString","coordinates":[[-72.997364,4.494205],[-72.997985,4.493821]]}},{"type":"Feature","properties":{"linea":"6-1-88","parcela":"6-1","palmas":13},"geometry":{"type":"LineString","coordinates":[[-72.997366,4.494286],[-72.998194,4.493774]]}},{"type":"Feature","properties":{"linea":"6-1-89","parcela":"6-1","palmas":16},"geometry":{"type":"LineString","coordinates":[[-72.997368,4.494368],[-72.998404,4.493728]]}},{"type":"Feature","properties":{"linea":"6-1-90","parcela":"6-1","palmas":21},"geometry":{"type":"LineString","coordinates":[[-72.997371,4.494449],[-72.998751,4.493596]]}},{"type":"Feature","properties":{"linea":"6-1-91","parcela":"6-1","palmas":23},"geometry":{"type":"LineString","coordinates":[[-72.997373,4.49453],[-72.998892,4.493591]]}},{"type":"Feature","properties":{"linea":"6-1-92","parcela":"6-1","palmas":25},"geometry":{"type":"LineString","coordinates":[[-72.997375,4.494612],[-72.999032,4.493588]]}},{"type":"Feature","properties":{"linea":"6-1-93","parcela":"6-1","palmas":27},"geometry":{"type":"LineString","coordinates":[[-72.997446,4.49465],[-72.999241,4.493541]]}},{"type":"Feature","properties":{"linea":"6-1-94","parcela":"6-1","palmas":28},"geometry":{"type":"LineString","coordinates":[[-72.997449,4.494732],[-72.999313,4.493579]]}},{"type":"Feature","properties":{"linea":"6-1-95","parcela":"6-1","palmas":30},"geometry":{"type":"LineString","coordinates":[[-72.997382,4.494856],[-72.999384,4.493618]]}},{"type":"Feature","properties":{"linea":"6-1-96","parcela":"6-1","palmas":31},"geometry":{"type":"LineString","coordinates":[[-72.997384,4.494937],[-72.999455,4.493657]]}},{"type":"Feature","properties":{"linea":"6-1-97","parcela":"6-1","palmas":31},"geometry":{"type":"LineString","coordinates":[[-72.997387,4.495018],[-72.999458,4.493738]]}},{"type":"Feature","properties":{"linea":"6-1-98","parcela":"6-1","palmas":32},"geometry":{"type":"LineString","coordinates":[[-72.997389,4.4951],[-72.999529,4.493777]]}},{"type":"Feature","properties":{"linea":"6-1-99","parcela":"6-1","palmas":33},"geometry":{"type":"LineString","coordinates":[[-72.997391,4.495181],[-72.9996,4.493815]]}},{"type":"Feature","properties":{"linea":"6-1-100","parcela":"6-1","palmas":33},"geometry":{"type":"LineString","coordinates":[[-72.997394,4.495262],[-72.999603,4.493897]]}},{"type":"Feature","properties":{"linea":"6-1-101","parcela":"6-1","palmas":34},"geometry":{"type":"LineString","coordinates":[[-72.997396,4.495344],[-72.999674,4.493935]]}},{"type":"Feature","properties":{"linea":"6-1-102","parcela":"6-1","palmas":34},"geometry":{"type":"LineString","coordinates":[[-72.997398,4.495425],[-72.999676,4.494017]]}},{"type":"Feature","properties":{"linea":"6-1-103","parcela":"6-1","palmas":33},"geometry":{"type":"LineString","coordinates":[[-72.997401,4.495506],[-72.99961,4.494141]]}},{"type":"Feature","properties":{"linea":"6-1-104","parcela":"6-1","palmas":33},"geometry":{"type":"LineString","coordinates":[[-72.997403,4.495588],[-72.999612,4.494222]]}},{"type":"Feature","properties":{"linea":"6-1-105","parcela":"6-1","palmas":33},"geometry":{"type":"LineString","coordinates":[[-72.997405,4.495669],[-72.999614,4.494303]]}},{"type":"Feature","properties":{"linea":"6-1-106","parcela":"6-1","palmas":33},"geometry":{"type":"LineString","coordinates":[[-72.997407,4.495751],[-72.999617,4.494385]]}},{"type":"Feature","properties":{"linea":"6-1-107","parcela":"6-1","palmas":33},"geometry":{"type":"LineString","coordinates":[[-72.99741,4.495832],[-72.999619,4.494466]]}},{"type":"Feature","properties":{"linea":"6-1-108","parcela":"6-1","palmas":33},"geometry":{"type":"LineString","coordinates":[[-72.997412,4.495913],[-72.999621,4.494548]]}},{"type":"Feature","properties":{"linea":"6-1-109","parcela":"6-1","palmas":33},"geometry":{"type":"LineString","coordinates":[[-72.997414,4.495994],[-72.999624,4.494629]]}},{"type":"Feature","properties":{"linea":"6-1-110","parcela":"6-1","palmas":34},"geometry":{"type":"LineString","coordinates":[[-72.997417,4.496076],[-72.999695,4.494668]]}},{"type":"Feature","properties":{"linea":"6-1-111","parcela":"6-1","palmas":34},"geometry":{"type":"LineString","coordinates":[[-72.997419,4.496157],[-72.999697,4.494749]]}},{"type":"Feature","properties":{"linea":"6-1-112","parcela":"6-1","palmas":34},"geometry":{"type":"LineString","coordinates":[[-72.997421,4.496239],[-72.999699,4.49483]]}},{"type":"Feature","properties":{"linea":"6-1-113","parcela":"6-1","palmas":34},"geometry":{"type":"LineString","coordinates":[[-72.997424,4.49632],[-72.999702,4.494911]]}},{"type":"Feature","properties":{"linea":"6-1-114","parcela":"6-1","palmas":34},"geometry":{"type":"LineString","coordinates":[[-72.997426,4.496401],[-72.999704,4.494993]]}},{"type":"Feature","properties":{"linea":"6-1-115","parcela":"6-1","palmas":34},"geometry":{"type":"LineString","coordinates":[[-72.997428,4.496482],[-72.999706,4.495074]]}},{"type":"Feature","properties":{"linea":"6-1-116","parcela":"6-1","palmas":34},"geometry":{"type":"LineString","coordinates":[[-72.997431,4.496564],[-72.999709,4.495156]]}},{"type":"Feature","properties":{"linea":"6-1-117","parcela":"6-1","palmas":34},"geometry":{"type":"LineString","coordinates":[[-72.997433,4.496645],[-72.999711,4.495237]]}},{"type":"Feature","properties":{"linea":"6-1-118","parcela":"6-1","palmas":34},"geometry":{"type":"LineString","coordinates":[[-72.997435,4.496727],[-72.999713,4.495318]]}},{"type":"Feature","properties":{"linea":"6-1-119","parcela":"6-1","palmas":34},"geometry":{"type":"LineString","coordinates":[[-72.997438,4.496808],[-72.999716,4.495399]]}},{"type":"Feature","properties":{"linea":"6-1-120","parcela":"6-1","palmas":33},"geometry":{"type":"LineString","coordinates":[[-72.99744,4.496889],[-72.999649,4.495524]]}},{"type":"Feature","properties":{"linea":"6-1-121","parcela":"6-1","palmas":31},"geometry":{"type":"LineString","coordinates":[[-72.997442,4.496971],[-72.999513,4.49569]]}},{"type":"Feature","properties":{"linea":"6-1-122","parcela":"6-1","palmas":31},"geometry":{"type":"LineString","coordinates":[[-72.997444,4.497052],[-72.999516,4.495772]]}},{"type":"Feature","properties":{"linea":"6-1-123","parcela":"6-1","palmas":30},"geometry":{"type":"LineString","coordinates":[[-72.997447,4.497133],[-72.999449,4.495896]]}},{"type":"Feature","properties":{"linea":"6-1-124","parcela":"6-1","palmas":28},"geometry":{"type":"LineString","coordinates":[[-72.997518,4.497172],[-72.999382,4.49602]]}},{"type":"Feature","properties":{"linea":"6-1-125","parcela":"6-1","palmas":29},"geometry":{"type":"LineString","coordinates":[[-72.997451,4.497296],[-72.999384,4.496101]]}},{"type":"Feature","properties":{"linea":"6-1-126","parcela":"6-1","palmas":29},"geometry":{"type":"LineString","coordinates":[[-72.997454,4.497377],[-72.999387,4.496182]]}},{"type":"Feature","properties":{"linea":"6-1-127","parcela":"6-1","palmas":28},"geometry":{"type":"LineString","coordinates":[[-72.997456,4.497459],[-72.99932,4.496306]]}},{"type":"Feature","properties":{"linea":"6-1-128","parcela":"6-1","palmas":28},"geometry":{"type":"LineString","coordinates":[[-72.997458,4.49754],[-72.999322,4.496388]]}},{"type":"Feature","properties":{"linea":"6-1-129","parcela":"6-1","palmas":27},"geometry":{"type":"LineString","coordinates":[[-72.997461,4.497621],[-72.999256,4.496512]]}},{"type":"Feature","properties":{"linea":"6-1-130","parcela":"6-1","palmas":27},"geometry":{"type":"LineString","coordinates":[[-72.997463,4.497703],[-72.999258,4.496593]]}},{"type":"Feature","properties":{"linea":"6-1-131","parcela":"6-1","palmas":27},"geometry":{"type":"LineString","coordinates":[[-72.997465,4.497784],[-72.99926,4.496674]]}},{"type":"Feature","properties":{"linea":"6-1-132","parcela":"6-1","palmas":27},"geometry":{"type":"LineString","coordinates":[[-72.997467,4.497865],[-72.999263,4.496756]]}},{"type":"Feature","properties":{"linea":"6-1-133","parcela":"6-1","palmas":27},"geometry":{"type":"LineString","coordinates":[[-72.99747,4.497947],[-72.999265,4.496837]]}},{"type":"Feature","properties":{"linea":"6-1-134","parcela":"6-1","palmas":27},"geometry":{"type":"LineString","coordinates":[[-72.997472,4.498028],[-72.999267,4.496918]]}},{"type":"Feature","properties":{"linea":"6-1-135","parcela":"6-1","palmas":27},"geometry":{"type":"LineString","coordinates":[[-72.997474,4.498109],[-72.999269,4.497]]}},{"type":"Feature","properties":{"linea":"6-1-136","parcela":"6-1","palmas":27},"geometry":{"type":"LineString","coordinates":[[-72.997477,4.498191],[-72.999272,4.497081]]}},{"type":"Feature","properties":{"linea":"6-1-137","parcela":"6-1","palmas":27},"geometry":{"type":"LineString","coordinates":[[-72.997479,4.498272],[-72.999274,4.497162]]}},{"type":"Feature","properties":{"linea":"6-1-138","parcela":"6-1","palmas":28},"geometry":{"type":"LineString","coordinates":[[-72.997481,4.498353],[-72.999345,4.497201]]}},{"type":"Feature","properties":{"linea":"6-1-139","parcela":"6-1","palmas":28},"geometry":{"type":"LineString","coordinates":[[-72.997484,4.498435],[-72.999347,4.497282]]}},{"type":"Feature","properties":{"linea":"6-1-140","parcela":"6-1","palmas":28},"geometry":{"type":"LineString","coordinates":[[-72.997486,4.498516],[-72.99935,4.497364]]}},{"type":"Feature","properties":{"linea":"6-1-141","parcela":"6-1","palmas":29},"geometry":{"type":"LineString","coordinates":[[-72.997488,4.498597],[-72.999421,4.497402]]}},{"type":"Feature","properties":{"linea":"6-1-142","parcela":"6-1","palmas":29},"geometry":{"type":"LineString","coordinates":[[-72.997491,4.498679],[-72.999424,4.497484]]}},{"type":"Feature","properties":{"linea":"6-1-143","parcela":"6-1","palmas":30},"geometry":{"type":"LineString","coordinates":[[-72.997493,4.49876],[-72.999495,4.497522]]}},{"type":"Feature","properties":{"linea":"6-1-144","parcela":"6-1","palmas":30},"geometry":{"type":"LineString","coordinates":[[-72.997495,4.498841],[-72.999497,4.497604]]}},{"type":"Feature","properties":{"linea":"6-1-145","parcela":"6-1","palmas":30},"geometry":{"type":"LineString","coordinates":[[-72.997497,4.498923],[-72.999499,4.497685]]}},{"type":"Feature","properties":{"linea":"6-1-146","parcela":"6-1","palmas":30},"geometry":{"type":"LineString","coordinates":[[-72.9975,4.499004],[-72.999502,4.497766]]}},{"type":"Feature","properties":{"linea":"6-1-147","parcela":"6-1","palmas":30},"geometry":{"type":"LineString","coordinates":[[-72.997502,4.499086],[-72.999504,4.497848]]}},{"type":"Feature","properties":{"linea":"6-1-148","parcela":"6-1","palmas":30},"geometry":{"type":"LineString","coordinates":[[-72.997504,4.499167],[-72.999506,4.497929]]}},{"type":"Feature","properties":{"linea":"6-1-149","parcela":"6-1","palmas":30},"geometry":{"type":"LineString","coordinates":[[-72.997507,4.499248],[-72.999509,4.498011]]}},{"type":"Feature","properties":{"linea":"6-1-150","parcela":"6-1","palmas":30},"geometry":{"type":"LineString","coordinates":[[-72.997509,4.499329],[-72.999511,4.498092]]}},{"type":"Feature","properties":{"linea":"6-1-151","parcela":"6-1","palmas":30},"geometry":{"type":"LineString","coordinates":[[-72.997511,4.499411],[-72.999513,4.498173]]}},{"type":"Feature","properties":{"linea":"6-1-152","parcela":"6-1","palmas":30},"geometry":{"type":"LineString","coordinates":[[-72.997514,4.499492],[-72.999516,4.498254]]}},{"type":"Feature","properties":{"linea":"6-1-153","parcela":"6-1","palmas":30},"geometry":{"type":"LineString","coordinates":[[-72.997516,4.499574],[-72.999518,4.498336]]}},{"type":"Feature","properties":{"linea":"6-1-154","parcela":"6-1","palmas":29},"geometry":{"type":"LineString","coordinates":[[-72.997587,4.499612],[-72.99952,4.498417]]}},{"type":"Feature","properties":{"linea":"6-1-155","parcela":"6-1","palmas":29},"geometry":{"type":"LineString","coordinates":[[-72.99759,4.499694],[-72.999522,4.498499]]}},{"type":"Feature","properties":{"linea":"6-1-156","parcela":"6-1","palmas":30},"geometry":{"type":"LineString","coordinates":[[-72.997523,4.499817],[-72.999525,4.49858]]}},{"type":"Feature","properties":{"linea":"6-1-157","parcela":"6-1","palmas":30},"geometry":{"type":"LineString","coordinates":[[-72.997525,4.499899],[-72.999527,4.498661]]}},{"type":"Feature","properties":{"linea":"6-1-158","parcela":"6-1","palmas":31},"geometry":{"type":"LineString","coordinates":[[-72.997528,4.49998],[-72.999599,4.4987]]}},{"type":"Feature","properties":{"linea":"6-1-159","parcela":"6-1","palmas":31},"geometry":{"type":"LineString","coordinates":[[-72.99753,4.500062],[-72.999601,4.498781]]}},{"type":"Feature","properties":{"linea":"6-1-160","parcela":"6-1","palmas":31},"geometry":{"type":"LineString","coordinates":[[-72.997532,4.500143],[-72.999603,4.498863]]}},{"type":"Feature","properties":{"linea":"6-1-161","parcela":"6-1","palmas":31},"geometry":{"type":"LineString","coordinates":[[-72.997534,4.500224],[-72.999606,4.498944]]}},{"type":"Feature","properties":{"linea":"6-1-162","parcela":"6-1","palmas":32},"geometry":{"type":"LineString","coordinates":[[-72.997537,4.500306],[-72.999677,4.498983]]}},{"type":"Feature","properties":{"linea":"6-1-163","parcela":"6-1","palmas":31},"geometry":{"type":"LineString","coordinates":[[-72.997608,4.500344],[-72.999679,4.499064]]}},{"type":"Feature","properties":{"linea":"6-1-164","parcela":"6-1","palmas":31},"geometry":{"type":"LineString","coordinates":[[-72.99761,4.500426],[-72.999681,4.499145]]}},{"type":"Feature","properties":{"linea":"6-1-165","parcela":"6-1","palmas":32},"geometry":{"type":"LineString","coordinates":[[-72.997544,4.50055],[-72.999684,4.499227]]}},{"type":"Feature","properties":{"linea":"6-1-166","parcela":"6-1","palmas":32},"geometry":{"type":"LineString","coordinates":[[-72.997546,4.500631],[-72.999686,4.499308]]}},{"type":"Feature","properties":{"linea":"6-1-167","parcela":"6-1","palmas":32},"geometry":{"type":"LineString","coordinates":[[-72.997548,4.500712],[-72.999688,4.499389]]}},{"type":"Feature","properties":{"linea":"6-1-168","parcela":"6-1","palmas":33},"geometry":{"type":"LineString","coordinates":[[-72.997551,4.500794],[-72.99976,4.499428]]}},{"type":"Feature","properties":{"linea":"6-1-169","parcela":"6-1","palmas":33},"geometry":{"type":"LineString","coordinates":[[-72.997553,4.500875],[-72.999762,4.499509]]}},{"type":"Feature","properties":{"linea":"6-1-170","parcela":"6-1","palmas":33},"geometry":{"type":"LineString","coordinates":[[-72.997555,4.500956],[-72.999764,4.499591]]}},{"type":"Feature","properties":{"linea":"6-1-171","parcela":"6-1","palmas":34},"geometry":{"type":"LineString","coordinates":[[-72.997557,4.501037],[-72.999836,4.499629]]}},{"type":"Feature","properties":{"linea":"6-1-172","parcela":"6-1","palmas":34},"geometry":{"type":"LineString","coordinates":[[-72.99756,4.501119],[-72.999838,4.499711]]}},{"type":"Feature","properties":{"linea":"6-1-173","parcela":"6-1","palmas":34},"geometry":{"type":"LineString","coordinates":[[-72.997562,4.5012],[-72.99984,4.499792]]}},{"type":"Feature","properties":{"linea":"6-1-174","parcela":"6-1","palmas":34},"geometry":{"type":"LineString","coordinates":[[-72.997564,4.501282],[-72.999843,4.499873]]}},{"type":"Feature","properties":{"linea":"6-1-175","parcela":"6-1","palmas":34},"geometry":{"type":"LineString","coordinates":[[-72.997567,4.501363],[-72.999845,4.499955]]}},{"type":"Feature","properties":{"linea":"6-1-176","parcela":"6-1","palmas":34},"geometry":{"type":"LineString","coordinates":[[-72.997569,4.501444],[-72.999847,4.500036]]}},{"type":"Feature","properties":{"linea":"6-1-177","parcela":"6-1","palmas":34},"geometry":{"type":"LineString","coordinates":[[-72.997571,4.501526],[-72.99985,4.500117]]}},{"type":"Feature","properties":{"linea":"6-1-178","parcela":"6-1","palmas":34},"geometry":{"type":"LineString","coordinates":[[-72.997574,4.501607],[-72.999852,4.500199]]}},{"type":"Feature","properties":{"linea":"6-1-179","parcela":"6-1","palmas":34},"geometry":{"type":"LineString","coordinates":[[-72.997576,4.501688],[-72.999854,4.50028]]}},{"type":"Feature","properties":{"linea":"6-1-180","parcela":"6-1","palmas":34},"geometry":{"type":"LineString","coordinates":[[-72.997578,4.50177],[-72.999856,4.500361]]}},{"type":"Feature","properties":{"linea":"6-1-181","parcela":"6-1","palmas":34},"geometry":{"type":"LineString","coordinates":[[-72.997581,4.501851],[-72.999859,4.500443]]}},{"type":"Feature","properties":{"linea":"6-1-182","parcela":"6-1","palmas":34},"geometry":{"type":"LineString","coordinates":[[-72.997583,4.501932],[-72.999861,4.500524]]}},{"type":"Feature","properties":{"linea":"6-1-183","parcela":"6-1","palmas":34},"geometry":{"type":"LineString","coordinates":[[-72.997585,4.502014],[-72.999863,4.500605]]}},{"type":"Feature","properties":{"linea":"6-1-184","parcela":"6-1","palmas":34},"geometry":{"type":"LineString","coordinates":[[-72.997587,4.502095],[-72.999866,4.500687]]}},{"type":"Feature","properties":{"linea":"6-1-185","parcela":"6-1","palmas":34},"geometry":{"type":"LineString","coordinates":[[-72.99759,4.502176],[-72.999868,4.500768]]}},{"type":"Feature","properties":{"linea":"6-1-186","parcela":"6-1","palmas":34},"geometry":{"type":"LineString","coordinates":[[-72.997592,4.502258],[-72.99987,4.500849]]}},{"type":"Feature","properties":{"linea":"6-1-187","parcela":"6-1","palmas":34},"geometry":{"type":"LineString","coordinates":[[-72.997594,4.502339],[-72.999873,4.500931]]}},{"type":"Feature","properties":{"linea":"6-1-188","parcela":"6-1","palmas":31},"geometry":{"type":"LineString","coordinates":[[-72.997597,4.502421],[-72.999875,4.501012]]}},{"type":"Feature","properties":{"linea":"6-1-189","parcela":"6-1","palmas":26},"geometry":{"type":"LineString","coordinates":[[-72.997599,4.502502],[-72.999325,4.501435]]}},{"type":"Feature","properties":{"linea":"6-1-190","parcela":"6-1","palmas":25},"geometry":{"type":"LineString","coordinates":[[-72.997601,4.502583],[-72.999258,4.501559]]}},{"type":"Feature","properties":{"linea":"6-1-191","parcela":"6-1","palmas":14},"geometry":{"type":"LineString","coordinates":[[-72.997705,4.503761],[-72.997675,4.502703]]}},{"type":"Feature","properties":{"linea":"6-1-192","parcela":"6-1","palmas":14},"geometry":{"type":"LineString","coordinates":[[-72.997774,4.503718],[-72.997744,4.502661]]}},{"type":"Feature","properties":{"linea":"6-1-193","parcela":"6-1","palmas":15},"geometry":{"type":"LineString","coordinates":[[-72.997846,4.503756],[-72.997813,4.502618]]}},{"type":"Feature","properties":{"linea":"6-1-194","parcela":"6-1","palmas":15},"geometry":{"type":"LineString","coordinates":[[-72.997914,4.503714],[-72.997882,4.502575]]}},{"type":"Feature","properties":{"linea":"6-1-195","parcela":"6-1","palmas":16},"geometry":{"type":"LineString","coordinates":[[-72.997986,4.503753],[-72.997951,4.502533]]}},{"type":"Feature","properties":{"linea":"6-1-196","parcela":"6-1","palmas":16},"geometry":{"type":"LineString","coordinates":[[-72.998055,4.50371],[-72.99802,4.50249]]}},{"type":"Feature","properties":{"linea":"6-1-197","parcela":"6-1","palmas":17},"geometry":{"type":"LineString","coordinates":[[-72.998126,4.503749],[-72.998089,4.502447]]}},{"type":"Feature","properties":{"linea":"6-1-198","parcela":"6-1","palmas":17},"geometry":{"type":"LineString","coordinates":[[-72.998195,4.503706],[-72.998158,4.502404]]}},{"type":"Feature","properties":{"linea":"6-1-199","parcela":"6-1","palmas":17},"geometry":{"type":"LineString","coordinates":[[-72.998264,4.503663],[-72.998227,4.502362]]}},{"type":"Feature","properties":{"linea":"6-1-200","parcela":"6-1","palmas":18},"geometry":{"type":"LineString","coordinates":[[-72.998336,4.503702],[-72.998296,4.502319]]}},{"type":"Feature","properties":{"linea":"6-1-201","parcela":"6-1","palmas":19},"geometry":{"type":"LineString","coordinates":[[-72.998407,4.503741],[-72.998366,4.502276]]}},{"type":"Feature","properties":{"linea":"6-1-202","parcela":"6-1","palmas":19},"geometry":{"type":"LineString","coordinates":[[-72.998476,4.503698],[-72.998434,4.502234]]}},{"type":"Feature","properties":{"linea":"6-1-203","parcela":"6-1","palmas":19},"geometry":{"type":"LineString","coordinates":[[-72.998545,4.503655],[-72.998504,4.502191]]}},{"type":"Feature","properties":{"linea":"6-1-204","parcela":"6-1","palmas":20},"geometry":{"type":"LineString","coordinates":[[-72.998616,4.503694],[-72.998572,4.502148]]}},{"type":"Feature","properties":{"linea":"6-1-205","parcela":"6-1","palmas":21},"geometry":{"type":"LineString","coordinates":[[-72.998688,4.503732],[-72.998642,4.502106]]}},{"type":"Feature","properties":{"linea":"6-1-206","parcela":"6-1","palmas":21},"geometry":{"type":"LineString","coordinates":[[-72.998757,4.50369],[-72.998711,4.502063]]}},{"type":"Feature","properties":{"linea":"6-1-207","parcela":"6-1","palmas":22},"geometry":{"type":"LineString","coordinates":[[-72.998828,4.503728],[-72.99878,4.50202]]}},{"type":"Feature","properties":{"linea":"6-1-208","parcela":"6-1","palmas":22},"geometry":{"type":"LineString","coordinates":[[-72.998897,4.503686],[-72.998849,4.501977]]}},{"type":"Feature","properties":{"linea":"6-1-209","parcela":"6-1","palmas":22},"geometry":{"type":"LineString","coordinates":[[-72.998966,4.503643],[-72.998918,4.501935]]}},{"type":"Feature","properties":{"linea":"6-1-210","parcela":"6-1","palmas":23},"geometry":{"type":"LineString","coordinates":[[-72.999038,4.503682],[-72.998987,4.501892]]}},{"type":"Feature","properties":{"linea":"6-1-211","parcela":"6-1","palmas":24},"geometry":{"type":"LineString","coordinates":[[-72.999109,4.50372],[-72.999056,4.501849]]}},{"type":"Feature","properties":{"linea":"6-1-212","parcela":"6-1","palmas":24},"geometry":{"type":"LineString","coordinates":[[-72.999178,4.503678],[-72.999125,4.501807]]}},{"type":"Feature","properties":{"linea":"6-1-213","parcela":"6-1","palmas":24},"geometry":{"type":"LineString","coordinates":[[-72.999247,4.503635],[-72.999194,4.501764]]}},{"type":"Feature","properties":{"linea":"6-1-214","parcela":"6-1","palmas":25},"geometry":{"type":"LineString","coordinates":[[-72.999318,4.503674],[-72.999263,4.501721]]}},{"type":"Feature","properties":{"linea":"6-1-215","parcela":"6-1","palmas":20},"geometry":{"type":"LineString","coordinates":[[-72.99939,4.503712],[-72.999346,4.502167]]}},{"type":"Feature","properties":{"linea":"6-1-216","parcela":"6-1","palmas":18},"geometry":{"type":"LineString","coordinates":[[-72.999459,4.50367],[-72.999419,4.502287]]}},{"type":"Feature","properties":{"linea":"6-1-217","parcela":"6-1","palmas":17},"geometry":{"type":"LineString","coordinates":[[-72.99953,4.503708],[-72.999493,4.502407]]}},{"type":"Feature","properties":{"linea":"6-1-218","parcela":"6-1","palmas":16},"geometry":{"type":"LineString","coordinates":[[-72.999599,4.503666],[-72.999564,4.502446]]}},{"type":"Feature","properties":{"linea":"6-1-219","parcela":"6-1","palmas":15},"geometry":{"type":"LineString","coordinates":[[-72.999668,4.503623],[-72.999636,4.502484]]}},{"type":"Feature","properties":{"linea":"6-1-220","parcela":"6-1","palmas":15},"geometry":{"type":"LineString","coordinates":[[-72.999739,4.503662],[-72.999707,4.502523]]}},{"type":"Feature","properties":{"linea":"6-1-221","parcela":"6-1","palmas":14},"geometry":{"type":"LineString","coordinates":[[-72.999809,4.503619],[-72.999779,4.502562]]}},{"type":"Feature","properties":{"linea":"6-1-222","parcela":"6-1","palmas":15},"geometry":{"type":"LineString","coordinates":[[-72.99988,4.503658],[-72.999848,4.502519]]}},{"type":"Feature","properties":{"linea":"6-1-223","parcela":"6-1","palmas":14},"geometry":{"type":"LineString","coordinates":[[-72.999949,4.503615],[-72.999919,4.502557]]}},{"type":"Feature","properties":{"linea":"6-1-224","parcela":"6-1","palmas":13},"geometry":{"type":"LineString","coordinates":[[-73.00002,4.503654],[-72.999993,4.502677]]}},{"type":"Feature","properties":{"linea":"6-1-225","parcela":"6-1","palmas":12},"geometry":{"type":"LineString","coordinates":[[-73.000089,4.503611],[-73.000064,4.502716]]}},{"type":"Feature","properties":{"linea":"6-1-226","parcela":"6-1","palmas":11},"geometry":{"type":"LineString","coordinates":[[-73.000161,4.50365],[-73.000137,4.502836]]}},{"type":"Feature","properties":{"linea":"6-1-227","parcela":"6-1","palmas":10},"geometry":{"type":"LineString","coordinates":[[-73.00023,4.503607],[-73.000209,4.502875]]}},{"type":"Feature","properties":{"linea":"6-1-228","parcela":"6-1","palmas":10},"geometry":{"type":"LineString","coordinates":[[-73.000301,4.503646],[-73.00028,4.502914]]}},{"type":"Feature","properties":{"linea":"6-1-229","parcela":"6-1","palmas":9},"geometry":{"type":"LineString","coordinates":[[-73.00037,4.503603],[-73.000352,4.502952]]}},{"type":"Feature","properties":{"linea":"6-1-230","parcela":"6-1","palmas":9},"geometry":{"type":"LineString","coordinates":[[-73.000439,4.50356],[-73.000421,4.502909]]}},{"type":"Feature","properties":{"linea":"6-1-231","parcela":"6-1","palmas":10},"geometry":{"type":"LineString","coordinates":[[-73.000511,4.503599],[-73.00049,4.502867]]}},{"type":"Feature","properties":{"linea":"6-1-232","parcela":"6-1","palmas":11},"geometry":{"type":"LineString","coordinates":[[-73.000582,4.503637],[-73.000559,4.502824]]}},{"type":"Feature","properties":{"linea":"6-1-233","parcela":"6-1","palmas":11},"geometry":{"type":"LineString","coordinates":[[-73.000651,4.503595],[-73.000628,4.502781]]}},{"type":"Feature","properties":{"linea":"6-1-234","parcela":"6-1","palmas":11},"geometry":{"type":"LineString","coordinates":[[-73.00072,4.503552],[-73.000697,4.502739]]}},{"type":"Feature","properties":{"linea":"6-1-235","parcela":"6-1","palmas":12},"geometry":{"type":"LineString","coordinates":[[-73.000791,4.503591],[-73.000766,4.502696]]}},{"type":"Feature","properties":{"linea":"6-1-236","parcela":"6-1","palmas":13},"geometry":{"type":"LineString","coordinates":[[-73.00086,4.503548],[-73.000833,4.502572]]}},{"type":"Feature","properties":{"linea":"6-1-237","parcela":"6-1","palmas":15},"geometry":{"type":"LineString","coordinates":[[-73.000932,4.503587],[-73.000899,4.502448]]}},{"type":"Feature","properties":{"linea":"6-1-238","parcela":"6-1","palmas":16},"geometry":{"type":"LineString","coordinates":[[-73.001001,4.503544],[-73.000966,4.502324]]}},{"type":"Feature","properties":{"linea":"6-1-239","parcela":"6-1","palmas":16},"geometry":{"type":"LineString","coordinates":[[-73.001072,4.503583],[-73.001037,4.502363]]}},{"type":"Feature","properties":{"linea":"6-1-240","parcela":"6-1","palmas":16},"geometry":{"type":"LineString","coordinates":[[-73.001143,4.503621],[-73.001109,4.502401]]}},{"type":"Feature","properties":{"linea":"6-1-241","parcela":"6-1","palmas":15},"geometry":{"type":"LineString","coordinates":[[-73.001212,4.503579],[-73.00118,4.50244]]}},{"type":"Feature","properties":{"linea":"6-1-242","parcela":"6-1","palmas":15},"geometry":{"type":"LineString","coordinates":[[-73.001284,4.503617],[-73.001251,4.502479]]}},{"type":"Feature","properties":{"linea":"6-1-243","parcela":"6-1","palmas":14},"geometry":{"type":"LineString","coordinates":[[-73.001353,4.503575],[-73.001323,4.502517]]}},{"type":"Feature","properties":{"linea":"6-1-244","parcela":"6-1","palmas":12},"geometry":{"type":"LineString","coordinates":[[-73.001422,4.503532],[-73.001396,4.502637]]}},{"type":"Feature","properties":{"linea":"6-1-245","parcela":"6-1","palmas":11},"geometry":{"type":"LineString","coordinates":[[-73.001493,4.503571],[-73.00147,4.502758]]}},{"type":"Feature","properties":{"linea":"6-1-246","parcela":"6-1","palmas":10},"geometry":{"type":"LineString","coordinates":[[-73.001564,4.503609],[-73.001544,4.502878]]}},{"type":"Feature","properties":{"linea":"6-1-247","parcela":"6-1","palmas":8},"geometry":{"type":"LineString","coordinates":[[-73.001634,4.503567],[-73.001617,4.502998]]}},{"type":"Feature","properties":{"linea":"6-1-248","parcela":"6-1","palmas":5},"geometry":{"type":"LineString","coordinates":[[-73.001705,4.503606],[-73.001696,4.50328]]}},{"type":"Feature","properties":{"linea":"6-1-249","parcela":"6-1","palmas":4},"geometry":{"type":"LineString","coordinates":[[-73.001774,4.503563],[-73.001767,4.503319]]}},{"type":"Feature","properties":{"linea":"6-1-250","parcela":"6-1","palmas":3},"geometry":{"type":"LineString","coordinates":[[-73.001845,4.503601],[-73.001841,4.503439]]}},{"type":"Feature","properties":{"linea":"6-1-251","parcela":"6-1","palmas":2},"geometry":{"type":"LineString","coordinates":[[-73.001917,4.50364],[-73.001914,4.503559]]}},{"type":"Feature","properties":{"linea":"6-2-1","parcela":"6-2","palmas":4},"geometry":{"type":"LineString","coordinates":[[-72.99658,4.486412],[-72.996366,4.486296]]}},{"type":"Feature","properties":{"linea":"6-2-2","parcela":"6-2","palmas":8},"geometry":{"type":"LineString","coordinates":[[-72.996725,4.486571],[-72.996226,4.4863]]}},{"type":"Feature","properties":{"linea":"6-2-3","parcela":"6-2","palmas":10},"geometry":{"type":"LineString","coordinates":[[-72.996799,4.486691],[-72.996086,4.486304]]}},{"type":"Feature","properties":{"linea":"6-2-4","parcela":"6-2","palmas":13},"geometry":{"type":"LineString","coordinates":[[-72.996801,4.486772],[-72.995945,4.486308]]}},{"type":"Feature","properties":{"linea":"6-2-5","parcela":"6-2","palmas":16},"geometry":{"type":"LineString","coordinates":[[-72.996875,4.486892],[-72.995805,4.486313]]}},{"type":"Feature","properties":{"linea":"6-2-6","parcela":"6-2","palmas":19},"geometry":{"type":"LineString","coordinates":[[-72.996949,4.487012],[-72.995664,4.486316]]}},{"type":"Feature","properties":{"linea":"6-2-7","parcela":"6-2","palmas":22},"geometry":{"type":"LineString","coordinates":[[-72.997022,4.487133],[-72.995524,4.486321]]}},{"type":"Feature","properties":{"linea":"6-2-8","parcela":"6-2","palmas":24},"geometry":{"type":"LineString","coordinates":[[-72.997024,4.487214],[-72.995384,4.486324]]}},{"type":"Feature","properties":{"linea":"6-2-9","parcela":"6-2","palmas":26},"geometry":{"type":"LineString","coordinates":[[-72.997027,4.487295],[-72.995243,4.486329]]}},{"type":"Feature","properties":{"linea":"6-2-10","parcela":"6-2","palmas":27},"geometry":{"type":"LineString","coordinates":[[-72.997029,4.487376],[-72.995174,4.486371]]}},{"type":"Feature","properties":{"linea":"6-2-11","parcela":"6-2","palmas":28},"geometry":{"type":"LineString","coordinates":[[-72.997031,4.487458],[-72.995105,4.486414]]}},{"type":"Feature","properties":{"linea":"6-2-12","parcela":"6-2","palmas":28},"geometry":{"type":"LineString","coordinates":[[-72.997034,4.487539],[-72.995108,4.486495]]}},{"type":"Feature","properties":{"linea":"6-2-13","parcela":"6-2","palmas":28},"geometry":{"type":"LineString","coordinates":[[-72.997036,4.487621],[-72.99511,4.486577]]}},{"type":"Feature","properties":{"linea":"6-2-14","parcela":"6-2","palmas":28},"geometry":{"type":"LineString","coordinates":[[-72.997038,4.487702],[-72.995112,4.486658]]}},{"type":"Feature","properties":{"linea":"6-2-15","parcela":"6-2","palmas":28},"geometry":{"type":"LineString","coordinates":[[-72.997041,4.487783],[-72.995114,4.486739]]}},{"type":"Feature","properties":{"linea":"6-2-16","parcela":"6-2","palmas":29},"geometry":{"type":"LineString","coordinates":[[-72.997043,4.487864],[-72.995045,4.486782]]}},{"type":"Feature","properties":{"linea":"6-2-17","parcela":"6-2","palmas":28},"geometry":{"type":"LineString","coordinates":[[-72.997045,4.487946],[-72.995048,4.486863]]}},{"type":"Feature","properties":{"linea":"6-2-18","parcela":"6-2","palmas":29},"geometry":{"type":"LineString","coordinates":[[-72.997048,4.488027],[-72.99505,4.486944]]}},{"type":"Feature","properties":{"linea":"6-2-19","parcela":"6-2","palmas":29},"geometry":{"type":"LineString","coordinates":[[-72.99705,4.488108],[-72.995052,4.487026]]}},{"type":"Feature","properties":{"linea":"6-2-20","parcela":"6-2","palmas":29},"geometry":{"type":"LineString","coordinates":[[-72.997052,4.48819],[-72.995054,4.487107]]}},{"type":"Feature","properties":{"linea":"6-2-21","parcela":"6-2","palmas":29},"geometry":{"type":"LineString","coordinates":[[-72.997054,4.488271],[-72.995057,4.487189]]}},{"type":"Feature","properties":{"linea":"6-2-22","parcela":"6-2","palmas":29},"geometry":{"type":"LineString","coordinates":[[-72.997057,4.488353],[-72.995059,4.48727]]}},{"type":"Feature","properties":{"linea":"6-2-23","parcela":"6-2","palmas":29},"geometry":{"type":"LineString","coordinates":[[-72.997059,4.488434],[-72.995061,4.487351]]}},{"type":"Feature","properties":{"linea":"6-2-24","parcela":"6-2","palmas":29},"geometry":{"type":"LineString","coordinates":[[-72.997061,4.488515],[-72.995064,4.487432]]}},{"type":"Feature","properties":{"linea":"6-2-25","parcela":"6-2","palmas":29},"geometry":{"type":"LineString","coordinates":[[-72.997064,4.488596],[-72.995066,4.487514]]}},{"type":"Feature","properties":{"linea":"6-2-26","parcela":"6-2","palmas":29},"geometry":{"type":"LineString","coordinates":[[-72.997066,4.488678],[-72.995068,4.487595]]}},{"type":"Feature","properties":{"linea":"6-2-27","parcela":"6-2","palmas":29},"geometry":{"type":"LineString","coordinates":[[-72.997068,4.488759],[-72.995071,4.487677]]}},{"type":"Feature","properties":{"linea":"6-2-28","parcela":"6-2","palmas":29},"geometry":{"type":"LineString","coordinates":[[-72.997071,4.488841],[-72.995073,4.487758]]}},{"type":"Feature","properties":{"linea":"6-2-29","parcela":"6-2","palmas":29},"geometry":{"type":"LineString","coordinates":[[-72.997073,4.488922],[-72.995075,4.487839]]}},{"type":"Feature","properties":{"linea":"6-2-30","parcela":"6-2","palmas":29},"geometry":{"type":"LineString","coordinates":[[-72.997075,4.489003],[-72.995078,4.487921]]}},{"type":"Feature","properties":{"linea":"6-2-31","parcela":"6-2","palmas":29},"geometry":{"type":"LineString","coordinates":[[-72.997078,4.489084],[-72.99508,4.488002]]}},{"type":"Feature","properties":{"linea":"6-2-32","parcela":"6-2","palmas":28},"geometry":{"type":"LineString","coordinates":[[-72.99708,4.489166],[-72.995082,4.488083]]}},{"type":"Feature","properties":{"linea":"6-2-33","parcela":"6-2","palmas":30},"geometry":{"type":"LineString","coordinates":[[-72.997082,4.489247],[-72.995085,4.488165]]}},{"type":"Feature","properties":{"linea":"6-2-34","parcela":"6-2","palmas":29},"geometry":{"type":"LineString","coordinates":[[-72.997084,4.489329],[-72.995087,4.488246]]}},{"type":"Feature","properties":{"linea":"6-2-35","parcela":"6-2","palmas":29},"geometry":{"type":"LineString","coordinates":[[-72.997087,4.48941],[-72.995089,4.488328]]}},{"type":"Feature","properties":{"linea":"6-2-36","parcela":"6-2","palmas":29},"geometry":{"type":"LineString","coordinates":[[-72.997089,4.489491],[-72.995092,4.488409]]}},{"type":"Feature","properties":{"linea":"6-2-37","parcela":"6-2","palmas":29},"geometry":{"type":"LineString","coordinates":[[-72.997091,4.489573],[-72.995094,4.48849]]}},{"type":"Feature","properties":{"linea":"6-2-38","parcela":"6-2","palmas":29},"geometry":{"type":"LineString","coordinates":[[-72.997094,4.489654],[-72.995096,4.488571]]}},{"type":"Feature","properties":{"linea":"6-2-39","parcela":"6-2","palmas":29},"geometry":{"type":"LineString","coordinates":[[-72.997096,4.489735],[-72.995098,4.488653]]}},{"type":"Feature","properties":{"linea":"6-2-40","parcela":"6-2","palmas":29},"geometry":{"type":"LineString","coordinates":[[-72.997098,4.489817],[-72.995101,4.488734]]}},{"type":"Feature","properties":{"linea":"6-2-41","parcela":"6-2","palmas":29},"geometry":{"type":"LineString","coordinates":[[-72.997101,4.489898],[-72.995103,4.488815]]}},{"type":"Feature","properties":{"linea":"6-2-42","parcela":"6-2","palmas":29},"geometry":{"type":"LineString","coordinates":[[-72.997103,4.489979],[-72.995105,4.488897]]}},{"type":"Feature","properties":{"linea":"6-2-43","parcela":"6-2","palmas":29},"geometry":{"type":"LineString","coordinates":[[-72.997105,4.490061],[-72.995108,4.488978]]}},{"type":"Feature","properties":{"linea":"6-2-44","parcela":"6-2","palmas":29},"geometry":{"type":"LineString","coordinates":[[-72.997108,4.490142],[-72.99511,4.489059]]}},{"type":"Feature","properties":{"linea":"6-2-45","parcela":"6-2","palmas":29},"geometry":{"type":"LineString","coordinates":[[-72.99711,4.490223],[-72.995112,4.489141]]}},{"type":"Feature","properties":{"linea":"6-2-46","parcela":"6-2","palmas":29},"geometry":{"type":"LineString","coordinates":[[-72.997112,4.490305],[-72.995115,4.489222]]}},{"type":"Feature","properties":{"linea":"6-2-47","parcela":"6-2","palmas":29},"geometry":{"type":"LineString","coordinates":[[-72.997115,4.490386],[-72.995117,4.489303]]}},{"type":"Feature","properties":{"linea":"6-2-48","parcela":"6-2","palmas":29},"geometry":{"type":"LineString","coordinates":[[-72.997117,4.490467],[-72.995119,4.489385]]}},{"type":"Feature","properties":{"linea":"6-2-49","parcela":"6-2","palmas":29},"geometry":{"type":"LineString","coordinates":[[-72.997119,4.490549],[-72.995122,4.489466]]}},{"type":"Feature","properties":{"linea":"6-2-50","parcela":"6-2","palmas":28},"geometry":{"type":"LineString","coordinates":[[-72.99705,4.490591],[-72.995124,4.489548]]}},{"type":"Feature","properties":{"linea":"6-2-51","parcela":"6-2","palmas":27},"geometry":{"type":"LineString","coordinates":[[-72.996981,4.490634],[-72.995126,4.489629]]}},{"type":"Feature","properties":{"linea":"6-2-52","parcela":"6-2","palmas":26},"geometry":{"type":"LineString","coordinates":[[-72.996912,4.490677],[-72.995129,4.48971]]}},{"type":"Feature","properties":{"linea":"6-2-53","parcela":"6-2","palmas":25},"geometry":{"type":"LineString","coordinates":[[-72.996843,4.490719],[-72.995131,4.489791]]}},{"type":"Feature","properties":{"linea":"6-2-54","parcela":"6-2","palmas":24},"geometry":{"type":"LineString","coordinates":[[-72.996774,4.490762],[-72.995133,4.489873]]}},{"type":"Feature","properties":{"linea":"6-2-55","parcela":"6-2","palmas":23},"geometry":{"type":"LineString","coordinates":[[-72.996705,4.490805],[-72.995135,4.489954]]}},{"type":"Feature","properties":{"linea":"6-2-56","parcela":"6-2","palmas":22},"geometry":{"type":"LineString","coordinates":[[-72.996636,4.490848],[-72.995138,4.490036]]}},{"type":"Feature","properties":{"linea":"6-2-57","parcela":"6-2","palmas":21},"geometry":{"type":"LineString","coordinates":[[-72.996567,4.49089],[-72.99514,4.490117]]}},{"type":"Feature","properties":{"linea":"6-2-58","parcela":"6-2","palmas":20},"geometry":{"type":"LineString","coordinates":[[-72.996498,4.490933],[-72.995142,4.490198]]}},{"type":"Feature","properties":{"linea":"6-2-59","parcela":"6-2","palmas":19},"geometry":{"type":"LineString","coordinates":[[-72.996429,4.490976],[-72.995145,4.490279]]}},{"type":"Feature","properties":{"linea":"6-2-60","parcela":"6-2","palmas":18},"geometry":{"type":"LineString","coordinates":[[-72.99636,4.491018],[-72.995147,4.490361]]}},{"type":"Feature","properties":{"linea":"6-2-61","parcela":"6-2","palmas":17},"geometry":{"type":"LineString","coordinates":[[-72.996291,4.491061],[-72.995149,4.490442]]}},{"type":"Feature","properties":{"linea":"6-2-62","parcela":"6-2","palmas":16},"geometry":{"type":"LineString","coordinates":[[-72.996222,4.491104],[-72.995152,4.490524]]}},{"type":"Feature","properties":{"linea":"6-2-63","parcela":"6-2","palmas":15},"geometry":{"type":"LineString","coordinates":[[-72.996153,4.491146],[-72.995154,4.490605]]}},{"type":"Feature","properties":{"linea":"6-2-64","parcela":"6-2","palmas":14},"geometry":{"type":"LineString","coordinates":[[-72.996084,4.491189],[-72.995156,4.490686]]}},{"type":"Feature","properties":{"linea":"6-2-65","parcela":"6-2","palmas":13},"geometry":{"type":"LineString","coordinates":[[-72.996015,4.491232],[-72.995159,4.490768]]}},{"type":"Feature","properties":{"linea":"6-2-66","parcela":"6-2","palmas":12},"geometry":{"type":"LineString","coordinates":[[-72.995946,4.491274],[-72.995161,4.490849]]}},{"type":"Feature","properties":{"linea":"6-2-67","parcela":"6-2","palmas":11},"geometry":{"type":"LineString","coordinates":[[-72.995877,4.491317],[-72.995163,4.49093]]}},{"type":"Feature","properties":{"linea":"6-2-68","parcela":"6-2","palmas":10},"geometry":{"type":"LineString","coordinates":[[-72.995807,4.491359],[-72.995166,4.491012]]}},{"type":"Feature","properties":{"linea":"6-2-69","parcela":"6-2","palmas":8},"geometry":{"type":"LineString","coordinates":[[-72.99581,4.491441],[-72.995311,4.49117]]}},{"type":"Feature","properties":{"linea":"6-2-70","parcela":"6-2","palmas":7},"geometry":{"type":"LineString","coordinates":[[-72.995741,4.491484],[-72.995313,4.491252]]}},{"type":"Feature","properties":{"linea":"6-2-71","parcela":"6-2","palmas":6},"geometry":{"type":"LineString","coordinates":[[-72.995672,4.491526],[-72.995315,4.491333]]}},{"type":"Feature","properties":{"linea":"6-2-72","parcela":"6-2","palmas":6},"geometry":{"type":"LineString","coordinates":[[-72.995674,4.491607],[-72.995317,4.491414]]}},{"type":"Feature","properties":{"linea":"6-2-73","parcela":"6-2","palmas":7},"geometry":{"type":"LineString","coordinates":[[-72.995653,4.491676],[-72.995248,4.491457]]}},{"type":"Feature","properties":{"linea":"6-2-74","parcela":"6-2","palmas":6},"geometry":{"type":"LineString","coordinates":[[-72.995608,4.491732],[-72.995251,4.491538]]}},{"type":"Feature","properties":{"linea":"6-2-75","parcela":"6-2","palmas":6},"geometry":{"type":"LineString","coordinates":[[-72.995538,4.491774],[-72.995182,4.491581]]}},{"type":"Feature","properties":{"linea":"6-2-76","parcela":"6-2","palmas":6},"geometry":{"type":"LineString","coordinates":[[-72.995541,4.491856],[-72.995184,4.491662]]}},{"type":"Feature","properties":{"linea":"6-2-77","parcela":"6-2","palmas":5},"geometry":{"type":"LineString","coordinates":[[-72.995472,4.491898],[-72.995186,4.491744]]}},{"type":"Feature","properties":{"linea":"6-2-78","parcela":"6-2","palmas":5},"geometry":{"type":"LineString","coordinates":[[-72.995474,4.49198],[-72.995189,4.491825]]}},{"type":"Feature","properties":{"linea":"6-2-79","parcela":"6-2","palmas":4},"geometry":{"type":"LineString","coordinates":[[-72.995405,4.492022],[-72.995191,4.491906]]}},{"type":"Feature","properties":{"linea":"6-2-80","parcela":"6-2","palmas":4},"geometry":{"type":"LineString","coordinates":[[-72.995407,4.492104],[-72.995193,4.491988]]}},{"type":"Feature","properties":{"linea":"6-2-81","parcela":"6-2","palmas":3},"geometry":{"type":"LineString","coordinates":[[-72.995338,4.492146],[-72.995196,4.492069]]}},{"type":"Feature","properties":{"linea":"6-2-82","parcela":"6-2","palmas":3},"geometry":{"type":"LineString","coordinates":[[-72.995341,4.492228],[-72.995198,4.49215]]}},{"type":"Feature","properties":{"linea":"6-2-83","parcela":"6-2","palmas":2},"geometry":{"type":"LineString","coordinates":[[-72.995271,4.49227],[-72.9952,4.492232]]}},{"type":"Feature","properties":{"linea":"6-2-86","parcela":"6-2","palmas":2},"geometry":{"type":"LineString","coordinates":[[-72.997128,4.490874],[-72.997057,4.490835]]}},{"type":"Feature","properties":{"linea":"6-2-87","parcela":"6-2","palmas":3},"geometry":{"type":"LineString","coordinates":[[-72.997131,4.490955],[-72.996988,4.490878]]}},{"type":"Feature","properties":{"linea":"6-2-88","parcela":"6-2","palmas":4},"geometry":{"type":"LineString","coordinates":[[-72.997133,4.491037],[-72.996919,4.490921]]}},{"type":"Feature","properties":{"linea":"6-2-89","parcela":"6-2","palmas":4},"geometry":{"type":"LineString","coordinates":[[-72.997135,4.491118],[-72.996921,4.491002]]}},{"type":"Feature","properties":{"linea":"6-2-90","parcela":"6-2","palmas":5},"geometry":{"type":"LineString","coordinates":[[-72.997138,4.491199],[-72.996852,4.491045]]}},{"type":"Feature","properties":{"linea":"6-2-91","parcela":"6-2","palmas":7},"geometry":{"type":"LineString","coordinates":[[-72.99714,4.491281],[-72.996712,4.491049]]}},{"type":"Feature","properties":{"linea":"6-2-92","parcela":"6-2","palmas":8},"geometry":{"type":"LineString","coordinates":[[-72.997142,4.491362],[-72.996643,4.491091]]}},{"type":"Feature","properties":{"linea":"6-2-93","parcela":"6-2","palmas":9},"geometry":{"type":"LineString","coordinates":[[-72.997145,4.491443],[-72.996574,4.491134]]}},{"type":"Feature","properties":{"linea":"6-2-94","parcela":"6-2","palmas":10},"geometry":{"type":"LineString","coordinates":[[-72.997147,4.491525],[-72.996505,4.491177]]}},{"type":"Feature","properties":{"linea":"6-2-95","parcela":"6-2","palmas":11},"geometry":{"type":"LineString","coordinates":[[-72.997149,4.491606],[-72.996436,4.491219]]}},{"type":"Feature","properties":{"linea":"6-2-96","parcela":"6-2","palmas":12},"geometry":{"type":"LineString","coordinates":[[-72.997152,4.491688],[-72.996367,4.491262]]}},{"type":"Feature","properties":{"linea":"6-2-97","parcela":"6-2","palmas":12},"geometry":{"type":"LineString","coordinates":[[-72.997154,4.491769],[-72.996369,4.491344]]}},{"type":"Feature","properties":{"linea":"6-2-98","parcela":"6-2","palmas":14},"geometry":{"type":"LineString","coordinates":[[-72.997156,4.49185],[-72.996229,4.491347]]}},{"type":"Feature","properties":{"linea":"6-2-99","parcela":"6-2","palmas":15},"geometry":{"type":"LineString","coordinates":[[-72.997159,4.491931],[-72.99616,4.49139]]}},{"type":"Feature","properties":{"linea":"6-2-100","parcela":"6-2","palmas":15},"geometry":{"type":"LineString","coordinates":[[-72.997161,4.492013],[-72.996162,4.491472]]}},{"type":"Feature","properties":{"linea":"6-2-101","parcela":"6-2","palmas":16},"geometry":{"type":"LineString","coordinates":[[-72.997163,4.492094],[-72.996093,4.491514]]}},{"type":"Feature","properties":{"linea":"6-2-102","parcela":"6-2","palmas":17},"geometry":{"type":"LineString","coordinates":[[-72.997165,4.492176],[-72.996024,4.491557]]}},{"type":"Feature","properties":{"linea":"6-2-103","parcela":"6-2","palmas":18},"geometry":{"type":"LineString","coordinates":[[-72.997168,4.492257],[-72.995955,4.491599]]}},{"type":"Feature","properties":{"linea":"6-2-104","parcela":"6-2","palmas":19},"geometry":{"type":"LineString","coordinates":[[-72.99717,4.492338],[-72.995886,4.491642]]}},{"type":"Feature","properties":{"linea":"6-2-105","parcela":"6-2","palmas":20},"geometry":{"type":"LineString","coordinates":[[-72.997172,4.492419],[-72.995817,4.491685]]}},{"type":"Feature","properties":{"linea":"6-2-106","parcela":"6-2","palmas":20},"geometry":{"type":"LineString","coordinates":[[-72.997175,4.492501],[-72.995819,4.491766]]}},{"type":"Feature","properties":{"linea":"6-2-107","parcela":"6-2","palmas":21},"geometry":{"type":"LineString","coordinates":[[-72.997177,4.492582],[-72.99575,4.491809]]}},{"type":"Feature","properties":{"linea":"6-2-108","parcela":"6-2","palmas":21},"geometry":{"type":"LineString","coordinates":[[-72.997179,4.492664],[-72.995752,4.49189]]}},{"type":"Feature","properties":{"linea":"6-2-109","parcela":"6-2","palmas":22},"geometry":{"type":"LineString","coordinates":[[-72.997182,4.492745],[-72.995683,4.491933]]}},{"type":"Feature","properties":{"linea":"6-2-110","parcela":"6-2","palmas":22},"geometry":{"type":"LineString","coordinates":[[-72.997184,4.492826],[-72.995686,4.492014]]}},{"type":"Feature","properties":{"linea":"6-2-111","parcela":"6-2","palmas":23},"geometry":{"type":"LineString","coordinates":[[-72.997186,4.492908],[-72.995617,4.492057]]}},{"type":"Feature","properties":{"linea":"6-2-112","parcela":"6-2","palmas":23},"geometry":{"type":"LineString","coordinates":[[-72.997189,4.492989],[-72.995619,4.492138]]}},{"type":"Feature","properties":{"linea":"6-2-113","parcela":"6-2","palmas":24},"geometry":{"type":"LineString","coordinates":[[-72.997191,4.49307],[-72.99555,4.492181]]}},{"type":"Feature","properties":{"linea":"6-2-114","parcela":"6-2","palmas":24},"geometry":{"type":"LineString","coordinates":[[-72.997193,4.493152],[-72.995552,4.492262]]}},{"type":"Feature","properties":{"linea":"6-2-115","parcela":"6-2","palmas":24},"geometry":{"type":"LineString","coordinates":[[-72.997196,4.493233],[-72.995554,4.492344]]}},{"type":"Feature","properties":{"linea":"6-2-116","parcela":"6-2","palmas":24},"geometry":{"type":"LineString","coordinates":[[-72.997126,4.493276],[-72.995486,4.492386]]}},{"type":"Feature","properties":{"linea":"6-2-117","parcela":"6-2","palmas":27},"geometry":{"type":"LineString","coordinates":[[-72.9972,4.493396],[-72.995345,4.49239]]}},{"type":"Feature","properties":{"linea":"6-2-118","parcela":"6-2","palmas":27},"geometry":{"type":"LineString","coordinates":[[-72.997131,4.493438],[-72.995276,4.492433]]}},{"type":"Feature","properties":{"linea":"6-2-119","parcela":"6-2","palmas":29},"geometry":{"type":"LineString","coordinates":[[-72.997205,4.493558],[-72.995207,4.492476]]}},{"type":"Feature","properties":{"linea":"6-2-120","parcela":"6-2","palmas":29},"geometry":{"type":"LineString","coordinates":[[-72.997207,4.49364],[-72.995209,4.492557]]}},{"type":"Feature","properties":{"linea":"6-2-121","parcela":"6-2","palmas":29},"geometry":{"type":"LineString","coordinates":[[-72.997209,4.493721],[-72.995212,4.492638]]}},{"type":"Feature","properties":{"linea":"6-2-122","parcela":"6-2","palmas":29},"geometry":{"type":"LineString","coordinates":[[-72.997212,4.493802],[-72.995214,4.49272]]}},{"type":"Feature","properties":{"linea":"6-2-123","parcela":"6-2","palmas":29},"geometry":{"type":"LineString","coordinates":[[-72.997214,4.493884],[-72.995216,4.492801]]}},{"type":"Feature","properties":{"linea":"6-2-124","parcela":"6-2","palmas":29},"geometry":{"type":"LineString","coordinates":[[-72.997216,4.493965],[-72.995219,4.492883]]}},{"type":"Feature","properties":{"linea":"6-2-125","parcela":"6-2","palmas":29},"geometry":{"type":"LineString","coordinates":[[-72.997219,4.494046],[-72.995221,4.492964]]}},{"type":"Feature","properties":{"linea":"6-2-126","parcela":"6-2","palmas":29},"geometry":{"type":"LineString","coordinates":[[-72.997221,4.494128],[-72.995223,4.493045]]}},{"type":"Feature","properties":{"linea":"6-2-127","parcela":"6-2","palmas":29},"geometry":{"type":"LineString","coordinates":[[-72.997223,4.494209],[-72.995226,4.493126]]}},{"type":"Feature","properties":{"linea":"6-2-128","parcela":"6-2","palmas":29},"geometry":{"type":"LineString","coordinates":[[-72.997226,4.49429],[-72.995228,4.493208]]}},{"type":"Feature","properties":{"linea":"6-2-129","parcela":"6-2","palmas":29},"geometry":{"type":"LineString","coordinates":[[-72.997228,4.494372],[-72.99523,4.493289]]}},{"type":"Feature","properties":{"linea":"6-2-130","parcela":"6-2","palmas":29},"geometry":{"type":"LineString","coordinates":[[-72.99723,4.494453],[-72.995233,4.493371]]}},{"type":"Feature","properties":{"linea":"6-2-131","parcela":"6-2","palmas":29},"geometry":{"type":"LineString","coordinates":[[-72.997232,4.494534],[-72.995235,4.493452]]}},{"type":"Feature","properties":{"linea":"6-2-132","parcela":"6-2","palmas":29},"geometry":{"type":"LineString","coordinates":[[-72.997235,4.494616],[-72.995237,4.493533]]}},{"type":"Feature","properties":{"linea":"6-2-133","parcela":"6-2","palmas":29},"geometry":{"type":"LineString","coordinates":[[-72.997237,4.494697],[-72.995239,4.493614]]}},{"type":"Feature","properties":{"linea":"6-2-134","parcela":"6-2","palmas":29},"geometry":{"type":"LineString","coordinates":[[-72.997239,4.494778],[-72.995242,4.493696]]}},{"type":"Feature","properties":{"linea":"6-2-135","parcela":"6-2","palmas":29},"geometry":{"type":"LineString","coordinates":[[-72.997242,4.49486],[-72.995244,4.493777]]}},{"type":"Feature","properties":{"linea":"6-2-136","parcela":"6-2","palmas":29},"geometry":{"type":"LineString","coordinates":[[-72.997244,4.494941],[-72.995246,4.493859]]}},{"type":"Feature","properties":{"linea":"6-2-137","parcela":"6-2","palmas":29},"geometry":{"type":"LineString","coordinates":[[-72.997246,4.495023],[-72.995249,4.49394]]}},{"type":"Feature","properties":{"linea":"6-2-138","parcela":"6-2","palmas":29},"geometry":{"type":"LineString","coordinates":[[-72.997249,4.495104],[-72.995251,4.494021]]}},{"type":"Feature","properties":{"linea":"6-2-139","parcela":"6-2","palmas":29},"geometry":{"type":"LineString","coordinates":[[-72.997251,4.495185],[-72.995253,4.494103]]}},{"type":"Feature","properties":{"linea":"6-2-140","parcela":"6-2","palmas":29},"geometry":{"type":"LineString","coordinates":[[-72.997253,4.495266],[-72.995256,4.494184]]}},{"type":"Feature","properties":{"linea":"6-2-141","parcela":"6-2","palmas":29},"geometry":{"type":"LineString","coordinates":[[-72.997256,4.495348],[-72.995258,4.494265]]}},{"type":"Feature","properties":{"linea":"6-2-142","parcela":"6-2","palmas":29},"geometry":{"type":"LineString","coordinates":[[-72.997258,4.495429],[-72.99526,4.494347]]}},{"type":"Feature","properties":{"linea":"6-2-143","parcela":"6-2","palmas":29},"geometry":{"type":"LineString","coordinates":[[-72.99726,4.495511],[-72.995262,4.494428]]}},{"type":"Feature","properties":{"linea":"6-2-144","parcela":"6-2","palmas":29},"geometry":{"type":"LineString","coordinates":[[-72.997263,4.495592],[-72.995265,4.494509]]}},{"type":"Feature","properties":{"linea":"6-2-145","parcela":"6-2","palmas":29},"geometry":{"type":"LineString","coordinates":[[-72.997265,4.495673],[-72.995267,4.494591]]}},{"type":"Feature","properties":{"linea":"6-2-146","parcela":"6-2","palmas":29},"geometry":{"type":"LineString","coordinates":[[-72.997267,4.495754],[-72.995269,4.494672]]}},{"type":"Feature","properties":{"linea":"6-2-147","parcela":"6-2","palmas":29},"geometry":{"type":"LineString","coordinates":[[-72.997269,4.495836],[-72.995272,4.494753]]}},{"type":"Feature","properties":{"linea":"6-2-148","parcela":"6-2","palmas":29},"geometry":{"type":"LineString","coordinates":[[-72.997272,4.495917],[-72.995274,4.494835]]}},{"type":"Feature","properties":{"linea":"6-2-149","parcela":"6-2","palmas":29},"geometry":{"type":"LineString","coordinates":[[-72.997274,4.495999],[-72.995276,4.494916]]}},{"type":"Feature","properties":{"linea":"6-2-150","parcela":"6-2","palmas":29},"geometry":{"type":"LineString","coordinates":[[-72.997276,4.49608],[-72.995279,4.494997]]}},{"type":"Feature","properties":{"linea":"6-2-151","parcela":"6-2","palmas":29},"geometry":{"type":"LineString","coordinates":[[-72.997279,4.496161],[-72.995281,4.495079]]}},{"type":"Feature","properties":{"linea":"6-2-152","parcela":"6-2","palmas":29},"geometry":{"type":"LineString","coordinates":[[-72.997281,4.496243],[-72.995283,4.49516]]}},{"type":"Feature","properties":{"linea":"6-2-153","parcela":"6-2","palmas":29},"geometry":{"type":"LineString","coordinates":[[-72.997283,4.496324],[-72.995286,4.495241]]}},{"type":"Feature","properties":{"linea":"6-2-154","parcela":"6-2","palmas":29},"geometry":{"type":"LineString","coordinates":[[-72.997286,4.496405],[-72.995288,4.495323]]}},{"type":"Feature","properties":{"linea":"6-2-155","parcela":"6-2","palmas":29},"geometry":{"type":"LineString","coordinates":[[-72.997288,4.496487],[-72.99529,4.495404]]}},{"type":"Feature","properties":{"linea":"6-2-156","parcela":"6-2","palmas":29},"geometry":{"type":"LineString","coordinates":[[-72.99729,4.496568],[-72.995293,4.495485]]}},{"type":"Feature","properties":{"linea":"6-2-157","parcela":"6-2","palmas":29},"geometry":{"type":"LineString","coordinates":[[-72.997293,4.496649],[-72.995295,4.495567]]}},{"type":"Feature","properties":{"linea":"6-2-158","parcela":"6-2","palmas":29},"geometry":{"type":"LineString","coordinates":[[-72.997295,4.496731],[-72.995297,4.495648]]}},{"type":"Feature","properties":{"linea":"6-2-159","parcela":"6-2","palmas":29},"geometry":{"type":"LineString","coordinates":[[-72.997297,4.496812],[-72.995299,4.495729]]}},{"type":"Feature","properties":{"linea":"6-2-160","parcela":"6-2","palmas":29},"geometry":{"type":"LineString","coordinates":[[-72.997299,4.496893],[-72.995302,4.495811]]}},{"type":"Feature","properties":{"linea":"6-2-161","parcela":"6-2","palmas":29},"geometry":{"type":"LineString","coordinates":[[-72.997302,4.496975],[-72.995304,4.495892]]}},{"type":"Feature","properties":{"linea":"6-2-162","parcela":"6-2","palmas":29},"geometry":{"type":"LineString","coordinates":[[-72.997304,4.497056],[-72.995306,4.495973]]}},{"type":"Feature","properties":{"linea":"6-2-163","parcela":"6-2","palmas":29},"geometry":{"type":"LineString","coordinates":[[-72.997306,4.497137],[-72.995309,4.496055]]}},{"type":"Feature","properties":{"linea":"6-2-164","parcela":"6-2","palmas":29},"geometry":{"type":"LineString","coordinates":[[-72.997309,4.497219],[-72.995311,4.496136]]}},{"type":"Feature","properties":{"linea":"6-2-165","parcela":"6-2","palmas":29},"geometry":{"type":"LineString","coordinates":[[-72.997311,4.4973],[-72.995313,4.496218]]}},{"type":"Feature","properties":{"linea":"6-2-166","parcela":"6-2","palmas":29},"geometry":{"type":"LineString","coordinates":[[-72.997313,4.497381],[-72.995316,4.496299]]}},{"type":"Feature","properties":{"linea":"6-2-167","parcela":"6-2","palmas":29},"geometry":{"type":"LineString","coordinates":[[-72.997316,4.497463],[-72.995318,4.49638]]}},{"type":"Feature","properties":{"linea":"6-2-168","parcela":"6-2","palmas":27},"geometry":{"type":"LineString","coordinates":[[-72.997318,4.497544],[-72.995463,4.496539]]}},{"type":"Feature","properties":{"linea":"6-2-169","parcela":"6-2","palmas":29},"geometry":{"type":"LineString","coordinates":[[-72.99732,4.497625],[-72.995323,4.496543]]}},{"type":"Feature","properties":{"linea":"6-2-170","parcela":"6-2","palmas":29},"geometry":{"type":"LineString","coordinates":[[-72.997322,4.497707],[-72.995325,4.496624]]}},{"type":"Feature","properties":{"linea":"6-2-171","parcela":"6-2","palmas":29},"geometry":{"type":"LineString","coordinates":[[-72.997325,4.497788],[-72.995327,4.496706]]}},{"type":"Feature","properties":{"linea":"6-2-172","parcela":"6-2","palmas":29},"geometry":{"type":"LineString","coordinates":[[-72.997327,4.497869],[-72.995329,4.496787]]}},{"type":"Feature","properties":{"linea":"6-2-173","parcela":"6-2","palmas":29},"geometry":{"type":"LineString","coordinates":[[-72.997329,4.497951],[-72.995332,4.496868]]}},{"type":"Feature","properties":{"linea":"6-2-174","parcela":"6-2","palmas":29},"geometry":{"type":"LineString","coordinates":[[-72.997332,4.498032],[-72.995334,4.496949]]}},{"type":"Feature","properties":{"linea":"6-2-175","parcela":"6-2","palmas":29},"geometry":{"type":"LineString","coordinates":[[-72.997334,4.498113],[-72.995336,4.497031]]}},{"type":"Feature","properties":{"linea":"6-2-176","parcela":"6-2","palmas":29},"geometry":{"type":"LineString","coordinates":[[-72.997336,4.498195],[-72.995339,4.497112]]}},{"type":"Feature","properties":{"linea":"6-2-177","parcela":"6-2","palmas":29},"geometry":{"type":"LineString","coordinates":[[-72.997339,4.498276],[-72.995341,4.497194]]}},{"type":"Feature","properties":{"linea":"6-2-178","parcela":"6-2","palmas":29},"geometry":{"type":"LineString","coordinates":[[-72.997341,4.498358],[-72.995343,4.497275]]}},{"type":"Feature","properties":{"linea":"6-2-179","parcela":"6-2","palmas":29},"geometry":{"type":"LineString","coordinates":[[-72.997343,4.498439],[-72.995346,4.497356]]}},{"type":"Feature","properties":{"linea":"6-2-180","parcela":"6-2","palmas":29},"geometry":{"type":"LineString","coordinates":[[-72.997346,4.49852],[-72.995348,4.497438]]}},{"type":"Feature","properties":{"linea":"6-2-181","parcela":"6-2","palmas":29},"geometry":{"type":"LineString","coordinates":[[-72.997348,4.498601],[-72.99535,4.497519]]}},{"type":"Feature","properties":{"linea":"6-2-182","parcela":"6-2","palmas":29},"geometry":{"type":"LineString","coordinates":[[-72.99735,4.498683],[-72.995352,4.4976]]}},{"type":"Feature","properties":{"linea":"6-2-183","parcela":"6-2","palmas":28},"geometry":{"type":"LineString","coordinates":[[-72.997353,4.498764],[-72.995355,4.497682]]}},{"type":"Feature","properties":{"linea":"6-2-184","parcela":"6-2","palmas":12},"geometry":{"type":"LineString","coordinates":[[-72.997355,4.498846],[-72.99657,4.49842]]}},{"type":"Feature","properties":{"linea":"6-2-185","parcela":"6-2","palmas":29},"geometry":{"type":"LineString","coordinates":[[-72.997359,4.499008],[-72.995362,4.497926]]}},{"type":"Feature","properties":{"linea":"6-2-186","parcela":"6-2","palmas":29},"geometry":{"type":"LineString","coordinates":[[-72.997362,4.499089],[-72.995364,4.498007]]}},{"type":"Feature","properties":{"linea":"6-2-187","parcela":"6-2","palmas":29},"geometry":{"type":"LineString","coordinates":[[-72.997364,4.499171],[-72.995366,4.498088]]}},{"type":"Feature","properties":{"linea":"6-2-188","parcela":"6-2","palmas":29},"geometry":{"type":"LineString","coordinates":[[-72.997366,4.499252],[-72.995369,4.49817]]}},{"type":"Feature","properties":{"linea":"6-2-189","parcela":"6-2","palmas":29},"geometry":{"type":"LineString","coordinates":[[-72.997369,4.499334],[-72.995371,4.498251]]}},{"type":"Feature","properties":{"linea":"6-2-190","parcela":"6-2","palmas":29},"geometry":{"type":"LineString","coordinates":[[-72.997371,4.499415],[-72.995373,4.498332]]}},{"type":"Feature","properties":{"linea":"6-2-191","parcela":"6-2","palmas":29},"geometry":{"type":"LineString","coordinates":[[-72.997373,4.499496],[-72.995376,4.498414]]}},{"type":"Feature","properties":{"linea":"6-2-192","parcela":"6-2","palmas":29},"geometry":{"type":"LineString","coordinates":[[-72.997376,4.499578],[-72.995378,4.498495]]}},{"type":"Feature","properties":{"linea":"6-2-193","parcela":"6-2","palmas":29},"geometry":{"type":"LineString","coordinates":[[-72.997378,4.499659],[-72.99538,4.498576]]}},{"type":"Feature","properties":{"linea":"6-2-194","parcela":"6-2","palmas":29},"geometry":{"type":"LineString","coordinates":[[-72.99738,4.49974],[-72.995383,4.498658]]}},{"type":"Feature","properties":{"linea":"6-2-195","parcela":"6-2","palmas":29},"geometry":{"type":"LineString","coordinates":[[-72.997383,4.499822],[-72.995385,4.498739]]}},{"type":"Feature","properties":{"linea":"6-2-196","parcela":"6-2","palmas":29},"geometry":{"type":"LineString","coordinates":[[-72.997385,4.499903],[-72.995387,4.49882]]}},{"type":"Feature","properties":{"linea":"6-2-197","parcela":"6-2","palmas":29},"geometry":{"type":"LineString","coordinates":[[-72.997387,4.499984],[-72.995389,4.498902]]}},{"type":"Feature","properties":{"linea":"6-2-198","parcela":"6-2","palmas":29},"geometry":{"type":"LineString","coordinates":[[-72.997389,4.500066],[-72.995392,4.498983]]}},{"type":"Feature","properties":{"linea":"6-2-199","parcela":"6-2","palmas":29},"geometry":{"type":"LineString","coordinates":[[-72.997392,4.500147],[-72.995394,4.499064]]}},{"type":"Feature","properties":{"linea":"6-2-200","parcela":"6-2","palmas":29},"geometry":{"type":"LineString","coordinates":[[-72.997394,4.500228],[-72.995396,4.499146]]}},{"type":"Feature","properties":{"linea":"6-2-201","parcela":"6-2","palmas":29},"geometry":{"type":"LineString","coordinates":[[-72.997396,4.500309],[-72.995399,4.499227]]}},{"type":"Feature","properties":{"linea":"6-2-202","parcela":"6-2","palmas":29},"geometry":{"type":"LineString","coordinates":[[-72.997399,4.500391],[-72.995401,4.499308]]}},{"type":"Feature","properties":{"linea":"6-2-203","parcela":"6-2","palmas":29},"geometry":{"type":"LineString","coordinates":[[-72.997401,4.500472],[-72.995403,4.49939]]}},{"type":"Feature","properties":{"linea":"6-2-204","parcela":"6-2","palmas":28},"geometry":{"type":"LineString","coordinates":[[-72.997403,4.500554],[-72.995477,4.49951]]}},{"type":"Feature","properties":{"linea":"6-2-205","parcela":"6-2","palmas":29},"geometry":{"type":"LineString","coordinates":[[-72.997406,4.500635],[-72.995408,4.499553]]}},{"type":"Feature","properties":{"linea":"6-2-206","parcela":"6-2","palmas":29},"geometry":{"type":"LineString","coordinates":[[-72.997408,4.500716],[-72.99541,4.499634]]}},{"type":"Feature","properties":{"linea":"6-2-207","parcela":"6-2","palmas":29},"geometry":{"type":"LineString","coordinates":[[-72.99741,4.500798],[-72.995413,4.499715]]}},{"type":"Feature","properties":{"linea":"6-2-208","parcela":"6-2","palmas":29},"geometry":{"type":"LineString","coordinates":[[-72.997412,4.500879],[-72.995415,4.499796]]}},{"type":"Feature","properties":{"linea":"6-2-209","parcela":"6-2","palmas":29},"geometry":{"type":"LineString","coordinates":[[-72.997415,4.50096],[-72.995417,4.499878]]}},{"type":"Feature","properties":{"linea":"6-2-210","parcela":"6-2","palmas":29},"geometry":{"type":"LineString","coordinates":[[-72.997417,4.501042],[-72.995419,4.499959]]}},{"type":"Feature","properties":{"linea":"6-2-211","parcela":"6-2","palmas":29},"geometry":{"type":"LineString","coordinates":[[-72.997419,4.501123],[-72.995422,4.500041]]}},{"type":"Feature","properties":{"linea":"6-2-212","parcela":"6-2","palmas":29},"geometry":{"type":"LineString","coordinates":[[-72.997422,4.501204],[-72.995424,4.500122]]}},{"type":"Feature","properties":{"linea":"6-2-213","parcela":"6-2","palmas":29},"geometry":{"type":"LineString","coordinates":[[-72.997424,4.501286],[-72.995426,4.500203]]}},{"type":"Feature","properties":{"linea":"6-2-214","parcela":"6-2","palmas":29},"geometry":{"type":"LineString","coordinates":[[-72.997426,4.501367],[-72.995429,4.500284]]}},{"type":"Feature","properties":{"linea":"6-2-215","parcela":"6-2","palmas":29},"geometry":{"type":"LineString","coordinates":[[-72.997429,4.501448],[-72.995431,4.500366]]}},{"type":"Feature","properties":{"linea":"6-2-216","parcela":"6-2","palmas":29},"geometry":{"type":"LineString","coordinates":[[-72.997431,4.50153],[-72.995433,4.500447]]}},{"type":"Feature","properties":{"linea":"6-2-217","parcela":"6-2","palmas":29},"geometry":{"type":"LineString","coordinates":[[-72.997433,4.501611],[-72.995436,4.500528]]}},{"type":"Feature","properties":{"linea":"6-2-218","parcela":"6-2","palmas":19},"geometry":{"type":"LineString","coordinates":[[-72.997436,4.501692],[-72.996151,4.500996]]}},{"type":"Feature","properties":{"linea":"6-2-219","parcela":"6-2","palmas":18},"geometry":{"type":"LineString","coordinates":[[-72.997438,4.501774],[-72.996225,4.501116]]}},{"type":"Feature","properties":{"linea":"6-2-220","parcela":"6-2","palmas":18},"geometry":{"type":"LineString","coordinates":[[-72.99744,4.501855],[-72.996228,4.501198]]}},{"type":"Feature","properties":{"linea":"6-2-221","parcela":"6-2","palmas":17},"geometry":{"type":"LineString","coordinates":[[-72.997443,4.501936],[-72.996301,4.501318]]}},{"type":"Feature","properties":{"linea":"6-2-222","parcela":"6-2","palmas":17},"geometry":{"type":"LineString","coordinates":[[-72.997445,4.502018],[-72.996303,4.501399]]}},{"type":"Feature","properties":{"linea":"6-2-223","parcela":"6-2","palmas":17},"geometry":{"type":"LineString","coordinates":[[-72.997447,4.502099],[-72.996306,4.501481]]}},{"type":"Feature","properties":{"linea":"6-2-224","parcela":"6-2","palmas":17},"geometry":{"type":"LineString","coordinates":[[-72.997449,4.50218],[-72.996308,4.501562]]}},{"type":"Feature","properties":{"linea":"6-2-225","parcela":"6-2","palmas":18},"geometry":{"type":"LineString","coordinates":[[-72.997452,4.502262],[-72.996239,4.501604]]}},{"type":"Feature","properties":{"linea":"6-2-226","parcela":"6-2","palmas":19},"geometry":{"type":"LineString","coordinates":[[-72.997454,4.502343],[-72.99617,4.501647]]}},{"type":"Feature","properties":{"linea":"6-2-227","parcela":"6-2","palmas":20},"geometry":{"type":"LineString","coordinates":[[-72.997456,4.502424],[-72.996101,4.50169]]}},{"type":"Feature","properties":{"linea":"6-2-228","parcela":"6-2","palmas":21},"geometry":{"type":"LineString","coordinates":[[-72.997459,4.502506],[-72.996032,4.501733]]}},{"type":"Feature","properties":{"linea":"6-2-229","parcela":"6-2","palmas":22},"geometry":{"type":"LineString","coordinates":[[-72.997461,4.502587],[-72.995963,4.501775]]}},{"type":"Feature","properties":{"linea":"6-2-230","parcela":"6-2","palmas":23},"geometry":{"type":"LineString","coordinates":[[-72.997463,4.502668],[-72.995894,4.501818]]}},{"type":"Feature","properties":{"linea":"6-2-231","parcela":"6-2","palmas":23},"geometry":{"type":"LineString","coordinates":[[-72.997466,4.50275],[-72.995896,4.501899]]}},{"type":"Feature","properties":{"linea":"6-2-232","parcela":"6-2","palmas":24},"geometry":{"type":"LineString","coordinates":[[-72.997468,4.502831],[-72.995827,4.501942]]}},{"type":"Feature","properties":{"linea":"6-2-233","parcela":"6-2","palmas":24},"geometry":{"type":"LineString","coordinates":[[-72.99747,4.502912],[-72.995829,4.502023]]}},{"type":"Feature","properties":{"linea":"6-2-234","parcela":"6-2","palmas":24},"geometry":{"type":"LineString","coordinates":[[-72.997473,4.502994],[-72.995832,4.502104]]}},{"type":"Feature","properties":{"linea":"6-2-235","parcela":"6-2","palmas":6},"geometry":{"type":"LineString","coordinates":[[-72.997493,4.503726],[-72.997482,4.503319]]}},{"type":"Feature","properties":{"linea":"6-2-236","parcela":"6-2","palmas":6},"geometry":{"type":"LineString","coordinates":[[-72.997424,4.503769],[-72.997413,4.503362]]}},{"type":"Feature","properties":{"linea":"6-2-237","parcela":"6-2","palmas":3},"geometry":{"type":"LineString","coordinates":[[-72.997353,4.50373],[-72.997348,4.503567]]}},{"type":"Feature","properties":{"linea":"6-2-240","parcela":"6-2","palmas":4},"geometry":{"type":"LineString","coordinates":[[-72.997341,4.503323],[-72.997334,4.503079]]}},{"type":"Feature","properties":{"linea":"6-2-241","parcela":"6-2","palmas":6},"geometry":{"type":"LineString","coordinates":[[-72.997275,4.503447],[-72.997263,4.503041]]}},{"type":"Feature","properties":{"linea":"6-2-242","parcela":"6-2","palmas":9},"geometry":{"type":"LineString","coordinates":[[-72.99721,4.503653],[-72.997192,4.503002]]}},{"type":"Feature","properties":{"linea":"6-2-243","parcela":"6-2","palmas":11},"geometry":{"type":"LineString","coordinates":[[-72.997144,4.503777],[-72.997121,4.502963]]}},{"type":"Feature","properties":{"linea":"6-2-244","parcela":"6-2","palmas":11},"geometry":{"type":"LineString","coordinates":[[-72.997072,4.503738],[-72.997049,4.502924]]}},{"type":"Feature","properties":{"linea":"6-2-245","parcela":"6-2","palmas":12},"geometry":{"type":"LineString","coordinates":[[-72.997003,4.503781],[-72.996978,4.502886]]}},{"type":"Feature","properties":{"linea":"6-2-246","parcela":"6-2","palmas":12},"geometry":{"type":"LineString","coordinates":[[-72.996932,4.503742],[-72.996906,4.502847]]}},{"type":"Feature","properties":{"linea":"6-2-247","parcela":"6-2","palmas":12},"geometry":{"type":"LineString","coordinates":[[-72.996861,4.503703],[-72.996835,4.502809]]}},{"type":"Feature","properties":{"linea":"6-2-248","parcela":"6-2","palmas":13},"geometry":{"type":"LineString","coordinates":[[-72.996791,4.503746],[-72.996764,4.50277]]}},{"type":"Feature","properties":{"linea":"6-2-249","parcela":"6-2","palmas":14},"geometry":{"type":"LineString","coordinates":[[-72.996723,4.503789],[-72.996692,4.502731]]}},{"type":"Feature","properties":{"linea":"6-2-250","parcela":"6-2","palmas":14},"geometry":{"type":"LineString","coordinates":[[-72.996651,4.50375],[-72.996621,4.502693]]}},{"type":"Feature","properties":{"linea":"6-2-251","parcela":"6-2","palmas":15},"geometry":{"type":"LineString","coordinates":[[-72.996582,4.503793],[-72.99655,4.502654]]}},{"type":"Feature","properties":{"linea":"6-2-252","parcela":"6-2","palmas":15},"geometry":{"type":"LineString","coordinates":[[-72.996511,4.503754],[-72.996478,4.502615]]}},{"type":"Feature","properties":{"linea":"6-2-253","parcela":"6-2","palmas":16},"geometry":{"type":"LineString","coordinates":[[-72.996442,4.503797],[-72.996407,4.502577]]}},{"type":"Feature","properties":{"linea":"6-2-254","parcela":"6-2","palmas":16},"geometry":{"type":"LineString","coordinates":[[-72.99637,4.503758],[-72.996336,4.502538]]}},{"type":"Feature","properties":{"linea":"6-2-255","parcela":"6-2","palmas":17},"geometry":{"type":"LineString","coordinates":[[-72.996301,4.503801],[-72.996264,4.502499]]}},{"type":"Feature","properties":{"linea":"6-2-256","parcela":"6-2","palmas":17},"geometry":{"type":"LineString","coordinates":[[-72.99623,4.503762],[-72.996193,4.502461]]}},{"type":"Feature","properties":{"linea":"6-2-257","parcela":"6-2","palmas":18},"geometry":{"type":"LineString","coordinates":[[-72.996161,4.503805],[-72.996122,4.502422]]}},{"type":"Feature","properties":{"linea":"6-2-258","parcela":"6-2","palmas":18},"geometry":{"type":"LineString","coordinates":[[-72.996089,4.503766],[-72.99605,4.502383]]}},{"type":"Feature","properties":{"linea":"6-2-259","parcela":"6-2","palmas":19},"geometry":{"type":"LineString","coordinates":[[-72.996021,4.503809],[-72.995979,4.502344]]}},{"type":"Feature","properties":{"linea":"6-2-260","parcela":"6-2","palmas":19},"geometry":{"type":"LineString","coordinates":[[-72.995949,4.50377],[-72.995908,4.502306]]}},{"type":"Feature","properties":{"linea":"6-2-261","parcela":"6-2","palmas":20},"geometry":{"type":"LineString","coordinates":[[-72.99588,4.503813],[-72.995836,4.502267]]}},{"type":"Feature","properties":{"linea":"6-2-262","parcela":"6-2","palmas":20},"geometry":{"type":"LineString","coordinates":[[-72.995809,4.503774],[-72.995765,4.502229]]}},{"type":"Feature","properties":{"linea":"6-2-263","parcela":"6-2","palmas":21},"geometry":{"type":"LineString","coordinates":[[-72.99574,4.503817],[-72.995694,4.50219]]}},{"type":"Feature","properties":{"linea":"6-2-264","parcela":"6-2","palmas":21},"geometry":{"type":"LineString","coordinates":[[-72.995668,4.503778],[-72.995622,4.502151]]}},{"type":"Feature","properties":{"linea":"6-2-265","parcela":"6-2","palmas":22},"geometry":{"type":"LineString","coordinates":[[-72.995599,4.503821],[-72.995551,4.502112]]}},{"type":"Feature","properties":{"linea":"6-2-266","parcela":"6-2","palmas":22},"geometry":{"type":"LineString","coordinates":[[-72.995528,4.503782],[-72.995479,4.502074]]}},{"type":"Feature","properties":{"linea":"6-3-2","parcela":"6-3","palmas":2},"geometry":{"type":"LineString","coordinates":[[-72.992836,4.488148],[-72.992908,4.488186]]}},{"type":"Feature","properties":{"linea":"6-3-3","parcela":"6-3","palmas":3},"geometry":{"type":"LineString","coordinates":[[-72.992834,4.488066],[-72.992977,4.488144]]}},{"type":"Feature","properties":{"linea":"6-3-4","parcela":"6-3","palmas":4},"geometry":{"type":"LineString","coordinates":[[-72.992832,4.487985],[-72.993046,4.488101]]}},{"type":"Feature","properties":{"linea":"6-3-5","parcela":"6-3","palmas":5},"geometry":{"type":"LineString","coordinates":[[-72.992829,4.487904],[-72.993115,4.488058]]}},{"type":"Feature","properties":{"linea":"6-3-6","parcela":"6-3","palmas":6},"geometry":{"type":"LineString","coordinates":[[-72.992827,4.487822],[-72.993184,4.488016]]}},{"type":"Feature","properties":{"linea":"6-3-7","parcela":"6-3","palmas":7},"geometry":{"type":"LineString","coordinates":[[-72.992825,4.487741],[-72.993253,4.487973]]}},{"type":"Feature","properties":{"linea":"6-3-8","parcela":"6-3","palmas":8},"geometry":{"type":"LineString","coordinates":[[-72.992823,4.487659],[-72.993322,4.48793]]}},{"type":"Feature","properties":{"linea":"6-3-9","parcela":"6-3","palmas":9},"geometry":{"type":"LineString","coordinates":[[-72.99282,4.487578],[-72.993391,4.487888]]}},{"type":"Feature","properties":{"linea":"6-3-10","parcela":"6-3","palmas":10},"geometry":{"type":"LineString","coordinates":[[-72.992818,4.487497],[-72.99346,4.487845]]}},{"type":"Feature","properties":{"linea":"6-3-11","parcela":"6-3","palmas":11},"geometry":{"type":"LineString","coordinates":[[-72.992816,4.487416],[-72.993529,4.487802]]}},{"type":"Feature","properties":{"linea":"6-3-12","parcela":"6-3","palmas":12},"geometry":{"type":"LineString","coordinates":[[-72.992813,4.487334],[-72.993598,4.487759]]}},{"type":"Feature","properties":{"linea":"6-3-13","parcela":"6-3","palmas":13},"geometry":{"type":"LineString","coordinates":[[-72.992811,4.487253],[-72.993667,4.487717]]}},{"type":"Feature","properties":{"linea":"6-3-14","parcela":"6-3","palmas":14},"geometry":{"type":"LineString","coordinates":[[-72.992809,4.487171],[-72.993736,4.487674]]}},{"type":"Feature","properties":{"linea":"6-3-15","parcela":"6-3","palmas":15},"geometry":{"type":"LineString","coordinates":[[-72.992806,4.48709],[-72.993805,4.487631]]}},{"type":"Feature","properties":{"linea":"6-3-16","parcela":"6-3","palmas":16},"geometry":{"type":"LineString","coordinates":[[-72.992804,4.487009],[-72.993874,4.487589]]}},{"type":"Feature","properties":{"linea":"6-3-17","parcela":"6-3","palmas":16},"geometry":{"type":"LineString","coordinates":[[-72.992802,4.486928],[-72.993872,4.487508]]}},{"type":"Feature","properties":{"linea":"6-3-18","parcela":"6-3","palmas":16},"geometry":{"type":"LineString","coordinates":[[-72.992799,4.486846],[-72.993869,4.487426]]}},{"type":"Feature","properties":{"linea":"6-3-19","parcela":"6-3","palmas":16},"geometry":{"type":"LineString","coordinates":[[-72.992797,4.486765],[-72.993867,4.487345]]}},{"type":"Feature","properties":{"linea":"6-3-20","parcela":"6-3","palmas":16},"geometry":{"type":"LineString","coordinates":[[-72.992795,4.486683],[-72.993865,4.487263]]}},{"type":"Feature","properties":{"linea":"6-3-21","parcela":"6-3","palmas":16},"geometry":{"type":"LineString","coordinates":[[-72.992792,4.486602],[-72.993863,4.487182]]}},{"type":"Feature","properties":{"linea":"6-3-22","parcela":"6-3","palmas":16},"geometry":{"type":"LineString","coordinates":[[-72.99279,4.486521],[-72.99386,4.487101]]}},{"type":"Feature","properties":{"linea":"6-3-23","parcela":"6-3","palmas":16},"geometry":{"type":"LineString","coordinates":[[-72.992788,4.486439],[-72.993858,4.487019]]}},{"type":"Feature","properties":{"linea":"6-3-24","parcela":"6-3","palmas":14},"geometry":{"type":"LineString","coordinates":[[-72.992928,4.486435],[-72.993856,4.486938]]}},{"type":"Feature","properties":{"linea":"6-3-25","parcela":"6-3","palmas":12},"geometry":{"type":"LineString","coordinates":[[-72.993069,4.486431],[-72.993853,4.486857]]}},{"type":"Feature","properties":{"linea":"6-3-26","parcela":"6-3","palmas":11},"geometry":{"type":"LineString","coordinates":[[-72.993138,4.486389],[-72.993851,4.486775]]}},{"type":"Feature","properties":{"linea":"6-3-27","parcela":"6-3","palmas":9},"geometry":{"type":"LineString","coordinates":[[-72.993278,4.486385],[-72.993849,4.486694]]}},{"type":"Feature","properties":{"linea":"6-3-28","parcela":"6-3","palmas":7},"geometry":{"type":"LineString","coordinates":[[-72.993418,4.486381],[-72.993846,4.486613]]}},{"type":"Feature","properties":{"linea":"6-3-29","parcela":"6-3","palmas":5},"geometry":{"type":"LineString","coordinates":[[-72.993559,4.486377],[-72.993844,4.486531]]}},{"type":"Feature","properties":{"linea":"6-3-30","parcela":"6-3","palmas":3},"geometry":{"type":"LineString","coordinates":[[-72.993699,4.486373],[-72.993842,4.48645]]}},{"type":"Feature","properties":{"linea":"6-3-33","parcela":"6-3","palmas":4},"geometry":{"type":"LineString","coordinates":[[-72.993913,4.486489],[-72.99412,4.486361]]}},{"type":"Feature","properties":{"linea":"6-3-34","parcela":"6-3","palmas":6},"geometry":{"type":"LineString","coordinates":[[-72.993915,4.48657],[-72.994261,4.486357]]}},{"type":"Feature","properties":{"linea":"6-3-35","parcela":"6-3","palmas":8},"geometry":{"type":"LineString","coordinates":[[-72.993918,4.486651],[-72.994401,4.486352]]}},{"type":"Feature","properties":{"linea":"6-3-36","parcela":"6-3","palmas":10},"geometry":{"type":"LineString","coordinates":[[-72.99392,4.486733],[-72.994541,4.486349]]}},{"type":"Feature","properties":{"linea":"6-3-37","parcela":"6-3","palmas":12},"geometry":{"type":"LineString","coordinates":[[-72.993922,4.486814],[-72.994682,4.486344]]}},{"type":"Feature","properties":{"linea":"6-3-38","parcela":"6-3","palmas":14},"geometry":{"type":"LineString","coordinates":[[-72.993925,4.486895],[-72.994822,4.486341]]}},{"type":"Feature","properties":{"linea":"6-3-39","parcela":"6-3","palmas":14},"geometry":{"type":"LineString","coordinates":[[-72.993927,4.486977],[-72.994824,4.486422]]}},{"type":"Feature","properties":{"linea":"6-3-40","parcela":"6-3","palmas":14},"geometry":{"type":"LineString","coordinates":[[-72.993929,4.487058],[-72.994827,4.486503]]}},{"type":"Feature","properties":{"linea":"6-3-41","parcela":"6-3","palmas":14},"geometry":{"type":"LineString","coordinates":[[-72.993932,4.487139],[-72.994829,4.486584]]}},{"type":"Feature","properties":{"linea":"6-3-42","parcela":"6-3","palmas":15},"geometry":{"type":"LineString","coordinates":[[-72.993934,4.487221],[-72.9949,4.486623]]}},{"type":"Feature","properties":{"linea":"6-3-43","parcela":"6-3","palmas":15},"geometry":{"type":"LineString","coordinates":[[-72.993936,4.487302],[-72.994903,4.486704]]}},{"type":"Feature","properties":{"linea":"6-3-44","parcela":"6-3","palmas":15},"geometry":{"type":"LineString","coordinates":[[-72.993938,4.487383],[-72.994905,4.486786]]}},{"type":"Feature","properties":{"linea":"6-3-45","parcela":"6-3","palmas":15},"geometry":{"type":"LineString","coordinates":[[-72.993941,4.487465],[-72.994907,4.486867]]}},{"type":"Feature","properties":{"linea":"6-3-46","parcela":"6-3","palmas":15},"geometry":{"type":"LineString","coordinates":[[-72.993943,4.487546],[-72.994909,4.486949]]}},{"type":"Feature","properties":{"linea":"6-3-47","parcela":"6-3","palmas":14},"geometry":{"type":"LineString","coordinates":[[-72.994014,4.487585],[-72.994912,4.48703]]}},{"type":"Feature","properties":{"linea":"6-3-48","parcela":"6-3","palmas":13},"geometry":{"type":"LineString","coordinates":[[-72.994086,4.487623],[-72.994914,4.487111]]}},{"type":"Feature","properties":{"linea":"6-3-49","parcela":"6-3","palmas":14},"geometry":{"type":"LineString","coordinates":[[-72.994019,4.487748],[-72.994916,4.487192]]}},{"type":"Feature","properties":{"linea":"6-3-50","parcela":"6-3","palmas":16},"geometry":{"type":"LineString","coordinates":[[-72.993883,4.487914],[-72.994919,4.487274]]}},{"type":"Feature","properties":{"linea":"6-3-51","parcela":"6-3","palmas":19},"geometry":{"type":"LineString","coordinates":[[-72.993679,4.488124],[-72.994921,4.487355]]}},{"type":"Feature","properties":{"linea":"6-3-52","parcela":"6-3","palmas":20},"geometry":{"type":"LineString","coordinates":[[-72.993612,4.488247],[-72.994923,4.487437]]}},{"type":"Feature","properties":{"linea":"6-3-53","parcela":"6-3","palmas":21},"geometry":{"type":"LineString","coordinates":[[-72.993545,4.488371],[-72.994926,4.487518]]}},{"type":"Feature","properties":{"linea":"6-3-54","parcela":"6-3","palmas":21},"geometry":{"type":"LineString","coordinates":[[-72.993547,4.488453],[-72.994928,4.487599]]}},{"type":"Feature","properties":{"linea":"6-3-55","parcela":"6-3","palmas":22},"geometry":{"type":"LineString","coordinates":[[-72.992859,4.488961],[-72.99493,4.487681]]}},{"type":"Feature","properties":{"linea":"6-3-56","parcela":"6-3","palmas":23},"geometry":{"type":"LineString","coordinates":[[-72.992862,4.489042],[-72.994933,4.487762]]}},{"type":"Feature","properties":{"linea":"6-3-57","parcela":"6-3","palmas":25},"geometry":{"type":"LineString","coordinates":[[-72.992864,4.489124],[-72.994935,4.487843]]}},{"type":"Feature","properties":{"linea":"6-3-58","parcela":"6-3","palmas":27},"geometry":{"type":"LineString","coordinates":[[-72.992866,4.489205],[-72.994937,4.487925]]}},{"type":"Feature","properties":{"linea":"6-3-59","parcela":"6-3","palmas":31},"geometry":{"type":"LineString","coordinates":[[-72.992869,4.489286],[-72.99494,4.488006]]}},{"type":"Feature","properties":{"linea":"6-3-60","parcela":"6-3","palmas":31},"geometry":{"type":"LineString","coordinates":[[-72.992871,4.489368],[-72.994942,4.488087]]}},{"type":"Feature","properties":{"linea":"6-3-61","parcela":"6-3","palmas":31},"geometry":{"type":"LineString","coordinates":[[-72.992873,4.489449],[-72.994944,4.488169]]}},{"type":"Feature","properties":{"linea":"6-3-62","parcela":"6-3","palmas":31},"geometry":{"type":"LineString","coordinates":[[-72.992876,4.48953],[-72.994947,4.48825]]}},{"type":"Feature","properties":{"linea":"6-3-63","parcela":"6-3","palmas":31},"geometry":{"type":"LineString","coordinates":[[-72.992878,4.489612],[-72.994949,4.488331]]}},{"type":"Feature","properties":{"linea":"6-3-64","parcela":"6-3","palmas":31},"geometry":{"type":"LineString","coordinates":[[-72.99288,4.489693],[-72.994951,4.488413]]}},{"type":"Feature","properties":{"linea":"6-3-65","parcela":"6-3","palmas":31},"geometry":{"type":"LineString","coordinates":[[-72.992883,4.489774],[-72.994953,4.488494]]}},{"type":"Feature","properties":{"linea":"6-3-66","parcela":"6-3","palmas":31},"geometry":{"type":"LineString","coordinates":[[-72.992885,4.489856],[-72.994956,4.488575]]}},{"type":"Feature","properties":{"linea":"6-3-67","parcela":"6-3","palmas":31},"geometry":{"type":"LineString","coordinates":[[-72.992887,4.489937],[-72.994958,4.488657]]}},{"type":"Feature","properties":{"linea":"6-3-68","parcela":"6-3","palmas":31},"geometry":{"type":"LineString","coordinates":[[-72.992889,4.490018],[-72.99496,4.488738]]}},{"type":"Feature","properties":{"linea":"6-3-69","parcela":"6-3","palmas":31},"geometry":{"type":"LineString","coordinates":[[-72.992892,4.4901],[-72.994963,4.488819]]}},{"type":"Feature","properties":{"linea":"6-3-70","parcela":"6-3","palmas":31},"geometry":{"type":"LineString","coordinates":[[-72.992894,4.490181],[-72.994965,4.488901]]}},{"type":"Feature","properties":{"linea":"6-3-71","parcela":"6-3","palmas":31},"geometry":{"type":"LineString","coordinates":[[-72.992896,4.490263],[-72.994967,4.488982]]}},{"type":"Feature","properties":{"linea":"6-3-72","parcela":"6-3","palmas":31},"geometry":{"type":"LineString","coordinates":[[-72.992899,4.490344],[-72.99497,4.489063]]}},{"type":"Feature","properties":{"linea":"6-3-73","parcela":"6-3","palmas":31},"geometry":{"type":"LineString","coordinates":[[-72.992901,4.490425],[-72.994972,4.489145]]}},{"type":"Feature","properties":{"linea":"6-3-74","parcela":"6-3","palmas":31},"geometry":{"type":"LineString","coordinates":[[-72.992903,4.490506],[-72.994974,4.489226]]}},{"type":"Feature","properties":{"linea":"6-3-75","parcela":"6-3","palmas":31},"geometry":{"type":"LineString","coordinates":[[-72.992906,4.490588],[-72.994977,4.489307]]}},{"type":"Feature","properties":{"linea":"6-3-76","parcela":"6-3","palmas":31},"geometry":{"type":"LineString","coordinates":[[-72.992908,4.490669],[-72.994979,4.489389]]}},{"type":"Feature","properties":{"linea":"6-3-77","parcela":"6-3","palmas":31},"geometry":{"type":"LineString","coordinates":[[-72.99291,4.490751],[-72.994981,4.48947]]}},{"type":"Feature","properties":{"linea":"6-3-78","parcela":"6-3","palmas":31},"geometry":{"type":"LineString","coordinates":[[-72.992913,4.490832],[-72.994984,4.489551]]}},{"type":"Feature","properties":{"linea":"6-3-79","parcela":"6-3","palmas":31},"geometry":{"type":"LineString","coordinates":[[-72.992915,4.490913],[-72.994986,4.489633]]}},{"type":"Feature","properties":{"linea":"6-3-80","parcela":"6-3","palmas":31},"geometry":{"type":"LineString","coordinates":[[-72.992917,4.490994],[-72.994988,4.489714]]}},{"type":"Feature","properties":{"linea":"6-3-81","parcela":"6-3","palmas":31},"geometry":{"type":"LineString","coordinates":[[-72.992919,4.491076],[-72.99499,4.489796]]}},{"type":"Feature","properties":{"linea":"6-3-82","parcela":"6-3","palmas":31},"geometry":{"type":"LineString","coordinates":[[-72.992922,4.491157],[-72.994993,4.489877]]}},{"type":"Feature","properties":{"linea":"6-3-83","parcela":"6-3","palmas":31},"geometry":{"type":"LineString","coordinates":[[-72.992924,4.491239],[-72.994995,4.489958]]}},{"type":"Feature","properties":{"linea":"6-3-84","parcela":"6-3","palmas":31},"geometry":{"type":"LineString","coordinates":[[-72.992926,4.49132],[-72.994997,4.490039]]}},{"type":"Feature","properties":{"linea":"6-3-85","parcela":"6-3","palmas":31},"geometry":{"type":"LineString","coordinates":[[-72.992929,4.491401],[-72.995,4.490121]]}},{"type":"Feature","properties":{"linea":"6-3-86","parcela":"6-3","palmas":31},"geometry":{"type":"LineString","coordinates":[[-72.992931,4.491483],[-72.995002,4.490202]]}},{"type":"Feature","properties":{"linea":"6-3-87","parcela":"6-3","palmas":16},"geometry":{"type":"LineString","coordinates":[[-72.993041,4.492904],[-72.993007,4.491684]]}},{"type":"Feature","properties":{"linea":"6-3-88","parcela":"6-3","palmas":16},"geometry":{"type":"LineString","coordinates":[[-72.993111,4.492861],[-72.993076,4.491641]]}},{"type":"Feature","properties":{"linea":"6-3-89","parcela":"6-3","palmas":16},"geometry":{"type":"LineString","coordinates":[[-72.993179,4.492819],[-72.993145,4.491599]]}},{"type":"Feature","properties":{"linea":"6-3-90","parcela":"6-3","palmas":16},"geometry":{"type":"LineString","coordinates":[[-72.993249,4.492776],[-72.993214,4.491556]]}},{"type":"Feature","properties":{"linea":"6-3-91","parcela":"6-3","palmas":16},"geometry":{"type":"LineString","coordinates":[[-72.993318,4.492733],[-72.993283,4.491513]]}},{"type":"Feature","properties":{"linea":"6-3-92","parcela":"6-3","palmas":16},"geometry":{"type":"LineString","coordinates":[[-72.993387,4.492691],[-72.993352,4.491471]]}},{"type":"Feature","properties":{"linea":"6-3-93","parcela":"6-3","palmas":16},"geometry":{"type":"LineString","coordinates":[[-72.993456,4.492648],[-72.993421,4.491428]]}},{"type":"Feature","properties":{"linea":"6-3-94","parcela":"6-3","palmas":16},"geometry":{"type":"LineString","coordinates":[[-72.993525,4.492605],[-72.99349,4.491385]]}},{"type":"Feature","properties":{"linea":"6-3-95","parcela":"6-3","palmas":16},"geometry":{"type":"LineString","coordinates":[[-72.993594,4.492563],[-72.993559,4.491343]]}},{"type":"Feature","properties":{"linea":"6-3-96","parcela":"6-3","palmas":16},"geometry":{"type":"LineString","coordinates":[[-72.993663,4.49252],[-72.993628,4.4913]]}},{"type":"Feature","properties":{"linea":"6-3-97","parcela":"6-3","palmas":16},"geometry":{"type":"LineString","coordinates":[[-72.993732,4.492477],[-72.993697,4.491257]]}},{"type":"Feature","properties":{"linea":"6-3-98","parcela":"6-3","palmas":16},"geometry":{"type":"LineString","coordinates":[[-72.993801,4.492434],[-72.993766,4.491214]]}},{"type":"Feature","properties":{"linea":"6-3-99","parcela":"6-3","palmas":16},"geometry":{"type":"LineString","coordinates":[[-72.99387,4.492392],[-72.993835,4.491172]]}},{"type":"Feature","properties":{"linea":"6-3-100","parcela":"6-3","palmas":16},"geometry":{"type":"LineString","coordinates":[[-72.993939,4.492349],[-72.993904,4.491129]]}},{"type":"Feature","properties":{"linea":"6-3-101","parcela":"6-3","palmas":12},"geometry":{"type":"LineString","coordinates":[[-72.994008,4.492306],[-72.993973,4.491086]]}},{"type":"Feature","properties":{"linea":"6-3-102","parcela":"6-3","palmas":10},"geometry":{"type":"LineString","coordinates":[[-72.994077,4.492264],[-72.994043,4.491044]]}},{"type":"Feature","properties":{"linea":"6-3-103","parcela":"6-3","palmas":10},"geometry":{"type":"LineString","coordinates":[[-72.994146,4.492221],[-72.994111,4.491001]]}},{"type":"Feature","properties":{"linea":"6-3-104","parcela":"6-3","palmas":10},"geometry":{"type":"LineString","coordinates":[[-72.994215,4.492179],[-72.994181,4.490958]]}},{"type":"Feature","properties":{"linea":"6-3-105","parcela":"6-3","palmas":13},"geometry":{"type":"LineString","coordinates":[[-72.994284,4.492136],[-72.994249,4.490916]]}},{"type":"Feature","properties":{"linea":"6-3-106","parcela":"6-3","palmas":16},"geometry":{"type":"LineString","coordinates":[[-72.994353,4.492093],[-72.994319,4.490873]]}},{"type":"Feature","properties":{"linea":"6-3-107","parcela":"6-3","palmas":16},"geometry":{"type":"LineString","coordinates":[[-72.994422,4.492051],[-72.994388,4.49083]]}},{"type":"Feature","properties":{"linea":"6-3-108","parcela":"6-3","palmas":16},"geometry":{"type":"LineString","coordinates":[[-72.994491,4.492008],[-72.994457,4.490788]]}},{"type":"Feature","properties":{"linea":"6-3-109","parcela":"6-3","palmas":16},"geometry":{"type":"LineString","coordinates":[[-72.99456,4.491965],[-72.994526,4.490745]]}},{"type":"Feature","properties":{"linea":"6-3-110","parcela":"6-3","palmas":16},"geometry":{"type":"LineString","coordinates":[[-72.994629,4.491923],[-72.994595,4.490702]]}},{"type":"Feature","properties":{"linea":"6-3-111","parcela":"6-3","palmas":16},"geometry":{"type":"LineString","coordinates":[[-72.994698,4.49188],[-72.994664,4.49066]]}},{"type":"Feature","properties":{"linea":"6-3-112","parcela":"6-3","palmas":16},"geometry":{"type":"LineString","coordinates":[[-72.994767,4.491837],[-72.994733,4.490617]]}},{"type":"Feature","properties":{"linea":"6-3-113","parcela":"6-3","palmas":16},"geometry":{"type":"LineString","coordinates":[[-72.994836,4.491794],[-72.994802,4.490574]]}},{"type":"Feature","properties":{"linea":"6-3-114","parcela":"6-3","palmas":16},"geometry":{"type":"LineString","coordinates":[[-72.994906,4.491752],[-72.994871,4.490532]]}},{"type":"Feature","properties":{"linea":"6-3-115","parcela":"6-3","palmas":14},"geometry":{"type":"LineString","coordinates":[[-72.994974,4.491709],[-72.99494,4.490489]]}},{"type":"Feature","properties":{"linea":"6-3-116","parcela":"6-3","palmas":13},"geometry":{"type":"LineString","coordinates":[[-72.995044,4.491666],[-72.995009,4.490446]]}},{"type":"Feature","properties":{"linea":"6-3-117","parcela":"6-3","palmas":30},"geometry":{"type":"LineString","coordinates":[[-72.993044,4.492985],[-72.995046,4.491748]]}},{"type":"Feature","properties":{"linea":"6-3-118","parcela":"6-3","palmas":30},"geometry":{"type":"LineString","coordinates":[[-72.993046,4.493067],[-72.995048,4.491829]]}},{"type":"Feature","properties":{"linea":"6-3-119","parcela":"6-3","palmas":30},"geometry":{"type":"LineString","coordinates":[[-72.993048,4.493148],[-72.995051,4.49191]]}},{"type":"Feature","properties":{"linea":"6-3-120","parcela":"6-3","palmas":30},"geometry":{"type":"LineString","coordinates":[[-72.993051,4.493229],[-72.995053,4.491992]]}},{"type":"Feature","properties":{"linea":"6-3-121","parcela":"6-3","palmas":30},"geometry":{"type":"LineString","coordinates":[[-72.993053,4.493311],[-72.995055,4.492073]]}},{"type":"Feature","properties":{"linea":"6-3-122","parcela":"6-3","palmas":30},"geometry":{"type":"LineString","coordinates":[[-72.993055,4.493392],[-72.995058,4.492154]]}},{"type":"Feature","properties":{"linea":"6-3-123","parcela":"6-3","palmas":30},"geometry":{"type":"LineString","coordinates":[[-72.993058,4.493473],[-72.99506,4.492236]]}},{"type":"Feature","properties":{"linea":"6-3-124","parcela":"6-3","palmas":30},"geometry":{"type":"LineString","coordinates":[[-72.99306,4.493555],[-72.995062,4.492317]]}},{"type":"Feature","properties":{"linea":"6-3-125","parcela":"6-3","palmas":30},"geometry":{"type":"LineString","coordinates":[[-72.993062,4.493636],[-72.995064,4.492398]]}},{"type":"Feature","properties":{"linea":"6-3-126","parcela":"6-3","palmas":30},"geometry":{"type":"LineString","coordinates":[[-72.993065,4.493717],[-72.995067,4.49248]]}},{"type":"Feature","properties":{"linea":"6-3-127","parcela":"6-3","palmas":30},"geometry":{"type":"LineString","coordinates":[[-72.993067,4.493799],[-72.995069,4.492561]]}},{"type":"Feature","properties":{"linea":"6-3-128","parcela":"6-3","palmas":30},"geometry":{"type":"LineString","coordinates":[[-72.993069,4.49388],[-72.995071,4.492642]]}},{"type":"Feature","properties":{"linea":"6-3-129","parcela":"6-3","palmas":30},"geometry":{"type":"LineString","coordinates":[[-72.993072,4.493961],[-72.995074,4.492724]]}},{"type":"Feature","properties":{"linea":"6-3-130","parcela":"6-3","palmas":30},"geometry":{"type":"LineString","coordinates":[[-72.993074,4.494043],[-72.995076,4.492805]]}},{"type":"Feature","properties":{"linea":"6-3-131","parcela":"6-3","palmas":30},"geometry":{"type":"LineString","coordinates":[[-72.993076,4.494124],[-72.995078,4.492886]]}},{"type":"Feature","properties":{"linea":"6-3-132","parcela":"6-3","palmas":29},"geometry":{"type":"LineString","coordinates":[[-72.993078,4.494206],[-72.995011,4.493011]]}},{"type":"Feature","properties":{"linea":"6-3-133","parcela":"6-3","palmas":29},"geometry":{"type":"LineString","coordinates":[[-72.993081,4.494287],[-72.995014,4.493092]]}},{"type":"Feature","properties":{"linea":"6-3-134","parcela":"6-3","palmas":29},"geometry":{"type":"LineString","coordinates":[[-72.993083,4.494368],[-72.995016,4.493173]]}},{"type":"Feature","properties":{"linea":"6-3-135","parcela":"6-3","palmas":29},"geometry":{"type":"LineString","coordinates":[[-72.993085,4.494449],[-72.995018,4.493254]]}},{"type":"Feature","properties":{"linea":"6-3-136","parcela":"6-3","palmas":29},"geometry":{"type":"LineString","coordinates":[[-72.993088,4.494531],[-72.995021,4.493336]]}},{"type":"Feature","properties":{"linea":"6-3-137","parcela":"6-3","palmas":29},"geometry":{"type":"LineString","coordinates":[[-72.99309,4.494612],[-72.995023,4.493417]]}},{"type":"Feature","properties":{"linea":"6-3-138","parcela":"6-3","palmas":28},"geometry":{"type":"LineString","coordinates":[[-72.993092,4.494694],[-72.994956,4.493541]]}},{"type":"Feature","properties":{"linea":"6-3-139","parcela":"6-3","palmas":28},"geometry":{"type":"LineString","coordinates":[[-72.993095,4.494775],[-72.994959,4.493622]]}},{"type":"Feature","properties":{"linea":"6-3-140","parcela":"6-3","palmas":28},"geometry":{"type":"LineString","coordinates":[[-72.993097,4.494856],[-72.994961,4.493704]]}},{"type":"Feature","properties":{"linea":"6-3-141","parcela":"6-3","palmas":28},"geometry":{"type":"LineString","coordinates":[[-72.993099,4.494937],[-72.994963,4.493785]]}},{"type":"Feature","properties":{"linea":"6-3-142","parcela":"6-3","palmas":28},"geometry":{"type":"LineString","coordinates":[[-72.993102,4.495019],[-72.994966,4.493867]]}},{"type":"Feature","properties":{"linea":"6-3-143","parcela":"6-3","palmas":28},"geometry":{"type":"LineString","coordinates":[[-72.993104,4.4951],[-72.994968,4.493948]]}},{"type":"Feature","properties":{"linea":"6-3-144","parcela":"6-3","palmas":26},"geometry":{"type":"LineString","coordinates":[[-72.993175,4.495139],[-72.994901,4.494072]]}},{"type":"Feature","properties":{"linea":"6-3-145","parcela":"6-3","palmas":27},"geometry":{"type":"LineString","coordinates":[[-72.993109,4.495263],[-72.994903,4.494153]]}},{"type":"Feature","properties":{"linea":"6-3-146","parcela":"6-3","palmas":27},"geometry":{"type":"LineString","coordinates":[[-72.993111,4.495344],[-72.994906,4.494235]]}},{"type":"Feature","properties":{"linea":"6-3-147","parcela":"6-3","palmas":16},"geometry":{"type":"LineString","coordinates":[[-72.993251,4.49534],[-72.994839,4.494359]]}},{"type":"Feature","properties":{"linea":"6-3-148","parcela":"6-3","palmas":9},"geometry":{"type":"LineString","coordinates":[[-72.993323,4.495379],[-72.994772,4.494483]]}},{"type":"Feature","properties":{"linea":"6-3-149","parcela":"6-3","palmas":7},"geometry":{"type":"LineString","coordinates":[[-72.993187,4.495546],[-72.994706,4.494607]]}},{"type":"Feature","properties":{"linea":"6-3-150","parcela":"6-3","palmas":5},"geometry":{"type":"LineString","coordinates":[[-72.993189,4.495627],[-72.993465,4.495456]]}},{"type":"Feature","properties":{"linea":"6-3-151","parcela":"6-3","palmas":5},"geometry":{"type":"LineString","coordinates":[[-72.993122,4.495751],[-72.993399,4.49558]]}},{"type":"Feature","properties":{"linea":"6-3-152","parcela":"6-3","palmas":4},"geometry":{"type":"LineString","coordinates":[[-72.993125,4.495832],[-72.993332,4.495704]]}},{"type":"Feature","properties":{"linea":"6-3-153","parcela":"6-3","palmas":2},"geometry":{"type":"LineString","coordinates":[[-72.993127,4.495914],[-72.993196,4.495871]]}},{"type":"Feature","properties":{"linea":"6-3-154","parcela":"6-3","palmas":30},"geometry":{"type":"LineString","coordinates":[[-72.993157,4.496971],[-72.995159,4.495733]]}},{"type":"Feature","properties":{"linea":"6-3-155","parcela":"6-3","palmas":30},"geometry":{"type":"LineString","coordinates":[[-72.993159,4.497052],[-72.995161,4.495815]]}},{"type":"Feature","properties":{"linea":"6-3-156","parcela":"6-3","palmas":30},"geometry":{"type":"LineString","coordinates":[[-72.993162,4.497134],[-72.995164,4.495896]]}},{"type":"Feature","properties":{"linea":"6-3-157","parcela":"6-3","palmas":30},"geometry":{"type":"LineString","coordinates":[[-72.993164,4.497215],[-72.995166,4.495978]]}},{"type":"Feature","properties":{"linea":"6-3-158","parcela":"6-3","palmas":30},"geometry":{"type":"LineString","coordinates":[[-72.993166,4.497296],[-72.995168,4.496059]]}},{"type":"Feature","properties":{"linea":"6-3-159","parcela":"6-3","palmas":30},"geometry":{"type":"LineString","coordinates":[[-72.993169,4.497378],[-72.995171,4.49614]]}},{"type":"Feature","properties":{"linea":"6-3-160","parcela":"6-3","palmas":30},"geometry":{"type":"LineString","coordinates":[[-72.993171,4.497459],[-72.995173,4.496221]]}},{"type":"Feature","properties":{"linea":"6-3-161","parcela":"6-3","palmas":30},"geometry":{"type":"LineString","coordinates":[[-72.993173,4.49754],[-72.995175,4.496303]]}},{"type":"Feature","properties":{"linea":"6-3-162","parcela":"6-3","palmas":29},"geometry":{"type":"LineString","coordinates":[[-72.993176,4.497622],[-72.995108,4.496427]]}},{"type":"Feature","properties":{"linea":"6-3-163","parcela":"6-3","palmas":30},"geometry":{"type":"LineString","coordinates":[[-72.993178,4.497703],[-72.99518,4.496466]]}},{"type":"Feature","properties":{"linea":"6-3-164","parcela":"6-3","palmas":30},"geometry":{"type":"LineString","coordinates":[[-72.99318,4.497784],[-72.995182,4.496547]]}},{"type":"Feature","properties":{"linea":"6-3-165","parcela":"6-3","palmas":30},"geometry":{"type":"LineString","coordinates":[[-72.993183,4.497866],[-72.995184,4.496628]]}},{"type":"Feature","properties":{"linea":"6-3-166","parcela":"6-3","palmas":30},"geometry":{"type":"LineString","coordinates":[[-72.993185,4.497947],[-72.995187,4.496709]]}},{"type":"Feature","properties":{"linea":"6-3-167","parcela":"6-3","palmas":30},"geometry":{"type":"LineString","coordinates":[[-72.993187,4.498028],[-72.995189,4.496791]]}},{"type":"Feature","properties":{"linea":"6-3-168","parcela":"6-3","palmas":30},"geometry":{"type":"LineString","coordinates":[[-72.993189,4.49811],[-72.995191,4.496872]]}},{"type":"Feature","properties":{"linea":"6-3-169","parcela":"6-3","palmas":29},"geometry":{"type":"LineString","coordinates":[[-72.993192,4.498191],[-72.995125,4.496996]]}},{"type":"Feature","properties":{"linea":"6-3-170","parcela":"6-3","palmas":29},"geometry":{"type":"LineString","coordinates":[[-72.993194,4.498272],[-72.995127,4.497077]]}},{"type":"Feature","properties":{"linea":"6-3-171","parcela":"6-3","palmas":29},"geometry":{"type":"LineString","coordinates":[[-72.993196,4.498354],[-72.995129,4.497159]]}},{"type":"Feature","properties":{"linea":"6-3-172","parcela":"6-3","palmas":19},"geometry":{"type":"LineString","coordinates":[[-72.993199,4.498435],[-72.994441,4.497667]]}},{"type":"Feature","properties":{"linea":"6-3-173","parcela":"6-3","palmas":19},"geometry":{"type":"LineString","coordinates":[[-72.993201,4.498516],[-72.994444,4.497748]]}},{"type":"Feature","properties":{"linea":"6-3-174","parcela":"6-3","palmas":19},"geometry":{"type":"LineString","coordinates":[[-72.993203,4.498598],[-72.994446,4.49783]]}},{"type":"Feature","properties":{"linea":"6-3-175","parcela":"6-3","palmas":19},"geometry":{"type":"LineString","coordinates":[[-72.993206,4.498679],[-72.994448,4.497911]]}},{"type":"Feature","properties":{"linea":"6-3-176","parcela":"6-3","palmas":19},"geometry":{"type":"LineString","coordinates":[[-72.993208,4.498761],[-72.994451,4.497992]]}},{"type":"Feature","properties":{"linea":"6-3-177","parcela":"6-3","palmas":19},"geometry":{"type":"LineString","coordinates":[[-72.99321,4.498842],[-72.994453,4.498074]]}},{"type":"Feature","properties":{"linea":"6-3-178","parcela":"6-3","palmas":19},"geometry":{"type":"LineString","coordinates":[[-72.993212,4.498923],[-72.994455,4.498155]]}},{"type":"Feature","properties":{"linea":"6-3-179","parcela":"6-3","palmas":19},"geometry":{"type":"LineString","coordinates":[[-72.993215,4.499004],[-72.994457,4.498236]]}},{"type":"Feature","properties":{"linea":"6-3-180","parcela":"6-3","palmas":19},"geometry":{"type":"LineString","coordinates":[[-72.993217,4.499086],[-72.99446,4.498318]]}},{"type":"Feature","properties":{"linea":"6-3-181","parcela":"6-3","palmas":19},"geometry":{"type":"LineString","coordinates":[[-72.993219,4.499167],[-72.994462,4.498399]]}},{"type":"Feature","properties":{"linea":"6-3-182","parcela":"6-3","palmas":19},"geometry":{"type":"LineString","coordinates":[[-72.993222,4.499249],[-72.994464,4.49848]]}},{"type":"Feature","properties":{"linea":"6-3-183","parcela":"6-3","palmas":19},"geometry":{"type":"LineString","coordinates":[[-72.993224,4.49933],[-72.994467,4.498562]]}},{"type":"Feature","properties":{"linea":"6-3-184","parcela":"6-3","palmas":19},"geometry":{"type":"LineString","coordinates":[[-72.993226,4.499411],[-72.994469,4.498643]]}},{"type":"Feature","properties":{"linea":"6-3-185","parcela":"6-3","palmas":19},"geometry":{"type":"LineString","coordinates":[[-72.993229,4.499492],[-72.994471,4.498724]]}},{"type":"Feature","properties":{"linea":"6-3-186","parcela":"6-3","palmas":19},"geometry":{"type":"LineString","coordinates":[[-72.993231,4.499574],[-72.994474,4.498806]]}},{"type":"Feature","properties":{"linea":"6-3-187","parcela":"6-3","palmas":19},"geometry":{"type":"LineString","coordinates":[[-72.993233,4.499655],[-72.994476,4.498887]]}},{"type":"Feature","properties":{"linea":"6-3-188","parcela":"6-3","palmas":19},"geometry":{"type":"LineString","coordinates":[[-72.993236,4.499737],[-72.994478,4.498968]]}},{"type":"Feature","properties":{"linea":"6-3-189","parcela":"6-3","palmas":19},"geometry":{"type":"LineString","coordinates":[[-72.993238,4.499818],[-72.994481,4.49905]]}},{"type":"Feature","properties":{"linea":"6-3-190","parcela":"6-3","palmas":19},"geometry":{"type":"LineString","coordinates":[[-72.99324,4.499899],[-72.994483,4.499131]]}},{"type":"Feature","properties":{"linea":"6-3-191","parcela":"6-3","palmas":19},"geometry":{"type":"LineString","coordinates":[[-72.993243,4.499981],[-72.994485,4.499213]]}},{"type":"Feature","properties":{"linea":"6-3-192","parcela":"6-3","palmas":19},"geometry":{"type":"LineString","coordinates":[[-72.993245,4.500062],[-72.994488,4.499294]]}},{"type":"Feature","properties":{"linea":"6-3-193","parcela":"6-3","palmas":19},"geometry":{"type":"LineString","coordinates":[[-72.993247,4.500143],[-72.99449,4.499375]]}},{"type":"Feature","properties":{"linea":"6-3-194","parcela":"6-3","palmas":19},"geometry":{"type":"LineString","coordinates":[[-72.993249,4.500225],[-72.994492,4.499456]]}},{"type":"Feature","properties":{"linea":"6-3-195","parcela":"6-3","palmas":19},"geometry":{"type":"LineString","coordinates":[[-72.993252,4.500306],[-72.994494,4.499538]]}},{"type":"Feature","properties":{"linea":"6-3-196","parcela":"6-3","palmas":19},"geometry":{"type":"LineString","coordinates":[[-72.993254,4.500387],[-72.994497,4.499619]]}},{"type":"Feature","properties":{"linea":"6-3-197","parcela":"6-3","palmas":19},"geometry":{"type":"LineString","coordinates":[[-72.993256,4.500469],[-72.994499,4.499701]]}},{"type":"Feature","properties":{"linea":"6-3-198","parcela":"6-3","palmas":19},"geometry":{"type":"LineString","coordinates":[[-72.993259,4.50055],[-72.994501,4.499782]]}},{"type":"Feature","properties":{"linea":"6-3-199","parcela":"6-3","palmas":19},"geometry":{"type":"LineString","coordinates":[[-72.993261,4.500631],[-72.994504,4.499863]]}},{"type":"Feature","properties":{"linea":"6-3-200","parcela":"6-3","palmas":19},"geometry":{"type":"LineString","coordinates":[[-72.993263,4.500713],[-72.994506,4.499944]]}},{"type":"Feature","properties":{"linea":"6-3-201","parcela":"6-3","palmas":19},"geometry":{"type":"LineString","coordinates":[[-72.993266,4.500794],[-72.994508,4.500026]]}},{"type":"Feature","properties":{"linea":"6-3-202","parcela":"6-3","palmas":19},"geometry":{"type":"LineString","coordinates":[[-72.993268,4.500875],[-72.994511,4.500107]]}},{"type":"Feature","properties":{"linea":"6-3-203","parcela":"6-3","palmas":19},"geometry":{"type":"LineString","coordinates":[[-72.99327,4.500957],[-72.994513,4.500189]]}},{"type":"Feature","properties":{"linea":"6-3-204","parcela":"6-3","palmas":19},"geometry":{"type":"LineString","coordinates":[[-72.993273,4.501038],[-72.994515,4.50027]]}},{"type":"Feature","properties":{"linea":"6-3-205","parcela":"6-3","palmas":19},"geometry":{"type":"LineString","coordinates":[[-72.993275,4.501119],[-72.994518,4.500351]]}},{"type":"Feature","properties":{"linea":"6-3-206","parcela":"6-3","palmas":19},"geometry":{"type":"LineString","coordinates":[[-72.993277,4.501201],[-72.99452,4.500432]]}},{"type":"Feature","properties":{"linea":"6-3-207","parcela":"6-3","palmas":19},"geometry":{"type":"LineString","coordinates":[[-72.993279,4.501282],[-72.994522,4.500514]]}},{"type":"Feature","properties":{"linea":"6-3-208","parcela":"6-3","palmas":19},"geometry":{"type":"LineString","coordinates":[[-72.993282,4.501363],[-72.994524,4.500595]]}},{"type":"Feature","properties":{"linea":"6-3-209","parcela":"6-3","palmas":19},"geometry":{"type":"LineString","coordinates":[[-72.993284,4.501445],[-72.994527,4.500677]]}},{"type":"Feature","properties":{"linea":"6-3-210","parcela":"6-3","palmas":19},"geometry":{"type":"LineString","coordinates":[[-72.993286,4.501526],[-72.994529,4.500758]]}},{"type":"Feature","properties":{"linea":"6-3-211","parcela":"6-3","palmas":18},"geometry":{"type":"LineString","coordinates":[[-72.993358,4.501565],[-72.994531,4.500839]]}},{"type":"Feature","properties":{"linea":"6-3-212","parcela":"6-3","palmas":17},"geometry":{"type":"LineString","coordinates":[[-72.993429,4.501603],[-72.994534,4.500921]]}},{"type":"Feature","properties":{"linea":"6-3-213","parcela":"6-3","palmas":16},"geometry":{"type":"LineString","coordinates":[[-72.9935,4.501642],[-72.994536,4.501002]]}},{"type":"Feature","properties":{"linea":"6-3-214","parcela":"6-3","palmas":15},"geometry":{"type":"LineString","coordinates":[[-72.993572,4.501681],[-72.994538,4.501083]]}},{"type":"Feature","properties":{"linea":"6-3-215","parcela":"6-3","palmas":14},"geometry":{"type":"LineString","coordinates":[[-72.993643,4.501719],[-72.994541,4.501165]]}},{"type":"Feature","properties":{"linea":"6-3-216","parcela":"6-3","palmas":13},"geometry":{"type":"LineString","coordinates":[[-72.993714,4.501758],[-72.994543,4.501246]]}},{"type":"Feature","properties":{"linea":"6-3-217","parcela":"6-3","palmas":12},"geometry":{"type":"LineString","coordinates":[[-72.993786,4.501797],[-72.994545,4.501327]]}},{"type":"Feature","properties":{"linea":"6-3-218","parcela":"6-3","palmas":11},"geometry":{"type":"LineString","coordinates":[[-72.993857,4.501835],[-72.994547,4.501409]]}},{"type":"Feature","properties":{"linea":"6-3-219","parcela":"6-3","palmas":10},"geometry":{"type":"LineString","coordinates":[[-72.993928,4.501874],[-72.99455,4.50149]]}},{"type":"Feature","properties":{"linea":"6-3-220","parcela":"6-3","palmas":9},"geometry":{"type":"LineString","coordinates":[[-72.994,4.501913],[-72.994552,4.501571]]}},{"type":"Feature","properties":{"linea":"6-3-221","parcela":"6-3","palmas":8},"geometry":{"type":"LineString","coordinates":[[-72.994071,4.501951],[-72.994554,4.501653]]}},{"type":"Feature","properties":{"linea":"6-3-222","parcela":"6-3","palmas":7},"geometry":{"type":"LineString","coordinates":[[-72.994142,4.50199],[-72.994557,4.501734]]}},{"type":"Feature","properties":{"linea":"6-3-223","parcela":"6-3","palmas":6},"geometry":{"type":"LineString","coordinates":[[-72.994214,4.502029],[-72.994559,4.501815]]}},{"type":"Feature","properties":{"linea":"6-3-224","parcela":"6-3","palmas":5},"geometry":{"type":"LineString","coordinates":[[-72.994285,4.502067],[-72.994561,4.501897]]}},{"type":"Feature","properties":{"linea":"6-3-225","parcela":"6-3","palmas":4},"geometry":{"type":"LineString","coordinates":[[-72.994356,4.502106],[-72.994564,4.501978]]}},{"type":"Feature","properties":{"linea":"6-3-226","parcela":"6-3","palmas":3},"geometry":{"type":"LineString","coordinates":[[-72.994428,4.502145],[-72.994566,4.502059]]}},{"type":"Feature","properties":{"linea":"6-3-227","parcela":"6-3","palmas":2},"geometry":{"type":"LineString","coordinates":[[-72.994499,4.502183],[-72.994568,4.502141]]}},{"type":"Feature","properties":{"linea":"6-3-230","parcela":"6-3","palmas":2},"geometry":{"type":"LineString","coordinates":[[-72.995134,4.497322],[-72.995063,4.497283]]}},{"type":"Feature","properties":{"linea":"6-3-231","parcela":"6-3","palmas":4},"geometry":{"type":"LineString","coordinates":[[-72.995208,4.497442],[-72.994994,4.497326]]}},{"type":"Feature","properties":{"linea":"6-3-232","parcela":"6-3","palmas":4},"geometry":{"type":"LineString","coordinates":[[-72.995139,4.497484],[-72.994924,4.497368]]}},{"type":"Feature","properties":{"linea":"6-3-233","parcela":"6-3","palmas":5},"geometry":{"type":"LineString","coordinates":[[-72.995141,4.497566],[-72.994855,4.497411]]}},{"type":"Feature","properties":{"linea":"6-3-234","parcela":"6-3","palmas":6},"geometry":{"type":"LineString","coordinates":[[-72.995143,4.497647],[-72.994786,4.497454]]}},{"type":"Feature","properties":{"linea":"6-3-235","parcela":"6-3","palmas":7},"geometry":{"type":"LineString","coordinates":[[-72.995145,4.497728],[-72.994717,4.497496]]}},{"type":"Feature","properties":{"linea":"6-3-236","parcela":"6-3","palmas":8},"geometry":{"type":"LineString","coordinates":[[-72.995148,4.497809],[-72.994648,4.497539]]}},{"type":"Feature","properties":{"linea":"6-3-237","parcela":"6-3","palmas":9},"geometry":{"type":"LineString","coordinates":[[-72.99515,4.497891],[-72.994579,4.497582]]}},{"type":"Feature","properties":{"linea":"6-3-238","parcela":"6-3","palmas":10},"geometry":{"type":"LineString","coordinates":[[-72.995152,4.497972],[-72.99451,4.497624]]}},{"type":"Feature","properties":{"linea":"6-3-239","parcela":"6-3","palmas":11},"geometry":{"type":"LineString","coordinates":[[-72.995226,4.498092],[-72.994512,4.497706]]}},{"type":"Feature","properties":{"linea":"6-3-240","parcela":"6-3","palmas":11},"geometry":{"type":"LineString","coordinates":[[-72.995228,4.498174],[-72.994515,4.497787]]}},{"type":"Feature","properties":{"linea":"6-3-241","parcela":"6-3","palmas":11},"geometry":{"type":"LineString","coordinates":[[-72.995231,4.498255],[-72.994517,4.497868]]}},{"type":"Feature","properties":{"linea":"6-3-242","parcela":"6-3","palmas":11},"geometry":{"type":"LineString","coordinates":[[-72.995233,4.498336],[-72.994519,4.49795]]}},{"type":"Feature","properties":{"linea":"6-3-243","parcela":"6-3","palmas":11},"geometry":{"type":"LineString","coordinates":[[-72.995235,4.498418],[-72.994522,4.498031]]}},{"type":"Feature","properties":{"linea":"6-3-244","parcela":"6-3","palmas":11},"geometry":{"type":"LineString","coordinates":[[-72.995238,4.498499],[-72.994524,4.498112]]}},{"type":"Feature","properties":{"linea":"6-3-245","parcela":"6-3","palmas":11},"geometry":{"type":"LineString","coordinates":[[-72.99524,4.49858],[-72.994526,4.498194]]}},{"type":"Feature","properties":{"linea":"6-3-246","parcela":"6-3","palmas":11},"geometry":{"type":"LineString","coordinates":[[-72.995242,4.498662],[-72.994529,4.498275]]}},{"type":"Feature","properties":{"linea":"6-3-247","parcela":"6-3","palmas":11},"geometry":{"type":"LineString","coordinates":[[-72.995244,4.498743],[-72.994531,4.498356]]}},{"type":"Feature","properties":{"linea":"6-3-248","parcela":"6-3","palmas":11},"geometry":{"type":"LineString","coordinates":[[-72.995247,4.498824],[-72.994533,4.498438]]}},{"type":"Feature","properties":{"linea":"6-3-249","parcela":"6-3","palmas":11},"geometry":{"type":"LineString","coordinates":[[-72.995249,4.498906],[-72.994536,4.498519]]}},{"type":"Feature","properties":{"linea":"6-3-250","parcela":"6-3","palmas":11},"geometry":{"type":"LineString","coordinates":[[-72.995251,4.498987],[-72.994538,4.4986]]}},{"type":"Feature","properties":{"linea":"6-3-251","parcela":"6-3","palmas":11},"geometry":{"type":"LineString","coordinates":[[-72.995254,4.499068],[-72.99454,4.498682]]}},{"type":"Feature","properties":{"linea":"6-3-252","parcela":"6-3","palmas":11},"geometry":{"type":"LineString","coordinates":[[-72.995256,4.49915],[-72.994542,4.498763]]}},{"type":"Feature","properties":{"linea":"6-3-253","parcela":"6-3","palmas":10},"geometry":{"type":"LineString","coordinates":[[-72.995187,4.499193],[-72.994545,4.498844]]}},{"type":"Feature","properties":{"linea":"6-3-254","parcela":"6-3","palmas":11},"geometry":{"type":"LineString","coordinates":[[-72.995261,4.499313],[-72.994547,4.498926]]}},{"type":"Feature","properties":{"linea":"6-3-255","parcela":"6-3","palmas":9},"geometry":{"type":"LineString","coordinates":[[-72.99512,4.499316],[-72.994549,4.499007]]}},{"type":"Feature","properties":{"linea":"6-3-256","parcela":"6-3","palmas":11},"geometry":{"type":"LineString","coordinates":[[-72.995265,4.499475],[-72.994552,4.499088]]}},{"type":"Feature","properties":{"linea":"6-3-257","parcela":"6-3","palmas":11},"geometry":{"type":"LineString","coordinates":[[-72.995267,4.499556],[-72.994554,4.49917]]}},{"type":"Feature","properties":{"linea":"6-3-258","parcela":"6-3","palmas":11},"geometry":{"type":"LineString","coordinates":[[-72.99527,4.499638],[-72.994556,4.499251]]}},{"type":"Feature","properties":{"linea":"6-3-259","parcela":"6-3","palmas":11},"geometry":{"type":"LineString","coordinates":[[-72.995272,4.499719],[-72.994559,4.499333]]}},{"type":"Feature","properties":{"linea":"6-3-260","parcela":"6-3","palmas":11},"geometry":{"type":"LineString","coordinates":[[-72.995274,4.4998],[-72.994561,4.499414]]}},{"type":"Feature","properties":{"linea":"6-3-261","parcela":"6-3","palmas":11},"geometry":{"type":"LineString","coordinates":[[-72.995277,4.499882],[-72.994563,4.499495]]}},{"type":"Feature","properties":{"linea":"6-3-262","parcela":"6-3","palmas":11},"geometry":{"type":"LineString","coordinates":[[-72.995279,4.499963],[-72.994566,4.499576]]}},{"type":"Feature","properties":{"linea":"6-3-263","parcela":"6-3","palmas":11},"geometry":{"type":"LineString","coordinates":[[-72.995281,4.500044],[-72.994568,4.499658]]}},{"type":"Feature","properties":{"linea":"6-3-264","parcela":"6-3","palmas":11},"geometry":{"type":"LineString","coordinates":[[-72.995284,4.500126],[-72.99457,4.499739]]}},{"type":"Feature","properties":{"linea":"6-3-265","parcela":"6-3","palmas":11},"geometry":{"type":"LineString","coordinates":[[-72.995286,4.500207],[-72.994573,4.499821]]}},{"type":"Feature","properties":{"linea":"6-3-266","parcela":"6-3","palmas":11},"geometry":{"type":"LineString","coordinates":[[-72.995288,4.500288],[-72.994575,4.499902]]}},{"type":"Feature","properties":{"linea":"6-3-267","parcela":"6-3","palmas":11},"geometry":{"type":"LineString","coordinates":[[-72.995291,4.50037],[-72.994577,4.499983]]}},{"type":"Feature","properties":{"linea":"6-3-268","parcela":"6-3","palmas":11},"geometry":{"type":"LineString","coordinates":[[-72.995293,4.500451],[-72.994579,4.500064]]}},{"type":"Feature","properties":{"linea":"6-3-269","parcela":"6-3","palmas":11},"geometry":{"type":"LineString","coordinates":[[-72.995295,4.500533],[-72.994582,4.500146]]}},{"type":"Feature","properties":{"linea":"6-3-270","parcela":"6-3","palmas":11},"geometry":{"type":"LineString","coordinates":[[-72.995298,4.500614],[-72.994584,4.500227]]}},{"type":"Feature","properties":{"linea":"6-3-271","parcela":"6-3","palmas":11},"geometry":{"type":"LineString","coordinates":[[-72.9953,4.500695],[-72.994586,4.500309]]}},{"type":"Feature","properties":{"linea":"6-3-272","parcela":"6-3","palmas":11},"geometry":{"type":"LineString","coordinates":[[-72.995302,4.500776],[-72.994589,4.50039]]}},{"type":"Feature","properties":{"linea":"6-3-273","parcela":"6-3","palmas":11},"geometry":{"type":"LineString","coordinates":[[-72.995304,4.500858],[-72.994591,4.500471]]}},{"type":"Feature","properties":{"linea":"6-3-274","parcela":"6-3","palmas":11},"geometry":{"type":"LineString","coordinates":[[-72.995307,4.500939],[-72.994593,4.500553]]}},{"type":"Feature","properties":{"linea":"6-3-275","parcela":"6-3","palmas":11},"geometry":{"type":"LineString","coordinates":[[-72.995309,4.501021],[-72.994596,4.500634]]}},{"type":"Feature","properties":{"linea":"6-3-276","parcela":"6-3","palmas":11},"geometry":{"type":"LineString","coordinates":[[-72.995311,4.501102],[-72.994598,4.500715]]}},{"type":"Feature","properties":{"linea":"6-3-277","parcela":"6-3","palmas":11},"geometry":{"type":"LineString","coordinates":[[-72.995314,4.501183],[-72.9946,4.500797]]}},{"type":"Feature","properties":{"linea":"6-3-278","parcela":"6-3","palmas":11},"geometry":{"type":"LineString","coordinates":[[-72.995316,4.501264],[-72.994602,4.500878]]}},{"type":"Feature","properties":{"linea":"6-3-279","parcela":"6-3","palmas":11},"geometry":{"type":"LineString","coordinates":[[-72.995318,4.501346],[-72.994605,4.500959]]}},{"type":"Feature","properties":{"linea":"6-3-280","parcela":"6-3","palmas":11},"geometry":{"type":"LineString","coordinates":[[-72.995321,4.501427],[-72.994607,4.501041]]}},{"type":"Feature","properties":{"linea":"6-3-281","parcela":"6-3","palmas":11},"geometry":{"type":"LineString","coordinates":[[-72.995323,4.501509],[-72.994609,4.501122]]}},{"type":"Feature","properties":{"linea":"6-3-282","parcela":"6-3","palmas":11},"geometry":{"type":"LineString","coordinates":[[-72.995325,4.50159],[-72.994612,4.501203]]}},{"type":"Feature","properties":{"linea":"6-3-283","parcela":"6-3","palmas":11},"geometry":{"type":"LineString","coordinates":[[-72.995328,4.501671],[-72.994614,4.501285]]}},{"type":"Feature","properties":{"linea":"6-3-284","parcela":"6-3","palmas":11},"geometry":{"type":"LineString","coordinates":[[-72.99533,4.501753],[-72.994616,4.501366]]}},{"type":"Feature","properties":{"linea":"6-3-285","parcela":"6-3","palmas":11},"geometry":{"type":"LineString","coordinates":[[-72.995332,4.501834],[-72.994619,4.501447]]}},{"type":"Feature","properties":{"linea":"6-3-286","parcela":"6-3","palmas":11},"geometry":{"type":"LineString","coordinates":[[-72.995334,4.501915],[-72.994621,4.501529]]}},{"type":"Feature","properties":{"linea":"6-3-287","parcela":"6-3","palmas":11},"geometry":{"type":"LineString","coordinates":[[-72.995337,4.501997],[-72.994623,4.50161]]}},{"type":"Feature","properties":{"linea":"6-3-288","parcela":"6-3","palmas":11},"geometry":{"type":"LineString","coordinates":[[-72.995339,4.502078],[-72.994626,4.501691]]}},{"type":"Feature","properties":{"linea":"6-3-289","parcela":"6-3","palmas":11},"geometry":{"type":"LineString","coordinates":[[-72.995341,4.502159],[-72.994628,4.501773]]}},{"type":"Feature","properties":{"linea":"6-3-290","parcela":"6-3","palmas":11},"geometry":{"type":"LineString","coordinates":[[-72.995344,4.502241],[-72.99463,4.501854]]}},{"type":"Feature","properties":{"linea":"6-3-291","parcela":"6-3","palmas":11},"geometry":{"type":"LineString","coordinates":[[-72.995346,4.502322],[-72.994632,4.501935]]}},{"type":"Feature","properties":{"linea":"6-3-292","parcela":"6-3","palmas":11},"geometry":{"type":"LineString","coordinates":[[-72.995348,4.502403],[-72.994635,4.502017]]}},{"type":"Feature","properties":{"linea":"6-3-293","parcela":"6-3","palmas":11},"geometry":{"type":"LineString","coordinates":[[-72.995351,4.502485],[-72.994637,4.502098]]}},{"type":"Feature","properties":{"linea":"6-3-294","parcela":"6-3","palmas":11},"geometry":{"type":"LineString","coordinates":[[-72.995353,4.502566],[-72.994639,4.502179]]}},{"type":"Feature","properties":{"linea":"6-3-295","parcela":"6-3","palmas":11},"geometry":{"type":"LineString","coordinates":[[-72.995355,4.502647],[-72.994642,4.502261]]}},{"type":"Feature","properties":{"linea":"6-3-296","parcela":"6-3","palmas":30},"geometry":{"type":"LineString","coordinates":[[-72.995357,4.502729],[-72.993289,4.501608]]}},{"type":"Feature","properties":{"linea":"6-3-297","parcela":"6-3","palmas":30},"geometry":{"type":"LineString","coordinates":[[-72.99536,4.50281],[-72.993291,4.501689]]}},{"type":"Feature","properties":{"linea":"6-3-298","parcela":"6-3","palmas":29},"geometry":{"type":"LineString","coordinates":[[-72.995362,4.502891],[-72.993364,4.501809]]}},{"type":"Feature","properties":{"linea":"6-3-299","parcela":"6-3","palmas":30},"geometry":{"type":"LineString","coordinates":[[-72.995364,4.502973],[-72.993296,4.501851]]}},{"type":"Feature","properties":{"linea":"6-3-300","parcela":"6-3","palmas":29},"geometry":{"type":"LineString","coordinates":[[-72.995367,4.503054],[-72.993369,4.501971]]}},{"type":"Feature","properties":{"linea":"6-3-301","parcela":"6-3","palmas":30},"geometry":{"type":"LineString","coordinates":[[-72.995369,4.503135],[-72.9933,4.502014]]}},{"type":"Feature","properties":{"linea":"6-3-302","parcela":"6-3","palmas":30},"geometry":{"type":"LineString","coordinates":[[-72.995371,4.503217],[-72.993302,4.502096]]}},{"type":"Feature","properties":{"linea":"6-3-303","parcela":"6-3","palmas":30},"geometry":{"type":"LineString","coordinates":[[-72.995374,4.503298],[-72.993305,4.502177]]}},{"type":"Feature","properties":{"linea":"6-3-304","parcela":"6-3","palmas":29},"geometry":{"type":"LineString","coordinates":[[-72.995376,4.503379],[-72.993378,4.502297]]}},{"type":"Feature","properties":{"linea":"6-3-305","parcela":"6-3","palmas":29},"geometry":{"type":"LineString","coordinates":[[-72.995378,4.503461],[-72.993381,4.502378]]}},{"type":"Feature","properties":{"linea":"6-3-306","parcela":"6-3","palmas":29},"geometry":{"type":"LineString","coordinates":[[-72.995381,4.503542],[-72.993383,4.502459]]}},{"type":"Feature","properties":{"linea":"6-3-307","parcela":"6-3","palmas":29},"geometry":{"type":"LineString","coordinates":[[-72.995383,4.503623],[-72.993385,4.502541]]}},{"type":"Feature","properties":{"linea":"6-3-308","parcela":"6-3","palmas":29},"geometry":{"type":"LineString","coordinates":[[-72.995385,4.503705],[-72.993388,4.502622]]}},{"type":"Feature","properties":{"linea":"6-3-309","parcela":"6-3","palmas":29},"geometry":{"type":"LineString","coordinates":[[-72.995388,4.503786],[-72.99339,4.502704]]}},{"type":"Feature","properties":{"linea":"6-3-310","parcela":"6-3","palmas":28},"geometry":{"type":"LineString","coordinates":[[-72.995319,4.503829],[-72.993392,4.502785]]}},{"type":"Feature","properties":{"linea":"6-3-311","parcela":"6-3","palmas":26},"geometry":{"type":"LineString","coordinates":[[-72.995178,4.503833],[-72.993394,4.502866]]}},{"type":"Feature","properties":{"linea":"6-3-312","parcela":"6-3","palmas":24},"geometry":{"type":"LineString","coordinates":[[-72.995038,4.503837],[-72.993397,4.502948]]}},{"type":"Feature","properties":{"linea":"6-3-313","parcela":"6-3","palmas":22},"geometry":{"type":"LineString","coordinates":[[-72.994898,4.503841],[-72.993399,4.503029]]}},{"type":"Feature","properties":{"linea":"6-3-314","parcela":"6-3","palmas":20},"geometry":{"type":"LineString","coordinates":[[-72.994757,4.503845],[-72.993401,4.50311]]}},{"type":"Feature","properties":{"linea":"6-3-315","parcela":"6-3","palmas":18},"geometry":{"type":"LineString","coordinates":[[-72.994617,4.503849],[-72.993404,4.503192]]}},{"type":"Feature","properties":{"linea":"6-3-316","parcela":"6-3","palmas":16},"geometry":{"type":"LineString","coordinates":[[-72.994476,4.503853],[-72.993406,4.503273]]}},{"type":"Feature","properties":{"linea":"6-3-317","parcela":"6-3","palmas":14},"geometry":{"type":"LineString","coordinates":[[-72.994336,4.503857],[-72.993408,4.503354]]}},{"type":"Feature","properties":{"linea":"6-3-318","parcela":"6-3","palmas":12},"geometry":{"type":"LineString","coordinates":[[-72.994196,4.503861],[-72.993411,4.503436]]}},{"type":"Feature","properties":{"linea":"6-3-319","parcela":"6-3","palmas":10},"geometry":{"type":"LineString","coordinates":[[-72.994055,4.503865],[-72.993413,4.503517]]}},{"type":"Feature","properties":{"linea":"6-3-320","parcela":"6-3","palmas":8},"geometry":{"type":"LineString","coordinates":[[-72.993915,4.503869],[-72.993415,4.503598]]}},{"type":"Feature","properties":{"linea":"6-3-321","parcela":"6-3","palmas":6},"geometry":{"type":"LineString","coordinates":[[-72.993774,4.503873],[-72.993418,4.50368]]}},{"type":"Feature","properties":{"linea":"6-3-322","parcela":"6-3","palmas":4},"geometry":{"type":"LineString","coordinates":[[-72.993634,4.503877],[-72.99342,4.503761]]}},{"type":"Feature","properties":{"linea":"6-3-323","parcela":"6-3","palmas":2},"geometry":{"type":"LineString","coordinates":[[-72.993494,4.503881],[-72.993422,4.503842]]}},{"type":"Feature","properties":{"linea":"6-4-1","parcela":"6-4","palmas":3},"geometry":{"type":"LineString","coordinates":[[-72.99265,4.486525],[-72.992507,4.486447]]}},{"type":"Feature","properties":{"linea":"6-4-2","parcela":"6-4","palmas":5},"geometry":{"type":"LineString","coordinates":[[-72.992652,4.486606],[-72.992367,4.486451]]}},{"type":"Feature","properties":{"linea":"6-4-3","parcela":"6-4","palmas":7},"geometry":{"type":"LineString","coordinates":[[-72.992654,4.486688],[-72.992226,4.486456]]}},{"type":"Feature","properties":{"linea":"6-4-4","parcela":"6-4","palmas":9},"geometry":{"type":"LineString","coordinates":[[-72.992657,4.486769],[-72.992086,4.486459]]}},{"type":"Feature","properties":{"linea":"6-4-5","parcela":"6-4","palmas":11},"geometry":{"type":"LineString","coordinates":[[-72.992659,4.48685],[-72.991946,4.486464]]}},{"type":"Feature","properties":{"linea":"6-4-6","parcela":"6-4","palmas":13},"geometry":{"type":"LineString","coordinates":[[-72.992661,4.486931],[-72.991805,4.486467]]}},{"type":"Feature","properties":{"linea":"6-4-7","parcela":"6-4","palmas":15},"geometry":{"type":"LineString","coordinates":[[-72.992664,4.487013],[-72.991665,4.486472]]}},{"type":"Feature","properties":{"linea":"6-4-8","parcela":"6-4","palmas":15},"geometry":{"type":"LineString","coordinates":[[-72.992666,4.487094],[-72.991667,4.486553]]}},{"type":"Feature","properties":{"linea":"6-4-9","parcela":"6-4","palmas":15},"geometry":{"type":"LineString","coordinates":[[-72.992668,4.487176],[-72.991669,4.486634]]}},{"type":"Feature","properties":{"linea":"6-4-10","parcela":"6-4","palmas":16},"geometry":{"type":"LineString","coordinates":[[-72.992671,4.487257],[-72.9916,4.486677]]}},{"type":"Feature","properties":{"linea":"6-4-11","parcela":"6-4","palmas":16},"geometry":{"type":"LineString","coordinates":[[-72.992673,4.487338],[-72.991602,4.486758]]}},{"type":"Feature","properties":{"linea":"6-4-12","parcela":"6-4","palmas":16},"geometry":{"type":"LineString","coordinates":[[-72.992675,4.487419],[-72.991605,4.486839]]}},{"type":"Feature","properties":{"linea":"6-4-13","parcela":"6-4","palmas":16},"geometry":{"type":"LineString","coordinates":[[-72.992677,4.487501],[-72.991607,4.486921]]}},{"type":"Feature","properties":{"linea":"6-4-14","parcela":"6-4","palmas":17},"geometry":{"type":"LineString","coordinates":[[-72.99268,4.487582],[-72.991538,4.486964]]}},{"type":"Feature","properties":{"linea":"6-4-15","parcela":"6-4","palmas":17},"geometry":{"type":"LineString","coordinates":[[-72.992682,4.487664],[-72.991541,4.487045]]}},{"type":"Feature","properties":{"linea":"6-4-16","parcela":"6-4","palmas":17},"geometry":{"type":"LineString","coordinates":[[-72.992684,4.487745],[-72.991543,4.487126]]}},{"type":"Feature","properties":{"linea":"6-4-17","parcela":"6-4","palmas":18},"geometry":{"type":"LineString","coordinates":[[-72.992687,4.487826],[-72.991474,4.487169]]}},{"type":"Feature","properties":{"linea":"6-4-18","parcela":"6-4","palmas":18},"geometry":{"type":"LineString","coordinates":[[-72.992689,4.487908],[-72.991476,4.48725]]}},{"type":"Feature","properties":{"linea":"6-4-19","parcela":"6-4","palmas":18},"geometry":{"type":"LineString","coordinates":[[-72.992691,4.487989],[-72.991478,4.487332]]}},{"type":"Feature","properties":{"linea":"6-4-20","parcela":"6-4","palmas":19},"geometry":{"type":"LineString","coordinates":[[-72.992694,4.48807],[-72.991409,4.487374]]}},{"type":"Feature","properties":{"linea":"6-4-21","parcela":"6-4","palmas":19},"geometry":{"type":"LineString","coordinates":[[-72.992696,4.488152],[-72.991412,4.487456]]}},{"type":"Feature","properties":{"linea":"6-4-22","parcela":"6-4","palmas":19},"geometry":{"type":"LineString","coordinates":[[-72.992698,4.488233],[-72.991414,4.487537]]}},{"type":"Feature","properties":{"linea":"6-4-23","parcela":"6-4","palmas":19},"geometry":{"type":"LineString","coordinates":[[-72.992701,4.488314],[-72.991416,4.487618]]}},{"type":"Feature","properties":{"linea":"6-4-24","parcela":"6-4","palmas":20},"geometry":{"type":"LineString","coordinates":[[-72.992703,4.488396],[-72.991347,4.487661]]}},{"type":"Feature","properties":{"linea":"6-4-25","parcela":"6-4","palmas":20},"geometry":{"type":"LineString","coordinates":[[-72.992705,4.488477],[-72.991349,4.487742]]}},{"type":"Feature","properties":{"linea":"6-4-26","parcela":"6-4","palmas":20},"geometry":{"type":"LineString","coordinates":[[-72.992707,4.488558],[-72.991352,4.487824]]}},{"type":"Feature","properties":{"linea":"6-4-27","parcela":"6-4","palmas":21},"geometry":{"type":"LineString","coordinates":[[-72.99271,4.48864],[-72.991283,4.487866]]}},{"type":"Feature","properties":{"linea":"6-4-28","parcela":"6-4","palmas":21},"geometry":{"type":"LineString","coordinates":[[-72.992712,4.488721],[-72.991285,4.487948]]}},{"type":"Feature","properties":{"linea":"6-4-29","parcela":"6-4","palmas":21},"geometry":{"type":"LineString","coordinates":[[-72.992714,4.488802],[-72.991287,4.488029]]}},{"type":"Feature","properties":{"linea":"6-4-30","parcela":"6-4","palmas":21},"geometry":{"type":"LineString","coordinates":[[-72.992717,4.488884],[-72.99129,4.48811]]}},{"type":"Feature","properties":{"linea":"6-4-31","parcela":"6-4","palmas":22},"geometry":{"type":"LineString","coordinates":[[-72.992719,4.488965],[-72.991221,4.488153]]}},{"type":"Feature","properties":{"linea":"6-4-32","parcela":"6-4","palmas":22},"geometry":{"type":"LineString","coordinates":[[-72.992721,4.489046],[-72.991223,4.488234]]}},{"type":"Feature","properties":{"linea":"6-4-33","parcela":"6-4","palmas":22},"geometry":{"type":"LineString","coordinates":[[-72.992724,4.489128],[-72.991225,4.488316]]}},{"type":"Feature","properties":{"linea":"6-4-34","parcela":"6-4","palmas":22},"geometry":{"type":"LineString","coordinates":[[-72.992726,4.489209],[-72.991228,4.488397]]}},{"type":"Feature","properties":{"linea":"6-4-35","parcela":"6-4","palmas":23},"geometry":{"type":"LineString","coordinates":[[-72.992728,4.48929],[-72.991159,4.48844]]}},{"type":"Feature","properties":{"linea":"6-4-36","parcela":"6-4","palmas":23},"geometry":{"type":"LineString","coordinates":[[-72.992731,4.489372],[-72.991161,4.488521]]}},{"type":"Feature","properties":{"linea":"6-4-37","parcela":"6-4","palmas":23},"geometry":{"type":"LineString","coordinates":[[-72.992733,4.489453],[-72.991163,4.488602]]}},{"type":"Feature","properties":{"linea":"6-4-38","parcela":"6-4","palmas":24},"geometry":{"type":"LineString","coordinates":[[-72.992735,4.489534],[-72.991094,4.488645]]}},{"type":"Feature","properties":{"linea":"6-4-39","parcela":"6-4","palmas":24},"geometry":{"type":"LineString","coordinates":[[-72.992738,4.489616],[-72.991096,4.488726]]}},{"type":"Feature","properties":{"linea":"6-4-40","parcela":"6-4","palmas":24},"geometry":{"type":"LineString","coordinates":[[-72.99274,4.489697],[-72.991099,4.488808]]}},{"type":"Feature","properties":{"linea":"6-4-41","parcela":"6-4","palmas":25},"geometry":{"type":"LineString","coordinates":[[-72.992742,4.489778],[-72.99103,4.488851]]}},{"type":"Feature","properties":{"linea":"6-4-42","parcela":"6-4","palmas":25},"geometry":{"type":"LineString","coordinates":[[-72.992744,4.48986],[-72.991032,4.488932]]}},{"type":"Feature","properties":{"linea":"6-4-43","parcela":"6-4","palmas":25},"geometry":{"type":"LineString","coordinates":[[-72.992747,4.489941],[-72.991034,4.489013]]}},{"type":"Feature","properties":{"linea":"6-4-44","parcela":"6-4","palmas":25},"geometry":{"type":"LineString","coordinates":[[-72.992749,4.490023],[-72.991037,4.489094]]}},{"type":"Feature","properties":{"linea":"6-4-45","parcela":"6-4","palmas":25},"geometry":{"type":"LineString","coordinates":[[-72.992751,4.490104],[-72.991039,4.489176]]}},{"type":"Feature","properties":{"linea":"6-4-46","parcela":"6-4","palmas":25},"geometry":{"type":"LineString","coordinates":[[-72.992754,4.490185],[-72.991041,4.489257]]}},{"type":"Feature","properties":{"linea":"6-4-47","parcela":"6-4","palmas":26},"geometry":{"type":"LineString","coordinates":[[-72.992756,4.490266],[-72.990972,4.4893]]}},{"type":"Feature","properties":{"linea":"6-4-48","parcela":"6-4","palmas":26},"geometry":{"type":"LineString","coordinates":[[-72.992758,4.490348],[-72.990975,4.489381]]}},{"type":"Feature","properties":{"linea":"6-4-49","parcela":"6-4","palmas":26},"geometry":{"type":"LineString","coordinates":[[-72.992761,4.490429],[-72.990977,4.489463]]}},{"type":"Feature","properties":{"linea":"6-4-50","parcela":"6-4","palmas":26},"geometry":{"type":"LineString","coordinates":[[-72.992763,4.490511],[-72.990979,4.489544]]}},{"type":"Feature","properties":{"linea":"6-4-51","parcela":"6-4","palmas":26},"geometry":{"type":"LineString","coordinates":[[-72.992765,4.490592],[-72.990981,4.489625]]}},{"type":"Feature","properties":{"linea":"6-4-52","parcela":"6-4","palmas":26},"geometry":{"type":"LineString","coordinates":[[-72.992767,4.490673],[-72.990984,4.489707]]}},{"type":"Feature","properties":{"linea":"6-4-53","parcela":"6-4","palmas":26},"geometry":{"type":"LineString","coordinates":[[-72.99277,4.490754],[-72.990986,4.489788]]}},{"type":"Feature","properties":{"linea":"6-4-54","parcela":"6-4","palmas":26},"geometry":{"type":"LineString","coordinates":[[-72.992772,4.490836],[-72.990988,4.489869]]}},{"type":"Feature","properties":{"linea":"6-4-55","parcela":"6-4","palmas":26},"geometry":{"type":"LineString","coordinates":[[-72.992774,4.490917],[-72.990991,4.489951]]}},{"type":"Feature","properties":{"linea":"6-4-56","parcela":"6-4","palmas":26},"geometry":{"type":"LineString","coordinates":[[-72.992777,4.490999],[-72.990993,4.490032]]}},{"type":"Feature","properties":{"linea":"6-4-57","parcela":"6-4","palmas":26},"geometry":{"type":"LineString","coordinates":[[-72.992779,4.49108],[-72.990995,4.490113]]}},{"type":"Feature","properties":{"linea":"6-4-58","parcela":"6-4","palmas":26},"geometry":{"type":"LineString","coordinates":[[-72.992781,4.491161],[-72.990998,4.490195]]}},{"type":"Feature","properties":{"linea":"6-4-59","parcela":"6-4","palmas":26},"geometry":{"type":"LineString","coordinates":[[-72.992784,4.491243],[-72.991,4.490276]]}},{"type":"Feature","properties":{"linea":"6-4-60","parcela":"6-4","palmas":26},"geometry":{"type":"LineString","coordinates":[[-72.992786,4.491324],[-72.991002,4.490357]]}},{"type":"Feature","properties":{"linea":"6-4-61","parcela":"6-4","palmas":26},"geometry":{"type":"LineString","coordinates":[[-72.992788,4.491405],[-72.991005,4.490439]]}},{"type":"Feature","properties":{"linea":"6-4-62","parcela":"6-4","palmas":26},"geometry":{"type":"LineString","coordinates":[[-72.992791,4.491487],[-72.991007,4.49052]]}},{"type":"Feature","properties":{"linea":"6-4-63","parcela":"6-4","palmas":26},"geometry":{"type":"LineString","coordinates":[[-72.992793,4.491568],[-72.991009,4.490601]]}},{"type":"Feature","properties":{"linea":"6-4-64","parcela":"6-4","palmas":26},"geometry":{"type":"LineString","coordinates":[[-72.992795,4.491649],[-72.991012,4.490683]]}},{"type":"Feature","properties":{"linea":"6-4-65","parcela":"6-4","palmas":26},"geometry":{"type":"LineString","coordinates":[[-72.992797,4.491731],[-72.991014,4.490764]]}},{"type":"Feature","properties":{"linea":"6-4-66","parcela":"6-4","palmas":26},"geometry":{"type":"LineString","coordinates":[[-72.9928,4.491812],[-72.991016,4.490845]]}},{"type":"Feature","properties":{"linea":"6-4-67","parcela":"6-4","palmas":26},"geometry":{"type":"LineString","coordinates":[[-72.992802,4.491893],[-72.991018,4.490927]]}},{"type":"Feature","properties":{"linea":"6-4-68","parcela":"6-4","palmas":26},"geometry":{"type":"LineString","coordinates":[[-72.992804,4.491975],[-72.991021,4.491008]]}},{"type":"Feature","properties":{"linea":"6-4-69","parcela":"6-4","palmas":26},"geometry":{"type":"LineString","coordinates":[[-72.992807,4.492056],[-72.991023,4.491089]]}},{"type":"Feature","properties":{"linea":"6-4-70","parcela":"6-4","palmas":27},"geometry":{"type":"LineString","coordinates":[[-72.99288,4.492176],[-72.991025,4.491171]]}},{"type":"Feature","properties":{"linea":"6-4-71","parcela":"6-4","palmas":27},"geometry":{"type":"LineString","coordinates":[[-72.992883,4.492257],[-72.991028,4.491252]]}},{"type":"Feature","properties":{"linea":"6-4-72","parcela":"6-4","palmas":27},"geometry":{"type":"LineString","coordinates":[[-72.992885,4.492339],[-72.99103,4.491333]]}},{"type":"Feature","properties":{"linea":"6-4-73","parcela":"6-4","palmas":27},"geometry":{"type":"LineString","coordinates":[[-72.992887,4.49242],[-72.991032,4.491415]]}},{"type":"Feature","properties":{"linea":"6-4-74","parcela":"6-4","palmas":27},"geometry":{"type":"LineString","coordinates":[[-72.99289,4.492501],[-72.991035,4.491496]]}},{"type":"Feature","properties":{"linea":"6-4-75","parcela":"6-4","palmas":27},"geometry":{"type":"LineString","coordinates":[[-72.992892,4.492583],[-72.991037,4.491578]]}},{"type":"Feature","properties":{"linea":"6-4-76","parcela":"6-4","palmas":27},"geometry":{"type":"LineString","coordinates":[[-72.992894,4.492664],[-72.991039,4.491659]]}},{"type":"Feature","properties":{"linea":"6-4-77","parcela":"6-4","palmas":27},"geometry":{"type":"LineString","coordinates":[[-72.992896,4.492745],[-72.991042,4.49174]]}},{"type":"Feature","properties":{"linea":"6-4-78","parcela":"6-4","palmas":27},"geometry":{"type":"LineString","coordinates":[[-72.992899,4.492827],[-72.991044,4.491821]]}},{"type":"Feature","properties":{"linea":"6-4-79","parcela":"6-4","palmas":27},"geometry":{"type":"LineString","coordinates":[[-72.992901,4.492908],[-72.991046,4.491903]]}},{"type":"Feature","properties":{"linea":"6-4-80","parcela":"6-4","palmas":26},"geometry":{"type":"LineString","coordinates":[[-72.992832,4.492951],[-72.991049,4.491984]]}},{"type":"Feature","properties":{"linea":"6-4-81","parcela":"6-4","palmas":26},"geometry":{"type":"LineString","coordinates":[[-72.992834,4.493032],[-72.991051,4.492066]]}},{"type":"Feature","properties":{"linea":"6-4-82","parcela":"6-4","palmas":27},"geometry":{"type":"LineString","coordinates":[[-72.992908,4.493152],[-72.991053,4.492147]]}},{"type":"Feature","properties":{"linea":"6-4-83","parcela":"6-4","palmas":27},"geometry":{"type":"LineString","coordinates":[[-72.99291,4.493233],[-72.991055,4.492228]]}},{"type":"Feature","properties":{"linea":"6-4-84","parcela":"6-4","palmas":27},"geometry":{"type":"LineString","coordinates":[[-72.992913,4.493315],[-72.991058,4.492309]]}},{"type":"Feature","properties":{"linea":"6-4-85","parcela":"6-4","palmas":27},"geometry":{"type":"LineString","coordinates":[[-72.992915,4.493396],[-72.99106,4.492391]]}},{"type":"Feature","properties":{"linea":"6-4-86","parcela":"6-4","palmas":27},"geometry":{"type":"LineString","coordinates":[[-72.992917,4.493478],[-72.991062,4.492472]]}},{"type":"Feature","properties":{"linea":"6-4-87","parcela":"6-4","palmas":27},"geometry":{"type":"LineString","coordinates":[[-72.99292,4.493559],[-72.991065,4.492554]]}},{"type":"Feature","properties":{"linea":"6-4-88","parcela":"6-4","palmas":27},"geometry":{"type":"LineString","coordinates":[[-72.992922,4.49364],[-72.991067,4.492635]]}},{"type":"Feature","properties":{"linea":"6-4-89","parcela":"6-4","palmas":27},"geometry":{"type":"LineString","coordinates":[[-72.992924,4.493721],[-72.991069,4.492716]]}},{"type":"Feature","properties":{"linea":"6-4-90","parcela":"6-4","palmas":27},"geometry":{"type":"LineString","coordinates":[[-72.992927,4.493803],[-72.991072,4.492797]]}},{"type":"Feature","properties":{"linea":"6-4-91","parcela":"6-4","palmas":27},"geometry":{"type":"LineString","coordinates":[[-72.992929,4.493884],[-72.991074,4.492879]]}},{"type":"Feature","properties":{"linea":"6-4-92","parcela":"6-4","palmas":27},"geometry":{"type":"LineString","coordinates":[[-72.992931,4.493966],[-72.991076,4.49296]]}},{"type":"Feature","properties":{"linea":"6-4-93","parcela":"6-4","palmas":27},"geometry":{"type":"LineString","coordinates":[[-72.992933,4.494047],[-72.991079,4.493042]]}},{"type":"Feature","properties":{"linea":"6-4-94","parcela":"6-4","palmas":27},"geometry":{"type":"LineString","coordinates":[[-72.992936,4.494128],[-72.991081,4.493123]]}},{"type":"Feature","properties":{"linea":"6-4-95","parcela":"6-4","palmas":27},"geometry":{"type":"LineString","coordinates":[[-72.992938,4.494209],[-72.991083,4.493204]]}},{"type":"Feature","properties":{"linea":"6-4-96","parcela":"6-4","palmas":27},"geometry":{"type":"LineString","coordinates":[[-72.99294,4.494291],[-72.991086,4.493286]]}},{"type":"Feature","properties":{"linea":"6-4-97","parcela":"6-4","palmas":27},"geometry":{"type":"LineString","coordinates":[[-72.992943,4.494372],[-72.991088,4.493367]]}},{"type":"Feature","properties":{"linea":"6-4-98","parcela":"6-4","palmas":26},"geometry":{"type":"LineString","coordinates":[[-72.992945,4.494454],[-72.991161,4.493487]]}},{"type":"Feature","properties":{"linea":"6-4-99","parcela":"6-4","palmas":26},"geometry":{"type":"LineString","coordinates":[[-72.992947,4.494535],[-72.991164,4.493568]]}},{"type":"Feature","properties":{"linea":"6-4-100","parcela":"6-4","palmas":26},"geometry":{"type":"LineString","coordinates":[[-72.99295,4.494616],[-72.991166,4.493649]]}},{"type":"Feature","properties":{"linea":"6-4-101","parcela":"6-4","palmas":26},"geometry":{"type":"LineString","coordinates":[[-72.992952,4.494698],[-72.991168,4.493731]]}},{"type":"Feature","properties":{"linea":"6-4-102","parcela":"6-4","palmas":26},"geometry":{"type":"LineString","coordinates":[[-72.992954,4.494779],[-72.991171,4.493812]]}},{"type":"Feature","properties":{"linea":"6-4-103","parcela":"6-4","palmas":26},"geometry":{"type":"LineString","coordinates":[[-72.992957,4.49486],[-72.991173,4.493894]]}},{"type":"Feature","properties":{"linea":"6-4-104","parcela":"6-4","palmas":26},"geometry":{"type":"LineString","coordinates":[[-72.992959,4.494941],[-72.991175,4.493975]]}},{"type":"Feature","properties":{"linea":"6-4-105","parcela":"6-4","palmas":26},"geometry":{"type":"LineString","coordinates":[[-72.992961,4.495023],[-72.991178,4.494056]]}},{"type":"Feature","properties":{"linea":"6-4-106","parcela":"6-4","palmas":26},"geometry":{"type":"LineString","coordinates":[[-72.992964,4.495104],[-72.99118,4.494137]]}},{"type":"Feature","properties":{"linea":"6-4-107","parcela":"6-4","palmas":26},"geometry":{"type":"LineString","coordinates":[[-72.992966,4.495186],[-72.991182,4.494219]]}},{"type":"Feature","properties":{"linea":"6-4-108","parcela":"6-4","palmas":26},"geometry":{"type":"LineString","coordinates":[[-72.992968,4.495267],[-72.991184,4.4943]]}},{"type":"Feature","properties":{"linea":"6-4-109","parcela":"6-4","palmas":25},"geometry":{"type":"LineString","coordinates":[[-72.992899,4.495309],[-72.991187,4.494382]]}},{"type":"Feature","properties":{"linea":"6-4-110","parcela":"6-4","palmas":24},"geometry":{"type":"LineString","coordinates":[[-72.99283,4.495352],[-72.991189,4.494463]]}},{"type":"Feature","properties":{"linea":"6-4-111","parcela":"6-4","palmas":23},"geometry":{"type":"LineString","coordinates":[[-72.992761,4.495395],[-72.991191,4.494544]]}},{"type":"Feature","properties":{"linea":"6-4-112","parcela":"6-4","palmas":22},"geometry":{"type":"LineString","coordinates":[[-72.992692,4.495438],[-72.991194,4.494626]]}},{"type":"Feature","properties":{"linea":"6-4-113","parcela":"6-4","palmas":21},"geometry":{"type":"LineString","coordinates":[[-72.992623,4.49548],[-72.991196,4.494707]]}},{"type":"Feature","properties":{"linea":"6-4-114","parcela":"6-4","palmas":20},"geometry":{"type":"LineString","coordinates":[[-72.992554,4.495523],[-72.991198,4.494788]]}},{"type":"Feature","properties":{"linea":"6-4-115","parcela":"6-4","palmas":19},"geometry":{"type":"LineString","coordinates":[[-72.992485,4.495566],[-72.991201,4.49487]]}},{"type":"Feature","properties":{"linea":"6-4-116","parcela":"6-4","palmas":18},"geometry":{"type":"LineString","coordinates":[[-72.992416,4.495608],[-72.991203,4.494951]]}},{"type":"Feature","properties":{"linea":"6-4-117","parcela":"6-4","palmas":17},"geometry":{"type":"LineString","coordinates":[[-72.992347,4.495651],[-72.991205,4.495032]]}},{"type":"Feature","properties":{"linea":"6-4-118","parcela":"6-4","palmas":16},"geometry":{"type":"LineString","coordinates":[[-72.992278,4.495694],[-72.991208,4.495114]]}},{"type":"Feature","properties":{"linea":"6-4-119","parcela":"6-4","palmas":15},"geometry":{"type":"LineString","coordinates":[[-72.992209,4.495736],[-72.99121,4.495195]]}},{"type":"Feature","properties":{"linea":"6-4-120","parcela":"6-4","palmas":14},"geometry":{"type":"LineString","coordinates":[[-72.99214,4.495779],[-72.991212,4.495276]]}},{"type":"Feature","properties":{"linea":"6-4-121","parcela":"6-4","palmas":13},"geometry":{"type":"LineString","coordinates":[[-72.992071,4.495822],[-72.991214,4.495358]]}},{"type":"Feature","properties":{"linea":"6-4-122","parcela":"6-4","palmas":12},"geometry":{"type":"LineString","coordinates":[[-72.992002,4.495864],[-72.991217,4.495439]]}},{"type":"Feature","properties":{"linea":"6-4-123","parcela":"6-4","palmas":11},"geometry":{"type":"LineString","coordinates":[[-72.991933,4.495907],[-72.991219,4.49552]]}},{"type":"Feature","properties":{"linea":"6-4-124","parcela":"6-4","palmas":10},"geometry":{"type":"LineString","coordinates":[[-72.991864,4.49595],[-72.991221,4.495602]]}},{"type":"Feature","properties":{"linea":"6-4-125","parcela":"6-4","palmas":9},"geometry":{"type":"LineString","coordinates":[[-72.991794,4.495992],[-72.991224,4.495683]]}},{"type":"Feature","properties":{"linea":"6-4-126","parcela":"6-4","palmas":8},"geometry":{"type":"LineString","coordinates":[[-72.991726,4.496035],[-72.991226,4.495764]]}},{"type":"Feature","properties":{"linea":"6-4-127","parcela":"6-4","palmas":7},"geometry":{"type":"LineString","coordinates":[[-72.991656,4.496078],[-72.991228,4.495846]]}},{"type":"Feature","properties":{"linea":"6-4-128","parcela":"6-4","palmas":6},"geometry":{"type":"LineString","coordinates":[[-72.991587,4.496121],[-72.991231,4.495927]]}},{"type":"Feature","properties":{"linea":"6-4-129","parcela":"6-4","palmas":5},"geometry":{"type":"LineString","coordinates":[[-72.991518,4.496163],[-72.991233,4.496008]]}},{"type":"Feature","properties":{"linea":"6-4-130","parcela":"6-4","palmas":4},"geometry":{"type":"LineString","coordinates":[[-72.991449,4.496206],[-72.991235,4.49609]]}},{"type":"Feature","properties":{"linea":"6-4-131","parcela":"6-4","palmas":3},"geometry":{"type":"LineString","coordinates":[[-72.99138,4.496248],[-72.991237,4.496171]]}},{"type":"Feature","properties":{"linea":"6-4-132","parcela":"6-4","palmas":2},"geometry":{"type":"LineString","coordinates":[[-72.991311,4.496291],[-72.99124,4.496252]]}},{"type":"Feature","properties":{"linea":"6-4-134","parcela":"6-4","palmas":26},"geometry":{"type":"LineString","coordinates":[[-72.99297,4.495348],[-72.991244,4.496415]]}},{"type":"Feature","properties":{"linea":"6-4-135","parcela":"6-4","palmas":26},"geometry":{"type":"LineString","coordinates":[[-72.992973,4.495429],[-72.991247,4.496496]]}},{"type":"Feature","properties":{"linea":"6-4-136","parcela":"6-4","palmas":25},"geometry":{"type":"LineString","coordinates":[[-72.992975,4.495511],[-72.991318,4.496535]]}},{"type":"Feature","properties":{"linea":"6-4-137","parcela":"6-4","palmas":24},"geometry":{"type":"LineString","coordinates":[[-72.992977,4.495592],[-72.991389,4.496574]]}},{"type":"Feature","properties":{"linea":"6-4-138","parcela":"6-4","palmas":23},"geometry":{"type":"LineString","coordinates":[[-72.99298,4.495674],[-72.991461,4.496613]]}},{"type":"Feature","properties":{"linea":"6-4-139","parcela":"6-4","palmas":22},"geometry":{"type":"LineString","coordinates":[[-72.992982,4.495755],[-72.991532,4.496651]]}},{"type":"Feature","properties":{"linea":"6-4-140","parcela":"6-4","palmas":20},"geometry":{"type":"LineString","coordinates":[[-72.992984,4.495836],[-72.991604,4.49669]]}},{"type":"Feature","properties":{"linea":"6-4-141","parcela":"6-4","palmas":9},"geometry":{"type":"LineString","coordinates":[[-72.992227,4.496387],[-72.991675,4.496729]]}},{"type":"Feature","properties":{"linea":"6-4-142","parcela":"6-4","palmas":6},"geometry":{"type":"LineString","coordinates":[[-72.992091,4.496554],[-72.991746,4.496767]]}},{"type":"Feature","properties":{"linea":"6-4-143","parcela":"6-4","palmas":4},"geometry":{"type":"LineString","coordinates":[[-72.992025,4.496678],[-72.991817,4.496806]]}},{"type":"Feature","properties":{"linea":"6-4-144","parcela":"6-4","palmas":13},"geometry":{"type":"LineString","coordinates":[[-72.993035,4.497626],[-72.992179,4.497162]]}},{"type":"Feature","properties":{"linea":"6-4-145","parcela":"6-4","palmas":22},"geometry":{"type":"LineString","coordinates":[[-72.993037,4.497707],[-72.991468,4.496856]]}},{"type":"Feature","properties":{"linea":"6-4-146","parcela":"6-4","palmas":23},"geometry":{"type":"LineString","coordinates":[[-72.99304,4.497788],[-72.99147,4.496938]]}},{"type":"Feature","properties":{"linea":"6-4-147","parcela":"6-4","palmas":23},"geometry":{"type":"LineString","coordinates":[[-72.993042,4.49787],[-72.991473,4.497019]]}},{"type":"Feature","properties":{"linea":"6-4-148","parcela":"6-4","palmas":23},"geometry":{"type":"LineString","coordinates":[[-72.993044,4.497951],[-72.991475,4.497101]]}},{"type":"Feature","properties":{"linea":"6-4-149","parcela":"6-4","palmas":24},"geometry":{"type":"LineString","coordinates":[[-72.993047,4.498032],[-72.991406,4.497143]]}},{"type":"Feature","properties":{"linea":"6-4-150","parcela":"6-4","palmas":24},"geometry":{"type":"LineString","coordinates":[[-72.993049,4.498114],[-72.991408,4.497224]]}},{"type":"Feature","properties":{"linea":"6-4-151","parcela":"6-4","palmas":24},"geometry":{"type":"LineString","coordinates":[[-72.993051,4.498195],[-72.99141,4.497306]]}},{"type":"Feature","properties":{"linea":"6-4-152","parcela":"6-4","palmas":24},"geometry":{"type":"LineString","coordinates":[[-72.993054,4.498276],[-72.991412,4.497387]]}},{"type":"Feature","properties":{"linea":"6-4-153","parcela":"6-4","palmas":24},"geometry":{"type":"LineString","coordinates":[[-72.993056,4.498358],[-72.991415,4.497469]]}},{"type":"Feature","properties":{"linea":"6-4-154","parcela":"6-4","palmas":24},"geometry":{"type":"LineString","coordinates":[[-72.993058,4.498439],[-72.991417,4.49755]]}},{"type":"Feature","properties":{"linea":"6-4-155","parcela":"6-4","palmas":24},"geometry":{"type":"LineString","coordinates":[[-72.993061,4.498521],[-72.991419,4.497631]]}},{"type":"Feature","properties":{"linea":"6-4-156","parcela":"6-4","palmas":24},"geometry":{"type":"LineString","coordinates":[[-72.993063,4.498602],[-72.991422,4.497713]]}},{"type":"Feature","properties":{"linea":"6-4-157","parcela":"6-4","palmas":24},"geometry":{"type":"LineString","coordinates":[[-72.993065,4.498683],[-72.991424,4.497794]]}},{"type":"Feature","properties":{"linea":"6-4-158","parcela":"6-4","palmas":24},"geometry":{"type":"LineString","coordinates":[[-72.993067,4.498764],[-72.991426,4.497875]]}},{"type":"Feature","properties":{"linea":"6-4-159","parcela":"6-4","palmas":24},"geometry":{"type":"LineString","coordinates":[[-72.99307,4.498846],[-72.991429,4.497957]]}},{"type":"Feature","properties":{"linea":"6-4-160","parcela":"6-4","palmas":23},"geometry":{"type":"LineString","coordinates":[[-72.993072,4.498927],[-72.991502,4.498077]]}},{"type":"Feature","properties":{"linea":"6-4-161","parcela":"6-4","palmas":23},"geometry":{"type":"LineString","coordinates":[[-72.993074,4.499009],[-72.991505,4.498158]]}},{"type":"Feature","properties":{"linea":"6-4-162","parcela":"6-4","palmas":23},"geometry":{"type":"LineString","coordinates":[[-72.993077,4.49909],[-72.991507,4.498239]]}},{"type":"Feature","properties":{"linea":"6-4-163","parcela":"6-4","palmas":23},"geometry":{"type":"LineString","coordinates":[[-72.993079,4.499171],[-72.991509,4.498321]]}},{"type":"Feature","properties":{"linea":"6-4-164","parcela":"6-4","palmas":23},"geometry":{"type":"LineString","coordinates":[[-72.993081,4.499252],[-72.991512,4.498402]]}},{"type":"Feature","properties":{"linea":"6-4-165","parcela":"6-4","palmas":23},"geometry":{"type":"LineString","coordinates":[[-72.993084,4.499334],[-72.991514,4.498483]]}},{"type":"Feature","properties":{"linea":"6-4-166","parcela":"6-4","palmas":23},"geometry":{"type":"LineString","coordinates":[[-72.993086,4.499415],[-72.991516,4.498565]]}},{"type":"Feature","properties":{"linea":"6-4-167","parcela":"6-4","palmas":23},"geometry":{"type":"LineString","coordinates":[[-72.993088,4.499497],[-72.991519,4.498646]]}},{"type":"Feature","properties":{"linea":"6-4-168","parcela":"6-4","palmas":23},"geometry":{"type":"LineString","coordinates":[[-72.993091,4.499578],[-72.991521,4.498727]]}},{"type":"Feature","properties":{"linea":"6-4-169","parcela":"6-4","palmas":23},"geometry":{"type":"LineString","coordinates":[[-72.993093,4.499659],[-72.991523,4.498809]]}},{"type":"Feature","properties":{"linea":"6-4-170","parcela":"6-4","palmas":23},"geometry":{"type":"LineString","coordinates":[[-72.993095,4.499741],[-72.991526,4.49889]]}},{"type":"Feature","properties":{"linea":"6-4-171","parcela":"6-4","palmas":23},"geometry":{"type":"LineString","coordinates":[[-72.993098,4.499822],[-72.991528,4.498971]]}},{"type":"Feature","properties":{"linea":"6-4-172","parcela":"6-4","palmas":23},"geometry":{"type":"LineString","coordinates":[[-72.9931,4.499903],[-72.99153,4.499053]]}},{"type":"Feature","properties":{"linea":"6-4-173","parcela":"6-4","palmas":23},"geometry":{"type":"LineString","coordinates":[[-72.993102,4.499985],[-72.991533,4.499134]]}},{"type":"Feature","properties":{"linea":"6-4-174","parcela":"6-4","palmas":23},"geometry":{"type":"LineString","coordinates":[[-72.993104,4.500066],[-72.991535,4.499215]]}},{"type":"Feature","properties":{"linea":"6-4-175","parcela":"6-4","palmas":23},"geometry":{"type":"LineString","coordinates":[[-72.993107,4.500147],[-72.991537,4.499297]]}},{"type":"Feature","properties":{"linea":"6-4-176","parcela":"6-4","palmas":23},"geometry":{"type":"LineString","coordinates":[[-72.993109,4.500229],[-72.991539,4.499378]]}},{"type":"Feature","properties":{"linea":"6-4-177","parcela":"6-4","palmas":23},"geometry":{"type":"LineString","coordinates":[[-72.993111,4.50031],[-72.991542,4.499459]]}},{"type":"Feature","properties":{"linea":"6-4-178","parcela":"6-4","palmas":23},"geometry":{"type":"LineString","coordinates":[[-72.993114,4.500391],[-72.991544,4.499541]]}},{"type":"Feature","properties":{"linea":"6-4-179","parcela":"6-4","palmas":23},"geometry":{"type":"LineString","coordinates":[[-72.993116,4.500473],[-72.991546,4.499622]]}},{"type":"Feature","properties":{"linea":"6-4-180","parcela":"6-4","palmas":23},"geometry":{"type":"LineString","coordinates":[[-72.993118,4.500554],[-72.991549,4.499703]]}},{"type":"Feature","properties":{"linea":"6-4-181","parcela":"6-4","palmas":23},"geometry":{"type":"LineString","coordinates":[[-72.993121,4.500635],[-72.991551,4.499785]]}},{"type":"Feature","properties":{"linea":"6-4-182","parcela":"6-4","palmas":23},"geometry":{"type":"LineString","coordinates":[[-72.993123,4.500717],[-72.991553,4.499866]]}},{"type":"Feature","properties":{"linea":"6-4-183","parcela":"6-4","palmas":23},"geometry":{"type":"LineString","coordinates":[[-72.993125,4.500798],[-72.991556,4.499948]]}},{"type":"Feature","properties":{"linea":"6-4-184","parcela":"6-4","palmas":23},"geometry":{"type":"LineString","coordinates":[[-72.993127,4.500879],[-72.991558,4.500029]]}},{"type":"Feature","properties":{"linea":"6-4-185","parcela":"6-4","palmas":23},"geometry":{"type":"LineString","coordinates":[[-72.99313,4.500961],[-72.99156,4.50011]]}},{"type":"Feature","properties":{"linea":"6-4-186","parcela":"6-4","palmas":23},"geometry":{"type":"LineString","coordinates":[[-72.993132,4.501042],[-72.991563,4.500191]]}},{"type":"Feature","properties":{"linea":"6-4-187","parcela":"6-4","palmas":21},"geometry":{"type":"LineString","coordinates":[[-72.993134,4.501123],[-72.991708,4.50035]]}},{"type":"Feature","properties":{"linea":"6-4-188","parcela":"6-4","palmas":20},"geometry":{"type":"LineString","coordinates":[[-72.993137,4.501205],[-72.991781,4.50047]]}},{"type":"Feature","properties":{"linea":"6-4-189","parcela":"6-4","palmas":21},"geometry":{"type":"LineString","coordinates":[[-72.993139,4.501286],[-72.991712,4.500513]]}},{"type":"Feature","properties":{"linea":"6-4-190","parcela":"6-4","palmas":21},"geometry":{"type":"LineString","coordinates":[[-72.993141,4.501367],[-72.991714,4.500594]]}},{"type":"Feature","properties":{"linea":"6-4-191","parcela":"6-4","palmas":21},"geometry":{"type":"LineString","coordinates":[[-72.993144,4.501449],[-72.991717,4.500676]]}},{"type":"Feature","properties":{"linea":"6-4-192","parcela":"6-4","palmas":19},"geometry":{"type":"LineString","coordinates":[[-72.993146,4.50153],[-72.991862,4.500834]]}},{"type":"Feature","properties":{"linea":"6-4-193","parcela":"6-4","palmas":20},"geometry":{"type":"LineString","coordinates":[[-72.993148,4.501611],[-72.991793,4.500877]]}},{"type":"Feature","properties":{"linea":"6-4-194","parcela":"6-4","palmas":19},"geometry":{"type":"LineString","coordinates":[[-72.993151,4.501693],[-72.991866,4.500997]]}},{"type":"Feature","properties":{"linea":"6-4-195","parcela":"6-4","palmas":20},"geometry":{"type":"LineString","coordinates":[[-72.993153,4.501774],[-72.991797,4.501039]]}},{"type":"Feature","properties":{"linea":"6-4-196","parcela":"6-4","palmas":19},"geometry":{"type":"LineString","coordinates":[[-72.993155,4.501856],[-72.991871,4.501159]]}},{"type":"Feature","properties":{"linea":"6-4-197","parcela":"6-4","palmas":20},"geometry":{"type":"LineString","coordinates":[[-72.993157,4.501937],[-72.991802,4.501202]]}},{"type":"Feature","properties":{"linea":"6-4-198","parcela":"6-4","palmas":20},"geometry":{"type":"LineString","coordinates":[[-72.99316,4.502018],[-72.991804,4.501284]]}},{"type":"Feature","properties":{"linea":"6-4-199","parcela":"6-4","palmas":20},"geometry":{"type":"LineString","coordinates":[[-72.993162,4.502099],[-72.991806,4.501365]]}},{"type":"Feature","properties":{"linea":"6-4-200","parcela":"6-4","palmas":18},"geometry":{"type":"LineString","coordinates":[[-72.993167,4.502262],[-72.991954,4.501605]]}},{"type":"Feature","properties":{"linea":"6-4-201","parcela":"6-4","palmas":18},"geometry":{"type":"LineString","coordinates":[[-72.993169,4.502344],[-72.991956,4.501686]]}},{"type":"Feature","properties":{"linea":"6-4-202","parcela":"6-4","palmas":18},"geometry":{"type":"LineString","coordinates":[[-72.993171,4.502425],[-72.991958,4.501767]]}},{"type":"Feature","properties":{"linea":"6-4-203","parcela":"6-4","palmas":18},"geometry":{"type":"LineString","coordinates":[[-72.993174,4.502506],[-72.991961,4.501849]]}},{"type":"Feature","properties":{"linea":"6-4-204","parcela":"6-4","palmas":18},"geometry":{"type":"LineString","coordinates":[[-72.993176,4.502587],[-72.991963,4.50193]]}},{"type":"Feature","properties":{"linea":"6-4-205","parcela":"6-4","palmas":19},"geometry":{"type":"LineString","coordinates":[[-72.993178,4.502669],[-72.991894,4.501973]]}},{"type":"Feature","properties":{"linea":"6-4-206","parcela":"6-4","palmas":19},"geometry":{"type":"LineString","coordinates":[[-72.993181,4.50275],[-72.991896,4.502054]]}},{"type":"Feature","properties":{"linea":"6-4-207","parcela":"6-4","palmas":19},"geometry":{"type":"LineString","coordinates":[[-72.993183,4.502832],[-72.991899,4.502136]]}},{"type":"Feature","properties":{"linea":"6-4-208","parcela":"6-4","palmas":20},"geometry":{"type":"LineString","coordinates":[[-72.993185,4.502913],[-72.99183,4.502178]]}},{"type":"Feature","properties":{"linea":"6-4-209","parcela":"6-4","palmas":20},"geometry":{"type":"LineString","coordinates":[[-72.993188,4.502994],[-72.991832,4.50226]]}},{"type":"Feature","properties":{"linea":"6-4-210","parcela":"6-4","palmas":20},"geometry":{"type":"LineString","coordinates":[[-72.99319,4.503076],[-72.991834,4.502341]]}},{"type":"Feature","properties":{"linea":"6-4-211","parcela":"6-4","palmas":20},"geometry":{"type":"LineString","coordinates":[[-72.993192,4.503157],[-72.991836,4.502422]]}},{"type":"Feature","properties":{"linea":"6-4-212","parcela":"6-4","palmas":20},"geometry":{"type":"LineString","coordinates":[[-72.993194,4.503238],[-72.991839,4.502504]]}},{"type":"Feature","properties":{"linea":"6-4-213","parcela":"6-4","palmas":20},"geometry":{"type":"LineString","coordinates":[[-72.993197,4.50332],[-72.991841,4.502585]]}},{"type":"Feature","properties":{"linea":"6-4-214","parcela":"6-4","palmas":20},"geometry":{"type":"LineString","coordinates":[[-72.993199,4.503401],[-72.991843,4.502666]]}},{"type":"Feature","properties":{"linea":"6-4-215","parcela":"6-4","palmas":20},"geometry":{"type":"LineString","coordinates":[[-72.993201,4.503482],[-72.991846,4.502748]]}},{"type":"Feature","properties":{"linea":"6-4-216","parcela":"6-4","palmas":20},"geometry":{"type":"LineString","coordinates":[[-72.993204,4.503564],[-72.991848,4.502829]]}},{"type":"Feature","properties":{"linea":"6-4-217","parcela":"6-4","palmas":20},"geometry":{"type":"LineString","coordinates":[[-72.993206,4.503645],[-72.99185,4.50291]]}},{"type":"Feature","properties":{"linea":"6-4-218","parcela":"6-4","palmas":20},"geometry":{"type":"LineString","coordinates":[[-72.993208,4.503726],[-72.991853,4.502992]]}},{"type":"Feature","properties":{"linea":"6-4-219","parcela":"6-4","palmas":19},"geometry":{"type":"LineString","coordinates":[[-72.993211,4.503808],[-72.991926,4.503112]]}},{"type":"Feature","properties":{"linea":"6-4-220","parcela":"6-4","palmas":19},"geometry":{"type":"LineString","coordinates":[[-72.993213,4.503889],[-72.991929,4.503193]]}},{"type":"Feature","properties":{"linea":"6-4-221","parcela":"6-4","palmas":17},"geometry":{"type":"LineString","coordinates":[[-72.993072,4.503893],[-72.991931,4.503274]]}},{"type":"Feature","properties":{"linea":"6-4-222","parcela":"6-4","palmas":15},"geometry":{"type":"LineString","coordinates":[[-72.992932,4.503897],[-72.991933,4.503356]]}},{"type":"Feature","properties":{"linea":"6-4-223","parcela":"6-4","palmas":12},"geometry":{"type":"LineString","coordinates":[[-72.992792,4.503901],[-72.992007,4.503476]]}},{"type":"Feature","properties":{"linea":"6-4-224","parcela":"6-4","palmas":8},"geometry":{"type":"LineString","coordinates":[[-72.992651,4.503905],[-72.992152,4.503634]]}},{"type":"Feature","properties":{"linea":"6-4-225","parcela":"6-4","palmas":6},"geometry":{"type":"LineString","coordinates":[[-72.992511,4.503909],[-72.992154,4.503716]]}},{"type":"Feature","properties":{"linea":"6-4-226","parcela":"6-4","palmas":4},"geometry":{"type":"LineString","coordinates":[[-72.992371,4.503913],[-72.992157,4.503797]]}},{"type":"Feature","properties":{"linea":"6-4-227","parcela":"6-4","palmas":2},"geometry":{"type":"LineString","coordinates":[[-72.99223,4.503917],[-72.992159,4.503878]]}},{"type":"Feature","properties":{"linea":"6-5-3","parcela":"6-5","palmas":2},"geometry":{"type":"LineString","coordinates":[[-72.990784,4.490079],[-72.990715,4.490121]]}},{"type":"Feature","properties":{"linea":"6-5-4","parcela":"6-5","palmas":2},"geometry":{"type":"LineString","coordinates":[[-72.990786,4.49016],[-72.990717,4.490203]]}},{"type":"Feature","properties":{"linea":"6-5-5","parcela":"6-5","palmas":3},"geometry":{"type":"LineString","coordinates":[[-72.990788,4.490241],[-72.99065,4.490327]]}},{"type":"Feature","properties":{"linea":"6-5-6","parcela":"6-5","palmas":3},"geometry":{"type":"LineString","coordinates":[[-72.990791,4.490323],[-72.990652,4.490408]]}},{"type":"Feature","properties":{"linea":"6-5-7","parcela":"6-5","palmas":4},"geometry":{"type":"LineString","coordinates":[[-72.990793,4.490404],[-72.990586,4.490532]]}},{"type":"Feature","properties":{"linea":"6-5-8","parcela":"6-5","palmas":4},"geometry":{"type":"LineString","coordinates":[[-72.990795,4.490485],[-72.990588,4.490613]]}},{"type":"Feature","properties":{"linea":"6-5-9","parcela":"6-5","palmas":5},"geometry":{"type":"LineString","coordinates":[[-72.990797,4.490567],[-72.990521,4.490737]]}},{"type":"Feature","properties":{"linea":"6-5-10","parcela":"6-5","palmas":5},"geometry":{"type":"LineString","coordinates":[[-72.9908,4.490648],[-72.990524,4.490819]]}},{"type":"Feature","properties":{"linea":"6-5-11","parcela":"6-5","palmas":5},"geometry":{"type":"LineString","coordinates":[[-72.990802,4.490729],[-72.990526,4.4909]]}},{"type":"Feature","properties":{"linea":"6-5-12","parcela":"6-5","palmas":6},"geometry":{"type":"LineString","coordinates":[[-72.990804,4.490811],[-72.990459,4.491024]]}},{"type":"Feature","properties":{"linea":"6-5-13","parcela":"6-5","palmas":6},"geometry":{"type":"LineString","coordinates":[[-72.990807,4.490892],[-72.990462,4.491105]]}},{"type":"Feature","properties":{"linea":"6-5-14","parcela":"6-5","palmas":7},"geometry":{"type":"LineString","coordinates":[[-72.990809,4.490973],[-72.990395,4.491229]]}},{"type":"Feature","properties":{"linea":"6-5-15","parcela":"6-5","palmas":7},"geometry":{"type":"LineString","coordinates":[[-72.990811,4.491055],[-72.990397,4.491311]]}},{"type":"Feature","properties":{"linea":"6-5-16","parcela":"6-5","palmas":8},"geometry":{"type":"LineString","coordinates":[[-72.990814,4.491136],[-72.990331,4.491435]]}},{"type":"Feature","properties":{"linea":"6-5-17","parcela":"6-5","palmas":8},"geometry":{"type":"LineString","coordinates":[[-72.990816,4.491218],[-72.990333,4.491516]]}},{"type":"Feature","properties":{"linea":"6-5-18","parcela":"6-5","palmas":8},"geometry":{"type":"LineString","coordinates":[[-72.990818,4.491299],[-72.990335,4.491598]]}},{"type":"Feature","properties":{"linea":"6-5-19","parcela":"6-5","palmas":8},"geometry":{"type":"LineString","coordinates":[[-72.990821,4.49138],[-72.990337,4.491679]]}},{"type":"Feature","properties":{"linea":"6-5-20","parcela":"6-5","palmas":9},"geometry":{"type":"LineString","coordinates":[[-72.990823,4.491461],[-72.990271,4.491803]]}},{"type":"Feature","properties":{"linea":"6-5-21","parcela":"6-5","palmas":9},"geometry":{"type":"LineString","coordinates":[[-72.990825,4.491543],[-72.990273,4.491884]]}},{"type":"Feature","properties":{"linea":"6-5-22","parcela":"6-5","palmas":9},"geometry":{"type":"LineString","coordinates":[[-72.990827,4.491624],[-72.990275,4.491966]]}},{"type":"Feature","properties":{"linea":"6-5-23","parcela":"6-5","palmas":9},"geometry":{"type":"LineString","coordinates":[[-72.99083,4.491706],[-72.990278,4.492047]]}},{"type":"Feature","properties":{"linea":"6-5-24","parcela":"6-5","palmas":9},"geometry":{"type":"LineString","coordinates":[[-72.990832,4.491787],[-72.99028,4.492128]]}},{"type":"Feature","properties":{"linea":"6-5-25","parcela":"6-5","palmas":9},"geometry":{"type":"LineString","coordinates":[[-72.990834,4.491868],[-72.990282,4.492209]]}},{"type":"Feature","properties":{"linea":"6-5-26","parcela":"6-5","palmas":9},"geometry":{"type":"LineString","coordinates":[[-72.990837,4.491949],[-72.990284,4.492291]]}},{"type":"Feature","properties":{"linea":"6-5-27","parcela":"6-5","palmas":9},"geometry":{"type":"LineString","coordinates":[[-72.990839,4.492031],[-72.990287,4.492372]]}},{"type":"Feature","properties":{"linea":"6-5-28","parcela":"6-5","palmas":10},"geometry":{"type":"LineString","coordinates":[[-72.99091,4.492069],[-72.990289,4.492454]]}},{"type":"Feature","properties":{"linea":"6-5-29","parcela":"6-5","palmas":11},"geometry":{"type":"LineString","coordinates":[[-72.990913,4.492151],[-72.990223,4.492578]]}},{"type":"Feature","properties":{"linea":"6-5-30","parcela":"6-5","palmas":11},"geometry":{"type":"LineString","coordinates":[[-72.990915,4.492232],[-72.990225,4.492659]]}},{"type":"Feature","properties":{"linea":"6-5-31","parcela":"6-5","palmas":11},"geometry":{"type":"LineString","coordinates":[[-72.990917,4.492314],[-72.990227,4.49274]]}},{"type":"Feature","properties":{"linea":"6-5-32","parcela":"6-5","palmas":11},"geometry":{"type":"LineString","coordinates":[[-72.99092,4.492395],[-72.990229,4.492822]]}},{"type":"Feature","properties":{"linea":"6-5-33","parcela":"6-5","palmas":11},"geometry":{"type":"LineString","coordinates":[[-72.990922,4.492476],[-72.990232,4.492903]]}},{"type":"Feature","properties":{"linea":"6-5-34","parcela":"6-5","palmas":11},"geometry":{"type":"LineString","coordinates":[[-72.990924,4.492558],[-72.990234,4.492984]]}},{"type":"Feature","properties":{"linea":"6-5-35","parcela":"6-5","palmas":11},"geometry":{"type":"LineString","coordinates":[[-72.990927,4.492639],[-72.990236,4.493066]]}},{"type":"Feature","properties":{"linea":"6-5-36","parcela":"6-5","palmas":11},"geometry":{"type":"LineString","coordinates":[[-72.990929,4.49272],[-72.990239,4.493147]]}},{"type":"Feature","properties":{"linea":"6-5-37","parcela":"6-5","palmas":11},"geometry":{"type":"LineString","coordinates":[[-72.990931,4.492801],[-72.990241,4.493228]]}},{"type":"Feature","properties":{"linea":"6-5-38","parcela":"6-5","palmas":11},"geometry":{"type":"LineString","coordinates":[[-72.990934,4.492883],[-72.990243,4.49331]]}},{"type":"Feature","properties":{"linea":"6-5-39","parcela":"6-5","palmas":11},"geometry":{"type":"LineString","coordinates":[[-72.990936,4.492964],[-72.990246,4.493391]]}},{"type":"Feature","properties":{"linea":"6-5-40","parcela":"6-5","palmas":11},"geometry":{"type":"LineString","coordinates":[[-72.990938,4.493046],[-72.990248,4.493472]]}},{"type":"Feature","properties":{"linea":"6-5-41","parcela":"6-5","palmas":11},"geometry":{"type":"LineString","coordinates":[[-72.990941,4.493127],[-72.99025,4.493554]]}},{"type":"Feature","properties":{"linea":"6-5-42","parcela":"6-5","palmas":11},"geometry":{"type":"LineString","coordinates":[[-72.990943,4.493208],[-72.990252,4.493635]]}},{"type":"Feature","properties":{"linea":"6-5-43","parcela":"6-5","palmas":11},"geometry":{"type":"LineString","coordinates":[[-72.990945,4.493289],[-72.990255,4.493716]]}},{"type":"Feature","properties":{"linea":"6-5-44","parcela":"6-5","palmas":11},"geometry":{"type":"LineString","coordinates":[[-72.990947,4.493371],[-72.990257,4.493798]]}},{"type":"Feature","properties":{"linea":"6-5-45","parcela":"6-5","palmas":10},"geometry":{"type":"LineString","coordinates":[[-72.99095,4.493452],[-72.990328,4.493836]]}},{"type":"Feature","properties":{"linea":"6-5-46","parcela":"6-5","palmas":10},"geometry":{"type":"LineString","coordinates":[[-72.990952,4.493534],[-72.990331,4.493918]]}},{"type":"Feature","properties":{"linea":"6-5-47","parcela":"6-5","palmas":10},"geometry":{"type":"LineString","coordinates":[[-72.990954,4.493615],[-72.990333,4.493999]]}},{"type":"Feature","properties":{"linea":"6-5-48","parcela":"6-5","palmas":10},"geometry":{"type":"LineString","coordinates":[[-72.990957,4.493696],[-72.990335,4.49408]]}},{"type":"Feature","properties":{"linea":"6-5-49","parcela":"6-5","palmas":10},"geometry":{"type":"LineString","coordinates":[[-72.990959,4.493778],[-72.990337,4.494162]]}},{"type":"Feature","properties":{"linea":"6-5-50","parcela":"6-5","palmas":10},"geometry":{"type":"LineString","coordinates":[[-72.990961,4.493859],[-72.99034,4.494243]]}},{"type":"Feature","properties":{"linea":"6-5-51","parcela":"6-5","palmas":10},"geometry":{"type":"LineString","coordinates":[[-72.990964,4.49394],[-72.990342,4.494324]]}},{"type":"Feature","properties":{"linea":"6-5-52","parcela":"6-5","palmas":9},"geometry":{"type":"LineString","coordinates":[[-72.990966,4.494022],[-72.990414,4.494363]]}},{"type":"Feature","properties":{"linea":"6-5-53","parcela":"6-5","palmas":9},"geometry":{"type":"LineString","coordinates":[[-72.990968,4.494103],[-72.990416,4.494444]]}},{"type":"Feature","properties":{"linea":"6-5-54","parcela":"6-5","palmas":9},"geometry":{"type":"LineString","coordinates":[[-72.990971,4.494184],[-72.990418,4.494526]]}},{"type":"Feature","properties":{"linea":"6-5-55","parcela":"6-5","palmas":9},"geometry":{"type":"LineString","coordinates":[[-72.990973,4.494266],[-72.990421,4.494607]]}},{"type":"Feature","properties":{"linea":"6-5-56","parcela":"6-5","palmas":8},"geometry":{"type":"LineString","coordinates":[[-72.990975,4.494347],[-72.990492,4.494646]]}},{"type":"Feature","properties":{"linea":"6-5-57","parcela":"6-5","palmas":8},"geometry":{"type":"LineString","coordinates":[[-72.990977,4.494428],[-72.990494,4.494727]]}},{"type":"Feature","properties":{"linea":"6-5-58","parcela":"6-5","palmas":8},"geometry":{"type":"LineString","coordinates":[[-72.99098,4.49451],[-72.990496,4.494808]]}},{"type":"Feature","properties":{"linea":"6-5-59","parcela":"6-5","palmas":7},"geometry":{"type":"LineString","coordinates":[[-72.990982,4.494591],[-72.990568,4.494847]]}},{"type":"Feature","properties":{"linea":"6-5-60","parcela":"6-5","palmas":8},"geometry":{"type":"LineString","coordinates":[[-72.990984,4.494672],[-72.990501,4.494971]]}},{"type":"Feature","properties":{"linea":"6-5-61","parcela":"6-5","palmas":9},"geometry":{"type":"LineString","coordinates":[[-72.990987,4.494754],[-72.990434,4.495095]]}},{"type":"Feature","properties":{"linea":"6-5-62","parcela":"6-5","palmas":9},"geometry":{"type":"LineString","coordinates":[[-72.990989,4.494835],[-72.990437,4.495176]]}},{"type":"Feature","properties":{"linea":"6-5-63","parcela":"6-5","palmas":9},"geometry":{"type":"LineString","coordinates":[[-72.990991,4.494916],[-72.990439,4.495258]]}},{"type":"Feature","properties":{"linea":"6-5-64","parcela":"6-5","palmas":10},"geometry":{"type":"LineString","coordinates":[[-72.990994,4.494998],[-72.990372,4.495382]]}},{"type":"Feature","properties":{"linea":"6-5-65","parcela":"6-5","palmas":10},"geometry":{"type":"LineString","coordinates":[[-72.990996,4.495079],[-72.990374,4.495463]]}},{"type":"Feature","properties":{"linea":"6-5-66","parcela":"6-5","palmas":10},"geometry":{"type":"LineString","coordinates":[[-72.990998,4.49516],[-72.990377,4.495544]]}},{"type":"Feature","properties":{"linea":"6-5-67","parcela":"6-5","palmas":10},"geometry":{"type":"LineString","coordinates":[[-72.991001,4.495242],[-72.990379,4.495626]]}},{"type":"Feature","properties":{"linea":"6-5-68","parcela":"6-5","palmas":11},"geometry":{"type":"LineString","coordinates":[[-72.991003,4.495323],[-72.990313,4.49575]]}},{"type":"Feature","properties":{"linea":"6-5-69","parcela":"6-5","palmas":11},"geometry":{"type":"LineString","coordinates":[[-72.991005,4.495404],[-72.990315,4.495831]]}},{"type":"Feature","properties":{"linea":"6-5-70","parcela":"6-5","palmas":11},"geometry":{"type":"LineString","coordinates":[[-72.991007,4.495486],[-72.990317,4.495913]]}},{"type":"Feature","properties":{"linea":"6-5-71","parcela":"6-5","palmas":11},"geometry":{"type":"LineString","coordinates":[[-72.99101,4.495567],[-72.990319,4.495994]]}},{"type":"Feature","properties":{"linea":"6-5-72","parcela":"6-5","palmas":11},"geometry":{"type":"LineString","coordinates":[[-72.991012,4.495648],[-72.990322,4.496075]]}},{"type":"Feature","properties":{"linea":"6-5-73","parcela":"6-5","palmas":12},"geometry":{"type":"LineString","coordinates":[[-72.991014,4.49573],[-72.990255,4.496199]]}},{"type":"Feature","properties":{"linea":"6-5-74","parcela":"6-5","palmas":12},"geometry":{"type":"LineString","coordinates":[[-72.991017,4.495811],[-72.990257,4.496281]]}},{"type":"Feature","properties":{"linea":"6-5-75","parcela":"6-5","palmas":12},"geometry":{"type":"LineString","coordinates":[[-72.991019,4.495893],[-72.990259,4.496362]]}},{"type":"Feature","properties":{"linea":"6-5-76","parcela":"6-5","palmas":12},"geometry":{"type":"LineString","coordinates":[[-72.991021,4.495974],[-72.990262,4.496443]]}},{"type":"Feature","properties":{"linea":"6-5-77","parcela":"6-5","palmas":12},"geometry":{"type":"LineString","coordinates":[[-72.991024,4.496055],[-72.990264,4.496525]]}},{"type":"Feature","properties":{"linea":"6-5-78","parcela":"6-5","palmas":12},"geometry":{"type":"LineString","coordinates":[[-72.991026,4.496136],[-72.990266,4.496606]]}},{"type":"Feature","properties":{"linea":"6-5-79","parcela":"6-5","palmas":13},"geometry":{"type":"LineString","coordinates":[[-72.991028,4.496218],[-72.9902,4.49673]]}},{"type":"Feature","properties":{"linea":"6-5-80","parcela":"6-5","palmas":13},"geometry":{"type":"LineString","coordinates":[[-72.991031,4.496299],[-72.990202,4.496811]]}},{"type":"Feature","properties":{"linea":"6-5-81","parcela":"6-5","palmas":13},"geometry":{"type":"LineString","coordinates":[[-72.991033,4.496381],[-72.990204,4.496893]]}},{"type":"Feature","properties":{"linea":"6-5-82","parcela":"6-5","palmas":14},"geometry":{"type":"LineString","coordinates":[[-72.991104,4.496419],[-72.990207,4.496974]]}},{"type":"Feature","properties":{"linea":"6-5-83","parcela":"6-5","palmas":13},"geometry":{"type":"LineString","coordinates":[[-72.991038,4.496543],[-72.990209,4.497055]]}},{"type":"Feature","properties":{"linea":"6-5-84","parcela":"6-5","palmas":12},"geometry":{"type":"LineString","coordinates":[[-72.99104,4.496624],[-72.99028,4.497094]]}},{"type":"Feature","properties":{"linea":"6-5-85","parcela":"6-5","palmas":14},"geometry":{"type":"LineString","coordinates":[[-72.991044,4.496787],[-72.990147,4.497342]]}},{"type":"Feature","properties":{"linea":"6-5-86","parcela":"6-5","palmas":15},"geometry":{"type":"LineString","coordinates":[[-72.991116,4.496826],[-72.990149,4.497423]]}},{"type":"Feature","properties":{"linea":"6-5-87","parcela":"6-5","palmas":15},"geometry":{"type":"LineString","coordinates":[[-72.991049,4.49695],[-72.990082,4.497548]]}},{"type":"Feature","properties":{"linea":"6-5-88","parcela":"6-5","palmas":13},"geometry":{"type":"LineString","coordinates":[[-72.990913,4.497117],[-72.990085,4.497629]]}},{"type":"Feature","properties":{"linea":"6-5-89","parcela":"6-5","palmas":14},"geometry":{"type":"LineString","coordinates":[[-72.990984,4.497155],[-72.990087,4.49771]]}},{"type":"Feature","properties":{"linea":"6-5-90","parcela":"6-5","palmas":15},"geometry":{"type":"LineString","coordinates":[[-72.991056,4.497194],[-72.990089,4.497791]]}},{"type":"Feature","properties":{"linea":"6-5-91","parcela":"6-5","palmas":16},"geometry":{"type":"LineString","coordinates":[[-72.991058,4.497275],[-72.990023,4.497915]]}},{"type":"Feature","properties":{"linea":"6-5-92","parcela":"6-5","palmas":17},"geometry":{"type":"LineString","coordinates":[[-72.991129,4.497314],[-72.990025,4.497997]]}},{"type":"Feature","properties":{"linea":"6-5-93","parcela":"6-5","palmas":17},"geometry":{"type":"LineString","coordinates":[[-72.991132,4.497395],[-72.990027,4.498078]]}},{"type":"Feature","properties":{"linea":"6-5-94","parcela":"6-5","palmas":17},"geometry":{"type":"LineString","coordinates":[[-72.991134,4.497477],[-72.990029,4.498159]]}},{"type":"Feature","properties":{"linea":"6-5-95","parcela":"6-5","palmas":11},"geometry":{"type":"LineString","coordinates":[[-72.990722,4.497814],[-72.990032,4.498241]]}},{"type":"Feature","properties":{"linea":"6-5-96","parcela":"6-5","palmas":9},"geometry":{"type":"LineString","coordinates":[[-72.990517,4.498023],[-72.989965,4.498365]]}},{"type":"Feature","properties":{"linea":"6-5-97","parcela":"6-5","palmas":7},"geometry":{"type":"LineString","coordinates":[[-72.990382,4.49819],[-72.989968,4.498446]]}},{"type":"Feature","properties":{"linea":"6-5-98","parcela":"6-5","palmas":7},"geometry":{"type":"LineString","coordinates":[[-72.990384,4.498271],[-72.98997,4.498527]]}},{"type":"Feature","properties":{"linea":"6-5-99","parcela":"6-5","palmas":6},"geometry":{"type":"LineString","coordinates":[[-72.990317,4.498396],[-72.989972,4.498609]]}},{"type":"Feature","properties":{"linea":"6-5-100","parcela":"6-5","palmas":6},"geometry":{"type":"LineString","coordinates":[[-72.990319,4.498477],[-72.989974,4.49869]]}},{"type":"Feature","properties":{"linea":"6-5-101","parcela":"6-5","palmas":7},"geometry":{"type":"LineString","coordinates":[[-72.990322,4.498558],[-72.989908,4.498814]]}},{"type":"Feature","properties":{"linea":"6-5-102","parcela":"6-5","palmas":6},"geometry":{"type":"LineString","coordinates":[[-72.990255,4.498682],[-72.98991,4.498896]]}},{"type":"Feature","properties":{"linea":"6-5-103","parcela":"6-5","palmas":6},"geometry":{"type":"LineString","coordinates":[[-72.990257,4.498763],[-72.989912,4.498977]]}},{"type":"Feature","properties":{"linea":"6-5-104","parcela":"6-5","palmas":6},"geometry":{"type":"LineString","coordinates":[[-72.99026,4.498845],[-72.989915,4.499058]]}},{"type":"Feature","properties":{"linea":"6-5-105","parcela":"6-5","palmas":6},"geometry":{"type":"LineString","coordinates":[[-72.990262,4.498926],[-72.989917,4.499139]]}},{"type":"Feature","properties":{"linea":"6-5-106","parcela":"6-5","palmas":7},"geometry":{"type":"LineString","coordinates":[[-72.990333,4.498965],[-72.989919,4.499221]]}},{"type":"Feature","properties":{"linea":"6-5-107","parcela":"6-5","palmas":8},"geometry":{"type":"LineString","coordinates":[[-72.990336,4.499046],[-72.989852,4.499345]]}},{"type":"Feature","properties":{"linea":"6-5-108","parcela":"6-5","palmas":9},"geometry":{"type":"LineString","coordinates":[[-72.990407,4.499085],[-72.989855,4.499426]]}},{"type":"Feature","properties":{"linea":"6-5-109","parcela":"6-5","palmas":10},"geometry":{"type":"LineString","coordinates":[[-72.990478,4.499124],[-72.989857,4.499507]]}},{"type":"Feature","properties":{"linea":"6-5-110","parcela":"6-5","palmas":12},"geometry":{"type":"LineString","coordinates":[[-72.990619,4.499119],[-72.989859,4.499589]]}},{"type":"Feature","properties":{"linea":"6-5-111","parcela":"6-5","palmas":13},"geometry":{"type":"LineString","coordinates":[[-72.99069,4.499158],[-72.989862,4.49967]]}},{"type":"Feature","properties":{"linea":"6-5-112","parcela":"6-5","palmas":14},"geometry":{"type":"LineString","coordinates":[[-72.990761,4.499197],[-72.989864,4.499752]]}},{"type":"Feature","properties":{"linea":"6-5-113","parcela":"6-5","palmas":15},"geometry":{"type":"LineString","coordinates":[[-72.990833,4.499236],[-72.989866,4.499833]]}},{"type":"Feature","properties":{"linea":"6-5-114","parcela":"6-5","palmas":15},"geometry":{"type":"LineString","coordinates":[[-72.990835,4.499317],[-72.989869,4.499914]]}},{"type":"Feature","properties":{"linea":"6-5-115","parcela":"6-5","palmas":17},"geometry":{"type":"LineString","coordinates":[[-72.990906,4.499356],[-72.989802,4.500038]]}},{"type":"Feature","properties":{"linea":"6-5-116","parcela":"6-5","palmas":17},"geometry":{"type":"LineString","coordinates":[[-72.990909,4.499437],[-72.989804,4.50012]]}},{"type":"Feature","properties":{"linea":"6-5-117","parcela":"6-5","palmas":19},"geometry":{"type":"LineString","coordinates":[[-72.99098,4.499476],[-72.989738,4.500244]]}},{"type":"Feature","properties":{"linea":"6-5-118","parcela":"6-5","palmas":19},"geometry":{"type":"LineString","coordinates":[[-72.990983,4.499557],[-72.98974,4.500325]]}},{"type":"Feature","properties":{"linea":"6-5-119","parcela":"6-5","palmas":19},"geometry":{"type":"LineString","coordinates":[[-72.990985,4.499638],[-72.989742,4.500406]]}},{"type":"Feature","properties":{"linea":"6-5-120","parcela":"6-5","palmas":19},"geometry":{"type":"LineString","coordinates":[[-72.990987,4.499719],[-72.989744,4.500488]]}},{"type":"Feature","properties":{"linea":"6-5-121","parcela":"6-5","palmas":19},"geometry":{"type":"LineString","coordinates":[[-72.990989,4.499801],[-72.989747,4.500569]]}},{"type":"Feature","properties":{"linea":"6-5-122","parcela":"6-5","palmas":19},"geometry":{"type":"LineString","coordinates":[[-72.990992,4.499882],[-72.989749,4.50065]]}},{"type":"Feature","properties":{"linea":"6-5-123","parcela":"6-5","palmas":20},"geometry":{"type":"LineString","coordinates":[[-72.990994,4.499964],[-72.989682,4.500774]]}},{"type":"Feature","properties":{"linea":"6-5-124","parcela":"6-5","palmas":20},"geometry":{"type":"LineString","coordinates":[[-72.990996,4.500045],[-72.989685,4.500856]]}},{"type":"Feature","properties":{"linea":"6-5-125","parcela":"6-5","palmas":20},"geometry":{"type":"LineString","coordinates":[[-72.990999,4.500126],[-72.989687,4.500937]]}},{"type":"Feature","properties":{"linea":"6-5-126","parcela":"6-5","palmas":20},"geometry":{"type":"LineString","coordinates":[[-72.991001,4.500208],[-72.989689,4.501018]]}},{"type":"Feature","properties":{"linea":"6-5-127","parcela":"6-5","palmas":21},"geometry":{"type":"LineString","coordinates":[[-72.991072,4.500246],[-72.989692,4.5011]]}},{"type":"Feature","properties":{"linea":"6-5-128","parcela":"6-5","palmas":21},"geometry":{"type":"LineString","coordinates":[[-72.991075,4.500328],[-72.989694,4.501181]]}},{"type":"Feature","properties":{"linea":"6-5-129","parcela":"6-5","palmas":21},"geometry":{"type":"LineString","coordinates":[[-72.991008,4.500452],[-72.989627,4.501305]]}},{"type":"Feature","properties":{"linea":"6-5-130","parcela":"6-5","palmas":21},"geometry":{"type":"LineString","coordinates":[[-72.99101,4.500533],[-72.989629,4.501386]]}},{"type":"Feature","properties":{"linea":"6-5-131","parcela":"6-5","palmas":22},"geometry":{"type":"LineString","coordinates":[[-72.991012,4.500614],[-72.989563,4.501511]]}},{"type":"Feature","properties":{"linea":"6-5-132","parcela":"6-5","palmas":22},"geometry":{"type":"LineString","coordinates":[[-72.991015,4.500696],[-72.989565,4.501592]]}},{"type":"Feature","properties":{"linea":"6-5-133","parcela":"6-5","palmas":22},"geometry":{"type":"LineString","coordinates":[[-72.991017,4.500777],[-72.989567,4.501673]]}},{"type":"Feature","properties":{"linea":"6-5-134","parcela":"6-5","palmas":22},"geometry":{"type":"LineString","coordinates":[[-72.991019,4.500858],[-72.98957,4.501754]]}},{"type":"Feature","properties":{"linea":"6-5-135","parcela":"6-5","palmas":22},"geometry":{"type":"LineString","coordinates":[[-72.991022,4.50094],[-72.989572,4.501836]]}},{"type":"Feature","properties":{"linea":"6-5-136","parcela":"6-5","palmas":22},"geometry":{"type":"LineString","coordinates":[[-72.991024,4.501021],[-72.989574,4.501917]]}},{"type":"Feature","properties":{"linea":"6-5-137","parcela":"6-5","palmas":23},"geometry":{"type":"LineString","coordinates":[[-72.991026,4.501102],[-72.989508,4.502041]]}},{"type":"Feature","properties":{"linea":"6-5-138","parcela":"6-5","palmas":23},"geometry":{"type":"LineString","coordinates":[[-72.991029,4.501184],[-72.98951,4.502122]]}},{"type":"Feature","properties":{"linea":"6-5-139","parcela":"6-5","palmas":22},"geometry":{"type":"LineString","coordinates":[[-72.991031,4.501265],[-72.989581,4.502161]]}},{"type":"Feature","properties":{"linea":"6-5-140","parcela":"6-5","palmas":22},"geometry":{"type":"LineString","coordinates":[[-72.991033,4.501346],[-72.989584,4.502243]]}},{"type":"Feature","properties":{"linea":"6-5-141","parcela":"6-5","palmas":20},"geometry":{"type":"LineString","coordinates":[[-72.991036,4.501428],[-72.989724,4.502239]]}},{"type":"Feature","properties":{"linea":"6-5-142","parcela":"6-5","palmas":19},"geometry":{"type":"LineString","coordinates":[[-72.990969,4.501552],[-72.989726,4.50232]]}},{"type":"Feature","properties":{"linea":"6-5-143","parcela":"6-5","palmas":17},"geometry":{"type":"LineString","coordinates":[[-72.990971,4.501633],[-72.989867,4.502316]]}},{"type":"Feature","properties":{"linea":"6-5-144","parcela":"6-5","palmas":15},"geometry":{"type":"LineString","coordinates":[[-72.990973,4.501714],[-72.990007,4.502312]]}},{"type":"Feature","properties":{"linea":"6-5-145","parcela":"6-5","palmas":15},"geometry":{"type":"LineString","coordinates":[[-72.991045,4.501753],[-72.990078,4.502351]]}},{"type":"Feature","properties":{"linea":"6-5-146","parcela":"6-5","palmas":12},"geometry":{"type":"LineString","coordinates":[[-72.991047,4.501834],[-72.990288,4.502304]]}},{"type":"Feature","properties":{"linea":"6-5-147","parcela":"6-5","palmas":12},"geometry":{"type":"LineString","coordinates":[[-72.991049,4.501916],[-72.99029,4.502385]]}},{"type":"Feature","properties":{"linea":"6-6-2","parcela":"6-6","palmas":3},"geometry":{"type":"LineString","coordinates":[[-72.989643,4.502289],[-72.989507,4.502378]]}},{"type":"Feature","properties":{"linea":"6-6-3","parcela":"6-6","palmas":4},"geometry":{"type":"LineString","coordinates":[[-72.9897,4.502336],[-72.989511,4.502459]]}},{"type":"Feature","properties":{"linea":"6-6-4","parcela":"6-6","palmas":6},"geometry":{"type":"LineString","coordinates":[[-72.989787,4.502364],[-72.989447,4.502585]]}},{"type":"Feature","properties":{"linea":"6-6-5","parcela":"6-6","palmas":8},"geometry":{"type":"LineString","coordinates":[[-72.989928,4.502356],[-72.989451,4.502666]]}},{"type":"Feature","properties":{"linea":"6-6-6","parcela":"6-6","palmas":10},"geometry":{"type":"LineString","coordinates":[[-72.990037,4.502369],[-72.989455,4.502747]]}},{"type":"Feature","properties":{"linea":"6-6-7","parcela":"6-6","palmas":11},"geometry":{"type":"LineString","coordinates":[[-72.99014,4.502386],[-72.989459,4.502828]]}},{"type":"Feature","properties":{"linea":"6-6-8","parcela":"6-6","palmas":13},"geometry":{"type":"LineString","coordinates":[[-72.990212,4.502423],[-72.989396,4.502954]]}},{"type":"Feature","properties":{"linea":"6-6-9","parcela":"6-6","palmas":14},"geometry":{"type":"LineString","coordinates":[[-72.990216,4.502504],[-72.989332,4.503079]]}},{"type":"Feature","properties":{"linea":"6-6-10","parcela":"6-6","palmas":22},"geometry":{"type":"LineString","coordinates":[[-72.991105,4.502011],[-72.989404,4.503116]]}},{"type":"Feature","properties":{"linea":"6-6-11","parcela":"6-6","palmas":26},"geometry":{"type":"LineString","coordinates":[[-72.991178,4.502047],[-72.989408,4.503198]]}},{"type":"Feature","properties":{"linea":"6-6-12","parcela":"6-6","palmas":27},"geometry":{"type":"LineString","coordinates":[[-72.991182,4.502129],[-72.989412,4.503279]]}},{"type":"Feature","properties":{"linea":"6-6-13","parcela":"6-6","palmas":27},"geometry":{"type":"LineString","coordinates":[[-72.991186,4.50221],[-72.989416,4.50336]]}},{"type":"Feature","properties":{"linea":"6-6-14","parcela":"6-6","palmas":28},"geometry":{"type":"LineString","coordinates":[[-72.991258,4.502247],[-72.989421,4.503442]]}},{"type":"Feature","properties":{"linea":"6-6-15","parcela":"6-6","palmas":27},"geometry":{"type":"LineString","coordinates":[[-72.991262,4.502328],[-72.989493,4.503479]]}},{"type":"Feature","properties":{"linea":"6-6-16","parcela":"6-6","palmas":27},"geometry":{"type":"LineString","coordinates":[[-72.991266,4.50241],[-72.989497,4.50356]]}},{"type":"Feature","properties":{"linea":"6-6-17","parcela":"6-6","palmas":25},"geometry":{"type":"LineString","coordinates":[[-72.99127,4.502491],[-72.989637,4.503553]]}},{"type":"Feature","properties":{"linea":"6-6-18","parcela":"6-6","palmas":24},"geometry":{"type":"LineString","coordinates":[[-72.991274,4.502572],[-72.989709,4.50359]]}},{"type":"Feature","properties":{"linea":"6-6-19","parcela":"6-6","palmas":23},"geometry":{"type":"LineString","coordinates":[[-72.991279,4.502654],[-72.989781,4.503627]]}},{"type":"Feature","properties":{"linea":"6-6-20","parcela":"6-6","palmas":22},"geometry":{"type":"LineString","coordinates":[[-72.991283,4.502735],[-72.989854,4.503664]]}},{"type":"Feature","properties":{"linea":"6-6-21","parcela":"6-6","palmas":20},"geometry":{"type":"LineString","coordinates":[[-72.991287,4.502816],[-72.989994,4.503657]]}},{"type":"Feature","properties":{"linea":"6-6-22","parcela":"6-6","palmas":19},"geometry":{"type":"LineString","coordinates":[[-72.991291,4.502897],[-72.990066,4.503694]]}},{"type":"Feature","properties":{"linea":"6-6-23","parcela":"6-6","palmas":17},"geometry":{"type":"LineString","coordinates":[[-72.991295,4.502979],[-72.990206,4.503686]]}},{"type":"Feature","properties":{"linea":"6-6-24","parcela":"6-6","palmas":16},"geometry":{"type":"LineString","coordinates":[[-72.991299,4.50306],[-72.990279,4.503723]]}},{"type":"Feature","properties":{"linea":"6-6-25","parcela":"6-6","palmas":15},"geometry":{"type":"LineString","coordinates":[[-72.991304,4.503141],[-72.990351,4.503761]]}},{"type":"Feature","properties":{"linea":"6-6-26","parcela":"6-6","palmas":13},"geometry":{"type":"LineString","coordinates":[[-72.99124,4.503267],[-72.990423,4.503798]]}},{"type":"Feature","properties":{"linea":"6-6-27","parcela":"6-6","palmas":11},"geometry":{"type":"LineString","coordinates":[[-72.991244,4.503348],[-72.990563,4.50379]]}},{"type":"Feature","properties":{"linea":"6-6-28","parcela":"6-6","palmas":10},"geometry":{"type":"LineString","coordinates":[[-72.991248,4.503429],[-72.990636,4.503827]]}},{"type":"Feature","properties":{"linea":"6-6-29","parcela":"6-6","palmas":8},"geometry":{"type":"LineString","coordinates":[[-72.991184,4.503555],[-72.990708,4.503864]]}},{"type":"Feature","properties":{"linea":"6-6-30","parcela":"6-6","palmas":7},"geometry":{"type":"LineString","coordinates":[[-72.991188,4.503636],[-72.99078,4.503901]]}},{"type":"Feature","properties":{"linea":"6-6-31","parcela":"6-6","palmas":4},"geometry":{"type":"LineString","coordinates":[[-72.991124,4.503761],[-72.99092,4.503894]]}},{"type":"Feature","properties":{"linea":"6-6-32","parcela":"6-6","palmas":3},"geometry":{"type":"LineString","coordinates":[[-72.991128,4.503843],[-72.990992,4.503931]]}}]}