{"type":"FeatureCollection","features":[{"type":"Feature","properties":{"linea":"7-1-1","parcela":"7-1","palmas":24},"geometry":{"type":"LineString","coordinates":[[-72.995195,4.471217],[-72.996848,4.472084]]}},{"type":"Feature","properties":{"linea":"7-1-2","parcela":"7-1","palmas":26},"geometry":{"type":"LineString","coordinates":[[-72.995055,4.471223],[-72.996851,4.472165]]}},{"type":"Feature","properties":{"linea":"7-1-3","parcela":"7-1","palmas":28},"geometry":{"type":"LineString","coordinates":[[-72.994843,4.471191],[-72.996783,4.472209]]}},{"type":"Feature","properties":{"linea":"7-1-4","parcela":"7-1","palmas":29},"geometry":{"type":"LineString","coordinates":[[-72.994774,4.471235],[-72.996786,4.47229]]}},{"type":"Feature","properties":{"linea":"7-1-5","parcela":"7-1","palmas":28},"geometry":{"type":"LineString","coordinates":[[-72.994777,4.471316],[-72.996718,4.472334]]}},{"type":"Feature","properties":{"linea":"7-1-6","parcela":"7-1","palmas":29},"geometry":{"type":"LineString","coordinates":[[-72.994709,4.47136],[-72.996721,4.472415]]}},{"type":"Feature","properties":{"linea":"7-1-7","parcela":"7-1","palmas":27},"geometry":{"type":"LineString","coordinates":[[-72.994784,4.471479],[-72.996653,4.472459]]}},{"type":"Feature","properties":{"linea":"7-1-8","parcela":"7-1","palmas":28},"geometry":{"type":"LineString","coordinates":[[-72.994716,4.471523],[-72.996656,4.47254]]}},{"type":"Feature","properties":{"linea":"7-1-9","parcela":"7-1","palmas":27},"geometry":{"type":"LineString","coordinates":[[-72.994719,4.471604],[-72.996588,4.472584]]}},{"type":"Feature","properties":{"linea":"7-1-10","parcela":"7-1","palmas":27},"geometry":{"type":"LineString","coordinates":[[-72.994723,4.471685],[-72.996591,4.472665]]}},{"type":"Feature","properties":{"linea":"7-1-11","parcela":"7-1","palmas":26},"geometry":{"type":"LineString","coordinates":[[-72.994726,4.471767],[-72.996523,4.472709]]}},{"type":"Feature","properties":{"linea":"7-1-12","parcela":"7-1","palmas":26},"geometry":{"type":"LineString","coordinates":[[-72.99473,4.471848],[-72.996526,4.47279]]}},{"type":"Feature","properties":{"linea":"7-1-13","parcela":"7-1","palmas":25},"geometry":{"type":"LineString","coordinates":[[-72.994733,4.471929],[-72.996458,4.472834]]}},{"type":"Feature","properties":{"linea":"7-1-14","parcela":"7-1","palmas":25},"geometry":{"type":"LineString","coordinates":[[-72.994736,4.472011],[-72.996461,4.472915]]}},{"type":"Feature","properties":{"linea":"7-1-15","parcela":"7-1","palmas":24},"geometry":{"type":"LineString","coordinates":[[-72.99474,4.472092],[-72.996393,4.472958]]}},{"type":"Feature","properties":{"linea":"7-1-16","parcela":"7-1","palmas":24},"geometry":{"type":"LineString","coordinates":[[-72.994743,4.472173],[-72.996396,4.47304]]}},{"type":"Feature","properties":{"linea":"7-1-17","parcela":"7-1","palmas":23},"geometry":{"type":"LineString","coordinates":[[-72.994747,4.472254],[-72.996328,4.473083]]}},{"type":"Feature","properties":{"linea":"7-1-18","parcela":"7-1","palmas":23},"geometry":{"type":"LineString","coordinates":[[-72.99475,4.472336],[-72.996331,4.473165]]}},{"type":"Feature","properties":{"linea":"7-1-19","parcela":"7-1","palmas":22},"geometry":{"type":"LineString","coordinates":[[-72.994754,4.472417],[-72.996263,4.473208]]}},{"type":"Feature","properties":{"linea":"7-1-20","parcela":"7-1","palmas":22},"geometry":{"type":"LineString","coordinates":[[-72.994757,4.472498],[-72.996266,4.473289]]}},{"type":"Feature","properties":{"linea":"7-1-21","parcela":"7-1","palmas":21},"geometry":{"type":"LineString","coordinates":[[-72.99476,4.47258],[-72.996197,4.473333]]}},{"type":"Feature","properties":{"linea":"7-1-22","parcela":"7-1","palmas":21},"geometry":{"type":"LineString","coordinates":[[-72.994764,4.472661],[-72.996201,4.473414]]}},{"type":"Feature","properties":{"linea":"7-1-23","parcela":"7-1","palmas":20},"geometry":{"type":"LineString","coordinates":[[-72.994767,4.472742],[-72.996133,4.473458]]}},{"type":"Feature","properties":{"linea":"7-1-24","parcela":"7-1","palmas":20},"geometry":{"type":"LineString","coordinates":[[-72.994771,4.472824],[-72.996136,4.473539]]}},{"type":"Feature","properties":{"linea":"7-1-25","parcela":"7-1","palmas":19},"geometry":{"type":"LineString","coordinates":[[-72.994774,4.472905],[-72.996067,4.473583]]}},{"type":"Feature","properties":{"linea":"7-1-26","parcela":"7-1","palmas":19},"geometry":{"type":"LineString","coordinates":[[-72.994777,4.472986],[-72.996071,4.473664]]}},{"type":"Feature","properties":{"linea":"7-1-27","parcela":"7-1","palmas":18},"geometry":{"type":"LineString","coordinates":[[-72.994781,4.473067],[-72.996003,4.473708]]}},{"type":"Feature","properties":{"linea":"7-1-28","parcela":"7-1","palmas":18},"geometry":{"type":"LineString","coordinates":[[-72.994784,4.473149],[-72.996006,4.473789]]}},{"type":"Feature","properties":{"linea":"7-1-29","parcela":"7-1","palmas":17},"geometry":{"type":"LineString","coordinates":[[-72.994788,4.47323],[-72.995937,4.473833]]}},{"type":"Feature","properties":{"linea":"7-1-30","parcela":"7-1","palmas":17},"geometry":{"type":"LineString","coordinates":[[-72.994791,4.473311],[-72.995941,4.473914]]}},{"type":"Feature","properties":{"linea":"7-1-31","parcela":"7-1","palmas":16},"geometry":{"type":"LineString","coordinates":[[-72.994794,4.473393],[-72.995873,4.473958]]}},{"type":"Feature","properties":{"linea":"7-1-32","parcela":"7-1","palmas":16},"geometry":{"type":"LineString","coordinates":[[-72.994798,4.473474],[-72.995876,4.474039]]}},{"type":"Feature","properties":{"linea":"7-1-33","parcela":"7-1","palmas":15},"geometry":{"type":"LineString","coordinates":[[-72.994801,4.473555],[-72.995807,4.474083]]}},{"type":"Feature","properties":{"linea":"7-1-34","parcela":"7-1","palmas":15},"geometry":{"type":"LineString","coordinates":[[-72.994805,4.473636],[-72.995811,4.474164]]}},{"type":"Feature","properties":{"linea":"7-1-35","parcela":"7-1","palmas":14},"geometry":{"type":"LineString","coordinates":[[-72.994808,4.473718],[-72.995743,4.474208]]}},{"type":"Feature","properties":{"linea":"7-1-36","parcela":"7-1","palmas":15},"geometry":{"type":"LineString","coordinates":[[-72.99474,4.473761],[-72.995746,4.474289]]}},{"type":"Feature","properties":{"linea":"7-1-37","parcela":"7-1","palmas":14},"geometry":{"type":"LineString","coordinates":[[-72.994743,4.473843],[-72.995677,4.474333]]}},{"type":"Feature","properties":{"linea":"7-1-38","parcela":"7-1","palmas":14},"geometry":{"type":"LineString","coordinates":[[-72.994747,4.473924],[-72.995681,4.474414]]}},{"type":"Feature","properties":{"linea":"7-1-39","parcela":"7-1","palmas":13},"geometry":{"type":"LineString","coordinates":[[-72.99475,4.474005],[-72.995613,4.474457]]}},{"type":"Feature","properties":{"linea":"7-1-40","parcela":"7-1","palmas":13},"geometry":{"type":"LineString","coordinates":[[-72.994753,4.474087],[-72.995616,4.474539]]}},{"type":"Feature","properties":{"linea":"7-1-41","parcela":"7-1","palmas":12},"geometry":{"type":"LineString","coordinates":[[-72.994757,4.474168],[-72.995547,4.474583]]}},{"type":"Feature","properties":{"linea":"7-1-42","parcela":"7-1","palmas":12},"geometry":{"type":"LineString","coordinates":[[-72.99476,4.474249],[-72.995551,4.474664]]}},{"type":"Feature","properties":{"linea":"7-1-43","parcela":"7-1","palmas":10},"geometry":{"type":"LineString","coordinates":[[-72.994836,4.474368],[-72.995482,4.474707]]}},{"type":"Feature","properties":{"linea":"7-1-44","parcela":"7-1","palmas":11},"geometry":{"type":"LineString","coordinates":[[-72.994767,4.474412],[-72.995486,4.474789]]}},{"type":"Feature","properties":{"linea":"7-1-45","parcela":"7-1","palmas":10},"geometry":{"type":"LineString","coordinates":[[-72.994771,4.474493],[-72.995417,4.474832]]}},{"type":"Feature","properties":{"linea":"7-1-46","parcela":"7-1","palmas":10},"geometry":{"type":"LineString","coordinates":[[-72.994774,4.474574],[-72.995421,4.474914]]}},{"type":"Feature","properties":{"linea":"7-1-47","parcela":"7-1","palmas":9},"geometry":{"type":"LineString","coordinates":[[-72.994777,4.474656],[-72.995352,4.474957]]}},{"type":"Feature","properties":{"linea":"7-1-48","parcela":"7-1","palmas":9},"geometry":{"type":"LineString","coordinates":[[-72.994781,4.474737],[-72.995356,4.475039]]}},{"type":"Feature","properties":{"linea":"7-1-49","parcela":"7-1","palmas":8},"geometry":{"type":"LineString","coordinates":[[-72.994784,4.474818],[-72.995287,4.475082]]}},{"type":"Feature","properties":{"linea":"7-1-50","parcela":"7-1","palmas":8},"geometry":{"type":"LineString","coordinates":[[-72.994788,4.4749],[-72.995291,4.475163]]}},{"type":"Feature","properties":{"linea":"7-1-51","parcela":"7-1","palmas":7},"geometry":{"type":"LineString","coordinates":[[-72.994791,4.474981],[-72.995222,4.475207]]}},{"type":"Feature","properties":{"linea":"7-1-52","parcela":"7-1","palmas":7},"geometry":{"type":"LineString","coordinates":[[-72.994794,4.475062],[-72.995226,4.475288]]}},{"type":"Feature","properties":{"linea":"7-1-53","parcela":"7-1","palmas":6},"geometry":{"type":"LineString","coordinates":[[-72.994798,4.475144],[-72.995157,4.475332]]}},{"type":"Feature","properties":{"linea":"7-1-54","parcela":"7-1","palmas":6},"geometry":{"type":"LineString","coordinates":[[-72.994801,4.475225],[-72.995161,4.475413]]}},{"type":"Feature","properties":{"linea":"7-1-55","parcela":"7-1","palmas":5},"geometry":{"type":"LineString","coordinates":[[-72.994805,4.475306],[-72.995092,4.475457]]}},{"type":"Feature","properties":{"linea":"7-1-56","parcela":"7-1","palmas":5},"geometry":{"type":"LineString","coordinates":[[-72.994808,4.475388],[-72.995096,4.475538]]}},{"type":"Feature","properties":{"linea":"7-1-57","parcela":"7-1","palmas":4},"geometry":{"type":"LineString","coordinates":[[-72.994811,4.475469],[-72.995027,4.475582]]}},{"type":"Feature","properties":{"linea":"7-1-58","parcela":"7-1","palmas":4},"geometry":{"type":"LineString","coordinates":[[-72.994815,4.47555],[-72.995031,4.475663]]}},{"type":"Feature","properties":{"linea":"7-1-59","parcela":"7-1","palmas":3},"geometry":{"type":"LineString","coordinates":[[-72.994818,4.475631],[-72.994962,4.475707]]}},{"type":"Feature","properties":{"linea":"7-1-60","parcela":"7-1","palmas":3},"geometry":{"type":"LineString","coordinates":[[-72.994822,4.475713],[-72.994966,4.475788]]}},{"type":"Feature","properties":{"linea":"7-1-61","parcela":"7-1","palmas":2},"geometry":{"type":"LineString","coordinates":[[-72.994825,4.475794],[-72.994897,4.475832]]}},{"type":"Feature","properties":{"linea":"7-1-62","parcela":"7-1","palmas":2},"geometry":{"type":"LineString","coordinates":[[-72.994829,4.475875],[-72.994901,4.475913]]}},{"type":"Feature","properties":{"linea":"7-1-64","parcela":"7-1","palmas":2},"geometry":{"type":"LineString","coordinates":[[-72.996992,4.472159],[-72.99706,4.472116]]}},{"type":"Feature","properties":{"linea":"7-1-65","parcela":"7-1","palmas":4},"geometry":{"type":"LineString","coordinates":[[-72.996927,4.472284],[-72.997132,4.472153]]}},{"type":"Feature","properties":{"linea":"7-1-66","parcela":"7-1","palmas":6},"geometry":{"type":"LineString","coordinates":[[-72.996862,4.472409],[-72.997204,4.472191]]}},{"type":"Feature","properties":{"linea":"7-1-67","parcela":"7-1","palmas":8},"geometry":{"type":"LineString","coordinates":[[-72.996797,4.472534],[-72.997276,4.472229]]}},{"type":"Feature","properties":{"linea":"7-1-68","parcela":"7-1","palmas":10},"geometry":{"type":"LineString","coordinates":[[-72.996731,4.472659],[-72.997348,4.472266]]}},{"type":"Feature","properties":{"linea":"7-1-69","parcela":"7-1","palmas":12},"geometry":{"type":"LineString","coordinates":[[-72.996666,4.472784],[-72.997419,4.472304]]}},{"type":"Feature","properties":{"linea":"7-1-70","parcela":"7-1","palmas":14},"geometry":{"type":"LineString","coordinates":[[-72.996601,4.472909],[-72.997491,4.472342]]}},{"type":"Feature","properties":{"linea":"7-1-71","parcela":"7-1","palmas":16},"geometry":{"type":"LineString","coordinates":[[-72.996536,4.473034],[-72.997563,4.472379]]}},{"type":"Feature","properties":{"linea":"7-1-72","parcela":"7-1","palmas":18},"geometry":{"type":"LineString","coordinates":[[-72.996471,4.473159],[-72.997635,4.472417]]}},{"type":"Feature","properties":{"linea":"7-1-73","parcela":"7-1","palmas":27},"geometry":{"type":"LineString","coordinates":[[-72.996406,4.473284],[-72.998186,4.472149]]}},{"type":"Feature","properties":{"linea":"7-1-74","parcela":"7-1","palmas":28},"geometry":{"type":"LineString","coordinates":[[-72.996341,4.473409],[-72.998189,4.472231]]}},{"type":"Feature","properties":{"linea":"7-1-75","parcela":"7-1","palmas":30},"geometry":{"type":"LineString","coordinates":[[-72.996276,4.473534],[-72.998261,4.472268]]}},{"type":"Feature","properties":{"linea":"7-1-76","parcela":"7-1","palmas":31},"geometry":{"type":"LineString","coordinates":[[-72.996211,4.473658],[-72.998265,4.47235]]}},{"type":"Feature","properties":{"linea":"7-1-77","parcela":"7-1","palmas":32},"geometry":{"type":"LineString","coordinates":[[-72.996146,4.473783],[-72.998268,4.472431]]}},{"type":"Feature","properties":{"linea":"7-1-78","parcela":"7-1","palmas":34},"geometry":{"type":"LineString","coordinates":[[-72.996081,4.473908],[-72.99834,4.472469]]}},{"type":"Feature","properties":{"linea":"7-1-79","parcela":"7-1","palmas":36},"geometry":{"type":"LineString","coordinates":[[-72.996016,4.474033],[-72.998412,4.472506]]}},{"type":"Feature","properties":{"linea":"7-1-80","parcela":"7-1","palmas":37},"geometry":{"type":"LineString","coordinates":[[-72.995951,4.474158],[-72.998415,4.472588]]}},{"type":"Feature","properties":{"linea":"7-1-81","parcela":"7-1","palmas":38},"geometry":{"type":"LineString","coordinates":[[-72.995886,4.474283],[-72.998419,4.472669]]}},{"type":"Feature","properties":{"linea":"7-1-82","parcela":"7-1","palmas":39},"geometry":{"type":"LineString","coordinates":[[-72.995821,4.474408],[-72.998422,4.47275]]}},{"type":"Feature","properties":{"linea":"7-1-83","parcela":"7-1","palmas":41},"geometry":{"type":"LineString","coordinates":[[-72.995756,4.474533],[-72.998494,4.472788]]}},{"type":"Feature","properties":{"linea":"7-1-84","parcela":"7-1","palmas":42},"geometry":{"type":"LineString","coordinates":[[-72.995691,4.474658],[-72.998497,4.472869]]}},{"type":"Feature","properties":{"linea":"7-1-85","parcela":"7-1","palmas":44},"geometry":{"type":"LineString","coordinates":[[-72.995626,4.474783],[-72.998569,4.472907]]}},{"type":"Feature","properties":{"linea":"7-1-86","parcela":"7-1","palmas":45},"geometry":{"type":"LineString","coordinates":[[-72.995561,4.474908],[-72.998572,4.472988]]}},{"type":"Feature","properties":{"linea":"7-1-87","parcela":"7-1","palmas":45},"geometry":{"type":"LineString","coordinates":[[-72.995496,4.475033],[-72.998508,4.473113]]}},{"type":"Feature","properties":{"linea":"7-1-88","parcela":"7-1","palmas":46},"geometry":{"type":"LineString","coordinates":[[-72.995431,4.475157],[-72.998511,4.473194]]}},{"type":"Feature","properties":{"linea":"7-1-89","parcela":"7-1","palmas":46},"geometry":{"type":"LineString","coordinates":[[-72.995366,4.475283],[-72.998446,4.473319]]}},{"type":"Feature","properties":{"linea":"7-1-90","parcela":"7-1","palmas":47},"geometry":{"type":"LineString","coordinates":[[-72.995301,4.475407],[-72.998449,4.473401]]}},{"type":"Feature","properties":{"linea":"7-1-91","parcela":"7-1","palmas":47},"geometry":{"type":"LineString","coordinates":[[-72.995236,4.475532],[-72.998384,4.473526]]}},{"type":"Feature","properties":{"linea":"7-1-92","parcela":"7-1","palmas":47},"geometry":{"type":"LineString","coordinates":[[-72.995171,4.475657],[-72.998319,4.473651]]}},{"type":"Feature","properties":{"linea":"7-1-93","parcela":"7-1","palmas":48},"geometry":{"type":"LineString","coordinates":[[-72.995106,4.475782],[-72.998323,4.473732]]}},{"type":"Feature","properties":{"linea":"7-1-94","parcela":"7-1","palmas":48},"geometry":{"type":"LineString","coordinates":[[-72.995041,4.475907],[-72.998258,4.473857]]}},{"type":"Feature","properties":{"linea":"7-1-95","parcela":"7-1","palmas":48},"geometry":{"type":"LineString","coordinates":[[-72.994976,4.476032],[-72.998193,4.473982]]}},{"type":"Feature","properties":{"linea":"7-1-96","parcela":"7-1","palmas":49},"geometry":{"type":"LineString","coordinates":[[-72.994911,4.476157],[-72.998196,4.474063]]}},{"type":"Feature","properties":{"linea":"7-1-97","parcela":"7-1","palmas":49},"geometry":{"type":"LineString","coordinates":[[-72.994846,4.476282],[-72.998131,4.474188]]}},{"type":"Feature","properties":{"linea":"7-1-98","parcela":"7-1","palmas":49},"geometry":{"type":"LineString","coordinates":[[-72.994849,4.476363],[-72.998134,4.474269]]}},{"type":"Feature","properties":{"linea":"7-1-99","parcela":"7-1","palmas":48},"geometry":{"type":"LineString","coordinates":[[-72.994853,4.476444],[-72.998069,4.474394]]}},{"type":"Feature","properties":{"linea":"7-1-100","parcela":"7-1","palmas":48},"geometry":{"type":"LineString","coordinates":[[-72.994856,4.476526],[-72.998073,4.474476]]}},{"type":"Feature","properties":{"linea":"7-1-101","parcela":"7-1","palmas":27},"geometry":{"type":"LineString","coordinates":[[-72.996228,4.475734],[-72.998008,4.4746]]}},{"type":"Feature","properties":{"linea":"7-1-102","parcela":"7-1","palmas":41},"geometry":{"type":"LineString","coordinates":[[-72.994931,4.476645],[-72.997943,4.474725]]}},{"type":"Feature","properties":{"linea":"7-1-103","parcela":"7-1","palmas":40},"geometry":{"type":"LineString","coordinates":[[-72.994866,4.47677],[-72.997878,4.47485]]}},{"type":"Feature","properties":{"linea":"7-1-104","parcela":"7-1","palmas":38},"geometry":{"type":"LineString","coordinates":[[-72.99487,4.476851],[-72.997881,4.474932]]}},{"type":"Feature","properties":{"linea":"7-1-105","parcela":"7-1","palmas":19},"geometry":{"type":"LineString","coordinates":[[-72.994873,4.476932],[-72.996105,4.476147]]}},{"type":"Feature","properties":{"linea":"7-1-106","parcela":"7-1","palmas":19},"geometry":{"type":"LineString","coordinates":[[-72.994876,4.477014],[-72.996108,4.476228]]}},{"type":"Feature","properties":{"linea":"7-1-107","parcela":"7-1","palmas":19},"geometry":{"type":"LineString","coordinates":[[-72.99488,4.477095],[-72.996112,4.47631]]}},{"type":"Feature","properties":{"linea":"7-1-108","parcela":"7-1","palmas":19},"geometry":{"type":"LineString","coordinates":[[-72.994883,4.477176],[-72.996115,4.476391]]}},{"type":"Feature","properties":{"linea":"7-1-109","parcela":"7-1","palmas":18},"geometry":{"type":"LineString","coordinates":[[-72.994887,4.477258],[-72.99605,4.476516]]}},{"type":"Feature","properties":{"linea":"7-1-110","parcela":"7-1","palmas":18},"geometry":{"type":"LineString","coordinates":[[-72.99489,4.477339],[-72.996054,4.476597]]}},{"type":"Feature","properties":{"linea":"7-1-111","parcela":"7-1","palmas":13},"geometry":{"type":"LineString","coordinates":[[-72.994894,4.47742],[-72.996057,4.476678]]}},{"type":"Feature","properties":{"linea":"7-1-112","parcela":"7-1","palmas":10},"geometry":{"type":"LineString","coordinates":[[-72.994897,4.477501],[-72.995513,4.477109]]}},{"type":"Feature","properties":{"linea":"7-1-113","parcela":"7-1","palmas":10},"geometry":{"type":"LineString","coordinates":[[-72.9949,4.477583],[-72.995516,4.47719]]}},{"type":"Feature","properties":{"linea":"7-1-114","parcela":"7-1","palmas":10},"geometry":{"type":"LineString","coordinates":[[-72.994904,4.477664],[-72.99552,4.477271]]}},{"type":"Feature","properties":{"linea":"7-1-115","parcela":"7-1","palmas":10},"geometry":{"type":"LineString","coordinates":[[-72.994907,4.477745],[-72.995523,4.477353]]}},{"type":"Feature","properties":{"linea":"7-1-116","parcela":"7-1","palmas":10},"geometry":{"type":"LineString","coordinates":[[-72.994911,4.477826],[-72.995527,4.477434]]}},{"type":"Feature","properties":{"linea":"7-1-117","parcela":"7-1","palmas":10},"geometry":{"type":"LineString","coordinates":[[-72.994914,4.477908],[-72.99553,4.477515]]}},{"type":"Feature","properties":{"linea":"7-1-118","parcela":"7-1","palmas":10},"geometry":{"type":"LineString","coordinates":[[-72.994917,4.477989],[-72.995533,4.477596]]}},{"type":"Feature","properties":{"linea":"7-1-119","parcela":"7-1","palmas":9},"geometry":{"type":"LineString","coordinates":[[-72.994921,4.47807],[-72.995537,4.477678]]}},{"type":"Feature","properties":{"linea":"7-1-120","parcela":"7-1","palmas":10},"geometry":{"type":"LineString","coordinates":[[-72.994924,4.478152],[-72.99554,4.477759]]}},{"type":"Feature","properties":{"linea":"7-1-121","parcela":"7-1","palmas":9},"geometry":{"type":"LineString","coordinates":[[-72.994928,4.478233],[-72.995544,4.477841]]}},{"type":"Feature","properties":{"linea":"7-1-122","parcela":"7-1","palmas":10},"geometry":{"type":"LineString","coordinates":[[-72.994931,4.478314],[-72.995547,4.477922]]}},{"type":"Feature","properties":{"linea":"7-1-123","parcela":"7-1","palmas":11},"geometry":{"type":"LineString","coordinates":[[-72.994866,4.478439],[-72.995551,4.478003]]}},{"type":"Feature","properties":{"linea":"7-1-124","parcela":"7-1","palmas":11},"geometry":{"type":"LineString","coordinates":[[-72.994869,4.478521],[-72.995554,4.478084]]}},{"type":"Feature","properties":{"linea":"7-1-125","parcela":"7-1","palmas":10},"geometry":{"type":"LineString","coordinates":[[-72.994873,4.478602],[-72.995489,4.478209]]}},{"type":"Feature","properties":{"linea":"7-1-126","parcela":"7-1","palmas":10},"geometry":{"type":"LineString","coordinates":[[-72.994876,4.478683],[-72.995492,4.478291]]}},{"type":"Feature","properties":{"linea":"7-1-127","parcela":"7-1","palmas":10},"geometry":{"type":"LineString","coordinates":[[-72.99488,4.478764],[-72.995496,4.478372]]}},{"type":"Feature","properties":{"linea":"7-1-128","parcela":"7-1","palmas":12},"geometry":{"type":"LineString","coordinates":[[-72.994883,4.478846],[-72.995636,4.478366]]}},{"type":"Feature","properties":{"linea":"7-1-129","parcela":"7-1","palmas":13},"geometry":{"type":"LineString","coordinates":[[-72.994887,4.478927],[-72.995708,4.478404]]}},{"type":"Feature","properties":{"linea":"7-1-130","parcela":"7-1","palmas":13},"geometry":{"type":"LineString","coordinates":[[-72.99489,4.479008],[-72.995711,4.478485]]}},{"type":"Feature","properties":{"linea":"7-1-131","parcela":"7-1","palmas":14},"geometry":{"type":"LineString","coordinates":[[-72.994893,4.47909],[-72.995783,4.478523]]}},{"type":"Feature","properties":{"linea":"7-1-132","parcela":"7-1","palmas":14},"geometry":{"type":"LineString","coordinates":[[-72.994897,4.479171],[-72.995787,4.478604]]}},{"type":"Feature","properties":{"linea":"7-1-133","parcela":"7-1","palmas":14},"geometry":{"type":"LineString","coordinates":[[-72.9949,4.479252],[-72.99579,4.478685]]}},{"type":"Feature","properties":{"linea":"7-1-134","parcela":"7-1","palmas":14},"geometry":{"type":"LineString","coordinates":[[-72.994904,4.479334],[-72.995794,4.478766]]}},{"type":"Feature","properties":{"linea":"7-1-135","parcela":"7-1","palmas":15},"geometry":{"type":"LineString","coordinates":[[-72.994907,4.479415],[-72.995865,4.478804]]}},{"type":"Feature","properties":{"linea":"7-1-136","parcela":"7-1","palmas":15},"geometry":{"type":"LineString","coordinates":[[-72.994911,4.479496],[-72.995869,4.478886]]}},{"type":"Feature","properties":{"linea":"7-1-137","parcela":"7-1","palmas":16},"geometry":{"type":"LineString","coordinates":[[-72.994914,4.479578],[-72.995941,4.478923]]}},{"type":"Feature","properties":{"linea":"7-1-138","parcela":"7-1","palmas":16},"geometry":{"type":"LineString","coordinates":[[-72.994917,4.479659],[-72.995944,4.479004]]}},{"type":"Feature","properties":{"linea":"7-1-139","parcela":"7-1","palmas":16},"geometry":{"type":"LineString","coordinates":[[-72.994921,4.47974],[-72.995947,4.479086]]}},{"type":"Feature","properties":{"linea":"7-1-140","parcela":"7-1","palmas":16},"geometry":{"type":"LineString","coordinates":[[-72.994924,4.479821],[-72.995951,4.479167]]}},{"type":"Feature","properties":{"linea":"7-1-141","parcela":"7-1","palmas":16},"geometry":{"type":"LineString","coordinates":[[-72.994928,4.479903],[-72.995954,4.479248]]}},{"type":"Feature","properties":{"linea":"7-1-142","parcela":"7-1","palmas":16},"geometry":{"type":"LineString","coordinates":[[-72.994931,4.479984],[-72.995958,4.47933]]}},{"type":"Feature","properties":{"linea":"7-1-143","parcela":"7-1","palmas":16},"geometry":{"type":"LineString","coordinates":[[-72.994934,4.480065],[-72.995961,4.479411]]}},{"type":"Feature","properties":{"linea":"7-1-144","parcela":"7-1","palmas":15},"geometry":{"type":"LineString","coordinates":[[-72.994938,4.480147],[-72.995896,4.479536]]}},{"type":"Feature","properties":{"linea":"7-1-145","parcela":"7-1","palmas":15},"geometry":{"type":"LineString","coordinates":[[-72.994941,4.480228],[-72.995899,4.479617]]}},{"type":"Feature","properties":{"linea":"7-1-146","parcela":"7-1","palmas":15},"geometry":{"type":"LineString","coordinates":[[-72.994945,4.480309],[-72.995903,4.479699]]}},{"type":"Feature","properties":{"linea":"7-1-147","parcela":"7-1","palmas":15},"geometry":{"type":"LineString","coordinates":[[-72.994948,4.480391],[-72.995906,4.47978]]}},{"type":"Feature","properties":{"linea":"7-1-148","parcela":"7-1","palmas":15},"geometry":{"type":"LineString","coordinates":[[-72.994951,4.480472],[-72.99591,4.479861]]}},{"type":"Feature","properties":{"linea":"7-1-149","parcela":"7-1","palmas":15},"geometry":{"type":"LineString","coordinates":[[-72.994955,4.480553],[-72.995913,4.479942]]}},{"type":"Feature","properties":{"linea":"7-1-150","parcela":"7-1","palmas":15},"geometry":{"type":"LineString","coordinates":[[-72.994958,4.480634],[-72.995917,4.480024]]}},{"type":"Feature","properties":{"linea":"7-1-151","parcela":"7-1","palmas":15},"geometry":{"type":"LineString","coordinates":[[-72.994962,4.480716],[-72.99592,4.480105]]}},{"type":"Feature","properties":{"linea":"7-1-152","parcela":"7-1","palmas":15},"geometry":{"type":"LineString","coordinates":[[-72.994965,4.480797],[-72.995923,4.480186]]}},{"type":"Feature","properties":{"linea":"7-1-153","parcela":"7-1","palmas":15},"geometry":{"type":"LineString","coordinates":[[-72.994969,4.480878],[-72.995927,4.480268]]}},{"type":"Feature","properties":{"linea":"7-1-154","parcela":"7-1","palmas":15},"geometry":{"type":"LineString","coordinates":[[-72.994972,4.480959],[-72.99593,4.480349]]}},{"type":"Feature","properties":{"linea":"7-1-155","parcela":"7-1","palmas":15},"geometry":{"type":"LineString","coordinates":[[-72.994976,4.481041],[-72.995934,4.48043]]}},{"type":"Feature","properties":{"linea":"7-1-156","parcela":"7-1","palmas":15},"geometry":{"type":"LineString","coordinates":[[-72.994979,4.481122],[-72.995937,4.480511]]}},{"type":"Feature","properties":{"linea":"7-1-157","parcela":"7-1","palmas":15},"geometry":{"type":"LineString","coordinates":[[-72.994982,4.481204],[-72.995941,4.480593]]}},{"type":"Feature","properties":{"linea":"7-1-158","parcela":"7-1","palmas":15},"geometry":{"type":"LineString","coordinates":[[-72.994986,4.481285],[-72.995944,4.480674]]}},{"type":"Feature","properties":{"linea":"7-1-159","parcela":"7-1","palmas":15},"geometry":{"type":"LineString","coordinates":[[-72.994921,4.48141],[-72.995879,4.480799]]}},{"type":"Feature","properties":{"linea":"7-1-161","parcela":"7-1","palmas":2},"geometry":{"type":"LineString","coordinates":[[-72.995544,4.48118],[-72.995615,4.481218]]}},{"type":"Feature","properties":{"linea":"7-1-162","parcela":"7-1","palmas":3},"geometry":{"type":"LineString","coordinates":[[-72.995475,4.481223],[-72.995619,4.481299]]}},{"type":"Feature","properties":{"linea":"7-1-163","parcela":"7-1","palmas":4},"geometry":{"type":"LineString","coordinates":[[-72.995407,4.481267],[-72.995622,4.48138]]}},{"type":"Feature","properties":{"linea":"7-1-164","parcela":"7-1","palmas":5},"geometry":{"type":"LineString","coordinates":[[-72.995338,4.481311],[-72.995626,4.481461]]}},{"type":"Feature","properties":{"linea":"7-1-165","parcela":"7-1","palmas":6},"geometry":{"type":"LineString","coordinates":[[-72.99527,4.481354],[-72.995629,4.481542]]}},{"type":"Feature","properties":{"linea":"7-1-166","parcela":"7-1","palmas":7},"geometry":{"type":"LineString","coordinates":[[-72.995201,4.481398],[-72.995632,4.481624]]}},{"type":"Feature","properties":{"linea":"7-1-167","parcela":"7-1","palmas":8},"geometry":{"type":"LineString","coordinates":[[-72.995133,4.481441],[-72.995636,4.481705]]}},{"type":"Feature","properties":{"linea":"7-1-168","parcela":"7-1","palmas":10},"geometry":{"type":"LineString","coordinates":[[-72.994992,4.481447],[-72.995639,4.481786]]}},{"type":"Feature","properties":{"linea":"7-1-169","parcela":"7-1","palmas":11},"geometry":{"type":"LineString","coordinates":[[-72.994924,4.481491],[-72.995643,4.481868]]}},{"type":"Feature","properties":{"linea":"7-1-170","parcela":"7-1","palmas":11},"geometry":{"type":"LineString","coordinates":[[-72.994928,4.481572],[-72.995646,4.481949]]}},{"type":"Feature","properties":{"linea":"7-1-171","parcela":"7-1","palmas":11},"geometry":{"type":"LineString","coordinates":[[-72.994931,4.481654],[-72.995649,4.48203]]}},{"type":"Feature","properties":{"linea":"7-1-172","parcela":"7-1","palmas":11},"geometry":{"type":"LineString","coordinates":[[-72.994934,4.481735],[-72.995653,4.482112]]}},{"type":"Feature","properties":{"linea":"7-1-173","parcela":"7-1","palmas":11},"geometry":{"type":"LineString","coordinates":[[-72.994938,4.481816],[-72.995656,4.482193]]}},{"type":"Feature","properties":{"linea":"7-1-174","parcela":"7-1","palmas":11},"geometry":{"type":"LineString","coordinates":[[-72.994941,4.481898],[-72.99566,4.482274]]}},{"type":"Feature","properties":{"linea":"7-1-175","parcela":"7-1","palmas":11},"geometry":{"type":"LineString","coordinates":[[-72.994944,4.481979],[-72.995663,4.482356]]}},{"type":"Feature","properties":{"linea":"7-1-176","parcela":"7-1","palmas":11},"geometry":{"type":"LineString","coordinates":[[-72.994948,4.48206],[-72.995667,4.482437]]}},{"type":"Feature","properties":{"linea":"7-1-177","parcela":"7-1","palmas":11},"geometry":{"type":"LineString","coordinates":[[-72.994951,4.482141],[-72.99567,4.482518]]}},{"type":"Feature","properties":{"linea":"7-1-178","parcela":"7-1","palmas":11},"geometry":{"type":"LineString","coordinates":[[-72.994955,4.482223],[-72.995673,4.482599]]}},{"type":"Feature","properties":{"linea":"7-1-179","parcela":"7-1","palmas":11},"geometry":{"type":"LineString","coordinates":[[-72.994958,4.482304],[-72.995677,4.482681]]}},{"type":"Feature","properties":{"linea":"7-1-180","parcela":"7-1","palmas":11},"geometry":{"type":"LineString","coordinates":[[-72.994962,4.482385],[-72.99568,4.482762]]}},{"type":"Feature","properties":{"linea":"7-1-181","parcela":"7-1","palmas":11},"geometry":{"type":"LineString","coordinates":[[-72.994965,4.482467],[-72.995684,4.482843]]}},{"type":"Feature","properties":{"linea":"7-1-182","parcela":"7-1","palmas":11},"geometry":{"type":"LineString","coordinates":[[-72.994969,4.482548],[-72.995687,4.482925]]}},{"type":"Feature","properties":{"linea":"7-1-183","parcela":"7-1","palmas":11},"geometry":{"type":"LineString","coordinates":[[-72.994972,4.482629],[-72.995691,4.483006]]}},{"type":"Feature","properties":{"linea":"7-1-184","parcela":"7-1","palmas":11},"geometry":{"type":"LineString","coordinates":[[-72.994975,4.482711],[-72.995694,4.483087]]}},{"type":"Feature","properties":{"linea":"7-1-185","parcela":"7-1","palmas":11},"geometry":{"type":"LineString","coordinates":[[-72.994979,4.482792],[-72.995698,4.483169]]}},{"type":"Feature","properties":{"linea":"7-1-186","parcela":"7-1","palmas":11},"geometry":{"type":"LineString","coordinates":[[-72.994982,4.482873],[-72.995701,4.48325]]}},{"type":"Feature","properties":{"linea":"7-1-187","parcela":"7-1","palmas":11},"geometry":{"type":"LineString","coordinates":[[-72.994986,4.482954],[-72.995704,4.483333]]}},{"type":"Feature","properties":{"linea":"7-1-188","parcela":"7-1","palmas":11},"geometry":{"type":"LineString","coordinates":[[-72.994989,4.483036],[-72.995707,4.483413]]}},{"type":"Feature","properties":{"linea":"7-1-189","parcela":"7-1","palmas":11},"geometry":{"type":"LineString","coordinates":[[-72.994992,4.483117],[-72.995711,4.483494]]}},{"type":"Feature","properties":{"linea":"7-1-190","parcela":"7-1","palmas":11},"geometry":{"type":"LineString","coordinates":[[-72.994996,4.483198],[-72.995714,4.483575]]}},{"type":"Feature","properties":{"linea":"7-1-191","parcela":"7-1","palmas":11},"geometry":{"type":"LineString","coordinates":[[-72.994999,4.48328],[-72.995718,4.483656]]}},{"type":"Feature","properties":{"linea":"7-1-192","parcela":"7-1","palmas":11},"geometry":{"type":"LineString","coordinates":[[-72.995003,4.483361],[-72.995721,4.483738]]}},{"type":"Feature","properties":{"linea":"7-1-193","parcela":"7-1","palmas":11},"geometry":{"type":"LineString","coordinates":[[-72.995006,4.483442],[-72.995725,4.483819]]}},{"type":"Feature","properties":{"linea":"7-1-194","parcela":"7-1","palmas":11},"geometry":{"type":"LineString","coordinates":[[-72.995009,4.483524],[-72.995728,4.4839]]}},{"type":"Feature","properties":{"linea":"7-1-195","parcela":"7-1","palmas":11},"geometry":{"type":"LineString","coordinates":[[-72.995013,4.483605],[-72.995732,4.483982]]}},{"type":"Feature","properties":{"linea":"7-1-196","parcela":"7-1","palmas":11},"geometry":{"type":"LineString","coordinates":[[-72.995016,4.483686],[-72.995735,4.484063]]}},{"type":"Feature","properties":{"linea":"7-1-197","parcela":"7-1","palmas":11},"geometry":{"type":"LineString","coordinates":[[-72.99502,4.483767],[-72.995738,4.484144]]}},{"type":"Feature","properties":{"linea":"7-1-198","parcela":"7-1","palmas":11},"geometry":{"type":"LineString","coordinates":[[-72.995023,4.483849],[-72.995742,4.484226]]}},{"type":"Feature","properties":{"linea":"7-1-199","parcela":"7-1","palmas":11},"geometry":{"type":"LineString","coordinates":[[-72.995027,4.48393],[-72.995745,4.484307]]}},{"type":"Feature","properties":{"linea":"7-1-200","parcela":"7-1","palmas":11},"geometry":{"type":"LineString","coordinates":[[-72.99503,4.484011],[-72.995749,4.484388]]}},{"type":"Feature","properties":{"linea":"7-1-201","parcela":"7-1","palmas":11},"geometry":{"type":"LineString","coordinates":[[-72.995033,4.484093],[-72.995752,4.484469]]}},{"type":"Feature","properties":{"linea":"7-1-202","parcela":"7-1","palmas":11},"geometry":{"type":"LineString","coordinates":[[-72.995037,4.484174],[-72.995756,4.484551]]}},{"type":"Feature","properties":{"linea":"7-1-203","parcela":"7-1","palmas":11},"geometry":{"type":"LineString","coordinates":[[-72.99504,4.484255],[-72.995759,4.484632]]}},{"type":"Feature","properties":{"linea":"7-1-204","parcela":"7-1","palmas":11},"geometry":{"type":"LineString","coordinates":[[-72.995044,4.484337],[-72.995762,4.484713]]}},{"type":"Feature","properties":{"linea":"7-1-205","parcela":"7-1","palmas":11},"geometry":{"type":"LineString","coordinates":[[-72.995047,4.484418],[-72.995766,4.484795]]}},{"type":"Feature","properties":{"linea":"7-1-206","parcela":"7-1","palmas":11},"geometry":{"type":"LineString","coordinates":[[-72.995051,4.484499],[-72.995769,4.484876]]}},{"type":"Feature","properties":{"linea":"7-1-207","parcela":"7-1","palmas":11},"geometry":{"type":"LineString","coordinates":[[-72.995054,4.484581],[-72.995773,4.484957]]}},{"type":"Feature","properties":{"linea":"7-1-208","parcela":"7-1","palmas":11},"geometry":{"type":"LineString","coordinates":[[-72.995057,4.484662],[-72.995776,4.485039]]}},{"type":"Feature","properties":{"linea":"7-1-209","parcela":"7-1","palmas":11},"geometry":{"type":"LineString","coordinates":[[-72.995061,4.484743],[-72.995779,4.48512]]}},{"type":"Feature","properties":{"linea":"7-1-210","parcela":"7-1","palmas":11},"geometry":{"type":"LineString","coordinates":[[-72.995064,4.484824],[-72.995783,4.485201]]}},{"type":"Feature","properties":{"linea":"7-1-211","parcela":"7-1","palmas":11},"geometry":{"type":"LineString","coordinates":[[-72.995068,4.484906],[-72.995786,4.485283]]}},{"type":"Feature","properties":{"linea":"7-1-212","parcela":"7-1","palmas":11},"geometry":{"type":"LineString","coordinates":[[-72.995071,4.484987],[-72.99579,4.485364]]}},{"type":"Feature","properties":{"linea":"7-1-213","parcela":"7-1","palmas":11},"geometry":{"type":"LineString","coordinates":[[-72.995074,4.485068],[-72.995793,4.485445]]}},{"type":"Feature","properties":{"linea":"7-1-214","parcela":"7-1","palmas":11},"geometry":{"type":"LineString","coordinates":[[-72.995078,4.485149],[-72.995796,4.485526]]}},{"type":"Feature","properties":{"linea":"7-1-215","parcela":"7-1","palmas":11},"geometry":{"type":"LineString","coordinates":[[-72.995081,4.485231],[-72.9958,4.485608]]}},{"type":"Feature","properties":{"linea":"7-1-216","parcela":"7-1","palmas":11},"geometry":{"type":"LineString","coordinates":[[-72.995085,4.485312],[-72.995803,4.485689]]}},{"type":"Feature","properties":{"linea":"7-1-217","parcela":"7-1","palmas":11},"geometry":{"type":"LineString","coordinates":[[-72.995088,4.485394],[-72.995807,4.48577]]}},{"type":"Feature","properties":{"linea":"7-1-218","parcela":"7-1","palmas":11},"geometry":{"type":"LineString","coordinates":[[-72.995091,4.485475],[-72.99581,4.485852]]}},{"type":"Feature","properties":{"linea":"7-1-219","parcela":"7-1","palmas":11},"geometry":{"type":"LineString","coordinates":[[-72.995095,4.485556],[-72.995814,4.485933]]}},{"type":"Feature","properties":{"linea":"7-1-220","parcela":"7-1","palmas":11},"geometry":{"type":"LineString","coordinates":[[-72.995098,4.485638],[-72.995817,4.486014]]}},{"type":"Feature","properties":{"linea":"7-1-221","parcela":"7-1","palmas":11},"geometry":{"type":"LineString","coordinates":[[-72.995102,4.485719],[-72.99582,4.486096]]}},{"type":"Feature","properties":{"linea":"7-1-222","parcela":"7-1","palmas":11},"geometry":{"type":"LineString","coordinates":[[-72.995105,4.4858],[-72.995824,4.486177]]}},{"type":"Feature","properties":{"linea":"7-1-223","parcela":"7-1","palmas":9},"geometry":{"type":"LineString","coordinates":[[-72.995109,4.485881],[-72.995684,4.486183]]}},{"type":"Feature","properties":{"linea":"7-1-224","parcela":"7-1","palmas":7},"geometry":{"type":"LineString","coordinates":[[-72.995112,4.485963],[-72.995543,4.486189]]}},{"type":"Feature","properties":{"linea":"7-1-225","parcela":"7-1","palmas":5},"geometry":{"type":"LineString","coordinates":[[-72.995116,4.486044],[-72.995403,4.486195]]}},{"type":"Feature","properties":{"linea":"7-1-226","parcela":"7-1","palmas":2},"geometry":{"type":"LineString","coordinates":[[-72.995191,4.486163],[-72.995262,4.486201]]}},{"type":"Feature","properties":{"linea":"7-1-229","parcela":"7-1","palmas":2},"geometry":{"type":"LineString","coordinates":[[-72.997049,4.486899],[-72.997118,4.486855]]}},{"type":"Feature","properties":{"linea":"7-1-230","parcela":"7-1","palmas":2},"geometry":{"type":"LineString","coordinates":[[-72.997046,4.486817],[-72.997114,4.486774]]}},{"type":"Feature","properties":{"linea":"7-1-231","parcela":"7-1","palmas":2},"geometry":{"type":"LineString","coordinates":[[-72.996974,4.48678],[-72.997042,4.486736]]}},{"type":"Feature","properties":{"linea":"7-1-232","parcela":"7-1","palmas":2},"geometry":{"type":"LineString","coordinates":[[-72.99697,4.486698],[-72.997039,4.486655]]}},{"type":"Feature","properties":{"linea":"7-1-233","parcela":"7-1","palmas":2},"geometry":{"type":"LineString","coordinates":[[-72.996898,4.486661],[-72.996967,4.486617]]}},{"type":"Feature","properties":{"linea":"7-1-234","parcela":"7-1","palmas":2},"geometry":{"type":"LineString","coordinates":[[-72.996895,4.486579],[-72.996963,4.486536]]}},{"type":"Feature","properties":{"linea":"7-1-235","parcela":"7-1","palmas":2},"geometry":{"type":"LineString","coordinates":[[-72.996823,4.486542],[-72.996891,4.486498]]}},{"type":"Feature","properties":{"linea":"7-1-236","parcela":"7-1","palmas":2},"geometry":{"type":"LineString","coordinates":[[-72.99682,4.48646],[-72.996888,4.486417]]}},{"type":"Feature","properties":{"linea":"7-1-237","parcela":"7-1","palmas":2},"geometry":{"type":"LineString","coordinates":[[-72.996748,4.486423],[-72.996816,4.486379]]}},{"type":"Feature","properties":{"linea":"7-1-238","parcela":"7-1","palmas":2},"geometry":{"type":"LineString","coordinates":[[-72.996676,4.486385],[-72.996744,4.486341]]}},{"type":"Feature","properties":{"linea":"7-1-242","parcela":"7-1","palmas":2},"geometry":{"type":"LineString","coordinates":[[-72.996525,4.486147],[-72.996594,4.486103]]}},{"type":"Feature","properties":{"linea":"7-1-243","parcela":"7-1","palmas":3},"geometry":{"type":"LineString","coordinates":[[-72.996385,4.486153],[-72.996522,4.486066]]}},{"type":"Feature","properties":{"linea":"7-1-244","parcela":"7-1","palmas":4},"geometry":{"type":"LineString","coordinates":[[-72.996313,4.486115],[-72.996519,4.485984]]}},{"type":"Feature","properties":{"linea":"7-1-245","parcela":"7-1","palmas":6},"geometry":{"type":"LineString","coordinates":[[-72.996173,4.486121],[-72.996515,4.485903]]}},{"type":"Feature","properties":{"linea":"7-1-246","parcela":"7-1","palmas":8},"geometry":{"type":"LineString","coordinates":[[-72.995964,4.486171],[-72.996443,4.485866]]}},{"type":"Feature","properties":{"linea":"7-1-247","parcela":"7-1","palmas":9},"geometry":{"type":"LineString","coordinates":[[-72.995892,4.486133],[-72.99644,4.485784]]}},{"type":"Feature","properties":{"linea":"7-1-248","parcela":"7-1","palmas":8},"geometry":{"type":"LineString","coordinates":[[-72.995889,4.486052],[-72.996368,4.485746]]}},{"type":"Feature","properties":{"linea":"7-1-249","parcela":"7-1","palmas":8},"geometry":{"type":"LineString","coordinates":[[-72.995886,4.485971],[-72.996364,4.485665]]}},{"type":"Feature","properties":{"linea":"7-1-250","parcela":"7-1","palmas":8},"geometry":{"type":"LineString","coordinates":[[-72.995882,4.485889],[-72.996361,4.485584]]}},{"type":"Feature","properties":{"linea":"7-1-251","parcela":"7-1","palmas":7},"geometry":{"type":"LineString","coordinates":[[-72.995879,4.485808],[-72.996289,4.485546]]}},{"type":"Feature","properties":{"linea":"7-1-252","parcela":"7-1","palmas":7},"geometry":{"type":"LineString","coordinates":[[-72.995875,4.485727],[-72.996286,4.485465]]}},{"type":"Feature","properties":{"linea":"7-1-253","parcela":"7-1","palmas":7},"geometry":{"type":"LineString","coordinates":[[-72.995872,4.485645],[-72.996283,4.485384]]}},{"type":"Feature","properties":{"linea":"7-1-254","parcela":"7-1","palmas":7},"geometry":{"type":"LineString","coordinates":[[-72.995868,4.485564],[-72.996279,4.485302]]}},{"type":"Feature","properties":{"linea":"7-1-255","parcela":"7-1","palmas":7},"geometry":{"type":"LineString","coordinates":[[-72.995865,4.485483],[-72.996276,4.485221]]}},{"type":"Feature","properties":{"linea":"7-1-256","parcela":"7-1","palmas":7},"geometry":{"type":"LineString","coordinates":[[-72.995861,4.485401],[-72.996272,4.48514]]}},{"type":"Feature","properties":{"linea":"7-1-257","parcela":"7-1","palmas":6},"geometry":{"type":"LineString","coordinates":[[-72.995858,4.48532],[-72.9962,4.485102]]}},{"type":"Feature","properties":{"linea":"7-1-258","parcela":"7-1","palmas":6},"geometry":{"type":"LineString","coordinates":[[-72.995855,4.485239],[-72.996197,4.485021]]}},{"type":"Feature","properties":{"linea":"7-1-259","parcela":"7-1","palmas":6},"geometry":{"type":"LineString","coordinates":[[-72.995851,4.485157],[-72.996194,4.484939]]}},{"type":"Feature","properties":{"linea":"7-1-260","parcela":"7-1","palmas":6},"geometry":{"type":"LineString","coordinates":[[-72.995848,4.485076],[-72.99619,4.484858]]}},{"type":"Feature","properties":{"linea":"7-1-261","parcela":"7-1","palmas":6},"geometry":{"type":"LineString","coordinates":[[-72.995844,4.484995],[-72.996187,4.484777]]}},{"type":"Feature","properties":{"linea":"7-1-262","parcela":"7-1","palmas":6},"geometry":{"type":"LineString","coordinates":[[-72.995841,4.484914],[-72.996183,4.484696]]}},{"type":"Feature","properties":{"linea":"7-1-263","parcela":"7-1","palmas":7},"geometry":{"type":"LineString","coordinates":[[-72.995838,4.484832],[-72.996248,4.484571]]}},{"type":"Feature","properties":{"linea":"7-1-264","parcela":"7-1","palmas":8},"geometry":{"type":"LineString","coordinates":[[-72.995834,4.484751],[-72.996313,4.484446]]}},{"type":"Feature","properties":{"linea":"7-1-265","parcela":"7-1","palmas":9},"geometry":{"type":"LineString","coordinates":[[-72.995831,4.48467],[-72.996378,4.484321]]}},{"type":"Feature","properties":{"linea":"7-1-266","parcela":"7-1","palmas":9},"geometry":{"type":"LineString","coordinates":[[-72.995827,4.484588],[-72.996375,4.484239]]}},{"type":"Feature","properties":{"linea":"7-1-267","parcela":"7-1","palmas":9},"geometry":{"type":"LineString","coordinates":[[-72.995824,4.484507],[-72.996371,4.484158]]}},{"type":"Feature","properties":{"linea":"7-1-268","parcela":"7-1","palmas":10},"geometry":{"type":"LineString","coordinates":[[-72.995821,4.484426],[-72.996368,4.484077]]}},{"type":"Feature","properties":{"linea":"7-1-269","parcela":"7-1","palmas":9},"geometry":{"type":"LineString","coordinates":[[-72.995817,4.484344],[-72.996365,4.483996]]}},{"type":"Feature","properties":{"linea":"7-1-270","parcela":"7-1","palmas":9},"geometry":{"type":"LineString","coordinates":[[-72.995814,4.484263],[-72.996361,4.483914]]}},{"type":"Feature","properties":{"linea":"7-1-271","parcela":"7-1","palmas":10},"geometry":{"type":"LineString","coordinates":[[-72.99581,4.484182],[-72.996426,4.483789]]}},{"type":"Feature","properties":{"linea":"7-1-272","parcela":"7-1","palmas":11},"geometry":{"type":"LineString","coordinates":[[-72.995807,4.484101],[-72.996491,4.483664]]}},{"type":"Feature","properties":{"linea":"7-1-273","parcela":"7-1","palmas":12},"geometry":{"type":"LineString","coordinates":[[-72.995803,4.484019],[-72.996556,4.483539]]}},{"type":"Feature","properties":{"linea":"7-1-274","parcela":"7-1","palmas":12},"geometry":{"type":"LineString","coordinates":[[-72.9958,4.483938],[-72.996553,4.483458]]}},{"type":"Feature","properties":{"linea":"7-1-275","parcela":"7-1","palmas":12},"geometry":{"type":"LineString","coordinates":[[-72.995797,4.483857],[-72.996549,4.483377]]}},{"type":"Feature","properties":{"linea":"7-1-276","parcela":"7-1","palmas":12},"geometry":{"type":"LineString","coordinates":[[-72.995793,4.483776],[-72.996546,4.483296]]}},{"type":"Feature","properties":{"linea":"7-1-277","parcela":"7-1","palmas":11},"geometry":{"type":"LineString","coordinates":[[-72.99579,4.483694],[-72.996474,4.483258]]}},{"type":"Feature","properties":{"linea":"7-1-278","parcela":"7-1","palmas":11},"geometry":{"type":"LineString","coordinates":[[-72.995786,4.483613],[-72.996471,4.483177]]}},{"type":"Feature","properties":{"linea":"7-1-279","parcela":"7-1","palmas":11},"geometry":{"type":"LineString","coordinates":[[-72.995783,4.483531],[-72.996467,4.483095]]}},{"type":"Feature","properties":{"linea":"7-1-280","parcela":"7-1","palmas":11},"geometry":{"type":"LineString","coordinates":[[-72.995779,4.48345],[-72.996464,4.483014]]}},{"type":"Feature","properties":{"linea":"7-1-281","parcela":"7-1","palmas":11},"geometry":{"type":"LineString","coordinates":[[-72.995776,4.483369],[-72.996461,4.482933]]}},{"type":"Feature","properties":{"linea":"7-1-282","parcela":"7-1","palmas":12},"geometry":{"type":"LineString","coordinates":[[-72.995773,4.483288],[-72.996526,4.482808]]}},{"type":"Feature","properties":{"linea":"7-1-283","parcela":"7-1","palmas":12},"geometry":{"type":"LineString","coordinates":[[-72.995769,4.483206],[-72.996522,4.482726]]}},{"type":"Feature","properties":{"linea":"7-1-284","parcela":"7-1","palmas":11},"geometry":{"type":"LineString","coordinates":[[-72.995766,4.483125],[-72.99645,4.482689]]}},{"type":"Feature","properties":{"linea":"7-1-285","parcela":"7-1","palmas":11},"geometry":{"type":"LineString","coordinates":[[-72.995762,4.483044],[-72.996447,4.482608]]}},{"type":"Feature","properties":{"linea":"7-1-286","parcela":"7-1","palmas":11},"geometry":{"type":"LineString","coordinates":[[-72.995759,4.482963],[-72.996443,4.482526]]}},{"type":"Feature","properties":{"linea":"7-1-287","parcela":"7-1","palmas":11},"geometry":{"type":"LineString","coordinates":[[-72.995756,4.482881],[-72.99644,4.482445]]}},{"type":"Feature","properties":{"linea":"7-1-288","parcela":"7-1","palmas":11},"geometry":{"type":"LineString","coordinates":[[-72.995752,4.4828],[-72.996437,4.482364]]}},{"type":"Feature","properties":{"linea":"7-1-289","parcela":"7-1","palmas":11},"geometry":{"type":"LineString","coordinates":[[-72.995749,4.482719],[-72.996433,4.482282]]}},{"type":"Feature","properties":{"linea":"7-1-290","parcela":"7-1","palmas":11},"geometry":{"type":"LineString","coordinates":[[-72.995745,4.482637],[-72.99643,4.482201]]}},{"type":"Feature","properties":{"linea":"7-1-291","parcela":"7-1","palmas":11},"geometry":{"type":"LineString","coordinates":[[-72.995742,4.482556],[-72.996426,4.48212]]}},{"type":"Feature","properties":{"linea":"7-1-292","parcela":"7-1","palmas":11},"geometry":{"type":"LineString","coordinates":[[-72.995739,4.482475],[-72.996423,4.482038]]}},{"type":"Feature","properties":{"linea":"7-1-293","parcela":"7-1","palmas":11},"geometry":{"type":"LineString","coordinates":[[-72.995735,4.482393],[-72.996419,4.481957]]}},{"type":"Feature","properties":{"linea":"7-1-294","parcela":"7-1","palmas":11},"geometry":{"type":"LineString","coordinates":[[-72.995732,4.482312],[-72.996416,4.481876]]}},{"type":"Feature","properties":{"linea":"7-1-295","parcela":"7-1","palmas":11},"geometry":{"type":"LineString","coordinates":[[-72.995728,4.482231],[-72.996413,4.481794]]}},{"type":"Feature","properties":{"linea":"7-1-296","parcela":"7-1","palmas":10},"geometry":{"type":"LineString","coordinates":[[-72.995725,4.482149],[-72.996341,4.481757]]}},{"type":"Feature","properties":{"linea":"7-1-297","parcela":"7-1","palmas":10},"geometry":{"type":"LineString","coordinates":[[-72.995721,4.482068],[-72.996337,4.481676]]}},{"type":"Feature","properties":{"linea":"7-1-298","parcela":"7-1","palmas":9},"geometry":{"type":"LineString","coordinates":[[-72.995718,4.481987],[-72.996266,4.481638]]}},{"type":"Feature","properties":{"linea":"7-1-299","parcela":"7-1","palmas":8},"geometry":{"type":"LineString","coordinates":[[-72.995714,4.481906],[-72.996194,4.4816]]}},{"type":"Feature","properties":{"linea":"7-1-300","parcela":"7-1","palmas":8},"geometry":{"type":"LineString","coordinates":[[-72.995711,4.481824],[-72.99619,4.481519]]}},{"type":"Feature","properties":{"linea":"7-1-301","parcela":"7-1","palmas":6},"geometry":{"type":"LineString","coordinates":[[-72.995708,4.481743],[-72.99605,4.481525]]}},{"type":"Feature","properties":{"linea":"7-1-302","parcela":"7-1","palmas":4},"geometry":{"type":"LineString","coordinates":[[-72.995704,4.481662],[-72.99591,4.481531]]}},{"type":"Feature","properties":{"linea":"7-1-303","parcela":"7-1","palmas":2},"geometry":{"type":"LineString","coordinates":[[-72.995701,4.48158],[-72.995769,4.481537]]}},{"type":"Feature","properties":{"linea":"7-1-307","parcela":"7-1","palmas":2},"geometry":{"type":"LineString","coordinates":[[-72.995687,4.481255],[-72.995756,4.481211]]}},{"type":"Feature","properties":{"linea":"7-1-308","parcela":"7-1","palmas":3},"geometry":{"type":"LineString","coordinates":[[-72.995684,4.481174],[-72.995821,4.481087]]}},{"type":"Feature","properties":{"linea":"7-1-309","parcela":"7-1","palmas":3},"geometry":{"type":"LineString","coordinates":[[-72.99568,4.481092],[-72.995817,4.481005]]}},{"type":"Feature","properties":{"linea":"7-2-2","parcela":"7-2","palmas":2},"geometry":{"type":"LineString","coordinates":[[-72.992003,4.470331],[-72.992072,4.470287]]}},{"type":"Feature","properties":{"linea":"7-2-3","parcela":"7-2","palmas":3},"geometry":{"type":"LineString","coordinates":[[-72.992007,4.470412],[-72.992144,4.470325]]}},{"type":"Feature","properties":{"linea":"7-2-4","parcela":"7-2","palmas":5},"geometry":{"type":"LineString","coordinates":[[-72.99201,4.470493],[-72.992284,4.470319]]}},{"type":"Feature","properties":{"linea":"7-2-5","parcela":"7-2","palmas":6},"geometry":{"type":"LineString","coordinates":[[-72.992013,4.470575],[-72.992356,4.470357]]}},{"type":"Feature","properties":{"linea":"7-2-6","parcela":"7-2","palmas":7},"geometry":{"type":"LineString","coordinates":[[-72.992017,4.470656],[-72.992428,4.470394]]}},{"type":"Feature","properties":{"linea":"7-2-7","parcela":"7-2","palmas":8},"geometry":{"type":"LineString","coordinates":[[-72.99202,4.470737],[-72.992499,4.470432]]}},{"type":"Feature","properties":{"linea":"7-2-8","parcela":"7-2","palmas":9},"geometry":{"type":"LineString","coordinates":[[-72.992024,4.470819],[-72.992571,4.47047]]}},{"type":"Feature","properties":{"linea":"7-2-9","parcela":"7-2","palmas":10},"geometry":{"type":"LineString","coordinates":[[-72.992027,4.4709],[-72.992643,4.470508]]}},{"type":"Feature","properties":{"linea":"7-2-10","parcela":"7-2","palmas":12},"geometry":{"type":"LineString","coordinates":[[-72.992031,4.470981],[-72.992783,4.470501]]}},{"type":"Feature","properties":{"linea":"7-2-11","parcela":"7-2","palmas":13},"geometry":{"type":"LineString","coordinates":[[-72.992034,4.471063],[-72.992855,4.470539]]}},{"type":"Feature","properties":{"linea":"7-2-12","parcela":"7-2","palmas":14},"geometry":{"type":"LineString","coordinates":[[-72.992037,4.471144],[-72.992927,4.470577]]}},{"type":"Feature","properties":{"linea":"7-2-13","parcela":"7-2","palmas":15},"geometry":{"type":"LineString","coordinates":[[-72.992041,4.471225],[-72.992999,4.470614]]}},{"type":"Feature","properties":{"linea":"7-2-14","parcela":"7-2","palmas":16},"geometry":{"type":"LineString","coordinates":[[-72.992044,4.471306],[-72.993071,4.470652]]}},{"type":"Feature","properties":{"linea":"7-2-15","parcela":"7-2","palmas":17},"geometry":{"type":"LineString","coordinates":[[-72.992047,4.471388],[-72.993143,4.47069]]}},{"type":"Feature","properties":{"linea":"7-2-16","parcela":"7-2","palmas":18},"geometry":{"type":"LineString","coordinates":[[-72.992051,4.471469],[-72.993215,4.470727]]}},{"type":"Feature","properties":{"linea":"7-2-17","parcela":"7-2","palmas":20},"geometry":{"type":"LineString","coordinates":[[-72.992054,4.47155],[-72.993355,4.470722]]}},{"type":"Feature","properties":{"linea":"7-2-18","parcela":"7-2","palmas":21},"geometry":{"type":"LineString","coordinates":[[-72.992058,4.471632],[-72.993427,4.470759]]}},{"type":"Feature","properties":{"linea":"7-2-19","parcela":"7-2","palmas":22},"geometry":{"type":"LineString","coordinates":[[-72.992061,4.471713],[-72.993499,4.470797]]}},{"type":"Feature","properties":{"linea":"7-2-20","parcela":"7-2","palmas":23},"geometry":{"type":"LineString","coordinates":[[-72.992065,4.471794],[-72.993571,4.470835]]}},{"type":"Feature","properties":{"linea":"7-2-21","parcela":"7-2","palmas":24},"geometry":{"type":"LineString","coordinates":[[-72.992068,4.471876],[-72.993643,4.470872]]}},{"type":"Feature","properties":{"linea":"7-2-22","parcela":"7-2","palmas":25},"geometry":{"type":"LineString","coordinates":[[-72.992072,4.471957],[-72.993714,4.47091]]}},{"type":"Feature","properties":{"linea":"7-2-23","parcela":"7-2","palmas":26},"geometry":{"type":"LineString","coordinates":[[-72.992075,4.472038],[-72.993786,4.470948]]}},{"type":"Feature","properties":{"linea":"7-2-24","parcela":"7-2","palmas":28},"geometry":{"type":"LineString","coordinates":[[-72.992078,4.472119],[-72.993926,4.470942]]}},{"type":"Feature","properties":{"linea":"7-2-25","parcela":"7-2","palmas":29},"geometry":{"type":"LineString","coordinates":[[-72.992082,4.472201],[-72.993998,4.470979]]}},{"type":"Feature","properties":{"linea":"7-2-26","parcela":"7-2","palmas":30},"geometry":{"type":"LineString","coordinates":[[-72.992085,4.472282],[-72.99407,4.471017]]}},{"type":"Feature","properties":{"linea":"7-2-27","parcela":"7-2","palmas":31},"geometry":{"type":"LineString","coordinates":[[-72.992089,4.472363],[-72.994142,4.471055]]}},{"type":"Feature","properties":{"linea":"7-2-28","parcela":"7-2","palmas":32},"geometry":{"type":"LineString","coordinates":[[-72.992092,4.472445],[-72.994214,4.471093]]}},{"type":"Feature","properties":{"linea":"7-2-29","parcela":"7-2","palmas":33},"geometry":{"type":"LineString","coordinates":[[-72.992096,4.472526],[-72.994286,4.47113]]}},{"type":"Feature","properties":{"linea":"7-2-30","parcela":"7-2","palmas":34},"geometry":{"type":"LineString","coordinates":[[-72.992099,4.472607],[-72.994358,4.471168]]}},{"type":"Feature","properties":{"linea":"7-2-31","parcela":"7-2","palmas":35},"geometry":{"type":"LineString","coordinates":[[-72.992102,4.472689],[-72.994429,4.471206]]}},{"type":"Feature","properties":{"linea":"7-2-32","parcela":"7-2","palmas":35},"geometry":{"type":"LineString","coordinates":[[-72.992106,4.47277],[-72.994433,4.471287]]}},{"type":"Feature","properties":{"linea":"7-2-33","parcela":"7-2","palmas":35},"geometry":{"type":"LineString","coordinates":[[-72.992109,4.472851],[-72.994436,4.471368]]}},{"type":"Feature","properties":{"linea":"7-2-34","parcela":"7-2","palmas":34},"geometry":{"type":"LineString","coordinates":[[-72.992113,4.472932],[-72.994371,4.471493]]}},{"type":"Feature","properties":{"linea":"7-2-35","parcela":"7-2","palmas":32},"geometry":{"type":"LineString","coordinates":[[-72.992116,4.473014],[-72.994238,4.471662]]}},{"type":"Feature","properties":{"linea":"7-2-36","parcela":"7-2","palmas":31},"geometry":{"type":"LineString","coordinates":[[-72.992119,4.473095],[-72.994173,4.471786]]}},{"type":"Feature","properties":{"linea":"7-2-37","parcela":"7-2","palmas":11},"geometry":{"type":"LineString","coordinates":[[-72.993423,4.472347],[-72.994108,4.471911]]}},{"type":"Feature","properties":{"linea":"7-2-38","parcela":"7-2","palmas":28},"geometry":{"type":"LineString","coordinates":[[-72.992126,4.473258],[-72.994043,4.472036]]}},{"type":"Feature","properties":{"linea":"7-2-39","parcela":"7-2","palmas":26},"geometry":{"type":"LineString","coordinates":[[-72.99213,4.473339],[-72.993978,4.472161]]}},{"type":"Feature","properties":{"linea":"7-2-40","parcela":"7-2","palmas":25},"geometry":{"type":"LineString","coordinates":[[-72.992133,4.47342],[-72.993844,4.47233]]}},{"type":"Feature","properties":{"linea":"7-2-41","parcela":"7-2","palmas":26},"geometry":{"type":"LineString","coordinates":[[-72.992136,4.473502],[-72.993848,4.472411]]}},{"type":"Feature","properties":{"linea":"7-2-42","parcela":"7-2","palmas":26},"geometry":{"type":"LineString","coordinates":[[-72.99214,4.473583],[-72.993851,4.472493]]}},{"type":"Feature","properties":{"linea":"7-2-43","parcela":"7-2","palmas":26},"geometry":{"type":"LineString","coordinates":[[-72.992143,4.473664],[-72.993854,4.472574]]}},{"type":"Feature","properties":{"linea":"7-2-44","parcela":"7-2","palmas":26},"geometry":{"type":"LineString","coordinates":[[-72.992147,4.473746],[-72.993858,4.472655]]}},{"type":"Feature","properties":{"linea":"7-2-45","parcela":"7-2","palmas":26},"geometry":{"type":"LineString","coordinates":[[-72.99215,4.473827],[-72.993861,4.472736]]}},{"type":"Feature","properties":{"linea":"7-2-46","parcela":"7-2","palmas":26},"geometry":{"type":"LineString","coordinates":[[-72.992154,4.473908],[-72.993865,4.472818]]}},{"type":"Feature","properties":{"linea":"7-2-47","parcela":"7-2","palmas":26},"geometry":{"type":"LineString","coordinates":[[-72.992157,4.473989],[-72.993868,4.472899]]}},{"type":"Feature","properties":{"linea":"7-2-48","parcela":"7-2","palmas":26},"geometry":{"type":"LineString","coordinates":[[-72.99216,4.474071],[-72.993872,4.47298]]}},{"type":"Feature","properties":{"linea":"7-2-49","parcela":"7-2","palmas":26},"geometry":{"type":"LineString","coordinates":[[-72.992164,4.474152],[-72.993875,4.473061]]}},{"type":"Feature","properties":{"linea":"7-2-50","parcela":"7-2","palmas":26},"geometry":{"type":"LineString","coordinates":[[-72.992167,4.474233],[-72.993878,4.473143]]}},{"type":"Feature","properties":{"linea":"7-2-51","parcela":"7-2","palmas":26},"geometry":{"type":"LineString","coordinates":[[-72.992171,4.474315],[-72.993882,4.473224]]}},{"type":"Feature","properties":{"linea":"7-2-52","parcela":"7-2","palmas":26},"geometry":{"type":"LineString","coordinates":[[-72.992174,4.474396],[-72.993885,4.473305]]}},{"type":"Feature","properties":{"linea":"7-2-53","parcela":"7-2","palmas":26},"geometry":{"type":"LineString","coordinates":[[-72.992177,4.474477],[-72.993889,4.473387]]}},{"type":"Feature","properties":{"linea":"7-2-54","parcela":"7-2","palmas":26},"geometry":{"type":"LineString","coordinates":[[-72.992181,4.474559],[-72.993892,4.473468]]}},{"type":"Feature","properties":{"linea":"7-2-55","parcela":"7-2","palmas":26},"geometry":{"type":"LineString","coordinates":[[-72.992184,4.47464],[-72.993896,4.473549]]}},{"type":"Feature","properties":{"linea":"7-2-56","parcela":"7-2","palmas":26},"geometry":{"type":"LineString","coordinates":[[-72.992188,4.474721],[-72.993899,4.473631]]}},{"type":"Feature","properties":{"linea":"7-2-57","parcela":"7-2","palmas":26},"geometry":{"type":"LineString","coordinates":[[-72.992191,4.474803],[-72.993902,4.473712]]}},{"type":"Feature","properties":{"linea":"7-2-58","parcela":"7-2","palmas":25},"geometry":{"type":"LineString","coordinates":[[-72.992263,4.47484],[-72.993906,4.473793]]}},{"type":"Feature","properties":{"linea":"7-2-59","parcela":"7-2","palmas":25},"geometry":{"type":"LineString","coordinates":[[-72.992266,4.474921],[-72.993909,4.473874]]}},{"type":"Feature","properties":{"linea":"7-2-60","parcela":"7-2","palmas":26},"geometry":{"type":"LineString","coordinates":[[-72.992201,4.475046],[-72.993913,4.473956]]}},{"type":"Feature","properties":{"linea":"7-2-61","parcela":"7-2","palmas":26},"geometry":{"type":"LineString","coordinates":[[-72.992205,4.475128],[-72.993916,4.474037]]}},{"type":"Feature","properties":{"linea":"7-2-62","parcela":"7-2","palmas":26},"geometry":{"type":"LineString","coordinates":[[-72.992208,4.475209],[-72.993919,4.474118]]}},{"type":"Feature","properties":{"linea":"7-2-63","parcela":"7-2","palmas":26},"geometry":{"type":"LineString","coordinates":[[-72.992212,4.47529],[-72.993923,4.4742]]}},{"type":"Feature","properties":{"linea":"7-2-64","parcela":"7-2","palmas":26},"geometry":{"type":"LineString","coordinates":[[-72.992215,4.475372],[-72.993926,4.474281]]}},{"type":"Feature","properties":{"linea":"7-2-65","parcela":"7-2","palmas":25},"geometry":{"type":"LineString","coordinates":[[-72.992219,4.475453],[-72.993861,4.474406]]}},{"type":"Feature","properties":{"linea":"7-2-66","parcela":"7-2","palmas":24},"geometry":{"type":"LineString","coordinates":[[-72.992222,4.475534],[-72.993796,4.474531]]}},{"type":"Feature","properties":{"linea":"7-2-67","parcela":"7-2","palmas":24},"geometry":{"type":"LineString","coordinates":[[-72.992225,4.475616],[-72.993799,4.474612]]}},{"type":"Feature","properties":{"linea":"7-2-68","parcela":"7-2","palmas":23},"geometry":{"type":"LineString","coordinates":[[-72.992229,4.475697],[-72.993734,4.474737]]}},{"type":"Feature","properties":{"linea":"7-2-69","parcela":"7-2","palmas":22},"geometry":{"type":"LineString","coordinates":[[-72.992232,4.475778],[-72.993669,4.474862]]}},{"type":"Feature","properties":{"linea":"7-2-70","parcela":"7-2","palmas":21},"geometry":{"type":"LineString","coordinates":[[-72.992236,4.475859],[-72.993604,4.474987]]}},{"type":"Feature","properties":{"linea":"7-2-71","parcela":"7-2","palmas":15},"geometry":{"type":"LineString","coordinates":[[-72.992239,4.475941],[-72.993471,4.475156]]}},{"type":"Feature","properties":{"linea":"7-2-72","parcela":"7-2","palmas":13},"geometry":{"type":"LineString","coordinates":[[-72.992243,4.476022],[-72.993064,4.475499]]}},{"type":"Feature","properties":{"linea":"7-2-73","parcela":"7-2","palmas":8},"geometry":{"type":"LineString","coordinates":[[-72.992246,4.476103],[-72.992725,4.475798]]}},{"type":"Feature","properties":{"linea":"7-2-74","parcela":"7-2","palmas":8},"geometry":{"type":"LineString","coordinates":[[-72.992249,4.476184],[-72.992728,4.475879]]}},{"type":"Feature","properties":{"linea":"7-2-75","parcela":"7-2","palmas":9},"geometry":{"type":"LineString","coordinates":[[-72.992253,4.476266],[-72.9928,4.475917]]}},{"type":"Feature","properties":{"linea":"7-2-76","parcela":"7-2","palmas":11},"geometry":{"type":"LineString","coordinates":[[-72.992256,4.476347],[-72.992941,4.475911]]}},{"type":"Feature","properties":{"linea":"7-2-77","parcela":"7-2","palmas":16},"geometry":{"type":"LineString","coordinates":[[-72.992259,4.476428],[-72.993286,4.475774]]}},{"type":"Feature","properties":{"linea":"7-2-78","parcela":"7-2","palmas":16},"geometry":{"type":"LineString","coordinates":[[-72.992263,4.47651],[-72.99329,4.475856]]}},{"type":"Feature","properties":{"linea":"7-2-79","parcela":"7-2","palmas":16},"geometry":{"type":"LineString","coordinates":[[-72.992266,4.476591],[-72.993293,4.475937]]}},{"type":"Feature","properties":{"linea":"7-2-80","parcela":"7-2","palmas":16},"geometry":{"type":"LineString","coordinates":[[-72.99227,4.476672],[-72.993296,4.476018]]}},{"type":"Feature","properties":{"linea":"7-2-81","parcela":"7-2","palmas":16},"geometry":{"type":"LineString","coordinates":[[-72.992273,4.476754],[-72.9933,4.476099]]}},{"type":"Feature","properties":{"linea":"7-2-82","parcela":"7-2","palmas":16},"geometry":{"type":"LineString","coordinates":[[-72.992277,4.476835],[-72.993303,4.476181]]}},{"type":"Feature","properties":{"linea":"7-2-83","parcela":"7-2","palmas":16},"geometry":{"type":"LineString","coordinates":[[-72.99228,4.476916],[-72.993307,4.476262]]}},{"type":"Feature","properties":{"linea":"7-2-84","parcela":"7-2","palmas":16},"geometry":{"type":"LineString","coordinates":[[-72.992283,4.476998],[-72.99331,4.476343]]}},{"type":"Feature","properties":{"linea":"7-2-85","parcela":"7-2","palmas":16},"geometry":{"type":"LineString","coordinates":[[-72.992287,4.477079],[-72.993314,4.476424]]}},{"type":"Feature","properties":{"linea":"7-2-86","parcela":"7-2","palmas":16},"geometry":{"type":"LineString","coordinates":[[-72.99229,4.47716],[-72.993317,4.476506]]}},{"type":"Feature","properties":{"linea":"7-2-87","parcela":"7-2","palmas":16},"geometry":{"type":"LineString","coordinates":[[-72.992294,4.477241],[-72.99332,4.476587]]}},{"type":"Feature","properties":{"linea":"7-2-88","parcela":"7-2","palmas":16},"geometry":{"type":"LineString","coordinates":[[-72.992297,4.477323],[-72.993324,4.476668]]}},{"type":"Feature","properties":{"linea":"7-2-89","parcela":"7-2","palmas":16},"geometry":{"type":"LineString","coordinates":[[-72.992301,4.477404],[-72.993327,4.47675]]}},{"type":"Feature","properties":{"linea":"7-2-90","parcela":"7-2","palmas":14},"geometry":{"type":"LineString","coordinates":[[-72.992441,4.477398],[-72.993331,4.476831]]}},{"type":"Feature","properties":{"linea":"7-2-91","parcela":"7-2","palmas":15},"geometry":{"type":"LineString","coordinates":[[-72.992376,4.477523],[-72.993334,4.476913]]}},{"type":"Feature","properties":{"linea":"7-2-92","parcela":"7-2","palmas":15},"geometry":{"type":"LineString","coordinates":[[-72.992379,4.477604],[-72.993337,4.476994]]}},{"type":"Feature","properties":{"linea":"7-2-93","parcela":"7-2","palmas":15},"geometry":{"type":"LineString","coordinates":[[-72.992383,4.477686],[-72.993341,4.477075]]}},{"type":"Feature","properties":{"linea":"7-2-94","parcela":"7-2","palmas":15},"geometry":{"type":"LineString","coordinates":[[-72.992386,4.477767],[-72.993344,4.477156]]}},{"type":"Feature","properties":{"linea":"7-2-95","parcela":"7-2","palmas":15},"geometry":{"type":"LineString","coordinates":[[-72.992389,4.477848],[-72.993348,4.477238]]}},{"type":"Feature","properties":{"linea":"7-2-96","parcela":"7-2","palmas":15},"geometry":{"type":"LineString","coordinates":[[-72.992393,4.477929],[-72.993351,4.477319]]}},{"type":"Feature","properties":{"linea":"7-2-97","parcela":"7-2","palmas":15},"geometry":{"type":"LineString","coordinates":[[-72.992396,4.478011],[-72.993354,4.4774]]}},{"type":"Feature","properties":{"linea":"7-2-98","parcela":"7-2","palmas":15},"geometry":{"type":"LineString","coordinates":[[-72.9924,4.478092],[-72.993358,4.477481]]}},{"type":"Feature","properties":{"linea":"7-2-99","parcela":"7-2","palmas":15},"geometry":{"type":"LineString","coordinates":[[-72.992403,4.478173],[-72.993361,4.477563]]}},{"type":"Feature","properties":{"linea":"7-2-100","parcela":"7-2","palmas":15},"geometry":{"type":"LineString","coordinates":[[-72.992406,4.478255],[-72.993365,4.477644]]}},{"type":"Feature","properties":{"linea":"7-2-102","parcela":"7-2","palmas":2},"geometry":{"type":"LineString","coordinates":[[-72.993502,4.477557],[-72.99343,4.477519]]}},{"type":"Feature","properties":{"linea":"7-2-103","parcela":"7-2","palmas":3},"geometry":{"type":"LineString","coordinates":[[-72.99357,4.477513],[-72.993426,4.477438]]}},{"type":"Feature","properties":{"linea":"7-2-104","parcela":"7-2","palmas":4},"geometry":{"type":"LineString","coordinates":[[-72.993639,4.47747],[-72.993423,4.477357]]}},{"type":"Feature","properties":{"linea":"7-2-105","parcela":"7-2","palmas":5},"geometry":{"type":"LineString","coordinates":[[-72.993707,4.477426],[-72.993419,4.477275]]}},{"type":"Feature","properties":{"linea":"7-2-106","parcela":"7-2","palmas":6},"geometry":{"type":"LineString","coordinates":[[-72.993776,4.477382],[-72.993416,4.477194]]}},{"type":"Feature","properties":{"linea":"7-2-107","parcela":"7-2","palmas":7},"geometry":{"type":"LineString","coordinates":[[-72.993844,4.477339],[-72.993413,4.477113]]}},{"type":"Feature","properties":{"linea":"7-2-108","parcela":"7-2","palmas":8},"geometry":{"type":"LineString","coordinates":[[-72.993912,4.477295],[-72.993409,4.477031]]}},{"type":"Feature","properties":{"linea":"7-2-109","parcela":"7-2","palmas":9},"geometry":{"type":"LineString","coordinates":[[-72.993981,4.477251],[-72.993406,4.47695]]}},{"type":"Feature","properties":{"linea":"7-2-110","parcela":"7-2","palmas":10},"geometry":{"type":"LineString","coordinates":[[-72.994049,4.477208],[-72.993403,4.476869]]}},{"type":"Feature","properties":{"linea":"7-2-111","parcela":"7-2","palmas":11},"geometry":{"type":"LineString","coordinates":[[-72.994118,4.477164],[-72.993399,4.476788]]}},{"type":"Feature","properties":{"linea":"7-2-112","parcela":"7-2","palmas":12},"geometry":{"type":"LineString","coordinates":[[-72.994186,4.477121],[-72.993396,4.476706]]}},{"type":"Feature","properties":{"linea":"7-2-113","parcela":"7-2","palmas":13},"geometry":{"type":"LineString","coordinates":[[-72.994254,4.477077],[-72.993392,4.476625]]}},{"type":"Feature","properties":{"linea":"7-2-114","parcela":"7-2","palmas":14},"geometry":{"type":"LineString","coordinates":[[-72.994323,4.477033],[-72.993389,4.476544]]}},{"type":"Feature","properties":{"linea":"7-2-115","parcela":"7-2","palmas":15},"geometry":{"type":"LineString","coordinates":[[-72.994391,4.47699],[-72.993385,4.476462]]}},{"type":"Feature","properties":{"linea":"7-2-116","parcela":"7-2","palmas":16},"geometry":{"type":"LineString","coordinates":[[-72.99446,4.476946],[-72.993382,4.476381]]}},{"type":"Feature","properties":{"linea":"7-2-117","parcela":"7-2","palmas":17},"geometry":{"type":"LineString","coordinates":[[-72.994528,4.476903],[-72.993379,4.4763]]}},{"type":"Feature","properties":{"linea":"7-2-118","parcela":"7-2","palmas":18},"geometry":{"type":"LineString","coordinates":[[-72.994597,4.476859],[-72.993375,4.476218]]}},{"type":"Feature","properties":{"linea":"7-2-119","parcela":"7-2","palmas":18},"geometry":{"type":"LineString","coordinates":[[-72.994593,4.476777],[-72.993372,4.476137]]}},{"type":"Feature","properties":{"linea":"7-2-120","parcela":"7-2","palmas":18},"geometry":{"type":"LineString","coordinates":[[-72.99459,4.476696],[-72.993368,4.476056]]}},{"type":"Feature","properties":{"linea":"7-2-121","parcela":"7-2","palmas":18},"geometry":{"type":"LineString","coordinates":[[-72.994587,4.476615],[-72.993365,4.475974]]}},{"type":"Feature","properties":{"linea":"7-2-122","parcela":"7-2","palmas":18},"geometry":{"type":"LineString","coordinates":[[-72.994583,4.476534],[-72.993361,4.475893]]}},{"type":"Feature","properties":{"linea":"7-2-123","parcela":"7-2","palmas":18},"geometry":{"type":"LineString","coordinates":[[-72.99458,4.476452],[-72.993358,4.475812]]}},{"type":"Feature","properties":{"linea":"7-2-124","parcela":"7-2","palmas":18},"geometry":{"type":"LineString","coordinates":[[-72.994576,4.476371],[-72.993355,4.475731]]}},{"type":"Feature","properties":{"linea":"7-2-125","parcela":"7-2","palmas":17},"geometry":{"type":"LineString","coordinates":[[-72.994573,4.47629],[-72.993423,4.475687]]}},{"type":"Feature","properties":{"linea":"7-2-126","parcela":"7-2","palmas":16},"geometry":{"type":"LineString","coordinates":[[-72.994569,4.476209],[-72.993491,4.475643]]}},{"type":"Feature","properties":{"linea":"7-2-127","parcela":"7-2","palmas":15},"geometry":{"type":"LineString","coordinates":[[-72.994566,4.476127],[-72.99356,4.4756]]}},{"type":"Feature","properties":{"linea":"7-2-128","parcela":"7-2","palmas":14},"geometry":{"type":"LineString","coordinates":[[-72.994563,4.476046],[-72.993628,4.475556]]}},{"type":"Feature","properties":{"linea":"7-2-129","parcela":"7-2","palmas":14},"geometry":{"type":"LineString","coordinates":[[-72.994559,4.475965],[-72.993625,4.475475]]}},{"type":"Feature","properties":{"linea":"7-2-130","parcela":"7-2","palmas":14},"geometry":{"type":"LineString","coordinates":[[-72.994556,4.475883],[-72.993622,4.475393]]}},{"type":"Feature","properties":{"linea":"7-2-131","parcela":"7-2","palmas":14},"geometry":{"type":"LineString","coordinates":[[-72.994552,4.475802],[-72.993618,4.475312]]}},{"type":"Feature","properties":{"linea":"7-2-132","parcela":"7-2","palmas":14},"geometry":{"type":"LineString","coordinates":[[-72.994549,4.475721],[-72.993615,4.475231]]}},{"type":"Feature","properties":{"linea":"7-2-133","parcela":"7-2","palmas":14},"geometry":{"type":"LineString","coordinates":[[-72.994546,4.475639],[-72.993611,4.475149]]}},{"type":"Feature","properties":{"linea":"7-2-134","parcela":"7-2","palmas":14},"geometry":{"type":"LineString","coordinates":[[-72.994614,4.475596],[-72.99368,4.475106]]}},{"type":"Feature","properties":{"linea":"7-2-135","parcela":"7-2","palmas":14},"geometry":{"type":"LineString","coordinates":[[-72.994611,4.475514],[-72.993676,4.475025]]}},{"type":"Feature","properties":{"linea":"7-2-136","parcela":"7-2","palmas":13},"geometry":{"type":"LineString","coordinates":[[-72.994607,4.475433],[-72.993745,4.474981]]}},{"type":"Feature","properties":{"linea":"7-2-137","parcela":"7-2","palmas":13},"geometry":{"type":"LineString","coordinates":[[-72.994604,4.475352],[-72.993741,4.4749]]}},{"type":"Feature","properties":{"linea":"7-2-138","parcela":"7-2","palmas":12},"geometry":{"type":"LineString","coordinates":[[-72.9946,4.475271],[-72.99381,4.474856]]}},{"type":"Feature","properties":{"linea":"7-2-139","parcela":"7-2","palmas":12},"geometry":{"type":"LineString","coordinates":[[-72.994597,4.475189],[-72.993806,4.474775]]}},{"type":"Feature","properties":{"linea":"7-2-140","parcela":"7-2","palmas":11},"geometry":{"type":"LineString","coordinates":[[-72.994594,4.475108],[-72.993875,4.474731]]}},{"type":"Feature","properties":{"linea":"7-2-141","parcela":"7-2","palmas":11},"geometry":{"type":"LineString","coordinates":[[-72.99459,4.475027],[-72.993871,4.47465]]}},{"type":"Feature","properties":{"linea":"7-2-142","parcela":"7-2","palmas":10},"geometry":{"type":"LineString","coordinates":[[-72.994587,4.474945],[-72.99394,4.474606]]}},{"type":"Feature","properties":{"linea":"7-2-143","parcela":"7-2","palmas":10},"geometry":{"type":"LineString","coordinates":[[-72.994583,4.474864],[-72.993936,4.474525]]}},{"type":"Feature","properties":{"linea":"7-2-144","parcela":"7-2","palmas":9},"geometry":{"type":"LineString","coordinates":[[-72.99458,4.474783],[-72.994005,4.474481]]}},{"type":"Feature","properties":{"linea":"7-2-145","parcela":"7-2","palmas":9},"geometry":{"type":"LineString","coordinates":[[-72.994576,4.474701],[-72.994001,4.4744]]}},{"type":"Feature","properties":{"linea":"7-2-146","parcela":"7-2","palmas":8},"geometry":{"type":"LineString","coordinates":[[-72.994573,4.47462],[-72.99407,4.474356]]}},{"type":"Feature","properties":{"linea":"7-2-147","parcela":"7-2","palmas":8},"geometry":{"type":"LineString","coordinates":[[-72.994569,4.474539],[-72.994066,4.474275]]}},{"type":"Feature","properties":{"linea":"7-2-148","parcela":"7-2","palmas":8},"geometry":{"type":"LineString","coordinates":[[-72.994566,4.474457],[-72.994063,4.474194]]}},{"type":"Feature","properties":{"linea":"7-2-149","parcela":"7-2","palmas":8},"geometry":{"type":"LineString","coordinates":[[-72.994563,4.474376],[-72.99406,4.474113]]}},{"type":"Feature","properties":{"linea":"7-2-150","parcela":"7-2","palmas":8},"geometry":{"type":"LineString","coordinates":[[-72.994559,4.474295],[-72.994056,4.474031]]}},{"type":"Feature","properties":{"linea":"7-2-151","parcela":"7-2","palmas":8},"geometry":{"type":"LineString","coordinates":[[-72.994556,4.474214],[-72.994053,4.47395]]}},{"type":"Feature","properties":{"linea":"7-2-152","parcela":"7-2","palmas":8},"geometry":{"type":"LineString","coordinates":[[-72.994552,4.474132],[-72.994049,4.473869]]}},{"type":"Feature","properties":{"linea":"7-2-153","parcela":"7-2","palmas":8},"geometry":{"type":"LineString","coordinates":[[-72.994549,4.474051],[-72.994046,4.473787]]}},{"type":"Feature","properties":{"linea":"7-2-154","parcela":"7-2","palmas":8},"geometry":{"type":"LineString","coordinates":[[-72.994546,4.47397],[-72.994043,4.473706]]}},{"type":"Feature","properties":{"linea":"7-2-155","parcela":"7-2","palmas":8},"geometry":{"type":"LineString","coordinates":[[-72.994542,4.473888],[-72.994039,4.473625]]}},{"type":"Feature","properties":{"linea":"7-2-156","parcela":"7-2","palmas":8},"geometry":{"type":"LineString","coordinates":[[-72.994539,4.473807],[-72.994036,4.473543]]}},{"type":"Feature","properties":{"linea":"7-2-157","parcela":"7-2","palmas":8},"geometry":{"type":"LineString","coordinates":[[-72.994535,4.473726],[-72.994032,4.473462]]}},{"type":"Feature","properties":{"linea":"7-2-158","parcela":"7-2","palmas":8},"geometry":{"type":"LineString","coordinates":[[-72.994532,4.473644],[-72.994029,4.473381]]}},{"type":"Feature","properties":{"linea":"7-2-159","parcela":"7-2","palmas":8},"geometry":{"type":"LineString","coordinates":[[-72.994529,4.473563],[-72.994026,4.473299]]}},{"type":"Feature","properties":{"linea":"7-2-160","parcela":"7-2","palmas":8},"geometry":{"type":"LineString","coordinates":[[-72.994525,4.473482],[-72.994022,4.473218]]}},{"type":"Feature","properties":{"linea":"7-2-161","parcela":"7-2","palmas":8},"geometry":{"type":"LineString","coordinates":[[-72.994522,4.473401],[-72.994019,4.473137]]}},{"type":"Feature","properties":{"linea":"7-2-162","parcela":"7-2","palmas":8},"geometry":{"type":"LineString","coordinates":[[-72.994518,4.473319],[-72.994015,4.473056]]}},{"type":"Feature","properties":{"linea":"7-2-163","parcela":"7-2","palmas":8},"geometry":{"type":"LineString","coordinates":[[-72.994515,4.473238],[-72.994012,4.472974]]}},{"type":"Feature","properties":{"linea":"7-2-164","parcela":"7-2","palmas":8},"geometry":{"type":"LineString","coordinates":[[-72.994511,4.473157],[-72.994008,4.472893]]}},{"type":"Feature","properties":{"linea":"7-2-165","parcela":"7-2","palmas":8},"geometry":{"type":"LineString","coordinates":[[-72.994508,4.473075],[-72.994005,4.472812]]}},{"type":"Feature","properties":{"linea":"7-2-166","parcela":"7-2","palmas":8},"geometry":{"type":"LineString","coordinates":[[-72.994505,4.472994],[-72.994002,4.47273]]}},{"type":"Feature","properties":{"linea":"7-2-167","parcela":"7-2","palmas":8},"geometry":{"type":"LineString","coordinates":[[-72.994501,4.472913],[-72.993998,4.472649]]}},{"type":"Feature","properties":{"linea":"7-2-168","parcela":"7-2","palmas":8},"geometry":{"type":"LineString","coordinates":[[-72.994498,4.472831],[-72.993995,4.472568]]}},{"type":"Feature","properties":{"linea":"7-2-169","parcela":"7-2","palmas":8},"geometry":{"type":"LineString","coordinates":[[-72.994494,4.47275],[-72.993991,4.472486]]}},{"type":"Feature","properties":{"linea":"7-2-170","parcela":"7-2","palmas":8},"geometry":{"type":"LineString","coordinates":[[-72.994491,4.472669],[-72.993988,4.472405]]}},{"type":"Feature","properties":{"linea":"7-2-171","parcela":"7-2","palmas":8},"geometry":{"type":"LineString","coordinates":[[-72.994488,4.472588],[-72.993984,4.472324]]}},{"type":"Feature","properties":{"linea":"7-2-172","parcela":"7-2","palmas":7},"geometry":{"type":"LineString","coordinates":[[-72.994484,4.472506],[-72.994053,4.47228]]}},{"type":"Feature","properties":{"linea":"7-2-173","parcela":"7-2","palmas":7},"geometry":{"type":"LineString","coordinates":[[-72.994481,4.472425],[-72.994049,4.472199]]}},{"type":"Feature","properties":{"linea":"7-2-174","parcela":"7-2","palmas":6},"geometry":{"type":"LineString","coordinates":[[-72.994477,4.472344],[-72.994118,4.472155]]}},{"type":"Feature","properties":{"linea":"7-2-175","parcela":"7-2","palmas":6},"geometry":{"type":"LineString","coordinates":[[-72.994474,4.472263],[-72.994114,4.472074]]}},{"type":"Feature","properties":{"linea":"7-2-176","parcela":"7-2","palmas":5},"geometry":{"type":"LineString","coordinates":[[-72.994471,4.472181],[-72.994183,4.47203]]}},{"type":"Feature","properties":{"linea":"7-2-177","parcela":"7-2","palmas":5},"geometry":{"type":"LineString","coordinates":[[-72.994467,4.4721],[-72.99418,4.471949]]}},{"type":"Feature","properties":{"linea":"7-2-178","parcela":"7-2","palmas":4},"geometry":{"type":"LineString","coordinates":[[-72.994464,4.472019],[-72.994248,4.471906]]}},{"type":"Feature","properties":{"linea":"7-2-179","parcela":"7-2","palmas":4},"geometry":{"type":"LineString","coordinates":[[-72.99446,4.471937],[-72.994245,4.471824]]}},{"type":"Feature","properties":{"linea":"7-2-180","parcela":"7-2","palmas":3},"geometry":{"type":"LineString","coordinates":[[-72.994457,4.471856],[-72.994313,4.471781]]}},{"type":"Feature","properties":{"linea":"7-2-181","parcela":"7-2","palmas":2},"geometry":{"type":"LineString","coordinates":[[-72.994453,4.471775],[-72.994381,4.471737]]}},{"type":"Feature","properties":{"linea":"7-2-184","parcela":"7-2","palmas":33},"geometry":{"type":"LineString","coordinates":[[-72.992413,4.478417],[-72.994604,4.477021]]}},{"type":"Feature","properties":{"linea":"7-2-185","parcela":"7-2","palmas":33},"geometry":{"type":"LineString","coordinates":[[-72.992417,4.478499],[-72.994607,4.477103]]}},{"type":"Feature","properties":{"linea":"7-2-186","parcela":"7-2","palmas":33},"geometry":{"type":"LineString","coordinates":[[-72.99242,4.47858],[-72.994611,4.477184]]}},{"type":"Feature","properties":{"linea":"7-2-187","parcela":"7-2","palmas":33},"geometry":{"type":"LineString","coordinates":[[-72.992424,4.478661],[-72.994614,4.477265]]}},{"type":"Feature","properties":{"linea":"7-2-188","parcela":"7-2","palmas":33},"geometry":{"type":"LineString","coordinates":[[-72.992427,4.478743],[-72.994617,4.477347]]}},{"type":"Feature","properties":{"linea":"7-2-189","parcela":"7-2","palmas":33},"geometry":{"type":"LineString","coordinates":[[-72.992431,4.478824],[-72.994621,4.477428]]}},{"type":"Feature","properties":{"linea":"7-2-190","parcela":"7-2","palmas":30},"geometry":{"type":"LineString","coordinates":[[-72.992434,4.478905],[-72.994624,4.477509]]}},{"type":"Feature","properties":{"linea":"7-2-191","parcela":"7-2","palmas":28},"geometry":{"type":"LineString","coordinates":[[-72.992437,4.478986],[-72.994628,4.477591]]}},{"type":"Feature","properties":{"linea":"7-2-192","parcela":"7-2","palmas":26},"geometry":{"type":"LineString","coordinates":[[-72.992441,4.479068],[-72.994631,4.477672]]}},{"type":"Feature","properties":{"linea":"7-2-193","parcela":"7-2","palmas":24},"geometry":{"type":"LineString","coordinates":[[-72.992444,4.479149],[-72.994634,4.477753]]}},{"type":"Feature","properties":{"linea":"7-2-194","parcela":"7-2","palmas":22},"geometry":{"type":"LineString","coordinates":[[-72.992447,4.47923],[-72.994638,4.477834]]}},{"type":"Feature","properties":{"linea":"7-2-195","parcela":"7-2","palmas":20},"geometry":{"type":"LineString","coordinates":[[-72.992451,4.479312],[-72.994641,4.477916]]}},{"type":"Feature","properties":{"linea":"7-2-196","parcela":"7-2","palmas":18},"geometry":{"type":"LineString","coordinates":[[-72.992454,4.479393],[-72.993618,4.478651]]}},{"type":"Feature","properties":{"linea":"7-2-197","parcela":"7-2","palmas":18},"geometry":{"type":"LineString","coordinates":[[-72.992458,4.479474],[-72.993621,4.478733]]}},{"type":"Feature","properties":{"linea":"7-2-198","parcela":"7-2","palmas":18},"geometry":{"type":"LineString","coordinates":[[-72.992461,4.479556],[-72.993625,4.478814]]}},{"type":"Feature","properties":{"linea":"7-2-199","parcela":"7-2","palmas":18},"geometry":{"type":"LineString","coordinates":[[-72.992465,4.479637],[-72.993628,4.478895]]}},{"type":"Feature","properties":{"linea":"7-2-200","parcela":"7-2","palmas":18},"geometry":{"type":"LineString","coordinates":[[-72.992468,4.479718],[-72.993632,4.478977]]}},{"type":"Feature","properties":{"linea":"7-2-201","parcela":"7-2","palmas":18},"geometry":{"type":"LineString","coordinates":[[-72.992471,4.479799],[-72.993635,4.479058]]}},{"type":"Feature","properties":{"linea":"7-2-202","parcela":"7-2","palmas":18},"geometry":{"type":"LineString","coordinates":[[-72.992475,4.479881],[-72.993638,4.479139]]}},{"type":"Feature","properties":{"linea":"7-2-203","parcela":"7-2","palmas":18},"geometry":{"type":"LineString","coordinates":[[-72.992478,4.479962],[-72.993642,4.479221]]}},{"type":"Feature","properties":{"linea":"7-2-204","parcela":"7-2","palmas":18},"geometry":{"type":"LineString","coordinates":[[-72.992482,4.480043],[-72.993645,4.479302]]}},{"type":"Feature","properties":{"linea":"7-2-205","parcela":"7-2","palmas":18},"geometry":{"type":"LineString","coordinates":[[-72.992485,4.480125],[-72.993649,4.479383]]}},{"type":"Feature","properties":{"linea":"7-2-206","parcela":"7-2","palmas":18},"geometry":{"type":"LineString","coordinates":[[-72.992489,4.480206],[-72.993652,4.479464]]}},{"type":"Feature","properties":{"linea":"7-2-207","parcela":"7-2","palmas":18},"geometry":{"type":"LineString","coordinates":[[-72.992492,4.480287],[-72.993656,4.479546]]}},{"type":"Feature","properties":{"linea":"7-2-208","parcela":"7-2","palmas":18},"geometry":{"type":"LineString","coordinates":[[-72.992495,4.480369],[-72.993659,4.479627]]}},{"type":"Feature","properties":{"linea":"7-2-209","parcela":"7-2","palmas":18},"geometry":{"type":"LineString","coordinates":[[-72.992499,4.48045],[-72.993662,4.479708]]}},{"type":"Feature","properties":{"linea":"7-2-210","parcela":"7-2","palmas":18},"geometry":{"type":"LineString","coordinates":[[-72.992502,4.480531],[-72.993666,4.47979]]}},{"type":"Feature","properties":{"linea":"7-2-211","parcela":"7-2","palmas":18},"geometry":{"type":"LineString","coordinates":[[-72.992506,4.480613],[-72.993669,4.479871]]}},{"type":"Feature","properties":{"linea":"7-2-212","parcela":"7-2","palmas":18},"geometry":{"type":"LineString","coordinates":[[-72.992509,4.480694],[-72.993673,4.479952]]}},{"type":"Feature","properties":{"linea":"7-2-213","parcela":"7-2","palmas":18},"geometry":{"type":"LineString","coordinates":[[-72.992513,4.480775],[-72.993676,4.480034]]}},{"type":"Feature","properties":{"linea":"7-2-214","parcela":"7-2","palmas":18},"geometry":{"type":"LineString","coordinates":[[-72.992516,4.480856],[-72.993679,4.480115]]}},{"type":"Feature","properties":{"linea":"7-2-215","parcela":"7-2","palmas":18},"geometry":{"type":"LineString","coordinates":[[-72.992519,4.480938],[-72.993683,4.480196]]}},{"type":"Feature","properties":{"linea":"7-2-216","parcela":"7-2","palmas":18},"geometry":{"type":"LineString","coordinates":[[-72.992523,4.481019],[-72.993686,4.480277]]}},{"type":"Feature","properties":{"linea":"7-2-217","parcela":"7-2","palmas":18},"geometry":{"type":"LineString","coordinates":[[-72.992526,4.4811],[-72.99369,4.480359]]}},{"type":"Feature","properties":{"linea":"7-2-218","parcela":"7-2","palmas":18},"geometry":{"type":"LineString","coordinates":[[-72.992529,4.481182],[-72.993693,4.48044]]}},{"type":"Feature","properties":{"linea":"7-2-219","parcela":"7-2","palmas":18},"geometry":{"type":"LineString","coordinates":[[-72.992533,4.481263],[-72.993696,4.480521]]}},{"type":"Feature","properties":{"linea":"7-2-220","parcela":"7-2","palmas":18},"geometry":{"type":"LineString","coordinates":[[-72.992536,4.481344],[-72.9937,4.480603]]}},{"type":"Feature","properties":{"linea":"7-2-221","parcela":"7-2","palmas":18},"geometry":{"type":"LineString","coordinates":[[-72.99254,4.481426],[-72.993703,4.480684]]}},{"type":"Feature","properties":{"linea":"7-2-222","parcela":"7-2","palmas":18},"geometry":{"type":"LineString","coordinates":[[-72.992543,4.481507],[-72.993707,4.480765]]}},{"type":"Feature","properties":{"linea":"7-2-224","parcela":"7-2","palmas":2},"geometry":{"type":"LineString","coordinates":[[-72.993912,4.480634],[-72.99384,4.480597]]}},{"type":"Feature","properties":{"linea":"7-2-225","parcela":"7-2","palmas":3},"geometry":{"type":"LineString","coordinates":[[-72.993981,4.480591],[-72.993837,4.480516]]}},{"type":"Feature","properties":{"linea":"7-2-226","parcela":"7-2","palmas":4},"geometry":{"type":"LineString","coordinates":[[-72.994049,4.480547],[-72.993833,4.480434]]}},{"type":"Feature","properties":{"linea":"7-2-227","parcela":"7-2","palmas":5},"geometry":{"type":"LineString","coordinates":[[-72.994118,4.480504],[-72.99383,4.480353]]}},{"type":"Feature","properties":{"linea":"7-2-228","parcela":"7-2","palmas":6},"geometry":{"type":"LineString","coordinates":[[-72.994186,4.48046],[-72.993827,4.480271]]}},{"type":"Feature","properties":{"linea":"7-2-229","parcela":"7-2","palmas":7},"geometry":{"type":"LineString","coordinates":[[-72.994254,4.480416],[-72.993823,4.48019]]}},{"type":"Feature","properties":{"linea":"7-2-230","parcela":"7-2","palmas":8},"geometry":{"type":"LineString","coordinates":[[-72.994323,4.480373],[-72.99382,4.480109]]}},{"type":"Feature","properties":{"linea":"7-2-231","parcela":"7-2","palmas":9},"geometry":{"type":"LineString","coordinates":[[-72.994391,4.480329],[-72.993816,4.480028]]}},{"type":"Feature","properties":{"linea":"7-2-232","parcela":"7-2","palmas":10},"geometry":{"type":"LineString","coordinates":[[-72.99446,4.480286],[-72.993813,4.479946]]}},{"type":"Feature","properties":{"linea":"7-2-233","parcela":"7-2","palmas":11},"geometry":{"type":"LineString","coordinates":[[-72.994528,4.480242],[-72.993809,4.479865]]}},{"type":"Feature","properties":{"linea":"7-2-234","parcela":"7-2","palmas":12},"geometry":{"type":"LineString","coordinates":[[-72.994597,4.480198],[-72.993806,4.479784]]}},{"type":"Feature","properties":{"linea":"7-2-235","parcela":"7-2","palmas":13},"geometry":{"type":"LineString","coordinates":[[-72.994665,4.480154],[-72.993803,4.479703]]}},{"type":"Feature","properties":{"linea":"7-2-236","parcela":"7-2","palmas":13},"geometry":{"type":"LineString","coordinates":[[-72.994662,4.480073],[-72.993799,4.479621]]}},{"type":"Feature","properties":{"linea":"7-2-237","parcela":"7-2","palmas":13},"geometry":{"type":"LineString","coordinates":[[-72.994658,4.479992],[-72.993796,4.47954]]}},{"type":"Feature","properties":{"linea":"7-2-238","parcela":"7-2","palmas":13},"geometry":{"type":"LineString","coordinates":[[-72.994655,4.479911],[-72.993792,4.479459]]}},{"type":"Feature","properties":{"linea":"7-2-239","parcela":"7-2","palmas":13},"geometry":{"type":"LineString","coordinates":[[-72.994651,4.479829],[-72.993789,4.479377]]}},{"type":"Feature","properties":{"linea":"7-2-240","parcela":"7-2","palmas":13},"geometry":{"type":"LineString","coordinates":[[-72.994648,4.479748],[-72.993786,4.479296]]}},{"type":"Feature","properties":{"linea":"7-2-241","parcela":"7-2","palmas":13},"geometry":{"type":"LineString","coordinates":[[-72.994644,4.479667],[-72.993782,4.479215]]}},{"type":"Feature","properties":{"linea":"7-2-242","parcela":"7-2","palmas":13},"geometry":{"type":"LineString","coordinates":[[-72.994641,4.479586],[-72.993779,4.479133]]}},{"type":"Feature","properties":{"linea":"7-2-243","parcela":"7-2","palmas":13},"geometry":{"type":"LineString","coordinates":[[-72.994638,4.479504],[-72.993775,4.479052]]}},{"type":"Feature","properties":{"linea":"7-2-244","parcela":"7-2","palmas":13},"geometry":{"type":"LineString","coordinates":[[-72.994634,4.479423],[-72.993772,4.478971]]}},{"type":"Feature","properties":{"linea":"7-2-245","parcela":"7-2","palmas":13},"geometry":{"type":"LineString","coordinates":[[-72.994631,4.479342],[-72.993769,4.478889]]}},{"type":"Feature","properties":{"linea":"7-2-246","parcela":"7-2","palmas":13},"geometry":{"type":"LineString","coordinates":[[-72.994628,4.47926],[-72.993765,4.478808]]}},{"type":"Feature","properties":{"linea":"7-2-247","parcela":"7-2","palmas":13},"geometry":{"type":"LineString","coordinates":[[-72.994624,4.479179],[-72.993762,4.478727]]}},{"type":"Feature","properties":{"linea":"7-2-248","parcela":"7-2","palmas":13},"geometry":{"type":"LineString","coordinates":[[-72.994621,4.479098],[-72.993758,4.478646]]}},{"type":"Feature","properties":{"linea":"7-2-249","parcela":"7-2","palmas":13},"geometry":{"type":"LineString","coordinates":[[-72.994617,4.479016],[-72.993755,4.478564]]}},{"type":"Feature","properties":{"linea":"7-2-250","parcela":"7-2","palmas":13},"geometry":{"type":"LineString","coordinates":[[-72.994614,4.478935],[-72.993751,4.478483]]}},{"type":"Feature","properties":{"linea":"7-2-251","parcela":"7-2","palmas":13},"geometry":{"type":"LineString","coordinates":[[-72.99461,4.478854],[-72.993748,4.478402]]}},{"type":"Feature","properties":{"linea":"7-2-252","parcela":"7-2","palmas":13},"geometry":{"type":"LineString","coordinates":[[-72.994607,4.478772],[-72.993744,4.47832]]}},{"type":"Feature","properties":{"linea":"7-2-253","parcela":"7-2","palmas":13},"geometry":{"type":"LineString","coordinates":[[-72.994604,4.478691],[-72.993741,4.478239]]}},{"type":"Feature","properties":{"linea":"7-2-254","parcela":"7-2","palmas":14},"geometry":{"type":"LineString","coordinates":[[-72.994672,4.478648],[-72.993738,4.478158]]}},{"type":"Feature","properties":{"linea":"7-2-255","parcela":"7-2","palmas":14},"geometry":{"type":"LineString","coordinates":[[-72.994669,4.478566],[-72.993734,4.478076]]}},{"type":"Feature","properties":{"linea":"7-2-256","parcela":"7-2","palmas":12},"geometry":{"type":"LineString","coordinates":[[-72.994665,4.478485],[-72.993875,4.478071]]}},{"type":"Feature","properties":{"linea":"7-2-257","parcela":"7-2","palmas":10},"geometry":{"type":"LineString","coordinates":[[-72.994662,4.478404],[-72.994015,4.478064]]}},{"type":"Feature","properties":{"linea":"7-2-258","parcela":"7-2","palmas":8},"geometry":{"type":"LineString","coordinates":[[-72.994658,4.478322],[-72.994155,4.478059]]}},{"type":"Feature","properties":{"linea":"7-2-259","parcela":"7-2","palmas":6},"geometry":{"type":"LineString","coordinates":[[-72.994655,4.478241],[-72.994296,4.478053]]}},{"type":"Feature","properties":{"linea":"7-2-260","parcela":"7-2","palmas":4},"geometry":{"type":"LineString","coordinates":[[-72.994651,4.47816],[-72.994436,4.478047]]}},{"type":"Feature","properties":{"linea":"7-2-261","parcela":"7-2","palmas":2},"geometry":{"type":"LineString","coordinates":[[-72.994648,4.478078],[-72.994576,4.478041]]}},{"type":"Feature","properties":{"linea":"7-2-262","parcela":"7-2","palmas":32},"geometry":{"type":"LineString","coordinates":[[-72.992547,4.481588],[-72.994668,4.480236]]}},{"type":"Feature","properties":{"linea":"7-2-263","parcela":"7-2","palmas":32},"geometry":{"type":"LineString","coordinates":[[-72.99255,4.481669],[-72.994672,4.480317]]}},{"type":"Feature","properties":{"linea":"7-2-264","parcela":"7-2","palmas":32},"geometry":{"type":"LineString","coordinates":[[-72.992553,4.481751],[-72.994675,4.480399]]}},{"type":"Feature","properties":{"linea":"7-2-265","parcela":"7-2","palmas":32},"geometry":{"type":"LineString","coordinates":[[-72.992557,4.481832],[-72.994679,4.48048]]}},{"type":"Feature","properties":{"linea":"7-2-266","parcela":"7-2","palmas":32},"geometry":{"type":"LineString","coordinates":[[-72.99256,4.481913],[-72.994682,4.480561]]}},{"type":"Feature","properties":{"linea":"7-2-267","parcela":"7-2","palmas":32},"geometry":{"type":"LineString","coordinates":[[-72.992564,4.481995],[-72.994686,4.480643]]}},{"type":"Feature","properties":{"linea":"7-2-268","parcela":"7-2","palmas":32},"geometry":{"type":"LineString","coordinates":[[-72.992567,4.482076],[-72.994689,4.480724]]}},{"type":"Feature","properties":{"linea":"7-2-269","parcela":"7-2","palmas":32},"geometry":{"type":"LineString","coordinates":[[-72.992571,4.482157],[-72.994692,4.480805]]}},{"type":"Feature","properties":{"linea":"7-2-270","parcela":"7-2","palmas":32},"geometry":{"type":"LineString","coordinates":[[-72.992574,4.482239],[-72.994696,4.480886]]}},{"type":"Feature","properties":{"linea":"7-2-271","parcela":"7-2","palmas":32},"geometry":{"type":"LineString","coordinates":[[-72.992577,4.48232],[-72.994699,4.480968]]}},{"type":"Feature","properties":{"linea":"7-2-272","parcela":"7-2","palmas":32},"geometry":{"type":"LineString","coordinates":[[-72.992581,4.482401],[-72.994703,4.481049]]}},{"type":"Feature","properties":{"linea":"7-2-273","parcela":"7-2","palmas":32},"geometry":{"type":"LineString","coordinates":[[-72.992584,4.482482],[-72.994706,4.48113]]}},{"type":"Feature","properties":{"linea":"7-2-274","parcela":"7-2","palmas":32},"geometry":{"type":"LineString","coordinates":[[-72.992587,4.482564],[-72.994709,4.481211]]}},{"type":"Feature","properties":{"linea":"7-2-275","parcela":"7-2","palmas":32},"geometry":{"type":"LineString","coordinates":[[-72.992591,4.482645],[-72.994713,4.481293]]}},{"type":"Feature","properties":{"linea":"7-2-276","parcela":"7-2","palmas":32},"geometry":{"type":"LineString","coordinates":[[-72.992594,4.482726],[-72.994716,4.481374]]}},{"type":"Feature","properties":{"linea":"7-2-277","parcela":"7-2","palmas":32},"geometry":{"type":"LineString","coordinates":[[-72.992598,4.482808],[-72.99472,4.481455]]}},{"type":"Feature","properties":{"linea":"7-2-278","parcela":"7-2","palmas":32},"geometry":{"type":"LineString","coordinates":[[-72.992601,4.482889],[-72.994723,4.481537]]}},{"type":"Feature","properties":{"linea":"7-2-279","parcela":"7-2","palmas":29},"geometry":{"type":"LineString","coordinates":[[-72.992605,4.48297],[-72.994521,4.481749]]}},{"type":"Feature","properties":{"linea":"7-2-280","parcela":"7-2","palmas":28},"geometry":{"type":"LineString","coordinates":[[-72.992608,4.483052],[-72.994456,4.481874]]}},{"type":"Feature","properties":{"linea":"7-2-281","parcela":"7-2","palmas":28},"geometry":{"type":"LineString","coordinates":[[-72.992611,4.483133],[-72.994459,4.481955]]}},{"type":"Feature","properties":{"linea":"7-2-282","parcela":"7-2","palmas":28},"geometry":{"type":"LineString","coordinates":[[-72.992615,4.483214],[-72.994463,4.482036]]}},{"type":"Feature","properties":{"linea":"7-2-283","parcela":"7-2","palmas":28},"geometry":{"type":"LineString","coordinates":[[-72.992618,4.483296],[-72.994466,4.482118]]}},{"type":"Feature","properties":{"linea":"7-2-284","parcela":"7-2","palmas":28},"geometry":{"type":"LineString","coordinates":[[-72.992622,4.483377],[-72.99447,4.482199]]}},{"type":"Feature","properties":{"linea":"7-2-285","parcela":"7-2","palmas":28},"geometry":{"type":"LineString","coordinates":[[-72.992625,4.483458],[-72.994473,4.48228]]}},{"type":"Feature","properties":{"linea":"7-2-286","parcela":"7-2","palmas":28},"geometry":{"type":"LineString","coordinates":[[-72.992629,4.483539],[-72.994477,4.482362]]}},{"type":"Feature","properties":{"linea":"7-2-287","parcela":"7-2","palmas":28},"geometry":{"type":"LineString","coordinates":[[-72.992632,4.483621],[-72.99448,4.482443]]}},{"type":"Feature","properties":{"linea":"7-2-288","parcela":"7-2","palmas":28},"geometry":{"type":"LineString","coordinates":[[-72.992636,4.483702],[-72.994484,4.482524]]}},{"type":"Feature","properties":{"linea":"7-2-289","parcela":"7-2","palmas":28},"geometry":{"type":"LineString","coordinates":[[-72.992639,4.483783],[-72.994487,4.482606]]}},{"type":"Feature","properties":{"linea":"7-2-290","parcela":"7-2","palmas":28},"geometry":{"type":"LineString","coordinates":[[-72.992642,4.483864],[-72.99449,4.482687]]}},{"type":"Feature","properties":{"linea":"7-2-291","parcela":"7-2","palmas":28},"geometry":{"type":"LineString","coordinates":[[-72.992646,4.483946],[-72.994494,4.482768]]}},{"type":"Feature","properties":{"linea":"7-2-292","parcela":"7-2","palmas":28},"geometry":{"type":"LineString","coordinates":[[-72.992649,4.484027],[-72.994497,4.482849]]}},{"type":"Feature","properties":{"linea":"7-2-293","parcela":"7-2","palmas":28},"geometry":{"type":"LineString","coordinates":[[-72.992653,4.484108],[-72.994501,4.482931]]}},{"type":"Feature","properties":{"linea":"7-2-294","parcela":"7-2","palmas":28},"geometry":{"type":"LineString","coordinates":[[-72.992656,4.48419],[-72.994504,4.483012]]}},{"type":"Feature","properties":{"linea":"7-2-295","parcela":"7-2","palmas":28},"geometry":{"type":"LineString","coordinates":[[-72.992659,4.484271],[-72.994507,4.483093]]}},{"type":"Feature","properties":{"linea":"7-2-296","parcela":"7-2","palmas":28},"geometry":{"type":"LineString","coordinates":[[-72.992663,4.484352],[-72.994511,4.483175]]}},{"type":"Feature","properties":{"linea":"7-2-297","parcela":"7-2","palmas":28},"geometry":{"type":"LineString","coordinates":[[-72.992666,4.484434],[-72.994514,4.483256]]}},{"type":"Feature","properties":{"linea":"7-2-298","parcela":"7-2","palmas":28},"geometry":{"type":"LineString","coordinates":[[-72.99267,4.484515],[-72.994518,4.483337]]}},{"type":"Feature","properties":{"linea":"7-2-299","parcela":"7-2","palmas":27},"geometry":{"type":"LineString","coordinates":[[-72.992673,4.484596],[-72.994452,4.483462]]}},{"type":"Feature","properties":{"linea":"7-2-300","parcela":"7-2","palmas":26},"geometry":{"type":"LineString","coordinates":[[-72.992676,4.484678],[-72.994388,4.483587]]}},{"type":"Feature","properties":{"linea":"7-2-301","parcela":"7-2","palmas":25},"geometry":{"type":"LineString","coordinates":[[-72.99268,4.484759],[-72.994322,4.483712]]}},{"type":"Feature","properties":{"linea":"7-2-302","parcela":"7-2","palmas":24},"geometry":{"type":"LineString","coordinates":[[-72.992683,4.48484],[-72.994258,4.483837]]}},{"type":"Feature","properties":{"linea":"7-2-303","parcela":"7-2","palmas":24},"geometry":{"type":"LineString","coordinates":[[-72.992687,4.484921],[-72.994261,4.483918]]}},{"type":"Feature","properties":{"linea":"7-2-304","parcela":"7-2","palmas":23},"geometry":{"type":"LineString","coordinates":[[-72.992759,4.484959],[-72.994264,4.483999]]}},{"type":"Feature","properties":{"linea":"7-2-305","parcela":"7-2","palmas":24},"geometry":{"type":"LineString","coordinates":[[-72.992694,4.485084],[-72.994268,4.484081]]}},{"type":"Feature","properties":{"linea":"7-2-306","parcela":"7-2","palmas":24},"geometry":{"type":"LineString","coordinates":[[-72.992697,4.485165],[-72.994271,4.484162]]}},{"type":"Feature","properties":{"linea":"7-2-307","parcela":"7-2","palmas":24},"geometry":{"type":"LineString","coordinates":[[-72.9927,4.485247],[-72.994275,4.484243]]}},{"type":"Feature","properties":{"linea":"7-2-308","parcela":"7-2","palmas":24},"geometry":{"type":"LineString","coordinates":[[-72.992704,4.485328],[-72.994278,4.484325]]}},{"type":"Feature","properties":{"linea":"7-2-309","parcela":"7-2","palmas":24},"geometry":{"type":"LineString","coordinates":[[-72.992707,4.485409],[-72.994281,4.484406]]}},{"type":"Feature","properties":{"linea":"7-2-310","parcela":"7-2","palmas":24},"geometry":{"type":"LineString","coordinates":[[-72.992711,4.485491],[-72.994285,4.484487]]}},{"type":"Feature","properties":{"linea":"7-2-311","parcela":"7-2","palmas":24},"geometry":{"type":"LineString","coordinates":[[-72.992714,4.485572],[-72.994288,4.484569]]}},{"type":"Feature","properties":{"linea":"7-2-312","parcela":"7-2","palmas":24},"geometry":{"type":"LineString","coordinates":[[-72.992717,4.485653],[-72.994292,4.48465]]}},{"type":"Feature","properties":{"linea":"7-2-313","parcela":"7-2","palmas":24},"geometry":{"type":"LineString","coordinates":[[-72.992721,4.485734],[-72.994295,4.484731]]}},{"type":"Feature","properties":{"linea":"7-2-314","parcela":"7-2","palmas":24},"geometry":{"type":"LineString","coordinates":[[-72.992724,4.485816],[-72.994299,4.484813]]}},{"type":"Feature","properties":{"linea":"7-2-315","parcela":"7-2","palmas":24},"geometry":{"type":"LineString","coordinates":[[-72.992728,4.485897],[-72.994302,4.484894]]}},{"type":"Feature","properties":{"linea":"7-2-316","parcela":"7-2","palmas":24},"geometry":{"type":"LineString","coordinates":[[-72.992731,4.485978],[-72.994305,4.484975]]}},{"type":"Feature","properties":{"linea":"7-2-317","parcela":"7-2","palmas":24},"geometry":{"type":"LineString","coordinates":[[-72.992734,4.48606],[-72.994309,4.485056]]}},{"type":"Feature","properties":{"linea":"7-2-318","parcela":"7-2","palmas":24},"geometry":{"type":"LineString","coordinates":[[-72.992738,4.486141],[-72.994312,4.485138]]}},{"type":"Feature","properties":{"linea":"7-2-319","parcela":"7-2","palmas":24},"geometry":{"type":"LineString","coordinates":[[-72.992741,4.486222],[-72.994316,4.485219]]}},{"type":"Feature","properties":{"linea":"7-2-320","parcela":"7-2","palmas":24},"geometry":{"type":"LineString","coordinates":[[-72.992745,4.486304],[-72.994319,4.4853]]}},{"type":"Feature","properties":{"linea":"7-2-321","parcela":"7-2","palmas":22},"geometry":{"type":"LineString","coordinates":[[-72.992885,4.486298],[-72.994322,4.485382]]}},{"type":"Feature","properties":{"linea":"7-2-322","parcela":"7-2","palmas":20},"geometry":{"type":"LineString","coordinates":[[-72.993025,4.486292],[-72.994326,4.485463]]}},{"type":"Feature","properties":{"linea":"7-2-323","parcela":"7-2","palmas":18},"geometry":{"type":"LineString","coordinates":[[-72.993166,4.486286],[-72.994329,4.485544]]}},{"type":"Feature","properties":{"linea":"7-2-324","parcela":"7-2","palmas":16},"geometry":{"type":"LineString","coordinates":[[-72.993306,4.48628],[-72.994333,4.485626]]}},{"type":"Feature","properties":{"linea":"7-2-325","parcela":"7-2","palmas":14},"geometry":{"type":"LineString","coordinates":[[-72.993446,4.486274],[-72.994336,4.485707]]}},{"type":"Feature","properties":{"linea":"7-2-326","parcela":"7-2","palmas":11},"geometry":{"type":"LineString","coordinates":[[-72.993587,4.486268],[-72.994271,4.485832]]}},{"type":"Feature","properties":{"linea":"7-2-327","parcela":"7-2","palmas":8},"geometry":{"type":"LineString","coordinates":[[-72.993727,4.486262],[-72.994206,4.485957]]}},{"type":"Feature","properties":{"linea":"7-2-328","parcela":"7-2","palmas":5},"geometry":{"type":"LineString","coordinates":[[-72.993867,4.486256],[-72.994141,4.486082]]}},{"type":"Feature","properties":{"linea":"7-2-329","parcela":"7-2","palmas":2},"geometry":{"type":"LineString","coordinates":[[-72.994007,4.48625],[-72.994076,4.486206]]}},{"type":"Feature","properties":{"linea":"7-2-331","parcela":"7-2","palmas":2},"geometry":{"type":"LineString","coordinates":[[-72.994216,4.486201],[-72.994288,4.486238]]}},{"type":"Feature","properties":{"linea":"7-2-332","parcela":"7-2","palmas":4},"geometry":{"type":"LineString","coordinates":[[-72.994213,4.486119],[-72.994429,4.486232]]}},{"type":"Feature","properties":{"linea":"7-2-333","parcela":"7-2","palmas":5},"geometry":{"type":"LineString","coordinates":[[-72.994281,4.486076],[-72.994569,4.486226]]}},{"type":"Feature","properties":{"linea":"7-2-334","parcela":"7-2","palmas":7},"geometry":{"type":"LineString","coordinates":[[-72.994278,4.485994],[-72.994709,4.486221]]}},{"type":"Feature","properties":{"linea":"7-2-335","parcela":"7-2","palmas":7},"geometry":{"type":"LineString","coordinates":[[-72.994346,4.485951],[-72.994777,4.486177]]}},{"type":"Feature","properties":{"linea":"7-2-336","parcela":"7-2","palmas":8},"geometry":{"type":"LineString","coordinates":[[-72.994343,4.485869],[-72.994846,4.486133]]}},{"type":"Feature","properties":{"linea":"7-2-337","parcela":"7-2","palmas":7},"geometry":{"type":"LineString","coordinates":[[-72.994411,4.485826],[-72.994843,4.486052]]}},{"type":"Feature","properties":{"linea":"7-2-338","parcela":"7-2","palmas":7},"geometry":{"type":"LineString","coordinates":[[-72.994408,4.485744],[-72.994839,4.485971]]}},{"type":"Feature","properties":{"linea":"7-2-339","parcela":"7-2","palmas":6},"geometry":{"type":"LineString","coordinates":[[-72.994476,4.485701],[-72.994836,4.485889]]}},{"type":"Feature","properties":{"linea":"7-2-340","parcela":"7-2","palmas":6},"geometry":{"type":"LineString","coordinates":[[-72.994473,4.48562],[-72.994832,4.485808]]}},{"type":"Feature","properties":{"linea":"7-2-341","parcela":"7-2","palmas":6},"geometry":{"type":"LineString","coordinates":[[-72.99447,4.485538],[-72.994829,4.485727]]}},{"type":"Feature","properties":{"linea":"7-2-342","parcela":"7-2","palmas":6},"geometry":{"type":"LineString","coordinates":[[-72.994466,4.485457],[-72.994826,4.485645]]}},{"type":"Feature","properties":{"linea":"7-2-343","parcela":"7-2","palmas":7},"geometry":{"type":"LineString","coordinates":[[-72.994463,4.485376],[-72.994894,4.485602]]}},{"type":"Feature","properties":{"linea":"7-2-344","parcela":"7-2","palmas":7},"geometry":{"type":"LineString","coordinates":[[-72.994459,4.485294],[-72.994891,4.485521]]}},{"type":"Feature","properties":{"linea":"7-2-345","parcela":"7-2","palmas":7},"geometry":{"type":"LineString","coordinates":[[-72.994456,4.485213],[-72.994887,4.485439]]}},{"type":"Feature","properties":{"linea":"7-2-346","parcela":"7-2","palmas":7},"geometry":{"type":"LineString","coordinates":[[-72.994452,4.485132],[-72.994884,4.485358]]}},{"type":"Feature","properties":{"linea":"7-2-347","parcela":"7-2","palmas":7},"geometry":{"type":"LineString","coordinates":[[-72.994449,4.485051],[-72.99488,4.485277]]}},{"type":"Feature","properties":{"linea":"7-2-348","parcela":"7-2","palmas":7},"geometry":{"type":"LineString","coordinates":[[-72.994446,4.484969],[-72.994877,4.485195]]}},{"type":"Feature","properties":{"linea":"7-2-349","parcela":"7-2","palmas":7},"geometry":{"type":"LineString","coordinates":[[-72.994442,4.484888],[-72.994873,4.485114]]}},{"type":"Feature","properties":{"linea":"7-2-350","parcela":"7-2","palmas":7},"geometry":{"type":"LineString","coordinates":[[-72.994439,4.484807],[-72.99487,4.485033]]}},{"type":"Feature","properties":{"linea":"7-2-351","parcela":"7-2","palmas":7},"geometry":{"type":"LineString","coordinates":[[-72.994436,4.484725],[-72.994867,4.484951]]}},{"type":"Feature","properties":{"linea":"7-2-352","parcela":"7-2","palmas":7},"geometry":{"type":"LineString","coordinates":[[-72.994432,4.484644],[-72.994863,4.48487]]}},{"type":"Feature","properties":{"linea":"7-2-353","parcela":"7-2","palmas":7},"geometry":{"type":"LineString","coordinates":[[-72.994429,4.484563],[-72.99486,4.484789]]}},{"type":"Feature","properties":{"linea":"7-2-354","parcela":"7-2","palmas":7},"geometry":{"type":"LineString","coordinates":[[-72.994425,4.484481],[-72.994856,4.484707]]}},{"type":"Feature","properties":{"linea":"7-2-355","parcela":"7-2","palmas":7},"geometry":{"type":"LineString","coordinates":[[-72.994422,4.4844],[-72.994853,4.484626]]}},{"type":"Feature","properties":{"linea":"7-2-356","parcela":"7-2","palmas":7},"geometry":{"type":"LineString","coordinates":[[-72.994418,4.484319],[-72.994849,4.484545]]}},{"type":"Feature","properties":{"linea":"7-2-357","parcela":"7-2","palmas":7},"geometry":{"type":"LineString","coordinates":[[-72.994415,4.484237],[-72.994846,4.484464]]}},{"type":"Feature","properties":{"linea":"7-2-358","parcela":"7-2","palmas":7},"geometry":{"type":"LineString","coordinates":[[-72.994412,4.484156],[-72.994843,4.484382]]}},{"type":"Feature","properties":{"linea":"7-2-359","parcela":"7-2","palmas":7},"geometry":{"type":"LineString","coordinates":[[-72.994408,4.484075],[-72.994839,4.484301]]}},{"type":"Feature","properties":{"linea":"7-2-360","parcela":"7-2","palmas":7},"geometry":{"type":"LineString","coordinates":[[-72.994405,4.483994],[-72.994836,4.48422]]}},{"type":"Feature","properties":{"linea":"7-2-361","parcela":"7-2","palmas":7},"geometry":{"type":"LineString","coordinates":[[-72.994401,4.483912],[-72.994833,4.484138]]}},{"type":"Feature","properties":{"linea":"7-2-362","parcela":"7-2","palmas":7},"geometry":{"type":"LineString","coordinates":[[-72.994398,4.483831],[-72.994829,4.484057]]}},{"type":"Feature","properties":{"linea":"7-2-363","parcela":"7-2","palmas":7},"geometry":{"type":"LineString","coordinates":[[-72.994394,4.48375],[-72.994826,4.483976]]}},{"type":"Feature","properties":{"linea":"7-2-364","parcela":"7-2","palmas":6},"geometry":{"type":"LineString","coordinates":[[-72.994463,4.483706],[-72.994822,4.483894]]}},{"type":"Feature","properties":{"linea":"7-2-365","parcela":"7-2","palmas":6},"geometry":{"type":"LineString","coordinates":[[-72.994459,4.483625],[-72.994819,4.483813]]}},{"type":"Feature","properties":{"linea":"7-2-366","parcela":"7-2","palmas":5},"geometry":{"type":"LineString","coordinates":[[-72.994528,4.483581],[-72.994815,4.483732]]}},{"type":"Feature","properties":{"linea":"7-2-367","parcela":"7-2","palmas":5},"geometry":{"type":"LineString","coordinates":[[-72.994524,4.4835],[-72.994812,4.483651]]}},{"type":"Feature","properties":{"linea":"7-2-368","parcela":"7-2","palmas":4},"geometry":{"type":"LineString","coordinates":[[-72.994593,4.483456],[-72.994809,4.483569]]}},{"type":"Feature","properties":{"linea":"7-2-369","parcela":"7-2","palmas":4},"geometry":{"type":"LineString","coordinates":[[-72.994589,4.483375],[-72.994805,4.483488]]}},{"type":"Feature","properties":{"linea":"7-2-370","parcela":"7-2","palmas":3},"geometry":{"type":"LineString","coordinates":[[-72.994658,4.483333],[-72.994802,4.483407]]}},{"type":"Feature","properties":{"linea":"7-2-371","parcela":"7-2","palmas":3},"geometry":{"type":"LineString","coordinates":[[-72.994654,4.48325],[-72.994798,4.483325]]}},{"type":"Feature","properties":{"linea":"7-2-372","parcela":"7-2","palmas":3},"geometry":{"type":"LineString","coordinates":[[-72.994651,4.483169],[-72.994795,4.483244]]}},{"type":"Feature","properties":{"linea":"7-2-373","parcela":"7-2","palmas":3},"geometry":{"type":"LineString","coordinates":[[-72.994648,4.483087],[-72.994791,4.483163]]}},{"type":"Feature","properties":{"linea":"7-2-374","parcela":"7-2","palmas":3},"geometry":{"type":"LineString","coordinates":[[-72.994644,4.483006],[-72.994788,4.483081]]}},{"type":"Feature","properties":{"linea":"7-2-375","parcela":"7-2","palmas":3},"geometry":{"type":"LineString","coordinates":[[-72.994641,4.482925],[-72.994785,4.483]]}},{"type":"Feature","properties":{"linea":"7-2-376","parcela":"7-2","palmas":3},"geometry":{"type":"LineString","coordinates":[[-72.994637,4.482843],[-72.994781,4.482919]]}},{"type":"Feature","properties":{"linea":"7-2-377","parcela":"7-2","palmas":3},"geometry":{"type":"LineString","coordinates":[[-72.994634,4.482762],[-72.994778,4.482838]]}},{"type":"Feature","properties":{"linea":"7-2-378","parcela":"7-2","palmas":3},"geometry":{"type":"LineString","coordinates":[[-72.994631,4.482681],[-72.994774,4.482756]]}},{"type":"Feature","properties":{"linea":"7-2-379","parcela":"7-2","palmas":3},"geometry":{"type":"LineString","coordinates":[[-72.994627,4.482599],[-72.994771,4.482675]]}},{"type":"Feature","properties":{"linea":"7-2-380","parcela":"7-2","palmas":3},"geometry":{"type":"LineString","coordinates":[[-72.994624,4.482518],[-72.994767,4.482594]]}},{"type":"Feature","properties":{"linea":"7-2-381","parcela":"7-2","palmas":3},"geometry":{"type":"LineString","coordinates":[[-72.99462,4.482437],[-72.994764,4.482512]]}},{"type":"Feature","properties":{"linea":"7-2-382","parcela":"7-2","palmas":3},"geometry":{"type":"LineString","coordinates":[[-72.994617,4.482356],[-72.994761,4.482431]]}},{"type":"Feature","properties":{"linea":"7-2-383","parcela":"7-2","palmas":3},"geometry":{"type":"LineString","coordinates":[[-72.994614,4.482274],[-72.994757,4.48235]]}},{"type":"Feature","properties":{"linea":"7-2-384","parcela":"7-2","palmas":3},"geometry":{"type":"LineString","coordinates":[[-72.99461,4.482193],[-72.994754,4.482268]]}},{"type":"Feature","properties":{"linea":"7-2-385","parcela":"7-2","palmas":3},"geometry":{"type":"LineString","coordinates":[[-72.994607,4.482112],[-72.994751,4.482187]]}},{"type":"Feature","properties":{"linea":"7-2-386","parcela":"7-2","palmas":3},"geometry":{"type":"LineString","coordinates":[[-72.994603,4.482031],[-72.994747,4.482106]]}},{"type":"Feature","properties":{"linea":"7-2-387","parcela":"7-2","palmas":3},"geometry":{"type":"LineString","coordinates":[[-72.9946,4.481949],[-72.994744,4.482024]]}},{"type":"Feature","properties":{"linea":"7-2-388","parcela":"7-2","palmas":3},"geometry":{"type":"LineString","coordinates":[[-72.994596,4.481868],[-72.99474,4.481943]]}},{"type":"Feature","properties":{"linea":"7-2-389","parcela":"7-2","palmas":3},"geometry":{"type":"LineString","coordinates":[[-72.994593,4.481787],[-72.994737,4.481862]]}},{"type":"Feature","properties":{"linea":"7-2-390","parcela":"7-2","palmas":2},"geometry":{"type":"LineString","coordinates":[[-72.994661,4.481743],[-72.994733,4.481781]]}},{"type":"Feature","properties":{"linea":"7-3-2","parcela":"7-3","palmas":2},"geometry":{"type":"LineString","coordinates":[[-72.99013,4.469514],[-72.990061,4.469558]]}},{"type":"Feature","properties":{"linea":"7-3-3","parcela":"7-3","palmas":3},"geometry":{"type":"LineString","coordinates":[[-72.990202,4.469552],[-72.990065,4.469639]]}},{"type":"Feature","properties":{"linea":"7-3-4","parcela":"7-3","palmas":4},"geometry":{"type":"LineString","coordinates":[[-72.990274,4.46959],[-72.990068,4.469721]]}},{"type":"Feature","properties":{"linea":"7-3-5","parcela":"7-3","palmas":6},"geometry":{"type":"LineString","coordinates":[[-72.990414,4.469584],[-72.990072,4.469802]]}},{"type":"Feature","properties":{"linea":"7-3-6","parcela":"7-3","palmas":7},"geometry":{"type":"LineString","coordinates":[[-72.990486,4.469621],[-72.990075,4.469883]]}},{"type":"Feature","properties":{"linea":"7-3-7","parcela":"7-3","palmas":8},"geometry":{"type":"LineString","coordinates":[[-72.990557,4.469659],[-72.990078,4.469964]]}},{"type":"Feature","properties":{"linea":"7-3-8","parcela":"7-3","palmas":9},"geometry":{"type":"LineString","coordinates":[[-72.990629,4.469697],[-72.990082,4.470046]]}},{"type":"Feature","properties":{"linea":"7-3-9","parcela":"7-3","palmas":10},"geometry":{"type":"LineString","coordinates":[[-72.990701,4.469734],[-72.990085,4.470127]]}},{"type":"Feature","properties":{"linea":"7-3-10","parcela":"7-3","palmas":11},"geometry":{"type":"LineString","coordinates":[[-72.990773,4.469772],[-72.990089,4.470208]]}},{"type":"Feature","properties":{"linea":"7-3-11","parcela":"7-3","palmas":12},"geometry":{"type":"LineString","coordinates":[[-72.990845,4.46981],[-72.990092,4.47029]]}},{"type":"Feature","properties":{"linea":"7-3-12","parcela":"7-3","palmas":14},"geometry":{"type":"LineString","coordinates":[[-72.990985,4.469804],[-72.990096,4.470371]]}},{"type":"Feature","properties":{"linea":"7-3-13","parcela":"7-3","palmas":15},"geometry":{"type":"LineString","coordinates":[[-72.991057,4.469842],[-72.990099,4.470452]]}},{"type":"Feature","properties":{"linea":"7-3-14","parcela":"7-3","palmas":16},"geometry":{"type":"LineString","coordinates":[[-72.991129,4.469879],[-72.990102,4.470534]]}},{"type":"Feature","properties":{"linea":"7-3-15","parcela":"7-3","palmas":17},"geometry":{"type":"LineString","coordinates":[[-72.991201,4.469917],[-72.990106,4.470615]]}},{"type":"Feature","properties":{"linea":"7-3-16","parcela":"7-3","palmas":18},"geometry":{"type":"LineString","coordinates":[[-72.991273,4.469955],[-72.990109,4.470696]]}},{"type":"Feature","properties":{"linea":"7-3-17","parcela":"7-3","palmas":19},"geometry":{"type":"LineString","coordinates":[[-72.991345,4.469992],[-72.990112,4.470778]]}},{"type":"Feature","properties":{"linea":"7-3-18","parcela":"7-3","palmas":20},"geometry":{"type":"LineString","coordinates":[[-72.991416,4.47003],[-72.990116,4.470859]]}},{"type":"Feature","properties":{"linea":"7-3-19","parcela":"7-3","palmas":21},"geometry":{"type":"LineString","coordinates":[[-72.991488,4.470068],[-72.990119,4.47094]]}},{"type":"Feature","properties":{"linea":"7-3-20","parcela":"7-3","palmas":22},"geometry":{"type":"LineString","coordinates":[[-72.99156,4.470105],[-72.990123,4.471021]]}},{"type":"Feature","properties":{"linea":"7-3-21","parcela":"7-3","palmas":23},"geometry":{"type":"LineString","coordinates":[[-72.991632,4.470143],[-72.990126,4.471103]]}},{"type":"Feature","properties":{"linea":"7-3-22","parcela":"7-3","palmas":24},"geometry":{"type":"LineString","coordinates":[[-72.991704,4.470181],[-72.99013,4.471184]]}},{"type":"Feature","properties":{"linea":"7-3-23","parcela":"7-3","palmas":25},"geometry":{"type":"LineString","coordinates":[[-72.991776,4.470218],[-72.990133,4.471265]]}},{"type":"Feature","properties":{"linea":"7-3-24","parcela":"7-3","palmas":26},"geometry":{"type":"LineString","coordinates":[[-72.991848,4.470256],[-72.990136,4.471347]]}},{"type":"Feature","properties":{"linea":"7-3-25","parcela":"7-3","palmas":26},"geometry":{"type":"LineString","coordinates":[[-72.991851,4.470338],[-72.99014,4.471428]]}},{"type":"Feature","properties":{"linea":"7-3-26","parcela":"7-3","palmas":26},"geometry":{"type":"LineString","coordinates":[[-72.991854,4.470419],[-72.990143,4.471509]]}},{"type":"Feature","properties":{"linea":"7-3-27","parcela":"7-3","palmas":26},"geometry":{"type":"LineString","coordinates":[[-72.991858,4.4705],[-72.990147,4.471591]]}},{"type":"Feature","properties":{"linea":"7-3-28","parcela":"7-3","palmas":26},"geometry":{"type":"LineString","coordinates":[[-72.991861,4.470581],[-72.99015,4.471672]]}},{"type":"Feature","properties":{"linea":"7-3-29","parcela":"7-3","palmas":26},"geometry":{"type":"LineString","coordinates":[[-72.991865,4.470663],[-72.990154,4.471753]]}},{"type":"Feature","properties":{"linea":"7-3-30","parcela":"7-3","palmas":26},"geometry":{"type":"LineString","coordinates":[[-72.991868,4.470744],[-72.990157,4.471834]]}},{"type":"Feature","properties":{"linea":"7-3-31","parcela":"7-3","palmas":26},"geometry":{"type":"LineString","coordinates":[[-72.991872,4.470825],[-72.990161,4.471916]]}},{"type":"Feature","properties":{"linea":"7-3-32","parcela":"7-3","palmas":26},"geometry":{"type":"LineString","coordinates":[[-72.991875,4.470907],[-72.990164,4.471997]]}},{"type":"Feature","properties":{"linea":"7-3-33","parcela":"7-3","palmas":26},"geometry":{"type":"LineString","coordinates":[[-72.991878,4.470988],[-72.990167,4.472078]]}},{"type":"Feature","properties":{"linea":"7-3-34","parcela":"7-3","palmas":26},"geometry":{"type":"LineString","coordinates":[[-72.991882,4.471069],[-72.990171,4.47216]]}},{"type":"Feature","properties":{"linea":"7-3-35","parcela":"7-3","palmas":24},"geometry":{"type":"LineString","coordinates":[[-72.991885,4.471151],[-72.990311,4.472154]]}},{"type":"Feature","properties":{"linea":"7-3-36","parcela":"7-3","palmas":26},"geometry":{"type":"LineString","coordinates":[[-72.991889,4.471232],[-72.990178,4.472322]]}},{"type":"Feature","properties":{"linea":"7-3-37","parcela":"7-3","palmas":26},"geometry":{"type":"LineString","coordinates":[[-72.991892,4.471313],[-72.990181,4.472404]]}},{"type":"Feature","properties":{"linea":"7-3-38","parcela":"7-3","palmas":26},"geometry":{"type":"LineString","coordinates":[[-72.991896,4.471394],[-72.990184,4.472485]]}},{"type":"Feature","properties":{"linea":"7-3-39","parcela":"7-3","palmas":26},"geometry":{"type":"LineString","coordinates":[[-72.991899,4.471476],[-72.990188,4.472566]]}},{"type":"Feature","properties":{"linea":"7-3-40","parcela":"7-3","palmas":26},"geometry":{"type":"LineString","coordinates":[[-72.991902,4.471557],[-72.990191,4.472647]]}},{"type":"Feature","properties":{"linea":"7-3-41","parcela":"7-3","palmas":26},"geometry":{"type":"LineString","coordinates":[[-72.991906,4.471638],[-72.990195,4.472729]]}},{"type":"Feature","properties":{"linea":"7-3-42","parcela":"7-3","palmas":26},"geometry":{"type":"LineString","coordinates":[[-72.991909,4.471719],[-72.990198,4.47281]]}},{"type":"Feature","properties":{"linea":"7-3-43","parcela":"7-3","palmas":26},"geometry":{"type":"LineString","coordinates":[[-72.991912,4.471801],[-72.990201,4.472891]]}},{"type":"Feature","properties":{"linea":"7-3-44","parcela":"7-3","palmas":26},"geometry":{"type":"LineString","coordinates":[[-72.991916,4.471882],[-72.990205,4.472973]]}},{"type":"Feature","properties":{"linea":"7-3-45","parcela":"7-3","palmas":26},"geometry":{"type":"LineString","coordinates":[[-72.991919,4.471963],[-72.990208,4.473054]]}},{"type":"Feature","properties":{"linea":"7-3-46","parcela":"7-3","palmas":26},"geometry":{"type":"LineString","coordinates":[[-72.991923,4.472045],[-72.990212,4.473135]]}},{"type":"Feature","properties":{"linea":"7-3-47","parcela":"7-3","palmas":26},"geometry":{"type":"LineString","coordinates":[[-72.991926,4.472126],[-72.990215,4.473217]]}},{"type":"Feature","properties":{"linea":"7-3-48","parcela":"7-3","palmas":26},"geometry":{"type":"LineString","coordinates":[[-72.99193,4.472207],[-72.990219,4.473298]]}},{"type":"Feature","properties":{"linea":"7-3-49","parcela":"7-3","palmas":26},"geometry":{"type":"LineString","coordinates":[[-72.991933,4.472289],[-72.990222,4.473379]]}},{"type":"Feature","properties":{"linea":"7-3-50","parcela":"7-3","palmas":26},"geometry":{"type":"LineString","coordinates":[[-72.991936,4.47237],[-72.990225,4.473461]]}},{"type":"Feature","properties":{"linea":"7-3-51","parcela":"7-3","palmas":26},"geometry":{"type":"LineString","coordinates":[[-72.99194,4.472451],[-72.990229,4.473542]]}},{"type":"Feature","properties":{"linea":"7-3-52","parcela":"7-3","palmas":26},"geometry":{"type":"LineString","coordinates":[[-72.991943,4.472532],[-72.990232,4.473623]]}},{"type":"Feature","properties":{"linea":"7-3-54","parcela":"7-3","palmas":2},"geometry":{"type":"LineString","coordinates":[[-72.99195,4.472695],[-72.991878,4.472658]]}},{"type":"Feature","properties":{"linea":"7-3-55","parcela":"7-3","palmas":3},"geometry":{"type":"LineString","coordinates":[[-72.991954,4.472776],[-72.99181,4.472701]]}},{"type":"Feature","properties":{"linea":"7-3-56","parcela":"7-3","palmas":4},"geometry":{"type":"LineString","coordinates":[[-72.991957,4.472858],[-72.991741,4.472745]]}},{"type":"Feature","properties":{"linea":"7-3-57","parcela":"7-3","palmas":5},"geometry":{"type":"LineString","coordinates":[[-72.991961,4.472939],[-72.991673,4.472788]]}},{"type":"Feature","properties":{"linea":"7-3-58","parcela":"7-3","palmas":6},"geometry":{"type":"LineString","coordinates":[[-72.991964,4.47302],[-72.991604,4.472832]]}},{"type":"Feature","properties":{"linea":"7-3-59","parcela":"7-3","palmas":7},"geometry":{"type":"LineString","coordinates":[[-72.991967,4.473102],[-72.991536,4.472876]]}},{"type":"Feature","properties":{"linea":"7-3-60","parcela":"7-3","palmas":7},"geometry":{"type":"LineString","coordinates":[[-72.991899,4.473145],[-72.991467,4.472919]]}},{"type":"Feature","properties":{"linea":"7-3-61","parcela":"7-3","palmas":7},"geometry":{"type":"LineString","coordinates":[[-72.99183,4.473189],[-72.991399,4.472963]]}},{"type":"Feature","properties":{"linea":"7-3-62","parcela":"7-3","palmas":7},"geometry":{"type":"LineString","coordinates":[[-72.991762,4.473232],[-72.991331,4.473006]]}},{"type":"Feature","properties":{"linea":"7-3-63","parcela":"7-3","palmas":8},"geometry":{"type":"LineString","coordinates":[[-72.991765,4.473314],[-72.991262,4.47305]]}},{"type":"Feature","properties":{"linea":"7-3-64","parcela":"7-3","palmas":9},"geometry":{"type":"LineString","coordinates":[[-72.991769,4.473395],[-72.991194,4.473094]]}},{"type":"Feature","properties":{"linea":"7-3-65","parcela":"7-3","palmas":10},"geometry":{"type":"LineString","coordinates":[[-72.991772,4.473476],[-72.991125,4.473137]]}},{"type":"Feature","properties":{"linea":"7-3-66","parcela":"7-3","palmas":11},"geometry":{"type":"LineString","coordinates":[[-72.991776,4.473558],[-72.991057,4.473181]]}},{"type":"Feature","properties":{"linea":"7-3-67","parcela":"7-3","palmas":12},"geometry":{"type":"LineString","coordinates":[[-72.991779,4.473639],[-72.990989,4.473224]]}},{"type":"Feature","properties":{"linea":"7-3-68","parcela":"7-3","palmas":13},"geometry":{"type":"LineString","coordinates":[[-72.991782,4.47372],[-72.99092,4.473268]]}},{"type":"Feature","properties":{"linea":"7-3-69","parcela":"7-3","palmas":14},"geometry":{"type":"LineString","coordinates":[[-72.991786,4.473802],[-72.990852,4.473312]]}},{"type":"Feature","properties":{"linea":"7-3-70","parcela":"7-3","palmas":15},"geometry":{"type":"LineString","coordinates":[[-72.991789,4.473883],[-72.990783,4.473355]]}},{"type":"Feature","properties":{"linea":"7-3-71","parcela":"7-3","palmas":16},"geometry":{"type":"LineString","coordinates":[[-72.991793,4.473964],[-72.990715,4.473399]]}},{"type":"Feature","properties":{"linea":"7-3-72","parcela":"7-3","palmas":17},"geometry":{"type":"LineString","coordinates":[[-72.991796,4.474046],[-72.990646,4.473443]]}},{"type":"Feature","properties":{"linea":"7-3-73","parcela":"7-3","palmas":18},"geometry":{"type":"LineString","coordinates":[[-72.991799,4.474127],[-72.990578,4.473486]]}},{"type":"Feature","properties":{"linea":"7-3-74","parcela":"7-3","palmas":19},"geometry":{"type":"LineString","coordinates":[[-72.991803,4.474208],[-72.990509,4.47353]]}},{"type":"Feature","properties":{"linea":"7-3-75","parcela":"7-3","palmas":19},"geometry":{"type":"LineString","coordinates":[[-72.991734,4.474252],[-72.990441,4.473574]]}},{"type":"Feature","properties":{"linea":"7-3-76","parcela":"7-3","palmas":20},"geometry":{"type":"LineString","coordinates":[[-72.991738,4.474333],[-72.990373,4.473617]]}},{"type":"Feature","properties":{"linea":"7-3-77","parcela":"7-3","palmas":21},"geometry":{"type":"LineString","coordinates":[[-72.991741,4.474414],[-72.990304,4.473661]]}},{"type":"Feature","properties":{"linea":"7-3-78","parcela":"7-3","palmas":21},"geometry":{"type":"LineString","coordinates":[[-72.991673,4.474458],[-72.990236,4.473704]]}},{"type":"Feature","properties":{"linea":"7-3-79","parcela":"7-3","palmas":21},"geometry":{"type":"LineString","coordinates":[[-72.991676,4.474539],[-72.990239,4.473786]]}},{"type":"Feature","properties":{"linea":"7-3-80","parcela":"7-3","palmas":20},"geometry":{"type":"LineString","coordinates":[[-72.991608,4.474583],[-72.990243,4.473867]]}},{"type":"Feature","properties":{"linea":"7-3-81","parcela":"7-3","palmas":20},"geometry":{"type":"LineString","coordinates":[[-72.991611,4.474664],[-72.990246,4.473948]]}},{"type":"Feature","properties":{"linea":"7-3-82","parcela":"7-3","palmas":20},"geometry":{"type":"LineString","coordinates":[[-72.991615,4.474746],[-72.990249,4.47403]]}},{"type":"Feature","properties":{"linea":"7-3-83","parcela":"7-3","palmas":19},"geometry":{"type":"LineString","coordinates":[[-72.991546,4.474789],[-72.990253,4.474111]]}},{"type":"Feature","properties":{"linea":"7-3-84","parcela":"7-3","palmas":19},"geometry":{"type":"LineString","coordinates":[[-72.99155,4.474871],[-72.990256,4.474192]]}},{"type":"Feature","properties":{"linea":"7-3-85","parcela":"7-3","palmas":18},"geometry":{"type":"LineString","coordinates":[[-72.991481,4.474914],[-72.990259,4.474274]]}},{"type":"Feature","properties":{"linea":"7-3-86","parcela":"7-3","palmas":18},"geometry":{"type":"LineString","coordinates":[[-72.991485,4.474995],[-72.990263,4.474355]]}},{"type":"Feature","properties":{"linea":"7-3-87","parcela":"7-3","palmas":18},"geometry":{"type":"LineString","coordinates":[[-72.991488,4.475077],[-72.990266,4.474436]]}},{"type":"Feature","properties":{"linea":"7-3-88","parcela":"7-3","palmas":17},"geometry":{"type":"LineString","coordinates":[[-72.991419,4.47512],[-72.99027,4.474518]]}},{"type":"Feature","properties":{"linea":"7-3-89","parcela":"7-3","palmas":17},"geometry":{"type":"LineString","coordinates":[[-72.991423,4.475202],[-72.990273,4.474599]]}},{"type":"Feature","properties":{"linea":"7-3-90","parcela":"7-3","palmas":16},"geometry":{"type":"LineString","coordinates":[[-72.991354,4.475245],[-72.990277,4.47468]]}},{"type":"Feature","properties":{"linea":"7-3-91","parcela":"7-3","palmas":16},"geometry":{"type":"LineString","coordinates":[[-72.991358,4.475326],[-72.99028,4.474761]]}},{"type":"Feature","properties":{"linea":"7-3-92","parcela":"7-3","palmas":16},"geometry":{"type":"LineString","coordinates":[[-72.991361,4.475408],[-72.990283,4.474843]]}},{"type":"Feature","properties":{"linea":"7-3-93","parcela":"7-3","palmas":15},"geometry":{"type":"LineString","coordinates":[[-72.991293,4.475451],[-72.990287,4.474924]]}},{"type":"Feature","properties":{"linea":"7-3-94","parcela":"7-3","palmas":15},"geometry":{"type":"LineString","coordinates":[[-72.991296,4.475533],[-72.99029,4.475005]]}},{"type":"Feature","properties":{"linea":"7-3-95","parcela":"7-3","palmas":14},"geometry":{"type":"LineString","coordinates":[[-72.991228,4.475576],[-72.990294,4.475086]]}},{"type":"Feature","properties":{"linea":"7-3-96","parcela":"7-3","palmas":14},"geometry":{"type":"LineString","coordinates":[[-72.991231,4.475658],[-72.990297,4.475168]]}},{"type":"Feature","properties":{"linea":"7-3-97","parcela":"7-3","palmas":14},"geometry":{"type":"LineString","coordinates":[[-72.991235,4.475739],[-72.990301,4.475249]]}},{"type":"Feature","properties":{"linea":"7-3-98","parcela":"7-3","palmas":14},"geometry":{"type":"LineString","coordinates":[[-72.991238,4.47582],[-72.990304,4.47533]]}},{"type":"Feature","properties":{"linea":"7-3-99","parcela":"7-3","palmas":14},"geometry":{"type":"LineString","coordinates":[[-72.991242,4.475902],[-72.990307,4.475412]]}},{"type":"Feature","properties":{"linea":"7-3-100","parcela":"7-3","palmas":14},"geometry":{"type":"LineString","coordinates":[[-72.991245,4.475983],[-72.990311,4.475493]]}},{"type":"Feature","properties":{"linea":"7-3-101","parcela":"7-3","palmas":14},"geometry":{"type":"LineString","coordinates":[[-72.991248,4.476064],[-72.990314,4.475574]]}},{"type":"Feature","properties":{"linea":"7-3-102","parcela":"7-3","palmas":14},"geometry":{"type":"LineString","coordinates":[[-72.991252,4.476146],[-72.990318,4.475656]]}},{"type":"Feature","properties":{"linea":"7-3-103","parcela":"7-3","palmas":14},"geometry":{"type":"LineString","coordinates":[[-72.991255,4.476227],[-72.990321,4.475737]]}},{"type":"Feature","properties":{"linea":"7-3-104","parcela":"7-3","palmas":14},"geometry":{"type":"LineString","coordinates":[[-72.991259,4.476308],[-72.990324,4.475818]]}},{"type":"Feature","properties":{"linea":"7-3-105","parcela":"7-3","palmas":14},"geometry":{"type":"LineString","coordinates":[[-72.991262,4.476389],[-72.990328,4.475899]]}},{"type":"Feature","properties":{"linea":"7-3-106","parcela":"7-3","palmas":14},"geometry":{"type":"LineString","coordinates":[[-72.991266,4.476471],[-72.990331,4.475981]]}},{"type":"Feature","properties":{"linea":"7-3-107","parcela":"7-3","palmas":14},"geometry":{"type":"LineString","coordinates":[[-72.991269,4.476552],[-72.990335,4.476062]]}},{"type":"Feature","properties":{"linea":"7-3-108","parcela":"7-3","palmas":14},"geometry":{"type":"LineString","coordinates":[[-72.991272,4.476633],[-72.990338,4.476143]]}},{"type":"Feature","properties":{"linea":"7-3-109","parcela":"7-3","palmas":14},"geometry":{"type":"LineString","coordinates":[[-72.991276,4.476714],[-72.990341,4.476225]]}},{"type":"Feature","properties":{"linea":"7-3-110","parcela":"7-3","palmas":14},"geometry":{"type":"LineString","coordinates":[[-72.991279,4.476796],[-72.990345,4.476306]]}},{"type":"Feature","properties":{"linea":"7-3-111","parcela":"7-3","palmas":14},"geometry":{"type":"LineString","coordinates":[[-72.991282,4.476877],[-72.990348,4.476387]]}},{"type":"Feature","properties":{"linea":"7-3-112","parcela":"7-3","palmas":14},"geometry":{"type":"LineString","coordinates":[[-72.991286,4.476959],[-72.990352,4.476469]]}},{"type":"Feature","properties":{"linea":"7-3-113","parcela":"7-3","palmas":14},"geometry":{"type":"LineString","coordinates":[[-72.991289,4.47704],[-72.990355,4.47655]]}},{"type":"Feature","properties":{"linea":"7-3-114","parcela":"7-3","palmas":14},"geometry":{"type":"LineString","coordinates":[[-72.991293,4.477121],[-72.990359,4.476631]]}},{"type":"Feature","properties":{"linea":"7-3-115","parcela":"7-3","palmas":13},"geometry":{"type":"LineString","coordinates":[[-72.991224,4.477165],[-72.990362,4.476713]]}},{"type":"Feature","properties":{"linea":"7-3-116","parcela":"7-3","palmas":13},"geometry":{"type":"LineString","coordinates":[[-72.991228,4.477246],[-72.990366,4.476794]]}},{"type":"Feature","properties":{"linea":"7-3-117","parcela":"7-3","palmas":13},"geometry":{"type":"LineString","coordinates":[[-72.991231,4.477327],[-72.990369,4.476875]]}},{"type":"Feature","properties":{"linea":"7-3-118","parcela":"7-3","palmas":11},"geometry":{"type":"LineString","coordinates":[[-72.991091,4.477333],[-72.990372,4.476956]]}},{"type":"Feature","properties":{"linea":"7-3-119","parcela":"7-3","palmas":11},"geometry":{"type":"LineString","coordinates":[[-72.991094,4.477414],[-72.990376,4.477038]]}},{"type":"Feature","properties":{"linea":"7-3-120","parcela":"7-3","palmas":11},"geometry":{"type":"LineString","coordinates":[[-72.991098,4.477496],[-72.990379,4.477119]]}},{"type":"Feature","properties":{"linea":"7-3-121","parcela":"7-3","palmas":11},"geometry":{"type":"LineString","coordinates":[[-72.991101,4.477577],[-72.990382,4.4772]]}},{"type":"Feature","properties":{"linea":"7-3-122","parcela":"7-3","palmas":10},"geometry":{"type":"LineString","coordinates":[[-72.991033,4.477621],[-72.990386,4.477282]]}},{"type":"Feature","properties":{"linea":"7-3-123","parcela":"7-3","palmas":10},"geometry":{"type":"LineString","coordinates":[[-72.991036,4.477702],[-72.990389,4.477363]]}},{"type":"Feature","properties":{"linea":"7-3-124","parcela":"7-3","palmas":11},"geometry":{"type":"LineString","coordinates":[[-72.991111,4.477821],[-72.990393,4.477444]]}},{"type":"Feature","properties":{"linea":"7-3-125","parcela":"7-3","palmas":11},"geometry":{"type":"LineString","coordinates":[[-72.991115,4.477902],[-72.990396,4.477526]]}},{"type":"Feature","properties":{"linea":"7-3-126","parcela":"7-3","palmas":11},"geometry":{"type":"LineString","coordinates":[[-72.991118,4.477984],[-72.9904,4.477607]]}},{"type":"Feature","properties":{"linea":"7-3-127","parcela":"7-3","palmas":11},"geometry":{"type":"LineString","coordinates":[[-72.991122,4.478065],[-72.990403,4.477688]]}},{"type":"Feature","properties":{"linea":"7-3-128","parcela":"7-3","palmas":11},"geometry":{"type":"LineString","coordinates":[[-72.991125,4.478146],[-72.990406,4.477769]]}},{"type":"Feature","properties":{"linea":"7-3-129","parcela":"7-3","palmas":11},"geometry":{"type":"LineString","coordinates":[[-72.991129,4.478228],[-72.99041,4.477851]]}},{"type":"Feature","properties":{"linea":"7-3-130","parcela":"7-3","palmas":10},"geometry":{"type":"LineString","coordinates":[[-72.99106,4.478271],[-72.990413,4.477932]]}},{"type":"Feature","properties":{"linea":"7-3-131","parcela":"7-3","palmas":10},"geometry":{"type":"LineString","coordinates":[[-72.991063,4.478352],[-72.990417,4.478013]]}},{"type":"Feature","properties":{"linea":"7-3-132","parcela":"7-3","palmas":10},"geometry":{"type":"LineString","coordinates":[[-72.991067,4.478434],[-72.99042,4.478095]]}},{"type":"Feature","properties":{"linea":"7-3-133","parcela":"7-3","palmas":10},"geometry":{"type":"LineString","coordinates":[[-72.99107,4.478515],[-72.990424,4.478176]]}},{"type":"Feature","properties":{"linea":"7-3-134","parcela":"7-3","palmas":10},"geometry":{"type":"LineString","coordinates":[[-72.991074,4.478596],[-72.990427,4.478257]]}},{"type":"Feature","properties":{"linea":"7-3-135","parcela":"7-3","palmas":10},"geometry":{"type":"LineString","coordinates":[[-72.991077,4.478678],[-72.99043,4.478339]]}},{"type":"Feature","properties":{"linea":"7-3-136","parcela":"7-3","palmas":10},"geometry":{"type":"LineString","coordinates":[[-72.991081,4.478759],[-72.990434,4.47842]]}},{"type":"Feature","properties":{"linea":"7-3-137","parcela":"7-3","palmas":9},"geometry":{"type":"LineString","coordinates":[[-72.991012,4.478803],[-72.990437,4.478501]]}},{"type":"Feature","properties":{"linea":"7-3-138","parcela":"7-3","palmas":9},"geometry":{"type":"LineString","coordinates":[[-72.991016,4.478884],[-72.990441,4.478582]]}},{"type":"Feature","properties":{"linea":"7-3-139","parcela":"7-3","palmas":8},"geometry":{"type":"LineString","coordinates":[[-72.990947,4.478928],[-72.990444,4.478664]]}},{"type":"Feature","properties":{"linea":"7-3-140","parcela":"7-3","palmas":8},"geometry":{"type":"LineString","coordinates":[[-72.990951,4.479009],[-72.990448,4.478745]]}},{"type":"Feature","properties":{"linea":"7-3-141","parcela":"7-3","palmas":8},"geometry":{"type":"LineString","coordinates":[[-72.990954,4.47909],[-72.990451,4.478826]]}},{"type":"Feature","properties":{"linea":"7-3-142","parcela":"7-3","palmas":7},"geometry":{"type":"LineString","coordinates":[[-72.990886,4.479134],[-72.990454,4.478908]]}},{"type":"Feature","properties":{"linea":"7-3-143","parcela":"7-3","palmas":7},"geometry":{"type":"LineString","coordinates":[[-72.990889,4.479215],[-72.990458,4.478989]]}},{"type":"Feature","properties":{"linea":"7-3-144","parcela":"7-3","palmas":6},"geometry":{"type":"LineString","coordinates":[[-72.990821,4.479259],[-72.990461,4.47907]]}},{"type":"Feature","properties":{"linea":"7-3-145","parcela":"7-3","palmas":6},"geometry":{"type":"LineString","coordinates":[[-72.990824,4.47934],[-72.990464,4.479152]]}},{"type":"Feature","properties":{"linea":"7-3-146","parcela":"7-3","palmas":5},"geometry":{"type":"LineString","coordinates":[[-72.990755,4.479384],[-72.990468,4.479233]]}},{"type":"Feature","properties":{"linea":"7-3-147","parcela":"7-3","palmas":5},"geometry":{"type":"LineString","coordinates":[[-72.990759,4.479465],[-72.990471,4.479314]]}},{"type":"Feature","properties":{"linea":"7-3-148","parcela":"7-3","palmas":4},"geometry":{"type":"LineString","coordinates":[[-72.99069,4.479509],[-72.990475,4.479396]]}},{"type":"Feature","properties":{"linea":"7-3-149","parcela":"7-3","palmas":3},"geometry":{"type":"LineString","coordinates":[[-72.990622,4.479552],[-72.990478,4.479477]]}},{"type":"Feature","properties":{"linea":"7-3-150","parcela":"7-3","palmas":3},"geometry":{"type":"LineString","coordinates":[[-72.990625,4.479633],[-72.990482,4.479558]]}},{"type":"Feature","properties":{"linea":"7-3-153","parcela":"7-3","palmas":2},"geometry":{"type":"LineString","coordinates":[[-72.991978,4.473346],[-72.991906,4.473308]]}},{"type":"Feature","properties":{"linea":"7-3-154","parcela":"7-3","palmas":2},"geometry":{"type":"LineString","coordinates":[[-72.991981,4.473427],[-72.991909,4.473389]]}},{"type":"Feature","properties":{"linea":"7-3-155","parcela":"7-3","palmas":2},"geometry":{"type":"LineString","coordinates":[[-72.991984,4.473508],[-72.991912,4.473471]]}},{"type":"Feature","properties":{"linea":"7-3-156","parcela":"7-3","palmas":2},"geometry":{"type":"LineString","coordinates":[[-72.991988,4.473589],[-72.991916,4.473552]]}},{"type":"Feature","properties":{"linea":"7-3-157","parcela":"7-3","palmas":2},"geometry":{"type":"LineString","coordinates":[[-72.991991,4.473671],[-72.991919,4.473633]]}},{"type":"Feature","properties":{"linea":"7-3-158","parcela":"7-3","palmas":2},"geometry":{"type":"LineString","coordinates":[[-72.991995,4.473752],[-72.991923,4.473714]]}},{"type":"Feature","properties":{"linea":"7-3-159","parcela":"7-3","palmas":2},"geometry":{"type":"LineString","coordinates":[[-72.991998,4.473833],[-72.991926,4.473796]]}},{"type":"Feature","properties":{"linea":"7-3-160","parcela":"7-3","palmas":2},"geometry":{"type":"LineString","coordinates":[[-72.992001,4.473915],[-72.991929,4.473877]]}},{"type":"Feature","properties":{"linea":"7-3-161","parcela":"7-3","palmas":2},"geometry":{"type":"LineString","coordinates":[[-72.992005,4.473996],[-72.991933,4.473958]]}},{"type":"Feature","properties":{"linea":"7-3-162","parcela":"7-3","palmas":2},"geometry":{"type":"LineString","coordinates":[[-72.992008,4.474077],[-72.991936,4.47404]]}},{"type":"Feature","properties":{"linea":"7-3-163","parcela":"7-3","palmas":2},"geometry":{"type":"LineString","coordinates":[[-72.992012,4.474159],[-72.99194,4.474121]]}},{"type":"Feature","properties":{"linea":"7-3-164","parcela":"7-3","palmas":2},"geometry":{"type":"LineString","coordinates":[[-72.992015,4.47424],[-72.991943,4.474202]]}},{"type":"Feature","properties":{"linea":"7-3-165","parcela":"7-3","palmas":3},"geometry":{"type":"LineString","coordinates":[[-72.992019,4.474321],[-72.991875,4.474246]]}},{"type":"Feature","properties":{"linea":"7-3-166","parcela":"7-3","palmas":3},"geometry":{"type":"LineString","coordinates":[[-72.992022,4.474403],[-72.991878,4.474327]]}},{"type":"Feature","properties":{"linea":"7-3-167","parcela":"7-3","palmas":4},"geometry":{"type":"LineString","coordinates":[[-72.992025,4.474484],[-72.99181,4.474371]]}},{"type":"Feature","properties":{"linea":"7-3-168","parcela":"7-3","palmas":4},"geometry":{"type":"LineString","coordinates":[[-72.992029,4.474565],[-72.991813,4.474452]]}},{"type":"Feature","properties":{"linea":"7-3-169","parcela":"7-3","palmas":4},"geometry":{"type":"LineString","coordinates":[[-72.992032,4.474646],[-72.991817,4.474533]]}},{"type":"Feature","properties":{"linea":"7-3-170","parcela":"7-3","palmas":5},"geometry":{"type":"LineString","coordinates":[[-72.992036,4.474728],[-72.991748,4.474577]]}},{"type":"Feature","properties":{"linea":"7-3-171","parcela":"7-3","palmas":5},"geometry":{"type":"LineString","coordinates":[[-72.992039,4.474809],[-72.991752,4.474658]]}},{"type":"Feature","properties":{"linea":"7-3-172","parcela":"7-3","palmas":5},"geometry":{"type":"LineString","coordinates":[[-72.992042,4.47489],[-72.991755,4.474739]]}},{"type":"Feature","properties":{"linea":"7-3-173","parcela":"7-3","palmas":6},"geometry":{"type":"LineString","coordinates":[[-72.992046,4.474972],[-72.991686,4.474783]]}},{"type":"Feature","properties":{"linea":"7-3-174","parcela":"7-3","palmas":6},"geometry":{"type":"LineString","coordinates":[[-72.992049,4.475053],[-72.99169,4.474864]]}},{"type":"Feature","properties":{"linea":"7-3-175","parcela":"7-3","palmas":7},"geometry":{"type":"LineString","coordinates":[[-72.992053,4.475134],[-72.991621,4.474908]]}},{"type":"Feature","properties":{"linea":"7-3-176","parcela":"7-3","palmas":7},"geometry":{"type":"LineString","coordinates":[[-72.992056,4.475216],[-72.991625,4.474989]]}},{"type":"Feature","properties":{"linea":"7-3-177","parcela":"7-3","palmas":7},"geometry":{"type":"LineString","coordinates":[[-72.992059,4.475297],[-72.991628,4.475071]]}},{"type":"Feature","properties":{"linea":"7-3-178","parcela":"7-3","palmas":8},"geometry":{"type":"LineString","coordinates":[[-72.992063,4.475378],[-72.99156,4.475114]]}},{"type":"Feature","properties":{"linea":"7-3-179","parcela":"7-3","palmas":8},"geometry":{"type":"LineString","coordinates":[[-72.992066,4.475459],[-72.991563,4.475196]]}},{"type":"Feature","properties":{"linea":"7-3-180","parcela":"7-3","palmas":9},"geometry":{"type":"LineString","coordinates":[[-72.99207,4.475541],[-72.991495,4.475239]]}},{"type":"Feature","properties":{"linea":"7-3-181","parcela":"7-3","palmas":9},"geometry":{"type":"LineString","coordinates":[[-72.992073,4.475622],[-72.991498,4.475321]]}},{"type":"Feature","properties":{"linea":"7-3-182","parcela":"7-3","palmas":9},"geometry":{"type":"LineString","coordinates":[[-72.992077,4.475703],[-72.991502,4.475402]]}},{"type":"Feature","properties":{"linea":"7-3-183","parcela":"7-3","palmas":10},"geometry":{"type":"LineString","coordinates":[[-72.99208,4.475785],[-72.991433,4.475446]]}},{"type":"Feature","properties":{"linea":"7-3-184","parcela":"7-3","palmas":10},"geometry":{"type":"LineString","coordinates":[[-72.992083,4.475866],[-72.991437,4.475527]]}},{"type":"Feature","properties":{"linea":"7-3-185","parcela":"7-3","palmas":11},"geometry":{"type":"LineString","coordinates":[[-72.992087,4.475947],[-72.991368,4.47557]]}},{"type":"Feature","properties":{"linea":"7-3-186","parcela":"7-3","palmas":11},"geometry":{"type":"LineString","coordinates":[[-72.99209,4.476029],[-72.991372,4.475652]]}},{"type":"Feature","properties":{"linea":"7-3-187","parcela":"7-3","palmas":11},"geometry":{"type":"LineString","coordinates":[[-72.992094,4.47611],[-72.991375,4.475733]]}},{"type":"Feature","properties":{"linea":"7-3-188","parcela":"7-3","palmas":11},"geometry":{"type":"LineString","coordinates":[[-72.992097,4.476191],[-72.991378,4.475814]]}},{"type":"Feature","properties":{"linea":"7-3-189","parcela":"7-3","palmas":11},"geometry":{"type":"LineString","coordinates":[[-72.992101,4.476273],[-72.991382,4.475896]]}},{"type":"Feature","properties":{"linea":"7-3-190","parcela":"7-3","palmas":11},"geometry":{"type":"LineString","coordinates":[[-72.992104,4.476354],[-72.991385,4.475977]]}},{"type":"Feature","properties":{"linea":"7-3-191","parcela":"7-3","palmas":11},"geometry":{"type":"LineString","coordinates":[[-72.992107,4.476435],[-72.991389,4.476058]]}},{"type":"Feature","properties":{"linea":"7-3-192","parcela":"7-3","palmas":11},"geometry":{"type":"LineString","coordinates":[[-72.992111,4.476516],[-72.991392,4.476139]]}},{"type":"Feature","properties":{"linea":"7-3-193","parcela":"7-3","palmas":11},"geometry":{"type":"LineString","coordinates":[[-72.992114,4.476598],[-72.991396,4.476221]]}},{"type":"Feature","properties":{"linea":"7-3-194","parcela":"7-3","palmas":11},"geometry":{"type":"LineString","coordinates":[[-72.992118,4.476679],[-72.991399,4.476302]]}},{"type":"Feature","properties":{"linea":"7-3-195","parcela":"7-3","palmas":11},"geometry":{"type":"LineString","coordinates":[[-72.992121,4.47676],[-72.991403,4.476383]]}},{"type":"Feature","properties":{"linea":"7-3-196","parcela":"7-3","palmas":11},"geometry":{"type":"LineString","coordinates":[[-72.992124,4.476842],[-72.991406,4.476465]]}},{"type":"Feature","properties":{"linea":"7-3-197","parcela":"7-3","palmas":11},"geometry":{"type":"LineString","coordinates":[[-72.992128,4.476923],[-72.991409,4.476546]]}},{"type":"Feature","properties":{"linea":"7-3-198","parcela":"7-3","palmas":11},"geometry":{"type":"LineString","coordinates":[[-72.992131,4.477004],[-72.991412,4.476627]]}},{"type":"Feature","properties":{"linea":"7-3-199","parcela":"7-3","palmas":11},"geometry":{"type":"LineString","coordinates":[[-72.992135,4.477086],[-72.991416,4.476709]]}},{"type":"Feature","properties":{"linea":"7-3-200","parcela":"7-3","palmas":11},"geometry":{"type":"LineString","coordinates":[[-72.992138,4.477167],[-72.991419,4.47679]]}},{"type":"Feature","properties":{"linea":"7-3-201","parcela":"7-3","palmas":11},"geometry":{"type":"LineString","coordinates":[[-72.992141,4.477248],[-72.991423,4.476871]]}},{"type":"Feature","properties":{"linea":"7-3-202","parcela":"7-3","palmas":11},"geometry":{"type":"LineString","coordinates":[[-72.992145,4.477329],[-72.991426,4.476953]]}},{"type":"Feature","properties":{"linea":"7-3-203","parcela":"7-3","palmas":11},"geometry":{"type":"LineString","coordinates":[[-72.992148,4.477411],[-72.99143,4.477034]]}},{"type":"Feature","properties":{"linea":"7-3-204","parcela":"7-3","palmas":11},"geometry":{"type":"LineString","coordinates":[[-72.992152,4.477492],[-72.991433,4.477115]]}},{"type":"Feature","properties":{"linea":"7-3-205","parcela":"7-3","palmas":11},"geometry":{"type":"LineString","coordinates":[[-72.992155,4.477573],[-72.991437,4.477196]]}},{"type":"Feature","properties":{"linea":"7-3-206","parcela":"7-3","palmas":10},"geometry":{"type":"LineString","coordinates":[[-72.992159,4.477654],[-72.991512,4.477316]]}},{"type":"Feature","properties":{"linea":"7-3-207","parcela":"7-3","palmas":10},"geometry":{"type":"LineString","coordinates":[[-72.992162,4.477736],[-72.991515,4.477397]]}},{"type":"Feature","properties":{"linea":"7-3-208","parcela":"7-3","palmas":10},"geometry":{"type":"LineString","coordinates":[[-72.992166,4.477817],[-72.991519,4.477478]]}},{"type":"Feature","properties":{"linea":"7-3-209","parcela":"7-3","palmas":10},"geometry":{"type":"LineString","coordinates":[[-72.992169,4.477898],[-72.991522,4.477559]]}},{"type":"Feature","properties":{"linea":"7-3-210","parcela":"7-3","palmas":11},"geometry":{"type":"LineString","coordinates":[[-72.992244,4.478017],[-72.991526,4.477641]]}},{"type":"Feature","properties":{"linea":"7-3-211","parcela":"7-3","palmas":11},"geometry":{"type":"LineString","coordinates":[[-72.992248,4.478099],[-72.991529,4.477722]]}},{"type":"Feature","properties":{"linea":"7-3-212","parcela":"7-3","palmas":11},"geometry":{"type":"LineString","coordinates":[[-72.992251,4.47818],[-72.991532,4.477803]]}},{"type":"Feature","properties":{"linea":"7-3-213","parcela":"7-3","palmas":11},"geometry":{"type":"LineString","coordinates":[[-72.992254,4.478261],[-72.991536,4.477884]]}},{"type":"Feature","properties":{"linea":"7-3-214","parcela":"7-3","palmas":11},"geometry":{"type":"LineString","coordinates":[[-72.992258,4.478343],[-72.991539,4.477966]]}},{"type":"Feature","properties":{"linea":"7-3-215","parcela":"7-3","palmas":11},"geometry":{"type":"LineString","coordinates":[[-72.992261,4.478424],[-72.991542,4.478047]]}},{"type":"Feature","properties":{"linea":"7-3-216","parcela":"7-3","palmas":11},"geometry":{"type":"LineString","coordinates":[[-72.992265,4.478505],[-72.991546,4.478128]]}},{"type":"Feature","properties":{"linea":"7-3-217","parcela":"7-3","palmas":10},"geometry":{"type":"LineString","coordinates":[[-72.992196,4.478549],[-72.991549,4.47821]]}},{"type":"Feature","properties":{"linea":"7-3-218","parcela":"7-3","palmas":10},"geometry":{"type":"LineString","coordinates":[[-72.9922,4.47863],[-72.991553,4.478291]]}},{"type":"Feature","properties":{"linea":"7-3-219","parcela":"7-3","palmas":10},"geometry":{"type":"LineString","coordinates":[[-72.992203,4.478711],[-72.991556,4.478372]]}},{"type":"Feature","properties":{"linea":"7-3-220","parcela":"7-3","palmas":10},"geometry":{"type":"LineString","coordinates":[[-72.992206,4.478793],[-72.99156,4.478454]]}},{"type":"Feature","properties":{"linea":"7-3-221","parcela":"7-3","palmas":10},"geometry":{"type":"LineString","coordinates":[[-72.99221,4.478874],[-72.991563,4.478535]]}},{"type":"Feature","properties":{"linea":"7-3-222","parcela":"7-3","palmas":10},"geometry":{"type":"LineString","coordinates":[[-72.992213,4.478955],[-72.991566,4.478616]]}},{"type":"Feature","properties":{"linea":"7-3-223","parcela":"7-3","palmas":10},"geometry":{"type":"LineString","coordinates":[[-72.992217,4.479037],[-72.99157,4.478697]]}},{"type":"Feature","properties":{"linea":"7-3-224","parcela":"7-3","palmas":11},"geometry":{"type":"LineString","coordinates":[[-72.99222,4.479118],[-72.991501,4.478741]]}},{"type":"Feature","properties":{"linea":"7-3-225","parcela":"7-3","palmas":11},"geometry":{"type":"LineString","coordinates":[[-72.992224,4.479199],[-72.991505,4.478822]]}},{"type":"Feature","properties":{"linea":"7-3-226","parcela":"7-3","palmas":11},"geometry":{"type":"LineString","coordinates":[[-72.992227,4.479281],[-72.991508,4.478904]]}},{"type":"Feature","properties":{"linea":"7-3-227","parcela":"7-3","palmas":11},"geometry":{"type":"LineString","coordinates":[[-72.99223,4.479362],[-72.991512,4.478985]]}},{"type":"Feature","properties":{"linea":"7-3-228","parcela":"7-3","palmas":12},"geometry":{"type":"LineString","coordinates":[[-72.992234,4.479443],[-72.991443,4.479029]]}},{"type":"Feature","properties":{"linea":"7-3-229","parcela":"7-3","palmas":12},"geometry":{"type":"LineString","coordinates":[[-72.992237,4.479524],[-72.991447,4.47911]]}},{"type":"Feature","properties":{"linea":"7-3-230","parcela":"7-3","palmas":13},"geometry":{"type":"LineString","coordinates":[[-72.992241,4.479606],[-72.991378,4.479154]]}},{"type":"Feature","properties":{"linea":"7-3-231","parcela":"7-3","palmas":13},"geometry":{"type":"LineString","coordinates":[[-72.992244,4.479687],[-72.991382,4.479235]]}},{"type":"Feature","properties":{"linea":"7-3-232","parcela":"7-3","palmas":13},"geometry":{"type":"LineString","coordinates":[[-72.992248,4.479768],[-72.991385,4.479316]]}},{"type":"Feature","properties":{"linea":"7-3-233","parcela":"7-3","palmas":13},"geometry":{"type":"LineString","coordinates":[[-72.992251,4.47985],[-72.991389,4.479398]]}},{"type":"Feature","properties":{"linea":"7-3-234","parcela":"7-3","palmas":13},"geometry":{"type":"LineString","coordinates":[[-72.992254,4.479931],[-72.991392,4.479479]]}},{"type":"Feature","properties":{"linea":"7-3-235","parcela":"7-3","palmas":13},"geometry":{"type":"LineString","coordinates":[[-72.992258,4.480012],[-72.991395,4.47956]]}},{"type":"Feature","properties":{"linea":"7-3-236","parcela":"7-3","palmas":13},"geometry":{"type":"LineString","coordinates":[[-72.992261,4.480094],[-72.991399,4.479641]]}},{"type":"Feature","properties":{"linea":"7-3-237","parcela":"7-3","palmas":13},"geometry":{"type":"LineString","coordinates":[[-72.992264,4.480175],[-72.991402,4.479723]]}},{"type":"Feature","properties":{"linea":"7-3-238","parcela":"7-3","palmas":13},"geometry":{"type":"LineString","coordinates":[[-72.992268,4.480256],[-72.991406,4.479804]]}},{"type":"Feature","properties":{"linea":"7-3-239","parcela":"7-3","palmas":13},"geometry":{"type":"LineString","coordinates":[[-72.992271,4.480338],[-72.991409,4.479885]]}},{"type":"Feature","properties":{"linea":"7-3-240","parcela":"7-3","palmas":13},"geometry":{"type":"LineString","coordinates":[[-72.992275,4.480419],[-72.991412,4.479967]]}},{"type":"Feature","properties":{"linea":"7-3-241","parcela":"7-3","palmas":14},"geometry":{"type":"LineString","coordinates":[[-72.992278,4.4805],[-72.991344,4.48001]]}},{"type":"Feature","properties":{"linea":"7-3-242","parcela":"7-3","palmas":14},"geometry":{"type":"LineString","coordinates":[[-72.992282,4.480581],[-72.991348,4.480092]]}},{"type":"Feature","properties":{"linea":"7-3-243","parcela":"7-3","palmas":14},"geometry":{"type":"LineString","coordinates":[[-72.992285,4.480663],[-72.991351,4.480173]]}},{"type":"Feature","properties":{"linea":"7-3-244","parcela":"7-3","palmas":14},"geometry":{"type":"LineString","coordinates":[[-72.992288,4.480744],[-72.991354,4.480254]]}},{"type":"Feature","properties":{"linea":"7-3-245","parcela":"7-3","palmas":15},"geometry":{"type":"LineString","coordinates":[[-72.992292,4.480825],[-72.991286,4.480298]]}},{"type":"Feature","properties":{"linea":"7-3-246","parcela":"7-3","palmas":15},"geometry":{"type":"LineString","coordinates":[[-72.992295,4.480907],[-72.991289,4.480379]]}},{"type":"Feature","properties":{"linea":"7-3-247","parcela":"7-3","palmas":15},"geometry":{"type":"LineString","coordinates":[[-72.992299,4.480988],[-72.991293,4.48046]]}},{"type":"Feature","properties":{"linea":"7-3-248","parcela":"7-3","palmas":16},"geometry":{"type":"LineString","coordinates":[[-72.992302,4.481069],[-72.991224,4.480504]]}},{"type":"Feature","properties":{"linea":"7-3-249","parcela":"7-3","palmas":17},"geometry":{"type":"LineString","coordinates":[[-72.992306,4.481151],[-72.991156,4.480548]]}},{"type":"Feature","properties":{"linea":"7-3-250","parcela":"7-3","palmas":18},"geometry":{"type":"LineString","coordinates":[[-72.992309,4.481232],[-72.991087,4.480591]]}},{"type":"Feature","properties":{"linea":"7-3-251","parcela":"7-3","palmas":19},"geometry":{"type":"LineString","coordinates":[[-72.992312,4.481313],[-72.991019,4.480635]]}},{"type":"Feature","properties":{"linea":"7-3-252","parcela":"7-3","palmas":20},"geometry":{"type":"LineString","coordinates":[[-72.992316,4.481394],[-72.99095,4.480679]]}},{"type":"Feature","properties":{"linea":"7-3-253","parcela":"7-3","palmas":21},"geometry":{"type":"LineString","coordinates":[[-72.992319,4.481476],[-72.990882,4.480722]]}},{"type":"Feature","properties":{"linea":"7-3-254","parcela":"7-3","palmas":23},"geometry":{"type":"LineString","coordinates":[[-72.992323,4.481557],[-72.990742,4.480728]]}},{"type":"Feature","properties":{"linea":"7-3-255","parcela":"7-3","palmas":24},"geometry":{"type":"LineString","coordinates":[[-72.992326,4.481638],[-72.990673,4.480772]]}},{"type":"Feature","properties":{"linea":"7-3-256","parcela":"7-3","palmas":24},"geometry":{"type":"LineString","coordinates":[[-72.992329,4.48172],[-72.990677,4.480853]]}},{"type":"Feature","properties":{"linea":"7-3-257","parcela":"7-3","palmas":25},"geometry":{"type":"LineString","coordinates":[[-72.992333,4.481801],[-72.990608,4.480897]]}},{"type":"Feature","properties":{"linea":"7-3-258","parcela":"7-3","palmas":26},"geometry":{"type":"LineString","coordinates":[[-72.992408,4.48192],[-72.990612,4.480978]]}},{"type":"Feature","properties":{"linea":"7-3-259","parcela":"7-3","palmas":26},"geometry":{"type":"LineString","coordinates":[[-72.992412,4.482001],[-72.990615,4.481059]]}},{"type":"Feature","properties":{"linea":"7-3-260","parcela":"7-3","palmas":26},"geometry":{"type":"LineString","coordinates":[[-72.992415,4.482082],[-72.990618,4.481141]]}},{"type":"Feature","properties":{"linea":"7-3-261","parcela":"7-3","palmas":26},"geometry":{"type":"LineString","coordinates":[[-72.992418,4.482164],[-72.990622,4.481222]]}},{"type":"Feature","properties":{"linea":"7-3-262","parcela":"7-3","palmas":26},"geometry":{"type":"LineString","coordinates":[[-72.992422,4.482245],[-72.990625,4.481303]]}},{"type":"Feature","properties":{"linea":"7-3-263","parcela":"7-3","palmas":26},"geometry":{"type":"LineString","coordinates":[[-72.992425,4.482326],[-72.990629,4.481384]]}},{"type":"Feature","properties":{"linea":"7-3-264","parcela":"7-3","palmas":26},"geometry":{"type":"LineString","coordinates":[[-72.992429,4.482408],[-72.990632,4.481466]]}},{"type":"Feature","properties":{"linea":"7-3-265","parcela":"7-3","palmas":25},"geometry":{"type":"LineString","coordinates":[[-72.99236,4.482451],[-72.990636,4.481547]]}},{"type":"Feature","properties":{"linea":"7-3-266","parcela":"7-3","palmas":26},"geometry":{"type":"LineString","coordinates":[[-72.992436,4.48257],[-72.990639,4.481628]]}},{"type":"Feature","properties":{"linea":"7-3-267","parcela":"7-3","palmas":26},"geometry":{"type":"LineString","coordinates":[[-72.992439,4.482652],[-72.990642,4.48171]]}},{"type":"Feature","properties":{"linea":"7-3-268","parcela":"7-3","palmas":26},"geometry":{"type":"LineString","coordinates":[[-72.992442,4.482733],[-72.990646,4.481791]]}},{"type":"Feature","properties":{"linea":"7-3-269","parcela":"7-3","palmas":26},"geometry":{"type":"LineString","coordinates":[[-72.992446,4.482814],[-72.990649,4.481872]]}},{"type":"Feature","properties":{"linea":"7-3-270","parcela":"7-3","palmas":26},"geometry":{"type":"LineString","coordinates":[[-72.992449,4.482896],[-72.990652,4.481954]]}},{"type":"Feature","properties":{"linea":"7-3-271","parcela":"7-3","palmas":26},"geometry":{"type":"LineString","coordinates":[[-72.992452,4.482977],[-72.990656,4.482035]]}},{"type":"Feature","properties":{"linea":"7-3-272","parcela":"7-3","palmas":26},"geometry":{"type":"LineString","coordinates":[[-72.992456,4.483058],[-72.990659,4.482116]]}},{"type":"Feature","properties":{"linea":"7-3-273","parcela":"7-3","palmas":25},"geometry":{"type":"LineString","coordinates":[[-72.992459,4.483139],[-72.990735,4.482235]]}},{"type":"Feature","properties":{"linea":"7-3-274","parcela":"7-3","palmas":25},"geometry":{"type":"LineString","coordinates":[[-72.992463,4.483221],[-72.990666,4.482279]]}},{"type":"Feature","properties":{"linea":"7-3-275","parcela":"7-3","palmas":25},"geometry":{"type":"LineString","coordinates":[[-72.992466,4.483302],[-72.99067,4.48236]]}},{"type":"Feature","properties":{"linea":"7-3-276","parcela":"7-3","palmas":25},"geometry":{"type":"LineString","coordinates":[[-72.99247,4.483383],[-72.990673,4.482441]]}},{"type":"Feature","properties":{"linea":"7-3-277","parcela":"7-3","palmas":25},"geometry":{"type":"LineString","coordinates":[[-72.992473,4.483465],[-72.990676,4.482522]]}},{"type":"Feature","properties":{"linea":"7-3-278","parcela":"7-3","palmas":25},"geometry":{"type":"LineString","coordinates":[[-72.992476,4.483546],[-72.99068,4.482604]]}},{"type":"Feature","properties":{"linea":"7-3-279","parcela":"7-3","palmas":25},"geometry":{"type":"LineString","coordinates":[[-72.99248,4.483627],[-72.990683,4.482685]]}},{"type":"Feature","properties":{"linea":"7-3-280","parcela":"7-3","palmas":25},"geometry":{"type":"LineString","coordinates":[[-72.992483,4.483709],[-72.990687,4.482766]]}},{"type":"Feature","properties":{"linea":"7-3-281","parcela":"7-3","palmas":25},"geometry":{"type":"LineString","coordinates":[[-72.992487,4.48379],[-72.99069,4.482848]]}},{"type":"Feature","properties":{"linea":"7-3-282","parcela":"7-3","palmas":25},"geometry":{"type":"LineString","coordinates":[[-72.99249,4.483871],[-72.990694,4.482929]]}},{"type":"Feature","properties":{"linea":"7-3-283","parcela":"7-3","palmas":25},"geometry":{"type":"LineString","coordinates":[[-72.992494,4.483953],[-72.990697,4.48301]]}},{"type":"Feature","properties":{"linea":"7-3-284","parcela":"7-3","palmas":24},"geometry":{"type":"LineString","coordinates":[[-72.992497,4.484034],[-72.9907,4.483092]]}},{"type":"Feature","properties":{"linea":"7-3-285","parcela":"7-3","palmas":25},"geometry":{"type":"LineString","coordinates":[[-72.9925,4.484115],[-72.990704,4.483173]]}},{"type":"Feature","properties":{"linea":"7-3-286","parcela":"7-3","palmas":25},"geometry":{"type":"LineString","coordinates":[[-72.992504,4.484196],[-72.990707,4.483254]]}},{"type":"Feature","properties":{"linea":"7-3-287","parcela":"7-3","palmas":24},"geometry":{"type":"LineString","coordinates":[[-72.992507,4.484278],[-72.990711,4.483336]]}},{"type":"Feature","properties":{"linea":"7-3-288","parcela":"7-3","palmas":24},"geometry":{"type":"LineString","coordinates":[[-72.992511,4.484359],[-72.990714,4.483417]]}},{"type":"Feature","properties":{"linea":"7-3-289","parcela":"7-3","palmas":25},"geometry":{"type":"LineString","coordinates":[[-72.992514,4.48444],[-72.990718,4.483498]]}},{"type":"Feature","properties":{"linea":"7-3-290","parcela":"7-3","palmas":25},"geometry":{"type":"LineString","coordinates":[[-72.992518,4.484522],[-72.990721,4.483579]]}},{"type":"Feature","properties":{"linea":"7-3-291","parcela":"7-3","palmas":25},"geometry":{"type":"LineString","coordinates":[[-72.992521,4.484603],[-72.990724,4.483661]]}},{"type":"Feature","properties":{"linea":"7-3-292","parcela":"7-3","palmas":25},"geometry":{"type":"LineString","coordinates":[[-72.992524,4.484684],[-72.990728,4.483742]]}},{"type":"Feature","properties":{"linea":"7-3-293","parcela":"7-3","palmas":25},"geometry":{"type":"LineString","coordinates":[[-72.992528,4.484766],[-72.990731,4.483823]]}},{"type":"Feature","properties":{"linea":"7-3-294","parcela":"7-3","palmas":25},"geometry":{"type":"LineString","coordinates":[[-72.992531,4.484847],[-72.990734,4.483905]]}},{"type":"Feature","properties":{"linea":"7-3-295","parcela":"7-3","palmas":25},"geometry":{"type":"LineString","coordinates":[[-72.992534,4.484928],[-72.990738,4.483986]]}},{"type":"Feature","properties":{"linea":"7-3-296","parcela":"7-3","palmas":26},"geometry":{"type":"LineString","coordinates":[[-72.992538,4.485009],[-72.990741,4.484067]]}},{"type":"Feature","properties":{"linea":"7-3-297","parcela":"7-3","palmas":26},"geometry":{"type":"LineString","coordinates":[[-72.992541,4.485091],[-72.990745,4.484149]]}},{"type":"Feature","properties":{"linea":"7-3-298","parcela":"7-3","palmas":26},"geometry":{"type":"LineString","coordinates":[[-72.992545,4.485172],[-72.990748,4.48423]]}},{"type":"Feature","properties":{"linea":"7-3-299","parcela":"7-3","palmas":26},"geometry":{"type":"LineString","coordinates":[[-72.992548,4.485253],[-72.990752,4.484311]]}},{"type":"Feature","properties":{"linea":"7-3-300","parcela":"7-3","palmas":26},"geometry":{"type":"LineString","coordinates":[[-72.992552,4.485334],[-72.990755,4.484393]]}},{"type":"Feature","properties":{"linea":"7-3-301","parcela":"7-3","palmas":26},"geometry":{"type":"LineString","coordinates":[[-72.992555,4.485416],[-72.990758,4.484474]]}},{"type":"Feature","properties":{"linea":"7-3-302","parcela":"7-3","palmas":26},"geometry":{"type":"LineString","coordinates":[[-72.992558,4.485497],[-72.990762,4.484555]]}},{"type":"Feature","properties":{"linea":"7-3-303","parcela":"7-3","palmas":26},"geometry":{"type":"LineString","coordinates":[[-72.992562,4.485578],[-72.990765,4.484636]]}},{"type":"Feature","properties":{"linea":"7-3-304","parcela":"7-3","palmas":26},"geometry":{"type":"LineString","coordinates":[[-72.992565,4.48566],[-72.990769,4.484718]]}},{"type":"Feature","properties":{"linea":"7-3-305","parcela":"7-3","palmas":26},"geometry":{"type":"LineString","coordinates":[[-72.992569,4.485741],[-72.990772,4.484799]]}},{"type":"Feature","properties":{"linea":"7-3-306","parcela":"7-3","palmas":25},"geometry":{"type":"LineString","coordinates":[[-72.9925,4.485785],[-72.990776,4.48488]]}},{"type":"Feature","properties":{"linea":"7-3-307","parcela":"7-3","palmas":26},"geometry":{"type":"LineString","coordinates":[[-72.992576,4.485904],[-72.990779,4.484962]]}},{"type":"Feature","properties":{"linea":"7-3-308","parcela":"7-3","palmas":26},"geometry":{"type":"LineString","coordinates":[[-72.992579,4.485985],[-72.990782,4.485043]]}},{"type":"Feature","properties":{"linea":"7-3-309","parcela":"7-3","palmas":27},"geometry":{"type":"LineString","coordinates":[[-72.992582,4.486066],[-72.990714,4.485087]]}},{"type":"Feature","properties":{"linea":"7-3-310","parcela":"7-3","palmas":27},"geometry":{"type":"LineString","coordinates":[[-72.992586,4.486148],[-72.990717,4.485168]]}},{"type":"Feature","properties":{"linea":"7-3-311","parcela":"7-3","palmas":27},"geometry":{"type":"LineString","coordinates":[[-72.992589,4.486229],[-72.990721,4.485249]]}},{"type":"Feature","properties":{"linea":"7-3-312","parcela":"7-3","palmas":26},"geometry":{"type":"LineString","coordinates":[[-72.992521,4.486273],[-72.990724,4.485331]]}},{"type":"Feature","properties":{"linea":"7-3-313","parcela":"7-3","palmas":24},"geometry":{"type":"LineString","coordinates":[[-72.992381,4.486278],[-72.990728,4.485412]]}},{"type":"Feature","properties":{"linea":"7-3-314","parcela":"7-3","palmas":23},"geometry":{"type":"LineString","coordinates":[[-72.992312,4.486322],[-72.990731,4.485493]]}},{"type":"Feature","properties":{"linea":"7-3-315","parcela":"7-3","palmas":21},"geometry":{"type":"LineString","coordinates":[[-72.992172,4.486328],[-72.990734,4.485574]]}},{"type":"Feature","properties":{"linea":"7-3-316","parcela":"7-3","palmas":19},"geometry":{"type":"LineString","coordinates":[[-72.992031,4.486334],[-72.990738,4.485656]]}},{"type":"Feature","properties":{"linea":"7-3-317","parcela":"7-3","palmas":17},"geometry":{"type":"LineString","coordinates":[[-72.991891,4.48634],[-72.990741,4.485737]]}},{"type":"Feature","properties":{"linea":"7-3-318","parcela":"7-3","palmas":15},"geometry":{"type":"LineString","coordinates":[[-72.991751,4.486346],[-72.990745,4.485818]]}},{"type":"Feature","properties":{"linea":"7-3-319","parcela":"7-3","palmas":12},"geometry":{"type":"LineString","coordinates":[[-72.991539,4.486314],[-72.990748,4.485899]]}},{"type":"Feature","properties":{"linea":"7-3-320","parcela":"7-3","palmas":11},"geometry":{"type":"LineString","coordinates":[[-72.99147,4.486358],[-72.990751,4.485981]]}},{"type":"Feature","properties":{"linea":"7-3-321","parcela":"7-3","palmas":9},"geometry":{"type":"LineString","coordinates":[[-72.99133,4.486364],[-72.990755,4.486062]]}},{"type":"Feature","properties":{"linea":"7-3-322","parcela":"7-3","palmas":8},"geometry":{"type":"LineString","coordinates":[[-72.991261,4.486407],[-72.990758,4.486144]]}},{"type":"Feature","properties":{"linea":"7-3-323","parcela":"7-3","palmas":6},"geometry":{"type":"LineString","coordinates":[[-72.991121,4.486413],[-72.990762,4.486225]]}},{"type":"Feature","properties":{"linea":"7-3-324","parcela":"7-3","palmas":4},"geometry":{"type":"LineString","coordinates":[[-72.990981,4.486419],[-72.990765,4.486306]]}},{"type":"Feature","properties":{"linea":"7-3-325","parcela":"7-3","palmas":2},"geometry":{"type":"LineString","coordinates":[[-72.990841,4.486425],[-72.990769,4.486388]]}},{"type":"Feature","properties":{"linea":"7-4-2","parcela":"7-4","palmas":2},"geometry":{"type":"LineString","coordinates":[[-72.987862,4.468636],[-72.98793,4.468592]]}},{"type":"Feature","properties":{"linea":"7-4-3","parcela":"7-4","palmas":4},"geometry":{"type":"LineString","coordinates":[[-72.987865,4.468717],[-72.988071,4.468586]]}},{"type":"Feature","properties":{"linea":"7-4-4","parcela":"7-4","palmas":5},"geometry":{"type":"LineString","coordinates":[[-72.987869,4.468798],[-72.988142,4.468624]]}},{"type":"Feature","properties":{"linea":"7-4-5","parcela":"7-4","palmas":6},"geometry":{"type":"LineString","coordinates":[[-72.987872,4.468879],[-72.988214,4.468661]]}},{"type":"Feature","properties":{"linea":"7-4-6","parcela":"7-4","palmas":7},"geometry":{"type":"LineString","coordinates":[[-72.987876,4.468961],[-72.988286,4.468699]]}},{"type":"Feature","properties":{"linea":"7-4-7","parcela":"7-4","palmas":8},"geometry":{"type":"LineString","coordinates":[[-72.987879,4.469042],[-72.988358,4.468737]]}},{"type":"Feature","properties":{"linea":"7-4-8","parcela":"7-4","palmas":9},"geometry":{"type":"LineString","coordinates":[[-72.987882,4.469123],[-72.98843,4.468774]]}},{"type":"Feature","properties":{"linea":"7-4-9","parcela":"7-4","palmas":10},"geometry":{"type":"LineString","coordinates":[[-72.987886,4.469205],[-72.988502,4.468812]]}},{"type":"Feature","properties":{"linea":"7-4-10","parcela":"7-4","palmas":11},"geometry":{"type":"LineString","coordinates":[[-72.987889,4.469286],[-72.988574,4.46885]]}},{"type":"Feature","properties":{"linea":"7-4-11","parcela":"7-4","palmas":12},"geometry":{"type":"LineString","coordinates":[[-72.987893,4.469367],[-72.988645,4.468888]]}},{"type":"Feature","properties":{"linea":"7-4-12","parcela":"7-4","palmas":13},"geometry":{"type":"LineString","coordinates":[[-72.987896,4.469449],[-72.988717,4.468925]]}},{"type":"Feature","properties":{"linea":"7-4-13","parcela":"7-4","palmas":14},"geometry":{"type":"LineString","coordinates":[[-72.987899,4.46953],[-72.988789,4.468963]]}},{"type":"Feature","properties":{"linea":"7-4-14","parcela":"7-4","palmas":15},"geometry":{"type":"LineString","coordinates":[[-72.987903,4.469611],[-72.988861,4.469001]]}},{"type":"Feature","properties":{"linea":"7-4-15","parcela":"7-4","palmas":17},"geometry":{"type":"LineString","coordinates":[[-72.987906,4.469692],[-72.989001,4.468995]]}},{"type":"Feature","properties":{"linea":"7-4-16","parcela":"7-4","palmas":18},"geometry":{"type":"LineString","coordinates":[[-72.98791,4.469774],[-72.989073,4.469032]]}},{"type":"Feature","properties":{"linea":"7-4-17","parcela":"7-4","palmas":19},"geometry":{"type":"LineString","coordinates":[[-72.987913,4.469855],[-72.989145,4.46907]]}},{"type":"Feature","properties":{"linea":"7-4-18","parcela":"7-4","palmas":20},"geometry":{"type":"LineString","coordinates":[[-72.987916,4.469936],[-72.989217,4.469108]]}},{"type":"Feature","properties":{"linea":"7-4-19","parcela":"7-4","palmas":21},"geometry":{"type":"LineString","coordinates":[[-72.98792,4.470018],[-72.989289,4.469145]]}},{"type":"Feature","properties":{"linea":"7-4-20","parcela":"7-4","palmas":22},"geometry":{"type":"LineString","coordinates":[[-72.987923,4.470099],[-72.989361,4.469183]]}},{"type":"Feature","properties":{"linea":"7-4-21","parcela":"7-4","palmas":23},"geometry":{"type":"LineString","coordinates":[[-72.987927,4.47018],[-72.989433,4.469221]]}},{"type":"Feature","properties":{"linea":"7-4-22","parcela":"7-4","palmas":24},"geometry":{"type":"LineString","coordinates":[[-72.98793,4.470262],[-72.989504,4.469258]]}},{"type":"Feature","properties":{"linea":"7-4-23","parcela":"7-4","palmas":25},"geometry":{"type":"LineString","coordinates":[[-72.987934,4.470343],[-72.989576,4.469296]]}},{"type":"Feature","properties":{"linea":"7-4-24","parcela":"7-4","palmas":26},"geometry":{"type":"LineString","coordinates":[[-72.987937,4.470424],[-72.989648,4.469334]]}},{"type":"Feature","properties":{"linea":"7-4-25","parcela":"7-4","palmas":28},"geometry":{"type":"LineString","coordinates":[[-72.98794,4.470506],[-72.989788,4.469328]]}},{"type":"Feature","properties":{"linea":"7-4-26","parcela":"7-4","palmas":29},"geometry":{"type":"LineString","coordinates":[[-72.987944,4.470587],[-72.98986,4.469366]]}},{"type":"Feature","properties":{"linea":"7-4-27","parcela":"7-4","palmas":29},"geometry":{"type":"LineString","coordinates":[[-72.987947,4.470668],[-72.989864,4.469447]]}},{"type":"Feature","properties":{"linea":"7-4-28","parcela":"7-4","palmas":29},"geometry":{"type":"LineString","coordinates":[[-72.987951,4.470749],[-72.989867,4.469528]]}},{"type":"Feature","properties":{"linea":"7-4-29","parcela":"7-4","palmas":29},"geometry":{"type":"LineString","coordinates":[[-72.987954,4.470831],[-72.989871,4.469609]]}},{"type":"Feature","properties":{"linea":"7-4-30","parcela":"7-4","palmas":29},"geometry":{"type":"LineString","coordinates":[[-72.987958,4.470912],[-72.989874,4.469691]]}},{"type":"Feature","properties":{"linea":"7-4-31","parcela":"7-4","palmas":29},"geometry":{"type":"LineString","coordinates":[[-72.987961,4.470993],[-72.989877,4.469772]]}},{"type":"Feature","properties":{"linea":"7-4-32","parcela":"7-4","palmas":29},"geometry":{"type":"LineString","coordinates":[[-72.987964,4.471075],[-72.989881,4.469853]]}},{"type":"Feature","properties":{"linea":"7-4-33","parcela":"7-4","palmas":28},"geometry":{"type":"LineString","coordinates":[[-72.987968,4.471156],[-72.989816,4.469978]]}},{"type":"Feature","properties":{"linea":"7-4-34","parcela":"7-4","palmas":28},"geometry":{"type":"LineString","coordinates":[[-72.987971,4.471237],[-72.989819,4.470059]]}},{"type":"Feature","properties":{"linea":"7-4-35","parcela":"7-4","palmas":28},"geometry":{"type":"LineString","coordinates":[[-72.987974,4.471319],[-72.989823,4.470141]]}},{"type":"Feature","properties":{"linea":"7-4-36","parcela":"7-4","palmas":27},"geometry":{"type":"LineString","coordinates":[[-72.987978,4.4714],[-72.989756,4.470267]]}},{"type":"Feature","properties":{"linea":"7-4-37","parcela":"7-4","palmas":27},"geometry":{"type":"LineString","coordinates":[[-72.987981,4.471481],[-72.989693,4.470391]]}},{"type":"Feature","properties":{"linea":"7-4-38","parcela":"7-4","palmas":24},"geometry":{"type":"LineString","coordinates":[[-72.987985,4.471563],[-72.989559,4.470559]]}},{"type":"Feature","properties":{"linea":"7-4-39","parcela":"7-4","palmas":24},"geometry":{"type":"LineString","coordinates":[[-72.987988,4.471644],[-72.989563,4.470641]]}},{"type":"Feature","properties":{"linea":"7-4-40","parcela":"7-4","palmas":23},"geometry":{"type":"LineString","coordinates":[[-72.987992,4.471725],[-72.989497,4.470766]]}},{"type":"Feature","properties":{"linea":"7-4-41","parcela":"7-4","palmas":22},"geometry":{"type":"LineString","coordinates":[[-72.987995,4.471806],[-72.989432,4.47089]]}},{"type":"Feature","properties":{"linea":"7-4-42","parcela":"7-4","palmas":21},"geometry":{"type":"LineString","coordinates":[[-72.987998,4.471888],[-72.989367,4.471015]]}},{"type":"Feature","properties":{"linea":"7-4-43","parcela":"7-4","palmas":20},"geometry":{"type":"LineString","coordinates":[[-72.988002,4.471969],[-72.989302,4.47114]]}},{"type":"Feature","properties":{"linea":"7-4-44","parcela":"7-4","palmas":19},"geometry":{"type":"LineString","coordinates":[[-72.988005,4.47205],[-72.989237,4.471265]]}},{"type":"Feature","properties":{"linea":"7-4-45","parcela":"7-4","palmas":18},"geometry":{"type":"LineString","coordinates":[[-72.988009,4.472132],[-72.989172,4.47139]]}},{"type":"Feature","properties":{"linea":"7-4-46","parcela":"7-4","palmas":17},"geometry":{"type":"LineString","coordinates":[[-72.988012,4.472213],[-72.989107,4.471515]]}},{"type":"Feature","properties":{"linea":"7-4-47","parcela":"7-4","palmas":16},"geometry":{"type":"LineString","coordinates":[[-72.988016,4.472294],[-72.989042,4.47164]]}},{"type":"Feature","properties":{"linea":"7-4-48","parcela":"7-4","palmas":15},"geometry":{"type":"LineString","coordinates":[[-72.988019,4.472376],[-72.988977,4.471765]]}},{"type":"Feature","properties":{"linea":"7-4-49","parcela":"7-4","palmas":13},"geometry":{"type":"LineString","coordinates":[[-72.988022,4.472457],[-72.988844,4.471933]]}},{"type":"Feature","properties":{"linea":"7-4-50","parcela":"7-4","palmas":12},"geometry":{"type":"LineString","coordinates":[[-72.988026,4.472538],[-72.988779,4.472058]]}},{"type":"Feature","properties":{"linea":"7-4-51","parcela":"7-4","palmas":12},"geometry":{"type":"LineString","coordinates":[[-72.988029,4.472619],[-72.988782,4.472139]]}},{"type":"Feature","properties":{"linea":"7-4-52","parcela":"7-4","palmas":11},"geometry":{"type":"LineString","coordinates":[[-72.988033,4.472701],[-72.988717,4.472264]]}},{"type":"Feature","properties":{"linea":"7-4-53","parcela":"7-4","palmas":10},"geometry":{"type":"LineString","coordinates":[[-72.988036,4.472782],[-72.988652,4.472389]]}},{"type":"Feature","properties":{"linea":"7-4-54","parcela":"7-4","palmas":9},"geometry":{"type":"LineString","coordinates":[[-72.988039,4.472863],[-72.988587,4.472514]]}},{"type":"Feature","properties":{"linea":"7-4-55","parcela":"7-4","palmas":8},"geometry":{"type":"LineString","coordinates":[[-72.988043,4.472945],[-72.988522,4.472639]]}},{"type":"Feature","properties":{"linea":"7-4-56","parcela":"7-4","palmas":7},"geometry":{"type":"LineString","coordinates":[[-72.988046,4.473026],[-72.988457,4.472764]]}},{"type":"Feature","properties":{"linea":"7-4-57","parcela":"7-4","palmas":6},"geometry":{"type":"LineString","coordinates":[[-72.98805,4.473107],[-72.988392,4.472889]]}},{"type":"Feature","properties":{"linea":"7-4-58","parcela":"7-4","palmas":5},"geometry":{"type":"LineString","coordinates":[[-72.988053,4.473189],[-72.988327,4.473014]]}},{"type":"Feature","properties":{"linea":"7-4-59","parcela":"7-4","palmas":4},"geometry":{"type":"LineString","coordinates":[[-72.988056,4.47327],[-72.988262,4.473139]]}},{"type":"Feature","properties":{"linea":"7-4-60","parcela":"7-4","palmas":3},"geometry":{"type":"LineString","coordinates":[[-72.98806,4.473351],[-72.988197,4.473264]]}},{"type":"Feature","properties":{"linea":"7-4-79","parcela":"7-4","palmas":2},"geometry":{"type":"LineString","coordinates":[[-72.988125,4.474896],[-72.988193,4.474852]]}},{"type":"Feature","properties":{"linea":"7-4-80","parcela":"7-4","palmas":3},"geometry":{"type":"LineString","coordinates":[[-72.988128,4.474977],[-72.988265,4.47489]]}},{"type":"Feature","properties":{"linea":"7-4-81","parcela":"7-4","palmas":4},"geometry":{"type":"LineString","coordinates":[[-72.988132,4.475058],[-72.988337,4.474927]]}},{"type":"Feature","properties":{"linea":"7-4-82","parcela":"7-4","palmas":5},"geometry":{"type":"LineString","coordinates":[[-72.988135,4.47514],[-72.988409,4.474965]]}},{"type":"Feature","properties":{"linea":"7-4-83","parcela":"7-4","palmas":6},"geometry":{"type":"LineString","coordinates":[[-72.988139,4.475221],[-72.988481,4.475003]]}},{"type":"Feature","properties":{"linea":"7-4-84","parcela":"7-4","palmas":7},"geometry":{"type":"LineString","coordinates":[[-72.988142,4.475302],[-72.988552,4.475041]]}},{"type":"Feature","properties":{"linea":"7-4-85","parcela":"7-4","palmas":8},"geometry":{"type":"LineString","coordinates":[[-72.988145,4.475384],[-72.988624,4.475078]]}},{"type":"Feature","properties":{"linea":"7-4-86","parcela":"7-4","palmas":9},"geometry":{"type":"LineString","coordinates":[[-72.988149,4.475465],[-72.988696,4.475116]]}},{"type":"Feature","properties":{"linea":"7-4-87","parcela":"7-4","palmas":9},"geometry":{"type":"LineString","coordinates":[[-72.988221,4.475503],[-72.988768,4.475154]]}},{"type":"Feature","properties":{"linea":"7-4-88","parcela":"7-4","palmas":10},"geometry":{"type":"LineString","coordinates":[[-72.988224,4.475584],[-72.98884,4.475191]]}},{"type":"Feature","properties":{"linea":"7-4-89","parcela":"7-4","palmas":11},"geometry":{"type":"LineString","coordinates":[[-72.988228,4.475665],[-72.988912,4.475229]]}},{"type":"Feature","properties":{"linea":"7-4-90","parcela":"7-4","palmas":11},"geometry":{"type":"LineString","coordinates":[[-72.988231,4.475746],[-72.988915,4.47531]]}},{"type":"Feature","properties":{"linea":"7-4-91","parcela":"7-4","palmas":11},"geometry":{"type":"LineString","coordinates":[[-72.988234,4.475828],[-72.988919,4.475392]]}},{"type":"Feature","properties":{"linea":"7-4-92","parcela":"7-4","palmas":11},"geometry":{"type":"LineString","coordinates":[[-72.988238,4.475909],[-72.988922,4.475473]]}},{"type":"Feature","properties":{"linea":"7-4-93","parcela":"7-4","palmas":11},"geometry":{"type":"LineString","coordinates":[[-72.988241,4.475991],[-72.988926,4.475554]]}},{"type":"Feature","properties":{"linea":"7-4-94","parcela":"7-4","palmas":11},"geometry":{"type":"LineString","coordinates":[[-72.988244,4.476072],[-72.988929,4.475636]]}},{"type":"Feature","properties":{"linea":"7-4-95","parcela":"7-4","palmas":11},"geometry":{"type":"LineString","coordinates":[[-72.988248,4.476153],[-72.988933,4.475717]]}},{"type":"Feature","properties":{"linea":"7-4-96","parcela":"7-4","palmas":11},"geometry":{"type":"LineString","coordinates":[[-72.988251,4.476234],[-72.988936,4.475798]]}},{"type":"Feature","properties":{"linea":"7-4-97","parcela":"7-4","palmas":11},"geometry":{"type":"LineString","coordinates":[[-72.988255,4.476316],[-72.988939,4.475879]]}},{"type":"Feature","properties":{"linea":"7-4-98","parcela":"7-4","palmas":11},"geometry":{"type":"LineString","coordinates":[[-72.988258,4.476397],[-72.988943,4.475961]]}},{"type":"Feature","properties":{"linea":"7-4-99","parcela":"7-4","palmas":11},"geometry":{"type":"LineString","coordinates":[[-72.988262,4.476478],[-72.988946,4.476042]]}},{"type":"Feature","properties":{"linea":"7-4-100","parcela":"7-4","palmas":11},"geometry":{"type":"LineString","coordinates":[[-72.988265,4.476559],[-72.988949,4.476123]]}},{"type":"Feature","properties":{"linea":"7-4-101","parcela":"7-4","palmas":11},"geometry":{"type":"LineString","coordinates":[[-72.988268,4.476641],[-72.988953,4.476205]]}},{"type":"Feature","properties":{"linea":"7-4-102","parcela":"7-4","palmas":11},"geometry":{"type":"LineString","coordinates":[[-72.988272,4.476722],[-72.988956,4.476286]]}},{"type":"Feature","properties":{"linea":"7-4-103","parcela":"7-4","palmas":11},"geometry":{"type":"LineString","coordinates":[[-72.988275,4.476803],[-72.98896,4.476367]]}},{"type":"Feature","properties":{"linea":"7-4-104","parcela":"7-4","palmas":11},"geometry":{"type":"LineString","coordinates":[[-72.988279,4.476885],[-72.988963,4.476449]]}},{"type":"Feature","properties":{"linea":"7-4-105","parcela":"7-4","palmas":11},"geometry":{"type":"LineString","coordinates":[[-72.988282,4.476966],[-72.988967,4.47653]]}},{"type":"Feature","properties":{"linea":"7-4-106","parcela":"7-4","palmas":11},"geometry":{"type":"LineString","coordinates":[[-72.988286,4.477047],[-72.98897,4.476611]]}},{"type":"Feature","properties":{"linea":"7-4-107","parcela":"7-4","palmas":11},"geometry":{"type":"LineString","coordinates":[[-72.988289,4.477129],[-72.988973,4.476693]]}},{"type":"Feature","properties":{"linea":"7-4-108","parcela":"7-4","palmas":11},"geometry":{"type":"LineString","coordinates":[[-72.988292,4.47721],[-72.988977,4.476774]]}},{"type":"Feature","properties":{"linea":"7-4-109","parcela":"7-4","palmas":11},"geometry":{"type":"LineString","coordinates":[[-72.988296,4.477291],[-72.98898,4.476855]]}},{"type":"Feature","properties":{"linea":"7-4-110","parcela":"7-4","palmas":11},"geometry":{"type":"LineString","coordinates":[[-72.988299,4.477373],[-72.988984,4.476936]]}},{"type":"Feature","properties":{"linea":"7-4-111","parcela":"7-4","palmas":11},"geometry":{"type":"LineString","coordinates":[[-72.988303,4.477454],[-72.988987,4.477018]]}},{"type":"Feature","properties":{"linea":"7-4-112","parcela":"7-4","palmas":11},"geometry":{"type":"LineString","coordinates":[[-72.988306,4.477535],[-72.988991,4.477099]]}},{"type":"Feature","properties":{"linea":"7-4-113","parcela":"7-4","palmas":11},"geometry":{"type":"LineString","coordinates":[[-72.988309,4.477616],[-72.988994,4.47718]]}},{"type":"Feature","properties":{"linea":"7-4-114","parcela":"7-4","palmas":11},"geometry":{"type":"LineString","coordinates":[[-72.988313,4.477698],[-72.988997,4.477262]]}},{"type":"Feature","properties":{"linea":"7-4-115","parcela":"7-4","palmas":11},"geometry":{"type":"LineString","coordinates":[[-72.988316,4.477779],[-72.989001,4.477343]]}},{"type":"Feature","properties":{"linea":"7-4-116","parcela":"7-4","palmas":11},"geometry":{"type":"LineString","coordinates":[[-72.98832,4.47786],[-72.989004,4.477424]]}},{"type":"Feature","properties":{"linea":"7-4-117","parcela":"7-4","palmas":11},"geometry":{"type":"LineString","coordinates":[[-72.988323,4.477942],[-72.989007,4.477506]]}},{"type":"Feature","properties":{"linea":"7-4-118","parcela":"7-4","palmas":11},"geometry":{"type":"LineString","coordinates":[[-72.988326,4.478023],[-72.989011,4.477587]]}},{"type":"Feature","properties":{"linea":"7-4-119","parcela":"7-4","palmas":11},"geometry":{"type":"LineString","coordinates":[[-72.98833,4.478104],[-72.989014,4.477668]]}},{"type":"Feature","properties":{"linea":"7-4-120","parcela":"7-4","palmas":11},"geometry":{"type":"LineString","coordinates":[[-72.988333,4.478186],[-72.989018,4.477749]]}},{"type":"Feature","properties":{"linea":"7-4-121","parcela":"7-4","palmas":11},"geometry":{"type":"LineString","coordinates":[[-72.988337,4.478267],[-72.989021,4.477831]]}},{"type":"Feature","properties":{"linea":"7-4-122","parcela":"7-4","palmas":11},"geometry":{"type":"LineString","coordinates":[[-72.98834,4.478348],[-72.989025,4.477912]]}},{"type":"Feature","properties":{"linea":"7-4-123","parcela":"7-4","palmas":11},"geometry":{"type":"LineString","coordinates":[[-72.988344,4.478429],[-72.989028,4.477993]]}},{"type":"Feature","properties":{"linea":"7-4-124","parcela":"7-4","palmas":11},"geometry":{"type":"LineString","coordinates":[[-72.988347,4.478511],[-72.989031,4.478074]]}},{"type":"Feature","properties":{"linea":"7-4-125","parcela":"7-4","palmas":11},"geometry":{"type":"LineString","coordinates":[[-72.988351,4.478592],[-72.989035,4.478156]]}},{"type":"Feature","properties":{"linea":"7-4-126","parcela":"7-4","palmas":11},"geometry":{"type":"LineString","coordinates":[[-72.988354,4.478673],[-72.989038,4.478237]]}},{"type":"Feature","properties":{"linea":"7-4-127","parcela":"7-4","palmas":11},"geometry":{"type":"LineString","coordinates":[[-72.988357,4.478755],[-72.989042,4.478318]]}},{"type":"Feature","properties":{"linea":"7-4-128","parcela":"7-4","palmas":11},"geometry":{"type":"LineString","coordinates":[[-72.988361,4.478836],[-72.989045,4.4784]]}},{"type":"Feature","properties":{"linea":"7-4-129","parcela":"7-4","palmas":11},"geometry":{"type":"LineString","coordinates":[[-72.988364,4.478917],[-72.989049,4.478481]]}},{"type":"Feature","properties":{"linea":"7-4-130","parcela":"7-4","palmas":11},"geometry":{"type":"LineString","coordinates":[[-72.988367,4.478999],[-72.989052,4.478562]]}},{"type":"Feature","properties":{"linea":"7-4-131","parcela":"7-4","palmas":11},"geometry":{"type":"LineString","coordinates":[[-72.988371,4.47908],[-72.989055,4.478644]]}},{"type":"Feature","properties":{"linea":"7-4-132","parcela":"7-4","palmas":11},"geometry":{"type":"LineString","coordinates":[[-72.988374,4.479161],[-72.989059,4.478725]]}},{"type":"Feature","properties":{"linea":"7-4-133","parcela":"7-4","palmas":11},"geometry":{"type":"LineString","coordinates":[[-72.988378,4.479242],[-72.989062,4.478806]]}},{"type":"Feature","properties":{"linea":"7-4-134","parcela":"7-4","palmas":12},"geometry":{"type":"LineString","coordinates":[[-72.988381,4.479324],[-72.989134,4.478844]]}},{"type":"Feature","properties":{"linea":"7-4-135","parcela":"7-4","palmas":12},"geometry":{"type":"LineString","coordinates":[[-72.988385,4.479405],[-72.989137,4.478925]]}},{"type":"Feature","properties":{"linea":"7-4-136","parcela":"7-4","palmas":12},"geometry":{"type":"LineString","coordinates":[[-72.988388,4.479486],[-72.989141,4.479007]]}},{"type":"Feature","properties":{"linea":"7-4-137","parcela":"7-4","palmas":12},"geometry":{"type":"LineString","coordinates":[[-72.988391,4.479568],[-72.989144,4.479088]]}},{"type":"Feature","properties":{"linea":"7-4-138","parcela":"7-4","palmas":12},"geometry":{"type":"LineString","coordinates":[[-72.988395,4.479649],[-72.989148,4.479169]]}},{"type":"Feature","properties":{"linea":"7-4-139","parcela":"7-4","palmas":12},"geometry":{"type":"LineString","coordinates":[[-72.988398,4.47973],[-72.989151,4.479251]]}},{"type":"Feature","properties":{"linea":"7-4-140","parcela":"7-4","palmas":12},"geometry":{"type":"LineString","coordinates":[[-72.988402,4.479812],[-72.989154,4.479332]]}},{"type":"Feature","properties":{"linea":"7-4-141","parcela":"7-4","palmas":12},"geometry":{"type":"LineString","coordinates":[[-72.988405,4.479893],[-72.989158,4.479413]]}},{"type":"Feature","properties":{"linea":"7-4-142","parcela":"7-4","palmas":12},"geometry":{"type":"LineString","coordinates":[[-72.988409,4.479974],[-72.989161,4.479494]]}},{"type":"Feature","properties":{"linea":"7-4-143","parcela":"7-4","palmas":12},"geometry":{"type":"LineString","coordinates":[[-72.988412,4.480056],[-72.989165,4.479576]]}},{"type":"Feature","properties":{"linea":"7-4-144","parcela":"7-4","palmas":12},"geometry":{"type":"LineString","coordinates":[[-72.988415,4.480137],[-72.989168,4.479657]]}},{"type":"Feature","properties":{"linea":"7-4-146","parcela":"7-4","palmas":2},"geometry":{"type":"LineString","coordinates":[[-72.989305,4.47957],[-72.989233,4.479532]]}},{"type":"Feature","properties":{"linea":"7-4-147","parcela":"7-4","palmas":3},"geometry":{"type":"LineString","coordinates":[[-72.989374,4.479526],[-72.98923,4.479451]]}},{"type":"Feature","properties":{"linea":"7-4-148","parcela":"7-4","palmas":4},"geometry":{"type":"LineString","coordinates":[[-72.989442,4.479483],[-72.989226,4.479369]]}},{"type":"Feature","properties":{"linea":"7-4-149","parcela":"7-4","palmas":5},"geometry":{"type":"LineString","coordinates":[[-72.989511,4.479439],[-72.989223,4.479288]]}},{"type":"Feature","properties":{"linea":"7-4-150","parcela":"7-4","palmas":6},"geometry":{"type":"LineString","coordinates":[[-72.989579,4.479395],[-72.98922,4.479207]]}},{"type":"Feature","properties":{"linea":"7-4-151","parcela":"7-4","palmas":7},"geometry":{"type":"LineString","coordinates":[[-72.989648,4.479352],[-72.989216,4.479126]]}},{"type":"Feature","properties":{"linea":"7-4-152","parcela":"7-4","palmas":8},"geometry":{"type":"LineString","coordinates":[[-72.989716,4.479308],[-72.989213,4.479044]]}},{"type":"Feature","properties":{"linea":"7-4-153","parcela":"7-4","palmas":9},"geometry":{"type":"LineString","coordinates":[[-72.989784,4.479264],[-72.989209,4.478963]]}},{"type":"Feature","properties":{"linea":"7-4-154","parcela":"7-4","palmas":10},"geometry":{"type":"LineString","coordinates":[[-72.989853,4.479221],[-72.989206,4.478882]]}},{"type":"Feature","properties":{"linea":"7-4-155","parcela":"7-4","palmas":11},"geometry":{"type":"LineString","coordinates":[[-72.989921,4.479177],[-72.989203,4.4788]]}},{"type":"Feature","properties":{"linea":"7-4-156","parcela":"7-4","palmas":12},"geometry":{"type":"LineString","coordinates":[[-72.98999,4.479134],[-72.989199,4.478719]]}},{"type":"Feature","properties":{"linea":"7-4-157","parcela":"7-4","palmas":13},"geometry":{"type":"LineString","coordinates":[[-72.990058,4.47909],[-72.989196,4.478638]]}},{"type":"Feature","properties":{"linea":"7-4-158","parcela":"7-4","palmas":14},"geometry":{"type":"LineString","coordinates":[[-72.990126,4.479046],[-72.989192,4.478556]]}},{"type":"Feature","properties":{"linea":"7-4-159","parcela":"7-4","palmas":14},"geometry":{"type":"LineString","coordinates":[[-72.990123,4.478965],[-72.989189,4.478475]]}},{"type":"Feature","properties":{"linea":"7-4-160","parcela":"7-4","palmas":15},"geometry":{"type":"LineString","coordinates":[[-72.990191,4.478921],[-72.989186,4.478394]]}},{"type":"Feature","properties":{"linea":"7-4-161","parcela":"7-4","palmas":15},"geometry":{"type":"LineString","coordinates":[[-72.990188,4.47884],[-72.989182,4.478313]]}},{"type":"Feature","properties":{"linea":"7-4-162","parcela":"7-4","palmas":15},"geometry":{"type":"LineString","coordinates":[[-72.990185,4.478759],[-72.989179,4.478231]]}},{"type":"Feature","properties":{"linea":"7-4-163","parcela":"7-4","palmas":15},"geometry":{"type":"LineString","coordinates":[[-72.990181,4.478677],[-72.989175,4.47815]]}},{"type":"Feature","properties":{"linea":"7-4-164","parcela":"7-4","palmas":15},"geometry":{"type":"LineString","coordinates":[[-72.990178,4.478596],[-72.989172,4.478069]]}},{"type":"Feature","properties":{"linea":"7-4-165","parcela":"7-4","palmas":15},"geometry":{"type":"LineString","coordinates":[[-72.990174,4.478515],[-72.989168,4.477987]]}},{"type":"Feature","properties":{"linea":"7-4-166","parcela":"7-4","palmas":15},"geometry":{"type":"LineString","coordinates":[[-72.990171,4.478434],[-72.989165,4.477906]]}},{"type":"Feature","properties":{"linea":"7-4-167","parcela":"7-4","palmas":15},"geometry":{"type":"LineString","coordinates":[[-72.990167,4.478352],[-72.989162,4.477825]]}},{"type":"Feature","properties":{"linea":"7-4-168","parcela":"7-4","palmas":15},"geometry":{"type":"LineString","coordinates":[[-72.990164,4.478271],[-72.989158,4.477743]]}},{"type":"Feature","properties":{"linea":"7-4-169","parcela":"7-4","palmas":15},"geometry":{"type":"LineString","coordinates":[[-72.990161,4.47819],[-72.989155,4.477662]]}},{"type":"Feature","properties":{"linea":"7-4-170","parcela":"7-4","palmas":15},"geometry":{"type":"LineString","coordinates":[[-72.990157,4.478108],[-72.989151,4.477581]]}},{"type":"Feature","properties":{"linea":"7-4-171","parcela":"7-4","palmas":15},"geometry":{"type":"LineString","coordinates":[[-72.990154,4.478027],[-72.989148,4.477499]]}},{"type":"Feature","properties":{"linea":"7-4-172","parcela":"7-4","palmas":15},"geometry":{"type":"LineString","coordinates":[[-72.990151,4.477946],[-72.989144,4.477418]]}},{"type":"Feature","properties":{"linea":"7-4-173","parcela":"7-4","palmas":15},"geometry":{"type":"LineString","coordinates":[[-72.990147,4.477864],[-72.989141,4.477337]]}},{"type":"Feature","properties":{"linea":"7-4-174","parcela":"7-4","palmas":15},"geometry":{"type":"LineString","coordinates":[[-72.990144,4.477783],[-72.989137,4.477256]]}},{"type":"Feature","properties":{"linea":"7-4-175","parcela":"7-4","palmas":15},"geometry":{"type":"LineString","coordinates":[[-72.99014,4.477702],[-72.989134,4.477174]]}},{"type":"Feature","properties":{"linea":"7-4-176","parcela":"7-4","palmas":15},"geometry":{"type":"LineString","coordinates":[[-72.990137,4.477621],[-72.989131,4.477093]]}},{"type":"Feature","properties":{"linea":"7-4-177","parcela":"7-4","palmas":15},"geometry":{"type":"LineString","coordinates":[[-72.990133,4.477539],[-72.989127,4.477012]]}},{"type":"Feature","properties":{"linea":"7-4-178","parcela":"7-4","palmas":15},"geometry":{"type":"LineString","coordinates":[[-72.99013,4.477458],[-72.989124,4.47693]]}},{"type":"Feature","properties":{"linea":"7-4-179","parcela":"7-4","palmas":15},"geometry":{"type":"LineString","coordinates":[[-72.990127,4.477377],[-72.989121,4.476849]]}},{"type":"Feature","properties":{"linea":"7-4-180","parcela":"7-4","palmas":15},"geometry":{"type":"LineString","coordinates":[[-72.990123,4.477295],[-72.989117,4.476768]]}},{"type":"Feature","properties":{"linea":"7-4-181","parcela":"7-4","palmas":15},"geometry":{"type":"LineString","coordinates":[[-72.99012,4.477214],[-72.989114,4.476686]]}},{"type":"Feature","properties":{"linea":"7-4-182","parcela":"7-4","palmas":15},"geometry":{"type":"LineString","coordinates":[[-72.990116,4.477133],[-72.98911,4.476605]]}},{"type":"Feature","properties":{"linea":"7-4-183","parcela":"7-4","palmas":15},"geometry":{"type":"LineString","coordinates":[[-72.990113,4.477051],[-72.989107,4.476524]]}},{"type":"Feature","properties":{"linea":"7-4-184","parcela":"7-4","palmas":15},"geometry":{"type":"LineString","coordinates":[[-72.990109,4.47697],[-72.989103,4.476443]]}},{"type":"Feature","properties":{"linea":"7-4-185","parcela":"7-4","palmas":15},"geometry":{"type":"LineString","coordinates":[[-72.990106,4.476889],[-72.9891,4.476361]]}},{"type":"Feature","properties":{"linea":"7-4-186","parcela":"7-4","palmas":15},"geometry":{"type":"LineString","coordinates":[[-72.990103,4.476808],[-72.989097,4.47628]]}},{"type":"Feature","properties":{"linea":"7-4-187","parcela":"7-4","palmas":15},"geometry":{"type":"LineString","coordinates":[[-72.990099,4.476726],[-72.989093,4.476199]]}},{"type":"Feature","properties":{"linea":"7-4-188","parcela":"7-4","palmas":15},"geometry":{"type":"LineString","coordinates":[[-72.990096,4.476645],[-72.98909,4.476117]]}},{"type":"Feature","properties":{"linea":"7-4-189","parcela":"7-4","palmas":15},"geometry":{"type":"LineString","coordinates":[[-72.990093,4.476564],[-72.989086,4.476036]]}},{"type":"Feature","properties":{"linea":"7-4-190","parcela":"7-4","palmas":15},"geometry":{"type":"LineString","coordinates":[[-72.990089,4.476482],[-72.989083,4.475955]]}},{"type":"Feature","properties":{"linea":"7-4-191","parcela":"7-4","palmas":15},"geometry":{"type":"LineString","coordinates":[[-72.990086,4.476401],[-72.989079,4.475874]]}},{"type":"Feature","properties":{"linea":"7-4-192","parcela":"7-4","palmas":15},"geometry":{"type":"LineString","coordinates":[[-72.990082,4.47632],[-72.989076,4.475792]]}},{"type":"Feature","properties":{"linea":"7-4-193","parcela":"7-4","palmas":15},"geometry":{"type":"LineString","coordinates":[[-72.990079,4.476238],[-72.989073,4.475711]]}},{"type":"Feature","properties":{"linea":"7-4-194","parcela":"7-4","palmas":15},"geometry":{"type":"LineString","coordinates":[[-72.990075,4.476157],[-72.989069,4.47563]]}},{"type":"Feature","properties":{"linea":"7-4-195","parcela":"7-4","palmas":15},"geometry":{"type":"LineString","coordinates":[[-72.990072,4.476076],[-72.989066,4.475548]]}},{"type":"Feature","properties":{"linea":"7-4-196","parcela":"7-4","palmas":15},"geometry":{"type":"LineString","coordinates":[[-72.990069,4.475994],[-72.989063,4.475467]]}},{"type":"Feature","properties":{"linea":"7-4-197","parcela":"7-4","palmas":15},"geometry":{"type":"LineString","coordinates":[[-72.990065,4.475913],[-72.989059,4.475386]]}},{"type":"Feature","properties":{"linea":"7-4-198","parcela":"7-4","palmas":15},"geometry":{"type":"LineString","coordinates":[[-72.990062,4.475832],[-72.989056,4.475304]]}},{"type":"Feature","properties":{"linea":"7-4-199","parcela":"7-4","palmas":26},"geometry":{"type":"LineString","coordinates":[[-72.990058,4.475751],[-72.988262,4.474809]]}},{"type":"Feature","properties":{"linea":"7-4-200","parcela":"7-4","palmas":27},"geometry":{"type":"LineString","coordinates":[[-72.990055,4.475669],[-72.988186,4.47469]]}},{"type":"Feature","properties":{"linea":"7-4-201","parcela":"7-4","palmas":27},"geometry":{"type":"LineString","coordinates":[[-72.990051,4.475588],[-72.988183,4.474608]]}},{"type":"Feature","properties":{"linea":"7-4-202","parcela":"7-4","palmas":27},"geometry":{"type":"LineString","coordinates":[[-72.990048,4.475507],[-72.98818,4.474527]]}},{"type":"Feature","properties":{"linea":"7-4-203","parcela":"7-4","palmas":27},"geometry":{"type":"LineString","coordinates":[[-72.990045,4.475425],[-72.988176,4.474446]]}},{"type":"Feature","properties":{"linea":"7-4-204","parcela":"7-4","palmas":27},"geometry":{"type":"LineString","coordinates":[[-72.990041,4.475344],[-72.988173,4.474364]]}},{"type":"Feature","properties":{"linea":"7-4-205","parcela":"7-4","palmas":27},"geometry":{"type":"LineString","coordinates":[[-72.990038,4.475263],[-72.988169,4.474283]]}},{"type":"Feature","properties":{"linea":"7-4-206","parcela":"7-4","palmas":27},"geometry":{"type":"LineString","coordinates":[[-72.990034,4.475181],[-72.988166,4.474202]]}},{"type":"Feature","properties":{"linea":"7-4-207","parcela":"7-4","palmas":27},"geometry":{"type":"LineString","coordinates":[[-72.990031,4.4751],[-72.988163,4.474121]]}},{"type":"Feature","properties":{"linea":"7-4-208","parcela":"7-4","palmas":27},"geometry":{"type":"LineString","coordinates":[[-72.990027,4.475019],[-72.988159,4.474039]]}},{"type":"Feature","properties":{"linea":"7-4-209","parcela":"7-4","palmas":27},"geometry":{"type":"LineString","coordinates":[[-72.990024,4.474938],[-72.988156,4.473958]]}},{"type":"Feature","properties":{"linea":"7-4-210","parcela":"7-4","palmas":27},"geometry":{"type":"LineString","coordinates":[[-72.990021,4.474856],[-72.988152,4.473877]]}},{"type":"Feature","properties":{"linea":"7-4-211","parcela":"7-4","palmas":27},"geometry":{"type":"LineString","coordinates":[[-72.990017,4.474775],[-72.988149,4.473795]]}},{"type":"Feature","properties":{"linea":"7-4-212","parcela":"7-4","palmas":27},"geometry":{"type":"LineString","coordinates":[[-72.990014,4.474694],[-72.988146,4.473714]]}},{"type":"Feature","properties":{"linea":"7-4-213","parcela":"7-4","palmas":27},"geometry":{"type":"LineString","coordinates":[[-72.990011,4.474613],[-72.988142,4.473633]]}},{"type":"Feature","properties":{"linea":"7-4-214","parcela":"7-4","palmas":27},"geometry":{"type":"LineString","coordinates":[[-72.990007,4.474531],[-72.988139,4.473551]]}},{"type":"Feature","properties":{"linea":"7-4-215","parcela":"7-4","palmas":26},"geometry":{"type":"LineString","coordinates":[[-72.990004,4.47445],[-72.988207,4.473508]]}},{"type":"Feature","properties":{"linea":"7-4-216","parcela":"7-4","palmas":26},"geometry":{"type":"LineString","coordinates":[[-72.99,4.474369],[-72.988204,4.473426]]}},{"type":"Feature","properties":{"linea":"7-4-217","parcela":"7-4","palmas":25},"geometry":{"type":"LineString","coordinates":[[-72.989997,4.474287],[-72.988272,4.473383]]}},{"type":"Feature","properties":{"linea":"7-4-218","parcela":"7-4","palmas":25},"geometry":{"type":"LineString","coordinates":[[-72.989993,4.474206],[-72.988269,4.473302]]}},{"type":"Feature","properties":{"linea":"7-4-219","parcela":"7-4","palmas":24},"geometry":{"type":"LineString","coordinates":[[-72.98999,4.474125],[-72.988337,4.473258]]}},{"type":"Feature","properties":{"linea":"7-4-220","parcela":"7-4","palmas":24},"geometry":{"type":"LineString","coordinates":[[-72.989987,4.474043],[-72.988334,4.473177]]}},{"type":"Feature","properties":{"linea":"7-4-221","parcela":"7-4","palmas":23},"geometry":{"type":"LineString","coordinates":[[-72.989983,4.473962],[-72.988402,4.473133]]}},{"type":"Feature","properties":{"linea":"7-4-222","parcela":"7-4","palmas":23},"geometry":{"type":"LineString","coordinates":[[-72.98998,4.473881],[-72.988399,4.473052]]}},{"type":"Feature","properties":{"linea":"7-4-223","parcela":"7-4","palmas":22},"geometry":{"type":"LineString","coordinates":[[-72.989976,4.473799],[-72.988467,4.473008]]}},{"type":"Feature","properties":{"linea":"7-4-224","parcela":"7-4","palmas":22},"geometry":{"type":"LineString","coordinates":[[-72.989973,4.473718],[-72.988464,4.472927]]}},{"type":"Feature","properties":{"linea":"7-4-225","parcela":"7-4","palmas":21},"geometry":{"type":"LineString","coordinates":[[-72.989969,4.473637],[-72.988532,4.472883]]}},{"type":"Feature","properties":{"linea":"7-4-226","parcela":"7-4","palmas":21},"geometry":{"type":"LineString","coordinates":[[-72.989966,4.473556],[-72.988529,4.472802]]}},{"type":"Feature","properties":{"linea":"7-4-227","parcela":"7-4","palmas":20},"geometry":{"type":"LineString","coordinates":[[-72.989963,4.473474],[-72.988597,4.472758]]}},{"type":"Feature","properties":{"linea":"7-4-228","parcela":"7-4","palmas":20},"geometry":{"type":"LineString","coordinates":[[-72.989959,4.473393],[-72.988594,4.472677]]}},{"type":"Feature","properties":{"linea":"7-4-229","parcela":"7-4","palmas":19},"geometry":{"type":"LineString","coordinates":[[-72.989956,4.473312],[-72.988662,4.472633]]}},{"type":"Feature","properties":{"linea":"7-4-230","parcela":"7-4","palmas":19},"geometry":{"type":"LineString","coordinates":[[-72.989952,4.47323],[-72.988659,4.472552]]}},{"type":"Feature","properties":{"linea":"7-4-231","parcela":"7-4","palmas":18},"geometry":{"type":"LineString","coordinates":[[-72.989949,4.473149],[-72.988727,4.472508]]}},{"type":"Feature","properties":{"linea":"7-4-232","parcela":"7-4","palmas":18},"geometry":{"type":"LineString","coordinates":[[-72.989946,4.473068],[-72.988724,4.472427]]}},{"type":"Feature","properties":{"linea":"7-4-233","parcela":"7-4","palmas":17},"geometry":{"type":"LineString","coordinates":[[-72.989942,4.472986],[-72.988792,4.472384]]}},{"type":"Feature","properties":{"linea":"7-4-234","parcela":"7-4","palmas":17},"geometry":{"type":"LineString","coordinates":[[-72.989939,4.472905],[-72.988789,4.472302]]}},{"type":"Feature","properties":{"linea":"7-4-235","parcela":"7-4","palmas":16},"geometry":{"type":"LineString","coordinates":[[-72.989935,4.472824],[-72.988857,4.472259]]}},{"type":"Feature","properties":{"linea":"7-4-236","parcela":"7-4","palmas":16},"geometry":{"type":"LineString","coordinates":[[-72.989932,4.472742],[-72.988854,4.472177]]}},{"type":"Feature","properties":{"linea":"7-4-237","parcela":"7-4","palmas":15},"geometry":{"type":"LineString","coordinates":[[-72.989928,4.472661],[-72.988923,4.472134]]}},{"type":"Feature","properties":{"linea":"7-4-238","parcela":"7-4","palmas":15},"geometry":{"type":"LineString","coordinates":[[-72.989925,4.47258],[-72.988919,4.472052]]}},{"type":"Feature","properties":{"linea":"7-4-239","parcela":"7-4","palmas":14},"geometry":{"type":"LineString","coordinates":[[-72.989922,4.472499],[-72.988988,4.472009]]}},{"type":"Feature","properties":{"linea":"7-4-240","parcela":"7-4","palmas":14},"geometry":{"type":"LineString","coordinates":[[-72.989918,4.472417],[-72.988984,4.471928]]}},{"type":"Feature","properties":{"linea":"7-4-241","parcela":"7-4","palmas":13},"geometry":{"type":"LineString","coordinates":[[-72.989915,4.472336],[-72.989052,4.471884]]}},{"type":"Feature","properties":{"linea":"7-4-242","parcela":"7-4","palmas":13},"geometry":{"type":"LineString","coordinates":[[-72.989911,4.472255],[-72.989049,4.471802]]}},{"type":"Feature","properties":{"linea":"7-4-243","parcela":"7-4","palmas":12},"geometry":{"type":"LineString","coordinates":[[-72.989908,4.472173],[-72.989118,4.471759]]}},{"type":"Feature","properties":{"linea":"7-4-244","parcela":"7-4","palmas":12},"geometry":{"type":"LineString","coordinates":[[-72.989904,4.472092],[-72.989114,4.471678]]}},{"type":"Feature","properties":{"linea":"7-4-245","parcela":"7-4","palmas":11},"geometry":{"type":"LineString","coordinates":[[-72.989901,4.472011],[-72.989182,4.471634]]}},{"type":"Feature","properties":{"linea":"7-4-246","parcela":"7-4","palmas":11},"geometry":{"type":"LineString","coordinates":[[-72.989898,4.471929],[-72.989179,4.471553]]}},{"type":"Feature","properties":{"linea":"7-4-247","parcela":"7-4","palmas":10},"geometry":{"type":"LineString","coordinates":[[-72.989894,4.471848],[-72.989248,4.471509]]}},{"type":"Feature","properties":{"linea":"7-4-248","parcela":"7-4","palmas":10},"geometry":{"type":"LineString","coordinates":[[-72.989891,4.471767],[-72.989244,4.471428]]}},{"type":"Feature","properties":{"linea":"7-4-249","parcela":"7-4","palmas":9},"geometry":{"type":"LineString","coordinates":[[-72.989887,4.471686],[-72.989312,4.471384]]}},{"type":"Feature","properties":{"linea":"7-4-250","parcela":"7-4","palmas":9},"geometry":{"type":"LineString","coordinates":[[-72.989884,4.471604],[-72.989309,4.471303]]}},{"type":"Feature","properties":{"linea":"7-4-251","parcela":"7-4","palmas":8},"geometry":{"type":"LineString","coordinates":[[-72.989881,4.471523],[-72.989378,4.471259]]}},{"type":"Feature","properties":{"linea":"7-4-252","parcela":"7-4","palmas":8},"geometry":{"type":"LineString","coordinates":[[-72.989877,4.471442],[-72.989374,4.471178]]}},{"type":"Feature","properties":{"linea":"7-4-253","parcela":"7-4","palmas":7},"geometry":{"type":"LineString","coordinates":[[-72.989874,4.47136],[-72.989442,4.471134]]}},{"type":"Feature","properties":{"linea":"7-4-254","parcela":"7-4","palmas":7},"geometry":{"type":"LineString","coordinates":[[-72.98987,4.471279],[-72.989439,4.471053]]}},{"type":"Feature","properties":{"linea":"7-4-255","parcela":"7-4","palmas":6},"geometry":{"type":"LineString","coordinates":[[-72.989867,4.471198],[-72.989508,4.471009]]}},{"type":"Feature","properties":{"linea":"7-4-256","parcela":"7-4","palmas":6},"geometry":{"type":"LineString","coordinates":[[-72.989864,4.471116],[-72.989504,4.470928]]}},{"type":"Feature","properties":{"linea":"7-4-257","parcela":"7-4","palmas":5},"geometry":{"type":"LineString","coordinates":[[-72.98986,4.471035],[-72.989573,4.470884]]}},{"type":"Feature","properties":{"linea":"7-4-258","parcela":"7-4","palmas":5},"geometry":{"type":"LineString","coordinates":[[-72.989857,4.470954],[-72.989569,4.470803]]}},{"type":"Feature","properties":{"linea":"7-4-259","parcela":"7-4","palmas":4},"geometry":{"type":"LineString","coordinates":[[-72.989853,4.470873],[-72.989638,4.470759]]}},{"type":"Feature","properties":{"linea":"7-4-260","parcela":"7-4","palmas":4},"geometry":{"type":"LineString","coordinates":[[-72.98985,4.470791],[-72.989634,4.470678]]}},{"type":"Feature","properties":{"linea":"7-4-261","parcela":"7-4","palmas":3},"geometry":{"type":"LineString","coordinates":[[-72.989846,4.47071],[-72.989703,4.470634]]}},{"type":"Feature","properties":{"linea":"7-4-262","parcela":"7-4","palmas":3},"geometry":{"type":"LineString","coordinates":[[-72.989843,4.470629],[-72.989699,4.470553]]}},{"type":"Feature","properties":{"linea":"7-4-263","parcela":"7-4","palmas":2},"geometry":{"type":"LineString","coordinates":[[-72.98984,4.470547],[-72.989768,4.47051]]}},{"type":"Feature","properties":{"linea":"7-4-264","parcela":"7-4","palmas":2},"geometry":{"type":"LineString","coordinates":[[-72.989836,4.470466],[-72.989764,4.470428]]}},{"type":"Feature","properties":{"linea":"7-4-268","parcela":"7-4","palmas":2},"geometry":{"type":"LineString","coordinates":[[-72.990274,4.479203],[-72.990346,4.479241]]}},{"type":"Feature","properties":{"linea":"7-4-269","parcela":"7-4","palmas":3},"geometry":{"type":"LineString","coordinates":[[-72.990205,4.479247],[-72.990349,4.479322]]}},{"type":"Feature","properties":{"linea":"7-4-270","parcela":"7-4","palmas":4},"geometry":{"type":"LineString","coordinates":[[-72.990137,4.47929],[-72.990352,4.479403]]}},{"type":"Feature","properties":{"linea":"7-4-271","parcela":"7-4","palmas":5},"geometry":{"type":"LineString","coordinates":[[-72.990068,4.479334],[-72.990356,4.479484]]}},{"type":"Feature","properties":{"linea":"7-4-272","parcela":"7-4","palmas":6},"geometry":{"type":"LineString","coordinates":[[-72.99,4.479378],[-72.990359,4.479566]]}},{"type":"Feature","properties":{"linea":"7-4-273","parcela":"7-4","palmas":7},"geometry":{"type":"LineString","coordinates":[[-72.989931,4.479421],[-72.990363,4.479647]]}},{"type":"Feature","properties":{"linea":"7-4-274","parcela":"7-4","palmas":8},"geometry":{"type":"LineString","coordinates":[[-72.989863,4.479465],[-72.990366,4.479728]]}},{"type":"Feature","properties":{"linea":"7-4-275","parcela":"7-4","palmas":9},"geometry":{"type":"LineString","coordinates":[[-72.989794,4.479508],[-72.990369,4.47981]]}},{"type":"Feature","properties":{"linea":"7-4-276","parcela":"7-4","palmas":10},"geometry":{"type":"LineString","coordinates":[[-72.989726,4.479552],[-72.990373,4.479891]]}},{"type":"Feature","properties":{"linea":"7-4-277","parcela":"7-4","palmas":11},"geometry":{"type":"LineString","coordinates":[[-72.989658,4.479596],[-72.990376,4.479972]]}},{"type":"Feature","properties":{"linea":"7-4-278","parcela":"7-4","palmas":11},"geometry":{"type":"LineString","coordinates":[[-72.989589,4.479639],[-72.990308,4.480016]]}},{"type":"Feature","properties":{"linea":"7-4-279","parcela":"7-4","palmas":11},"geometry":{"type":"LineString","coordinates":[[-72.989521,4.479683],[-72.990239,4.480059]]}},{"type":"Feature","properties":{"linea":"7-4-280","parcela":"7-4","palmas":11},"geometry":{"type":"LineString","coordinates":[[-72.989452,4.479726],[-72.990171,4.480103]]}},{"type":"Feature","properties":{"linea":"7-4-281","parcela":"7-4","palmas":11},"geometry":{"type":"LineString","coordinates":[[-72.989384,4.47977],[-72.990103,4.480147]]}},{"type":"Feature","properties":{"linea":"7-4-282","parcela":"7-4","palmas":11},"geometry":{"type":"LineString","coordinates":[[-72.989315,4.479814],[-72.990034,4.480191]]}},{"type":"Feature","properties":{"linea":"7-4-283","parcela":"7-4","palmas":11},"geometry":{"type":"LineString","coordinates":[[-72.989247,4.479857],[-72.989966,4.480234]]}},{"type":"Feature","properties":{"linea":"7-4-284","parcela":"7-4","palmas":11},"geometry":{"type":"LineString","coordinates":[[-72.989179,4.479901],[-72.989897,4.480278]]}},{"type":"Feature","properties":{"linea":"7-4-285","parcela":"7-4","palmas":11},"geometry":{"type":"LineString","coordinates":[[-72.98911,4.479944],[-72.989829,4.480321]]}},{"type":"Feature","properties":{"linea":"7-4-286","parcela":"7-4","palmas":11},"geometry":{"type":"LineString","coordinates":[[-72.989042,4.479988],[-72.98976,4.480365]]}},{"type":"Feature","properties":{"linea":"7-4-287","parcela":"7-4","palmas":11},"geometry":{"type":"LineString","coordinates":[[-72.988973,4.480032],[-72.989692,4.480409]]}},{"type":"Feature","properties":{"linea":"7-4-288","parcela":"7-4","palmas":11},"geometry":{"type":"LineString","coordinates":[[-72.988905,4.480075],[-72.989623,4.480452]]}},{"type":"Feature","properties":{"linea":"7-4-289","parcela":"7-4","palmas":11},"geometry":{"type":"LineString","coordinates":[[-72.988836,4.480119],[-72.989555,4.480496]]}},{"type":"Feature","properties":{"linea":"7-4-290","parcela":"7-4","palmas":11},"geometry":{"type":"LineString","coordinates":[[-72.988768,4.480163],[-72.989486,4.480539]]}},{"type":"Feature","properties":{"linea":"7-4-291","parcela":"7-4","palmas":11},"geometry":{"type":"LineString","coordinates":[[-72.988699,4.480206],[-72.989418,4.480583]]}},{"type":"Feature","properties":{"linea":"7-4-292","parcela":"7-4","palmas":11},"geometry":{"type":"LineString","coordinates":[[-72.988631,4.48025],[-72.989349,4.480627]]}},{"type":"Feature","properties":{"linea":"7-4-293","parcela":"7-4","palmas":11},"geometry":{"type":"LineString","coordinates":[[-72.988563,4.480293],[-72.989281,4.48067]]}},{"type":"Feature","properties":{"linea":"7-4-294","parcela":"7-4","palmas":11},"geometry":{"type":"LineString","coordinates":[[-72.988494,4.480337],[-72.989213,4.480714]]}},{"type":"Feature","properties":{"linea":"7-4-295","parcela":"7-4","palmas":11},"geometry":{"type":"LineString","coordinates":[[-72.988426,4.480381],[-72.989144,4.480758]]}},{"type":"Feature","properties":{"linea":"7-4-296","parcela":"7-4","palmas":10},"geometry":{"type":"LineString","coordinates":[[-72.988429,4.480462],[-72.989076,4.480801]]}},{"type":"Feature","properties":{"linea":"7-4-297","parcela":"7-4","palmas":9},"geometry":{"type":"LineString","coordinates":[[-72.988433,4.480543],[-72.989007,4.480845]]}},{"type":"Feature","properties":{"linea":"7-4-298","parcela":"7-4","palmas":8},"geometry":{"type":"LineString","coordinates":[[-72.988436,4.480625],[-72.988939,4.480888]]}},{"type":"Feature","properties":{"linea":"7-4-299","parcela":"7-4","palmas":7},"geometry":{"type":"LineString","coordinates":[[-72.988439,4.480706],[-72.988871,4.480932]]}},{"type":"Feature","properties":{"linea":"7-4-300","parcela":"7-4","palmas":6},"geometry":{"type":"LineString","coordinates":[[-72.988443,4.480787],[-72.988802,4.480976]]}},{"type":"Feature","properties":{"linea":"7-4-301","parcela":"7-4","palmas":5},"geometry":{"type":"LineString","coordinates":[[-72.988446,4.480869],[-72.988734,4.481019]]}},{"type":"Feature","properties":{"linea":"7-4-302","parcela":"7-4","palmas":4},"geometry":{"type":"LineString","coordinates":[[-72.988449,4.48095],[-72.988665,4.481063]]}},{"type":"Feature","properties":{"linea":"7-4-303","parcela":"7-4","palmas":3},"geometry":{"type":"LineString","coordinates":[[-72.988453,4.481031],[-72.988597,4.481106]]}},{"type":"Feature","properties":{"linea":"7-4-304","parcela":"7-4","palmas":2},"geometry":{"type":"LineString","coordinates":[[-72.988456,4.481113],[-72.988528,4.48115]]}},{"type":"Feature","properties":{"linea":"7-4-306","parcela":"7-4","palmas":29},"geometry":{"type":"LineString","coordinates":[[-72.988467,4.481356],[-72.990383,4.480135]]}},{"type":"Feature","properties":{"linea":"7-4-307","parcela":"7-4","palmas":29},"geometry":{"type":"LineString","coordinates":[[-72.98847,4.481438],[-72.990386,4.480216]]}},{"type":"Feature","properties":{"linea":"7-4-308","parcela":"7-4","palmas":28},"geometry":{"type":"LineString","coordinates":[[-72.988473,4.481519],[-72.990321,4.480341]]}},{"type":"Feature","properties":{"linea":"7-4-309","parcela":"7-4","palmas":28},"geometry":{"type":"LineString","coordinates":[[-72.988477,4.4816],[-72.990325,4.480423]]}},{"type":"Feature","properties":{"linea":"7-4-310","parcela":"7-4","palmas":26},"geometry":{"type":"LineString","coordinates":[[-72.98848,4.481681],[-72.990191,4.480591]]}},{"type":"Feature","properties":{"linea":"7-4-311","parcela":"7-4","palmas":23},"geometry":{"type":"LineString","coordinates":[[-72.988484,4.481763],[-72.989989,4.480803]]}},{"type":"Feature","properties":{"linea":"7-4-312","parcela":"7-4","palmas":22},"geometry":{"type":"LineString","coordinates":[[-72.988487,4.481844],[-72.989924,4.480928]]}},{"type":"Feature","properties":{"linea":"7-4-313","parcela":"7-4","palmas":19},"geometry":{"type":"LineString","coordinates":[[-72.988491,4.481926],[-72.989722,4.48114]]}},{"type":"Feature","properties":{"linea":"7-4-314","parcela":"7-4","palmas":19},"geometry":{"type":"LineString","coordinates":[[-72.988494,4.482007],[-72.989726,4.481222]]}},{"type":"Feature","properties":{"linea":"7-4-315","parcela":"7-4","palmas":20},"geometry":{"type":"LineString","coordinates":[[-72.988497,4.482088],[-72.989798,4.481259]]}},{"type":"Feature","properties":{"linea":"7-4-316","parcela":"7-4","palmas":19},"geometry":{"type":"LineString","coordinates":[[-72.988501,4.482169],[-72.989733,4.481384]]}},{"type":"Feature","properties":{"linea":"7-4-317","parcela":"7-4","palmas":21},"geometry":{"type":"LineString","coordinates":[[-72.988504,4.482251],[-72.990421,4.481029]]}},{"type":"Feature","properties":{"linea":"7-4-318","parcela":"7-4","palmas":21},"geometry":{"type":"LineString","coordinates":[[-72.988507,4.482332],[-72.990424,4.481111]]}},{"type":"Feature","properties":{"linea":"7-4-319","parcela":"7-4","palmas":24},"geometry":{"type":"LineString","coordinates":[[-72.988511,4.482413],[-72.990427,4.481192]]}},{"type":"Feature","properties":{"linea":"7-4-320","parcela":"7-4","palmas":26},"geometry":{"type":"LineString","coordinates":[[-72.988514,4.482494],[-72.990431,4.481273]]}},{"type":"Feature","properties":{"linea":"7-4-321","parcela":"7-4","palmas":26},"geometry":{"type":"LineString","coordinates":[[-72.988518,4.482576],[-72.990434,4.481354]]}},{"type":"Feature","properties":{"linea":"7-4-322","parcela":"7-4","palmas":29},"geometry":{"type":"LineString","coordinates":[[-72.988521,4.482657],[-72.990438,4.481436]]}},{"type":"Feature","properties":{"linea":"7-4-323","parcela":"7-4","palmas":29},"geometry":{"type":"LineString","coordinates":[[-72.988525,4.482738],[-72.990441,4.481517]]}},{"type":"Feature","properties":{"linea":"7-4-324","parcela":"7-4","palmas":29},"geometry":{"type":"LineString","coordinates":[[-72.988528,4.48282],[-72.990444,4.481598]]}},{"type":"Feature","properties":{"linea":"7-4-325","parcela":"7-4","palmas":29},"geometry":{"type":"LineString","coordinates":[[-72.988531,4.482901],[-72.990448,4.48168]]}},{"type":"Feature","properties":{"linea":"7-4-326","parcela":"7-4","palmas":29},"geometry":{"type":"LineString","coordinates":[[-72.988535,4.482982],[-72.990451,4.481761]]}},{"type":"Feature","properties":{"linea":"7-4-327","parcela":"7-4","palmas":29},"geometry":{"type":"LineString","coordinates":[[-72.988538,4.483064],[-72.990455,4.481842]]}},{"type":"Feature","properties":{"linea":"7-4-328","parcela":"7-4","palmas":29},"geometry":{"type":"LineString","coordinates":[[-72.988542,4.483145],[-72.990458,4.481924]]}},{"type":"Feature","properties":{"linea":"7-4-329","parcela":"7-4","palmas":29},"geometry":{"type":"LineString","coordinates":[[-72.988545,4.483226],[-72.990462,4.482005]]}},{"type":"Feature","properties":{"linea":"7-4-330","parcela":"7-4","palmas":28},"geometry":{"type":"LineString","coordinates":[[-72.988549,4.483308],[-72.990397,4.48213]]}},{"type":"Feature","properties":{"linea":"7-4-331","parcela":"7-4","palmas":27},"geometry":{"type":"LineString","coordinates":[[-72.988552,4.483389],[-72.990332,4.482255]]}},{"type":"Feature","properties":{"linea":"7-4-332","parcela":"7-4","palmas":26},"geometry":{"type":"LineString","coordinates":[[-72.988555,4.48347],[-72.990267,4.48238]]}},{"type":"Feature","properties":{"linea":"7-4-333","parcela":"7-4","palmas":25},"geometry":{"type":"LineString","coordinates":[[-72.988559,4.483551],[-72.990202,4.482504]]}},{"type":"Feature","properties":{"linea":"7-4-334","parcela":"7-4","palmas":24},"geometry":{"type":"LineString","coordinates":[[-72.988562,4.483633],[-72.990136,4.482629]]}},{"type":"Feature","properties":{"linea":"7-4-335","parcela":"7-4","palmas":23},"geometry":{"type":"LineString","coordinates":[[-72.988566,4.483714],[-72.990071,4.482754]]}},{"type":"Feature","properties":{"linea":"7-4-336","parcela":"7-4","palmas":22},"geometry":{"type":"LineString","coordinates":[[-72.988569,4.483795],[-72.990006,4.482879]]}},{"type":"Feature","properties":{"linea":"7-4-337","parcela":"7-4","palmas":21},"geometry":{"type":"LineString","coordinates":[[-72.988573,4.483877],[-72.989941,4.483004]]}},{"type":"Feature","properties":{"linea":"7-4-338","parcela":"7-4","palmas":20},"geometry":{"type":"LineString","coordinates":[[-72.988576,4.483958],[-72.989876,4.483129]]}},{"type":"Feature","properties":{"linea":"7-4-339","parcela":"7-4","palmas":19},"geometry":{"type":"LineString","coordinates":[[-72.988668,4.486153],[-72.988607,4.48469]]}},{"type":"Feature","properties":{"linea":"7-4-340","parcela":"7-4","palmas":24},"geometry":{"type":"LineString","coordinates":[[-72.98873,4.485947],[-72.988651,4.484077]]}},{"type":"Feature","properties":{"linea":"7-4-341","parcela":"7-4","palmas":23},"geometry":{"type":"LineString","coordinates":[[-72.988795,4.485822],[-72.98872,4.484033]]}},{"type":"Feature","properties":{"linea":"7-4-342","parcela":"7-4","palmas":22},"geometry":{"type":"LineString","coordinates":[[-72.98886,4.485697],[-72.988788,4.48399]]}},{"type":"Feature","properties":{"linea":"7-4-343","parcela":"7-4","palmas":21},"geometry":{"type":"LineString","coordinates":[[-72.988925,4.485572],[-72.988856,4.483946]]}},{"type":"Feature","properties":{"linea":"7-4-344","parcela":"7-4","palmas":20},"geometry":{"type":"LineString","coordinates":[[-72.98899,4.485447],[-72.988925,4.483903]]}},{"type":"Feature","properties":{"linea":"7-4-345","parcela":"7-4","palmas":19},"geometry":{"type":"LineString","coordinates":[[-72.989055,4.485322],[-72.988993,4.483859]]}},{"type":"Feature","properties":{"linea":"7-4-346","parcela":"7-4","palmas":18},"geometry":{"type":"LineString","coordinates":[[-72.98912,4.485197],[-72.989062,4.483815]]}},{"type":"Feature","properties":{"linea":"7-4-347","parcela":"7-4","palmas":17},"geometry":{"type":"LineString","coordinates":[[-72.989185,4.485073],[-72.98913,4.483772]]}},{"type":"Feature","properties":{"linea":"7-4-348","parcela":"7-4","palmas":16},"geometry":{"type":"LineString","coordinates":[[-72.98925,4.484947],[-72.989199,4.483728]]}},{"type":"Feature","properties":{"linea":"7-4-349","parcela":"7-4","palmas":15},"geometry":{"type":"LineString","coordinates":[[-72.989315,4.484822],[-72.989267,4.483684]]}},{"type":"Feature","properties":{"linea":"7-4-350","parcela":"7-4","palmas":14},"geometry":{"type":"LineString","coordinates":[[-72.98938,4.484698],[-72.989336,4.483641]]}},{"type":"Feature","properties":{"linea":"7-4-351","parcela":"7-4","palmas":13},"geometry":{"type":"LineString","coordinates":[[-72.989445,4.484573],[-72.989404,4.483597]]}},{"type":"Feature","properties":{"linea":"7-4-352","parcela":"7-4","palmas":12},"geometry":{"type":"LineString","coordinates":[[-72.98951,4.484448],[-72.989473,4.483554]]}},{"type":"Feature","properties":{"linea":"7-4-353","parcela":"7-4","palmas":11},"geometry":{"type":"LineString","coordinates":[[-72.989575,4.484323],[-72.989541,4.48351]]}},{"type":"Feature","properties":{"linea":"7-4-354","parcela":"7-4","palmas":10},"geometry":{"type":"LineString","coordinates":[[-72.98964,4.484198],[-72.989609,4.483466]]}},{"type":"Feature","properties":{"linea":"7-4-355","parcela":"7-4","palmas":9},"geometry":{"type":"LineString","coordinates":[[-72.989705,4.484073],[-72.989678,4.483422]]}},{"type":"Feature","properties":{"linea":"7-4-356","parcela":"7-4","palmas":8},"geometry":{"type":"LineString","coordinates":[[-72.98977,4.483948],[-72.989746,4.483379]]}},{"type":"Feature","properties":{"linea":"7-4-357","parcela":"7-4","palmas":7},"geometry":{"type":"LineString","coordinates":[[-72.989835,4.483823],[-72.989815,4.483335]]}},{"type":"Feature","properties":{"linea":"7-4-358","parcela":"7-4","palmas":6},"geometry":{"type":"LineString","coordinates":[[-72.9899,4.483698],[-72.989883,4.483292]]}},{"type":"Feature","properties":{"linea":"7-4-359","parcela":"7-4","palmas":7},"geometry":{"type":"LineString","coordinates":[[-72.989969,4.483655],[-72.989948,4.483167]]}},{"type":"Feature","properties":{"linea":"7-4-360","parcela":"7-4","palmas":8},"geometry":{"type":"LineString","coordinates":[[-72.990037,4.483611],[-72.990013,4.483042]]}},{"type":"Feature","properties":{"linea":"7-4-361","parcela":"7-4","palmas":9},"geometry":{"type":"LineString","coordinates":[[-72.990106,4.483568],[-72.990078,4.482917]]}},{"type":"Feature","properties":{"linea":"7-4-362","parcela":"7-4","palmas":10},"geometry":{"type":"LineString","coordinates":[[-72.990174,4.483524],[-72.990143,4.482792]]}},{"type":"Feature","properties":{"linea":"7-4-363","parcela":"7-4","palmas":11},"geometry":{"type":"LineString","coordinates":[[-72.990243,4.48348],[-72.990208,4.482667]]}},{"type":"Feature","properties":{"linea":"7-4-364","parcela":"7-4","palmas":12},"geometry":{"type":"LineString","coordinates":[[-72.990311,4.483437],[-72.990273,4.482542]]}},{"type":"Feature","properties":{"linea":"7-4-365","parcela":"7-4","palmas":12},"geometry":{"type":"LineString","coordinates":[[-72.990379,4.483393],[-72.990342,4.482499]]}},{"type":"Feature","properties":{"linea":"7-4-366","parcela":"7-4","palmas":13},"geometry":{"type":"LineString","coordinates":[[-72.990448,4.483349],[-72.990407,4.482374]]}},{"type":"Feature","properties":{"linea":"7-4-367","parcela":"7-4","palmas":14},"geometry":{"type":"LineString","coordinates":[[-72.990516,4.483306],[-72.990472,4.482249]]}},{"type":"Feature","properties":{"linea":"7-4-369","parcela":"7-4","palmas":2},"geometry":{"type":"LineString","coordinates":[[-72.990458,4.483593],[-72.99053,4.483631]]}},{"type":"Feature","properties":{"linea":"7-4-370","parcela":"7-4","palmas":3},"geometry":{"type":"LineString","coordinates":[[-72.99039,4.483637],[-72.990533,4.483712]]}},{"type":"Feature","properties":{"linea":"7-4-371","parcela":"7-4","palmas":4},"geometry":{"type":"LineString","coordinates":[[-72.990321,4.483681],[-72.990537,4.483794]]}},{"type":"Feature","properties":{"linea":"7-4-372","parcela":"7-4","palmas":5},"geometry":{"type":"LineString","coordinates":[[-72.990253,4.483724],[-72.99054,4.483875]]}},{"type":"Feature","properties":{"linea":"7-4-373","parcela":"7-4","palmas":6},"geometry":{"type":"LineString","coordinates":[[-72.990184,4.483768],[-72.990544,4.483956]]}},{"type":"Feature","properties":{"linea":"7-4-374","parcela":"7-4","palmas":7},"geometry":{"type":"LineString","coordinates":[[-72.990116,4.483811],[-72.990547,4.484038]]}},{"type":"Feature","properties":{"linea":"7-4-375","parcela":"7-4","palmas":8},"geometry":{"type":"LineString","coordinates":[[-72.990048,4.483855],[-72.990551,4.484119]]}},{"type":"Feature","properties":{"linea":"7-4-376","parcela":"7-4","palmas":9},"geometry":{"type":"LineString","coordinates":[[-72.989979,4.483899],[-72.990554,4.4842]]}},{"type":"Feature","properties":{"linea":"7-4-377","parcela":"7-4","palmas":10},"geometry":{"type":"LineString","coordinates":[[-72.989911,4.483942],[-72.990557,4.484281]]}},{"type":"Feature","properties":{"linea":"7-4-378","parcela":"7-4","palmas":10},"geometry":{"type":"LineString","coordinates":[[-72.989914,4.484024],[-72.990561,4.484363]]}},{"type":"Feature","properties":{"linea":"7-4-379","parcela":"7-4","palmas":11},"geometry":{"type":"LineString","coordinates":[[-72.989846,4.484067],[-72.990564,4.484444]]}},{"type":"Feature","properties":{"linea":"7-4-380","parcela":"7-4","palmas":11},"geometry":{"type":"LineString","coordinates":[[-72.989849,4.484148],[-72.990567,4.484525]]}},{"type":"Feature","properties":{"linea":"7-4-381","parcela":"7-4","palmas":12},"geometry":{"type":"LineString","coordinates":[[-72.989781,4.484192],[-72.990571,4.484606]]}},{"type":"Feature","properties":{"linea":"7-4-382","parcela":"7-4","palmas":12},"geometry":{"type":"LineString","coordinates":[[-72.989784,4.484273],[-72.990574,4.484688]]}},{"type":"Feature","properties":{"linea":"7-4-383","parcela":"7-4","palmas":12},"geometry":{"type":"LineString","coordinates":[[-72.989716,4.484317],[-72.990506,4.484731]]}},{"type":"Feature","properties":{"linea":"7-4-384","parcela":"7-4","palmas":10},"geometry":{"type":"LineString","coordinates":[[-72.989719,4.484398],[-72.990366,4.484738]]}},{"type":"Feature","properties":{"linea":"7-4-385","parcela":"7-4","palmas":10},"geometry":{"type":"LineString","coordinates":[[-72.989651,4.484442],[-72.990297,4.484781]]}},{"type":"Feature","properties":{"linea":"7-4-386","parcela":"7-4","palmas":9},"geometry":{"type":"LineString","coordinates":[[-72.989654,4.484523],[-72.990229,4.484825]]}},{"type":"Feature","properties":{"linea":"7-4-387","parcela":"7-4","palmas":9},"geometry":{"type":"LineString","coordinates":[[-72.989585,4.484567],[-72.99016,4.484868]]}},{"type":"Feature","properties":{"linea":"7-4-388","parcela":"7-4","palmas":9},"geometry":{"type":"LineString","coordinates":[[-72.989589,4.484648],[-72.990164,4.484949]]}},{"type":"Feature","properties":{"linea":"7-4-389","parcela":"7-4","palmas":9},"geometry":{"type":"LineString","coordinates":[[-72.98952,4.484692],[-72.990095,4.484993]]}},{"type":"Feature","properties":{"linea":"7-4-390","parcela":"7-4","palmas":9},"geometry":{"type":"LineString","coordinates":[[-72.989524,4.484773],[-72.990099,4.485074]]}},{"type":"Feature","properties":{"linea":"7-4-391","parcela":"7-4","palmas":10},"geometry":{"type":"LineString","coordinates":[[-72.989455,4.484817],[-72.990102,4.485156]]}},{"type":"Feature","properties":{"linea":"7-4-392","parcela":"7-4","palmas":9},"geometry":{"type":"LineString","coordinates":[[-72.989459,4.484898],[-72.990034,4.485199]]}},{"type":"Feature","properties":{"linea":"7-4-393","parcela":"7-4","palmas":10},"geometry":{"type":"LineString","coordinates":[[-72.98939,4.484942],[-72.990037,4.485281]]}},{"type":"Feature","properties":{"linea":"7-4-394","parcela":"7-4","palmas":9},"geometry":{"type":"LineString","coordinates":[[-72.989394,4.485023],[-72.989969,4.485324]]}},{"type":"Feature","properties":{"linea":"7-4-395","parcela":"7-4","palmas":10},"geometry":{"type":"LineString","coordinates":[[-72.989325,4.485066],[-72.989972,4.485406]]}},{"type":"Feature","properties":{"linea":"7-4-396","parcela":"7-4","palmas":9},"geometry":{"type":"LineString","coordinates":[[-72.989329,4.485148],[-72.989904,4.485449]]}},{"type":"Feature","properties":{"linea":"7-4-397","parcela":"7-4","palmas":10},"geometry":{"type":"LineString","coordinates":[[-72.98926,4.485191],[-72.989907,4.485531]]}},{"type":"Feature","properties":{"linea":"7-4-398","parcela":"7-4","palmas":10},"geometry":{"type":"LineString","coordinates":[[-72.989264,4.485273],[-72.989911,4.485612]]}},{"type":"Feature","properties":{"linea":"7-4-399","parcela":"7-4","palmas":10},"geometry":{"type":"LineString","coordinates":[[-72.989195,4.485316],[-72.989842,4.485656]]}},{"type":"Feature","properties":{"linea":"7-4-400","parcela":"7-4","palmas":10},"geometry":{"type":"LineString","coordinates":[[-72.989199,4.485398],[-72.989845,4.485737]]}},{"type":"Feature","properties":{"linea":"7-4-401","parcela":"7-4","palmas":10},"geometry":{"type":"LineString","coordinates":[[-72.98913,4.485441],[-72.989777,4.48578]]}},{"type":"Feature","properties":{"linea":"7-4-402","parcela":"7-4","palmas":10},"geometry":{"type":"LineString","coordinates":[[-72.989134,4.485523],[-72.98978,4.485862]]}},{"type":"Feature","properties":{"linea":"7-4-403","parcela":"7-4","palmas":10},"geometry":{"type":"LineString","coordinates":[[-72.989065,4.485566],[-72.989712,4.485905]]}},{"type":"Feature","properties":{"linea":"7-4-404","parcela":"7-4","palmas":10},"geometry":{"type":"LineString","coordinates":[[-72.989069,4.485647],[-72.989715,4.485987]]}},{"type":"Feature","properties":{"linea":"7-4-405","parcela":"7-4","palmas":11},"geometry":{"type":"LineString","coordinates":[[-72.989,4.485691],[-72.989719,4.486068]]}},{"type":"Feature","properties":{"linea":"7-4-406","parcela":"7-4","palmas":10},"geometry":{"type":"LineString","coordinates":[[-72.989004,4.485773],[-72.98965,4.486111]]}},{"type":"Feature","properties":{"linea":"7-4-407","parcela":"7-4","palmas":10},"geometry":{"type":"LineString","coordinates":[[-72.988935,4.485816],[-72.989582,4.486155]]}},{"type":"Feature","properties":{"linea":"7-4-408","parcela":"7-4","palmas":10},"geometry":{"type":"LineString","coordinates":[[-72.988939,4.485897],[-72.989585,4.486236]]}},{"type":"Feature","properties":{"linea":"7-4-409","parcela":"7-4","palmas":11},"geometry":{"type":"LineString","coordinates":[[-72.98887,4.485941],[-72.989589,4.486318]]}},{"type":"Feature","properties":{"linea":"7-4-410","parcela":"7-4","palmas":10},"geometry":{"type":"LineString","coordinates":[[-72.988874,4.486022],[-72.98952,4.486361]]}},{"type":"Feature","properties":{"linea":"7-4-411","parcela":"7-4","palmas":9},"geometry":{"type":"LineString","coordinates":[[-72.988805,4.486066],[-72.98938,4.486367]]}},{"type":"Feature","properties":{"linea":"7-4-412","parcela":"7-4","palmas":7},"geometry":{"type":"LineString","coordinates":[[-72.988808,4.486147],[-72.98924,4.486373]]}},{"type":"Feature","properties":{"linea":"7-4-413","parcela":"7-4","palmas":7},"geometry":{"type":"LineString","coordinates":[[-72.98874,4.486191],[-72.989171,4.486417]]}},{"type":"Feature","properties":{"linea":"7-4-414","parcela":"7-4","palmas":6},"geometry":{"type":"LineString","coordinates":[[-72.988743,4.486272],[-72.989103,4.486461]]}},{"type":"Feature","properties":{"linea":"7-4-415","parcela":"7-4","palmas":6},"geometry":{"type":"LineString","coordinates":[[-72.988675,4.486316],[-72.989034,4.486504]]}},{"type":"Feature","properties":{"linea":"7-4-416","parcela":"7-4","palmas":5},"geometry":{"type":"LineString","coordinates":[[-72.988678,4.486397],[-72.988966,4.486548]]}},{"type":"Feature","properties":{"linea":"7-4-417","parcela":"7-4","palmas":4},"geometry":{"type":"LineString","coordinates":[[-72.988682,4.486478],[-72.988898,4.486591]]}},{"type":"Feature","properties":{"linea":"7-4-418","parcela":"7-4","palmas":2},"geometry":{"type":"LineString","coordinates":[[-72.988685,4.48656],[-72.988757,4.486597]]}},{"type":"Feature","properties":{"linea":"7-4-421","parcela":"7-4","palmas":3},"geometry":{"type":"LineString","coordinates":[[-72.989808,4.486512],[-72.989664,4.486437]]}},{"type":"Feature","properties":{"linea":"7-4-422","parcela":"7-4","palmas":4},"geometry":{"type":"LineString","coordinates":[[-72.989876,4.486468],[-72.989661,4.486356]]}},{"type":"Feature","properties":{"linea":"7-4-423","parcela":"7-4","palmas":5},"geometry":{"type":"LineString","coordinates":[[-72.990016,4.486463],[-72.989729,4.486312]]}},{"type":"Feature","properties":{"linea":"7-4-424","parcela":"7-4","palmas":6},"geometry":{"type":"LineString","coordinates":[[-72.990085,4.486419],[-72.989726,4.486231]]}},{"type":"Feature","properties":{"linea":"7-4-425","parcela":"7-4","palmas":8},"geometry":{"type":"LineString","coordinates":[[-72.990225,4.486413],[-72.989722,4.486149]]}},{"type":"Feature","properties":{"linea":"7-4-426","parcela":"7-4","palmas":10},"geometry":{"type":"LineString","coordinates":[[-72.990437,4.486445],[-72.989791,4.486106]]}},{"type":"Feature","properties":{"linea":"7-4-427","parcela":"7-4","palmas":11},"geometry":{"type":"LineString","coordinates":[[-72.990506,4.486401],[-72.989787,4.486024]]}},{"type":"Feature","properties":{"linea":"7-4-428","parcela":"7-4","palmas":11},"geometry":{"type":"LineString","coordinates":[[-72.990574,4.486358],[-72.989856,4.485981]]}},{"type":"Feature","properties":{"linea":"7-4-429","parcela":"7-4","palmas":12},"geometry":{"type":"LineString","coordinates":[[-72.990643,4.486314],[-72.989852,4.485899]]}},{"type":"Feature","properties":{"linea":"7-4-430","parcela":"7-4","palmas":11},"geometry":{"type":"LineString","coordinates":[[-72.990639,4.486232],[-72.989921,4.485856]]}},{"type":"Feature","properties":{"linea":"7-4-431","parcela":"7-4","palmas":11},"geometry":{"type":"LineString","coordinates":[[-72.990636,4.486151],[-72.989917,4.485774]]}},{"type":"Feature","properties":{"linea":"7-4-432","parcela":"7-4","palmas":10},"geometry":{"type":"LineString","coordinates":[[-72.990633,4.48607],[-72.989986,4.485731]]}},{"type":"Feature","properties":{"linea":"7-4-433","parcela":"7-4","palmas":10},"geometry":{"type":"LineString","coordinates":[[-72.990629,4.485989],[-72.989982,4.485649]]}},{"type":"Feature","properties":{"linea":"7-4-434","parcela":"7-4","palmas":10},"geometry":{"type":"LineString","coordinates":[[-72.990626,4.485907],[-72.989979,4.485568]]}},{"type":"Feature","properties":{"linea":"7-4-435","parcela":"7-4","palmas":9},"geometry":{"type":"LineString","coordinates":[[-72.990622,4.485826],[-72.990047,4.485525]]}},{"type":"Feature","properties":{"linea":"7-4-436","parcela":"7-4","palmas":9},"geometry":{"type":"LineString","coordinates":[[-72.990619,4.485745],[-72.990044,4.485443]]}},{"type":"Feature","properties":{"linea":"7-4-437","parcela":"7-4","palmas":8},"geometry":{"type":"LineString","coordinates":[[-72.990615,4.485663],[-72.990112,4.4854]]}},{"type":"Feature","properties":{"linea":"7-4-438","parcela":"7-4","palmas":8},"geometry":{"type":"LineString","coordinates":[[-72.990612,4.485582],[-72.990109,4.485318]]}},{"type":"Feature","properties":{"linea":"7-4-439","parcela":"7-4","palmas":7},"geometry":{"type":"LineString","coordinates":[[-72.990609,4.485501],[-72.990178,4.485275]]}},{"type":"Feature","properties":{"linea":"7-4-440","parcela":"7-4","palmas":7},"geometry":{"type":"LineString","coordinates":[[-72.990605,4.485419],[-72.990174,4.485193]]}},{"type":"Feature","properties":{"linea":"7-4-441","parcela":"7-4","palmas":7},"geometry":{"type":"LineString","coordinates":[[-72.990602,4.485338],[-72.990171,4.485112]]}},{"type":"Feature","properties":{"linea":"7-4-442","parcela":"7-4","palmas":6},"geometry":{"type":"LineString","coordinates":[[-72.990598,4.485257],[-72.990239,4.485069]]}},{"type":"Feature","properties":{"linea":"7-4-443","parcela":"7-4","palmas":6},"geometry":{"type":"LineString","coordinates":[[-72.990595,4.485176],[-72.990236,4.484987]]}},{"type":"Feature","properties":{"linea":"7-4-444","parcela":"7-4","palmas":5},"geometry":{"type":"LineString","coordinates":[[-72.990591,4.485094],[-72.990304,4.484944]]}},{"type":"Feature","properties":{"linea":"7-4-445","parcela":"7-4","palmas":5},"geometry":{"type":"LineString","coordinates":[[-72.990588,4.485013],[-72.990301,4.484862]]}},{"type":"Feature","properties":{"linea":"7-4-446","parcela":"7-4","palmas":3},"geometry":{"type":"LineString","coordinates":[[-72.990585,4.484932],[-72.990441,4.484856]]}},{"type":"Feature","properties":{"linea":"7-4-447","parcela":"7-4","palmas":2},"geometry":{"type":"LineString","coordinates":[[-72.990581,4.484851],[-72.990509,4.484813]]}},{"type":"Feature","properties":{"linea":"7-5-2","parcela":"7-5","palmas":2},"geometry":{"type":"LineString","coordinates":[[-72.987711,4.468567],[-72.987639,4.46853]]}},{"type":"Feature","properties":{"linea":"7-5-3","parcela":"7-5","palmas":3},"geometry":{"type":"LineString","coordinates":[[-72.987714,4.468649],[-72.987571,4.468573]]}},{"type":"Feature","properties":{"linea":"7-5-4","parcela":"7-5","palmas":4},"geometry":{"type":"LineString","coordinates":[[-72.987718,4.46873],[-72.987502,4.468617]]}},{"type":"Feature","properties":{"linea":"7-5-5","parcela":"7-5","palmas":5},"geometry":{"type":"LineString","coordinates":[[-72.987721,4.468811],[-72.987434,4.468661]]}},{"type":"Feature","properties":{"linea":"7-5-6","parcela":"7-5","palmas":5},"geometry":{"type":"LineString","coordinates":[[-72.987724,4.468893],[-72.987437,4.468742]]}},{"type":"Feature","properties":{"linea":"7-5-7","parcela":"7-5","palmas":6},"geometry":{"type":"LineString","coordinates":[[-72.987728,4.468974],[-72.987369,4.468786]]}},{"type":"Feature","properties":{"linea":"7-5-8","parcela":"7-5","palmas":7},"geometry":{"type":"LineString","coordinates":[[-72.987731,4.469055],[-72.9873,4.468829]]}},{"type":"Feature","properties":{"linea":"7-5-9","parcela":"7-5","palmas":8},"geometry":{"type":"LineString","coordinates":[[-72.987735,4.469137],[-72.987232,4.468873]]}},{"type":"Feature","properties":{"linea":"7-5-10","parcela":"7-5","palmas":9},"geometry":{"type":"LineString","coordinates":[[-72.987738,4.469218],[-72.987163,4.468916]]}},{"type":"Feature","properties":{"linea":"7-5-11","parcela":"7-5","palmas":10},"geometry":{"type":"LineString","coordinates":[[-72.987742,4.469299],[-72.987095,4.46896]]}},{"type":"Feature","properties":{"linea":"7-5-12","parcela":"7-5","palmas":11},"geometry":{"type":"LineString","coordinates":[[-72.987745,4.469381],[-72.987026,4.469004]]}},{"type":"Feature","properties":{"linea":"7-5-13","parcela":"7-5","palmas":11},"geometry":{"type":"LineString","coordinates":[[-72.987748,4.469462],[-72.98703,4.469085]]}},{"type":"Feature","properties":{"linea":"7-5-14","parcela":"7-5","palmas":12},"geometry":{"type":"LineString","coordinates":[[-72.987752,4.469543],[-72.986961,4.469129]]}},{"type":"Feature","properties":{"linea":"7-5-15","parcela":"7-5","palmas":13},"geometry":{"type":"LineString","coordinates":[[-72.987755,4.469624],[-72.986893,4.469172]]}},{"type":"Feature","properties":{"linea":"7-5-16","parcela":"7-5","palmas":14},"geometry":{"type":"LineString","coordinates":[[-72.987759,4.469706],[-72.986824,4.469216]]}},{"type":"Feature","properties":{"linea":"7-5-17","parcela":"7-5","palmas":15},"geometry":{"type":"LineString","coordinates":[[-72.987762,4.469787],[-72.986756,4.469259]]}},{"type":"Feature","properties":{"linea":"7-5-18","parcela":"7-5","palmas":15},"geometry":{"type":"LineString","coordinates":[[-72.987766,4.469868],[-72.986759,4.469341]]}},{"type":"Feature","properties":{"linea":"7-5-19","parcela":"7-5","palmas":16},"geometry":{"type":"LineString","coordinates":[[-72.987769,4.469949],[-72.986691,4.469384]]}},{"type":"Feature","properties":{"linea":"7-5-20","parcela":"7-5","palmas":17},"geometry":{"type":"LineString","coordinates":[[-72.987773,4.470031],[-72.986626,4.46943]]}},{"type":"Feature","properties":{"linea":"7-5-21","parcela":"7-5","palmas":18},"geometry":{"type":"LineString","coordinates":[[-72.987776,4.470112],[-72.986558,4.469473]]}},{"type":"Feature","properties":{"linea":"7-5-22","parcela":"7-5","palmas":19},"geometry":{"type":"LineString","coordinates":[[-72.987779,4.470193],[-72.986489,4.469517]]}},{"type":"Feature","properties":{"linea":"7-5-23","parcela":"7-5","palmas":20},"geometry":{"type":"LineString","coordinates":[[-72.987782,4.470275],[-72.986421,4.469561]]}},{"type":"Feature","properties":{"linea":"7-5-24","parcela":"7-5","palmas":20},"geometry":{"type":"LineString","coordinates":[[-72.987786,4.470356],[-72.986421,4.46964]]}},{"type":"Feature","properties":{"linea":"7-5-25","parcela":"7-5","palmas":21},"geometry":{"type":"LineString","coordinates":[[-72.987789,4.470438],[-72.986352,4.469684]]}},{"type":"Feature","properties":{"linea":"7-5-26","parcela":"7-5","palmas":22},"geometry":{"type":"LineString","coordinates":[[-72.987793,4.470519],[-72.986284,4.469728]]}},{"type":"Feature","properties":{"linea":"7-5-27","parcela":"7-5","palmas":23},"geometry":{"type":"LineString","coordinates":[[-72.987796,4.4706],[-72.986215,4.469771]]}},{"type":"Feature","properties":{"linea":"7-5-28","parcela":"7-5","palmas":23},"geometry":{"type":"LineString","coordinates":[[-72.9878,4.470681],[-72.986219,4.469852]]}},{"type":"Feature","properties":{"linea":"7-5-29","parcela":"7-5","palmas":24},"geometry":{"type":"LineString","coordinates":[[-72.987803,4.470763],[-72.98615,4.469896]]}},{"type":"Feature","properties":{"linea":"7-5-30","parcela":"7-5","palmas":25},"geometry":{"type":"LineString","coordinates":[[-72.987807,4.470844],[-72.986082,4.469939]]}},{"type":"Feature","properties":{"linea":"7-5-31","parcela":"7-5","palmas":26},"geometry":{"type":"LineString","coordinates":[[-72.98781,4.470925],[-72.986013,4.469983]]}},{"type":"Feature","properties":{"linea":"7-5-32","parcela":"7-5","palmas":27},"geometry":{"type":"LineString","coordinates":[[-72.987813,4.471006],[-72.985945,4.470027]]}},{"type":"Feature","properties":{"linea":"7-5-33","parcela":"7-5","palmas":28},"geometry":{"type":"LineString","coordinates":[[-72.987817,4.471088],[-72.985876,4.47007]]}},{"type":"Feature","properties":{"linea":"7-5-34","parcela":"7-5","palmas":28},"geometry":{"type":"LineString","coordinates":[[-72.98782,4.471169],[-72.98588,4.470152]]}},{"type":"Feature","properties":{"linea":"7-5-35","parcela":"7-5","palmas":29},"geometry":{"type":"LineString","coordinates":[[-72.987824,4.47125],[-72.985811,4.470195]]}},{"type":"Feature","properties":{"linea":"7-5-36","parcela":"7-5","palmas":30},"geometry":{"type":"LineString","coordinates":[[-72.987827,4.471332],[-72.985743,4.470239]]}},{"type":"Feature","properties":{"linea":"7-5-37","parcela":"7-5","palmas":28},"geometry":{"type":"LineString","coordinates":[[-72.987831,4.471413],[-72.985746,4.47032]]}},{"type":"Feature","properties":{"linea":"7-5-38","parcela":"7-5","palmas":26},"geometry":{"type":"LineString","coordinates":[[-72.987834,4.471494],[-72.986037,4.470552]]}},{"type":"Feature","properties":{"linea":"7-5-39","parcela":"7-5","palmas":28},"geometry":{"type":"LineString","coordinates":[[-72.987837,4.471576],[-72.985895,4.470557]]}},{"type":"Feature","properties":{"linea":"7-5-40","parcela":"7-5","palmas":29},"geometry":{"type":"LineString","coordinates":[[-72.987841,4.471657],[-72.985826,4.470601]]}},{"type":"Feature","properties":{"linea":"7-5-41","parcela":"7-5","palmas":29},"geometry":{"type":"LineString","coordinates":[[-72.987844,4.471738],[-72.985832,4.470683]]}},{"type":"Feature","properties":{"linea":"7-5-42","parcela":"7-5","palmas":30},"geometry":{"type":"LineString","coordinates":[[-72.987848,4.471819],[-72.985764,4.470727]]}},{"type":"Feature","properties":{"linea":"7-5-43","parcela":"7-5","palmas":30},"geometry":{"type":"LineString","coordinates":[[-72.987851,4.471901],[-72.985767,4.470808]]}},{"type":"Feature","properties":{"linea":"7-5-44","parcela":"7-5","palmas":30},"geometry":{"type":"LineString","coordinates":[[-72.987854,4.471982],[-72.98577,4.470889]]}},{"type":"Feature","properties":{"linea":"7-5-45","parcela":"7-5","palmas":30},"geometry":{"type":"LineString","coordinates":[[-72.987858,4.472063],[-72.985774,4.470971]]}},{"type":"Feature","properties":{"linea":"7-5-46","parcela":"7-5","palmas":30},"geometry":{"type":"LineString","coordinates":[[-72.987861,4.472145],[-72.985777,4.471052]]}},{"type":"Feature","properties":{"linea":"7-5-47","parcela":"7-5","palmas":30},"geometry":{"type":"LineString","coordinates":[[-72.987865,4.472226],[-72.985781,4.471133]]}},{"type":"Feature","properties":{"linea":"7-5-48","parcela":"7-5","palmas":30},"geometry":{"type":"LineString","coordinates":[[-72.987868,4.472307],[-72.985784,4.471214]]}},{"type":"Feature","properties":{"linea":"7-5-49","parcela":"7-5","palmas":30},"geometry":{"type":"LineString","coordinates":[[-72.987871,4.472389],[-72.985788,4.471296]]}},{"type":"Feature","properties":{"linea":"7-5-50","parcela":"7-5","palmas":30},"geometry":{"type":"LineString","coordinates":[[-72.987875,4.47247],[-72.985791,4.471377]]}},{"type":"Feature","properties":{"linea":"7-5-51","parcela":"7-5","palmas":30},"geometry":{"type":"LineString","coordinates":[[-72.987878,4.472551],[-72.985794,4.471458]]}},{"type":"Feature","properties":{"linea":"7-5-52","parcela":"7-5","palmas":30},"geometry":{"type":"LineString","coordinates":[[-72.987882,4.472633],[-72.985798,4.47154]]}},{"type":"Feature","properties":{"linea":"7-5-53","parcela":"7-5","palmas":30},"geometry":{"type":"LineString","coordinates":[[-72.987885,4.472714],[-72.985801,4.471621]]}},{"type":"Feature","properties":{"linea":"7-5-54","parcela":"7-5","palmas":30},"geometry":{"type":"LineString","coordinates":[[-72.987889,4.472795],[-72.985804,4.471702]]}},{"type":"Feature","properties":{"linea":"7-5-55","parcela":"7-5","palmas":30},"geometry":{"type":"LineString","coordinates":[[-72.987892,4.472876],[-72.985808,4.471784]]}},{"type":"Feature","properties":{"linea":"7-5-56","parcela":"7-5","palmas":30},"geometry":{"type":"LineString","coordinates":[[-72.987895,4.472958],[-72.985811,4.471865]]}},{"type":"Feature","properties":{"linea":"7-5-57","parcela":"7-5","palmas":30},"geometry":{"type":"LineString","coordinates":[[-72.987899,4.473039],[-72.985815,4.471946]]}},{"type":"Feature","properties":{"linea":"7-5-58","parcela":"7-5","palmas":30},"geometry":{"type":"LineString","coordinates":[[-72.987902,4.47312],[-72.985818,4.472028]]}},{"type":"Feature","properties":{"linea":"7-5-59","parcela":"7-5","palmas":30},"geometry":{"type":"LineString","coordinates":[[-72.987906,4.473202],[-72.985822,4.472109]]}},{"type":"Feature","properties":{"linea":"7-5-60","parcela":"7-5","palmas":30},"geometry":{"type":"LineString","coordinates":[[-72.987909,4.473283],[-72.985825,4.47219]]}},{"type":"Feature","properties":{"linea":"7-5-61","parcela":"7-5","palmas":30},"geometry":{"type":"LineString","coordinates":[[-72.987913,4.473364],[-72.985828,4.472271]]}},{"type":"Feature","properties":{"linea":"7-5-62","parcela":"7-5","palmas":30},"geometry":{"type":"LineString","coordinates":[[-72.987916,4.473446],[-72.985832,4.472353]]}},{"type":"Feature","properties":{"linea":"7-5-63","parcela":"7-5","palmas":30},"geometry":{"type":"LineString","coordinates":[[-72.987919,4.473527],[-72.985835,4.472434]]}},{"type":"Feature","properties":{"linea":"7-5-64","parcela":"7-5","palmas":30},"geometry":{"type":"LineString","coordinates":[[-72.987923,4.473608],[-72.985839,4.472515]]}},{"type":"Feature","properties":{"linea":"7-5-65","parcela":"7-5","palmas":30},"geometry":{"type":"LineString","coordinates":[[-72.987926,4.473689],[-72.985842,4.472597]]}},{"type":"Feature","properties":{"linea":"7-5-66","parcela":"7-5","palmas":30},"geometry":{"type":"LineString","coordinates":[[-72.987929,4.473771],[-72.985846,4.472678]]}},{"type":"Feature","properties":{"linea":"7-5-67","parcela":"7-5","palmas":30},"geometry":{"type":"LineString","coordinates":[[-72.987933,4.473852],[-72.985849,4.472759]]}},{"type":"Feature","properties":{"linea":"7-5-68","parcela":"7-5","palmas":30},"geometry":{"type":"LineString","coordinates":[[-72.987936,4.473933],[-72.985852,4.472841]]}},{"type":"Feature","properties":{"linea":"7-5-69","parcela":"7-5","palmas":30},"geometry":{"type":"LineString","coordinates":[[-72.98794,4.474015],[-72.985856,4.472922]]}},{"type":"Feature","properties":{"linea":"7-5-70","parcela":"7-5","palmas":30},"geometry":{"type":"LineString","coordinates":[[-72.987943,4.474096],[-72.985859,4.473003]]}},{"type":"Feature","properties":{"linea":"7-5-71","parcela":"7-5","palmas":30},"geometry":{"type":"LineString","coordinates":[[-72.987947,4.474177],[-72.985862,4.473084]]}},{"type":"Feature","properties":{"linea":"7-5-72","parcela":"7-5","palmas":30},"geometry":{"type":"LineString","coordinates":[[-72.98795,4.474259],[-72.985866,4.473166]]}},{"type":"Feature","properties":{"linea":"7-5-73","parcela":"7-5","palmas":30},"geometry":{"type":"LineString","coordinates":[[-72.987953,4.47434],[-72.985869,4.473247]]}},{"type":"Feature","properties":{"linea":"7-5-74","parcela":"7-5","palmas":30},"geometry":{"type":"LineString","coordinates":[[-72.987957,4.474421],[-72.985873,4.473328]]}},{"type":"Feature","properties":{"linea":"7-5-75","parcela":"7-5","palmas":30},"geometry":{"type":"LineString","coordinates":[[-72.98796,4.474502],[-72.985876,4.47341]]}},{"type":"Feature","properties":{"linea":"7-5-76","parcela":"7-5","palmas":30},"geometry":{"type":"LineString","coordinates":[[-72.987964,4.474584],[-72.98588,4.473491]]}},{"type":"Feature","properties":{"linea":"7-5-77","parcela":"7-5","palmas":30},"geometry":{"type":"LineString","coordinates":[[-72.987967,4.474665],[-72.985883,4.473572]]}},{"type":"Feature","properties":{"linea":"7-5-78","parcela":"7-5","palmas":30},"geometry":{"type":"LineString","coordinates":[[-72.987971,4.474746],[-72.985886,4.473654]]}},{"type":"Feature","properties":{"linea":"7-5-79","parcela":"7-5","palmas":30},"geometry":{"type":"LineString","coordinates":[[-72.987974,4.474827],[-72.98589,4.473735]]}},{"type":"Feature","properties":{"linea":"7-5-80","parcela":"7-5","palmas":30},"geometry":{"type":"LineString","coordinates":[[-72.987977,4.474909],[-72.985893,4.473816]]}},{"type":"Feature","properties":{"linea":"7-5-81","parcela":"7-5","palmas":30},"geometry":{"type":"LineString","coordinates":[[-72.987981,4.47499],[-72.985897,4.473898]]}},{"type":"Feature","properties":{"linea":"7-5-82","parcela":"7-5","palmas":30},"geometry":{"type":"LineString","coordinates":[[-72.987984,4.475072],[-72.9859,4.473979]]}},{"type":"Feature","properties":{"linea":"7-5-83","parcela":"7-5","palmas":30},"geometry":{"type":"LineString","coordinates":[[-72.987988,4.475153],[-72.985904,4.47406]]}},{"type":"Feature","properties":{"linea":"7-5-84","parcela":"7-5","palmas":30},"geometry":{"type":"LineString","coordinates":[[-72.987991,4.475234],[-72.985907,4.474141]]}},{"type":"Feature","properties":{"linea":"7-5-85","parcela":"7-5","palmas":30},"geometry":{"type":"LineString","coordinates":[[-72.987994,4.475316],[-72.985911,4.474223]]}},{"type":"Feature","properties":{"linea":"7-5-86","parcela":"7-5","palmas":30},"geometry":{"type":"LineString","coordinates":[[-72.987998,4.475397],[-72.985914,4.474304]]}},{"type":"Feature","properties":{"linea":"7-5-87","parcela":"7-5","palmas":30},"geometry":{"type":"LineString","coordinates":[[-72.988001,4.475478],[-72.985917,4.474385]]}},{"type":"Feature","properties":{"linea":"7-5-88","parcela":"7-5","palmas":30},"geometry":{"type":"LineString","coordinates":[[-72.988005,4.475559],[-72.985921,4.474467]]}},{"type":"Feature","properties":{"linea":"7-5-89","parcela":"7-5","palmas":29},"geometry":{"type":"LineString","coordinates":[[-72.987936,4.475603],[-72.985924,4.474548]]}},{"type":"Feature","properties":{"linea":"7-5-90","parcela":"7-5","palmas":28},"geometry":{"type":"LineString","coordinates":[[-72.987868,4.475647],[-72.985928,4.474629]]}},{"type":"Feature","properties":{"linea":"7-5-91","parcela":"7-5","palmas":27},"geometry":{"type":"LineString","coordinates":[[-72.987799,4.47569],[-72.985931,4.474711]]}},{"type":"Feature","properties":{"linea":"7-5-92","parcela":"7-5","palmas":26},"geometry":{"type":"LineString","coordinates":[[-72.987731,4.475734],[-72.985934,4.474792]]}},{"type":"Feature","properties":{"linea":"7-5-93","parcela":"7-5","palmas":25},"geometry":{"type":"LineString","coordinates":[[-72.987662,4.475778],[-72.985938,4.474873]]}},{"type":"Feature","properties":{"linea":"7-5-94","parcela":"7-5","palmas":24},"geometry":{"type":"LineString","coordinates":[[-72.987594,4.475821],[-72.985941,4.474954]]}},{"type":"Feature","properties":{"linea":"7-5-95","parcela":"7-5","palmas":23},"geometry":{"type":"LineString","coordinates":[[-72.987526,4.475865],[-72.985945,4.475036]]}},{"type":"Feature","properties":{"linea":"7-5-96","parcela":"7-5","palmas":22},"geometry":{"type":"LineString","coordinates":[[-72.987457,4.475908],[-72.985948,4.475117]]}},{"type":"Feature","properties":{"linea":"7-5-97","parcela":"7-5","palmas":21},"geometry":{"type":"LineString","coordinates":[[-72.987389,4.475952],[-72.985951,4.475198]]}},{"type":"Feature","properties":{"linea":"7-5-98","parcela":"7-5","palmas":20},"geometry":{"type":"LineString","coordinates":[[-72.98732,4.475996],[-72.985955,4.47528]]}},{"type":"Feature","properties":{"linea":"7-5-99","parcela":"7-5","palmas":19},"geometry":{"type":"LineString","coordinates":[[-72.987252,4.476039],[-72.985958,4.475361]]}},{"type":"Feature","properties":{"linea":"7-5-100","parcela":"7-5","palmas":17},"geometry":{"type":"LineString","coordinates":[[-72.987183,4.476083],[-72.986034,4.47548]]}},{"type":"Feature","properties":{"linea":"7-5-101","parcela":"7-5","palmas":16},"geometry":{"type":"LineString","coordinates":[[-72.987115,4.476126],[-72.986037,4.475561]]}},{"type":"Feature","properties":{"linea":"7-5-102","parcela":"7-5","palmas":16},"geometry":{"type":"LineString","coordinates":[[-72.987046,4.47617],[-72.98604,4.475643],[-72.985968,4.475608]]}},{"type":"Feature","properties":{"linea":"7-5-103","parcela":"7-5","palmas":15},"geometry":{"type":"LineString","coordinates":[[-72.986978,4.476214],[-72.985972,4.475686]]}},{"type":"Feature","properties":{"linea":"7-5-104","parcela":"7-5","palmas":14},"geometry":{"type":"LineString","coordinates":[[-72.986909,4.476257],[-72.985975,4.475767]]}},{"type":"Feature","properties":{"linea":"7-5-105","parcela":"7-5","palmas":13},"geometry":{"type":"LineString","coordinates":[[-72.986841,4.476301],[-72.985979,4.475849]]}},{"type":"Feature","properties":{"linea":"7-5-106","parcela":"7-5","palmas":11},"geometry":{"type":"LineString","coordinates":[[-72.986773,4.476344],[-72.986054,4.475968]]}},{"type":"Feature","properties":{"linea":"7-5-107","parcela":"7-5","palmas":10},"geometry":{"type":"LineString","coordinates":[[-72.986704,4.476388],[-72.986058,4.476049]]}},{"type":"Feature","properties":{"linea":"7-5-108","parcela":"7-5","palmas":9},"geometry":{"type":"LineString","coordinates":[[-72.986636,4.476432],[-72.986061,4.47613]]}},{"type":"Feature","properties":{"linea":"7-5-109","parcela":"7-5","palmas":8},"geometry":{"type":"LineString","coordinates":[[-72.986567,4.476475],[-72.986064,4.476212]]}},{"type":"Feature","properties":{"linea":"7-5-110","parcela":"7-5","palmas":7},"geometry":{"type":"LineString","coordinates":[[-72.986499,4.476519],[-72.986068,4.476293]]}},{"type":"Feature","properties":{"linea":"7-5-111","parcela":"7-5","palmas":6},"geometry":{"type":"LineString","coordinates":[[-72.986431,4.476562],[-72.986071,4.476374]]}},{"type":"Feature","properties":{"linea":"7-5-112","parcela":"7-5","palmas":5},"geometry":{"type":"LineString","coordinates":[[-72.986362,4.476606],[-72.986074,4.476456]]}},{"type":"Feature","properties":{"linea":"7-5-113","parcela":"7-5","palmas":4},"geometry":{"type":"LineString","coordinates":[[-72.986294,4.47665],[-72.986078,4.476537]]}},{"type":"Feature","properties":{"linea":"7-5-114","parcela":"7-5","palmas":3},"geometry":{"type":"LineString","coordinates":[[-72.986225,4.476693],[-72.986081,4.476618]]}},{"type":"Feature","properties":{"linea":"7-5-115","parcela":"7-5","palmas":2},"geometry":{"type":"LineString","coordinates":[[-72.986157,4.476737],[-72.986085,4.476699]]}},{"type":"Feature","properties":{"linea":"7-5-117","parcela":"7-5","palmas":7},"geometry":{"type":"LineString","coordinates":[[-72.986502,4.4766],[-72.986092,4.476862]]}},{"type":"Feature","properties":{"linea":"7-5-118","parcela":"7-5","palmas":29},"geometry":{"type":"LineString","coordinates":[[-72.988011,4.475722],[-72.986095,4.476943]]}},{"type":"Feature","properties":{"linea":"7-5-119","parcela":"7-5","palmas":29},"geometry":{"type":"LineString","coordinates":[[-72.988015,4.475803],[-72.986098,4.477025]]}},{"type":"Feature","properties":{"linea":"7-5-120","parcela":"7-5","palmas":29},"geometry":{"type":"LineString","coordinates":[[-72.988018,4.475884],[-72.986102,4.477106]]}},{"type":"Feature","properties":{"linea":"7-5-121","parcela":"7-5","palmas":29},"geometry":{"type":"LineString","coordinates":[[-72.988022,4.475966],[-72.986105,4.477187]]}},{"type":"Feature","properties":{"linea":"7-5-122","parcela":"7-5","palmas":29},"geometry":{"type":"LineString","coordinates":[[-72.988025,4.476047],[-72.986109,4.477269]]}},{"type":"Feature","properties":{"linea":"7-5-123","parcela":"7-5","palmas":29},"geometry":{"type":"LineString","coordinates":[[-72.988029,4.476128],[-72.986112,4.47735]]}},{"type":"Feature","properties":{"linea":"7-5-124","parcela":"7-5","palmas":29},"geometry":{"type":"LineString","coordinates":[[-72.988032,4.47621],[-72.986116,4.477431]]}},{"type":"Feature","properties":{"linea":"7-5-125","parcela":"7-5","palmas":29},"geometry":{"type":"LineString","coordinates":[[-72.988036,4.476291],[-72.986119,4.477513]]}},{"type":"Feature","properties":{"linea":"7-5-126","parcela":"7-5","palmas":29},"geometry":{"type":"LineString","coordinates":[[-72.988039,4.476372],[-72.986122,4.477594]]}},{"type":"Feature","properties":{"linea":"7-5-127","parcela":"7-5","palmas":29},"geometry":{"type":"LineString","coordinates":[[-72.988042,4.476454],[-72.986126,4.477675]]}},{"type":"Feature","properties":{"linea":"7-5-128","parcela":"7-5","palmas":29},"geometry":{"type":"LineString","coordinates":[[-72.988046,4.476535],[-72.986129,4.477756]]}},{"type":"Feature","properties":{"linea":"7-5-129","parcela":"7-5","palmas":29},"geometry":{"type":"LineString","coordinates":[[-72.988049,4.476616],[-72.986132,4.477837]]}},{"type":"Feature","properties":{"linea":"7-5-130","parcela":"7-5","palmas":29},"geometry":{"type":"LineString","coordinates":[[-72.988052,4.476698],[-72.986136,4.477919]]}},{"type":"Feature","properties":{"linea":"7-5-131","parcela":"7-5","palmas":29},"geometry":{"type":"LineString","coordinates":[[-72.988056,4.476779],[-72.986139,4.478]]}},{"type":"Feature","properties":{"linea":"7-5-132","parcela":"7-5","palmas":29},"geometry":{"type":"LineString","coordinates":[[-72.988059,4.47686],[-72.986143,4.478082]]}},{"type":"Feature","properties":{"linea":"7-5-133","parcela":"7-5","palmas":29},"geometry":{"type":"LineString","coordinates":[[-72.988063,4.476941],[-72.986146,4.478163]]}},{"type":"Feature","properties":{"linea":"7-5-134","parcela":"7-5","palmas":29},"geometry":{"type":"LineString","coordinates":[[-72.988066,4.477023],[-72.98615,4.478244]]}},{"type":"Feature","properties":{"linea":"7-5-135","parcela":"7-5","palmas":29},"geometry":{"type":"LineString","coordinates":[[-72.98807,4.477104],[-72.986153,4.478326]]}},{"type":"Feature","properties":{"linea":"7-5-136","parcela":"7-5","palmas":29},"geometry":{"type":"LineString","coordinates":[[-72.988073,4.477185],[-72.986156,4.478407]]}},{"type":"Feature","properties":{"linea":"7-5-137","parcela":"7-5","palmas":29},"geometry":{"type":"LineString","coordinates":[[-72.988076,4.477267],[-72.98616,4.478488]]}},{"type":"Feature","properties":{"linea":"7-5-138","parcela":"7-5","palmas":29},"geometry":{"type":"LineString","coordinates":[[-72.98808,4.477348],[-72.986163,4.478569]]}},{"type":"Feature","properties":{"linea":"7-5-139","parcela":"7-5","palmas":29},"geometry":{"type":"LineString","coordinates":[[-72.988083,4.477429],[-72.986167,4.478651]]}},{"type":"Feature","properties":{"linea":"7-5-140","parcela":"7-5","palmas":29},"geometry":{"type":"LineString","coordinates":[[-72.988087,4.477511],[-72.98617,4.478732]]}},{"type":"Feature","properties":{"linea":"7-5-141","parcela":"7-5","palmas":29},"geometry":{"type":"LineString","coordinates":[[-72.98809,4.477592],[-72.986174,4.478813]]}},{"type":"Feature","properties":{"linea":"7-5-142","parcela":"7-5","palmas":29},"geometry":{"type":"LineString","coordinates":[[-72.988094,4.477673],[-72.986177,4.478894]]}},{"type":"Feature","properties":{"linea":"7-5-143","parcela":"7-5","palmas":29},"geometry":{"type":"LineString","coordinates":[[-72.988097,4.477754],[-72.986181,4.478976]]}},{"type":"Feature","properties":{"linea":"7-5-144","parcela":"7-5","palmas":29},"geometry":{"type":"LineString","coordinates":[[-72.9881,4.477836],[-72.986184,4.479057]]}},{"type":"Feature","properties":{"linea":"7-5-145","parcela":"7-5","palmas":29},"geometry":{"type":"LineString","coordinates":[[-72.988104,4.477917],[-72.986187,4.479138]]}},{"type":"Feature","properties":{"linea":"7-5-146","parcela":"7-5","palmas":29},"geometry":{"type":"LineString","coordinates":[[-72.988107,4.477998],[-72.986191,4.47922]]}},{"type":"Feature","properties":{"linea":"7-5-147","parcela":"7-5","palmas":29},"geometry":{"type":"LineString","coordinates":[[-72.988111,4.47808],[-72.986194,4.479301]]}},{"type":"Feature","properties":{"linea":"7-5-148","parcela":"7-5","palmas":29},"geometry":{"type":"LineString","coordinates":[[-72.988114,4.478161],[-72.986198,4.479382]]}},{"type":"Feature","properties":{"linea":"7-5-149","parcela":"7-5","palmas":29},"geometry":{"type":"LineString","coordinates":[[-72.988118,4.478242],[-72.986201,4.479464]]}},{"type":"Feature","properties":{"linea":"7-5-150","parcela":"7-5","palmas":29},"geometry":{"type":"LineString","coordinates":[[-72.988121,4.478324],[-72.986204,4.479545]]}},{"type":"Feature","properties":{"linea":"7-5-151","parcela":"7-5","palmas":29},"geometry":{"type":"LineString","coordinates":[[-72.988124,4.478405],[-72.986208,4.479626]]}},{"type":"Feature","properties":{"linea":"7-5-152","parcela":"7-5","palmas":29},"geometry":{"type":"LineString","coordinates":[[-72.988128,4.478486],[-72.986211,4.479707]]}},{"type":"Feature","properties":{"linea":"7-5-153","parcela":"7-5","palmas":29},"geometry":{"type":"LineString","coordinates":[[-72.988131,4.478568],[-72.986215,4.479789]]}},{"type":"Feature","properties":{"linea":"7-5-154","parcela":"7-5","palmas":29},"geometry":{"type":"LineString","coordinates":[[-72.988134,4.478649],[-72.986218,4.47987]]}},{"type":"Feature","properties":{"linea":"7-5-155","parcela":"7-5","palmas":29},"geometry":{"type":"LineString","coordinates":[[-72.988138,4.47873],[-72.986221,4.479951]]}},{"type":"Feature","properties":{"linea":"7-5-156","parcela":"7-5","palmas":29},"geometry":{"type":"LineString","coordinates":[[-72.988141,4.478811],[-72.986225,4.480033]]}},{"type":"Feature","properties":{"linea":"7-5-157","parcela":"7-5","palmas":29},"geometry":{"type":"LineString","coordinates":[[-72.988145,4.478893],[-72.986228,4.480114]]}},{"type":"Feature","properties":{"linea":"7-5-158","parcela":"7-5","palmas":29},"geometry":{"type":"LineString","coordinates":[[-72.988148,4.478974],[-72.986232,4.480195]]}},{"type":"Feature","properties":{"linea":"7-5-159","parcela":"7-5","palmas":29},"geometry":{"type":"LineString","coordinates":[[-72.988152,4.479055],[-72.986235,4.480277]]}},{"type":"Feature","properties":{"linea":"7-5-160","parcela":"7-5","palmas":29},"geometry":{"type":"LineString","coordinates":[[-72.988155,4.479137],[-72.986239,4.480358]]}},{"type":"Feature","properties":{"linea":"7-5-161","parcela":"7-5","palmas":29},"geometry":{"type":"LineString","coordinates":[[-72.988158,4.479218],[-72.986242,4.480439]]}},{"type":"Feature","properties":{"linea":"7-5-162","parcela":"7-5","palmas":29},"geometry":{"type":"LineString","coordinates":[[-72.988162,4.479299],[-72.986245,4.480521]]}},{"type":"Feature","properties":{"linea":"7-5-163","parcela":"7-5","palmas":29},"geometry":{"type":"LineString","coordinates":[[-72.988165,4.479381],[-72.986249,4.480602]]}},{"type":"Feature","properties":{"linea":"7-5-164","parcela":"7-5","palmas":29},"geometry":{"type":"LineString","coordinates":[[-72.988169,4.479462],[-72.986252,4.480683]]}},{"type":"Feature","properties":{"linea":"7-5-165","parcela":"7-5","palmas":29},"geometry":{"type":"LineString","coordinates":[[-72.988172,4.479543],[-72.986256,4.480764]]}},{"type":"Feature","properties":{"linea":"7-5-166","parcela":"7-5","palmas":29},"geometry":{"type":"LineString","coordinates":[[-72.988176,4.479624],[-72.986259,4.480846]]}},{"type":"Feature","properties":{"linea":"7-5-167","parcela":"7-5","palmas":29},"geometry":{"type":"LineString","coordinates":[[-72.988179,4.479706],[-72.986262,4.480927]]}},{"type":"Feature","properties":{"linea":"7-5-168","parcela":"7-5","palmas":29},"geometry":{"type":"LineString","coordinates":[[-72.988182,4.479787],[-72.986266,4.481008]]}},{"type":"Feature","properties":{"linea":"7-5-169","parcela":"7-5","palmas":29},"geometry":{"type":"LineString","coordinates":[[-72.988186,4.479868],[-72.986269,4.48109]]}},{"type":"Feature","properties":{"linea":"7-5-170","parcela":"7-5","palmas":29},"geometry":{"type":"LineString","coordinates":[[-72.988189,4.47995],[-72.986273,4.481171]]}},{"type":"Feature","properties":{"linea":"7-5-171","parcela":"7-5","palmas":29},"geometry":{"type":"LineString","coordinates":[[-72.988192,4.480031],[-72.986276,4.481252]]}},{"type":"Feature","properties":{"linea":"7-5-172","parcela":"7-5","palmas":29},"geometry":{"type":"LineString","coordinates":[[-72.988196,4.480112],[-72.986279,4.481334]]}},{"type":"Feature","properties":{"linea":"7-5-173","parcela":"7-5","palmas":29},"geometry":{"type":"LineString","coordinates":[[-72.988199,4.480194],[-72.986283,4.481415]]}},{"type":"Feature","properties":{"linea":"7-5-174","parcela":"7-5","palmas":29},"geometry":{"type":"LineString","coordinates":[[-72.988203,4.480275],[-72.986286,4.481496]]}},{"type":"Feature","properties":{"linea":"7-5-176","parcela":"7-5","palmas":2},"geometry":{"type":"LineString","coordinates":[[-72.988278,4.480394],[-72.988206,4.480356]]}},{"type":"Feature","properties":{"linea":"7-5-177","parcela":"7-5","palmas":3},"geometry":{"type":"LineString","coordinates":[[-72.988282,4.480475],[-72.988138,4.4804]]}},{"type":"Feature","properties":{"linea":"7-5-178","parcela":"7-5","palmas":4},"geometry":{"type":"LineString","coordinates":[[-72.988285,4.480556],[-72.988069,4.480443]]}},{"type":"Feature","properties":{"linea":"7-5-179","parcela":"7-5","palmas":5},"geometry":{"type":"LineString","coordinates":[[-72.988288,4.480638],[-72.988001,4.480487]]}},{"type":"Feature","properties":{"linea":"7-5-180","parcela":"7-5","palmas":6},"geometry":{"type":"LineString","coordinates":[[-72.988292,4.480719],[-72.987932,4.480531]]}},{"type":"Feature","properties":{"linea":"7-5-181","parcela":"7-5","palmas":7},"geometry":{"type":"LineString","coordinates":[[-72.988295,4.4808],[-72.987864,4.480574]]}},{"type":"Feature","properties":{"linea":"7-5-182","parcela":"7-5","palmas":8},"geometry":{"type":"LineString","coordinates":[[-72.988299,4.480882],[-72.987796,4.480618]]}},{"type":"Feature","properties":{"linea":"7-5-183","parcela":"7-5","palmas":9},"geometry":{"type":"LineString","coordinates":[[-72.988302,4.480963],[-72.987727,4.480661]]}},{"type":"Feature","properties":{"linea":"7-5-184","parcela":"7-5","palmas":10},"geometry":{"type":"LineString","coordinates":[[-72.988306,4.481044],[-72.987659,4.480705]]}},{"type":"Feature","properties":{"linea":"7-5-185","parcela":"7-5","palmas":11},"geometry":{"type":"LineString","coordinates":[[-72.988309,4.481126],[-72.98759,4.480749]]}},{"type":"Feature","properties":{"linea":"7-5-186","parcela":"7-5","palmas":12},"geometry":{"type":"LineString","coordinates":[[-72.988312,4.481207],[-72.987522,4.480792]]}},{"type":"Feature","properties":{"linea":"7-5-187","parcela":"7-5","palmas":13},"geometry":{"type":"LineString","coordinates":[[-72.988316,4.481288],[-72.987453,4.480836]]}},{"type":"Feature","properties":{"linea":"7-5-188","parcela":"7-5","palmas":13},"geometry":{"type":"LineString","coordinates":[[-72.988247,4.481332],[-72.987385,4.480879]]}},{"type":"Feature","properties":{"linea":"7-5-189","parcela":"7-5","palmas":13},"geometry":{"type":"LineString","coordinates":[[-72.988179,4.481375],[-72.987316,4.480923]]}},{"type":"Feature","properties":{"linea":"7-5-190","parcela":"7-5","palmas":13},"geometry":{"type":"LineString","coordinates":[[-72.98811,4.481419],[-72.987248,4.480967]]}},{"type":"Feature","properties":{"linea":"7-5-191","parcela":"7-5","palmas":13},"geometry":{"type":"LineString","coordinates":[[-72.988042,4.481463],[-72.987179,4.481011]]}},{"type":"Feature","properties":{"linea":"7-5-192","parcela":"7-5","palmas":13},"geometry":{"type":"LineString","coordinates":[[-72.987973,4.481506],[-72.987111,4.481054]]}},{"type":"Feature","properties":{"linea":"7-5-193","parcela":"7-5","palmas":13},"geometry":{"type":"LineString","coordinates":[[-72.987905,4.48155],[-72.987043,4.481098]]}},{"type":"Feature","properties":{"linea":"7-5-194","parcela":"7-5","palmas":13},"geometry":{"type":"LineString","coordinates":[[-72.987837,4.481593],[-72.986974,4.481141]]}},{"type":"Feature","properties":{"linea":"7-5-195","parcela":"7-5","palmas":13},"geometry":{"type":"LineString","coordinates":[[-72.987768,4.481637],[-72.986906,4.481185]]}},{"type":"Feature","properties":{"linea":"7-5-196","parcela":"7-5","palmas":13},"geometry":{"type":"LineString","coordinates":[[-72.9877,4.481681],[-72.986837,4.481229]]}},{"type":"Feature","properties":{"linea":"7-5-197","parcela":"7-5","palmas":13},"geometry":{"type":"LineString","coordinates":[[-72.987631,4.481724],[-72.986769,4.481272]]}},{"type":"Feature","properties":{"linea":"7-5-198","parcela":"7-5","palmas":13},"geometry":{"type":"LineString","coordinates":[[-72.987563,4.481768],[-72.986701,4.481316]]}},{"type":"Feature","properties":{"linea":"7-5-199","parcela":"7-5","palmas":13},"geometry":{"type":"LineString","coordinates":[[-72.987494,4.481812],[-72.986632,4.481359]]}},{"type":"Feature","properties":{"linea":"7-5-200","parcela":"7-5","palmas":13},"geometry":{"type":"LineString","coordinates":[[-72.987426,4.481855],[-72.986564,4.481403]]}},{"type":"Feature","properties":{"linea":"7-5-201","parcela":"7-5","palmas":13},"geometry":{"type":"LineString","coordinates":[[-72.987358,4.481899],[-72.986495,4.481447]]}},{"type":"Feature","properties":{"linea":"7-5-202","parcela":"7-5","palmas":13},"geometry":{"type":"LineString","coordinates":[[-72.987289,4.481942],[-72.986427,4.48149]]}},{"type":"Feature","properties":{"linea":"7-5-203","parcela":"7-5","palmas":13},"geometry":{"type":"LineString","coordinates":[[-72.987221,4.481986],[-72.986358,4.481534]]}},{"type":"Feature","properties":{"linea":"7-5-204","parcela":"7-5","palmas":13},"geometry":{"type":"LineString","coordinates":[[-72.987152,4.48203],[-72.98629,4.481578]]}},{"type":"Feature","properties":{"linea":"7-5-205","parcela":"7-5","palmas":12},"geometry":{"type":"LineString","coordinates":[[-72.987084,4.482073],[-72.986293,4.481659]]}},{"type":"Feature","properties":{"linea":"7-5-206","parcela":"7-5","palmas":11},"geometry":{"type":"LineString","coordinates":[[-72.987015,4.482117],[-72.986297,4.48174]]}},{"type":"Feature","properties":{"linea":"7-5-207","parcela":"7-5","palmas":10},"geometry":{"type":"LineString","coordinates":[[-72.986947,4.482161],[-72.9863,4.481821]]}},{"type":"Feature","properties":{"linea":"7-5-208","parcela":"7-5","palmas":9},"geometry":{"type":"LineString","coordinates":[[-72.986878,4.482204],[-72.986303,4.481903]]}},{"type":"Feature","properties":{"linea":"7-5-209","parcela":"7-5","palmas":8},"geometry":{"type":"LineString","coordinates":[[-72.98681,4.482248],[-72.986307,4.481984]]}},{"type":"Feature","properties":{"linea":"7-5-210","parcela":"7-5","palmas":8},"geometry":{"type":"LineString","coordinates":[[-72.986813,4.482329],[-72.98631,4.482065]]}},{"type":"Feature","properties":{"linea":"7-5-211","parcela":"7-5","palmas":7},"geometry":{"type":"LineString","coordinates":[[-72.986745,4.482373],[-72.986314,4.482147]]}},{"type":"Feature","properties":{"linea":"7-5-212","parcela":"7-5","palmas":6},"geometry":{"type":"LineString","coordinates":[[-72.986676,4.482416],[-72.986317,4.482228]]}},{"type":"Feature","properties":{"linea":"7-5-213","parcela":"7-5","palmas":5},"geometry":{"type":"LineString","coordinates":[[-72.986608,4.48246],[-72.986321,4.482309]]}},{"type":"Feature","properties":{"linea":"7-5-214","parcela":"7-5","palmas":4},"geometry":{"type":"LineString","coordinates":[[-72.986539,4.482504],[-72.986324,4.482391]]}},{"type":"Feature","properties":{"linea":"7-5-215","parcela":"7-5","palmas":3},"geometry":{"type":"LineString","coordinates":[[-72.986471,4.482547],[-72.986327,4.482472]]}},{"type":"Feature","properties":{"linea":"7-5-216","parcela":"7-5","palmas":2},"geometry":{"type":"LineString","coordinates":[[-72.986402,4.482591],[-72.986331,4.482553]]}},{"type":"Feature","properties":{"linea":"7-5-218","parcela":"7-5","palmas":30},"geometry":{"type":"LineString","coordinates":[[-72.988322,4.481451],[-72.986338,4.482716]]}},{"type":"Feature","properties":{"linea":"7-5-219","parcela":"7-5","palmas":30},"geometry":{"type":"LineString","coordinates":[[-72.988326,4.481532],[-72.986341,4.482797]]}},{"type":"Feature","properties":{"linea":"7-5-220","parcela":"7-5","palmas":30},"geometry":{"type":"LineString","coordinates":[[-72.988329,4.481613],[-72.986344,4.482878]]}},{"type":"Feature","properties":{"linea":"7-5-221","parcela":"7-5","palmas":30},"geometry":{"type":"LineString","coordinates":[[-72.988333,4.481695],[-72.986348,4.48296]]}},{"type":"Feature","properties":{"linea":"7-5-222","parcela":"7-5","palmas":30},"geometry":{"type":"LineString","coordinates":[[-72.988336,4.481776],[-72.986351,4.483041]]}},{"type":"Feature","properties":{"linea":"7-5-223","parcela":"7-5","palmas":30},"geometry":{"type":"LineString","coordinates":[[-72.98834,4.481857],[-72.986355,4.483122]]}},{"type":"Feature","properties":{"linea":"7-5-224","parcela":"7-5","palmas":30},"geometry":{"type":"LineString","coordinates":[[-72.988343,4.481939],[-72.986358,4.483204]]}},{"type":"Feature","properties":{"linea":"7-5-225","parcela":"7-5","palmas":30},"geometry":{"type":"LineString","coordinates":[[-72.988346,4.48202],[-72.986361,4.483285]]}},{"type":"Feature","properties":{"linea":"7-5-226","parcela":"7-5","palmas":30},"geometry":{"type":"LineString","coordinates":[[-72.98835,4.482101],[-72.986365,4.483366]]}},{"type":"Feature","properties":{"linea":"7-5-227","parcela":"7-5","palmas":30},"geometry":{"type":"LineString","coordinates":[[-72.988353,4.482183],[-72.986368,4.483448]]}},{"type":"Feature","properties":{"linea":"7-5-228","parcela":"7-5","palmas":30},"geometry":{"type":"LineString","coordinates":[[-72.988357,4.482264],[-72.986372,4.483529]]}},{"type":"Feature","properties":{"linea":"7-5-229","parcela":"7-5","palmas":30},"geometry":{"type":"LineString","coordinates":[[-72.98836,4.482345],[-72.986375,4.48361]]}},{"type":"Feature","properties":{"linea":"7-5-230","parcela":"7-5","palmas":30},"geometry":{"type":"LineString","coordinates":[[-72.988364,4.482426],[-72.986379,4.483691]]}},{"type":"Feature","properties":{"linea":"7-5-231","parcela":"7-5","palmas":30},"geometry":{"type":"LineString","coordinates":[[-72.988367,4.482508],[-72.986382,4.483772]]}},{"type":"Feature","properties":{"linea":"7-5-232","parcela":"7-5","palmas":30},"geometry":{"type":"LineString","coordinates":[[-72.98837,4.482589],[-72.986385,4.483854]]}},{"type":"Feature","properties":{"linea":"7-5-233","parcela":"7-5","palmas":30},"geometry":{"type":"LineString","coordinates":[[-72.988374,4.48267],[-72.986389,4.483935]]}},{"type":"Feature","properties":{"linea":"7-5-234","parcela":"7-5","palmas":30},"geometry":{"type":"LineString","coordinates":[[-72.988377,4.482752],[-72.986392,4.484016]]}},{"type":"Feature","properties":{"linea":"7-5-235","parcela":"7-5","palmas":30},"geometry":{"type":"LineString","coordinates":[[-72.988381,4.482833],[-72.986396,4.484098]]}},{"type":"Feature","properties":{"linea":"7-5-236","parcela":"7-5","palmas":30},"geometry":{"type":"LineString","coordinates":[[-72.988384,4.482914],[-72.986399,4.484179]]}},{"type":"Feature","properties":{"linea":"7-5-237","parcela":"7-5","palmas":30},"geometry":{"type":"LineString","coordinates":[[-72.988388,4.482996],[-72.986402,4.484261]]}},{"type":"Feature","properties":{"linea":"7-5-238","parcela":"7-5","palmas":30},"geometry":{"type":"LineString","coordinates":[[-72.988391,4.483077],[-72.986406,4.484342]]}},{"type":"Feature","properties":{"linea":"7-5-239","parcela":"7-5","palmas":30},"geometry":{"type":"LineString","coordinates":[[-72.988394,4.483158],[-72.986409,4.484423]]}},{"type":"Feature","properties":{"linea":"7-5-240","parcela":"7-5","palmas":30},"geometry":{"type":"LineString","coordinates":[[-72.988398,4.483239],[-72.986413,4.484504]]}},{"type":"Feature","properties":{"linea":"7-5-241","parcela":"7-5","palmas":30},"geometry":{"type":"LineString","coordinates":[[-72.988401,4.483321],[-72.986416,4.484586]]}},{"type":"Feature","properties":{"linea":"7-5-242","parcela":"7-5","palmas":30},"geometry":{"type":"LineString","coordinates":[[-72.988404,4.483402],[-72.986419,4.484667]]}},{"type":"Feature","properties":{"linea":"7-5-243","parcela":"7-5","palmas":30},"geometry":{"type":"LineString","coordinates":[[-72.988408,4.483483],[-72.986423,4.484748]]}},{"type":"Feature","properties":{"linea":"7-5-244","parcela":"7-5","palmas":30},"geometry":{"type":"LineString","coordinates":[[-72.988411,4.483564],[-72.986426,4.484829]]}},{"type":"Feature","properties":{"linea":"7-5-245","parcela":"7-5","palmas":30},"geometry":{"type":"LineString","coordinates":[[-72.988415,4.483646],[-72.98643,4.484911]]}},{"type":"Feature","properties":{"linea":"7-5-246","parcela":"7-5","palmas":30},"geometry":{"type":"LineString","coordinates":[[-72.988418,4.483727],[-72.986433,4.484992]]}},{"type":"Feature","properties":{"linea":"7-5-247","parcela":"7-5","palmas":30},"geometry":{"type":"LineString","coordinates":[[-72.988422,4.483808],[-72.986437,4.485073]]}},{"type":"Feature","properties":{"linea":"7-5-248","parcela":"7-5","palmas":30},"geometry":{"type":"LineString","coordinates":[[-72.988425,4.48389],[-72.98644,4.485155]]}},{"type":"Feature","properties":{"linea":"7-5-249","parcela":"7-5","palmas":30},"geometry":{"type":"LineString","coordinates":[[-72.988428,4.483971],[-72.986443,4.485236]]}},{"type":"Feature","properties":{"linea":"7-5-250","parcela":"7-5","palmas":30},"geometry":{"type":"LineString","coordinates":[[-72.988432,4.484052],[-72.986447,4.485317]]}},{"type":"Feature","properties":{"linea":"7-5-251","parcela":"7-5","palmas":30},"geometry":{"type":"LineString","coordinates":[[-72.988435,4.484134],[-72.98645,4.485399]]}},{"type":"Feature","properties":{"linea":"7-5-252","parcela":"7-5","palmas":30},"geometry":{"type":"LineString","coordinates":[[-72.988439,4.484215],[-72.986454,4.48548]]}},{"type":"Feature","properties":{"linea":"7-5-253","parcela":"7-5","palmas":30},"geometry":{"type":"LineString","coordinates":[[-72.988442,4.484296],[-72.986457,4.485561]]}},{"type":"Feature","properties":{"linea":"7-5-254","parcela":"7-5","palmas":30},"geometry":{"type":"LineString","coordinates":[[-72.988446,4.484377],[-72.986461,4.485642]]}},{"type":"Feature","properties":{"linea":"7-5-255","parcela":"7-5","palmas":30},"geometry":{"type":"LineString","coordinates":[[-72.988449,4.484459],[-72.986464,4.485724]]}},{"type":"Feature","properties":{"linea":"7-5-256","parcela":"7-5","palmas":30},"geometry":{"type":"LineString","coordinates":[[-72.988452,4.48454],[-72.986468,4.485805]]}},{"type":"Feature","properties":{"linea":"7-5-257","parcela":"7-5","palmas":30},"geometry":{"type":"LineString","coordinates":[[-72.988456,4.484621],[-72.986471,4.485886]]}},{"type":"Feature","properties":{"linea":"7-5-258","parcela":"7-5","palmas":4},"geometry":{"type":"LineString","coordinates":[[-72.986679,4.485837],[-72.986474,4.485968]]}},{"type":"Feature","properties":{"linea":"7-5-259","parcela":"7-5","palmas":30},"geometry":{"type":"LineString","coordinates":[[-72.988462,4.484784],[-72.986478,4.486049]]}},{"type":"Feature","properties":{"linea":"7-5-260","parcela":"7-5","palmas":30},"geometry":{"type":"LineString","coordinates":[[-72.988466,4.484865],[-72.986481,4.48613]]}},{"type":"Feature","properties":{"linea":"7-5-261","parcela":"7-5","palmas":30},"geometry":{"type":"LineString","coordinates":[[-72.988469,4.484947],[-72.986484,4.486212]]}},{"type":"Feature","properties":{"linea":"7-5-262","parcela":"7-5","palmas":30},"geometry":{"type":"LineString","coordinates":[[-72.988473,4.485028],[-72.986488,4.486293]]}},{"type":"Feature","properties":{"linea":"7-5-263","parcela":"7-5","palmas":30},"geometry":{"type":"LineString","coordinates":[[-72.988476,4.485109],[-72.986491,4.486374]]}},{"type":"Feature","properties":{"linea":"7-5-264","parcela":"7-5","palmas":30},"geometry":{"type":"LineString","coordinates":[[-72.98848,4.485191],[-72.986495,4.486456]]}},{"type":"Feature","properties":{"linea":"7-5-265","parcela":"7-5","palmas":30},"geometry":{"type":"LineString","coordinates":[[-72.988483,4.485272],[-72.986498,4.486537]]}},{"type":"Feature","properties":{"linea":"7-5-266","parcela":"7-5","palmas":30},"geometry":{"type":"LineString","coordinates":[[-72.988486,4.485353],[-72.986502,4.486618]]}},{"type":"Feature","properties":{"linea":"7-5-267","parcela":"7-5","palmas":30},"geometry":{"type":"LineString","coordinates":[[-72.98849,4.485434],[-72.986505,4.486699]]}},{"type":"Feature","properties":{"linea":"7-5-268","parcela":"7-5","palmas":30},"geometry":{"type":"LineString","coordinates":[[-72.988493,4.485516],[-72.986508,4.486781]]}},{"type":"Feature","properties":{"linea":"7-5-269","parcela":"7-5","palmas":30},"geometry":{"type":"LineString","coordinates":[[-72.988497,4.485597],[-72.986512,4.486862]]}},{"type":"Feature","properties":{"linea":"7-5-270","parcela":"7-5","palmas":30},"geometry":{"type":"LineString","coordinates":[[-72.9885,4.485678],[-72.986515,4.486943]]}},{"type":"Feature","properties":{"linea":"7-5-271","parcela":"7-5","palmas":30},"geometry":{"type":"LineString","coordinates":[[-72.988504,4.48576],[-72.986519,4.487025]]}},{"type":"Feature","properties":{"linea":"7-5-272","parcela":"7-5","palmas":28},"geometry":{"type":"LineString","coordinates":[[-72.988507,4.485841],[-72.986659,4.487019]]}},{"type":"Feature","properties":{"linea":"7-5-273","parcela":"7-5","palmas":26},"geometry":{"type":"LineString","coordinates":[[-72.988511,4.485922],[-72.986799,4.487013]]}},{"type":"Feature","properties":{"linea":"7-5-274","parcela":"7-5","palmas":23},"geometry":{"type":"LineString","coordinates":[[-72.988514,4.486004],[-72.987008,4.486963]]}},{"type":"Feature","properties":{"linea":"7-5-275","parcela":"7-5","palmas":21},"geometry":{"type":"LineString","coordinates":[[-72.988517,4.486085],[-72.987148,4.486957]]}},{"type":"Feature","properties":{"linea":"7-5-276","parcela":"7-5","palmas":19},"geometry":{"type":"LineString","coordinates":[[-72.988521,4.486166],[-72.987289,4.486951]]}},{"type":"Feature","properties":{"linea":"7-5-277","parcela":"7-5","palmas":16},"geometry":{"type":"LineString","coordinates":[[-72.988524,4.486248],[-72.987498,4.486902]]}},{"type":"Feature","properties":{"linea":"7-5-278","parcela":"7-5","palmas":14},"geometry":{"type":"LineString","coordinates":[[-72.988528,4.486329],[-72.987638,4.486896]]}},{"type":"Feature","properties":{"linea":"7-5-279","parcela":"7-5","palmas":11},"geometry":{"type":"LineString","coordinates":[[-72.988531,4.48641],[-72.987846,4.486846]]}},{"type":"Feature","properties":{"linea":"7-5-280","parcela":"7-5","palmas":9},"geometry":{"type":"LineString","coordinates":[[-72.988534,4.486491],[-72.987987,4.48684]]}},{"type":"Feature","properties":{"linea":"7-5-281","parcela":"7-5","palmas":7},"geometry":{"type":"LineString","coordinates":[[-72.988538,4.486573],[-72.988127,4.486834]]}},{"type":"Feature","properties":{"linea":"7-5-282","parcela":"7-5","palmas":4},"geometry":{"type":"LineString","coordinates":[[-72.988541,4.486654],[-72.988336,4.486785]]}},{"type":"Feature","properties":{"linea":"7-6-1","parcela":"7-6","palmas":4},"geometry":{"type":"LineString","coordinates":[[-72.985131,4.470623],[-72.985336,4.470492]]}},{"type":"Feature","properties":{"linea":"7-6-2","parcela":"7-6","palmas":7},"geometry":{"type":"LineString","coordinates":[[-72.984997,4.470792],[-72.985408,4.47053]]}},{"type":"Feature","properties":{"linea":"7-6-3","parcela":"7-6","palmas":10},"geometry":{"type":"LineString","coordinates":[[-72.984795,4.471004],[-72.985411,4.470611]]}},{"type":"Feature","properties":{"linea":"7-6-4","parcela":"7-6","palmas":14},"geometry":{"type":"LineString","coordinates":[[-72.984525,4.47126],[-72.985415,4.470693]]}},{"type":"Feature","properties":{"linea":"7-6-5","parcela":"7-6","palmas":19},"geometry":{"type":"LineString","coordinates":[[-72.984252,4.471517],[-72.985486,4.47073]]}},{"type":"Feature","properties":{"linea":"7-6-6","parcela":"7-6","palmas":23},"geometry":{"type":"LineString","coordinates":[[-72.983984,4.471771],[-72.98549,4.470812]]}},{"type":"Feature","properties":{"linea":"7-6-7","parcela":"7-6","palmas":26},"geometry":{"type":"LineString","coordinates":[[-72.983782,4.471983],[-72.985493,4.470893]]}},{"type":"Feature","properties":{"linea":"7-6-8","parcela":"7-6","palmas":28},"geometry":{"type":"LineString","coordinates":[[-72.983649,4.472152],[-72.985497,4.470974]]}},{"type":"Feature","properties":{"linea":"7-6-9","parcela":"7-6","palmas":28},"geometry":{"type":"LineString","coordinates":[[-72.983652,4.472233],[-72.9855,4.471056]]}},{"type":"Feature","properties":{"linea":"7-6-10","parcela":"7-6","palmas":29},"geometry":{"type":"LineString","coordinates":[[-72.983656,4.472314],[-72.985572,4.471093]]}},{"type":"Feature","properties":{"linea":"7-6-11","parcela":"7-6","palmas":29},"geometry":{"type":"LineString","coordinates":[[-72.983659,4.472396],[-72.985576,4.471174]]}},{"type":"Feature","properties":{"linea":"7-6-12","parcela":"7-6","palmas":29},"geometry":{"type":"LineString","coordinates":[[-72.983662,4.472477],[-72.985579,4.471256]]}},{"type":"Feature","properties":{"linea":"7-6-13","parcela":"7-6","palmas":29},"geometry":{"type":"LineString","coordinates":[[-72.983666,4.472558],[-72.985582,4.471337]]}},{"type":"Feature","properties":{"linea":"7-6-14","parcela":"7-6","palmas":29},"geometry":{"type":"LineString","coordinates":[[-72.983669,4.47264],[-72.985586,4.471418]]}},{"type":"Feature","properties":{"linea":"7-6-15","parcela":"7-6","palmas":29},"geometry":{"type":"LineString","coordinates":[[-72.983672,4.472721],[-72.985589,4.4715]]}},{"type":"Feature","properties":{"linea":"7-6-16","parcela":"7-6","palmas":29},"geometry":{"type":"LineString","coordinates":[[-72.983676,4.472802],[-72.985592,4.471581]]}},{"type":"Feature","properties":{"linea":"7-6-17","parcela":"7-6","palmas":28},"geometry":{"type":"LineString","coordinates":[[-72.983748,4.47284],[-72.985596,4.471662]]}},{"type":"Feature","properties":{"linea":"7-6-18","parcela":"7-6","palmas":29},"geometry":{"type":"LineString","coordinates":[[-72.983683,4.472965],[-72.985599,4.471744]]}},{"type":"Feature","properties":{"linea":"7-6-19","parcela":"7-6","palmas":29},"geometry":{"type":"LineString","coordinates":[[-72.983686,4.473046],[-72.985603,4.471825]]}},{"type":"Feature","properties":{"linea":"7-6-20","parcela":"7-6","palmas":29},"geometry":{"type":"LineString","coordinates":[[-72.98369,4.473128],[-72.985606,4.471906]]}},{"type":"Feature","properties":{"linea":"7-6-21","parcela":"7-6","palmas":29},"geometry":{"type":"LineString","coordinates":[[-72.983693,4.473209],[-72.98561,4.471988]]}},{"type":"Feature","properties":{"linea":"7-6-22","parcela":"7-6","palmas":29},"geometry":{"type":"LineString","coordinates":[[-72.983697,4.47329],[-72.985613,4.472069]]}},{"type":"Feature","properties":{"linea":"7-6-23","parcela":"7-6","palmas":29},"geometry":{"type":"LineString","coordinates":[[-72.9837,4.473371],[-72.985616,4.47215]]}},{"type":"Feature","properties":{"linea":"7-6-24","parcela":"7-6","palmas":29},"geometry":{"type":"LineString","coordinates":[[-72.983703,4.473453],[-72.98562,4.472231]]}},{"type":"Feature","properties":{"linea":"7-6-25","parcela":"7-6","palmas":29},"geometry":{"type":"LineString","coordinates":[[-72.983707,4.473534],[-72.985623,4.472313]]}},{"type":"Feature","properties":{"linea":"7-6-26","parcela":"7-6","palmas":29},"geometry":{"type":"LineString","coordinates":[[-72.98371,4.473615],[-72.985627,4.472394]]}},{"type":"Feature","properties":{"linea":"7-6-27","parcela":"7-6","palmas":29},"geometry":{"type":"LineString","coordinates":[[-72.983714,4.473697],[-72.98563,4.472475]]}},{"type":"Feature","properties":{"linea":"7-6-28","parcela":"7-6","palmas":29},"geometry":{"type":"LineString","coordinates":[[-72.983717,4.473778],[-72.985634,4.472557]]}},{"type":"Feature","properties":{"linea":"7-6-29","parcela":"7-6","palmas":29},"geometry":{"type":"LineString","coordinates":[[-72.983721,4.473859],[-72.985637,4.472638]]}},{"type":"Feature","properties":{"linea":"7-6-30","parcela":"7-6","palmas":29},"geometry":{"type":"LineString","coordinates":[[-72.983724,4.473941],[-72.98564,4.472719]]}},{"type":"Feature","properties":{"linea":"7-6-31","parcela":"7-6","palmas":29},"geometry":{"type":"LineString","coordinates":[[-72.983727,4.474022],[-72.985644,4.472801]]}},{"type":"Feature","properties":{"linea":"7-6-32","parcela":"7-6","palmas":29},"geometry":{"type":"LineString","coordinates":[[-72.983731,4.474103],[-72.985647,4.472882]]}},{"type":"Feature","properties":{"linea":"7-6-33","parcela":"7-6","palmas":29},"geometry":{"type":"LineString","coordinates":[[-72.983734,4.474184],[-72.985651,4.472963]]}},{"type":"Feature","properties":{"linea":"7-6-34","parcela":"7-6","palmas":29},"geometry":{"type":"LineString","coordinates":[[-72.983738,4.474266],[-72.985654,4.473044]]}},{"type":"Feature","properties":{"linea":"7-6-35","parcela":"7-6","palmas":29},"geometry":{"type":"LineString","coordinates":[[-72.983741,4.474347],[-72.985658,4.473126]]}},{"type":"Feature","properties":{"linea":"7-6-36","parcela":"7-6","palmas":29},"geometry":{"type":"LineString","coordinates":[[-72.983744,4.474428],[-72.985661,4.473207]]}},{"type":"Feature","properties":{"linea":"7-6-37","parcela":"7-6","palmas":29},"geometry":{"type":"LineString","coordinates":[[-72.983748,4.47451],[-72.985664,4.473288]]}},{"type":"Feature","properties":{"linea":"7-6-38","parcela":"7-6","palmas":29},"geometry":{"type":"LineString","coordinates":[[-72.983751,4.474591],[-72.985668,4.473369]]}},{"type":"Feature","properties":{"linea":"7-6-39","parcela":"7-6","palmas":29},"geometry":{"type":"LineString","coordinates":[[-72.983755,4.474672],[-72.985671,4.473451]]}},{"type":"Feature","properties":{"linea":"7-6-40","parcela":"7-6","palmas":29},"geometry":{"type":"LineString","coordinates":[[-72.983758,4.474754],[-72.985674,4.473532]]}},{"type":"Feature","properties":{"linea":"7-6-41","parcela":"7-6","palmas":28},"geometry":{"type":"LineString","coordinates":[[-72.983761,4.474835],[-72.985678,4.473613]]}},{"type":"Feature","properties":{"linea":"7-6-42","parcela":"7-6","palmas":29},"geometry":{"type":"LineString","coordinates":[[-72.983765,4.474916],[-72.985681,4.473695]]}},{"type":"Feature","properties":{"linea":"7-6-43","parcela":"7-6","palmas":19},"geometry":{"type":"LineString","coordinates":[[-72.983768,4.474997],[-72.985,4.474212]]}},{"type":"Feature","properties":{"linea":"7-6-44","parcela":"7-6","palmas":19},"geometry":{"type":"LineString","coordinates":[[-72.983772,4.475079],[-72.985004,4.474294]]}},{"type":"Feature","properties":{"linea":"7-6-45","parcela":"7-6","palmas":19},"geometry":{"type":"LineString","coordinates":[[-72.983775,4.47516],[-72.985007,4.474375]]}},{"type":"Feature","properties":{"linea":"7-6-46","parcela":"7-6","palmas":30},"geometry":{"type":"LineString","coordinates":[[-72.983779,4.475241],[-72.985763,4.473976]]}},{"type":"Feature","properties":{"linea":"7-6-47","parcela":"7-6","palmas":30},"geometry":{"type":"LineString","coordinates":[[-72.983782,4.475322],[-72.985767,4.474058]]}},{"type":"Feature","properties":{"linea":"7-6-48","parcela":"7-6","palmas":30},"geometry":{"type":"LineString","coordinates":[[-72.983785,4.475404],[-72.98577,4.474139]]}},{"type":"Feature","properties":{"linea":"7-6-49","parcela":"7-6","palmas":30},"geometry":{"type":"LineString","coordinates":[[-72.983789,4.475485],[-72.985774,4.47422]]}},{"type":"Feature","properties":{"linea":"7-6-50","parcela":"7-6","palmas":30},"geometry":{"type":"LineString","coordinates":[[-72.983792,4.475567],[-72.985777,4.474302]]}},{"type":"Feature","properties":{"linea":"7-6-51","parcela":"7-6","palmas":30},"geometry":{"type":"LineString","coordinates":[[-72.983796,4.475648],[-72.985781,4.474383]]}},{"type":"Feature","properties":{"linea":"7-6-52","parcela":"7-6","palmas":30},"geometry":{"type":"LineString","coordinates":[[-72.983799,4.475729],[-72.985784,4.474464]]}},{"type":"Feature","properties":{"linea":"7-6-53","parcela":"7-6","palmas":30},"geometry":{"type":"LineString","coordinates":[[-72.983802,4.475811],[-72.985788,4.474546]]}},{"type":"Feature","properties":{"linea":"7-6-54","parcela":"7-6","palmas":30},"geometry":{"type":"LineString","coordinates":[[-72.983806,4.475892],[-72.985791,4.474627]]}},{"type":"Feature","properties":{"linea":"7-6-55","parcela":"7-6","palmas":30},"geometry":{"type":"LineString","coordinates":[[-72.983809,4.475973],[-72.985794,4.474708]]}},{"type":"Feature","properties":{"linea":"7-6-56","parcela":"7-6","palmas":30},"geometry":{"type":"LineString","coordinates":[[-72.983813,4.476054],[-72.985798,4.474789]]}},{"type":"Feature","properties":{"linea":"7-6-57","parcela":"7-6","palmas":30},"geometry":{"type":"LineString","coordinates":[[-72.983816,4.476136],[-72.985801,4.474871]]}},{"type":"Feature","properties":{"linea":"7-6-58","parcela":"7-6","palmas":30},"geometry":{"type":"LineString","coordinates":[[-72.983819,4.476217],[-72.985804,4.474952]]}},{"type":"Feature","properties":{"linea":"7-6-59","parcela":"7-6","palmas":30},"geometry":{"type":"LineString","coordinates":[[-72.983823,4.476298],[-72.985808,4.475033]]}},{"type":"Feature","properties":{"linea":"7-6-60","parcela":"7-6","palmas":30},"geometry":{"type":"LineString","coordinates":[[-72.983826,4.476379],[-72.985811,4.475114]]}},{"type":"Feature","properties":{"linea":"7-6-61","parcela":"7-6","palmas":29},"geometry":{"type":"LineString","coordinates":[[-72.983898,4.476417],[-72.985815,4.475196]]}},{"type":"Feature","properties":{"linea":"7-6-62","parcela":"7-6","palmas":27},"geometry":{"type":"LineString","coordinates":[[-72.98397,4.476455],[-72.985818,4.475277]]}},{"type":"Feature","properties":{"linea":"7-6-63","parcela":"7-6","palmas":26},"geometry":{"type":"LineString","coordinates":[[-72.984042,4.476492],[-72.985753,4.475402]]}},{"type":"Feature","properties":{"linea":"7-6-64","parcela":"7-6","palmas":25},"geometry":{"type":"LineString","coordinates":[[-72.984114,4.47653],[-72.985756,4.475483]]}},{"type":"Feature","properties":{"linea":"7-6-65","parcela":"7-6","palmas":25},"geometry":{"type":"LineString","coordinates":[[-72.984186,4.476568],[-72.985828,4.475521]]}},{"type":"Feature","properties":{"linea":"7-6-66","parcela":"7-6","palmas":24},"geometry":{"type":"LineString","coordinates":[[-72.984257,4.476606],[-72.985832,4.475602]]}},{"type":"Feature","properties":{"linea":"7-6-67","parcela":"7-6","palmas":23},"geometry":{"type":"LineString","coordinates":[[-72.984329,4.476643],[-72.985835,4.475684]]}},{"type":"Feature","properties":{"linea":"7-6-68","parcela":"7-6","palmas":22},"geometry":{"type":"LineString","coordinates":[[-72.984401,4.476681],[-72.985839,4.475765]]}},{"type":"Feature","properties":{"linea":"7-6-69","parcela":"7-6","palmas":21},"geometry":{"type":"LineString","coordinates":[[-72.984473,4.476719],[-72.985842,4.475846]]}},{"type":"Feature","properties":{"linea":"7-6-70","parcela":"7-6","palmas":20},"geometry":{"type":"LineString","coordinates":[[-72.984545,4.476756],[-72.985846,4.475928]]}},{"type":"Feature","properties":{"linea":"7-6-71","parcela":"7-6","palmas":19},"geometry":{"type":"LineString","coordinates":[[-72.984617,4.476794],[-72.985849,4.476009]]}},{"type":"Feature","properties":{"linea":"7-6-72","parcela":"7-6","palmas":18},"geometry":{"type":"LineString","coordinates":[[-72.984689,4.476832],[-72.985852,4.47609]]}},{"type":"Feature","properties":{"linea":"7-6-73","parcela":"7-6","palmas":17},"geometry":{"type":"LineString","coordinates":[[-72.984761,4.476869],[-72.985856,4.476171]]}},{"type":"Feature","properties":{"linea":"7-6-74","parcela":"7-6","palmas":16},"geometry":{"type":"LineString","coordinates":[[-72.984832,4.476907],[-72.985859,4.476253]]}},{"type":"Feature","properties":{"linea":"7-6-75","parcela":"7-6","palmas":15},"geometry":{"type":"LineString","coordinates":[[-72.984904,4.476945],[-72.985862,4.476334]]}},{"type":"Feature","properties":{"linea":"7-6-76","parcela":"7-6","palmas":14},"geometry":{"type":"LineString","coordinates":[[-72.984976,4.476983],[-72.985866,4.476415]]}},{"type":"Feature","properties":{"linea":"7-6-77","parcela":"7-6","palmas":13},"geometry":{"type":"LineString","coordinates":[[-72.985048,4.47702],[-72.985869,4.476497]]}},{"type":"Feature","properties":{"linea":"7-6-78","parcela":"7-6","palmas":12},"geometry":{"type":"LineString","coordinates":[[-72.98512,4.477058],[-72.985873,4.476578]]}},{"type":"Feature","properties":{"linea":"7-6-79","parcela":"7-6","palmas":11},"geometry":{"type":"LineString","coordinates":[[-72.985192,4.477096],[-72.985876,4.476659]]}},{"type":"Feature","properties":{"linea":"7-6-80","parcela":"7-6","palmas":10},"geometry":{"type":"LineString","coordinates":[[-72.985264,4.477133],[-72.98588,4.476741]]}},{"type":"Feature","properties":{"linea":"7-6-81","parcela":"7-6","palmas":9},"geometry":{"type":"LineString","coordinates":[[-72.985336,4.477171],[-72.985883,4.476822]]}},{"type":"Feature","properties":{"linea":"7-6-82","parcela":"7-6","palmas":8},"geometry":{"type":"LineString","coordinates":[[-72.985407,4.477209],[-72.985886,4.476903]]}},{"type":"Feature","properties":{"linea":"7-6-83","parcela":"7-6","palmas":7},"geometry":{"type":"LineString","coordinates":[[-72.985479,4.477246],[-72.98589,4.476984]]}},{"type":"Feature","properties":{"linea":"7-6-84","parcela":"7-6","palmas":6},"geometry":{"type":"LineString","coordinates":[[-72.985551,4.477284],[-72.985893,4.477066]]}},{"type":"Feature","properties":{"linea":"7-6-85","parcela":"7-6","palmas":5},"geometry":{"type":"LineString","coordinates":[[-72.985623,4.477322],[-72.985897,4.477147]]}},{"type":"Feature","properties":{"linea":"7-6-86","parcela":"7-6","palmas":4},"geometry":{"type":"LineString","coordinates":[[-72.985695,4.477359],[-72.9859,4.477228]]}},{"type":"Feature","properties":{"linea":"7-6-87","parcela":"7-6","palmas":3},"geometry":{"type":"LineString","coordinates":[[-72.985767,4.477397],[-72.985904,4.47731]]}},{"type":"Feature","properties":{"linea":"7-6-88","parcela":"7-6","palmas":2},"geometry":{"type":"LineString","coordinates":[[-72.985839,4.477435],[-72.985907,4.477391]]}},{"type":"Feature","properties":{"linea":"7-6-90","parcela":"7-6","palmas":30},"geometry":{"type":"LineString","coordinates":[[-72.98383,4.476461],[-72.985914,4.477554]]}},{"type":"Feature","properties":{"linea":"7-6-91","parcela":"7-6","palmas":30},"geometry":{"type":"LineString","coordinates":[[-72.983833,4.476542],[-72.985917,4.477635]]}},{"type":"Feature","properties":{"linea":"7-6-92","parcela":"7-6","palmas":30},"geometry":{"type":"LineString","coordinates":[[-72.983837,4.476623],[-72.985921,4.477716]]}},{"type":"Feature","properties":{"linea":"7-6-93","parcela":"7-6","palmas":30},"geometry":{"type":"LineString","coordinates":[[-72.98384,4.476705],[-72.985924,4.477798]]}},{"type":"Feature","properties":{"linea":"7-6-94","parcela":"7-6","palmas":30},"geometry":{"type":"LineString","coordinates":[[-72.983843,4.476786],[-72.985928,4.477879]]}},{"type":"Feature","properties":{"linea":"7-6-95","parcela":"7-6","palmas":30},"geometry":{"type":"LineString","coordinates":[[-72.983847,4.476867],[-72.985931,4.47796]]}},{"type":"Feature","properties":{"linea":"7-6-96","parcela":"7-6","palmas":30},"geometry":{"type":"LineString","coordinates":[[-72.98385,4.476949],[-72.985934,4.478041]]}},{"type":"Feature","properties":{"linea":"7-6-97","parcela":"7-6","palmas":30},"geometry":{"type":"LineString","coordinates":[[-72.983854,4.47703],[-72.985938,4.478123]]}},{"type":"Feature","properties":{"linea":"7-6-98","parcela":"7-6","palmas":30},"geometry":{"type":"LineString","coordinates":[[-72.983857,4.477111],[-72.985941,4.478204]]}},{"type":"Feature","properties":{"linea":"7-6-99","parcela":"7-6","palmas":30},"geometry":{"type":"LineString","coordinates":[[-72.983861,4.477193],[-72.985944,4.478285]]}},{"type":"Feature","properties":{"linea":"7-6-100","parcela":"7-6","palmas":30},"geometry":{"type":"LineString","coordinates":[[-72.983864,4.477274],[-72.985948,4.478367]]}},{"type":"Feature","properties":{"linea":"7-6-101","parcela":"7-6","palmas":30},"geometry":{"type":"LineString","coordinates":[[-72.983867,4.477355],[-72.985951,4.478448]]}},{"type":"Feature","properties":{"linea":"7-6-102","parcela":"7-6","palmas":29},"geometry":{"type":"LineString","coordinates":[[-72.983942,4.477474],[-72.985955,4.478529]]}},{"type":"Feature","properties":{"linea":"7-6-103","parcela":"7-6","palmas":29},"geometry":{"type":"LineString","coordinates":[[-72.983946,4.477556],[-72.985958,4.478611]]}},{"type":"Feature","properties":{"linea":"7-6-104","parcela":"7-6","palmas":29},"geometry":{"type":"LineString","coordinates":[[-72.983949,4.477637],[-72.985962,4.478692]]}},{"type":"Feature","properties":{"linea":"7-6-105","parcela":"7-6","palmas":29},"geometry":{"type":"LineString","coordinates":[[-72.983953,4.477718],[-72.985965,4.478773]]}},{"type":"Feature","properties":{"linea":"7-6-106","parcela":"7-6","palmas":29},"geometry":{"type":"LineString","coordinates":[[-72.983956,4.477799],[-72.985968,4.478854]]}},{"type":"Feature","properties":{"linea":"7-6-107","parcela":"7-6","palmas":29},"geometry":{"type":"LineString","coordinates":[[-72.98396,4.477881],[-72.985972,4.478936]]}},{"type":"Feature","properties":{"linea":"7-6-108","parcela":"7-6","palmas":29},"geometry":{"type":"LineString","coordinates":[[-72.983963,4.477962],[-72.985975,4.479017]]}},{"type":"Feature","properties":{"linea":"7-6-109","parcela":"7-6","palmas":29},"geometry":{"type":"LineString","coordinates":[[-72.983966,4.478043],[-72.985979,4.479098]]}},{"type":"Feature","properties":{"linea":"7-6-110","parcela":"7-6","palmas":29},"geometry":{"type":"LineString","coordinates":[[-72.98397,4.478124],[-72.985982,4.47918]]}},{"type":"Feature","properties":{"linea":"7-6-111","parcela":"7-6","palmas":29},"geometry":{"type":"LineString","coordinates":[[-72.983973,4.478206],[-72.985986,4.479261]]}},{"type":"Feature","properties":{"linea":"7-6-112","parcela":"7-6","palmas":26},"geometry":{"type":"LineString","coordinates":[[-72.983977,4.478287],[-72.985989,4.479342]]}},{"type":"Feature","properties":{"linea":"7-6-113","parcela":"7-6","palmas":2},"geometry":{"type":"LineString","coordinates":[[-72.985921,4.479386],[-72.985992,4.479424]]}},{"type":"Feature","properties":{"linea":"7-6-114","parcela":"7-6","palmas":2},"geometry":{"type":"LineString","coordinates":[[-72.985924,4.479467],[-72.985996,4.479505]]}},{"type":"Feature","properties":{"linea":"7-6-115","parcela":"7-6","palmas":29},"geometry":{"type":"LineString","coordinates":[[-72.983987,4.478531],[-72.985999,4.479586]]}},{"type":"Feature","properties":{"linea":"7-6-116","parcela":"7-6","palmas":29},"geometry":{"type":"LineString","coordinates":[[-72.983991,4.478613],[-72.986002,4.479667]]}},{"type":"Feature","properties":{"linea":"7-6-117","parcela":"7-6","palmas":29},"geometry":{"type":"LineString","coordinates":[[-72.983994,4.478694],[-72.986006,4.479749]]}},{"type":"Feature","properties":{"linea":"7-6-118","parcela":"7-6","palmas":29},"geometry":{"type":"LineString","coordinates":[[-72.983997,4.478775],[-72.986009,4.47983]]}},{"type":"Feature","properties":{"linea":"7-6-119","parcela":"7-6","palmas":29},"geometry":{"type":"LineString","coordinates":[[-72.984001,4.478856],[-72.986013,4.479911]]}},{"type":"Feature","properties":{"linea":"7-6-120","parcela":"7-6","palmas":29},"geometry":{"type":"LineString","coordinates":[[-72.984004,4.478937],[-72.986016,4.479993]]}},{"type":"Feature","properties":{"linea":"7-6-121","parcela":"7-6","palmas":29},"geometry":{"type":"LineString","coordinates":[[-72.984008,4.479019],[-72.98602,4.480074]]}},{"type":"Feature","properties":{"linea":"7-6-122","parcela":"7-6","palmas":29},"geometry":{"type":"LineString","coordinates":[[-72.984011,4.4791],[-72.986023,4.480155]]}},{"type":"Feature","properties":{"linea":"7-6-123","parcela":"7-6","palmas":29},"geometry":{"type":"LineString","coordinates":[[-72.984014,4.479181],[-72.986026,4.480237]]}},{"type":"Feature","properties":{"linea":"7-6-124","parcela":"7-6","palmas":29},"geometry":{"type":"LineString","coordinates":[[-72.984018,4.479263],[-72.98603,4.480318]]}},{"type":"Feature","properties":{"linea":"7-6-125","parcela":"7-6","palmas":29},"geometry":{"type":"LineString","coordinates":[[-72.984021,4.479344],[-72.986033,4.480399]]}},{"type":"Feature","properties":{"linea":"7-6-126","parcela":"7-6","palmas":29},"geometry":{"type":"LineString","coordinates":[[-72.984025,4.479425],[-72.986037,4.480481]]}},{"type":"Feature","properties":{"linea":"7-6-127","parcela":"7-6","palmas":29},"geometry":{"type":"LineString","coordinates":[[-72.984028,4.479507],[-72.98604,4.480562]]}},{"type":"Feature","properties":{"linea":"7-6-128","parcela":"7-6","palmas":29},"geometry":{"type":"LineString","coordinates":[[-72.984031,4.479588],[-72.986044,4.480643]]}},{"type":"Feature","properties":{"linea":"7-6-129","parcela":"7-6","palmas":29},"geometry":{"type":"LineString","coordinates":[[-72.984035,4.479669],[-72.986047,4.480724]]}},{"type":"Feature","properties":{"linea":"7-6-130","parcela":"7-6","palmas":29},"geometry":{"type":"LineString","coordinates":[[-72.984038,4.479751],[-72.98605,4.480806]]}},{"type":"Feature","properties":{"linea":"7-6-131","parcela":"7-6","palmas":29},"geometry":{"type":"LineString","coordinates":[[-72.984042,4.479832],[-72.986054,4.480887]]}},{"type":"Feature","properties":{"linea":"7-6-132","parcela":"7-6","palmas":29},"geometry":{"type":"LineString","coordinates":[[-72.984045,4.479913],[-72.986057,4.480968]]}},{"type":"Feature","properties":{"linea":"7-6-133","parcela":"7-6","palmas":29},"geometry":{"type":"LineString","coordinates":[[-72.984049,4.479994],[-72.986061,4.481049]]}},{"type":"Feature","properties":{"linea":"7-6-134","parcela":"7-6","palmas":29},"geometry":{"type":"LineString","coordinates":[[-72.984052,4.480076],[-72.986064,4.481131]]}},{"type":"Feature","properties":{"linea":"7-6-135","parcela":"7-6","palmas":29},"geometry":{"type":"LineString","coordinates":[[-72.984055,4.480157],[-72.986068,4.481212]]}},{"type":"Feature","properties":{"linea":"7-6-136","parcela":"7-6","palmas":29},"geometry":{"type":"LineString","coordinates":[[-72.984059,4.480238],[-72.986071,4.481293]]}},{"type":"Feature","properties":{"linea":"7-6-137","parcela":"7-6","palmas":29},"geometry":{"type":"LineString","coordinates":[[-72.984062,4.48032],[-72.986074,4.481375]]}},{"type":"Feature","properties":{"linea":"7-6-138","parcela":"7-6","palmas":29},"geometry":{"type":"LineString","coordinates":[[-72.984066,4.480401],[-72.986078,4.481456]]}},{"type":"Feature","properties":{"linea":"7-6-139","parcela":"7-6","palmas":28},"geometry":{"type":"LineString","coordinates":[[-72.984069,4.480482],[-72.986009,4.4815]]}},{"type":"Feature","properties":{"linea":"7-6-140","parcela":"7-6","palmas":27},"geometry":{"type":"LineString","coordinates":[[-72.984072,4.480564],[-72.985941,4.481543]]}},{"type":"Feature","properties":{"linea":"7-6-141","parcela":"7-6","palmas":26},"geometry":{"type":"LineString","coordinates":[[-72.984076,4.480645],[-72.985872,4.481587]]}},{"type":"Feature","properties":{"linea":"7-6-142","parcela":"7-6","palmas":25},"geometry":{"type":"LineString","coordinates":[[-72.984079,4.480726],[-72.985804,4.481631]]}},{"type":"Feature","properties":{"linea":"7-6-143","parcela":"7-6","palmas":25},"geometry":{"type":"LineString","coordinates":[[-72.984083,4.480808],[-72.985808,4.481712]]}},{"type":"Feature","properties":{"linea":"7-6-144","parcela":"7-6","palmas":24},"geometry":{"type":"LineString","coordinates":[[-72.984086,4.480889],[-72.985739,4.481756]]}},{"type":"Feature","properties":{"linea":"7-6-145","parcela":"7-6","palmas":23},"geometry":{"type":"LineString","coordinates":[[-72.984089,4.48097],[-72.985671,4.481799]]}},{"type":"Feature","properties":{"linea":"7-6-146","parcela":"7-6","palmas":22},"geometry":{"type":"LineString","coordinates":[[-72.984093,4.481051],[-72.985602,4.481843]]}},{"type":"Feature","properties":{"linea":"7-6-147","parcela":"7-6","palmas":21},"geometry":{"type":"LineString","coordinates":[[-72.984096,4.481133],[-72.985534,4.481886]]}},{"type":"Feature","properties":{"linea":"7-6-148","parcela":"7-6","palmas":20},"geometry":{"type":"LineString","coordinates":[[-72.9841,4.481214],[-72.985465,4.48193]]}},{"type":"Feature","properties":{"linea":"7-6-149","parcela":"7-6","palmas":19},"geometry":{"type":"LineString","coordinates":[[-72.984103,4.481295],[-72.985397,4.481974]]}},{"type":"Feature","properties":{"linea":"7-6-150","parcela":"7-6","palmas":18},"geometry":{"type":"LineString","coordinates":[[-72.984107,4.481377],[-72.985328,4.482017]]}},{"type":"Feature","properties":{"linea":"7-6-151","parcela":"7-6","palmas":17},"geometry":{"type":"LineString","coordinates":[[-72.98411,4.481458],[-72.98526,4.482061]]}},{"type":"Feature","properties":{"linea":"7-6-152","parcela":"7-6","palmas":16},"geometry":{"type":"LineString","coordinates":[[-72.984113,4.481539],[-72.985191,4.482104]]}},{"type":"Feature","properties":{"linea":"7-6-153","parcela":"7-6","palmas":15},"geometry":{"type":"LineString","coordinates":[[-72.984117,4.481621],[-72.985123,4.482148]]}},{"type":"Feature","properties":{"linea":"7-6-154","parcela":"7-6","palmas":14},"geometry":{"type":"LineString","coordinates":[[-72.98412,4.481702],[-72.985054,4.482192]]}},{"type":"Feature","properties":{"linea":"7-6-155","parcela":"7-6","palmas":13},"geometry":{"type":"LineString","coordinates":[[-72.984124,4.481783],[-72.984986,4.482235]]}},{"type":"Feature","properties":{"linea":"7-6-156","parcela":"7-6","palmas":13},"geometry":{"type":"LineString","coordinates":[[-72.984127,4.481864],[-72.984989,4.482317]]}},{"type":"Feature","properties":{"linea":"7-6-157","parcela":"7-6","palmas":12},"geometry":{"type":"LineString","coordinates":[[-72.984131,4.481946],[-72.984921,4.48236]]}},{"type":"Feature","properties":{"linea":"7-6-158","parcela":"7-6","palmas":11},"geometry":{"type":"LineString","coordinates":[[-72.984134,4.482027],[-72.984853,4.482404]]}},{"type":"Feature","properties":{"linea":"7-6-159","parcela":"7-6","palmas":10},"geometry":{"type":"LineString","coordinates":[[-72.984137,4.482108],[-72.984784,4.482448]]}},{"type":"Feature","properties":{"linea":"7-6-160","parcela":"7-6","palmas":9},"geometry":{"type":"LineString","coordinates":[[-72.984141,4.48219],[-72.984716,4.482491]]}},{"type":"Feature","properties":{"linea":"7-6-161","parcela":"7-6","palmas":8},"geometry":{"type":"LineString","coordinates":[[-72.984144,4.482271],[-72.984647,4.482535]]}},{"type":"Feature","properties":{"linea":"7-6-162","parcela":"7-6","palmas":7},"geometry":{"type":"LineString","coordinates":[[-72.984148,4.482352],[-72.984579,4.482578]]}},{"type":"Feature","properties":{"linea":"7-6-163","parcela":"7-6","palmas":6},"geometry":{"type":"LineString","coordinates":[[-72.984151,4.482434],[-72.98451,4.482622]]}},{"type":"Feature","properties":{"linea":"7-6-164","parcela":"7-6","palmas":5},"geometry":{"type":"LineString","coordinates":[[-72.984154,4.482515],[-72.984442,4.482666]]}},{"type":"Feature","properties":{"linea":"7-6-165","parcela":"7-6","palmas":5},"geometry":{"type":"LineString","coordinates":[[-72.984158,4.482596],[-72.984445,4.482747]]}},{"type":"Feature","properties":{"linea":"7-6-166","parcela":"7-6","palmas":4},"geometry":{"type":"LineString","coordinates":[[-72.984161,4.482678],[-72.984377,4.482791]]}},{"type":"Feature","properties":{"linea":"7-6-167","parcela":"7-6","palmas":3},"geometry":{"type":"LineString","coordinates":[[-72.984165,4.482759],[-72.984308,4.482834]]}},{"type":"Feature","properties":{"linea":"7-6-168","parcela":"7-6","palmas":2},"geometry":{"type":"LineString","coordinates":[[-72.984168,4.48284],[-72.98424,4.482878]]}},{"type":"Feature","properties":{"linea":"7-6-170","parcela":"7-6","palmas":4},"geometry":{"type":"LineString","coordinates":[[-72.985876,4.481668],[-72.986081,4.481537]]}},{"type":"Feature","properties":{"linea":"7-6-171","parcela":"7-6","palmas":16},"geometry":{"type":"LineString","coordinates":[[-72.985058,4.482273],[-72.986084,4.481619]]}},{"type":"Feature","properties":{"linea":"7-6-172","parcela":"7-6","palmas":24},"geometry":{"type":"LineString","coordinates":[[-72.984514,4.482703],[-72.986088,4.4817]]}},{"type":"Feature","properties":{"linea":"7-6-173","parcela":"7-6","palmas":29},"geometry":{"type":"LineString","coordinates":[[-72.984175,4.483003],[-72.986091,4.481781]]}},{"type":"Feature","properties":{"linea":"7-6-174","parcela":"7-6","palmas":29},"geometry":{"type":"LineString","coordinates":[[-72.984178,4.483084],[-72.986095,4.481863]]}},{"type":"Feature","properties":{"linea":"7-6-175","parcela":"7-6","palmas":29},"geometry":{"type":"LineString","coordinates":[[-72.984182,4.483165],[-72.986098,4.481944]]}},{"type":"Feature","properties":{"linea":"7-6-176","parcela":"7-6","palmas":29},"geometry":{"type":"LineString","coordinates":[[-72.984185,4.483247],[-72.986102,4.482025]]}},{"type":"Feature","properties":{"linea":"7-6-177","parcela":"7-6","palmas":29},"geometry":{"type":"LineString","coordinates":[[-72.984189,4.483328],[-72.986105,4.482106]]}},{"type":"Feature","properties":{"linea":"7-6-178","parcela":"7-6","palmas":29},"geometry":{"type":"LineString","coordinates":[[-72.984192,4.483409],[-72.986109,4.482188]]}},{"type":"Feature","properties":{"linea":"7-6-179","parcela":"7-6","palmas":29},"geometry":{"type":"LineString","coordinates":[[-72.984195,4.483491],[-72.986112,4.482269]]}},{"type":"Feature","properties":{"linea":"7-6-180","parcela":"7-6","palmas":29},"geometry":{"type":"LineString","coordinates":[[-72.984199,4.483572],[-72.986115,4.48235]]}},{"type":"Feature","properties":{"linea":"7-6-181","parcela":"7-6","palmas":29},"geometry":{"type":"LineString","coordinates":[[-72.984202,4.483653],[-72.986119,4.482432]]}},{"type":"Feature","properties":{"linea":"7-6-182","parcela":"7-6","palmas":29},"geometry":{"type":"LineString","coordinates":[[-72.984206,4.483734],[-72.986122,4.482513]]}},{"type":"Feature","properties":{"linea":"7-6-183","parcela":"7-6","palmas":29},"geometry":{"type":"LineString","coordinates":[[-72.984209,4.483816],[-72.986126,4.482594]]}},{"type":"Feature","properties":{"linea":"7-6-184","parcela":"7-6","palmas":29},"geometry":{"type":"LineString","coordinates":[[-72.984212,4.483897],[-72.986129,4.482676]]}},{"type":"Feature","properties":{"linea":"7-6-185","parcela":"7-6","palmas":29},"geometry":{"type":"LineString","coordinates":[[-72.984216,4.483978],[-72.986132,4.482757]]}},{"type":"Feature","properties":{"linea":"7-6-186","parcela":"7-6","palmas":29},"geometry":{"type":"LineString","coordinates":[[-72.984219,4.484059],[-72.986136,4.482838]]}},{"type":"Feature","properties":{"linea":"7-6-187","parcela":"7-6","palmas":29},"geometry":{"type":"LineString","coordinates":[[-72.984223,4.484141],[-72.986139,4.482919]]}},{"type":"Feature","properties":{"linea":"7-6-188","parcela":"7-6","palmas":29},"geometry":{"type":"LineString","coordinates":[[-72.984226,4.484222],[-72.986143,4.483001]]}},{"type":"Feature","properties":{"linea":"7-6-189","parcela":"7-6","palmas":29},"geometry":{"type":"LineString","coordinates":[[-72.984229,4.484303],[-72.986146,4.483082]]}},{"type":"Feature","properties":{"linea":"7-6-190","parcela":"7-6","palmas":29},"geometry":{"type":"LineString","coordinates":[[-72.984233,4.484385],[-72.986149,4.483163]]}},{"type":"Feature","properties":{"linea":"7-6-191","parcela":"7-6","palmas":29},"geometry":{"type":"LineString","coordinates":[[-72.984236,4.484466],[-72.986153,4.483245]]}},{"type":"Feature","properties":{"linea":"7-6-192","parcela":"7-6","palmas":29},"geometry":{"type":"LineString","coordinates":[[-72.98424,4.484547],[-72.986156,4.483326]]}},{"type":"Feature","properties":{"linea":"7-6-193","parcela":"7-6","palmas":29},"geometry":{"type":"LineString","coordinates":[[-72.984243,4.484629],[-72.98616,4.483407]]}},{"type":"Feature","properties":{"linea":"7-6-194","parcela":"7-6","palmas":29},"geometry":{"type":"LineString","coordinates":[[-72.984247,4.48471],[-72.986163,4.483489]]}},{"type":"Feature","properties":{"linea":"7-6-195","parcela":"7-6","palmas":29},"geometry":{"type":"LineString","coordinates":[[-72.98425,4.484791],[-72.986167,4.48357]]}},{"type":"Feature","properties":{"linea":"7-6-196","parcela":"7-6","palmas":29},"geometry":{"type":"LineString","coordinates":[[-72.984253,4.484872],[-72.98617,4.483651]]}},{"type":"Feature","properties":{"linea":"7-6-197","parcela":"7-6","palmas":29},"geometry":{"type":"LineString","coordinates":[[-72.984257,4.484954],[-72.986173,4.483733]]}},{"type":"Feature","properties":{"linea":"7-6-198","parcela":"7-6","palmas":29},"geometry":{"type":"LineString","coordinates":[[-72.98426,4.485035],[-72.986177,4.483814]]}},{"type":"Feature","properties":{"linea":"7-6-199","parcela":"7-6","palmas":29},"geometry":{"type":"LineString","coordinates":[[-72.984264,4.485116],[-72.98618,4.483895]]}},{"type":"Feature","properties":{"linea":"7-6-200","parcela":"7-6","palmas":29},"geometry":{"type":"LineString","coordinates":[[-72.984267,4.485198],[-72.986184,4.483976]]}},{"type":"Feature","properties":{"linea":"7-6-201","parcela":"7-6","palmas":29},"geometry":{"type":"LineString","coordinates":[[-72.984271,4.485279],[-72.986187,4.484058]]}},{"type":"Feature","properties":{"linea":"7-6-202","parcela":"7-6","palmas":29},"geometry":{"type":"LineString","coordinates":[[-72.984274,4.48536],[-72.986191,4.484139]]}},{"type":"Feature","properties":{"linea":"7-6-203","parcela":"7-6","palmas":28},"geometry":{"type":"LineString","coordinates":[[-72.984346,4.485398],[-72.986194,4.48422]]}},{"type":"Feature","properties":{"linea":"7-6-204","parcela":"7-6","palmas":28},"geometry":{"type":"LineString","coordinates":[[-72.984349,4.485479],[-72.986197,4.484302]]}},{"type":"Feature","properties":{"linea":"7-6-205","parcela":"7-6","palmas":27},"geometry":{"type":"LineString","coordinates":[[-72.984424,4.485598],[-72.986204,4.484464]]}},{"type":"Feature","properties":{"linea":"7-6-206","parcela":"7-6","palmas":28},"geometry":{"type":"LineString","coordinates":[[-72.984359,4.485723],[-72.986208,4.484546]]}},{"type":"Feature","properties":{"linea":"7-6-207","parcela":"7-6","palmas":29},"geometry":{"type":"LineString","coordinates":[[-72.984294,4.485848],[-72.986211,4.484627]]}},{"type":"Feature","properties":{"linea":"7-6-208","parcela":"7-6","palmas":28},"geometry":{"type":"LineString","coordinates":[[-72.984366,4.485886],[-72.986214,4.484708]]}},{"type":"Feature","properties":{"linea":"7-6-209","parcela":"7-6","palmas":29},"geometry":{"type":"LineString","coordinates":[[-72.984301,4.486011],[-72.986218,4.484789]]}},{"type":"Feature","properties":{"linea":"7-6-210","parcela":"7-6","palmas":30},"geometry":{"type":"LineString","coordinates":[[-72.984305,4.486092],[-72.98629,4.484827]]}},{"type":"Feature","properties":{"linea":"7-6-211","parcela":"7-6","palmas":7},"geometry":{"type":"LineString","coordinates":[[-72.984308,4.486173],[-72.984719,4.485912]]}},{"type":"Feature","properties":{"linea":"7-6-212","parcela":"7-6","palmas":29},"geometry":{"type":"LineString","coordinates":[[-72.984311,4.486255],[-72.986228,4.485033]]}},{"type":"Feature","properties":{"linea":"7-6-213","parcela":"7-6","palmas":29},"geometry":{"type":"LineString","coordinates":[[-72.984315,4.486336],[-72.986231,4.485115]]}},{"type":"Feature","properties":{"linea":"7-6-214","parcela":"7-6","palmas":29},"geometry":{"type":"LineString","coordinates":[[-72.984318,4.486417],[-72.986235,4.485196]]}},{"type":"Feature","properties":{"linea":"7-6-215","parcela":"7-6","palmas":29},"geometry":{"type":"LineString","coordinates":[[-72.984322,4.486499],[-72.986238,4.485277]]}},{"type":"Feature","properties":{"linea":"7-6-216","parcela":"7-6","palmas":29},"geometry":{"type":"LineString","coordinates":[[-72.984325,4.48658],[-72.986242,4.485359]]}},{"type":"Feature","properties":{"linea":"7-6-217","parcela":"7-6","palmas":29},"geometry":{"type":"LineString","coordinates":[[-72.984329,4.486661],[-72.986245,4.48544]]}},{"type":"Feature","properties":{"linea":"7-6-218","parcela":"7-6","palmas":29},"geometry":{"type":"LineString","coordinates":[[-72.984332,4.486743],[-72.986249,4.485521]]}},{"type":"Feature","properties":{"linea":"7-6-219","parcela":"7-6","palmas":29},"geometry":{"type":"LineString","coordinates":[[-72.984336,4.486824],[-72.986252,4.485602]]}},{"type":"Feature","properties":{"linea":"7-6-220","parcela":"7-6","palmas":29},"geometry":{"type":"LineString","coordinates":[[-72.984339,4.486905],[-72.986255,4.485684]]}},{"type":"Feature","properties":{"linea":"7-6-221","parcela":"7-6","palmas":29},"geometry":{"type":"LineString","coordinates":[[-72.984342,4.486986],[-72.986259,4.485765]]}},{"type":"Feature","properties":{"linea":"7-6-222","parcela":"7-6","palmas":29},"geometry":{"type":"LineString","coordinates":[[-72.984346,4.487068],[-72.986262,4.485846]]}},{"type":"Feature","properties":{"linea":"7-6-223","parcela":"7-6","palmas":29},"geometry":{"type":"LineString","coordinates":[[-72.984349,4.487149],[-72.986266,4.485927]]}},{"type":"Feature","properties":{"linea":"7-6-224","parcela":"7-6","palmas":29},"geometry":{"type":"LineString","coordinates":[[-72.984352,4.48723],[-72.986269,4.486009]]}},{"type":"Feature","properties":{"linea":"7-6-225","parcela":"7-6","palmas":28},"geometry":{"type":"LineString","coordinates":[[-72.984424,4.487268],[-72.986272,4.48609]]}},{"type":"Feature","properties":{"linea":"7-6-226","parcela":"7-6","palmas":25},"geometry":{"type":"LineString","coordinates":[[-72.984633,4.487218],[-72.986276,4.486172]]}},{"type":"Feature","properties":{"linea":"7-6-227","parcela":"7-6","palmas":22},"geometry":{"type":"LineString","coordinates":[[-72.984842,4.487169],[-72.986279,4.486253]]}},{"type":"Feature","properties":{"linea":"7-6-228","parcela":"7-6","palmas":21},"geometry":{"type":"LineString","coordinates":[[-72.984914,4.487207],[-72.986283,4.486334]]}},{"type":"Feature","properties":{"linea":"7-6-229","parcela":"7-6","palmas":18},"geometry":{"type":"LineString","coordinates":[[-72.985123,4.487157],[-72.986286,4.486416]]}},{"type":"Feature","properties":{"linea":"7-6-230","parcela":"7-6","palmas":15},"geometry":{"type":"LineString","coordinates":[[-72.985331,4.487108],[-72.986289,4.486497]]}},{"type":"Feature","properties":{"linea":"7-6-231","parcela":"7-6","palmas":14},"geometry":{"type":"LineString","coordinates":[[-72.985472,4.487101],[-72.986361,4.486534]]}},{"type":"Feature","properties":{"linea":"7-6-232","parcela":"7-6","palmas":11},"geometry":{"type":"LineString","coordinates":[[-72.985612,4.487096],[-72.986296,4.486659]]}},{"type":"Feature","properties":{"linea":"7-6-233","parcela":"7-6","palmas":9},"geometry":{"type":"LineString","coordinates":[[-72.985752,4.48709],[-72.9863,4.486741]]}},{"type":"Feature","properties":{"linea":"7-6-234","parcela":"7-6","palmas":8},"geometry":{"type":"LineString","coordinates":[[-72.985824,4.487127],[-72.986303,4.486822]]}},{"type":"Feature","properties":{"linea":"7-6-235","parcela":"7-6","palmas":5},"geometry":{"type":"LineString","coordinates":[[-72.986033,4.487078],[-72.986307,4.486903]]}},{"type":"Feature","properties":{"linea":"7-6-236","parcela":"7-6","palmas":4},"geometry":{"type":"LineString","coordinates":[[-72.986105,4.487115],[-72.98631,4.486984]]}},{"type":"Feature","properties":{"linea":"7-6-238","parcela":"7-6","palmas":2},"geometry":{"type":"LineString","coordinates":[[-72.983863,4.487292],[-72.983791,4.487254]]}},{"type":"Feature","properties":{"linea":"7-6-239","parcela":"7-6","palmas":4},"geometry":{"type":"LineString","coordinates":[[-72.984003,4.487286],[-72.983788,4.487173]]}},{"type":"Feature","properties":{"linea":"7-6-240","parcela":"7-6","palmas":6},"geometry":{"type":"LineString","coordinates":[[-72.984144,4.48728],[-72.983784,4.487091]]}},{"type":"Feature","properties":{"linea":"7-6-241","parcela":"7-6","palmas":6},"geometry":{"type":"LineString","coordinates":[[-72.984212,4.487236],[-72.983853,4.487048]]}},{"type":"Feature","properties":{"linea":"7-6-242","parcela":"7-6","palmas":6},"geometry":{"type":"LineString","coordinates":[[-72.984209,4.487155],[-72.983849,4.486966]]}},{"type":"Feature","properties":{"linea":"7-6-243","parcela":"7-6","palmas":5},"geometry":{"type":"LineString","coordinates":[[-72.984205,4.487074],[-72.983918,4.486923]]}},{"type":"Feature","properties":{"linea":"7-6-244","parcela":"7-6","palmas":5},"geometry":{"type":"LineString","coordinates":[[-72.984202,4.486992],[-72.983914,4.486842]]}},{"type":"Feature","properties":{"linea":"7-6-245","parcela":"7-6","palmas":5},"geometry":{"type":"LineString","coordinates":[[-72.984199,4.486911],[-72.983911,4.48676]]}},{"type":"Feature","properties":{"linea":"7-6-246","parcela":"7-6","palmas":4},"geometry":{"type":"LineString","coordinates":[[-72.984195,4.48683],[-72.983979,4.486717]]}},{"type":"Feature","properties":{"linea":"7-6-247","parcela":"7-6","palmas":4},"geometry":{"type":"LineString","coordinates":[[-72.984192,4.486748],[-72.983976,4.486635]]}},{"type":"Feature","properties":{"linea":"7-6-248","parcela":"7-6","palmas":3},"geometry":{"type":"LineString","coordinates":[[-72.984188,4.486667],[-72.984044,4.486592]]}},{"type":"Feature","properties":{"linea":"7-6-249","parcela":"7-6","palmas":3},"geometry":{"type":"LineString","coordinates":[[-72.984185,4.486586],[-72.984041,4.486511]]}},{"type":"Feature","properties":{"linea":"7-6-250","parcela":"7-6","palmas":3},"geometry":{"type":"LineString","coordinates":[[-72.984181,4.486504],[-72.984038,4.486429]]}},{"type":"Feature","properties":{"linea":"7-6-251","parcela":"7-6","palmas":2},"geometry":{"type":"LineString","coordinates":[[-72.984178,4.486423],[-72.984106,4.486386]]}},{"type":"Feature","properties":{"linea":"7-6-252","parcela":"7-6","palmas":2},"geometry":{"type":"LineString","coordinates":[[-72.984175,4.486342],[-72.984103,4.486304]]}},{"type":"Feature","properties":{"linea":"7-7-2","parcela":"7-7","palmas":2},"geometry":{"type":"LineString","coordinates":[[-72.983519,4.472406],[-72.983447,4.472369]]}},{"type":"Feature","properties":{"linea":"7-7-3","parcela":"7-7","palmas":3},"geometry":{"type":"LineString","coordinates":[[-72.983522,4.472488],[-72.983378,4.472412]]}},{"type":"Feature","properties":{"linea":"7-7-4","parcela":"7-7","palmas":4},"geometry":{"type":"LineString","coordinates":[[-72.983526,4.472569],[-72.98331,4.472456]]}},{"type":"Feature","properties":{"linea":"7-7-5","parcela":"7-7","palmas":5},"geometry":{"type":"LineString","coordinates":[[-72.983529,4.472651],[-72.983241,4.4725]]}},{"type":"Feature","properties":{"linea":"7-7-6","parcela":"7-7","palmas":5},"geometry":{"type":"LineString","coordinates":[[-72.983532,4.472732],[-72.983245,4.472581]]}},{"type":"Feature","properties":{"linea":"7-7-7","parcela":"7-7","palmas":6},"geometry":{"type":"LineString","coordinates":[[-72.983536,4.472813],[-72.983176,4.472625]]}},{"type":"Feature","properties":{"linea":"7-7-8","parcela":"7-7","palmas":7},"geometry":{"type":"LineString","coordinates":[[-72.983539,4.472894],[-72.983108,4.472668]]}},{"type":"Feature","properties":{"linea":"7-7-9","parcela":"7-7","palmas":8},"geometry":{"type":"LineString","coordinates":[[-72.983542,4.472976],[-72.983039,4.472712]]}},{"type":"Feature","properties":{"linea":"7-7-10","parcela":"7-7","palmas":9},"geometry":{"type":"LineString","coordinates":[[-72.983546,4.473057],[-72.982971,4.472756]]}},{"type":"Feature","properties":{"linea":"7-7-11","parcela":"7-7","palmas":9},"geometry":{"type":"LineString","coordinates":[[-72.983549,4.473138],[-72.982974,4.472837]]}},{"type":"Feature","properties":{"linea":"7-7-12","parcela":"7-7","palmas":10},"geometry":{"type":"LineString","coordinates":[[-72.983553,4.473219],[-72.982906,4.47288]]}},{"type":"Feature","properties":{"linea":"7-7-13","parcela":"7-7","palmas":11},"geometry":{"type":"LineString","coordinates":[[-72.983556,4.473301],[-72.982838,4.472924]]}},{"type":"Feature","properties":{"linea":"7-7-14","parcela":"7-7","palmas":12},"geometry":{"type":"LineString","coordinates":[[-72.98356,4.473382],[-72.982769,4.472968]]}},{"type":"Feature","properties":{"linea":"7-7-15","parcela":"7-7","palmas":13},"geometry":{"type":"LineString","coordinates":[[-72.983563,4.473463],[-72.982701,4.473011]]}},{"type":"Feature","properties":{"linea":"7-7-16","parcela":"7-7","palmas":14},"geometry":{"type":"LineString","coordinates":[[-72.983566,4.473545],[-72.982632,4.473055]]}},{"type":"Feature","properties":{"linea":"7-7-17","parcela":"7-7","palmas":14},"geometry":{"type":"LineString","coordinates":[[-72.98357,4.473626],[-72.982636,4.473136]]}},{"type":"Feature","properties":{"linea":"7-7-18","parcela":"7-7","palmas":15},"geometry":{"type":"LineString","coordinates":[[-72.983573,4.473707],[-72.982567,4.47318]]}},{"type":"Feature","properties":{"linea":"7-7-19","parcela":"7-7","palmas":16},"geometry":{"type":"LineString","coordinates":[[-72.983577,4.473789],[-72.982499,4.473223]]}},{"type":"Feature","properties":{"linea":"7-7-20","parcela":"7-7","palmas":17},"geometry":{"type":"LineString","coordinates":[[-72.98358,4.47387],[-72.98243,4.473267]]}},{"type":"Feature","properties":{"linea":"7-7-21","parcela":"7-7","palmas":18},"geometry":{"type":"LineString","coordinates":[[-72.983584,4.473951],[-72.982362,4.473311]]}},{"type":"Feature","properties":{"linea":"7-7-22","parcela":"7-7","palmas":19},"geometry":{"type":"LineString","coordinates":[[-72.983587,4.474032],[-72.982293,4.473354]]}},{"type":"Feature","properties":{"linea":"7-7-23","parcela":"7-7","palmas":19},"geometry":{"type":"LineString","coordinates":[[-72.98359,4.474114],[-72.982297,4.473436]]}},{"type":"Feature","properties":{"linea":"7-7-24","parcela":"7-7","palmas":20},"geometry":{"type":"LineString","coordinates":[[-72.983594,4.474195],[-72.982228,4.473479]]}},{"type":"Feature","properties":{"linea":"7-7-25","parcela":"7-7","palmas":21},"geometry":{"type":"LineString","coordinates":[[-72.983597,4.474276],[-72.98216,4.473523]]}},{"type":"Feature","properties":{"linea":"7-7-26","parcela":"7-7","palmas":21},"geometry":{"type":"LineString","coordinates":[[-72.983601,4.474358],[-72.982163,4.473604]]}},{"type":"Feature","properties":{"linea":"7-7-27","parcela":"7-7","palmas":22},"geometry":{"type":"LineString","coordinates":[[-72.983604,4.474439],[-72.982095,4.473648]]}},{"type":"Feature","properties":{"linea":"7-7-28","parcela":"7-7","palmas":22},"geometry":{"type":"LineString","coordinates":[[-72.983608,4.47452],[-72.982098,4.473729]]}},{"type":"Feature","properties":{"linea":"7-7-29","parcela":"7-7","palmas":23},"geometry":{"type":"LineString","coordinates":[[-72.983611,4.474602],[-72.98203,4.473773]]}},{"type":"Feature","properties":{"linea":"7-7-30","parcela":"7-7","palmas":24},"geometry":{"type":"LineString","coordinates":[[-72.983614,4.474683],[-72.981961,4.473816]]}},{"type":"Feature","properties":{"linea":"7-7-31","parcela":"7-7","palmas":25},"geometry":{"type":"LineString","coordinates":[[-72.983618,4.474764],[-72.981893,4.47386]]}},{"type":"Feature","properties":{"linea":"7-7-32","parcela":"7-7","palmas":26},"geometry":{"type":"LineString","coordinates":[[-72.983621,4.474846],[-72.98182,4.473901]]}},{"type":"Feature","properties":{"linea":"7-7-33","parcela":"7-7","palmas":26},"geometry":{"type":"LineString","coordinates":[[-72.983624,4.474927],[-72.981823,4.473982]]}},{"type":"Feature","properties":{"linea":"7-7-34","parcela":"7-7","palmas":27},"geometry":{"type":"LineString","coordinates":[[-72.983628,4.475008],[-72.98176,4.474029]]}},{"type":"Feature","properties":{"linea":"7-7-35","parcela":"7-7","palmas":28},"geometry":{"type":"LineString","coordinates":[[-72.983631,4.475089],[-72.981691,4.474072]]}},{"type":"Feature","properties":{"linea":"7-7-36","parcela":"7-7","palmas":29},"geometry":{"type":"LineString","coordinates":[[-72.983635,4.475171],[-72.981623,4.474116]]}},{"type":"Feature","properties":{"linea":"7-7-37","parcela":"7-7","palmas":30},"geometry":{"type":"LineString","coordinates":[[-72.983638,4.475252],[-72.981552,4.474158]]}},{"type":"Feature","properties":{"linea":"7-7-38","parcela":"7-7","palmas":29},"geometry":{"type":"LineString","coordinates":[[-72.983642,4.475333],[-72.981629,4.474278]]}},{"type":"Feature","properties":{"linea":"7-7-39","parcela":"7-7","palmas":29},"geometry":{"type":"LineString","coordinates":[[-72.983645,4.475415],[-72.981633,4.474359]]}},{"type":"Feature","properties":{"linea":"7-7-40","parcela":"7-7","palmas":28},"geometry":{"type":"LineString","coordinates":[[-72.983648,4.475496],[-72.981708,4.474479]]}},{"type":"Feature","properties":{"linea":"7-7-41","parcela":"7-7","palmas":26},"geometry":{"type":"LineString","coordinates":[[-72.983652,4.475577],[-72.981855,4.474635]]}},{"type":"Feature","properties":{"linea":"7-7-42","parcela":"7-7","palmas":25},"geometry":{"type":"LineString","coordinates":[[-72.983655,4.475659],[-72.981931,4.474754]]}},{"type":"Feature","properties":{"linea":"7-7-43","parcela":"7-7","palmas":24},"geometry":{"type":"LineString","coordinates":[[-72.983659,4.47574],[-72.982006,4.474873]]}},{"type":"Feature","properties":{"linea":"7-7-44","parcela":"7-7","palmas":22},"geometry":{"type":"LineString","coordinates":[[-72.983662,4.475821],[-72.982153,4.47503]]}},{"type":"Feature","properties":{"linea":"7-7-45","parcela":"7-7","palmas":19},"geometry":{"type":"LineString","coordinates":[[-72.983666,4.475903],[-72.982375,4.475226]]}},{"type":"Feature","properties":{"linea":"7-7-46","parcela":"7-7","palmas":19},"geometry":{"type":"LineString","coordinates":[[-72.983669,4.475984],[-72.982378,4.475307]]}},{"type":"Feature","properties":{"linea":"7-7-47","parcela":"7-7","palmas":18},"geometry":{"type":"LineString","coordinates":[[-72.983672,4.476065],[-72.982451,4.475424]]}},{"type":"Feature","properties":{"linea":"7-7-48","parcela":"7-7","palmas":18},"geometry":{"type":"LineString","coordinates":[[-72.983676,4.476146],[-72.982454,4.475506]]}},{"type":"Feature","properties":{"linea":"7-7-49","parcela":"7-7","palmas":17},"geometry":{"type":"LineString","coordinates":[[-72.983679,4.476228],[-72.982529,4.475625]]}},{"type":"Feature","properties":{"linea":"7-7-50","parcela":"7-7","palmas":17},"geometry":{"type":"LineString","coordinates":[[-72.983683,4.476309],[-72.982533,4.475706]]}},{"type":"Feature","properties":{"linea":"7-7-51","parcela":"7-7","palmas":19},"geometry":{"type":"LineString","coordinates":[[-72.983756,4.476427],[-72.982464,4.47575]]}},{"type":"Feature","properties":{"linea":"7-7-52","parcela":"7-7","palmas":19},"geometry":{"type":"LineString","coordinates":[[-72.983759,4.476508],[-72.982468,4.475831]]}},{"type":"Feature","properties":{"linea":"7-7-53","parcela":"7-7","palmas":20},"geometry":{"type":"LineString","coordinates":[[-72.983762,4.476589],[-72.982399,4.475875]]}},{"type":"Feature","properties":{"linea":"7-7-54","parcela":"7-7","palmas":20},"geometry":{"type":"LineString","coordinates":[[-72.983766,4.476671],[-72.982403,4.475956]]}},{"type":"Feature","properties":{"linea":"7-7-55","parcela":"7-7","palmas":21},"geometry":{"type":"LineString","coordinates":[[-72.983769,4.476752],[-72.982334,4.475999]]}},{"type":"Feature","properties":{"linea":"7-7-56","parcela":"7-7","palmas":21},"geometry":{"type":"LineString","coordinates":[[-72.983773,4.476833],[-72.982338,4.476081]]}},{"type":"Feature","properties":{"linea":"7-7-57","parcela":"7-7","palmas":21},"geometry":{"type":"LineString","coordinates":[[-72.983776,4.476915],[-72.982341,4.476162]]}},{"type":"Feature","properties":{"linea":"7-7-58","parcela":"7-7","palmas":21},"geometry":{"type":"LineString","coordinates":[[-72.983779,4.476996],[-72.982344,4.476243]]}},{"type":"Feature","properties":{"linea":"7-7-59","parcela":"7-7","palmas":21},"geometry":{"type":"LineString","coordinates":[[-72.983783,4.477077],[-72.982348,4.476325]]}},{"type":"Feature","properties":{"linea":"7-7-60","parcela":"7-7","palmas":21},"geometry":{"type":"LineString","coordinates":[[-72.983786,4.477159],[-72.982351,4.476406]]}},{"type":"Feature","properties":{"linea":"7-7-61","parcela":"7-7","palmas":21},"geometry":{"type":"LineString","coordinates":[[-72.98372,4.477203],[-72.982283,4.47645]]}},{"type":"Feature","properties":{"linea":"7-7-62","parcela":"7-7","palmas":22},"geometry":{"type":"LineString","coordinates":[[-72.983796,4.477322],[-72.982286,4.476531]]}},{"type":"Feature","properties":{"linea":"7-7-63","parcela":"7-7","palmas":22},"geometry":{"type":"LineString","coordinates":[[-72.983797,4.477403],[-72.98229,4.476612]]}},{"type":"Feature","properties":{"linea":"7-7-64","parcela":"7-7","palmas":23},"geometry":{"type":"LineString","coordinates":[[-72.9838,4.477484],[-72.982221,4.476656]]}},{"type":"Feature","properties":{"linea":"7-7-65","parcela":"7-7","palmas":24},"geometry":{"type":"LineString","coordinates":[[-72.983803,4.477565],[-72.982153,4.476699]]}},{"type":"Feature","properties":{"linea":"7-7-66","parcela":"7-7","palmas":24},"geometry":{"type":"LineString","coordinates":[[-72.983809,4.477647],[-72.982156,4.476781]]}},{"type":"Feature","properties":{"linea":"7-7-67","parcela":"7-7","palmas":25},"geometry":{"type":"LineString","coordinates":[[-72.983812,4.477729],[-72.982088,4.476824]]}},{"type":"Feature","properties":{"linea":"7-7-68","parcela":"7-7","palmas":25},"geometry":{"type":"LineString","coordinates":[[-72.983816,4.47781],[-72.982091,4.476906]]}},{"type":"Feature","properties":{"linea":"7-7-69","parcela":"7-7","palmas":26},"geometry":{"type":"LineString","coordinates":[[-72.983819,4.477891],[-72.982023,4.476949]]}},{"type":"Feature","properties":{"linea":"7-7-70","parcela":"7-7","palmas":26},"geometry":{"type":"LineString","coordinates":[[-72.983823,4.477973],[-72.982026,4.477031]]}},{"type":"Feature","properties":{"linea":"7-7-71","parcela":"7-7","palmas":26},"geometry":{"type":"LineString","coordinates":[[-72.983826,4.478054],[-72.98203,4.477112]]}},{"type":"Feature","properties":{"linea":"7-7-72","parcela":"7-7","palmas":26},"geometry":{"type":"LineString","coordinates":[[-72.98383,4.478135],[-72.982033,4.477193]]}},{"type":"Feature","properties":{"linea":"7-7-73","parcela":"7-7","palmas":26},"geometry":{"type":"LineString","coordinates":[[-72.983833,4.478217],[-72.982036,4.477274]]}},{"type":"Feature","properties":{"linea":"7-7-74","parcela":"7-7","palmas":26},"geometry":{"type":"LineString","coordinates":[[-72.983834,4.478297],[-72.98204,4.477356]]}},{"type":"Feature","properties":{"linea":"7-7-75","parcela":"7-7","palmas":5},"geometry":{"type":"LineString","coordinates":[[-72.983912,4.480086],[-72.983898,4.479761]]}},{"type":"Feature","properties":{"linea":"7-7-76","parcela":"7-7","palmas":21},"geometry":{"type":"LineString","coordinates":[[-72.98384,4.480049],[-72.983771,4.478423]]}},{"type":"Feature","properties":{"linea":"7-7-77","parcela":"7-7","palmas":21},"geometry":{"type":"LineString","coordinates":[[-72.983768,4.480011],[-72.983699,4.478385]]}},{"type":"Feature","properties":{"linea":"7-7-78","parcela":"7-7","palmas":21},"geometry":{"type":"LineString","coordinates":[[-72.983696,4.479973],[-72.983628,4.478347]]}},{"type":"Feature","properties":{"linea":"7-7-79","parcela":"7-7","palmas":21},"geometry":{"type":"LineString","coordinates":[[-72.983624,4.479936],[-72.983556,4.47831]]}},{"type":"Feature","properties":{"linea":"7-7-80","parcela":"7-7","palmas":21},"geometry":{"type":"LineString","coordinates":[[-72.983552,4.479898],[-72.983484,4.478272]]}},{"type":"Feature","properties":{"linea":"7-7-81","parcela":"7-7","palmas":21},"geometry":{"type":"LineString","coordinates":[[-72.983481,4.479861],[-72.983412,4.478234]]}},{"type":"Feature","properties":{"linea":"7-7-82","parcela":"7-7","palmas":21},"geometry":{"type":"LineString","coordinates":[[-72.983409,4.479823],[-72.98334,4.478197]]}},{"type":"Feature","properties":{"linea":"7-7-83","parcela":"7-7","palmas":21},"geometry":{"type":"LineString","coordinates":[[-72.983337,4.479785],[-72.983268,4.478159]]}},{"type":"Feature","properties":{"linea":"7-7-84","parcela":"7-7","palmas":21},"geometry":{"type":"LineString","coordinates":[[-72.983265,4.479748],[-72.983196,4.478121]]}},{"type":"Feature","properties":{"linea":"7-7-85","parcela":"7-7","palmas":21},"geometry":{"type":"LineString","coordinates":[[-72.983193,4.47971],[-72.983125,4.478084]]}},{"type":"Feature","properties":{"linea":"7-7-86","parcela":"7-7","palmas":21},"geometry":{"type":"LineString","coordinates":[[-72.983121,4.479672],[-72.983053,4.478046]]}},{"type":"Feature","properties":{"linea":"7-7-87","parcela":"7-7","palmas":20},"geometry":{"type":"LineString","coordinates":[[-72.983049,4.479634],[-72.982984,4.47809]]}},{"type":"Feature","properties":{"linea":"7-7-88","parcela":"7-7","palmas":20},"geometry":{"type":"LineString","coordinates":[[-72.982978,4.479597],[-72.982909,4.477971]]}},{"type":"Feature","properties":{"linea":"7-7-89","parcela":"7-7","palmas":20},"geometry":{"type":"LineString","coordinates":[[-72.982906,4.479559],[-72.982837,4.477933]]}},{"type":"Feature","properties":{"linea":"7-7-90","parcela":"7-7","palmas":20},"geometry":{"type":"LineString","coordinates":[[-72.982834,4.479521],[-72.982765,4.477895]]}},{"type":"Feature","properties":{"linea":"7-7-91","parcela":"7-7","palmas":20},"geometry":{"type":"LineString","coordinates":[[-72.982762,4.479484],[-72.982694,4.477857]]}},{"type":"Feature","properties":{"linea":"7-7-92","parcela":"7-7","palmas":20},"geometry":{"type":"LineString","coordinates":[[-72.98269,4.479446],[-72.982622,4.47782]]}},{"type":"Feature","properties":{"linea":"7-7-93","parcela":"7-7","palmas":20},"geometry":{"type":"LineString","coordinates":[[-72.982618,4.479408],[-72.98255,4.477782]]}},{"type":"Feature","properties":{"linea":"7-7-94","parcela":"7-7","palmas":21},"geometry":{"type":"LineString","coordinates":[[-72.982546,4.479371],[-72.982478,4.477744]]}},{"type":"Feature","properties":{"linea":"7-7-95","parcela":"7-7","palmas":20},"geometry":{"type":"LineString","coordinates":[[-72.982474,4.479333],[-72.982406,4.477707]]}},{"type":"Feature","properties":{"linea":"7-7-96","parcela":"7-7","palmas":21},"geometry":{"type":"LineString","coordinates":[[-72.982403,4.479295],[-72.982334,4.477669]]}},{"type":"Feature","properties":{"linea":"7-7-97","parcela":"7-7","palmas":20},"geometry":{"type":"LineString","coordinates":[[-72.982331,4.479258],[-72.982262,4.477631]]}},{"type":"Feature","properties":{"linea":"7-7-98","parcela":"7-7","palmas":21},"geometry":{"type":"LineString","coordinates":[[-72.982259,4.47922],[-72.982191,4.477594]]}},{"type":"Feature","properties":{"linea":"7-7-99","parcela":"7-7","palmas":20},"geometry":{"type":"LineString","coordinates":[[-72.982187,4.479182],[-72.982119,4.477556]]}},{"type":"Feature","properties":{"linea":"7-7-100","parcela":"7-7","palmas":21},"geometry":{"type":"LineString","coordinates":[[-72.982115,4.479144],[-72.982047,4.477518]]}},{"type":"Feature","properties":{"linea":"7-7-101","parcela":"7-7","palmas":21},"geometry":{"type":"LineString","coordinates":[[-72.982043,4.479107],[-72.981975,4.477481]]}},{"type":"Feature","properties":{"linea":"7-7-102","parcela":"7-7","palmas":20},"geometry":{"type":"LineString","coordinates":[[-72.981971,4.479069],[-72.981903,4.477443]]}},{"type":"Feature","properties":{"linea":"7-7-103","parcela":"7-7","palmas":19},"geometry":{"type":"LineString","coordinates":[[-72.981899,4.479031],[-72.981838,4.477568]]}},{"type":"Feature","properties":{"linea":"7-7-104","parcela":"7-7","palmas":15},"geometry":{"type":"LineString","coordinates":[[-72.981828,4.478994],[-72.98178,4.477856]]}},{"type":"Feature","properties":{"linea":"7-7-105","parcela":"7-7","palmas":12},"geometry":{"type":"LineString","coordinates":[[-72.981756,4.478956],[-72.981718,4.478062]]}},{"type":"Feature","properties":{"linea":"7-7-106","parcela":"7-7","palmas":9},"geometry":{"type":"LineString","coordinates":[[-72.981684,4.478918],[-72.981657,4.478268]]}},{"type":"Feature","properties":{"linea":"7-7-107","parcela":"7-7","palmas":6},"geometry":{"type":"LineString","coordinates":[[-72.981612,4.478881],[-72.981595,4.478474]]}},{"type":"Feature","properties":{"linea":"7-7-108","parcela":"7-7","palmas":2},"geometry":{"type":"LineString","coordinates":[[-72.98154,4.478843],[-72.981537,4.478762]]}},{"type":"Feature","properties":{"linea":"7-7-109","parcela":"7-7","palmas":2},"geometry":{"type":"LineString","coordinates":[[-72.981544,4.478924],[-72.981475,4.478968]]}},{"type":"Feature","properties":{"linea":"7-7-110","parcela":"7-7","palmas":4},"geometry":{"type":"LineString","coordinates":[[-72.981616,4.478962],[-72.98141,4.479093]]}},{"type":"Feature","properties":{"linea":"7-7-111","parcela":"7-7","palmas":5},"geometry":{"type":"LineString","coordinates":[[-72.981687,4.479],[-72.981414,4.479174]]}},{"type":"Feature","properties":{"linea":"7-7-112","parcela":"7-7","palmas":6},"geometry":{"type":"LineString","coordinates":[[-72.981759,4.479038],[-72.981417,4.479256]]}},{"type":"Feature","properties":{"linea":"7-7-113","parcela":"7-7","palmas":8},"geometry":{"type":"LineString","coordinates":[[-72.981831,4.479075],[-72.981352,4.47938]]}},{"type":"Feature","properties":{"linea":"7-7-114","parcela":"7-7","palmas":9},"geometry":{"type":"LineString","coordinates":[[-72.981903,4.479113],[-72.981355,4.479462]]}},{"type":"Feature","properties":{"linea":"7-7-115","parcela":"7-7","palmas":11},"geometry":{"type":"LineString","coordinates":[[-72.981975,4.47915],[-72.98129,4.479587]]}},{"type":"Feature","properties":{"linea":"7-7-116","parcela":"7-7","palmas":12},"geometry":{"type":"LineString","coordinates":[[-72.982047,4.479188],[-72.981294,4.479668]]}},{"type":"Feature","properties":{"linea":"7-7-117","parcela":"7-7","palmas":13},"geometry":{"type":"LineString","coordinates":[[-72.982118,4.479226],[-72.981297,4.479749]]}},{"type":"Feature","properties":{"linea":"7-7-118","parcela":"7-7","palmas":13},"geometry":{"type":"LineString","coordinates":[[-72.98219,4.479263],[-72.981369,4.479787]]}},{"type":"Feature","properties":{"linea":"7-7-119","parcela":"7-7","palmas":13},"geometry":{"type":"LineString","coordinates":[[-72.982262,4.479301],[-72.981441,4.479824]]}},{"type":"Feature","properties":{"linea":"7-7-120","parcela":"7-7","palmas":13},"geometry":{"type":"LineString","coordinates":[[-72.982334,4.479339],[-72.981513,4.479862]]}},{"type":"Feature","properties":{"linea":"7-7-121","parcela":"7-7","palmas":14},"geometry":{"type":"LineString","coordinates":[[-72.982406,4.479376],[-72.981516,4.479944]]}},{"type":"Feature","properties":{"linea":"7-7-122","parcela":"7-7","palmas":14},"geometry":{"type":"LineString","coordinates":[[-72.982478,4.479414],[-72.981588,4.479981]]}},{"type":"Feature","properties":{"linea":"7-7-123","parcela":"7-7","palmas":14},"geometry":{"type":"LineString","coordinates":[[-72.98255,4.479452],[-72.98166,4.480019]]}},{"type":"Feature","properties":{"linea":"7-7-124","parcela":"7-7","palmas":14},"geometry":{"type":"LineString","coordinates":[[-72.982621,4.479489],[-72.981732,4.480057]]}},{"type":"Feature","properties":{"linea":"7-7-125","parcela":"7-7","palmas":14},"geometry":{"type":"LineString","coordinates":[[-72.982693,4.479527],[-72.981804,4.480094]]}},{"type":"Feature","properties":{"linea":"7-7-126","parcela":"7-7","palmas":14},"geometry":{"type":"LineString","coordinates":[[-72.982765,4.479565],[-72.981875,4.480132]]}},{"type":"Feature","properties":{"linea":"7-7-127","parcela":"7-7","palmas":14},"geometry":{"type":"LineString","coordinates":[[-72.982837,4.479603],[-72.981947,4.48017]]}},{"type":"Feature","properties":{"linea":"7-7-128","parcela":"7-7","palmas":14},"geometry":{"type":"LineString","coordinates":[[-72.982909,4.47964],[-72.982019,4.480207]]}},{"type":"Feature","properties":{"linea":"7-7-129","parcela":"7-7","palmas":14},"geometry":{"type":"LineString","coordinates":[[-72.982981,4.479678],[-72.982091,4.480245]]}},{"type":"Feature","properties":{"linea":"7-7-130","parcela":"7-7","palmas":14},"geometry":{"type":"LineString","coordinates":[[-72.983053,4.479716],[-72.982163,4.480283]]}},{"type":"Feature","properties":{"linea":"7-7-131","parcela":"7-7","palmas":14},"geometry":{"type":"LineString","coordinates":[[-72.983124,4.479753],[-72.982235,4.48032]]}},{"type":"Feature","properties":{"linea":"7-7-132","parcela":"7-7","palmas":14},"geometry":{"type":"LineString","coordinates":[[-72.983196,4.479791],[-72.982307,4.480358]]}},{"type":"Feature","properties":{"linea":"7-7-133","parcela":"7-7","palmas":14},"geometry":{"type":"LineString","coordinates":[[-72.983268,4.479829],[-72.982378,4.480396]]}},{"type":"Feature","properties":{"linea":"7-7-134","parcela":"7-7","palmas":14},"geometry":{"type":"LineString","coordinates":[[-72.98334,4.479866],[-72.98245,4.480433]]}},{"type":"Feature","properties":{"linea":"7-7-135","parcela":"7-7","palmas":14},"geometry":{"type":"LineString","coordinates":[[-72.983412,4.479904],[-72.982522,4.480471]]}},{"type":"Feature","properties":{"linea":"7-7-136","parcela":"7-7","palmas":14},"geometry":{"type":"LineString","coordinates":[[-72.983484,4.479942],[-72.982594,4.480509]]}},{"type":"Feature","properties":{"linea":"7-7-137","parcela":"7-7","palmas":14},"geometry":{"type":"LineString","coordinates":[[-72.983556,4.479979],[-72.982666,4.480546]]}},{"type":"Feature","properties":{"linea":"7-7-138","parcela":"7-7","palmas":14},"geometry":{"type":"LineString","coordinates":[[-72.983627,4.480017],[-72.982738,4.480584]]}},{"type":"Feature","properties":{"linea":"7-7-139","parcela":"7-7","palmas":14},"geometry":{"type":"LineString","coordinates":[[-72.983699,4.480055],[-72.98281,4.480622]]}},{"type":"Feature","properties":{"linea":"7-7-140","parcela":"7-7","palmas":14},"geometry":{"type":"LineString","coordinates":[[-72.983771,4.480093],[-72.982881,4.480659]]}},{"type":"Feature","properties":{"linea":"7-7-141","parcela":"7-7","palmas":14},"geometry":{"type":"LineString","coordinates":[[-72.983843,4.48013],[-72.982953,4.480697]]}},{"type":"Feature","properties":{"linea":"7-7-142","parcela":"7-7","palmas":14},"geometry":{"type":"LineString","coordinates":[[-72.983915,4.480168],[-72.983025,4.480735]]}},{"type":"Feature","properties":{"linea":"7-7-143","parcela":"7-7","palmas":13},"geometry":{"type":"LineString","coordinates":[[-72.983918,4.480249],[-72.983097,4.480773]]}},{"type":"Feature","properties":{"linea":"7-7-144","parcela":"7-7","palmas":12},"geometry":{"type":"LineString","coordinates":[[-72.983922,4.48033],[-72.983169,4.48081]]}},{"type":"Feature","properties":{"linea":"7-7-145","parcela":"7-7","palmas":11},"geometry":{"type":"LineString","coordinates":[[-72.983925,4.480412],[-72.983241,4.480848]]}},{"type":"Feature","properties":{"linea":"7-7-146","parcela":"7-7","palmas":10},"geometry":{"type":"LineString","coordinates":[[-72.983929,4.480493],[-72.983313,4.480886]]}},{"type":"Feature","properties":{"linea":"7-7-147","parcela":"7-7","palmas":9},"geometry":{"type":"LineString","coordinates":[[-72.983932,4.480574],[-72.983384,4.480923]]}},{"type":"Feature","properties":{"linea":"7-7-148","parcela":"7-7","palmas":8},"geometry":{"type":"LineString","coordinates":[[-72.983936,4.480656],[-72.983456,4.480961]]}},{"type":"Feature","properties":{"linea":"7-7-149","parcela":"7-7","palmas":7},"geometry":{"type":"LineString","coordinates":[[-72.983939,4.480737],[-72.983528,4.480999]]}},{"type":"Feature","properties":{"linea":"7-7-150","parcela":"7-7","palmas":6},"geometry":{"type":"LineString","coordinates":[[-72.983942,4.480818],[-72.9836,4.481036]]}},{"type":"Feature","properties":{"linea":"7-7-151","parcela":"7-7","palmas":5},"geometry":{"type":"LineString","coordinates":[[-72.983946,4.480899],[-72.983672,4.481074]]}},{"type":"Feature","properties":{"linea":"7-7-152","parcela":"7-7","palmas":4},"geometry":{"type":"LineString","coordinates":[[-72.983949,4.480981],[-72.983744,4.481112]]}},{"type":"Feature","properties":{"linea":"7-7-153","parcela":"7-7","palmas":3},"geometry":{"type":"LineString","coordinates":[[-72.983953,4.481062],[-72.983816,4.481149]]}},{"type":"Feature","properties":{"linea":"7-7-154","parcela":"7-7","palmas":2},"geometry":{"type":"LineString","coordinates":[[-72.983956,4.481143],[-72.983887,4.481187]]}},{"type":"Feature","properties":{"linea":"7-7-156","parcela":"7-7","palmas":29},"geometry":{"type":"LineString","coordinates":[[-72.984062,4.483664],[-72.983966,4.481387]]}},{"type":"Feature","properties":{"linea":"7-7-157","parcela":"7-7","palmas":29},"geometry":{"type":"LineString","coordinates":[[-72.98399,4.483626],[-72.983894,4.48135]]}},{"type":"Feature","properties":{"linea":"7-7-158","parcela":"7-7","palmas":29},"geometry":{"type":"LineString","coordinates":[[-72.983918,4.483588],[-72.983823,4.481312]]}},{"type":"Feature","properties":{"linea":"7-7-159","parcela":"7-7","palmas":29},"geometry":{"type":"LineString","coordinates":[[-72.983846,4.483551],[-72.983751,4.481274]]}},{"type":"Feature","properties":{"linea":"7-7-160","parcela":"7-7","palmas":29},"geometry":{"type":"LineString","coordinates":[[-72.983774,4.483513],[-72.983679,4.481237]]}},{"type":"Feature","properties":{"linea":"7-7-161","parcela":"7-7","palmas":29},"geometry":{"type":"LineString","coordinates":[[-72.983703,4.483475],[-72.983607,4.481199]]}},{"type":"Feature","properties":{"linea":"7-7-162","parcela":"7-7","palmas":29},"geometry":{"type":"LineString","coordinates":[[-72.983631,4.483438],[-72.983535,4.481161]]}},{"type":"Feature","properties":{"linea":"7-7-163","parcela":"7-7","palmas":29},"geometry":{"type":"LineString","coordinates":[[-72.983559,4.4834],[-72.983463,4.481124]]}},{"type":"Feature","properties":{"linea":"7-7-164","parcela":"7-7","palmas":29},"geometry":{"type":"LineString","coordinates":[[-72.983487,4.483362],[-72.983391,4.481086]]}},{"type":"Feature","properties":{"linea":"7-7-165","parcela":"7-7","palmas":29},"geometry":{"type":"LineString","coordinates":[[-72.983415,4.483325],[-72.983319,4.481048]]}},{"type":"Feature","properties":{"linea":"7-7-166","parcela":"7-7","palmas":27},"geometry":{"type":"LineString","coordinates":[[-72.983336,4.483124],[-72.983248,4.481011]]}},{"type":"Feature","properties":{"linea":"7-7-167","parcela":"7-7","palmas":26},"geometry":{"type":"LineString","coordinates":[[-72.983261,4.483005],[-72.983176,4.480973]]}},{"type":"Feature","properties":{"linea":"7-7-168","parcela":"7-7","palmas":25},"geometry":{"type":"LineString","coordinates":[[-72.983186,4.482886],[-72.983104,4.480935]]}},{"type":"Feature","properties":{"linea":"7-7-169","parcela":"7-7","palmas":23},"geometry":{"type":"LineString","coordinates":[[-72.983107,4.482686],[-72.983032,4.480898]]}},{"type":"Feature","properties":{"linea":"7-7-170","parcela":"7-7","palmas":22},"geometry":{"type":"LineString","coordinates":[[-72.983032,4.482567],[-72.98296,4.48086]]}},{"type":"Feature","properties":{"linea":"7-7-171","parcela":"7-7","palmas":20},"geometry":{"type":"LineString","coordinates":[[-72.982953,4.482367],[-72.982888,4.480822]]}},{"type":"Feature","properties":{"linea":"7-7-172","parcela":"7-7","palmas":20},"geometry":{"type":"LineString","coordinates":[[-72.982881,4.482329],[-72.982816,4.480784]]}},{"type":"Feature","properties":{"linea":"7-7-173","parcela":"7-7","palmas":20},"geometry":{"type":"LineString","coordinates":[[-72.982809,4.482291],[-72.982745,4.480747]]}},{"type":"Feature","properties":{"linea":"7-7-174","parcela":"7-7","palmas":20},"geometry":{"type":"LineString","coordinates":[[-72.982737,4.482254],[-72.982673,4.480709]]}},{"type":"Feature","properties":{"linea":"7-7-175","parcela":"7-7","palmas":20},"geometry":{"type":"LineString","coordinates":[[-72.982666,4.482216],[-72.982601,4.480671]]}},{"type":"Feature","properties":{"linea":"7-7-176","parcela":"7-7","palmas":20},"geometry":{"type":"LineString","coordinates":[[-72.982594,4.482178],[-72.982529,4.480634]]}},{"type":"Feature","properties":{"linea":"7-7-177","parcela":"7-7","palmas":20},"geometry":{"type":"LineString","coordinates":[[-72.982522,4.482141],[-72.982457,4.480596]]}},{"type":"Feature","properties":{"linea":"7-7-178","parcela":"7-7","palmas":20},"geometry":{"type":"LineString","coordinates":[[-72.98245,4.482103],[-72.982385,4.480558]]}},{"type":"Feature","properties":{"linea":"7-7-179","parcela":"7-7","palmas":20},"geometry":{"type":"LineString","coordinates":[[-72.982378,4.482065],[-72.982313,4.480521]]}},{"type":"Feature","properties":{"linea":"7-7-180","parcela":"7-7","palmas":20},"geometry":{"type":"LineString","coordinates":[[-72.982306,4.482028],[-72.982242,4.480483]]}},{"type":"Feature","properties":{"linea":"7-7-181","parcela":"7-7","palmas":20},"geometry":{"type":"LineString","coordinates":[[-72.982235,4.48199],[-72.98217,4.480445]]}},{"type":"Feature","properties":{"linea":"7-7-182","parcela":"7-7","palmas":20},"geometry":{"type":"LineString","coordinates":[[-72.982163,4.481952],[-72.982098,4.480408]]}},{"type":"Feature","properties":{"linea":"7-7-183","parcela":"7-7","palmas":20},"geometry":{"type":"LineString","coordinates":[[-72.982091,4.481915],[-72.982026,4.48037]]}},{"type":"Feature","properties":{"linea":"7-7-184","parcela":"7-7","palmas":20},"geometry":{"type":"LineString","coordinates":[[-72.982019,4.481877],[-72.981954,4.480332]]}},{"type":"Feature","properties":{"linea":"7-7-185","parcela":"7-7","palmas":20},"geometry":{"type":"LineString","coordinates":[[-72.981947,4.481839],[-72.981882,4.480294]]}},{"type":"Feature","properties":{"linea":"7-7-186","parcela":"7-7","palmas":20},"geometry":{"type":"LineString","coordinates":[[-72.981875,4.481802],[-72.98181,4.480257]]}},{"type":"Feature","properties":{"linea":"7-7-187","parcela":"7-7","palmas":20},"geometry":{"type":"LineString","coordinates":[[-72.981803,4.481764],[-72.981739,4.480219]]}},{"type":"Feature","properties":{"linea":"7-7-188","parcela":"7-7","palmas":20},"geometry":{"type":"LineString","coordinates":[[-72.981732,4.481726],[-72.981667,4.480181]]}},{"type":"Feature","properties":{"linea":"7-7-189","parcela":"7-7","palmas":20},"geometry":{"type":"LineString","coordinates":[[-72.98166,4.481689],[-72.981595,4.480144]]}},{"type":"Feature","properties":{"linea":"7-7-190","parcela":"7-7","palmas":20},"geometry":{"type":"LineString","coordinates":[[-72.981588,4.481651],[-72.981523,4.480106]]}},{"type":"Feature","properties":{"linea":"7-7-191","parcela":"7-7","palmas":20},"geometry":{"type":"LineString","coordinates":[[-72.981516,4.481613],[-72.981451,4.480068]]}},{"type":"Feature","properties":{"linea":"7-7-192","parcela":"7-7","palmas":20},"geometry":{"type":"LineString","coordinates":[[-72.981444,4.481576],[-72.981379,4.480031]]}},{"type":"Feature","properties":{"linea":"7-7-193","parcela":"7-7","palmas":20},"geometry":{"type":"LineString","coordinates":[[-72.981372,4.481538],[-72.981307,4.479993]]}},{"type":"Feature","properties":{"linea":"7-7-194","parcela":"7-7","palmas":19},"geometry":{"type":"LineString","coordinates":[[-72.9813,4.4815],[-72.981239,4.480037]]}},{"type":"Feature","properties":{"linea":"7-7-195","parcela":"7-7","palmas":20},"geometry":{"type":"LineString","coordinates":[[-72.981229,4.481463],[-72.981164,4.479918]]}},{"type":"Feature","properties":{"linea":"7-7-196","parcela":"7-7","palmas":15},"geometry":{"type":"LineString","coordinates":[[-72.981157,4.481425],[-72.981109,4.480287]]}},{"type":"Feature","properties":{"linea":"7-7-197","parcela":"7-7","palmas":12},"geometry":{"type":"LineString","coordinates":[[-72.981085,4.481387],[-72.981047,4.480493]]}},{"type":"Feature","properties":{"linea":"7-7-198","parcela":"7-7","palmas":9},"geometry":{"type":"LineString","coordinates":[[-72.981013,4.481349],[-72.980986,4.480699]]}},{"type":"Feature","properties":{"linea":"7-7-199","parcela":"7-7","palmas":6},"geometry":{"type":"LineString","coordinates":[[-72.980941,4.481312],[-72.980924,4.480905]]}},{"type":"Feature","properties":{"linea":"7-7-200","parcela":"7-7","palmas":5},"geometry":{"type":"LineString","coordinates":[[-72.980873,4.481355],[-72.980859,4.48103]]}},{"type":"Feature","properties":{"linea":"7-7-201","parcela":"7-7","palmas":3},"geometry":{"type":"LineString","coordinates":[[-72.980804,4.481399],[-72.980797,4.481236]]}},{"type":"Feature","properties":{"linea":"7-7-202","parcela":"7-7","palmas":3},"geometry":{"type":"LineString","coordinates":[[-72.980879,4.481518],[-72.980743,4.481605]]}},{"type":"Feature","properties":{"linea":"7-7-203","parcela":"7-7","palmas":5},"geometry":{"type":"LineString","coordinates":[[-72.980951,4.481556],[-72.980677,4.48173]]}},{"type":"Feature","properties":{"linea":"7-7-204","parcela":"7-7","palmas":7},"geometry":{"type":"LineString","coordinates":[[-72.981023,4.481593],[-72.980613,4.481855]]}},{"type":"Feature","properties":{"linea":"7-7-205","parcela":"7-7","palmas":8},"geometry":{"type":"LineString","coordinates":[[-72.981095,4.481631],[-72.980616,4.481936]]}},{"type":"Feature","properties":{"linea":"7-7-206","parcela":"7-7","palmas":9},"geometry":{"type":"LineString","coordinates":[[-72.981167,4.481669],[-72.980619,4.482018]]}},{"type":"Feature","properties":{"linea":"7-7-207","parcela":"7-7","palmas":10},"geometry":{"type":"LineString","coordinates":[[-72.981239,4.481706],[-72.980623,4.482099]]}},{"type":"Feature","properties":{"linea":"7-7-208","parcela":"7-7","palmas":12},"geometry":{"type":"LineString","coordinates":[[-72.981311,4.481744],[-72.980558,4.482224]]}},{"type":"Feature","properties":{"linea":"7-7-209","parcela":"7-7","palmas":13},"geometry":{"type":"LineString","coordinates":[[-72.981382,4.481782],[-72.980561,4.482305]]}},{"type":"Feature","properties":{"linea":"7-7-210","parcela":"7-7","palmas":15},"geometry":{"type":"LineString","coordinates":[[-72.981454,4.481819],[-72.980496,4.48243]]}},{"type":"Feature","properties":{"linea":"7-7-211","parcela":"7-7","palmas":16},"geometry":{"type":"LineString","coordinates":[[-72.981526,4.481857],[-72.980499,4.482511]]}},{"type":"Feature","properties":{"linea":"7-7-212","parcela":"7-7","palmas":18},"geometry":{"type":"LineString","coordinates":[[-72.981598,4.481895],[-72.980434,4.482636]]}},{"type":"Feature","properties":{"linea":"7-7-213","parcela":"7-7","palmas":19},"geometry":{"type":"LineString","coordinates":[[-72.98167,4.481933],[-72.980438,4.482717]]}},{"type":"Feature","properties":{"linea":"7-7-214","parcela":"7-7","palmas":20},"geometry":{"type":"LineString","coordinates":[[-72.981742,4.48197],[-72.980441,4.482799]]}},{"type":"Feature","properties":{"linea":"7-7-215","parcela":"7-7","palmas":20},"geometry":{"type":"LineString","coordinates":[[-72.981814,4.482008],[-72.980513,4.482837]]}},{"type":"Feature","properties":{"linea":"7-7-216","parcela":"7-7","palmas":20},"geometry":{"type":"LineString","coordinates":[[-72.981886,4.482046],[-72.980585,4.482874]]}},{"type":"Feature","properties":{"linea":"7-7-217","parcela":"7-7","palmas":20},"geometry":{"type":"LineString","coordinates":[[-72.981958,4.482083],[-72.980657,4.482912]]}},{"type":"Feature","properties":{"linea":"7-7-218","parcela":"7-7","palmas":20},"geometry":{"type":"LineString","coordinates":[[-72.982029,4.482121],[-72.980729,4.48295]]}},{"type":"Feature","properties":{"linea":"7-7-219","parcela":"7-7","palmas":20},"geometry":{"type":"LineString","coordinates":[[-72.982101,4.482159],[-72.980801,4.482987]]}},{"type":"Feature","properties":{"linea":"7-7-220","parcela":"7-7","palmas":20},"geometry":{"type":"LineString","coordinates":[[-72.982173,4.482196],[-72.980873,4.483025]]}},{"type":"Feature","properties":{"linea":"7-7-221","parcela":"7-7","palmas":20},"geometry":{"type":"LineString","coordinates":[[-72.982245,4.482234],[-72.980944,4.483063]]}},{"type":"Feature","properties":{"linea":"7-7-222","parcela":"7-7","palmas":20},"geometry":{"type":"LineString","coordinates":[[-72.982317,4.482272],[-72.981016,4.4831]]}},{"type":"Feature","properties":{"linea":"7-7-223","parcela":"7-7","palmas":20},"geometry":{"type":"LineString","coordinates":[[-72.982389,4.482309],[-72.981088,4.483138]]}},{"type":"Feature","properties":{"linea":"7-7-224","parcela":"7-7","palmas":20},"geometry":{"type":"LineString","coordinates":[[-72.982461,4.482347],[-72.98116,4.483176]]}},{"type":"Feature","properties":{"linea":"7-7-225","parcela":"7-7","palmas":20},"geometry":{"type":"LineString","coordinates":[[-72.982532,4.482385],[-72.981232,4.483213]]}},{"type":"Feature","properties":{"linea":"7-7-226","parcela":"7-7","palmas":20},"geometry":{"type":"LineString","coordinates":[[-72.982604,4.482422],[-72.981304,4.483251]]}},{"type":"Feature","properties":{"linea":"7-7-227","parcela":"7-7","palmas":20},"geometry":{"type":"LineString","coordinates":[[-72.982676,4.48246],[-72.981376,4.483289]]}},{"type":"Feature","properties":{"linea":"7-7-228","parcela":"7-7","palmas":20},"geometry":{"type":"LineString","coordinates":[[-72.982748,4.482498],[-72.981448,4.483326]]}},{"type":"Feature","properties":{"linea":"7-7-229","parcela":"7-7","palmas":20},"geometry":{"type":"LineString","coordinates":[[-72.98282,4.482535],[-72.981519,4.483364]]}},{"type":"Feature","properties":{"linea":"7-7-230","parcela":"7-7","palmas":20},"geometry":{"type":"LineString","coordinates":[[-72.982892,4.482573],[-72.981591,4.483402]]}},{"type":"Feature","properties":{"linea":"7-7-231","parcela":"7-7","palmas":19},"geometry":{"type":"LineString","coordinates":[[-72.982895,4.482654],[-72.981663,4.483439]]}},{"type":"Feature","properties":{"linea":"7-7-232","parcela":"7-7","palmas":18},"geometry":{"type":"LineString","coordinates":[[-72.982898,4.482736],[-72.981735,4.483477]]}},{"type":"Feature","properties":{"linea":"7-7-233","parcela":"7-7","palmas":18},"geometry":{"type":"LineString","coordinates":[[-72.98297,4.482773],[-72.981807,4.483515]]}},{"type":"Feature","properties":{"linea":"7-7-234","parcela":"7-7","palmas":17},"geometry":{"type":"LineString","coordinates":[[-72.982974,4.482855],[-72.981879,4.483553]]}},{"type":"Feature","properties":{"linea":"7-7-235","parcela":"7-7","palmas":17},"geometry":{"type":"LineString","coordinates":[[-72.983046,4.482892],[-72.981951,4.48359]]}},{"type":"Feature","properties":{"linea":"7-7-236","parcela":"7-7","palmas":16},"geometry":{"type":"LineString","coordinates":[[-72.983049,4.482974],[-72.982022,4.483628]]}},{"type":"Feature","properties":{"linea":"7-7-237","parcela":"7-7","palmas":16},"geometry":{"type":"LineString","coordinates":[[-72.983121,4.483011],[-72.982094,4.483666]]}},{"type":"Feature","properties":{"linea":"7-7-238","parcela":"7-7","palmas":15},"geometry":{"type":"LineString","coordinates":[[-72.983124,4.483092],[-72.982166,4.483703]]}},{"type":"Feature","properties":{"linea":"7-7-239","parcela":"7-7","palmas":15},"geometry":{"type":"LineString","coordinates":[[-72.983196,4.48313],[-72.982238,4.483741]]}},{"type":"Feature","properties":{"linea":"7-7-240","parcela":"7-7","palmas":14},"geometry":{"type":"LineString","coordinates":[[-72.983199,4.483212],[-72.98231,4.483779]]}},{"type":"Feature","properties":{"linea":"7-7-241","parcela":"7-7","palmas":13},"geometry":{"type":"LineString","coordinates":[[-72.983203,4.483293],[-72.982382,4.483816]]}},{"type":"Feature","properties":{"linea":"7-7-242","parcela":"7-7","palmas":13},"geometry":{"type":"LineString","coordinates":[[-72.983275,4.483331],[-72.982453,4.483854]]}},{"type":"Feature","properties":{"linea":"7-7-243","parcela":"7-7","palmas":12},"geometry":{"type":"LineString","coordinates":[[-72.983278,4.483412],[-72.982525,4.483892]]}},{"type":"Feature","properties":{"linea":"7-7-244","parcela":"7-7","palmas":12},"geometry":{"type":"LineString","coordinates":[[-72.98335,4.483449],[-72.982597,4.483929]]}},{"type":"Feature","properties":{"linea":"7-7-245","parcela":"7-7","palmas":12},"geometry":{"type":"LineString","coordinates":[[-72.983422,4.483487],[-72.982669,4.483967]]}},{"type":"Feature","properties":{"linea":"7-7-246","parcela":"7-7","palmas":12},"geometry":{"type":"LineString","coordinates":[[-72.983494,4.483525],[-72.982741,4.484005]]}},{"type":"Feature","properties":{"linea":"7-7-247","parcela":"7-7","palmas":12},"geometry":{"type":"LineString","coordinates":[[-72.983566,4.483562],[-72.982813,4.484043]]}},{"type":"Feature","properties":{"linea":"7-7-248","parcela":"7-7","palmas":12},"geometry":{"type":"LineString","coordinates":[[-72.983638,4.4836],[-72.982885,4.48408]]}},{"type":"Feature","properties":{"linea":"7-7-249","parcela":"7-7","palmas":12},"geometry":{"type":"LineString","coordinates":[[-72.983709,4.483638],[-72.982956,4.484118]]}},{"type":"Feature","properties":{"linea":"7-7-250","parcela":"7-7","palmas":12},"geometry":{"type":"LineString","coordinates":[[-72.983781,4.483676],[-72.983028,4.484156]]}},{"type":"Feature","properties":{"linea":"7-7-251","parcela":"7-7","palmas":12},"geometry":{"type":"LineString","coordinates":[[-72.983853,4.483713],[-72.9831,4.484193]]}},{"type":"Feature","properties":{"linea":"7-7-252","parcela":"7-7","palmas":12},"geometry":{"type":"LineString","coordinates":[[-72.983925,4.483751],[-72.983172,4.484231]]}},{"type":"Feature","properties":{"linea":"7-7-253","parcela":"7-7","palmas":12},"geometry":{"type":"LineString","coordinates":[[-72.983997,4.483789],[-72.983244,4.484269]]}},{"type":"Feature","properties":{"linea":"7-7-254","parcela":"7-7","palmas":12},"geometry":{"type":"LineString","coordinates":[[-72.984069,4.483826],[-72.983316,4.484306]]}},{"type":"Feature","properties":{"linea":"7-7-255","parcela":"7-7","palmas":11},"geometry":{"type":"LineString","coordinates":[[-72.984072,4.483908],[-72.983388,4.484344]]}},{"type":"Feature","properties":{"linea":"7-7-256","parcela":"7-7","palmas":10},"geometry":{"type":"LineString","coordinates":[[-72.984076,4.483989],[-72.983459,4.484382]]}},{"type":"Feature","properties":{"linea":"7-7-257","parcela":"7-7","palmas":9},"geometry":{"type":"LineString","coordinates":[[-72.984079,4.48407],[-72.983531,4.484419]]}},{"type":"Feature","properties":{"linea":"7-7-258","parcela":"7-7","palmas":8},"geometry":{"type":"LineString","coordinates":[[-72.984082,4.484152],[-72.983603,4.484457]]}},{"type":"Feature","properties":{"linea":"7-7-259","parcela":"7-7","palmas":7},"geometry":{"type":"LineString","coordinates":[[-72.984086,4.484233],[-72.983675,4.484495]]}},{"type":"Feature","properties":{"linea":"7-7-260","parcela":"7-7","palmas":6},"geometry":{"type":"LineString","coordinates":[[-72.984089,4.484314],[-72.983747,4.484532]]}},{"type":"Feature","properties":{"linea":"7-7-261","parcela":"7-7","palmas":5},"geometry":{"type":"LineString","coordinates":[[-72.984093,4.484396],[-72.983819,4.48457]]}},{"type":"Feature","properties":{"linea":"7-7-262","parcela":"7-7","palmas":4},"geometry":{"type":"LineString","coordinates":[[-72.984096,4.484477],[-72.983891,4.484608]]}},{"type":"Feature","properties":{"linea":"7-7-263","parcela":"7-7","palmas":3},"geometry":{"type":"LineString","coordinates":[[-72.984099,4.484558],[-72.983963,4.484645]]}},{"type":"Feature","properties":{"linea":"7-7-264","parcela":"7-7","palmas":2},"geometry":{"type":"LineString","coordinates":[[-72.984103,4.484639],[-72.984034,4.484683]]}},{"type":"Feature","properties":{"linea":"7-7-266","parcela":"7-7","palmas":20},"geometry":{"type":"LineString","coordinates":[[-72.984117,4.484964],[-72.982751,4.484249]]}},{"type":"Feature","properties":{"linea":"7-7-267","parcela":"7-7","palmas":20},"geometry":{"type":"LineString","coordinates":[[-72.98412,4.485046],[-72.982754,4.48433]]}},{"type":"Feature","properties":{"linea":"7-7-268","parcela":"7-7","palmas":20},"geometry":{"type":"LineString","coordinates":[[-72.984123,4.485127],[-72.982758,4.484411]]}},{"type":"Feature","properties":{"linea":"7-7-269","parcela":"7-7","palmas":20},"geometry":{"type":"LineString","coordinates":[[-72.984127,4.485209],[-72.982761,4.484492]]}},{"type":"Feature","properties":{"linea":"7-7-270","parcela":"7-7","palmas":20},"geometry":{"type":"LineString","coordinates":[[-72.98413,4.48529],[-72.982765,4.484574]]}},{"type":"Feature","properties":{"linea":"7-7-271","parcela":"7-7","palmas":20},"geometry":{"type":"LineString","coordinates":[[-72.984134,4.485371],[-72.982768,4.484655]]}},{"type":"Feature","properties":{"linea":"7-7-272","parcela":"7-7","palmas":20},"geometry":{"type":"LineString","coordinates":[[-72.984137,4.485453],[-72.982772,4.484736]]}},{"type":"Feature","properties":{"linea":"7-7-273","parcela":"7-7","palmas":20},"geometry":{"type":"LineString","coordinates":[[-72.984141,4.485534],[-72.982775,4.484818]]}},{"type":"Feature","properties":{"linea":"7-7-274","parcela":"7-7","palmas":20},"geometry":{"type":"LineString","coordinates":[[-72.984144,4.485615],[-72.982779,4.484899]]}},{"type":"Feature","properties":{"linea":"7-7-275","parcela":"7-7","palmas":20},"geometry":{"type":"LineString","coordinates":[[-72.984147,4.485696],[-72.982782,4.48498]]}},{"type":"Feature","properties":{"linea":"7-7-276","parcela":"7-7","palmas":19},"geometry":{"type":"LineString","coordinates":[[-72.984079,4.48574],[-72.982785,4.485062]]}},{"type":"Feature","properties":{"linea":"7-7-277","parcela":"7-7","palmas":19},"geometry":{"type":"LineString","coordinates":[[-72.984082,4.485821],[-72.982789,4.485143]]}},{"type":"Feature","properties":{"linea":"7-7-278","parcela":"7-7","palmas":19},"geometry":{"type":"LineString","coordinates":[[-72.984086,4.485902],[-72.982792,4.485224]]}},{"type":"Feature","properties":{"linea":"7-7-279","parcela":"7-7","palmas":18},"geometry":{"type":"LineString","coordinates":[[-72.984017,4.485946],[-72.982796,4.485306]]}},{"type":"Feature","properties":{"linea":"7-7-280","parcela":"7-7","palmas":18},"geometry":{"type":"LineString","coordinates":[[-72.984021,4.486028],[-72.982799,4.485387]]}},{"type":"Feature","properties":{"linea":"7-7-281","parcela":"7-7","palmas":17},"geometry":{"type":"LineString","coordinates":[[-72.983952,4.486071],[-72.982803,4.485468]]}},{"type":"Feature","properties":{"linea":"7-7-282","parcela":"7-7","palmas":17},"geometry":{"type":"LineString","coordinates":[[-72.983956,4.486152],[-72.982806,4.485549]]}},{"type":"Feature","properties":{"linea":"7-7-283","parcela":"7-7","palmas":16},"geometry":{"type":"LineString","coordinates":[[-72.983887,4.486196],[-72.982809,4.485631]]}},{"type":"Feature","properties":{"linea":"7-7-284","parcela":"7-7","palmas":16},"geometry":{"type":"LineString","coordinates":[[-72.983891,4.486277],[-72.982813,4.485712]]}},{"type":"Feature","properties":{"linea":"7-7-285","parcela":"7-7","palmas":15},"geometry":{"type":"LineString","coordinates":[[-72.983822,4.486321],[-72.982816,4.485793]]}},{"type":"Feature","properties":{"linea":"7-7-286","parcela":"7-7","palmas":15},"geometry":{"type":"LineString","coordinates":[[-72.983826,4.486402],[-72.982819,4.485875]]}},{"type":"Feature","properties":{"linea":"7-7-287","parcela":"7-7","palmas":14},"geometry":{"type":"LineString","coordinates":[[-72.983757,4.486446],[-72.982823,4.485956]]}},{"type":"Feature","properties":{"linea":"7-7-288","parcela":"7-7","palmas":14},"geometry":{"type":"LineString","coordinates":[[-72.983761,4.486527],[-72.982826,4.486037]]}},{"type":"Feature","properties":{"linea":"7-7-289","parcela":"7-7","palmas":14},"geometry":{"type":"LineString","coordinates":[[-72.983764,4.486608],[-72.98283,4.486119]]}},{"type":"Feature","properties":{"linea":"7-7-290","parcela":"7-7","palmas":13},"geometry":{"type":"LineString","coordinates":[[-72.983696,4.486652],[-72.982833,4.4862]]}},{"type":"Feature","properties":{"linea":"7-7-291","parcela":"7-7","palmas":13},"geometry":{"type":"LineString","coordinates":[[-72.983699,4.486733],[-72.982837,4.486281]]}},{"type":"Feature","properties":{"linea":"7-7-292","parcela":"7-7","palmas":12},"geometry":{"type":"LineString","coordinates":[[-72.983631,4.486777],[-72.98284,4.486363]]}},{"type":"Feature","properties":{"linea":"7-7-293","parcela":"7-7","palmas":12},"geometry":{"type":"LineString","coordinates":[[-72.983634,4.486858],[-72.982843,4.486444]]}},{"type":"Feature","properties":{"linea":"7-7-294","parcela":"7-7","palmas":11},"geometry":{"type":"LineString","coordinates":[[-72.983566,4.486902],[-72.982847,4.486525]]}},{"type":"Feature","properties":{"linea":"7-7-295","parcela":"7-7","palmas":11},"geometry":{"type":"LineString","coordinates":[[-72.983569,4.486983],[-72.98285,4.486606]]}},{"type":"Feature","properties":{"linea":"7-7-296","parcela":"7-7","palmas":11},"geometry":{"type":"LineString","coordinates":[[-72.983572,4.487064],[-72.982854,4.486688]]}},{"type":"Feature","properties":{"linea":"7-7-297","parcela":"7-7","palmas":10},"geometry":{"type":"LineString","coordinates":[[-72.983504,4.487108],[-72.982857,4.486769]]}},{"type":"Feature","properties":{"linea":"7-7-298","parcela":"7-7","palmas":10},"geometry":{"type":"LineString","coordinates":[[-72.983507,4.487189],[-72.982861,4.48685]]}},{"type":"Feature","properties":{"linea":"7-7-299","parcela":"7-7","palmas":9},"geometry":{"type":"LineString","coordinates":[[-72.983439,4.487233],[-72.982864,4.486932]]}},{"type":"Feature","properties":{"linea":"7-7-300","parcela":"7-7","palmas":8},"geometry":{"type":"LineString","coordinates":[[-72.98337,4.487277],[-72.982867,4.487013]]}},{"type":"Feature","properties":{"linea":"7-7-301","parcela":"7-7","palmas":7},"geometry":{"type":"LineString","coordinates":[[-72.983302,4.48732],[-72.982871,4.487094]]}},{"type":"Feature","properties":{"linea":"7-7-302","parcela":"7-7","palmas":6},"geometry":{"type":"LineString","coordinates":[[-72.983233,4.487364],[-72.982874,4.487176]]}},{"type":"Feature","properties":{"linea":"7-7-303","parcela":"7-7","palmas":5},"geometry":{"type":"LineString","coordinates":[[-72.983165,4.487407],[-72.982878,4.487257]]}},{"type":"Feature","properties":{"linea":"7-7-304","parcela":"7-7","palmas":4},"geometry":{"type":"LineString","coordinates":[[-72.983097,4.487451],[-72.982881,4.487338]]}},{"type":"Feature","properties":{"linea":"7-7-305","parcela":"7-7","palmas":2},"geometry":{"type":"LineString","coordinates":[[-72.982956,4.487457],[-72.982884,4.487419]]}},{"type":"Feature","properties":{"linea":"7-7-306","parcela":"7-7","palmas":2},"geometry":{"type":"LineString","coordinates":[[-72.982676,4.487469],[-72.982744,4.487425]]}},{"type":"Feature","properties":{"linea":"7-7-307","parcela":"7-7","palmas":4},"geometry":{"type":"LineString","coordinates":[[-72.982535,4.487475],[-72.982741,4.487344]]}},{"type":"Feature","properties":{"linea":"7-7-308","parcela":"7-7","palmas":6},"geometry":{"type":"LineString","coordinates":[[-72.982395,4.487481],[-72.982737,4.487263]]}},{"type":"Feature","properties":{"linea":"7-7-309","parcela":"7-7","palmas":9},"geometry":{"type":"LineString","coordinates":[[-72.982186,4.48753],[-72.982734,4.487181]]}},{"type":"Feature","properties":{"linea":"7-7-310","parcela":"7-7","palmas":11},"geometry":{"type":"LineString","coordinates":[[-72.982046,4.487536],[-72.98273,4.4871]]}},{"type":"Feature","properties":{"linea":"7-7-311","parcela":"7-7","palmas":13},"geometry":{"type":"LineString","coordinates":[[-72.981906,4.487542],[-72.982727,4.487019]]}},{"type":"Feature","properties":{"linea":"7-7-312","parcela":"7-7","palmas":14},"geometry":{"type":"LineString","coordinates":[[-72.981834,4.487504],[-72.982724,4.486937]]}},{"type":"Feature","properties":{"linea":"7-7-313","parcela":"7-7","palmas":14},"geometry":{"type":"LineString","coordinates":[[-72.98183,4.487423],[-72.98272,4.486856]]}},{"type":"Feature","properties":{"linea":"7-7-314","parcela":"7-7","palmas":14},"geometry":{"type":"LineString","coordinates":[[-72.981827,4.487342],[-72.982717,4.486775]]}},{"type":"Feature","properties":{"linea":"7-7-315","parcela":"7-7","palmas":14},"geometry":{"type":"LineString","coordinates":[[-72.981824,4.487261],[-72.982713,4.486694]]}},{"type":"Feature","properties":{"linea":"7-7-316","parcela":"7-7","palmas":14},"geometry":{"type":"LineString","coordinates":[[-72.98182,4.487179],[-72.98271,4.486612]]}},{"type":"Feature","properties":{"linea":"7-7-317","parcela":"7-7","palmas":14},"geometry":{"type":"LineString","coordinates":[[-72.981817,4.487098],[-72.982706,4.486531]]}},{"type":"Feature","properties":{"linea":"7-7-318","parcela":"7-7","palmas":14},"geometry":{"type":"LineString","coordinates":[[-72.981813,4.487017],[-72.982703,4.48645]]}},{"type":"Feature","properties":{"linea":"7-7-319","parcela":"7-7","palmas":14},"geometry":{"type":"LineString","coordinates":[[-72.98181,4.486936],[-72.9827,4.486368]]}},{"type":"Feature","properties":{"linea":"7-7-320","parcela":"7-7","palmas":15},"geometry":{"type":"LineString","coordinates":[[-72.981738,4.486898],[-72.982696,4.486287]]}},{"type":"Feature","properties":{"linea":"7-7-321","parcela":"7-7","palmas":15},"geometry":{"type":"LineString","coordinates":[[-72.981734,4.486816],[-72.982693,4.486206]]}},{"type":"Feature","properties":{"linea":"7-7-322","parcela":"7-7","palmas":15},"geometry":{"type":"LineString","coordinates":[[-72.981731,4.486735],[-72.982689,4.486124]]}},{"type":"Feature","properties":{"linea":"7-7-323","parcela":"7-7","palmas":16},"geometry":{"type":"LineString","coordinates":[[-72.981659,4.486698],[-72.982686,4.486043]]}},{"type":"Feature","properties":{"linea":"7-7-324","parcela":"7-7","palmas":16},"geometry":{"type":"LineString","coordinates":[[-72.981656,4.486616],[-72.982682,4.485962]]}},{"type":"Feature","properties":{"linea":"7-7-325","parcela":"7-7","palmas":16},"geometry":{"type":"LineString","coordinates":[[-72.981652,4.486535],[-72.982679,4.485881]]}},{"type":"Feature","properties":{"linea":"7-7-326","parcela":"7-7","palmas":16},"geometry":{"type":"LineString","coordinates":[[-72.981649,4.486454],[-72.982676,4.485799]]}},{"type":"Feature","properties":{"linea":"7-7-327","parcela":"7-7","palmas":17},"geometry":{"type":"LineString","coordinates":[[-72.981577,4.486416],[-72.982672,4.485718]]}},{"type":"Feature","properties":{"linea":"7-7-328","parcela":"7-7","palmas":17},"geometry":{"type":"LineString","coordinates":[[-72.981574,4.486335],[-72.982669,4.485637]]}},{"type":"Feature","properties":{"linea":"7-7-329","parcela":"7-7","palmas":17},"geometry":{"type":"LineString","coordinates":[[-72.98157,4.486253],[-72.982666,4.485555]]}},{"type":"Feature","properties":{"linea":"7-7-330","parcela":"7-7","palmas":17},"geometry":{"type":"LineString","coordinates":[[-72.981567,4.486172],[-72.982662,4.485474]]}},{"type":"Feature","properties":{"linea":"7-7-331","parcela":"7-7","palmas":18},"geometry":{"type":"LineString","coordinates":[[-72.981495,4.486134],[-72.982659,4.485393]]}},{"type":"Feature","properties":{"linea":"7-7-332","parcela":"7-7","palmas":18},"geometry":{"type":"LineString","coordinates":[[-72.981492,4.486053],[-72.982655,4.485311]]}},{"type":"Feature","properties":{"linea":"7-7-333","parcela":"7-7","palmas":18},"geometry":{"type":"LineString","coordinates":[[-72.981488,4.485972],[-72.982652,4.48523]]}},{"type":"Feature","properties":{"linea":"7-7-334","parcela":"7-7","palmas":19},"geometry":{"type":"LineString","coordinates":[[-72.981416,4.485934],[-72.982648,4.485149]]}},{"type":"Feature","properties":{"linea":"7-7-335","parcela":"7-7","palmas":19},"geometry":{"type":"LineString","coordinates":[[-72.981413,4.485853],[-72.982645,4.485068]]}},{"type":"Feature","properties":{"linea":"7-7-336","parcela":"7-7","palmas":19},"geometry":{"type":"LineString","coordinates":[[-72.981409,4.485771],[-72.982642,4.484986]]}},{"type":"Feature","properties":{"linea":"7-7-337","parcela":"7-7","palmas":19},"geometry":{"type":"LineString","coordinates":[[-72.981406,4.48569],[-72.982638,4.484905]]}},{"type":"Feature","properties":{"linea":"7-7-338","parcela":"7-7","palmas":19},"geometry":{"type":"LineString","coordinates":[[-72.981403,4.485609],[-72.982635,4.484824]]}},{"type":"Feature","properties":{"linea":"7-7-339","parcela":"7-7","palmas":20},"geometry":{"type":"LineString","coordinates":[[-72.981331,4.485571],[-72.982631,4.484743]]}},{"type":"Feature","properties":{"linea":"7-7-340","parcela":"7-7","palmas":20},"geometry":{"type":"LineString","coordinates":[[-72.981328,4.48549],[-72.982628,4.484661]]}},{"type":"Feature","properties":{"linea":"7-7-341","parcela":"7-7","palmas":21},"geometry":{"type":"LineString","coordinates":[[-72.981256,4.485452],[-72.982624,4.48458]]}},{"type":"Feature","properties":{"linea":"7-7-342","parcela":"7-7","palmas":21},"geometry":{"type":"LineString","coordinates":[[-72.981252,4.485371],[-72.982621,4.484498]]}},{"type":"Feature","properties":{"linea":"7-7-343","parcela":"7-7","palmas":21},"geometry":{"type":"LineString","coordinates":[[-72.981249,4.485289],[-72.982618,4.484417]]}},{"type":"Feature","properties":{"linea":"7-7-344","parcela":"7-7","palmas":21},"geometry":{"type":"LineString","coordinates":[[-72.981245,4.485208],[-72.982614,4.484336]]}},{"type":"Feature","properties":{"linea":"7-7-345","parcela":"7-7","palmas":22},"geometry":{"type":"LineString","coordinates":[[-72.981173,4.485171],[-72.982611,4.484254]]}},{"type":"Feature","properties":{"linea":"7-7-346","parcela":"7-7","palmas":22},"geometry":{"type":"LineString","coordinates":[[-72.98117,4.485089],[-72.982608,4.484173]]}},{"type":"Feature","properties":{"linea":"7-7-347","parcela":"7-7","palmas":21},"geometry":{"type":"LineString","coordinates":[[-72.981167,4.485008],[-72.982536,4.484136]]}},{"type":"Feature","properties":{"linea":"7-7-348","parcela":"7-7","palmas":20},"geometry":{"type":"LineString","coordinates":[[-72.981163,4.484927],[-72.982464,4.484098]]}},{"type":"Feature","properties":{"linea":"7-7-349","parcela":"7-7","palmas":20},"geometry":{"type":"LineString","coordinates":[[-72.981091,4.484889],[-72.982392,4.48406]]}},{"type":"Feature","properties":{"linea":"7-7-350","parcela":"7-7","palmas":19},"geometry":{"type":"LineString","coordinates":[[-72.981088,4.484808],[-72.98232,4.484023]]}},{"type":"Feature","properties":{"linea":"7-7-351","parcela":"7-7","palmas":18},"geometry":{"type":"LineString","coordinates":[[-72.981084,4.484726],[-72.982248,4.483985]]}},{"type":"Feature","properties":{"linea":"7-7-352","parcela":"7-7","palmas":17},"geometry":{"type":"LineString","coordinates":[[-72.981081,4.484645],[-72.982176,4.483947]]}},{"type":"Feature","properties":{"linea":"7-7-353","parcela":"7-7","palmas":17},"geometry":{"type":"LineString","coordinates":[[-72.981009,4.484608],[-72.982104,4.483909]]}},{"type":"Feature","properties":{"linea":"7-7-354","parcela":"7-7","palmas":16},"geometry":{"type":"LineString","coordinates":[[-72.981006,4.484526],[-72.982033,4.483872]]}},{"type":"Feature","properties":{"linea":"7-7-355","parcela":"7-7","palmas":15},"geometry":{"type":"LineString","coordinates":[[-72.981003,4.484445],[-72.981961,4.483834]]}},{"type":"Feature","properties":{"linea":"7-7-356","parcela":"7-7","palmas":15},"geometry":{"type":"LineString","coordinates":[[-72.980931,4.484407],[-72.981889,4.483796]]}},{"type":"Feature","properties":{"linea":"7-7-357","parcela":"7-7","palmas":14},"geometry":{"type":"LineString","coordinates":[[-72.980927,4.484326],[-72.981817,4.483759]]}},{"type":"Feature","properties":{"linea":"7-7-358","parcela":"7-7","palmas":13},"geometry":{"type":"LineString","coordinates":[[-72.980924,4.484244],[-72.981745,4.483721]]}},{"type":"Feature","properties":{"linea":"7-7-359","parcela":"7-7","palmas":13},"geometry":{"type":"LineString","coordinates":[[-72.980852,4.484207],[-72.981673,4.483683]]}},{"type":"Feature","properties":{"linea":"7-7-360","parcela":"7-7","palmas":12},"geometry":{"type":"LineString","coordinates":[[-72.980848,4.484126],[-72.981601,4.483646]]}},{"type":"Feature","properties":{"linea":"7-7-361","parcela":"7-7","palmas":12},"geometry":{"type":"LineString","coordinates":[[-72.980777,4.484088],[-72.981529,4.483608]]}},{"type":"Feature","properties":{"linea":"7-7-362","parcela":"7-7","palmas":12},"geometry":{"type":"LineString","coordinates":[[-72.980704,4.484052],[-72.981458,4.48357]]}},{"type":"Feature","properties":{"linea":"7-7-363","parcela":"7-7","palmas":11},"geometry":{"type":"LineString","coordinates":[[-72.980701,4.483969],[-72.981386,4.483533]]}},{"type":"Feature","properties":{"linea":"7-7-364","parcela":"7-7","palmas":11},"geometry":{"type":"LineString","coordinates":[[-72.980629,4.483931],[-72.981314,4.483495]]}},{"type":"Feature","properties":{"linea":"7-7-365","parcela":"7-7","palmas":10},"geometry":{"type":"LineString","coordinates":[[-72.980626,4.48385],[-72.981242,4.483457]]}},{"type":"Feature","properties":{"linea":"7-7-366","parcela":"7-7","palmas":10},"geometry":{"type":"LineString","coordinates":[[-72.980554,4.483812],[-72.98117,4.48342]]}},{"type":"Feature","properties":{"linea":"7-7-367","parcela":"7-7","palmas":9},"geometry":{"type":"LineString","coordinates":[[-72.980551,4.483731],[-72.981098,4.483382]]}},{"type":"Feature","properties":{"linea":"7-7-368","parcela":"7-7","palmas":9},"geometry":{"type":"LineString","coordinates":[[-72.980479,4.483693],[-72.981026,4.483344]]}},{"type":"Feature","properties":{"linea":"7-7-369","parcela":"7-7","palmas":8},"geometry":{"type":"LineString","coordinates":[[-72.980476,4.483612],[-72.980955,4.483307]]}},{"type":"Feature","properties":{"linea":"7-7-370","parcela":"7-7","palmas":9},"geometry":{"type":"LineString","coordinates":[[-72.980335,4.483618],[-72.980883,4.483269]]}},{"type":"Feature","properties":{"linea":"7-7-371","parcela":"7-7","palmas":7},"geometry":{"type":"LineString","coordinates":[[-72.9804,4.483493],[-72.980811,4.483231]]}},{"type":"Feature","properties":{"linea":"7-7-372","parcela":"7-7","palmas":8},"geometry":{"type":"LineString","coordinates":[[-72.98026,4.483499],[-72.980739,4.483194]]}},{"type":"Feature","properties":{"linea":"7-7-373","parcela":"7-7","palmas":6},"geometry":{"type":"LineString","coordinates":[[-72.980325,4.483374],[-72.980667,4.483156]]}},{"type":"Feature","properties":{"linea":"7-7-374","parcela":"7-7","palmas":7},"geometry":{"type":"LineString","coordinates":[[-72.980185,4.48338],[-72.980595,4.483118]]}},{"type":"Feature","properties":{"linea":"7-7-375","parcela":"7-7","palmas":5},"geometry":{"type":"LineString","coordinates":[[-72.98025,4.483255],[-72.980523,4.483081]]}},{"type":"Feature","properties":{"linea":"7-7-376","parcela":"7-7","palmas":3},"geometry":{"type":"LineString","coordinates":[[-72.980315,4.48313],[-72.980452,4.483043]]}},{"type":"Feature","properties":{"linea":"7-7-377","parcela":"7-7","palmas":2},"geometry":{"type":"LineString","coordinates":[[-72.980311,4.483049],[-72.98038,4.483005]]}},{"type":"Feature","properties":{"linea":"7-8-1","parcela":"7-8","palmas":2},"geometry":{"type":"LineString","coordinates":[[-72.980056,4.48371],[-72.979984,4.483672]]}},{"type":"Feature","properties":{"linea":"7-8-2","parcela":"7-8","palmas":6},"geometry":{"type":"LineString","coordinates":[[-72.980275,4.483904],[-72.979916,4.483716]]}},{"type":"Feature","properties":{"linea":"7-8-3","parcela":"7-8","palmas":9},"geometry":{"type":"LineString","coordinates":[[-72.980494,4.484099],[-72.979919,4.483797]]}},{"type":"Feature","properties":{"linea":"7-8-4","parcela":"7-8","palmas":11},"geometry":{"type":"LineString","coordinates":[[-72.980569,4.484217],[-72.979851,4.483841]]}},{"type":"Feature","properties":{"linea":"7-8-5","parcela":"7-8","palmas":12},"geometry":{"type":"LineString","coordinates":[[-72.980644,4.484337],[-72.979854,4.483922]]}},{"type":"Feature","properties":{"linea":"7-8-6","parcela":"7-8","palmas":13},"geometry":{"type":"LineString","coordinates":[[-72.980648,4.484418],[-72.979786,4.483966]]}},{"type":"Feature","properties":{"linea":"7-8-7","parcela":"7-8","palmas":15},"geometry":{"type":"LineString","coordinates":[[-72.980723,4.484537],[-72.979717,4.484009]]}},{"type":"Feature","properties":{"linea":"7-8-8","parcela":"7-8","palmas":15},"geometry":{"type":"LineString","coordinates":[[-72.980726,4.484618],[-72.97972,4.484091]]}},{"type":"Feature","properties":{"linea":"7-8-9","parcela":"7-8","palmas":17},"geometry":{"type":"LineString","coordinates":[[-72.980802,4.484737],[-72.979652,4.484134]]}},{"type":"Feature","properties":{"linea":"7-8-10","parcela":"7-8","palmas":18},"geometry":{"type":"LineString","coordinates":[[-72.980805,4.484819],[-72.979584,4.484178]]}},{"type":"Feature","properties":{"linea":"7-8-11","parcela":"7-8","palmas":18},"geometry":{"type":"LineString","coordinates":[[-72.980809,4.4849],[-72.979587,4.484259]]}},{"type":"Feature","properties":{"linea":"7-8-12","parcela":"7-8","palmas":19},"geometry":{"type":"LineString","coordinates":[[-72.980884,4.485019],[-72.97959,4.484341]]}},{"type":"Feature","properties":{"linea":"7-8-13","parcela":"7-8","palmas":21},"geometry":{"type":"LineString","coordinates":[[-72.980959,4.485138],[-72.979522,4.484384]]}},{"type":"Feature","properties":{"linea":"7-8-14","parcela":"7-8","palmas":22},"geometry":{"type":"LineString","coordinates":[[-72.980963,4.485219],[-72.979453,4.484428]]}},{"type":"Feature","properties":{"linea":"7-8-15","parcela":"7-8","palmas":24},"geometry":{"type":"LineString","coordinates":[[-72.981038,4.485338],[-72.979385,4.484471]]}},{"type":"Feature","properties":{"linea":"7-8-16","parcela":"7-8","palmas":25},"geometry":{"type":"LineString","coordinates":[[-72.981041,4.485419],[-72.979317,4.484515]]}},{"type":"Feature","properties":{"linea":"7-8-17","parcela":"7-8","palmas":26},"geometry":{"type":"LineString","coordinates":[[-72.981045,4.485501],[-72.979248,4.484559]]}},{"type":"Feature","properties":{"linea":"7-8-18","parcela":"7-8","palmas":27},"geometry":{"type":"LineString","coordinates":[[-72.981048,4.485582],[-72.97918,4.484602]]}},{"type":"Feature","properties":{"linea":"7-8-19","parcela":"7-8","palmas":29},"geometry":{"type":"LineString","coordinates":[[-72.981123,4.485701],[-72.979111,4.484646]]}},{"type":"Feature","properties":{"linea":"7-8-20","parcela":"7-8","palmas":29},"geometry":{"type":"LineString","coordinates":[[-72.981127,4.485782],[-72.979115,4.484727]]}},{"type":"Feature","properties":{"linea":"7-8-21","parcela":"7-8","palmas":30},"geometry":{"type":"LineString","coordinates":[[-72.981202,4.485901],[-72.979118,4.484808]]}},{"type":"Feature","properties":{"linea":"7-8-22","parcela":"7-8","palmas":30},"geometry":{"type":"LineString","coordinates":[[-72.981206,4.485983],[-72.979121,4.48489]]}},{"type":"Feature","properties":{"linea":"7-8-23","parcela":"7-8","palmas":31},"geometry":{"type":"LineString","coordinates":[[-72.981209,4.486064],[-72.979053,4.484933]]}},{"type":"Feature","properties":{"linea":"7-8-24","parcela":"7-8","palmas":32},"geometry":{"type":"LineString","coordinates":[[-72.981284,4.486183],[-72.979056,4.485015]]}},{"type":"Feature","properties":{"linea":"7-8-25","parcela":"7-8","palmas":32},"geometry":{"type":"LineString","coordinates":[[-72.981288,4.486264],[-72.97906,4.485096]]}},{"type":"Feature","properties":{"linea":"7-8-26","parcela":"7-8","palmas":33},"geometry":{"type":"LineString","coordinates":[[-72.981363,4.486383],[-72.979063,4.485177]]}},{"type":"Feature","properties":{"linea":"7-8-27","parcela":"7-8","palmas":34},"geometry":{"type":"LineString","coordinates":[[-72.981366,4.486464],[-72.978995,4.485221]]}},{"type":"Feature","properties":{"linea":"7-8-28","parcela":"7-8","palmas":33},"geometry":{"type":"LineString","coordinates":[[-72.981298,4.486508],[-72.978998,4.485302]]}},{"type":"Feature","properties":{"linea":"7-8-29","parcela":"7-8","palmas":34},"geometry":{"type":"LineString","coordinates":[[-72.981373,4.486627],[-72.979002,4.485383]]}},{"type":"Feature","properties":{"linea":"7-8-30","parcela":"7-8","palmas":36},"geometry":{"type":"LineString","coordinates":[[-72.981448,4.486746],[-72.978933,4.485427]]}},{"type":"Feature","properties":{"linea":"7-8-31","parcela":"7-8","palmas":36},"geometry":{"type":"LineString","coordinates":[[-72.981452,4.486827],[-72.978937,4.485508]]}},{"type":"Feature","properties":{"linea":"7-8-32","parcela":"7-8","palmas":37},"geometry":{"type":"LineString","coordinates":[[-72.981527,4.486946],[-72.97894,4.48559]]}},{"type":"Feature","properties":{"linea":"7-8-33","parcela":"7-8","palmas":37},"geometry":{"type":"LineString","coordinates":[[-72.981531,4.487027],[-72.978943,4.485671]]}},{"type":"Feature","properties":{"linea":"7-8-34","parcela":"7-8","palmas":37},"geometry":{"type":"LineString","coordinates":[[-72.981534,4.487109],[-72.978947,4.485752]]}},{"type":"Feature","properties":{"linea":"7-8-35","parcela":"7-8","palmas":37},"geometry":{"type":"LineString","coordinates":[[-72.981537,4.48719],[-72.97895,4.485834]]}},{"type":"Feature","properties":{"linea":"7-8-36","parcela":"7-8","palmas":38},"geometry":{"type":"LineString","coordinates":[[-72.981541,4.487271],[-72.978882,4.485877]]}},{"type":"Feature","properties":{"linea":"7-8-37","parcela":"7-8","palmas":38},"geometry":{"type":"LineString","coordinates":[[-72.981544,4.487353],[-72.978885,4.485959]]}},{"type":"Feature","properties":{"linea":"7-8-38","parcela":"7-8","palmas":38},"geometry":{"type":"LineString","coordinates":[[-72.981548,4.487434],[-72.978889,4.48604]]}},{"type":"Feature","properties":{"linea":"7-8-39","parcela":"7-8","palmas":38},"geometry":{"type":"LineString","coordinates":[[-72.981551,4.487515],[-72.978892,4.486121]]}},{"type":"Feature","properties":{"linea":"7-8-40","parcela":"7-8","palmas":38},"geometry":{"type":"LineString","coordinates":[[-72.981554,4.487597],[-72.978896,4.486203]]}},{"type":"Feature","properties":{"linea":"7-8-41","parcela":"7-8","palmas":35},"geometry":{"type":"LineString","coordinates":[[-72.981486,4.48764],[-72.979043,4.486359]]}},{"type":"Feature","properties":{"linea":"7-8-42","parcela":"7-8","palmas":32},"geometry":{"type":"LineString","coordinates":[[-72.981346,4.487646],[-72.979118,4.486478]]}},{"type":"Feature","properties":{"linea":"7-8-43","parcela":"7-8","palmas":31},"geometry":{"type":"LineString","coordinates":[[-72.981277,4.48769],[-72.979121,4.486559]]}},{"type":"Feature","properties":{"linea":"7-8-44","parcela":"7-8","palmas":30},"geometry":{"type":"LineString","coordinates":[[-72.981209,4.487733],[-72.979125,4.486641]]}},{"type":"Feature","properties":{"linea":"7-8-45","parcela":"7-8","palmas":27},"geometry":{"type":"LineString","coordinates":[[-72.981068,4.487739],[-72.9792,4.48676]]}},{"type":"Feature","properties":{"linea":"7-8-46","parcela":"7-8","palmas":25},"geometry":{"type":"LineString","coordinates":[[-72.980928,4.487745],[-72.979203,4.486841]]}},{"type":"Feature","properties":{"linea":"7-8-47","parcela":"7-8","palmas":23},"geometry":{"type":"LineString","coordinates":[[-72.98086,4.487789],[-72.979279,4.48696]]}},{"type":"Feature","properties":{"linea":"7-8-48","parcela":"7-8","palmas":21},"geometry":{"type":"LineString","coordinates":[[-72.980719,4.487795],[-72.979282,4.487041]]}},{"type":"Feature","properties":{"linea":"7-8-49","parcela":"7-8","palmas":18},"geometry":{"type":"LineString","coordinates":[[-72.980579,4.487801],[-72.979358,4.48716]]}},{"type":"Feature","properties":{"linea":"7-8-50","parcela":"7-8","palmas":16},"geometry":{"type":"LineString","coordinates":[[-72.980439,4.487807],[-72.979361,4.487241]]}},{"type":"Feature","properties":{"linea":"7-8-51","parcela":"7-8","palmas":14},"geometry":{"type":"LineString","coordinates":[[-72.980298,4.487813],[-72.979364,4.487323]]}},{"type":"Feature","properties":{"linea":"7-8-52","parcela":"7-8","palmas":12},"geometry":{"type":"LineString","coordinates":[[-72.98023,4.487856],[-72.979439,4.487442]]}},{"type":"Feature","properties":{"linea":"7-8-53","parcela":"7-8","palmas":10},"geometry":{"type":"LineString","coordinates":[[-72.98009,4.487862],[-72.979443,4.487523]]}},{"type":"Feature","properties":{"linea":"7-8-54","parcela":"7-8","palmas":7},"geometry":{"type":"LineString","coordinates":[[-72.979949,4.487868],[-72.979518,4.487642]]}},{"type":"Feature","properties":{"linea":"7-8-55","parcela":"7-8","palmas":6},"geometry":{"type":"LineString","coordinates":[[-72.979881,4.487912],[-72.979522,4.487723]]}},{"type":"Feature","properties":{"linea":"7-8-56","parcela":"7-8","palmas":4},"geometry":{"type":"LineString","coordinates":[[-72.979741,4.487918],[-72.979525,4.487805]]}},{"type":"Feature","properties":{"linea":"7-8-57","parcela":"7-8","palmas":3},"geometry":{"type":"LineString","coordinates":[[-72.979672,4.487961],[-72.979528,4.487886]]}}]}