{"type":"FeatureCollection","features":[{"type":"Feature","properties":{"linea":"9-1-1","parcela":"9-1","palmas":15},"geometry":{"type":"LineString","coordinates":[[-72.967644,4.453635],[-72.9677,4.4549]]}},{"type":"Feature","properties":{"linea":"9-1-2","parcela":"9-1","palmas":13},"geometry":{"type":"LineString","coordinates":[[-72.967736,4.453948],[-72.967776,4.454851]]}},{"type":"Feature","properties":{"linea":"9-1-2","parcela":"9-1","palmas":13},"geometry":{"type":"LineString","coordinates":[[-72.96772,4.453586],[-72.967724,4.453677]]}},{"type":"Feature","properties":{"linea":"9-1-3","parcela":"9-1","palmas":14},"geometry":{"type":"LineString","coordinates":[[-72.967812,4.453899],[-72.967852,4.454802]]}},{"type":"Feature","properties":{"linea":"9-1-3","parcela":"9-1","palmas":14},"geometry":{"type":"LineString","coordinates":[[-72.967796,4.453538],[-72.967804,4.453718]]}},{"type":"Feature","properties":{"linea":"9-1-4","parcela":"9-1","palmas":15},"geometry":{"type":"LineString","coordinates":[[-72.967928,4.454754],[-72.967872,4.453489]]}},{"type":"Feature","properties":{"linea":"9-1-5","parcela":"9-1","palmas":14},"geometry":{"type":"LineString","coordinates":[[-72.968004,4.454705],[-72.967952,4.453531]]}},{"type":"Feature","properties":{"linea":"9-1-6","parcela":"9-1","palmas":12},"geometry":{"type":"LineString","coordinates":[[-72.968036,4.453663],[-72.968079,4.454657]]}},{"type":"Feature","properties":{"linea":"9-1-7","parcela":"9-1","palmas":10},"geometry":{"type":"LineString","coordinates":[[-72.968155,4.454608],[-72.96812,4.453795]]}},{"type":"Feature","properties":{"linea":"9-1-8","parcela":"9-1","palmas":9},"geometry":{"type":"LineString","coordinates":[[-72.9682,4.453837],[-72.968231,4.454559]]}},{"type":"Feature","properties":{"linea":"9-1-9","parcela":"9-1","palmas":8},"geometry":{"type":"LineString","coordinates":[[-72.968307,4.454511],[-72.96828,4.453878]]}},{"type":"Feature","properties":{"linea":"9-1-10","parcela":"9-1","palmas":10},"geometry":{"type":"LineString","coordinates":[[-72.96836,4.45392],[-72.968383,4.454462]]}},{"type":"Feature","properties":{"linea":"9-1-10","parcela":"9-1","palmas":10},"geometry":{"type":"LineString","coordinates":[[-72.968324,4.453107],[-72.968332,4.453288]]}},{"type":"Feature","properties":{"linea":"9-1-11","parcela":"9-1","palmas":11},"geometry":{"type":"LineString","coordinates":[[-72.968436,4.453872],[-72.968459,4.454414]]}},{"type":"Feature","properties":{"linea":"9-1-11","parcela":"9-1","palmas":11},"geometry":{"type":"LineString","coordinates":[[-72.9684,4.453059],[-72.968412,4.45333]]}},{"type":"Feature","properties":{"linea":"9-1-12","parcela":"9-1","palmas":12},"geometry":{"type":"LineString","coordinates":[[-72.968512,4.453823],[-72.968535,4.454365]]}},{"type":"Feature","properties":{"linea":"9-1-12","parcela":"9-1","palmas":12},"geometry":{"type":"LineString","coordinates":[[-72.96848,4.4531],[-72.968496,4.453462]]}},{"type":"Feature","properties":{"linea":"9-1-13","parcela":"9-1","palmas":15},"geometry":{"type":"LineString","coordinates":[[-72.968611,4.454316],[-72.968556,4.453052]]}},{"type":"Feature","properties":{"linea":"9-1-14","parcela":"9-1","palmas":15},"geometry":{"type":"LineString","coordinates":[[-72.968687,4.454268],[-72.968632,4.453003]]}},{"type":"Feature","properties":{"linea":"9-1-15","parcela":"9-1","palmas":15},"geometry":{"type":"LineString","coordinates":[[-72.968708,4.452955],[-72.968763,4.454219]]}},{"type":"Feature","properties":{"linea":"9-1-16","parcela":"9-1","palmas":15},"geometry":{"type":"LineString","coordinates":[[-72.968839,4.454171],[-72.968784,4.452906]]}},{"type":"Feature","properties":{"linea":"9-1-17","parcela":"9-1","palmas":15},"geometry":{"type":"LineString","coordinates":[[-72.96886,4.452857],[-72.968915,4.454122]]}},{"type":"Feature","properties":{"linea":"9-1-18","parcela":"9-1","palmas":14},"geometry":{"type":"LineString","coordinates":[[-72.968991,4.454073],[-72.96894,4.452899]]}},{"type":"Feature","properties":{"linea":"9-1-19","parcela":"9-1","palmas":14},"geometry":{"type":"LineString","coordinates":[[-72.969016,4.452851],[-72.969067,4.454025]]}},{"type":"Feature","properties":{"linea":"9-1-20","parcela":"9-1","palmas":14},"geometry":{"type":"LineString","coordinates":[[-72.969143,4.453976],[-72.969092,4.452802]]}},{"type":"Feature","properties":{"linea":"9-1-21","parcela":"9-1","palmas":14},"geometry":{"type":"LineString","coordinates":[[-72.969168,4.452753],[-72.969219,4.453928]]}},{"type":"Feature","properties":{"linea":"9-1-22","parcela":"9-1","palmas":14},"geometry":{"type":"LineString","coordinates":[[-72.969295,4.453879],[-72.969244,4.452705]]}},{"type":"Feature","properties":{"linea":"9-1-23","parcela":"9-1","palmas":14},"geometry":{"type":"LineString","coordinates":[[-72.969319,4.452656],[-72.969371,4.45383]]}},{"type":"Feature","properties":{"linea":"9-1-24","parcela":"9-1","palmas":14},"geometry":{"type":"LineString","coordinates":[[-72.969447,4.453782],[-72.969395,4.452608]]}},{"type":"Feature","properties":{"linea":"9-1-25","parcela":"9-1","palmas":14},"geometry":{"type":"LineString","coordinates":[[-72.969471,4.452559],[-72.969523,4.453733]]}},{"type":"Feature","properties":{"linea":"9-1-26","parcela":"9-1","palmas":14},"geometry":{"type":"LineString","coordinates":[[-72.969599,4.453685],[-72.969547,4.45251]]}},{"type":"Feature","properties":{"linea":"9-1-27","parcela":"9-1","palmas":14},"geometry":{"type":"LineString","coordinates":[[-72.969623,4.452462],[-72.969675,4.453636]]}},{"type":"Feature","properties":{"linea":"9-1-28","parcela":"9-1","palmas":14},"geometry":{"type":"LineString","coordinates":[[-72.969751,4.453587],[-72.969699,4.452413]]}},{"type":"Feature","properties":{"linea":"9-1-29","parcela":"9-1","palmas":14},"geometry":{"type":"LineString","coordinates":[[-72.969775,4.452365],[-72.969827,4.453539]]}},{"type":"Feature","properties":{"linea":"9-1-30","parcela":"9-1","palmas":14},"geometry":{"type":"LineString","coordinates":[[-72.969903,4.45349],[-72.969851,4.452316]]}},{"type":"Feature","properties":{"linea":"9-1-31","parcela":"9-1","palmas":14},"geometry":{"type":"LineString","coordinates":[[-72.969927,4.452267],[-72.969979,4.453442]]}},{"type":"Feature","properties":{"linea":"9-1-32","parcela":"9-1","palmas":14},"geometry":{"type":"LineString","coordinates":[[-72.970054,4.453393],[-72.970003,4.452219]]}},{"type":"Feature","properties":{"linea":"9-1-33","parcela":"9-1","palmas":13},"geometry":{"type":"LineString","coordinates":[[-72.970083,4.45226],[-72.97013,4.453344]]}},{"type":"Feature","properties":{"linea":"9-1-34","parcela":"9-1","palmas":12},"geometry":{"type":"LineString","coordinates":[[-72.970206,4.453296],[-72.970163,4.452302]]}},{"type":"Feature","properties":{"linea":"9-1-35","parcela":"9-1","palmas":11},"geometry":{"type":"LineString","coordinates":[[-72.970243,4.452344],[-72.970282,4.453247]]}},{"type":"Feature","properties":{"linea":"9-1-36","parcela":"9-1","palmas":11},"geometry":{"type":"LineString","coordinates":[[-72.970358,4.453199],[-72.970319,4.452295]]}},{"type":"Feature","properties":{"linea":"9-1-37","parcela":"9-1","palmas":11},"geometry":{"type":"LineString","coordinates":[[-72.970395,4.452247],[-72.970434,4.45315]]}},{"type":"Feature","properties":{"linea":"9-1-38","parcela":"9-1","palmas":11},"geometry":{"type":"LineString","coordinates":[[-72.97051,4.453101],[-72.970471,4.452198]]}},{"type":"Feature","properties":{"linea":"9-1-39","parcela":"9-1","palmas":11},"geometry":{"type":"LineString","coordinates":[[-72.970547,4.45215],[-72.970586,4.453053]]}},{"type":"Feature","properties":{"linea":"9-1-40","parcela":"9-1","palmas":11},"geometry":{"type":"LineString","coordinates":[[-72.970662,4.453004],[-72.970623,4.452101]]}},{"type":"Feature","properties":{"linea":"9-1-41","parcela":"9-1","palmas":10},"geometry":{"type":"LineString","coordinates":[[-72.970703,4.452143],[-72.970738,4.452956]]}},{"type":"Feature","properties":{"linea":"9-1-42","parcela":"9-1","palmas":9},"geometry":{"type":"LineString","coordinates":[[-72.970814,4.452907],[-72.970782,4.452184]]}},{"type":"Feature","properties":{"linea":"9-1-43","parcela":"9-1","palmas":8},"geometry":{"type":"LineString","coordinates":[[-72.970862,4.452226],[-72.97089,4.452858]]}},{"type":"Feature","properties":{"linea":"9-1-44","parcela":"9-1","palmas":7},"geometry":{"type":"LineString","coordinates":[[-72.970966,4.45281],[-72.970942,4.452268]]}},{"type":"Feature","properties":{"linea":"9-1-45","parcela":"9-1","palmas":5},"geometry":{"type":"LineString","coordinates":[[-72.971026,4.4524],[-72.971042,4.452761]]}},{"type":"Feature","properties":{"linea":"9-1-46","parcela":"9-1","palmas":4},"geometry":{"type":"LineString","coordinates":[[-72.971118,4.452713],[-72.971106,4.452442]]}},{"type":"Feature","properties":{"linea":"9-1-47","parcela":"9-1","palmas":1},"geometry":{"type":"LineString","coordinates":[[-72.971192,4.452619],[-72.971196,4.452709]]}},{"type":"Feature","properties":{"linea":"9-1-48","parcela":"9-1","palmas":3},"geometry":{"type":"LineString","coordinates":[[-72.971214,4.453116],[-72.971206,4.452935]]}},{"type":"Feature","properties":{"linea":"9-1-49","parcela":"9-1","palmas":5},"geometry":{"type":"LineString","coordinates":[[-72.97113,4.452984],[-72.971146,4.453345]]}},{"type":"Feature","properties":{"linea":"9-1-50","parcela":"9-1","palmas":5},"geometry":{"type":"LineString","coordinates":[[-72.97107,4.453394],[-72.971054,4.453032]]}},{"type":"Feature","properties":{"linea":"9-1-51","parcela":"9-1","palmas":7},"geometry":{"type":"LineString","coordinates":[[-72.970978,4.453081],[-72.971002,4.453623]]}},{"type":"Feature","properties":{"linea":"9-1-52","parcela":"9-1","palmas":9},"geometry":{"type":"LineString","coordinates":[[-72.970934,4.453852],[-72.970902,4.453129]]}},{"type":"Feature","properties":{"linea":"9-1-53","parcela":"9-1","palmas":10},"geometry":{"type":"LineString","coordinates":[[-72.970826,4.453178],[-72.970862,4.453991]]}},{"type":"Feature","properties":{"linea":"9-1-54","parcela":"9-1","palmas":11},"geometry":{"type":"LineString","coordinates":[[-72.97075,4.453227],[-72.97079,4.45413]]}},{"type":"Feature","properties":{"linea":"9-1-55","parcela":"9-1","palmas":12},"geometry":{"type":"LineString","coordinates":[[-72.970717,4.454269],[-72.970674,4.453275]]}},{"type":"Feature","properties":{"linea":"9-1-56","parcela":"9-1","palmas":15},"geometry":{"type":"LineString","coordinates":[[-72.970653,4.454588],[-72.970598,4.453324]]}},{"type":"Feature","properties":{"linea":"9-1-57","parcela":"9-1","palmas":16},"geometry":{"type":"LineString","coordinates":[[-72.970522,4.453372],[-72.970581,4.454727]]}},{"type":"Feature","properties":{"linea":"9-1-58","parcela":"9-1","palmas":17},"geometry":{"type":"LineString","coordinates":[[-72.970509,4.454866],[-72.970446,4.453421]]}},{"type":"Feature","properties":{"linea":"9-1-59","parcela":"9-1","palmas":17},"geometry":{"type":"LineString","coordinates":[[-72.97037,4.45347],[-72.970433,4.454915]]}},{"type":"Feature","properties":{"linea":"9-1-60","parcela":"9-1","palmas":17},"geometry":{"type":"LineString","coordinates":[[-72.970357,4.454963],[-72.970294,4.453518]]}},{"type":"Feature","properties":{"linea":"9-1-61","parcela":"9-1","palmas":18},"geometry":{"type":"LineString","coordinates":[[-72.970218,4.453567],[-72.970285,4.455102]]}},{"type":"Feature","properties":{"linea":"9-1-62","parcela":"9-1","palmas":18},"geometry":{"type":"LineString","coordinates":[[-72.970209,4.455151],[-72.970142,4.453615]]}},{"type":"Feature","properties":{"linea":"9-1-63","parcela":"9-1","palmas":18},"geometry":{"type":"LineString","coordinates":[[-72.970066,4.453664],[-72.970134,4.4552]]}},{"type":"Feature","properties":{"linea":"9-1-64","parcela":"9-1","palmas":18},"geometry":{"type":"LineString","coordinates":[[-72.970058,4.455248],[-72.96999,4.453713]]}},{"type":"Feature","properties":{"linea":"9-1-65","parcela":"9-1","palmas":18},"geometry":{"type":"LineString","coordinates":[[-72.969914,4.453761],[-72.969982,4.455297]]}},{"type":"Feature","properties":{"linea":"9-1-66","parcela":"9-1","palmas":18},"geometry":{"type":"LineString","coordinates":[[-72.969906,4.455345],[-72.969838,4.45381]]}},{"type":"Feature","properties":{"linea":"9-1-67","parcela":"9-1","palmas":18},"geometry":{"type":"LineString","coordinates":[[-72.969762,4.453858],[-72.96983,4.455394]]}},{"type":"Feature","properties":{"linea":"9-1-68","parcela":"9-1","palmas":19},"geometry":{"type":"LineString","coordinates":[[-72.969758,4.455533],[-72.969687,4.453907]]}},{"type":"Feature","properties":{"linea":"9-1-69","parcela":"9-1","palmas":19},"geometry":{"type":"LineString","coordinates":[[-72.969611,4.453956],[-72.969682,4.455581]]}},{"type":"Feature","properties":{"linea":"9-1-70","parcela":"9-1","palmas":19},"geometry":{"type":"LineString","coordinates":[[-72.969606,4.45563],[-72.969535,4.454004]]}},{"type":"Feature","properties":{"linea":"9-1-71","parcela":"9-1","palmas":19},"geometry":{"type":"LineString","coordinates":[[-72.969459,4.454053],[-72.96953,4.455679]]}},{"type":"Feature","properties":{"linea":"9-1-72","parcela":"9-1","palmas":19},"geometry":{"type":"LineString","coordinates":[[-72.969454,4.455727],[-72.969383,4.454101]]}},{"type":"Feature","properties":{"linea":"9-1-73","parcela":"9-1","palmas":20},"geometry":{"type":"LineString","coordinates":[[-72.969307,4.45415],[-72.969382,4.455866]]}},{"type":"Feature","properties":{"linea":"9-1-74","parcela":"9-1","palmas":20},"geometry":{"type":"LineString","coordinates":[[-72.969306,4.455915],[-72.969231,4.454199]]}},{"type":"Feature","properties":{"linea":"9-1-75","parcela":"9-1","palmas":20},"geometry":{"type":"LineString","coordinates":[[-72.969155,4.454247],[-72.96923,4.455963]]}},{"type":"Feature","properties":{"linea":"9-1-76","parcela":"9-1","palmas":21},"geometry":{"type":"LineString","coordinates":[[-72.969158,4.456102],[-72.969079,4.454296]]}},{"type":"Feature","properties":{"linea":"9-1-77","parcela":"9-1","palmas":21},"geometry":{"type":"LineString","coordinates":[[-72.969003,4.454344],[-72.969082,4.456151]]}},{"type":"Feature","properties":{"linea":"9-1-78","parcela":"9-1","palmas":21},"geometry":{"type":"LineString","coordinates":[[-72.969006,4.456199],[-72.968927,4.454393]]}},{"type":"Feature","properties":{"linea":"9-1-79","parcela":"9-1","palmas":22},"geometry":{"type":"LineString","coordinates":[[-72.968851,4.454442],[-72.968934,4.456338]]}},{"type":"Feature","properties":{"linea":"9-1-80","parcela":"9-1","palmas":22},"geometry":{"type":"LineString","coordinates":[[-72.968858,4.456387],[-72.968775,4.45449]]}},{"type":"Feature","properties":{"linea":"9-1-81","parcela":"9-1","palmas":22},"geometry":{"type":"LineString","coordinates":[[-72.968699,4.454539],[-72.968782,4.456436]]}},{"type":"Feature","properties":{"linea":"9-1-82","parcela":"9-1","palmas":22},"geometry":{"type":"LineString","coordinates":[[-72.968706,4.456484],[-72.968623,4.454587]]}},{"type":"Feature","properties":{"linea":"9-1-83","parcela":"9-1","palmas":23},"geometry":{"type":"LineString","coordinates":[[-72.968547,4.454636],[-72.968634,4.456623]]}},{"type":"Feature","properties":{"linea":"9-1-84","parcela":"9-1","palmas":23},"geometry":{"type":"LineString","coordinates":[[-72.968558,4.456672],[-72.968471,4.454685]]}},{"type":"Feature","properties":{"linea":"9-1-85","parcela":"9-1","palmas":23},"geometry":{"type":"LineString","coordinates":[[-72.968395,4.454733],[-72.968482,4.45672]]}},{"type":"Feature","properties":{"linea":"9-1-86","parcela":"9-1","palmas":24},"geometry":{"type":"LineString","coordinates":[[-72.96841,4.456859],[-72.968319,4.454782]]}},{"type":"Feature","properties":{"linea":"9-1-87","parcela":"9-1","palmas":24},"geometry":{"type":"LineString","coordinates":[[-72.968243,4.45483],[-72.968334,4.456908]]}},{"type":"Feature","properties":{"linea":"9-1-88","parcela":"9-1","palmas":24},"geometry":{"type":"LineString","coordinates":[[-72.968258,4.456956],[-72.968167,4.454879]]}},{"type":"Feature","properties":{"linea":"9-1-89","parcela":"9-1","palmas":24},"geometry":{"type":"LineString","coordinates":[[-72.968091,4.454928],[-72.968182,4.457005]]}},{"type":"Feature","properties":{"linea":"9-1-90","parcela":"9-1","palmas":25},"geometry":{"type":"LineString","coordinates":[[-72.96811,4.457144],[-72.968015,4.454976]]}},{"type":"Feature","properties":{"linea":"9-1-91","parcela":"9-1","palmas":25},"geometry":{"type":"LineString","coordinates":[[-72.967939,4.455025],[-72.968034,4.457193]]}},{"type":"Feature","properties":{"linea":"9-1-92","parcela":"9-1","palmas":25},"geometry":{"type":"LineString","coordinates":[[-72.967958,4.457241],[-72.967863,4.455073]]}},{"type":"Feature","properties":{"linea":"9-1-93","parcela":"9-1","palmas":25},"geometry":{"type":"LineString","coordinates":[[-72.967787,4.455122],[-72.967882,4.45729]]}},{"type":"Feature","properties":{"linea":"9-1-94","parcela":"9-1","palmas":26},"geometry":{"type":"LineString","coordinates":[[-72.96781,4.457429],[-72.967712,4.45517]]}},{"type":"Feature","properties":{"linea":"9-2-1","parcela":"9-2","palmas":10},"geometry":{"type":"LineString","coordinates":[[-72.966202,4.452793],[-72.966921,4.453169]]}},{"type":"Feature","properties":{"linea":"9-2-2","parcela":"9-2","palmas":13},"geometry":{"type":"LineString","coordinates":[[-72.966925,4.453259],[-72.965966,4.452759]]}},{"type":"Feature","properties":{"linea":"9-2-3","parcela":"9-2","palmas":13},"geometry":{"type":"LineString","coordinates":[[-72.96597,4.452849],[-72.966929,4.45335]]}},{"type":"Feature","properties":{"linea":"9-2-4","parcela":"9-2","palmas":14},"geometry":{"type":"LineString","coordinates":[[-72.967013,4.453482],[-72.965974,4.452939]]}},{"type":"Feature","properties":{"linea":"9-2-5","parcela":"9-2","palmas":17},"geometry":{"type":"LineString","coordinates":[[-72.965978,4.45303],[-72.967337,4.453739]]}},{"type":"Feature","properties":{"linea":"9-2-6","parcela":"9-2","palmas":19},"geometry":{"type":"LineString","coordinates":[[-72.96742,4.453871],[-72.965982,4.45312]]}},{"type":"Feature","properties":{"linea":"9-2-7","parcela":"9-2","palmas":19},"geometry":{"type":"LineString","coordinates":[[-72.965986,4.45321],[-72.967424,4.453961]]}},{"type":"Feature","properties":{"linea":"9-2-8","parcela":"9-2","palmas":19},"geometry":{"type":"LineString","coordinates":[[-72.967428,4.454052],[-72.96599,4.453301]]}},{"type":"Feature","properties":{"linea":"9-2-9","parcela":"9-2","palmas":19},"geometry":{"type":"LineString","coordinates":[[-72.965994,4.453391],[-72.967432,4.454142]]}},{"type":"Feature","properties":{"linea":"9-2-10","parcela":"9-2","palmas":19},"geometry":{"type":"LineString","coordinates":[[-72.967436,4.454232],[-72.965998,4.453481]]}},{"type":"Feature","properties":{"linea":"9-2-11","parcela":"9-2","palmas":19},"geometry":{"type":"LineString","coordinates":[[-72.966002,4.453572],[-72.96744,4.454323]]}},{"type":"Feature","properties":{"linea":"9-2-12","parcela":"9-2","palmas":19},"geometry":{"type":"LineString","coordinates":[[-72.967444,4.454413],[-72.966006,4.453662]]}},{"type":"Feature","properties":{"linea":"9-2-13","parcela":"9-2","palmas":19},"geometry":{"type":"LineString","coordinates":[[-72.967448,4.454503],[-72.96601,4.453752]]}},{"type":"Feature","properties":{"linea":"9-2-14","parcela":"9-2","palmas":19},"geometry":{"type":"LineString","coordinates":[[-72.966014,4.453843],[-72.967452,4.454594]]}},{"type":"Feature","properties":{"linea":"9-2-15","parcela":"9-2","palmas":19},"geometry":{"type":"LineString","coordinates":[[-72.967456,4.454684],[-72.966018,4.453933]]}},{"type":"Feature","properties":{"linea":"9-2-16","parcela":"9-2","palmas":19},"geometry":{"type":"LineString","coordinates":[[-72.966021,4.454023],[-72.96746,4.454774]]}},{"type":"Feature","properties":{"linea":"9-2-17","parcela":"9-2","palmas":19},"geometry":{"type":"LineString","coordinates":[[-72.967464,4.454865],[-72.966025,4.454114]]}},{"type":"Feature","properties":{"linea":"9-2-18","parcela":"9-2","palmas":19},"geometry":{"type":"LineString","coordinates":[[-72.966029,4.454204],[-72.967468,4.454955]]}},{"type":"Feature","properties":{"linea":"9-2-19","parcela":"9-2","palmas":19},"geometry":{"type":"LineString","coordinates":[[-72.967472,4.455045],[-72.966033,4.454294]]}},{"type":"Feature","properties":{"linea":"9-2-20","parcela":"9-2","palmas":19},"geometry":{"type":"LineString","coordinates":[[-72.966037,4.454385],[-72.967476,4.455136]]}},{"type":"Feature","properties":{"linea":"9-2-21","parcela":"9-2","palmas":19},"geometry":{"type":"LineString","coordinates":[[-72.96748,4.455226],[-72.966041,4.454475]]}},{"type":"Feature","properties":{"linea":"9-2-22","parcela":"9-2","palmas":19},"geometry":{"type":"LineString","coordinates":[[-72.966045,4.454565],[-72.967484,4.455316]]}},{"type":"Feature","properties":{"linea":"9-2-23","parcela":"9-2","palmas":19},"geometry":{"type":"LineString","coordinates":[[-72.966049,4.454655],[-72.967488,4.455407]]}},{"type":"Feature","properties":{"linea":"9-2-24","parcela":"9-2","palmas":19},"geometry":{"type":"LineString","coordinates":[[-72.967492,4.455497],[-72.966053,4.454746]]}},{"type":"Feature","properties":{"linea":"9-2-25","parcela":"9-2","palmas":19},"geometry":{"type":"LineString","coordinates":[[-72.966057,4.454836],[-72.967495,4.455587]]}},{"type":"Feature","properties":{"linea":"9-2-26","parcela":"9-2","palmas":19},"geometry":{"type":"LineString","coordinates":[[-72.967499,4.455678],[-72.966061,4.454926]]}},{"type":"Feature","properties":{"linea":"9-2-27","parcela":"9-2","palmas":19},"geometry":{"type":"LineString","coordinates":[[-72.966065,4.455017],[-72.967503,4.455768]]}},{"type":"Feature","properties":{"linea":"9-2-28","parcela":"9-2","palmas":19},"geometry":{"type":"LineString","coordinates":[[-72.967507,4.455858],[-72.966069,4.455107]]}},{"type":"Feature","properties":{"linea":"9-2-29","parcela":"9-2","palmas":19},"geometry":{"type":"LineString","coordinates":[[-72.966073,4.455197],[-72.967511,4.455949]]}},{"type":"Feature","properties":{"linea":"9-2-30","parcela":"9-2","palmas":19},"geometry":{"type":"LineString","coordinates":[[-72.967515,4.456039],[-72.966077,4.455288]]}},{"type":"Feature","properties":{"linea":"9-2-31","parcela":"9-2","palmas":19},"geometry":{"type":"LineString","coordinates":[[-72.966081,4.455378],[-72.967519,4.456129]]}},{"type":"Feature","properties":{"linea":"9-2-32","parcela":"9-2","palmas":19},"geometry":{"type":"LineString","coordinates":[[-72.967523,4.45622],[-72.966085,4.455468]]}},{"type":"Feature","properties":{"linea":"9-2-33","parcela":"9-2","palmas":19},"geometry":{"type":"LineString","coordinates":[[-72.966089,4.455559],[-72.967527,4.45631]]}},{"type":"Feature","properties":{"linea":"9-2-34","parcela":"9-2","palmas":19},"geometry":{"type":"LineString","coordinates":[[-72.967531,4.4564],[-72.966093,4.455649]]}},{"type":"Feature","properties":{"linea":"9-2-35","parcela":"9-2","palmas":19},"geometry":{"type":"LineString","coordinates":[[-72.966097,4.455739],[-72.967535,4.456491]]}},{"type":"Feature","properties":{"linea":"9-2-36","parcela":"9-2","palmas":19},"geometry":{"type":"LineString","coordinates":[[-72.967539,4.456581],[-72.9661,4.45583]]}},{"type":"Feature","properties":{"linea":"9-2-37","parcela":"9-2","palmas":19},"geometry":{"type":"LineString","coordinates":[[-72.966104,4.45592],[-72.967543,4.456671]]}},{"type":"Feature","properties":{"linea":"9-2-38","parcela":"9-2","palmas":19},"geometry":{"type":"LineString","coordinates":[[-72.967547,4.456762],[-72.966108,4.45601]]}},{"type":"Feature","properties":{"linea":"9-2-39","parcela":"9-2","palmas":19},"geometry":{"type":"LineString","coordinates":[[-72.966112,4.456101],[-72.967551,4.456852]]}},{"type":"Feature","properties":{"linea":"9-2-40","parcela":"9-2","palmas":19},"geometry":{"type":"LineString","coordinates":[[-72.967555,4.456942],[-72.966116,4.456191]]}},{"type":"Feature","properties":{"linea":"9-2-41","parcela":"9-2","palmas":19},"geometry":{"type":"LineString","coordinates":[[-72.96612,4.456281],[-72.967559,4.457032]]}},{"type":"Feature","properties":{"linea":"9-2-42","parcela":"9-2","palmas":19},"geometry":{"type":"LineString","coordinates":[[-72.967563,4.457123],[-72.966124,4.456372]]}},{"type":"Feature","properties":{"linea":"9-2-43","parcela":"9-2","palmas":19},"geometry":{"type":"LineString","coordinates":[[-72.966128,4.456462],[-72.967567,4.457213]]}},{"type":"Feature","properties":{"linea":"9-2-44","parcela":"9-2","palmas":16},"geometry":{"type":"LineString","coordinates":[[-72.967331,4.457178],[-72.966132,4.456552]]}},{"type":"Feature","properties":{"linea":"9-2-45","parcela":"9-2","palmas":15},"geometry":{"type":"LineString","coordinates":[[-72.966136,4.456643],[-72.967255,4.457227]]}},{"type":"Feature","properties":{"linea":"9-2-46","parcela":"9-2","palmas":14},"geometry":{"type":"LineString","coordinates":[[-72.967179,4.457275],[-72.96614,4.456733]]}},{"type":"Feature","properties":{"linea":"9-2-47","parcela":"9-2","palmas":13},"geometry":{"type":"LineString","coordinates":[[-72.966144,4.456823],[-72.967103,4.457324]]}},{"type":"Feature","properties":{"linea":"9-2-48","parcela":"9-2","palmas":13},"geometry":{"type":"LineString","coordinates":[[-72.967107,4.457414],[-72.966148,4.456914]]}},{"type":"Feature","properties":{"linea":"9-2-49","parcela":"9-2","palmas":15},"geometry":{"type":"LineString","coordinates":[[-72.966152,4.457004],[-72.967271,4.457588]]}},{"type":"Feature","properties":{"linea":"9-2-50","parcela":"9-2","palmas":17},"geometry":{"type":"LineString","coordinates":[[-72.967434,4.457762],[-72.966156,4.457094]]}},{"type":"Feature","properties":{"linea":"9-2-51","parcela":"9-2","palmas":16},"geometry":{"type":"LineString","coordinates":[[-72.96616,4.457185],[-72.967358,4.457811]]}},{"type":"Feature","properties":{"linea":"9-2-52","parcela":"9-2","palmas":16},"geometry":{"type":"LineString","coordinates":[[-72.967362,4.457901],[-72.966164,4.457275]]}},{"type":"Feature","properties":{"linea":"9-2-53","parcela":"9-2","palmas":15},"geometry":{"type":"LineString","coordinates":[[-72.966168,4.457365],[-72.967286,4.457949]]}},{"type":"Feature","properties":{"linea":"9-2-54","parcela":"9-2","palmas":14},"geometry":{"type":"LineString","coordinates":[[-72.96721,4.457998],[-72.966172,4.457456]]}},{"type":"Feature","properties":{"linea":"9-2-55","parcela":"9-2","palmas":13},"geometry":{"type":"LineString","coordinates":[[-72.966176,4.457546],[-72.967135,4.458047]]}},{"type":"Feature","properties":{"linea":"9-2-56","parcela":"9-2","palmas":13},"geometry":{"type":"LineString","coordinates":[[-72.967138,4.458137],[-72.966179,4.457636]]}},{"type":"Feature","properties":{"linea":"9-2-57","parcela":"9-2","palmas":12},"geometry":{"type":"LineString","coordinates":[[-72.966183,4.457727],[-72.967062,4.458186]]}},{"type":"Feature","properties":{"linea":"9-2-58","parcela":"9-2","palmas":12},"geometry":{"type":"LineString","coordinates":[[-72.967066,4.458276],[-72.966187,4.457817]]}},{"type":"Feature","properties":{"linea":"9-2-59","parcela":"9-2","palmas":11},"geometry":{"type":"LineString","coordinates":[[-72.966191,4.457907],[-72.96699,4.458325]]}},{"type":"Feature","properties":{"linea":"9-2-60","parcela":"9-2","palmas":10},"geometry":{"type":"LineString","coordinates":[[-72.966915,4.458373],[-72.966195,4.457998]]}},{"type":"Feature","properties":{"linea":"9-2-61","parcela":"9-2","palmas":9},"geometry":{"type":"LineString","coordinates":[[-72.966199,4.458088],[-72.966839,4.458422]]}},{"type":"Feature","properties":{"linea":"9-2-62","parcela":"9-2","palmas":9},"geometry":{"type":"LineString","coordinates":[[-72.966843,4.458512],[-72.966203,4.458178]]}},{"type":"Feature","properties":{"linea":"9-2-63","parcela":"9-2","palmas":8},"geometry":{"type":"LineString","coordinates":[[-72.966207,4.458269],[-72.966767,4.458561]]}},{"type":"Feature","properties":{"linea":"9-2-64","parcela":"9-2","palmas":7},"geometry":{"type":"LineString","coordinates":[[-72.966691,4.458609],[-72.966211,4.458359]]}},{"type":"Feature","properties":{"linea":"9-2-65","parcela":"9-2","palmas":6},"geometry":{"type":"LineString","coordinates":[[-72.966215,4.458449],[-72.966615,4.458658]]}},{"type":"Feature","properties":{"linea":"9-2-66","parcela":"9-2","palmas":5},"geometry":{"type":"LineString","coordinates":[[-72.966539,4.458706],[-72.966219,4.45854]]}},{"type":"Feature","properties":{"linea":"9-2-67","parcela":"9-2","palmas":5},"geometry":{"type":"LineString","coordinates":[[-72.966223,4.45863],[-72.966543,4.458797]]}},{"type":"Feature","properties":{"linea":"9-2-68","parcela":"9-2","palmas":4},"geometry":{"type":"LineString","coordinates":[[-72.966467,4.458845],[-72.966227,4.45872]]}},{"type":"Feature","properties":{"linea":"9-2-69","parcela":"9-2","palmas":3},"geometry":{"type":"LineString","coordinates":[[-72.966231,4.45881],[-72.966391,4.458894]]}},{"type":"Feature","properties":{"linea":"9-2-70","parcela":"9-2","palmas":3},"geometry":{"type":"LineString","coordinates":[[-72.966395,4.458984],[-72.966235,4.458901]]}},{"type":"Feature","properties":{"linea":"9-2-71","parcela":"9-2","palmas":2},"geometry":{"type":"LineString","coordinates":[[-72.966239,4.458991],[-72.966319,4.459033]]}},{"type":"Feature","properties":{"linea":"9-2-72","parcela":"9-2","palmas":1},"geometry":{"type":"LineString","coordinates":[[-72.966203,4.459061],[-72.966283,4.459102]]}},{"type":"Feature","properties":{"linea":"9-2-73","parcela":"9-2","palmas":4},"geometry":{"type":"LineString","coordinates":[[-72.965779,4.459192],[-72.966019,4.459318]]}},{"type":"Feature","properties":{"linea":"9-2-74","parcela":"9-2","palmas":5},"geometry":{"type":"LineString","coordinates":[[-72.965695,4.45906],[-72.966015,4.459227]]}},{"type":"Feature","properties":{"linea":"9-2-75","parcela":"9-2","palmas":6},"geometry":{"type":"LineString","coordinates":[[-72.965611,4.458928],[-72.966011,4.459137]]}},{"type":"Feature","properties":{"linea":"9-2-76","parcela":"9-2","palmas":7},"geometry":{"type":"LineString","coordinates":[[-72.965527,4.458796],[-72.966007,4.459047]]}},{"type":"Feature","properties":{"linea":"9-2-77","parcela":"9-2","palmas":7},"geometry":{"type":"LineString","coordinates":[[-72.966003,4.458956],[-72.965523,4.458706]]}},{"type":"Feature","properties":{"linea":"9-2-78","parcela":"9-2","palmas":7},"geometry":{"type":"LineString","coordinates":[[-72.96544,4.458574],[-72.965999,4.458866]]}},{"type":"Feature","properties":{"linea":"9-2-79","parcela":"9-2","palmas":9},"geometry":{"type":"LineString","coordinates":[[-72.965995,4.458776],[-72.965356,4.458442]]}},{"type":"Feature","properties":{"linea":"9-2-80","parcela":"9-2","palmas":9},"geometry":{"type":"LineString","coordinates":[[-72.965352,4.458351],[-72.965991,4.458685]]}},{"type":"Feature","properties":{"linea":"9-2-81","parcela":"9-2","palmas":9},"geometry":{"type":"LineString","coordinates":[[-72.965987,4.458595],[-72.965348,4.458261]]}},{"type":"Feature","properties":{"linea":"9-2-82","parcela":"9-2","palmas":10},"geometry":{"type":"LineString","coordinates":[[-72.965264,4.458129],[-72.965983,4.458505]]}},{"type":"Feature","properties":{"linea":"9-2-83","parcela":"9-2","palmas":9},"geometry":{"type":"LineString","coordinates":[[-72.965979,4.458414],[-72.96534,4.45808]]}},{"type":"Feature","properties":{"linea":"9-2-84","parcela":"9-2","palmas":9},"geometry":{"type":"LineString","coordinates":[[-72.965336,4.45799],[-72.965975,4.458324]]}},{"type":"Feature","properties":{"linea":"9-2-85","parcela":"9-2","palmas":9},"geometry":{"type":"LineString","coordinates":[[-72.965971,4.458234],[-72.965332,4.4579]]}},{"type":"Feature","properties":{"linea":"9-2-86","parcela":"9-2","palmas":9},"geometry":{"type":"LineString","coordinates":[[-72.965328,4.45781],[-72.965967,4.458143]]}},{"type":"Feature","properties":{"linea":"9-2-87","parcela":"9-2","palmas":10},"geometry":{"type":"LineString","coordinates":[[-72.965963,4.458053],[-72.965244,4.457677]]}},{"type":"Feature","properties":{"linea":"9-2-88","parcela":"9-2","palmas":10},"geometry":{"type":"LineString","coordinates":[[-72.96524,4.457587],[-72.96596,4.457963]]}},{"type":"Feature","properties":{"linea":"9-2-89","parcela":"9-2","palmas":10},"geometry":{"type":"LineString","coordinates":[[-72.965956,4.457872],[-72.965236,4.457497]]}},{"type":"Feature","properties":{"linea":"9-2-90","parcela":"9-2","palmas":10},"geometry":{"type":"LineString","coordinates":[[-72.965232,4.457406],[-72.965952,4.457782]]}},{"type":"Feature","properties":{"linea":"9-2-91","parcela":"9-2","palmas":9},"geometry":{"type":"LineString","coordinates":[[-72.965948,4.457692],[-72.965308,4.457358]]}},{"type":"Feature","properties":{"linea":"9-2-92","parcela":"9-2","palmas":9},"geometry":{"type":"LineString","coordinates":[[-72.965304,4.457268],[-72.965944,4.457601]]}},{"type":"Feature","properties":{"linea":"9-2-93","parcela":"9-2","palmas":8},"geometry":{"type":"LineString","coordinates":[[-72.96594,4.457511],[-72.96538,4.457219]]}},{"type":"Feature","properties":{"linea":"9-2-94","parcela":"9-2","palmas":9},"geometry":{"type":"LineString","coordinates":[[-72.965297,4.457087],[-72.965936,4.457421]]}},{"type":"Feature","properties":{"linea":"9-2-95","parcela":"9-2","palmas":9},"geometry":{"type":"LineString","coordinates":[[-72.965932,4.45733],[-72.965293,4.456997]]}},{"type":"Feature","properties":{"linea":"9-2-96","parcela":"9-2","palmas":8},"geometry":{"type":"LineString","coordinates":[[-72.965369,4.456948],[-72.965928,4.45724]]}},{"type":"Feature","properties":{"linea":"9-2-97","parcela":"9-2","palmas":8},"geometry":{"type":"LineString","coordinates":[[-72.965924,4.45715],[-72.965365,4.456858]]}},{"type":"Feature","properties":{"linea":"9-2-98","parcela":"9-2","palmas":9},"geometry":{"type":"LineString","coordinates":[[-72.965281,4.456726],[-72.96592,4.457059]]}},{"type":"Feature","properties":{"linea":"9-2-99","parcela":"9-2","palmas":10},"geometry":{"type":"LineString","coordinates":[[-72.965916,4.456969],[-72.965197,4.456594]]}},{"type":"Feature","properties":{"linea":"9-2-100","parcela":"9-2","palmas":10},"geometry":{"type":"LineString","coordinates":[[-72.965193,4.456503],[-72.965912,4.456879]]}},{"type":"Feature","properties":{"linea":"9-2-101","parcela":"9-2","palmas":11},"geometry":{"type":"LineString","coordinates":[[-72.965908,4.456788],[-72.965109,4.456371]]}},{"type":"Feature","properties":{"linea":"9-2-102","parcela":"9-2","palmas":11},"geometry":{"type":"LineString","coordinates":[[-72.965105,4.456281],[-72.965904,4.456698]]}},{"type":"Feature","properties":{"linea":"9-2-103","parcela":"9-2","palmas":12},"geometry":{"type":"LineString","coordinates":[[-72.9659,4.456608],[-72.965021,4.456149]]}},{"type":"Feature","properties":{"linea":"9-2-104","parcela":"9-2","palmas":12},"geometry":{"type":"LineString","coordinates":[[-72.965017,4.456058],[-72.965896,4.456517]]}},{"type":"Feature","properties":{"linea":"9-2-105","parcela":"9-2","palmas":13},"geometry":{"type":"LineString","coordinates":[[-72.965892,4.456427],[-72.964933,4.455926]]}},{"type":"Feature","properties":{"linea":"9-2-106","parcela":"9-2","palmas":13},"geometry":{"type":"LineString","coordinates":[[-72.964929,4.455836],[-72.965888,4.456337]]}},{"type":"Feature","properties":{"linea":"9-2-107","parcela":"9-2","palmas":13},"geometry":{"type":"LineString","coordinates":[[-72.965884,4.456246],[-72.964925,4.455746]]}},{"type":"Feature","properties":{"linea":"9-2-108","parcela":"9-2","palmas":14},"geometry":{"type":"LineString","coordinates":[[-72.964842,4.455614],[-72.965881,4.456156]]}},{"type":"Feature","properties":{"linea":"9-2-109","parcela":"9-2","palmas":14},"geometry":{"type":"LineString","coordinates":[[-72.965877,4.456066],[-72.964838,4.455523]]}},{"type":"Feature","properties":{"linea":"9-2-110","parcela":"9-2","palmas":14},"geometry":{"type":"LineString","coordinates":[[-72.964834,4.455433],[-72.965873,4.455976]]}},{"type":"Feature","properties":{"linea":"9-2-111","parcela":"9-2","palmas":14},"geometry":{"type":"LineString","coordinates":[[-72.965869,4.455885],[-72.96483,4.455343]]}},{"type":"Feature","properties":{"linea":"9-2-112","parcela":"9-2","palmas":14},"geometry":{"type":"LineString","coordinates":[[-72.964826,4.455252],[-72.965865,4.455795]]}},{"type":"Feature","properties":{"linea":"9-2-113","parcela":"9-2","palmas":14},"geometry":{"type":"LineString","coordinates":[[-72.965861,4.455705],[-72.964822,4.455162]]}},{"type":"Feature","properties":{"linea":"9-2-114","parcela":"9-2","palmas":15},"geometry":{"type":"LineString","coordinates":[[-72.964738,4.45503],[-72.965857,4.455614]]}},{"type":"Feature","properties":{"linea":"9-2-115","parcela":"9-2","palmas":14},"geometry":{"type":"LineString","coordinates":[[-72.965853,4.455524],[-72.964734,4.45494]]}},{"type":"Feature","properties":{"linea":"9-2-116","parcela":"9-2","palmas":14},"geometry":{"type":"LineString","coordinates":[[-72.96481,4.454891],[-72.965849,4.455434]]}},{"type":"Feature","properties":{"linea":"9-2-117","parcela":"9-2","palmas":15},"geometry":{"type":"LineString","coordinates":[[-72.965845,4.455343],[-72.964726,4.454759]]}},{"type":"Feature","properties":{"linea":"9-2-118","parcela":"9-2","palmas":15},"geometry":{"type":"LineString","coordinates":[[-72.965841,4.455253],[-72.964722,4.454669]]}},{"type":"Feature","properties":{"linea":"9-2-119","parcela":"9-2","palmas":16},"geometry":{"type":"LineString","coordinates":[[-72.964638,4.454537],[-72.965837,4.455163]]}},{"type":"Feature","properties":{"linea":"9-2-120","parcela":"9-2","palmas":15},"geometry":{"type":"LineString","coordinates":[[-72.965833,4.455072],[-72.964634,4.454446]]}},{"type":"Feature","properties":{"linea":"9-2-121","parcela":"9-2","palmas":16},"geometry":{"type":"LineString","coordinates":[[-72.96463,4.454356],[-72.965829,4.454982]]}},{"type":"Feature","properties":{"linea":"9-2-122","parcela":"9-2","palmas":15},"geometry":{"type":"LineString","coordinates":[[-72.964706,4.454307],[-72.965825,4.454892]]}},{"type":"Feature","properties":{"linea":"9-2-123","parcela":"9-2","palmas":15},"geometry":{"type":"LineString","coordinates":[[-72.965821,4.454801],[-72.964702,4.454217]]}},{"type":"Feature","properties":{"linea":"9-2-124","parcela":"9-2","palmas":14},"geometry":{"type":"LineString","coordinates":[[-72.965817,4.454711],[-72.964778,4.454168]]}},{"type":"Feature","properties":{"linea":"9-2-125","parcela":"9-2","palmas":14},"geometry":{"type":"LineString","coordinates":[[-72.964774,4.454078],[-72.965813,4.454621]]}},{"type":"Feature","properties":{"linea":"9-2-126","parcela":"9-2","palmas":14},"geometry":{"type":"LineString","coordinates":[[-72.965809,4.45453],[-72.964771,4.453988]]}},{"type":"Feature","properties":{"linea":"9-2-127","parcela":"9-2","palmas":14},"geometry":{"type":"LineString","coordinates":[[-72.964767,4.453897],[-72.965805,4.45444]]}},{"type":"Feature","properties":{"linea":"9-2-128","parcela":"9-2","palmas":15},"geometry":{"type":"LineString","coordinates":[[-72.965801,4.45435],[-72.964683,4.453765]]}},{"type":"Feature","properties":{"linea":"9-2-129","parcela":"9-2","palmas":15},"geometry":{"type":"LineString","coordinates":[[-72.964679,4.453675],[-72.965798,4.454259]]}},{"type":"Feature","properties":{"linea":"9-2-130","parcela":"9-2","palmas":15},"geometry":{"type":"LineString","coordinates":[[-72.965794,4.454169],[-72.964675,4.453585]]}},{"type":"Feature","properties":{"linea":"9-2-131","parcela":"9-2","palmas":15},"geometry":{"type":"LineString","coordinates":[[-72.964671,4.453494],[-72.96579,4.454079]]}},{"type":"Feature","properties":{"linea":"9-2-132","parcela":"9-2","palmas":14},"geometry":{"type":"LineString","coordinates":[[-72.965786,4.453988],[-72.964747,4.453446]]}},{"type":"Feature","properties":{"linea":"9-2-133","parcela":"9-2","palmas":14},"geometry":{"type":"LineString","coordinates":[[-72.964743,4.453356],[-72.965782,4.453898]]}},{"type":"Feature","properties":{"linea":"9-2-134","parcela":"9-2","palmas":14},"geometry":{"type":"LineString","coordinates":[[-72.965778,4.453808],[-72.964739,4.453265]]}},{"type":"Feature","properties":{"linea":"9-2-135","parcela":"9-2","palmas":14},"geometry":{"type":"LineString","coordinates":[[-72.964735,4.453175],[-72.965774,4.453717]]}},{"type":"Feature","properties":{"linea":"9-2-136","parcela":"9-2","palmas":14},"geometry":{"type":"LineString","coordinates":[[-72.96577,4.453627],[-72.964731,4.453085]]}},{"type":"Feature","properties":{"linea":"9-2-137","parcela":"9-2","palmas":14},"geometry":{"type":"LineString","coordinates":[[-72.964727,4.452994],[-72.965766,4.453537]]}},{"type":"Feature","properties":{"linea":"9-2-138","parcela":"9-2","palmas":14},"geometry":{"type":"LineString","coordinates":[[-72.965762,4.453446],[-72.964723,4.452904]]}},{"type":"Feature","properties":{"linea":"9-2-139","parcela":"9-2","palmas":13},"geometry":{"type":"LineString","coordinates":[[-72.964799,4.452855],[-72.965758,4.453356]]}},{"type":"Feature","properties":{"linea":"9-2-140","parcela":"9-2","palmas":13},"geometry":{"type":"LineString","coordinates":[[-72.965754,4.453266],[-72.964795,4.452765]]}},{"type":"Feature","properties":{"linea":"9-2-141","parcela":"9-2","palmas":12},"geometry":{"type":"LineString","coordinates":[[-72.964871,4.452716],[-72.96575,4.453175]]}},{"type":"Feature","properties":{"linea":"9-2-142","parcela":"9-2","palmas":12},"geometry":{"type":"LineString","coordinates":[[-72.965746,4.453085],[-72.964867,4.452626]]}},{"type":"Feature","properties":{"linea":"9-2-143","parcela":"9-2","palmas":11},"geometry":{"type":"LineString","coordinates":[[-72.964943,4.452577],[-72.965742,4.452995]]}},{"type":"Feature","properties":{"linea":"9-2-144","parcela":"9-2","palmas":10},"geometry":{"type":"LineString","coordinates":[[-72.965738,4.452904],[-72.965019,4.452529]]}},{"type":"Feature","properties":{"linea":"9-2-145","parcela":"9-2","palmas":8},"geometry":{"type":"LineString","coordinates":[[-72.965175,4.452522],[-72.965734,4.452814]]}},{"type":"Feature","properties":{"linea":"9-2-146","parcela":"9-2","palmas":7},"geometry":{"type":"LineString","coordinates":[[-72.96573,4.452724],[-72.965251,4.452473]]}},{"type":"Feature","properties":{"linea":"9-2-147","parcela":"9-2","palmas":5},"geometry":{"type":"LineString","coordinates":[[-72.965407,4.452467],[-72.965726,4.452633]]}},{"type":"Feature","properties":{"linea":"9-3-1","parcela":"9-3","palmas":5},"geometry":{"type":"LineString","coordinates":[[-72.969484,4.456193],[-72.969203,4.456356]]}},{"type":"Feature","properties":{"linea":"9-3-2","parcela":"9-3","palmas":8},"geometry":{"type":"LineString","coordinates":[[-72.969554,4.456233],[-72.969062,4.456519]]}},{"type":"Feature","properties":{"linea":"9-3-3","parcela":"9-3","palmas":12},"geometry":{"type":"LineString","coordinates":[[-72.969624,4.456274],[-72.968851,4.456723]]}},{"type":"Feature","properties":{"linea":"9-3-4","parcela":"9-3","palmas":12},"geometry":{"type":"LineString","coordinates":[[-72.969624,4.456355],[-72.968851,4.456804]]}},{"type":"Feature","properties":{"linea":"9-3-5","parcela":"9-3","palmas":13},"geometry":{"type":"LineString","coordinates":[[-72.969694,4.456395],[-72.968851,4.456885]]}},{"type":"Feature","properties":{"linea":"9-3-6","parcela":"9-3","palmas":12},"geometry":{"type":"LineString","coordinates":[[-72.969624,4.456518],[-72.968851,4.456967]]}},{"type":"Feature","properties":{"linea":"9-3-7","parcela":"9-3","palmas":11},"geometry":{"type":"LineString","coordinates":[[-72.969554,4.45664],[-72.968851,4.457048]]}},{"type":"Feature","properties":{"linea":"9-3-8","parcela":"9-3","palmas":11},"geometry":{"type":"LineString","coordinates":[[-72.969553,4.456721],[-72.968851,4.457129]]}},{"type":"Feature","properties":{"linea":"9-3-9","parcela":"9-3","palmas":10},"geometry":{"type":"LineString","coordinates":[[-72.969483,4.456844],[-72.968851,4.457211]]}},{"type":"Feature","properties":{"linea":"9-3-10","parcela":"9-3","palmas":10},"geometry":{"type":"LineString","coordinates":[[-72.969483,4.456925],[-72.96885,4.457292]]}},{"type":"Feature","properties":{"linea":"9-3-11","parcela":"9-3","palmas":10},"geometry":{"type":"LineString","coordinates":[[-72.969483,4.457006],[-72.96885,4.457374]]}},{"type":"Feature","properties":{"linea":"9-3-12","parcela":"9-3","palmas":10},"geometry":{"type":"LineString","coordinates":[[-72.969483,4.457088],[-72.96885,4.457455]]}},{"type":"Feature","properties":{"linea":"9-3-13","parcela":"9-3","palmas":9},"geometry":{"type":"LineString","coordinates":[[-72.969412,4.45721],[-72.96885,4.457536]]}},{"type":"Feature","properties":{"linea":"9-3-14","parcela":"9-3","palmas":9},"geometry":{"type":"LineString","coordinates":[[-72.969412,4.457291],[-72.96885,4.457618]]}},{"type":"Feature","properties":{"linea":"9-3-15","parcela":"9-3","palmas":8},"geometry":{"type":"LineString","coordinates":[[-72.969342,4.457413],[-72.96885,4.457699]]}},{"type":"Feature","properties":{"linea":"9-3-16","parcela":"9-3","palmas":8},"geometry":{"type":"LineString","coordinates":[[-72.969342,4.457495],[-72.96885,4.457781]]}},{"type":"Feature","properties":{"linea":"9-3-17","parcela":"9-3","palmas":8},"geometry":{"type":"LineString","coordinates":[[-72.969342,4.457576],[-72.96885,4.457862]]}},{"type":"Feature","properties":{"linea":"9-3-18","parcela":"9-3","palmas":7},"geometry":{"type":"LineString","coordinates":[[-72.969271,4.457698],[-72.968849,4.457943]]}},{"type":"Feature","properties":{"linea":"9-3-19","parcela":"9-3","palmas":7},"geometry":{"type":"LineString","coordinates":[[-72.969271,4.45778],[-72.968849,4.458025]]}},{"type":"Feature","properties":{"linea":"9-3-20","parcela":"9-3","palmas":7},"geometry":{"type":"LineString","coordinates":[[-72.969271,4.457861],[-72.968849,4.458106]]}},{"type":"Feature","properties":{"linea":"9-3-21","parcela":"9-3","palmas":7},"geometry":{"type":"LineString","coordinates":[[-72.969271,4.457942],[-72.968849,4.458187]]}},{"type":"Feature","properties":{"linea":"9-3-22","parcela":"9-3","palmas":7},"geometry":{"type":"LineString","coordinates":[[-72.969271,4.458024],[-72.968849,4.458269]]}},{"type":"Feature","properties":{"linea":"9-3-23","parcela":"9-3","palmas":6},"geometry":{"type":"LineString","coordinates":[[-72.9692,4.458146],[-72.968849,4.45835]]}},{"type":"Feature","properties":{"linea":"9-3-24","parcela":"9-3","palmas":6},"geometry":{"type":"LineString","coordinates":[[-72.9692,4.458227],[-72.968849,4.458432]]}},{"type":"Feature","properties":{"linea":"9-3-25","parcela":"9-3","palmas":6},"geometry":{"type":"LineString","coordinates":[[-72.9692,4.458309],[-72.968849,4.458513]]}},{"type":"Feature","properties":{"linea":"9-3-26","parcela":"9-3","palmas":6},"geometry":{"type":"LineString","coordinates":[[-72.9692,4.45839],[-72.968848,4.458594]]}},{"type":"Feature","properties":{"linea":"9-3-27","parcela":"9-3","palmas":5},"geometry":{"type":"LineString","coordinates":[[-72.969129,4.458512],[-72.968848,4.458676]]}},{"type":"Feature","properties":{"linea":"9-3-28","parcela":"9-3","palmas":5},"geometry":{"type":"LineString","coordinates":[[-72.969129,4.458593],[-72.968848,4.458757]]}},{"type":"Feature","properties":{"linea":"9-3-29","parcela":"9-3","palmas":5},"geometry":{"type":"LineString","coordinates":[[-72.969129,4.458675],[-72.968848,4.458838]]}},{"type":"Feature","properties":{"linea":"9-3-30","parcela":"9-3","palmas":5},"geometry":{"type":"LineString","coordinates":[[-72.969129,4.458756],[-72.968848,4.45892]]}},{"type":"Feature","properties":{"linea":"9-3-31","parcela":"9-3","palmas":5},"geometry":{"type":"LineString","coordinates":[[-72.969129,4.458838],[-72.968848,4.459001]]}},{"type":"Feature","properties":{"linea":"9-3-32","parcela":"9-3","palmas":5},"geometry":{"type":"LineString","coordinates":[[-72.969129,4.458919],[-72.968848,4.459083]]}},{"type":"Feature","properties":{"linea":"9-3-33","parcela":"9-3","palmas":5},"geometry":{"type":"LineString","coordinates":[[-72.969129,4.459001],[-72.968848,4.459164]]}},{"type":"Feature","properties":{"linea":"9-3-34","parcela":"9-3","palmas":5},"geometry":{"type":"LineString","coordinates":[[-72.969129,4.459082],[-72.968848,4.459245]]}},{"type":"Feature","properties":{"linea":"9-3-35","parcela":"9-3","palmas":5},"geometry":{"type":"LineString","coordinates":[[-72.969128,4.459163],[-72.968847,4.459326]]}},{"type":"Feature","properties":{"linea":"9-3-36","parcela":"9-3","palmas":5},"geometry":{"type":"LineString","coordinates":[[-72.969128,4.459245],[-72.968847,4.459408]]}},{"type":"Feature","properties":{"linea":"9-3-37","parcela":"9-3","palmas":5},"geometry":{"type":"LineString","coordinates":[[-72.969128,4.459326],[-72.968847,4.459489]]}},{"type":"Feature","properties":{"linea":"9-3-38","parcela":"9-3","palmas":5},"geometry":{"type":"LineString","coordinates":[[-72.969128,4.459407],[-72.968847,4.459571]]}},{"type":"Feature","properties":{"linea":"9-3-39","parcela":"9-3","palmas":5},"geometry":{"type":"LineString","coordinates":[[-72.969128,4.459489],[-72.968847,4.459652]]}},{"type":"Feature","properties":{"linea":"9-3-40","parcela":"9-3","palmas":5},"geometry":{"type":"LineString","coordinates":[[-72.969128,4.45957],[-72.968847,4.459733]]}},{"type":"Feature","properties":{"linea":"9-3-41","parcela":"9-3","palmas":5},"geometry":{"type":"LineString","coordinates":[[-72.969128,4.459652],[-72.968847,4.459815]]}},{"type":"Feature","properties":{"linea":"9-3-42","parcela":"9-3","palmas":5},"geometry":{"type":"LineString","coordinates":[[-72.969128,4.459733],[-72.968847,4.459896]]}},{"type":"Feature","properties":{"linea":"9-3-43","parcela":"9-3","palmas":5},"geometry":{"type":"LineString","coordinates":[[-72.969128,4.459814],[-72.968846,4.459978]]}},{"type":"Feature","properties":{"linea":"9-3-44","parcela":"9-3","palmas":5},"geometry":{"type":"LineString","coordinates":[[-72.969127,4.459896],[-72.968846,4.460059]]}},{"type":"Feature","properties":{"linea":"9-3-45","parcela":"9-3","palmas":4},"geometry":{"type":"LineString","coordinates":[[-72.969057,4.460018],[-72.968846,4.46014]]}},{"type":"Feature","properties":{"linea":"9-3-46","parcela":"9-3","palmas":4},"geometry":{"type":"LineString","coordinates":[[-72.969057,4.460099],[-72.968846,4.460222]]}},{"type":"Feature","properties":{"linea":"9-3-47","parcela":"9-3","palmas":4},"geometry":{"type":"LineString","coordinates":[[-72.969057,4.460181],[-72.968846,4.460303]]}},{"type":"Feature","properties":{"linea":"9-3-48","parcela":"9-3","palmas":4},"geometry":{"type":"LineString","coordinates":[[-72.969057,4.460262],[-72.968846,4.460384]]}},{"type":"Feature","properties":{"linea":"9-3-49","parcela":"9-3","palmas":3},"geometry":{"type":"LineString","coordinates":[[-72.968986,4.460384],[-72.968846,4.460466]]}},{"type":"Feature","properties":{"linea":"9-3-50","parcela":"9-3","palmas":3},"geometry":{"type":"LineString","coordinates":[[-72.968986,4.460466],[-72.968846,4.460547]]}},{"type":"Feature","properties":{"linea":"9-3-51","parcela":"9-3","palmas":3},"geometry":{"type":"LineString","coordinates":[[-72.968986,4.460547],[-72.968845,4.460629]]}},{"type":"Feature","properties":{"linea":"9-3-52","parcela":"9-3","palmas":3},"geometry":{"type":"LineString","coordinates":[[-72.968986,4.460628],[-72.968845,4.46071]]}},{"type":"Feature","properties":{"linea":"9-3-53","parcela":"9-3","palmas":3},"geometry":{"type":"LineString","coordinates":[[-72.968986,4.46071],[-72.968845,4.460791]]}},{"type":"Feature","properties":{"linea":"9-3-54","parcela":"9-3","palmas":3},"geometry":{"type":"LineString","coordinates":[[-72.968986,4.460791],[-72.968845,4.460873]]}},{"type":"Feature","properties":{"linea":"9-3-55","parcela":"9-3","palmas":3},"geometry":{"type":"LineString","coordinates":[[-72.968985,4.460872],[-72.968845,4.460954]]}},{"type":"Feature","properties":{"linea":"9-3-56","parcela":"9-3","palmas":3},"geometry":{"type":"LineString","coordinates":[[-72.968985,4.460954],[-72.968845,4.461035]]}},{"type":"Feature","properties":{"linea":"9-3-57","parcela":"9-3","palmas":3},"geometry":{"type":"LineString","coordinates":[[-72.968985,4.461035],[-72.968845,4.461117]]}},{"type":"Feature","properties":{"linea":"9-3-58","parcela":"9-3","palmas":4},"geometry":{"type":"LineString","coordinates":[[-72.969055,4.461076],[-72.968845,4.461198]]}},{"type":"Feature","properties":{"linea":"9-3-59","parcela":"9-3","palmas":4},"geometry":{"type":"LineString","coordinates":[[-72.969055,4.461157],[-72.968844,4.46128]]}},{"type":"Feature","properties":{"linea":"9-3-60","parcela":"9-3","palmas":4},"geometry":{"type":"LineString","coordinates":[[-72.969055,4.461238],[-72.968844,4.461361]]}},{"type":"Feature","properties":{"linea":"9-3-61","parcela":"9-3","palmas":4},"geometry":{"type":"LineString","coordinates":[[-72.969055,4.46132],[-72.968844,4.461442]]}},{"type":"Feature","properties":{"linea":"9-3-62","parcela":"9-3","palmas":4},"geometry":{"type":"LineString","coordinates":[[-72.969055,4.461401],[-72.968844,4.461523]]}},{"type":"Feature","properties":{"linea":"9-3-63","parcela":"9-3","palmas":4},"geometry":{"type":"LineString","coordinates":[[-72.969055,4.461483],[-72.968844,4.461605]]}},{"type":"Feature","properties":{"linea":"9-3-64","parcela":"9-3","palmas":4},"geometry":{"type":"LineString","coordinates":[[-72.969055,4.461564],[-72.968844,4.461686]]}},{"type":"Feature","properties":{"linea":"9-3-65","parcela":"9-3","palmas":4},"geometry":{"type":"LineString","coordinates":[[-72.969055,4.461645],[-72.968844,4.461768]]}},{"type":"Feature","properties":{"linea":"9-3-66","parcela":"9-3","palmas":4},"geometry":{"type":"LineString","coordinates":[[-72.969054,4.461727],[-72.968844,4.461849]]}},{"type":"Feature","properties":{"linea":"9-3-67","parcela":"9-3","palmas":5},"geometry":{"type":"LineString","coordinates":[[-72.969125,4.461767],[-72.968843,4.461931]]}},{"type":"Feature","properties":{"linea":"9-3-68","parcela":"9-3","palmas":5},"geometry":{"type":"LineString","coordinates":[[-72.969124,4.461849],[-72.968843,4.462012]]}},{"type":"Feature","properties":{"linea":"9-3-69","parcela":"9-3","palmas":5},"geometry":{"type":"LineString","coordinates":[[-72.969124,4.46193],[-72.968843,4.462093]]}},{"type":"Feature","properties":{"linea":"9-3-70","parcela":"9-3","palmas":5},"geometry":{"type":"LineString","coordinates":[[-72.969124,4.462011],[-72.968843,4.462175]]}},{"type":"Feature","properties":{"linea":"9-3-71","parcela":"9-3","palmas":6},"geometry":{"type":"LineString","coordinates":[[-72.969194,4.462052],[-72.968843,4.462256]]}},{"type":"Feature","properties":{"linea":"9-3-72","parcela":"9-3","palmas":6},"geometry":{"type":"LineString","coordinates":[[-72.969194,4.462133],[-72.968843,4.462337]]}},{"type":"Feature","properties":{"linea":"9-3-73","parcela":"9-3","palmas":6},"geometry":{"type":"LineString","coordinates":[[-72.969194,4.462214],[-72.968843,4.462419]]}},{"type":"Feature","properties":{"linea":"9-3-74","parcela":"9-3","palmas":6},"geometry":{"type":"LineString","coordinates":[[-72.969194,4.462296],[-72.968843,4.4625]]}},{"type":"Feature","properties":{"linea":"9-3-75","parcela":"9-3","palmas":6},"geometry":{"type":"LineString","coordinates":[[-72.969194,4.462377],[-72.968842,4.462582]]}},{"type":"Feature","properties":{"linea":"9-3-76","parcela":"9-3","palmas":6},"geometry":{"type":"LineString","coordinates":[[-72.969194,4.462459],[-72.968842,4.462663]]}},{"type":"Feature","properties":{"linea":"9-3-77","parcela":"9-3","palmas":7},"geometry":{"type":"LineString","coordinates":[[-72.969264,4.462499],[-72.968842,4.462744]]}},{"type":"Feature","properties":{"linea":"9-3-78","parcela":"9-3","palmas":7},"geometry":{"type":"LineString","coordinates":[[-72.969264,4.462581],[-72.968842,4.462826]]}},{"type":"Feature","properties":{"linea":"9-3-79","parcela":"9-3","palmas":7},"geometry":{"type":"LineString","coordinates":[[-72.969264,4.462662],[-72.968842,4.462907]]}},{"type":"Feature","properties":{"linea":"9-3-80","parcela":"9-3","palmas":7},"geometry":{"type":"LineString","coordinates":[[-72.969264,4.462743],[-72.968842,4.462988]]}},{"type":"Feature","properties":{"linea":"9-3-81","parcela":"9-3","palmas":8},"geometry":{"type":"LineString","coordinates":[[-72.969334,4.462784],[-72.968842,4.46307]]}},{"type":"Feature","properties":{"linea":"9-3-82","parcela":"9-3","palmas":8},"geometry":{"type":"LineString","coordinates":[[-72.969334,4.462865],[-72.968842,4.463151]]}},{"type":"Feature","properties":{"linea":"9-3-83","parcela":"9-3","palmas":9},"geometry":{"type":"LineString","coordinates":[[-72.969404,4.462906],[-72.968842,4.463232]]}},{"type":"Feature","properties":{"linea":"9-3-84","parcela":"9-3","palmas":9},"geometry":{"type":"LineString","coordinates":[[-72.969404,4.462987],[-72.968841,4.463314]]}},{"type":"Feature","properties":{"linea":"9-3-85","parcela":"9-3","palmas":9},"geometry":{"type":"LineString","coordinates":[[-72.969403,4.463069],[-72.968841,4.463395]]}},{"type":"Feature","properties":{"linea":"9-3-86","parcela":"9-3","palmas":9},"geometry":{"type":"LineString","coordinates":[[-72.969403,4.46315],[-72.968841,4.463476]]}},{"type":"Feature","properties":{"linea":"9-3-87","parcela":"9-3","palmas":10},"geometry":{"type":"LineString","coordinates":[[-72.969473,4.463191],[-72.968841,4.463558]]}},{"type":"Feature","properties":{"linea":"9-3-88","parcela":"9-3","palmas":10},"geometry":{"type":"LineString","coordinates":[[-72.969473,4.463272],[-72.968841,4.463639]]}},{"type":"Feature","properties":{"linea":"9-3-89","parcela":"9-3","palmas":10},"geometry":{"type":"LineString","coordinates":[[-72.969473,4.463353],[-72.968841,4.463721]]}},{"type":"Feature","properties":{"linea":"9-3-90","parcela":"9-3","palmas":11},"geometry":{"type":"LineString","coordinates":[[-72.969543,4.463394],[-72.968841,4.463802]]}},{"type":"Feature","properties":{"linea":"9-3-91","parcela":"9-3","palmas":12},"geometry":{"type":"LineString","coordinates":[[-72.969614,4.463434],[-72.968841,4.463883]]}},{"type":"Feature","properties":{"linea":"9-3-92","parcela":"9-3","palmas":12},"geometry":{"type":"LineString","coordinates":[[-72.969613,4.463516],[-72.96884,4.463965]]}},{"type":"Feature","properties":{"linea":"9-3-93","parcela":"9-3","palmas":13},"geometry":{"type":"LineString","coordinates":[[-72.969684,4.463556],[-72.96884,4.464046]]}},{"type":"Feature","properties":{"linea":"9-3-94","parcela":"9-3","palmas":13},"geometry":{"type":"LineString","coordinates":[[-72.969683,4.463638],[-72.96884,4.464128]]}},{"type":"Feature","properties":{"linea":"9-3-95","parcela":"9-3","palmas":14},"geometry":{"type":"LineString","coordinates":[[-72.969754,4.463678],[-72.96884,4.464209]]}},{"type":"Feature","properties":{"linea":"9-3-96","parcela":"9-3","palmas":15},"geometry":{"type":"LineString","coordinates":[[-72.969824,4.463719],[-72.96884,4.46429]]}},{"type":"Feature","properties":{"linea":"9-3-97","parcela":"9-3","palmas":15},"geometry":{"type":"LineString","coordinates":[[-72.969824,4.4638],[-72.96884,4.464372]]}},{"type":"Feature","properties":{"linea":"9-3-98","parcela":"9-3","palmas":25},"geometry":{"type":"LineString","coordinates":[[-72.969824,4.463882],[-72.968137,4.464862]]}},{"type":"Feature","properties":{"linea":"9-3-99","parcela":"9-3","palmas":26},"geometry":{"type":"LineString","coordinates":[[-72.969894,4.463922],[-72.968137,4.464943]]}},{"type":"Feature","properties":{"linea":"9-3-100","parcela":"9-3","palmas":24},"geometry":{"type":"LineString","coordinates":[[-72.968629,4.464738],[-72.968137,4.465024]]}},{"type":"Feature","properties":{"linea":"9-3-100","parcela":"9-3","palmas":24},"geometry":{"type":"LineString","coordinates":[[-72.969964,4.463963],[-72.96891,4.464575]]}},{"type":"Feature","properties":{"linea":"9-3-101","parcela":"9-3","palmas":23},"geometry":{"type":"LineString","coordinates":[[-72.968628,4.46482],[-72.968137,4.465106]]}},{"type":"Feature","properties":{"linea":"9-3-101","parcela":"9-3","palmas":23},"geometry":{"type":"LineString","coordinates":[[-72.969964,4.464044],[-72.96898,4.464616]]}},{"type":"Feature","properties":{"linea":"9-3-102","parcela":"9-3","palmas":23},"geometry":{"type":"LineString","coordinates":[[-72.968699,4.46486],[-72.968136,4.465187]]}},{"type":"Feature","properties":{"linea":"9-3-102","parcela":"9-3","palmas":23},"geometry":{"type":"LineString","coordinates":[[-72.969964,4.464125],[-72.96905,4.464656]]}},{"type":"Feature","properties":{"linea":"9-3-103","parcela":"9-3","palmas":24},"geometry":{"type":"LineString","coordinates":[[-72.968699,4.464941],[-72.968207,4.465227]]}},{"type":"Feature","properties":{"linea":"9-3-103","parcela":"9-3","palmas":24},"geometry":{"type":"LineString","coordinates":[[-72.970104,4.464125],[-72.96905,4.464737]]}},{"type":"Feature","properties":{"linea":"9-3-104","parcela":"9-3","palmas":24},"geometry":{"type":"LineString","coordinates":[[-72.968698,4.465023],[-72.968206,4.465309]]}},{"type":"Feature","properties":{"linea":"9-3-104","parcela":"9-3","palmas":24},"geometry":{"type":"LineString","coordinates":[[-72.970104,4.464206],[-72.96905,4.464819]]}},{"type":"Feature","properties":{"linea":"9-3-105","parcela":"9-3","palmas":25},"geometry":{"type":"LineString","coordinates":[[-72.968769,4.465063],[-72.968206,4.46539]]}},{"type":"Feature","properties":{"linea":"9-3-105","parcela":"9-3","palmas":25},"geometry":{"type":"LineString","coordinates":[[-72.970104,4.464288],[-72.96905,4.4649]]}},{"type":"Feature","properties":{"linea":"9-3-106","parcela":"9-3","palmas":26},"geometry":{"type":"LineString","coordinates":[[-72.968839,4.465104],[-72.968206,4.465472]]}},{"type":"Feature","properties":{"linea":"9-3-106","parcela":"9-3","palmas":26},"geometry":{"type":"LineString","coordinates":[[-72.970104,4.464369],[-72.96905,4.464982]]}},{"type":"Feature","properties":{"linea":"9-3-107","parcela":"9-3","palmas":27},"geometry":{"type":"LineString","coordinates":[[-72.968698,4.465267],[-72.968206,4.465553]]}},{"type":"Feature","properties":{"linea":"9-3-107","parcela":"9-3","palmas":27},"geometry":{"type":"LineString","coordinates":[[-72.970104,4.464451],[-72.968839,4.465185]]}},{"type":"Feature","properties":{"linea":"9-3-108","parcela":"9-3","palmas":28},"geometry":{"type":"LineString","coordinates":[[-72.970103,4.464532],[-72.968206,4.465634]]}},{"type":"Feature","properties":{"linea":"9-3-109","parcela":"9-3","palmas":37},"geometry":{"type":"LineString","coordinates":[[-72.970736,4.464246],[-72.968206,4.465716]]}},{"type":"Feature","properties":{"linea":"9-3-110","parcela":"9-3","palmas":38},"geometry":{"type":"LineString","coordinates":[[-72.970806,4.464286],[-72.968206,4.465797]]}},{"type":"Feature","properties":{"linea":"9-3-111","parcela":"9-3","palmas":39},"geometry":{"type":"LineString","coordinates":[[-72.970876,4.464327],[-72.968206,4.465879]]}},{"type":"Feature","properties":{"linea":"9-3-112","parcela":"9-3","palmas":40},"geometry":{"type":"LineString","coordinates":[[-72.970946,4.464368],[-72.968206,4.46596]]}},{"type":"Feature","properties":{"linea":"9-3-113","parcela":"9-3","palmas":41},"geometry":{"type":"LineString","coordinates":[[-72.971016,4.464408],[-72.968205,4.466041]]}},{"type":"Feature","properties":{"linea":"9-3-114","parcela":"9-3","palmas":41},"geometry":{"type":"LineString","coordinates":[[-72.971016,4.464489],[-72.968205,4.466123]]}},{"type":"Feature","properties":{"linea":"9-3-115","parcela":"9-3","palmas":41},"geometry":{"type":"LineString","coordinates":[[-72.971016,4.464571],[-72.968205,4.466204]]}},{"type":"Feature","properties":{"linea":"9-3-116","parcela":"9-3","palmas":29},"geometry":{"type":"LineString","coordinates":[[-72.970173,4.465142],[-72.968205,4.466285]]}},{"type":"Feature","properties":{"linea":"9-3-117","parcela":"9-3","palmas":16},"geometry":{"type":"LineString","coordinates":[[-72.969259,4.465754],[-72.968205,4.466367]]}},{"type":"Feature","properties":{"linea":"9-3-118","parcela":"9-3","palmas":16},"geometry":{"type":"LineString","coordinates":[[-72.969259,4.465836],[-72.968205,4.466448]]}},{"type":"Feature","properties":{"linea":"9-3-119","parcela":"9-3","palmas":15},"geometry":{"type":"LineString","coordinates":[[-72.969259,4.465917],[-72.968275,4.466489]]}},{"type":"Feature","properties":{"linea":"9-3-120","parcela":"9-3","palmas":15},"geometry":{"type":"LineString","coordinates":[[-72.969259,4.465998],[-72.968275,4.46657]]}},{"type":"Feature","properties":{"linea":"9-3-121","parcela":"9-3","palmas":15},"geometry":{"type":"LineString","coordinates":[[-72.969259,4.46608],[-72.968275,4.466651]]}},{"type":"Feature","properties":{"linea":"9-3-122","parcela":"9-3","palmas":15},"geometry":{"type":"LineString","coordinates":[[-72.969258,4.466161],[-72.968275,4.466733]]}},{"type":"Feature","properties":{"linea":"9-3-123","parcela":"9-3","palmas":15},"geometry":{"type":"LineString","coordinates":[[-72.969258,4.466242],[-72.968274,4.466814]]}},{"type":"Feature","properties":{"linea":"9-3-124","parcela":"9-3","palmas":15},"geometry":{"type":"LineString","coordinates":[[-72.969258,4.466324],[-72.968274,4.466895]]}},{"type":"Feature","properties":{"linea":"9-3-125","parcela":"9-3","palmas":15},"geometry":{"type":"LineString","coordinates":[[-72.969258,4.466405],[-72.968274,4.466977]]}},{"type":"Feature","properties":{"linea":"9-3-126","parcela":"9-3","palmas":15},"geometry":{"type":"LineString","coordinates":[[-72.969258,4.466487],[-72.968274,4.467058]]}},{"type":"Feature","properties":{"linea":"9-3-127","parcela":"9-3","palmas":16},"geometry":{"type":"LineString","coordinates":[[-72.969328,4.466527],[-72.968274,4.46714]]}},{"type":"Feature","properties":{"linea":"9-3-128","parcela":"9-3","palmas":16},"geometry":{"type":"LineString","coordinates":[[-72.969328,4.466608],[-72.968274,4.467221]]}},{"type":"Feature","properties":{"linea":"9-3-129","parcela":"9-3","palmas":16},"geometry":{"type":"LineString","coordinates":[[-72.969328,4.46669],[-72.968274,4.467302]]}},{"type":"Feature","properties":{"linea":"9-3-130","parcela":"9-3","palmas":16},"geometry":{"type":"LineString","coordinates":[[-72.969328,4.466771],[-72.968274,4.467384]]}},{"type":"Feature","properties":{"linea":"9-3-131","parcela":"9-3","palmas":16},"geometry":{"type":"LineString","coordinates":[[-72.969328,4.466853],[-72.968273,4.467465]]}},{"type":"Feature","properties":{"linea":"9-3-132","parcela":"9-3","palmas":16},"geometry":{"type":"LineString","coordinates":[[-72.969327,4.466934],[-72.968273,4.467547]]}},{"type":"Feature","properties":{"linea":"9-3-133","parcela":"9-3","palmas":16},"geometry":{"type":"LineString","coordinates":[[-72.969327,4.467015],[-72.968273,4.467628]]}},{"type":"Feature","properties":{"linea":"9-3-134","parcela":"9-3","palmas":16},"geometry":{"type":"LineString","coordinates":[[-72.969327,4.467096],[-72.968273,4.467709]]}},{"type":"Feature","properties":{"linea":"9-3-135","parcela":"9-3","palmas":16},"geometry":{"type":"LineString","coordinates":[[-72.969327,4.467178],[-72.968273,4.467791]]}},{"type":"Feature","properties":{"linea":"9-3-136","parcela":"9-3","palmas":16},"geometry":{"type":"LineString","coordinates":[[-72.969327,4.467259],[-72.968273,4.467872]]}},{"type":"Feature","properties":{"linea":"9-3-137","parcela":"9-3","palmas":16},"geometry":{"type":"LineString","coordinates":[[-72.969327,4.467341],[-72.968273,4.467953]]}},{"type":"Feature","properties":{"linea":"9-3-138","parcela":"9-3","palmas":16},"geometry":{"type":"LineString","coordinates":[[-72.969327,4.467422],[-72.968273,4.468035]]}},{"type":"Feature","properties":{"linea":"9-3-139","parcela":"9-3","palmas":16},"geometry":{"type":"LineString","coordinates":[[-72.969327,4.467504],[-72.968272,4.468116]]}},{"type":"Feature","properties":{"linea":"9-3-140","parcela":"9-3","palmas":15},"geometry":{"type":"LineString","coordinates":[[-72.969326,4.467585],[-72.968343,4.468157]]}},{"type":"Feature","properties":{"linea":"9-3-141","parcela":"9-3","palmas":15},"geometry":{"type":"LineString","coordinates":[[-72.969326,4.467666],[-72.968342,4.468238]]}},{"type":"Feature","properties":{"linea":"9-3-142","parcela":"9-3","palmas":15},"geometry":{"type":"LineString","coordinates":[[-72.969326,4.467748],[-72.968342,4.468319]]}},{"type":"Feature","properties":{"linea":"9-3-143","parcela":"9-3","palmas":15},"geometry":{"type":"LineString","coordinates":[[-72.969326,4.467829],[-72.968342,4.468401]]}},{"type":"Feature","properties":{"linea":"9-3-144","parcela":"9-3","palmas":15},"geometry":{"type":"LineString","coordinates":[[-72.969326,4.46791],[-72.968342,4.468482]]}},{"type":"Feature","properties":{"linea":"9-3-145","parcela":"9-3","palmas":16},"geometry":{"type":"LineString","coordinates":[[-72.969396,4.467951],[-72.968342,4.468564]]}},{"type":"Feature","properties":{"linea":"9-3-146","parcela":"9-3","palmas":16},"geometry":{"type":"LineString","coordinates":[[-72.969396,4.468032],[-72.968342,4.468645]]}},{"type":"Feature","properties":{"linea":"9-3-147","parcela":"9-3","palmas":16},"geometry":{"type":"LineString","coordinates":[[-72.969396,4.468114],[-72.968342,4.468726]]}},{"type":"Feature","properties":{"linea":"9-3-148","parcela":"9-3","palmas":16},"geometry":{"type":"LineString","coordinates":[[-72.969396,4.468195],[-72.968342,4.468807]]}},{"type":"Feature","properties":{"linea":"9-3-149","parcela":"9-3","palmas":16},"geometry":{"type":"LineString","coordinates":[[-72.969396,4.468276],[-72.968342,4.468889]]}},{"type":"Feature","properties":{"linea":"9-3-150","parcela":"9-3","palmas":16},"geometry":{"type":"LineString","coordinates":[[-72.969395,4.468358],[-72.968341,4.46897]]}},{"type":"Feature","properties":{"linea":"9-3-151","parcela":"9-3","palmas":16},"geometry":{"type":"LineString","coordinates":[[-72.969395,4.468439],[-72.968341,4.469052]]}},{"type":"Feature","properties":{"linea":"9-3-152","parcela":"9-3","palmas":17},"geometry":{"type":"LineString","coordinates":[[-72.969395,4.468521],[-72.968341,4.469133]]}},{"type":"Feature","properties":{"linea":"9-3-153","parcela":"9-3","palmas":17},"geometry":{"type":"LineString","coordinates":[[-72.969536,4.468602],[-72.968411,4.469255]]}},{"type":"Feature","properties":{"linea":"9-3-154","parcela":"9-3","palmas":17},"geometry":{"type":"LineString","coordinates":[[-72.969535,4.468683],[-72.968411,4.469336]]}},{"type":"Feature","properties":{"linea":"9-3-155","parcela":"9-3","palmas":17},"geometry":{"type":"LineString","coordinates":[[-72.969535,4.468764],[-72.968411,4.469418]]}},{"type":"Feature","properties":{"linea":"9-3-156","parcela":"9-3","palmas":17},"geometry":{"type":"LineString","coordinates":[[-72.969535,4.468846],[-72.968411,4.469499]]}},{"type":"Feature","properties":{"linea":"9-3-157","parcela":"9-3","palmas":17},"geometry":{"type":"LineString","coordinates":[[-72.969535,4.468927],[-72.968411,4.469581]]}},{"type":"Feature","properties":{"linea":"9-3-158","parcela":"9-3","palmas":16},"geometry":{"type":"LineString","coordinates":[[-72.969535,4.469008],[-72.968411,4.469662]]}},{"type":"Feature","properties":{"linea":"9-3-159","parcela":"9-3","palmas":9},"geometry":{"type":"LineString","coordinates":[[-72.968832,4.469498],[-72.96841,4.469743]]}},{"type":"Feature","properties":{"linea":"9-3-159","parcela":"9-3","palmas":9},"geometry":{"type":"LineString","coordinates":[[-72.969394,4.469172],[-72.969254,4.469253]]}},{"type":"Feature","properties":{"linea":"9-3-160","parcela":"9-3","palmas":7},"geometry":{"type":"LineString","coordinates":[[-72.968832,4.46958],[-72.96841,4.469825]]}},{"type":"Feature","properties":{"linea":"9-3-161","parcela":"9-3","palmas":5},"geometry":{"type":"LineString","coordinates":[[-72.968691,4.469743],[-72.96841,4.469906]]}},{"type":"Feature","properties":{"linea":"9-3-162","parcela":"9-3","palmas":3},"geometry":{"type":"LineString","coordinates":[[-72.968551,4.469906],[-72.96841,4.469987]]}},{"type":"Feature","properties":{"linea":"9-3-163","parcela":"9-3","palmas":2},"geometry":{"type":"LineString","coordinates":[[-72.96848,4.470028],[-72.96841,4.470069]]}},{"type":"Feature","properties":{"linea":"9-3-164","parcela":"9-3","palmas":1},"geometry":{"type":"LineString","coordinates":[[-72.969501,4.468419],[-72.969571,4.468459]]}},{"type":"Feature","properties":{"linea":"9-3-165","parcela":"9-3","palmas":2},"geometry":{"type":"LineString","coordinates":[[-72.969536,4.468357],[-72.969606,4.468398]]}},{"type":"Feature","properties":{"linea":"9-3-166","parcela":"9-3","palmas":3},"geometry":{"type":"LineString","coordinates":[[-72.969536,4.468276],[-72.969676,4.468357]]}},{"type":"Feature","properties":{"linea":"9-3-167","parcela":"9-3","palmas":3},"geometry":{"type":"LineString","coordinates":[[-72.969536,4.468195],[-72.969676,4.468276]]}},{"type":"Feature","properties":{"linea":"9-3-168","parcela":"9-3","palmas":3},"geometry":{"type":"LineString","coordinates":[[-72.969536,4.468113],[-72.969677,4.468195]]}},{"type":"Feature","properties":{"linea":"9-3-169","parcela":"9-3","palmas":4},"geometry":{"type":"LineString","coordinates":[[-72.969536,4.468032],[-72.969747,4.468154]]}},{"type":"Feature","properties":{"linea":"9-3-170","parcela":"9-3","palmas":5},"geometry":{"type":"LineString","coordinates":[[-72.969537,4.467951],[-72.969817,4.468113]]}},{"type":"Feature","properties":{"linea":"9-3-171","parcela":"9-3","palmas":5},"geometry":{"type":"LineString","coordinates":[[-72.969537,4.467869],[-72.969817,4.468031]]}},{"type":"Feature","properties":{"linea":"9-3-172","parcela":"9-3","palmas":6},"geometry":{"type":"LineString","coordinates":[[-72.969537,4.467788],[-72.969888,4.46799]]}},{"type":"Feature","properties":{"linea":"9-3-173","parcela":"9-3","palmas":7},"geometry":{"type":"LineString","coordinates":[[-72.969467,4.467666],[-72.969888,4.467909]]}},{"type":"Feature","properties":{"linea":"9-3-174","parcela":"9-3","palmas":8},"geometry":{"type":"LineString","coordinates":[[-72.969467,4.467585],[-72.969958,4.467868]]}},{"type":"Feature","properties":{"linea":"9-3-175","parcela":"9-3","palmas":8},"geometry":{"type":"LineString","coordinates":[[-72.969467,4.467503],[-72.969958,4.467787]]}},{"type":"Feature","properties":{"linea":"9-3-176","parcela":"9-3","palmas":9},"geometry":{"type":"LineString","coordinates":[[-72.969467,4.467422],[-72.970028,4.467746]]}},{"type":"Feature","properties":{"linea":"9-3-177","parcela":"9-3","palmas":9},"geometry":{"type":"LineString","coordinates":[[-72.969467,4.467341],[-72.970028,4.467665]]}},{"type":"Feature","properties":{"linea":"9-3-178","parcela":"9-3","palmas":10},"geometry":{"type":"LineString","coordinates":[[-72.969467,4.467259],[-72.970099,4.467624]]}},{"type":"Feature","properties":{"linea":"9-3-179","parcela":"9-3","palmas":10},"geometry":{"type":"LineString","coordinates":[[-72.969467,4.467178],[-72.970099,4.467543]]}},{"type":"Feature","properties":{"linea":"9-3-180","parcela":"9-3","palmas":11},"geometry":{"type":"LineString","coordinates":[[-72.969468,4.467096],[-72.970169,4.467502]]}},{"type":"Feature","properties":{"linea":"9-3-181","parcela":"9-3","palmas":11},"geometry":{"type":"LineString","coordinates":[[-72.969468,4.467015],[-72.970169,4.467421]]}},{"type":"Feature","properties":{"linea":"9-3-182","parcela":"9-3","palmas":12},"geometry":{"type":"LineString","coordinates":[[-72.969468,4.466934],[-72.97024,4.46738]]}},{"type":"Feature","properties":{"linea":"9-3-183","parcela":"9-3","palmas":12},"geometry":{"type":"LineString","coordinates":[[-72.969468,4.466852],[-72.97024,4.467298]]}},{"type":"Feature","properties":{"linea":"9-3-184","parcela":"9-3","palmas":13},"geometry":{"type":"LineString","coordinates":[[-72.969468,4.466771],[-72.97031,4.467257]]}},{"type":"Feature","properties":{"linea":"9-3-185","parcela":"9-3","palmas":13},"geometry":{"type":"LineString","coordinates":[[-72.969468,4.46669],[-72.97031,4.467176]]}},{"type":"Feature","properties":{"linea":"9-3-186","parcela":"9-3","palmas":14},"geometry":{"type":"LineString","coordinates":[[-72.969468,4.466608],[-72.97038,4.467135]]}},{"type":"Feature","properties":{"linea":"9-3-187","parcela":"9-3","palmas":14},"geometry":{"type":"LineString","coordinates":[[-72.969468,4.466527],[-72.97038,4.467054]]}},{"type":"Feature","properties":{"linea":"9-3-188","parcela":"9-3","palmas":15},"geometry":{"type":"LineString","coordinates":[[-72.969469,4.466445],[-72.970451,4.467013]]}},{"type":"Feature","properties":{"linea":"9-3-189","parcela":"9-3","palmas":15},"geometry":{"type":"LineString","coordinates":[[-72.969469,4.466364],[-72.970451,4.466932]]}},{"type":"Feature","properties":{"linea":"9-3-190","parcela":"9-3","palmas":16},"geometry":{"type":"LineString","coordinates":[[-72.969469,4.466283],[-72.970521,4.466891]]}},{"type":"Feature","properties":{"linea":"9-3-191","parcela":"9-3","palmas":16},"geometry":{"type":"LineString","coordinates":[[-72.969469,4.466201],[-72.970521,4.46681]]}},{"type":"Feature","properties":{"linea":"9-3-192","parcela":"9-3","palmas":17},"geometry":{"type":"LineString","coordinates":[[-72.969469,4.46612],[-72.970591,4.466769]]}},{"type":"Feature","properties":{"linea":"9-3-193","parcela":"9-3","palmas":17},"geometry":{"type":"LineString","coordinates":[[-72.969469,4.466039],[-72.970592,4.466687]]}},{"type":"Feature","properties":{"linea":"9-3-194","parcela":"9-3","palmas":18},"geometry":{"type":"LineString","coordinates":[[-72.969469,4.465957],[-72.970662,4.466646]]}},{"type":"Feature","properties":{"linea":"9-3-195","parcela":"9-3","palmas":18},"geometry":{"type":"LineString","coordinates":[[-72.969469,4.465876],[-72.970662,4.466565]]}},{"type":"Feature","properties":{"linea":"9-3-196","parcela":"9-3","palmas":19},"geometry":{"type":"LineString","coordinates":[[-72.96947,4.465794],[-72.970732,4.466524]]}},{"type":"Feature","properties":{"linea":"9-3-197","parcela":"9-3","palmas":19},"geometry":{"type":"LineString","coordinates":[[-72.96947,4.465713],[-72.970732,4.466443]]}},{"type":"Feature","properties":{"linea":"9-3-198","parcela":"9-3","palmas":19},"geometry":{"type":"LineString","coordinates":[[-72.96954,4.465672],[-72.970803,4.466402]]}},{"type":"Feature","properties":{"linea":"9-3-199","parcela":"9-3","palmas":18},"geometry":{"type":"LineString","coordinates":[[-72.96961,4.465631],[-72.970803,4.466321]]}},{"type":"Feature","properties":{"linea":"9-3-200","parcela":"9-3","palmas":18},"geometry":{"type":"LineString","coordinates":[[-72.969681,4.465591],[-72.970873,4.46628]]}},{"type":"Feature","properties":{"linea":"9-3-201","parcela":"9-3","palmas":17},"geometry":{"type":"LineString","coordinates":[[-72.969751,4.46555],[-72.970873,4.466198]]}},{"type":"Feature","properties":{"linea":"9-3-202","parcela":"9-3","palmas":17},"geometry":{"type":"LineString","coordinates":[[-72.969821,4.465509],[-72.970943,4.466157]]}},{"type":"Feature","properties":{"linea":"9-3-203","parcela":"9-3","palmas":16},"geometry":{"type":"LineString","coordinates":[[-72.969891,4.465468],[-72.970944,4.466076]]}},{"type":"Feature","properties":{"linea":"9-3-204","parcela":"9-3","palmas":16},"geometry":{"type":"LineString","coordinates":[[-72.969962,4.465427],[-72.971014,4.466036]]}},{"type":"Feature","properties":{"linea":"9-3-205","parcela":"9-3","palmas":15},"geometry":{"type":"LineString","coordinates":[[-72.970032,4.465386],[-72.971014,4.465954]]}},{"type":"Feature","properties":{"linea":"9-3-206","parcela":"9-3","palmas":15},"geometry":{"type":"LineString","coordinates":[[-72.970102,4.465346],[-72.971084,4.465913]]}},{"type":"Feature","properties":{"linea":"9-3-207","parcela":"9-3","palmas":14},"geometry":{"type":"LineString","coordinates":[[-72.970172,4.465305],[-72.971084,4.465832]]}},{"type":"Feature","properties":{"linea":"9-3-208","parcela":"9-3","palmas":14},"geometry":{"type":"LineString","coordinates":[[-72.970243,4.465264],[-72.971155,4.465791]]}},{"type":"Feature","properties":{"linea":"9-3-209","parcela":"9-3","palmas":14},"geometry":{"type":"LineString","coordinates":[[-72.970243,4.465183],[-72.971155,4.46571]]}},{"type":"Feature","properties":{"linea":"9-3-210","parcela":"9-3","palmas":14},"geometry":{"type":"LineString","coordinates":[[-72.970313,4.465142],[-72.971225,4.465669]]}},{"type":"Feature","properties":{"linea":"9-3-211","parcela":"9-3","palmas":13},"geometry":{"type":"LineString","coordinates":[[-72.970383,4.465101],[-72.971225,4.465588]]}},{"type":"Feature","properties":{"linea":"9-3-212","parcela":"9-3","palmas":13},"geometry":{"type":"LineString","coordinates":[[-72.970454,4.46506],[-72.971295,4.465547]]}},{"type":"Feature","properties":{"linea":"9-3-213","parcela":"9-3","palmas":12},"geometry":{"type":"LineString","coordinates":[[-72.970524,4.465019],[-72.971296,4.465465]]}},{"type":"Feature","properties":{"linea":"9-3-214","parcela":"9-3","palmas":12},"geometry":{"type":"LineString","coordinates":[[-72.970594,4.464979],[-72.971366,4.465425]]}},{"type":"Feature","properties":{"linea":"9-3-215","parcela":"9-3","palmas":11},"geometry":{"type":"LineString","coordinates":[[-72.970664,4.464938],[-72.971366,4.465343]]}},{"type":"Feature","properties":{"linea":"9-3-216","parcela":"9-3","palmas":11},"geometry":{"type":"LineString","coordinates":[[-72.970735,4.464897],[-72.971436,4.465302]]}},{"type":"Feature","properties":{"linea":"9-3-217","parcela":"9-3","palmas":10},"geometry":{"type":"LineString","coordinates":[[-72.970805,4.464856],[-72.971436,4.465221]]}},{"type":"Feature","properties":{"linea":"9-3-218","parcela":"9-3","palmas":10},"geometry":{"type":"LineString","coordinates":[[-72.970875,4.464815],[-72.971507,4.46518]]}},{"type":"Feature","properties":{"linea":"9-3-219","parcela":"9-3","palmas":10},"geometry":{"type":"LineString","coordinates":[[-72.970946,4.464774],[-72.971577,4.465139]]}},{"type":"Feature","properties":{"linea":"9-3-220","parcela":"9-3","palmas":7},"geometry":{"type":"LineString","coordinates":[[-72.971226,4.464855],[-72.971507,4.465017]]}},{"type":"Feature","properties":{"linea":"9-3-220","parcela":"9-3","palmas":7},"geometry":{"type":"LineString","coordinates":[[-72.971016,4.464734],[-72.971086,4.464774]]}},{"type":"Feature","properties":{"linea":"9-3-221","parcela":"9-3","palmas":4},"geometry":{"type":"LineString","coordinates":[[-72.971367,4.464855],[-72.971507,4.464936]]}},{"type":"Feature","properties":{"linea":"9-3-221","parcela":"9-3","palmas":4},"geometry":{"type":"LineString","coordinates":[[-72.971063,4.464679],[-72.971086,4.464693]]}},{"type":"Feature","properties":{"linea":"9-3-222","parcela":"9-3","palmas":1},"geometry":{"type":"LineString","coordinates":[[-72.971121,4.464632],[-72.971191,4.464672]]}},{"type":"Feature","properties":{"linea":"9-3-223","parcela":"9-3","palmas":1},"geometry":{"type":"LineString","coordinates":[[-72.971682,4.465526],[-72.971612,4.465485]]}},{"type":"Feature","properties":{"linea":"9-3-224","parcela":"9-3","palmas":2},"geometry":{"type":"LineString","coordinates":[[-72.971646,4.465587],[-72.971576,4.465546]]}},{"type":"Feature","properties":{"linea":"9-3-225","parcela":"9-3","palmas":2},"geometry":{"type":"LineString","coordinates":[[-72.971646,4.465668],[-72.971576,4.465628]]}},{"type":"Feature","properties":{"linea":"9-3-226","parcela":"9-3","palmas":3},"geometry":{"type":"LineString","coordinates":[[-72.971646,4.465749],[-72.971506,4.465668]]}},{"type":"Feature","properties":{"linea":"9-3-227","parcela":"9-3","palmas":3},"geometry":{"type":"LineString","coordinates":[[-72.971646,4.465831],[-72.971506,4.46575]]}},{"type":"Feature","properties":{"linea":"9-3-228","parcela":"9-3","palmas":4},"geometry":{"type":"LineString","coordinates":[[-72.971646,4.465912],[-72.971436,4.465791]]}},{"type":"Feature","properties":{"linea":"9-3-229","parcela":"9-3","palmas":4},"geometry":{"type":"LineString","coordinates":[[-72.971646,4.465994],[-72.971435,4.465872]]}},{"type":"Feature","properties":{"linea":"9-3-230","parcela":"9-3","palmas":5},"geometry":{"type":"LineString","coordinates":[[-72.971646,4.466075],[-72.971365,4.465913]]}},{"type":"Feature","properties":{"linea":"9-3-231","parcela":"9-3","palmas":5},"geometry":{"type":"LineString","coordinates":[[-72.971646,4.466156],[-72.971365,4.465994]]}},{"type":"Feature","properties":{"linea":"9-3-232","parcela":"9-3","palmas":6},"geometry":{"type":"LineString","coordinates":[[-72.971645,4.466238],[-72.971295,4.466035]]}},{"type":"Feature","properties":{"linea":"9-3-233","parcela":"9-3","palmas":6},"geometry":{"type":"LineString","coordinates":[[-72.971645,4.466319],[-72.971295,4.466116]]}},{"type":"Feature","properties":{"linea":"9-3-234","parcela":"9-3","palmas":7},"geometry":{"type":"LineString","coordinates":[[-72.971645,4.4664],[-72.971224,4.466157]]}},{"type":"Feature","properties":{"linea":"9-3-235","parcela":"9-3","palmas":8},"geometry":{"type":"LineString","coordinates":[[-72.971715,4.466522],[-72.971224,4.466239]]}},{"type":"Feature","properties":{"linea":"9-3-236","parcela":"9-3","palmas":8},"geometry":{"type":"LineString","coordinates":[[-72.971645,4.466563],[-72.971154,4.466279]]}},{"type":"Feature","properties":{"linea":"9-3-237","parcela":"9-3","palmas":8},"geometry":{"type":"LineString","coordinates":[[-72.971645,4.466645],[-72.971154,4.466361]]}},{"type":"Feature","properties":{"linea":"9-3-238","parcela":"9-3","palmas":9},"geometry":{"type":"LineString","coordinates":[[-72.971645,4.466726],[-72.971084,4.466402]]}},{"type":"Feature","properties":{"linea":"9-3-239","parcela":"9-3","palmas":8},"geometry":{"type":"LineString","coordinates":[[-72.971574,4.466767],[-72.971083,4.466483]]}},{"type":"Feature","properties":{"linea":"9-3-240","parcela":"9-3","palmas":9},"geometry":{"type":"LineString","coordinates":[[-72.971574,4.466848],[-72.971013,4.466524]]}},{"type":"Feature","properties":{"linea":"9-3-241","parcela":"9-3","palmas":8},"geometry":{"type":"LineString","coordinates":[[-72.971504,4.466889],[-72.971013,4.466605]]}},{"type":"Feature","properties":{"linea":"9-3-242","parcela":"9-3","palmas":9},"geometry":{"type":"LineString","coordinates":[[-72.971504,4.46697],[-72.970943,4.466646]]}},{"type":"Feature","properties":{"linea":"9-3-243","parcela":"9-3","palmas":8},"geometry":{"type":"LineString","coordinates":[[-72.971434,4.467011],[-72.970943,4.466727]]}},{"type":"Feature","properties":{"linea":"9-3-244","parcela":"9-3","palmas":8},"geometry":{"type":"LineString","coordinates":[[-72.971363,4.467052],[-72.970872,4.466768]]}},{"type":"Feature","properties":{"linea":"9-3-245","parcela":"9-3","palmas":7},"geometry":{"type":"LineString","coordinates":[[-72.971293,4.467093],[-72.970872,4.46685]]}},{"type":"Feature","properties":{"linea":"9-3-246","parcela":"9-3","palmas":8},"geometry":{"type":"LineString","coordinates":[[-72.971293,4.467174],[-72.970802,4.46689]]}},{"type":"Feature","properties":{"linea":"9-3-247","parcela":"9-3","palmas":8},"geometry":{"type":"LineString","coordinates":[[-72.971293,4.467256],[-72.970802,4.466972]]}},{"type":"Feature","properties":{"linea":"9-3-248","parcela":"9-3","palmas":8},"geometry":{"type":"LineString","coordinates":[[-72.971223,4.467296],[-72.970732,4.467013]]}},{"type":"Feature","properties":{"linea":"9-3-249","parcela":"9-3","palmas":8},"geometry":{"type":"LineString","coordinates":[[-72.971222,4.467378],[-72.970731,4.467094]]}},{"type":"Feature","properties":{"linea":"9-3-250","parcela":"9-3","palmas":8},"geometry":{"type":"LineString","coordinates":[[-72.971152,4.467419],[-72.970661,4.467135]]}},{"type":"Feature","properties":{"linea":"9-3-251","parcela":"9-3","palmas":7},"geometry":{"type":"LineString","coordinates":[[-72.971082,4.467459],[-72.970661,4.467216]]}},{"type":"Feature","properties":{"linea":"9-3-252","parcela":"9-3","palmas":8},"geometry":{"type":"LineString","coordinates":[[-72.971082,4.467541],[-72.970591,4.467257]]}},{"type":"Feature","properties":{"linea":"9-3-253","parcela":"9-3","palmas":7},"geometry":{"type":"LineString","coordinates":[[-72.971012,4.467582],[-72.970591,4.467338]]}},{"type":"Feature","properties":{"linea":"9-3-254","parcela":"9-3","palmas":7},"geometry":{"type":"LineString","coordinates":[[-72.970941,4.467622],[-72.97052,4.467379]]}},{"type":"Feature","properties":{"linea":"9-3-255","parcela":"9-3","palmas":7},"geometry":{"type":"LineString","coordinates":[[-72.970941,4.467704],[-72.97052,4.46746]]}},{"type":"Feature","properties":{"linea":"9-3-256","parcela":"9-3","palmas":7},"geometry":{"type":"LineString","coordinates":[[-72.970871,4.467745],[-72.97045,4.467501]]}},{"type":"Feature","properties":{"linea":"9-3-257","parcela":"9-3","palmas":6},"geometry":{"type":"LineString","coordinates":[[-72.970801,4.467785],[-72.97045,4.467582]]}},{"type":"Feature","properties":{"linea":"9-3-258","parcela":"9-3","palmas":6},"geometry":{"type":"LineString","coordinates":[[-72.97073,4.467826],[-72.97038,4.467623]]}},{"type":"Feature","properties":{"linea":"9-3-259","parcela":"9-3","palmas":6},"geometry":{"type":"LineString","coordinates":[[-72.97073,4.467908],[-72.970379,4.467705]]}},{"type":"Feature","properties":{"linea":"9-3-260","parcela":"9-3","palmas":6},"geometry":{"type":"LineString","coordinates":[[-72.97066,4.467948],[-72.970309,4.467746]]}},{"type":"Feature","properties":{"linea":"9-3-261","parcela":"9-3","palmas":5},"geometry":{"type":"LineString","coordinates":[[-72.97059,4.467989],[-72.970309,4.467827]]}},{"type":"Feature","properties":{"linea":"9-3-262","parcela":"9-3","palmas":6},"geometry":{"type":"LineString","coordinates":[[-72.97059,4.46807],[-72.970239,4.467868]]}},{"type":"Feature","properties":{"linea":"9-3-263","parcela":"9-3","palmas":5},"geometry":{"type":"LineString","coordinates":[[-72.970519,4.468111],[-72.970239,4.467949]]}},{"type":"Feature","properties":{"linea":"9-3-264","parcela":"9-3","palmas":5},"geometry":{"type":"LineString","coordinates":[[-72.970449,4.468152],[-72.970168,4.46799]]}},{"type":"Feature","properties":{"linea":"9-3-265","parcela":"9-3","palmas":5},"geometry":{"type":"LineString","coordinates":[[-72.970449,4.468234],[-72.970168,4.468071]]}},{"type":"Feature","properties":{"linea":"9-3-266","parcela":"9-3","palmas":5},"geometry":{"type":"LineString","coordinates":[[-72.970379,4.468274],[-72.970098,4.468112]]}},{"type":"Feature","properties":{"linea":"9-3-267","parcela":"9-3","palmas":4},"geometry":{"type":"LineString","coordinates":[[-72.970308,4.468315],[-72.970098,4.468194]]}},{"type":"Feature","properties":{"linea":"9-3-268","parcela":"9-3","palmas":5},"geometry":{"type":"LineString","coordinates":[[-72.970308,4.468397],[-72.970028,4.468235]]}},{"type":"Feature","properties":{"linea":"9-3-269","parcela":"9-3","palmas":4},"geometry":{"type":"LineString","coordinates":[[-72.970238,4.468438],[-72.970027,4.468316]]}},{"type":"Feature","properties":{"linea":"9-3-270","parcela":"9-3","palmas":4},"geometry":{"type":"LineString","coordinates":[[-72.970168,4.468478],[-72.969957,4.468357]]}},{"type":"Feature","properties":{"linea":"9-3-271","parcela":"9-3","palmas":3},"geometry":{"type":"LineString","coordinates":[[-72.970097,4.468519],[-72.969957,4.468438]]}},{"type":"Feature","properties":{"linea":"9-3-272","parcela":"9-3","palmas":3},"geometry":{"type":"LineString","coordinates":[[-72.970027,4.46856],[-72.969887,4.468479]]}},{"type":"Feature","properties":{"linea":"9-3-273","parcela":"9-3","palmas":3},"geometry":{"type":"LineString","coordinates":[[-72.969957,4.468601],[-72.969817,4.46852]]}},{"type":"Feature","properties":{"linea":"9-3-274","parcela":"9-3","palmas":3},"geometry":{"type":"LineString","coordinates":[[-72.969887,4.468642],[-72.969746,4.468561]]}},{"type":"Feature","properties":{"linea":"9-3-275","parcela":"9-3","palmas":3},"geometry":{"type":"LineString","coordinates":[[-72.969816,4.468682],[-72.969676,4.468601]]}},{"type":"Feature","properties":{"linea":"9-3-276","parcela":"9-3","palmas":4},"geometry":{"type":"LineString","coordinates":[[-72.969816,4.468764],[-72.969606,4.468642]]}},{"type":"Feature","properties":{"linea":"9-3-277","parcela":"9-3","palmas":3},"geometry":{"type":"LineString","coordinates":[[-72.969746,4.468805],[-72.969606,4.468723]]}},{"type":"Feature","properties":{"linea":"9-3-278","parcela":"9-3","palmas":2},"geometry":{"type":"LineString","coordinates":[[-72.969676,4.468845],[-72.969605,4.468805]]}},{"type":"Feature","properties":{"linea":"9-3-279","parcela":"9-3","palmas":1},"geometry":{"type":"LineString","coordinates":[[-72.96964,4.468907],[-72.96957,4.468866]]}},{"type":"Feature","properties":{"linea":"9-4-1","parcela":"9-4","palmas":1},"geometry":{"type":"LineString","coordinates":[[-72.968676,4.456865],[-72.968746,4.456906]]}},{"type":"Feature","properties":{"linea":"9-4-2","parcela":"9-4","palmas":2},"geometry":{"type":"LineString","coordinates":[[-72.96864,4.456927],[-72.968711,4.456967]]}},{"type":"Feature","properties":{"linea":"9-4-3","parcela":"9-4","palmas":2},"geometry":{"type":"LineString","coordinates":[[-72.96864,4.457008],[-72.96871,4.457048]]}},{"type":"Feature","properties":{"linea":"9-4-4","parcela":"9-4","palmas":3},"geometry":{"type":"LineString","coordinates":[[-72.96857,4.457049],[-72.96871,4.45713]]}},{"type":"Feature","properties":{"linea":"9-4-5","parcela":"9-4","palmas":4},"geometry":{"type":"LineString","coordinates":[[-72.9685,4.45709],[-72.96871,4.457211]]}},{"type":"Feature","properties":{"linea":"9-4-6","parcela":"9-4","palmas":4},"geometry":{"type":"LineString","coordinates":[[-72.9685,4.457171],[-72.96871,4.457293]]}},{"type":"Feature","properties":{"linea":"9-4-7","parcela":"9-4","palmas":5},"geometry":{"type":"LineString","coordinates":[[-72.968429,4.457212],[-72.96871,4.457374]]}},{"type":"Feature","properties":{"linea":"9-4-8","parcela":"9-4","palmas":6},"geometry":{"type":"LineString","coordinates":[[-72.968359,4.457253],[-72.96871,4.457455]]}},{"type":"Feature","properties":{"linea":"9-4-9","parcela":"9-4","palmas":7},"geometry":{"type":"LineString","coordinates":[[-72.968289,4.457294],[-72.96871,4.457537]]}},{"type":"Feature","properties":{"linea":"9-4-10","parcela":"9-4","palmas":7},"geometry":{"type":"LineString","coordinates":[[-72.968289,4.457375],[-72.96871,4.457618]]}},{"type":"Feature","properties":{"linea":"9-4-11","parcela":"9-4","palmas":8},"geometry":{"type":"LineString","coordinates":[[-72.968218,4.457416],[-72.968709,4.457699]]}},{"type":"Feature","properties":{"linea":"9-4-12","parcela":"9-4","palmas":9},"geometry":{"type":"LineString","coordinates":[[-72.968148,4.457457],[-72.968709,4.457781]]}},{"type":"Feature","properties":{"linea":"9-4-13","parcela":"9-4","palmas":9},"geometry":{"type":"LineString","coordinates":[[-72.968148,4.457538],[-72.968709,4.457862]]}},{"type":"Feature","properties":{"linea":"9-4-14","parcela":"9-4","palmas":10},"geometry":{"type":"LineString","coordinates":[[-72.968078,4.457579],[-72.968709,4.457944]]}},{"type":"Feature","properties":{"linea":"9-4-15","parcela":"9-4","palmas":11},"geometry":{"type":"LineString","coordinates":[[-72.968007,4.45762],[-72.968709,4.458025]]}},{"type":"Feature","properties":{"linea":"9-4-16","parcela":"9-4","palmas":12},"geometry":{"type":"LineString","coordinates":[[-72.967937,4.457661],[-72.968709,4.458106]]}},{"type":"Feature","properties":{"linea":"9-4-17","parcela":"9-4","palmas":12},"geometry":{"type":"LineString","coordinates":[[-72.967937,4.457742],[-72.968709,4.458188]]}},{"type":"Feature","properties":{"linea":"9-4-18","parcela":"9-4","palmas":13},"geometry":{"type":"LineString","coordinates":[[-72.967867,4.457783],[-72.968709,4.458269]]}},{"type":"Feature","properties":{"linea":"9-4-19","parcela":"9-4","palmas":14},"geometry":{"type":"LineString","coordinates":[[-72.967796,4.457824],[-72.968708,4.45835]]}},{"type":"Feature","properties":{"linea":"9-4-20","parcela":"9-4","palmas":14},"geometry":{"type":"LineString","coordinates":[[-72.967796,4.457905],[-72.968708,4.458432]]}},{"type":"Feature","properties":{"linea":"9-4-21","parcela":"9-4","palmas":15},"geometry":{"type":"LineString","coordinates":[[-72.967726,4.457946],[-72.968708,4.458513]]}},{"type":"Feature","properties":{"linea":"9-4-22","parcela":"9-4","palmas":16},"geometry":{"type":"LineString","coordinates":[[-72.967656,4.457987],[-72.968708,4.458595]]}},{"type":"Feature","properties":{"linea":"9-4-23","parcela":"9-4","palmas":17},"geometry":{"type":"LineString","coordinates":[[-72.967586,4.458027],[-72.968708,4.458676]]}},{"type":"Feature","properties":{"linea":"9-4-24","parcela":"9-4","palmas":18},"geometry":{"type":"LineString","coordinates":[[-72.967515,4.458068],[-72.968708,4.458757]]}},{"type":"Feature","properties":{"linea":"9-4-25","parcela":"9-4","palmas":18},"geometry":{"type":"LineString","coordinates":[[-72.967515,4.45815],[-72.968708,4.458838]]}},{"type":"Feature","properties":{"linea":"9-4-26","parcela":"9-4","palmas":19},"geometry":{"type":"LineString","coordinates":[[-72.967445,4.45819],[-72.968708,4.45892]]}},{"type":"Feature","properties":{"linea":"9-4-27","parcela":"9-4","palmas":19},"geometry":{"type":"LineString","coordinates":[[-72.967445,4.458272],[-72.968707,4.459001]]}},{"type":"Feature","properties":{"linea":"9-4-28","parcela":"9-4","palmas":20},"geometry":{"type":"LineString","coordinates":[[-72.967374,4.458313],[-72.968707,4.459083]]}},{"type":"Feature","properties":{"linea":"9-4-29","parcela":"9-4","palmas":21},"geometry":{"type":"LineString","coordinates":[[-72.967304,4.458353],[-72.968707,4.459164]]}},{"type":"Feature","properties":{"linea":"9-4-30","parcela":"9-4","palmas":22},"geometry":{"type":"LineString","coordinates":[[-72.967234,4.458394],[-72.968707,4.459246]]}},{"type":"Feature","properties":{"linea":"9-4-31","parcela":"9-4","palmas":22},"geometry":{"type":"LineString","coordinates":[[-72.967234,4.458476],[-72.968707,4.459327]]}},{"type":"Feature","properties":{"linea":"9-4-32","parcela":"9-4","palmas":23},"geometry":{"type":"LineString","coordinates":[[-72.967164,4.458516],[-72.968707,4.459408]]}},{"type":"Feature","properties":{"linea":"9-4-33","parcela":"9-4","palmas":24},"geometry":{"type":"LineString","coordinates":[[-72.967093,4.458557],[-72.968707,4.45949]]}},{"type":"Feature","properties":{"linea":"9-4-34","parcela":"9-4","palmas":25},"geometry":{"type":"LineString","coordinates":[[-72.967023,4.458598],[-72.968707,4.459571]]}},{"type":"Feature","properties":{"linea":"9-4-35","parcela":"9-4","palmas":25},"geometry":{"type":"LineString","coordinates":[[-72.967023,4.45868],[-72.968706,4.459652]]}},{"type":"Feature","properties":{"linea":"9-4-36","parcela":"9-4","palmas":26},"geometry":{"type":"LineString","coordinates":[[-72.966953,4.45872],[-72.968706,4.459734]]}},{"type":"Feature","properties":{"linea":"9-4-37","parcela":"9-4","palmas":26},"geometry":{"type":"LineString","coordinates":[[-72.966952,4.458801],[-72.968706,4.459815]]}},{"type":"Feature","properties":{"linea":"9-4-38","parcela":"9-4","palmas":27},"geometry":{"type":"LineString","coordinates":[[-72.966882,4.458843],[-72.968706,4.459897]]}},{"type":"Feature","properties":{"linea":"9-4-39","parcela":"9-4","palmas":28},"geometry":{"type":"LineString","coordinates":[[-72.966812,4.458883],[-72.968706,4.459978]]}},{"type":"Feature","properties":{"linea":"9-4-40","parcela":"9-4","palmas":29},"geometry":{"type":"LineString","coordinates":[[-72.966742,4.458924],[-72.968706,4.460059]]}},{"type":"Feature","properties":{"linea":"9-4-41","parcela":"9-4","palmas":30},"geometry":{"type":"LineString","coordinates":[[-72.966671,4.458965],[-72.968706,4.460141]]}},{"type":"Feature","properties":{"linea":"9-4-42","parcela":"9-4","palmas":30},"geometry":{"type":"LineString","coordinates":[[-72.966671,4.459046],[-72.968706,4.460222]]}},{"type":"Feature","properties":{"linea":"9-4-43","parcela":"9-4","palmas":31},"geometry":{"type":"LineString","coordinates":[[-72.966601,4.459087],[-72.968706,4.460303]]}},{"type":"Feature","properties":{"linea":"9-4-44","parcela":"9-4","palmas":32},"geometry":{"type":"LineString","coordinates":[[-72.966531,4.459128],[-72.968705,4.460385]]}},{"type":"Feature","properties":{"linea":"9-4-45","parcela":"9-4","palmas":32},"geometry":{"type":"LineString","coordinates":[[-72.966531,4.459209],[-72.968705,4.460466]]}},{"type":"Feature","properties":{"linea":"9-4-46","parcela":"9-4","palmas":33},"geometry":{"type":"LineString","coordinates":[[-72.96646,4.45925],[-72.968705,4.460547]]}},{"type":"Feature","properties":{"linea":"9-4-47","parcela":"9-4","palmas":34},"geometry":{"type":"LineString","coordinates":[[-72.96639,4.459291],[-72.968705,4.460629]]}},{"type":"Feature","properties":{"linea":"9-4-48","parcela":"9-4","palmas":34},"geometry":{"type":"LineString","coordinates":[[-72.96639,4.459372],[-72.968705,4.46071]]}},{"type":"Feature","properties":{"linea":"9-4-49","parcela":"9-4","palmas":35},"geometry":{"type":"LineString","coordinates":[[-72.96632,4.459413],[-72.968705,4.460791]]}},{"type":"Feature","properties":{"linea":"9-4-50","parcela":"9-4","palmas":36},"geometry":{"type":"LineString","coordinates":[[-72.966249,4.459454],[-72.968705,4.460873]]}},{"type":"Feature","properties":{"linea":"9-4-51","parcela":"9-4","palmas":37},"geometry":{"type":"LineString","coordinates":[[-72.966179,4.459495],[-72.968705,4.460954]]}},{"type":"Feature","properties":{"linea":"9-4-52","parcela":"9-4","palmas":37},"geometry":{"type":"LineString","coordinates":[[-72.966179,4.459576],[-72.968704,4.461036]]}},{"type":"Feature","properties":{"linea":"9-4-53","parcela":"9-4","palmas":38},"geometry":{"type":"LineString","coordinates":[[-72.966109,4.459617],[-72.968704,4.461117]]}},{"type":"Feature","properties":{"linea":"9-4-54","parcela":"9-4","palmas":39},"geometry":{"type":"LineString","coordinates":[[-72.966038,4.459658],[-72.968704,4.461198]]}},{"type":"Feature","properties":{"linea":"9-4-55","parcela":"9-4","palmas":39},"geometry":{"type":"LineString","coordinates":[[-72.966038,4.459739],[-72.968704,4.46128]]}},{"type":"Feature","properties":{"linea":"9-4-56","parcela":"9-4","palmas":38},"geometry":{"type":"LineString","coordinates":[[-72.966108,4.459861],[-72.968704,4.461361]]}},{"type":"Feature","properties":{"linea":"9-4-57","parcela":"9-4","palmas":38},"geometry":{"type":"LineString","coordinates":[[-72.966108,4.459943],[-72.968704,4.461443]]}},{"type":"Feature","properties":{"linea":"9-4-58","parcela":"9-4","palmas":38},"geometry":{"type":"LineString","coordinates":[[-72.966108,4.460024],[-72.968704,4.461524]]}},{"type":"Feature","properties":{"linea":"9-4-59","parcela":"9-4","palmas":38},"geometry":{"type":"LineString","coordinates":[[-72.966108,4.460105],[-72.968704,4.461605]]}},{"type":"Feature","properties":{"linea":"9-4-60","parcela":"9-4","palmas":37},"geometry":{"type":"LineString","coordinates":[[-72.966178,4.460227],[-72.968703,4.461687]]}},{"type":"Feature","properties":{"linea":"9-4-61","parcela":"9-4","palmas":37},"geometry":{"type":"LineString","coordinates":[[-72.966178,4.460309],[-72.968703,4.461768]]}},{"type":"Feature","properties":{"linea":"9-4-62","parcela":"9-4","palmas":37},"geometry":{"type":"LineString","coordinates":[[-72.966178,4.46039],[-72.968703,4.461849]]}},{"type":"Feature","properties":{"linea":"9-4-63","parcela":"9-4","palmas":36},"geometry":{"type":"LineString","coordinates":[[-72.966248,4.460512],[-72.968703,4.461931]]}},{"type":"Feature","properties":{"linea":"9-4-64","parcela":"9-4","palmas":36},"geometry":{"type":"LineString","coordinates":[[-72.966248,4.460593],[-72.968703,4.462012]]}},{"type":"Feature","properties":{"linea":"9-4-65","parcela":"9-4","palmas":36},"geometry":{"type":"LineString","coordinates":[[-72.966248,4.460674],[-72.968703,4.462094]]}},{"type":"Feature","properties":{"linea":"9-4-66","parcela":"9-4","palmas":35},"geometry":{"type":"LineString","coordinates":[[-72.966318,4.460797],[-72.968703,4.462175]]}},{"type":"Feature","properties":{"linea":"9-4-67","parcela":"9-4","palmas":35},"geometry":{"type":"LineString","coordinates":[[-72.966317,4.460878],[-72.968703,4.462256]]}},{"type":"Feature","properties":{"linea":"9-4-68","parcela":"9-4","palmas":35},"geometry":{"type":"LineString","coordinates":[[-72.966317,4.460959],[-72.968702,4.462338]]}},{"type":"Feature","properties":{"linea":"9-4-69","parcela":"9-4","palmas":35},"geometry":{"type":"LineString","coordinates":[[-72.966317,4.461041],[-72.968702,4.462419]]}},{"type":"Feature","properties":{"linea":"9-4-70","parcela":"9-4","palmas":34},"geometry":{"type":"LineString","coordinates":[[-72.966387,4.461163],[-72.968702,4.4625]]}},{"type":"Feature","properties":{"linea":"9-4-71","parcela":"9-4","palmas":34},"geometry":{"type":"LineString","coordinates":[[-72.966387,4.461244],[-72.968702,4.462582]]}},{"type":"Feature","properties":{"linea":"9-4-72","parcela":"9-4","palmas":34},"geometry":{"type":"LineString","coordinates":[[-72.966387,4.461325],[-72.968702,4.462663]]}},{"type":"Feature","properties":{"linea":"9-4-73","parcela":"9-4","palmas":34},"geometry":{"type":"LineString","coordinates":[[-72.966387,4.461406],[-72.968702,4.462745]]}},{"type":"Feature","properties":{"linea":"9-4-74","parcela":"9-4","palmas":34},"geometry":{"type":"LineString","coordinates":[[-72.966387,4.461488],[-72.968702,4.462826]]}},{"type":"Feature","properties":{"linea":"9-4-75","parcela":"9-4","palmas":34},"geometry":{"type":"LineString","coordinates":[[-72.966387,4.461569],[-72.968702,4.462907]]}},{"type":"Feature","properties":{"linea":"9-4-76","parcela":"9-4","palmas":34},"geometry":{"type":"LineString","coordinates":[[-72.966386,4.461651],[-72.968701,4.462988]]}},{"type":"Feature","properties":{"linea":"9-4-77","parcela":"9-4","palmas":34},"geometry":{"type":"LineString","coordinates":[[-72.966386,4.461732],[-72.968701,4.46307]]}},{"type":"Feature","properties":{"linea":"9-4-78","parcela":"9-4","palmas":34},"geometry":{"type":"LineString","coordinates":[[-72.966386,4.461814],[-72.968701,4.463151]]}},{"type":"Feature","properties":{"linea":"9-4-79","parcela":"9-4","palmas":34},"geometry":{"type":"LineString","coordinates":[[-72.966386,4.461895],[-72.968701,4.463233]]}},{"type":"Feature","properties":{"linea":"9-4-80","parcela":"9-4","palmas":34},"geometry":{"type":"LineString","coordinates":[[-72.966386,4.461976],[-72.968701,4.463314]]}},{"type":"Feature","properties":{"linea":"9-4-81","parcela":"9-4","palmas":34},"geometry":{"type":"LineString","coordinates":[[-72.966386,4.462058],[-72.968701,4.463396]]}},{"type":"Feature","properties":{"linea":"9-4-82","parcela":"9-4","palmas":34},"geometry":{"type":"LineString","coordinates":[[-72.966386,4.462139],[-72.968701,4.463477]]}},{"type":"Feature","properties":{"linea":"9-4-83","parcela":"9-4","palmas":34},"geometry":{"type":"LineString","coordinates":[[-72.966386,4.46222],[-72.968701,4.463558]]}},{"type":"Feature","properties":{"linea":"9-4-84","parcela":"9-4","palmas":34},"geometry":{"type":"LineString","coordinates":[[-72.966386,4.462302],[-72.9687,4.46364]]}},{"type":"Feature","properties":{"linea":"9-4-85","parcela":"9-4","palmas":34},"geometry":{"type":"LineString","coordinates":[[-72.966385,4.462383],[-72.9687,4.463721]]}},{"type":"Feature","properties":{"linea":"9-4-86","parcela":"9-4","palmas":34},"geometry":{"type":"LineString","coordinates":[[-72.966385,4.462464],[-72.9687,4.463802]]}},{"type":"Feature","properties":{"linea":"9-4-87","parcela":"9-4","palmas":34},"geometry":{"type":"LineString","coordinates":[[-72.966385,4.462546],[-72.9687,4.463884]]}},{"type":"Feature","properties":{"linea":"9-4-88","parcela":"9-4","palmas":34},"geometry":{"type":"LineString","coordinates":[[-72.966385,4.462627],[-72.9687,4.463965]]}},{"type":"Feature","properties":{"linea":"9-4-89","parcela":"9-4","palmas":34},"geometry":{"type":"LineString","coordinates":[[-72.966385,4.462709],[-72.9687,4.464046]]}},{"type":"Feature","properties":{"linea":"9-4-90","parcela":"9-4","palmas":34},"geometry":{"type":"LineString","coordinates":[[-72.966385,4.46279],[-72.9687,4.464128]]}},{"type":"Feature","properties":{"linea":"9-4-91","parcela":"9-4","palmas":34},"geometry":{"type":"LineString","coordinates":[[-72.966385,4.462871],[-72.9687,4.464209]]}},{"type":"Feature","properties":{"linea":"9-4-92","parcela":"9-4","palmas":34},"geometry":{"type":"LineString","coordinates":[[-72.966385,4.462953],[-72.9687,4.464291]]}},{"type":"Feature","properties":{"linea":"9-4-93","parcela":"9-4","palmas":34},"geometry":{"type":"LineString","coordinates":[[-72.966384,4.463034],[-72.968699,4.464372]]}},{"type":"Feature","properties":{"linea":"9-4-94","parcela":"9-4","palmas":33},"geometry":{"type":"LineString","coordinates":[[-72.966384,4.463116],[-72.968629,4.464413]]}},{"type":"Feature","properties":{"linea":"9-4-95","parcela":"9-4","palmas":32},"geometry":{"type":"LineString","coordinates":[[-72.966384,4.463197],[-72.968559,4.464454]]}},{"type":"Feature","properties":{"linea":"9-4-96","parcela":"9-4","palmas":31},"geometry":{"type":"LineString","coordinates":[[-72.966384,4.463278],[-72.968489,4.464495]]}},{"type":"Feature","properties":{"linea":"9-4-97","parcela":"9-4","palmas":30},"geometry":{"type":"LineString","coordinates":[[-72.966384,4.46336],[-72.968418,4.464536]]}},{"type":"Feature","properties":{"linea":"9-4-98","parcela":"9-4","palmas":30},"geometry":{"type":"LineString","coordinates":[[-72.966314,4.4634],[-72.968348,4.464576]]}},{"type":"Feature","properties":{"linea":"9-4-99","parcela":"9-4","palmas":29},"geometry":{"type":"LineString","coordinates":[[-72.966314,4.463482],[-72.968278,4.464617]]}},{"type":"Feature","properties":{"linea":"9-4-100","parcela":"9-4","palmas":28},"geometry":{"type":"LineString","coordinates":[[-72.966313,4.463563],[-72.968207,4.464658]]}},{"type":"Feature","properties":{"linea":"9-4-101","parcela":"9-4","palmas":27},"geometry":{"type":"LineString","coordinates":[[-72.966313,4.463645],[-72.968137,4.464699]]}},{"type":"Feature","properties":{"linea":"9-4-102","parcela":"9-4","palmas":26},"geometry":{"type":"LineString","coordinates":[[-72.966313,4.463726],[-72.968067,4.46474]]}},{"type":"Feature","properties":{"linea":"9-4-103","parcela":"9-4","palmas":25},"geometry":{"type":"LineString","coordinates":[[-72.966313,4.463807],[-72.967997,4.46478]]}},{"type":"Feature","properties":{"linea":"9-4-104","parcela":"9-4","palmas":25},"geometry":{"type":"LineString","coordinates":[[-72.966313,4.463889],[-72.967997,4.464862]]}},{"type":"Feature","properties":{"linea":"9-4-105","parcela":"9-4","palmas":25},"geometry":{"type":"LineString","coordinates":[[-72.966313,4.46397],[-72.967996,4.464943]]}},{"type":"Feature","properties":{"linea":"9-4-106","parcela":"9-4","palmas":25},"geometry":{"type":"LineString","coordinates":[[-72.966313,4.464051],[-72.967996,4.465025]]}},{"type":"Feature","properties":{"linea":"9-4-107","parcela":"9-4","palmas":25},"geometry":{"type":"LineString","coordinates":[[-72.966313,4.464133],[-72.967996,4.465106]]}},{"type":"Feature","properties":{"linea":"9-4-108","parcela":"9-4","palmas":25},"geometry":{"type":"LineString","coordinates":[[-72.966312,4.464214],[-72.967996,4.465187]]}},{"type":"Feature","properties":{"linea":"9-4-109","parcela":"9-4","palmas":25},"geometry":{"type":"LineString","coordinates":[[-72.966312,4.464295],[-72.967996,4.465269]]}},{"type":"Feature","properties":{"linea":"9-4-110","parcela":"9-4","palmas":25},"geometry":{"type":"LineString","coordinates":[[-72.966312,4.464377],[-72.967996,4.46535]]}},{"type":"Feature","properties":{"linea":"9-4-111","parcela":"9-4","palmas":25},"geometry":{"type":"LineString","coordinates":[[-72.966312,4.464458],[-72.967996,4.465431]]}},{"type":"Feature","properties":{"linea":"9-4-112","parcela":"9-4","palmas":25},"geometry":{"type":"LineString","coordinates":[[-72.966312,4.46454],[-72.967996,4.465513]]}},{"type":"Feature","properties":{"linea":"9-4-113","parcela":"9-4","palmas":25},"geometry":{"type":"LineString","coordinates":[[-72.966312,4.464621],[-72.967995,4.465594]]}},{"type":"Feature","properties":{"linea":"9-4-114","parcela":"9-4","palmas":25},"geometry":{"type":"LineString","coordinates":[[-72.966312,4.464702],[-72.967995,4.465676]]}},{"type":"Feature","properties":{"linea":"9-4-115","parcela":"9-4","palmas":26},"geometry":{"type":"LineString","coordinates":[[-72.966312,4.464784],[-72.968065,4.465797]]}},{"type":"Feature","properties":{"linea":"9-4-116","parcela":"9-4","palmas":26},"geometry":{"type":"LineString","coordinates":[[-72.966311,4.464865],[-72.968065,4.465879]]}},{"type":"Feature","properties":{"linea":"9-4-117","parcela":"9-4","palmas":26},"geometry":{"type":"LineString","coordinates":[[-72.966311,4.464947],[-72.968065,4.46596]]}},{"type":"Feature","properties":{"linea":"9-4-118","parcela":"9-4","palmas":26},"geometry":{"type":"LineString","coordinates":[[-72.966311,4.465028],[-72.968065,4.466042]]}},{"type":"Feature","properties":{"linea":"9-4-119","parcela":"9-4","palmas":26},"geometry":{"type":"LineString","coordinates":[[-72.966311,4.465109],[-72.968065,4.466123]]}},{"type":"Feature","properties":{"linea":"9-4-120","parcela":"9-4","palmas":26},"geometry":{"type":"LineString","coordinates":[[-72.966311,4.465191],[-72.968065,4.466204]]}},{"type":"Feature","properties":{"linea":"9-4-121","parcela":"9-4","palmas":27},"geometry":{"type":"LineString","coordinates":[[-72.966241,4.465231],[-72.968065,4.466285]]}},{"type":"Feature","properties":{"linea":"9-4-122","parcela":"9-4","palmas":27},"geometry":{"type":"LineString","coordinates":[[-72.966241,4.465313],[-72.968064,4.466367]]}},{"type":"Feature","properties":{"linea":"9-4-123","parcela":"9-4","palmas":27},"geometry":{"type":"LineString","coordinates":[[-72.96624,4.465394],[-72.968064,4.466448]]}},{"type":"Feature","properties":{"linea":"9-4-124","parcela":"9-4","palmas":27},"geometry":{"type":"LineString","coordinates":[[-72.96624,4.465475],[-72.968064,4.46653]]}},{"type":"Feature","properties":{"linea":"9-4-125","parcela":"9-4","palmas":27},"geometry":{"type":"LineString","coordinates":[[-72.96624,4.465556],[-72.968064,4.466611]]}},{"type":"Feature","properties":{"linea":"9-4-126","parcela":"9-4","palmas":27},"geometry":{"type":"LineString","coordinates":[[-72.96624,4.465638],[-72.968064,4.466693]]}},{"type":"Feature","properties":{"linea":"9-4-127","parcela":"9-4","palmas":27},"geometry":{"type":"LineString","coordinates":[[-72.96624,4.465719],[-72.968064,4.466774]]}},{"type":"Feature","properties":{"linea":"9-4-128","parcela":"9-4","palmas":27},"geometry":{"type":"LineString","coordinates":[[-72.96624,4.465801],[-72.968064,4.466855]]}},{"type":"Feature","properties":{"linea":"9-4-129","parcela":"9-4","palmas":27},"geometry":{"type":"LineString","coordinates":[[-72.96624,4.465882],[-72.968064,4.466937]]}},{"type":"Feature","properties":{"linea":"9-4-130","parcela":"9-4","palmas":27},"geometry":{"type":"LineString","coordinates":[[-72.96624,4.465964],[-72.968063,4.467018]]}},{"type":"Feature","properties":{"linea":"9-4-131","parcela":"9-4","palmas":27},"geometry":{"type":"LineString","coordinates":[[-72.966239,4.466045],[-72.968063,4.467099]]}},{"type":"Feature","properties":{"linea":"9-4-132","parcela":"9-4","palmas":27},"geometry":{"type":"LineString","coordinates":[[-72.966239,4.466126],[-72.968063,4.467181]]}},{"type":"Feature","properties":{"linea":"9-4-133","parcela":"9-4","palmas":26},"geometry":{"type":"LineString","coordinates":[[-72.966309,4.466248],[-72.968063,4.467262]]}},{"type":"Feature","properties":{"linea":"9-4-134","parcela":"9-4","palmas":26},"geometry":{"type":"LineString","coordinates":[[-72.966309,4.46633],[-72.968063,4.467344]]}},{"type":"Feature","properties":{"linea":"9-4-135","parcela":"9-4","palmas":26},"geometry":{"type":"LineString","coordinates":[[-72.966309,4.466411],[-72.968063,4.467425]]}},{"type":"Feature","properties":{"linea":"9-4-136","parcela":"9-4","palmas":26},"geometry":{"type":"LineString","coordinates":[[-72.966309,4.466493],[-72.968063,4.467506]]}},{"type":"Feature","properties":{"linea":"9-4-137","parcela":"9-4","palmas":26},"geometry":{"type":"LineString","coordinates":[[-72.966309,4.466574],[-72.968063,4.467588]]}},{"type":"Feature","properties":{"linea":"9-4-138","parcela":"9-4","palmas":27},"geometry":{"type":"LineString","coordinates":[[-72.966309,4.466655],[-72.968133,4.46771]]}},{"type":"Feature","properties":{"linea":"9-4-139","parcela":"9-4","palmas":27},"geometry":{"type":"LineString","coordinates":[[-72.966309,4.466736],[-72.968133,4.467791]]}},{"type":"Feature","properties":{"linea":"9-4-140","parcela":"9-4","palmas":27},"geometry":{"type":"LineString","coordinates":[[-72.966308,4.466818],[-72.968132,4.467872]]}},{"type":"Feature","properties":{"linea":"9-4-141","parcela":"9-4","palmas":27},"geometry":{"type":"LineString","coordinates":[[-72.966308,4.466899],[-72.968132,4.467954]]}},{"type":"Feature","properties":{"linea":"9-4-142","parcela":"9-4","palmas":27},"geometry":{"type":"LineString","coordinates":[[-72.966308,4.466981],[-72.968132,4.468035]]}},{"type":"Feature","properties":{"linea":"9-4-143","parcela":"9-4","palmas":27},"geometry":{"type":"LineString","coordinates":[[-72.966308,4.467062],[-72.968132,4.468116]]}},{"type":"Feature","properties":{"linea":"9-4-144","parcela":"9-4","palmas":27},"geometry":{"type":"LineString","coordinates":[[-72.966308,4.467144],[-72.968132,4.468198]]}},{"type":"Feature","properties":{"linea":"9-4-145","parcela":"9-4","palmas":27},"geometry":{"type":"LineString","coordinates":[[-72.966308,4.467225],[-72.968132,4.468279]]}},{"type":"Feature","properties":{"linea":"9-4-146","parcela":"9-4","palmas":27},"geometry":{"type":"LineString","coordinates":[[-72.966308,4.467306],[-72.968132,4.468361]]}},{"type":"Feature","properties":{"linea":"9-4-147","parcela":"9-4","palmas":27},"geometry":{"type":"LineString","coordinates":[[-72.966308,4.467388],[-72.968132,4.468442]]}},{"type":"Feature","properties":{"linea":"9-4-148","parcela":"9-4","palmas":27},"geometry":{"type":"LineString","coordinates":[[-72.966307,4.467469],[-72.968131,4.468523]]}},{"type":"Feature","properties":{"linea":"9-4-149","parcela":"9-4","palmas":27},"geometry":{"type":"LineString","coordinates":[[-72.966307,4.46755],[-72.968131,4.468605]]}},{"type":"Feature","properties":{"linea":"9-4-150","parcela":"9-4","palmas":27},"geometry":{"type":"LineString","coordinates":[[-72.966307,4.467632],[-72.968131,4.468686]]}},{"type":"Feature","properties":{"linea":"9-4-151","parcela":"9-4","palmas":27},"geometry":{"type":"LineString","coordinates":[[-72.966307,4.467713],[-72.968131,4.468767]]}},{"type":"Feature","properties":{"linea":"9-4-152","parcela":"9-4","palmas":28},"geometry":{"type":"LineString","coordinates":[[-72.966307,4.467794],[-72.968201,4.468889]]}},{"type":"Feature","properties":{"linea":"9-4-153","parcela":"9-4","palmas":27},"geometry":{"type":"LineString","coordinates":[[-72.966377,4.467916],[-72.968201,4.468971]]}},{"type":"Feature","properties":{"linea":"9-4-154","parcela":"9-4","palmas":27},"geometry":{"type":"LineString","coordinates":[[-72.966377,4.467998],[-72.968201,4.469052]]}},{"type":"Feature","properties":{"linea":"9-4-155","parcela":"9-4","palmas":27},"geometry":{"type":"LineString","coordinates":[[-72.966377,4.468079],[-72.968201,4.469133]]}},{"type":"Feature","properties":{"linea":"9-4-156","parcela":"9-4","palmas":27},"geometry":{"type":"LineString","coordinates":[[-72.966377,4.468161],[-72.968201,4.469215]]}},{"type":"Feature","properties":{"linea":"9-4-157","parcela":"9-4","palmas":27},"geometry":{"type":"LineString","coordinates":[[-72.966377,4.468242],[-72.9682,4.469296]]}},{"type":"Feature","properties":{"linea":"9-4-158","parcela":"9-4","palmas":27},"geometry":{"type":"LineString","coordinates":[[-72.966376,4.468323],[-72.9682,4.469378]]}},{"type":"Feature","properties":{"linea":"9-4-159","parcela":"9-4","palmas":27},"geometry":{"type":"LineString","coordinates":[[-72.966376,4.468405],[-72.9682,4.469459]]}},{"type":"Feature","properties":{"linea":"9-4-160","parcela":"9-4","palmas":27},"geometry":{"type":"LineString","coordinates":[[-72.966376,4.468486],[-72.9682,4.46954]]}},{"type":"Feature","properties":{"linea":"9-4-161","parcela":"9-4","palmas":27},"geometry":{"type":"LineString","coordinates":[[-72.966376,4.468567],[-72.9682,4.469622]]}},{"type":"Feature","properties":{"linea":"9-4-162","parcela":"9-4","palmas":27},"geometry":{"type":"LineString","coordinates":[[-72.966376,4.468649],[-72.9682,4.469703]]}},{"type":"Feature","properties":{"linea":"9-4-163","parcela":"9-4","palmas":27},"geometry":{"type":"LineString","coordinates":[[-72.966376,4.46873],[-72.9682,4.469784]]}},{"type":"Feature","properties":{"linea":"9-4-164","parcela":"9-4","palmas":28},"geometry":{"type":"LineString","coordinates":[[-72.966376,4.468811],[-72.96827,4.469906]]}},{"type":"Feature","properties":{"linea":"9-4-165","parcela":"9-4","palmas":28},"geometry":{"type":"LineString","coordinates":[[-72.966376,4.468893],[-72.96827,4.469988]]}},{"type":"Feature","properties":{"linea":"9-4-166","parcela":"9-4","palmas":28},"geometry":{"type":"LineString","coordinates":[[-72.966375,4.468974],[-72.96827,4.470069]]}},{"type":"Feature","properties":{"linea":"9-4-167","parcela":"9-4","palmas":27},"geometry":{"type":"LineString","coordinates":[[-72.966445,4.469096],[-72.968269,4.47015]]}},{"type":"Feature","properties":{"linea":"9-4-168","parcela":"9-4","palmas":27},"geometry":{"type":"LineString","coordinates":[[-72.966445,4.469178],[-72.968269,4.470232]]}},{"type":"Feature","properties":{"linea":"9-4-169","parcela":"9-4","palmas":26},"geometry":{"type":"LineString","coordinates":[[-72.966445,4.469259],[-72.968199,4.470273]]}},{"type":"Feature","properties":{"linea":"9-4-170","parcela":"9-4","palmas":26},"geometry":{"type":"LineString","coordinates":[[-72.966445,4.46934],[-72.968199,4.470354]]}},{"type":"Feature","properties":{"linea":"9-4-171","parcela":"9-4","palmas":25},"geometry":{"type":"LineString","coordinates":[[-72.966445,4.469421],[-72.968129,4.470395]]}},{"type":"Feature","properties":{"linea":"9-4-172","parcela":"9-4","palmas":24},"geometry":{"type":"LineString","coordinates":[[-72.966445,4.469503],[-72.968058,4.470436]]}},{"type":"Feature","properties":{"linea":"9-4-173","parcela":"9-4","palmas":24},"geometry":{"type":"LineString","coordinates":[[-72.966445,4.469584],[-72.968058,4.470517]]}},{"type":"Feature","properties":{"linea":"9-4-174","parcela":"9-4","palmas":22},"geometry":{"type":"LineString","coordinates":[[-72.966515,4.469706],[-72.967988,4.470558]]}},{"type":"Feature","properties":{"linea":"9-4-175","parcela":"9-4","palmas":20},"geometry":{"type":"LineString","coordinates":[[-72.966585,4.469828],[-72.967918,4.470599]]}},{"type":"Feature","properties":{"linea":"9-4-176","parcela":"9-4","palmas":19},"geometry":{"type":"LineString","coordinates":[[-72.966655,4.46995],[-72.967918,4.47068]]}},{"type":"Feature","properties":{"linea":"9-4-177","parcela":"9-4","palmas":16},"geometry":{"type":"LineString","coordinates":[[-72.966795,4.470113],[-72.967847,4.470721]]}},{"type":"Feature","properties":{"linea":"9-4-178","parcela":"9-4","palmas":14},"geometry":{"type":"LineString","coordinates":[[-72.966865,4.470235],[-72.967777,4.470762]]}},{"type":"Feature","properties":{"linea":"9-4-179","parcela":"9-4","palmas":13},"geometry":{"type":"LineString","coordinates":[[-72.966935,4.470356],[-72.967777,4.470843]]}},{"type":"Feature","properties":{"linea":"9-4-180","parcela":"9-4","palmas":11},"geometry":{"type":"LineString","coordinates":[[-72.967005,4.470478],[-72.967707,4.470884]]}},{"type":"Feature","properties":{"linea":"9-4-181","parcela":"9-4","palmas":10},"geometry":{"type":"LineString","coordinates":[[-72.967075,4.4706],[-72.967706,4.470965]]}},{"type":"Feature","properties":{"linea":"9-4-182","parcela":"9-4","palmas":8},"geometry":{"type":"LineString","coordinates":[[-72.967145,4.470722],[-72.967636,4.471006]]}},{"type":"Feature","properties":{"linea":"9-4-183","parcela":"9-4","palmas":5},"geometry":{"type":"LineString","coordinates":[[-72.967285,4.470885],[-72.967566,4.471047]]}},{"type":"Feature","properties":{"linea":"9-4-184","parcela":"9-4","palmas":4},"geometry":{"type":"LineString","coordinates":[[-72.967355,4.471006],[-72.967566,4.471128]]}},{"type":"Feature","properties":{"linea":"9-4-185","parcela":"9-4","palmas":2},"geometry":{"type":"LineString","coordinates":[[-72.967425,4.471129],[-72.967496,4.471169]]}},{"type":"Feature","properties":{"linea":"9-5-1","parcela":"9-5","palmas":1},"geometry":{"type":"LineString","coordinates":[[-72.965617,4.459455],[-72.965617,4.459537]]}},{"type":"Feature","properties":{"linea":"9-5-2","parcela":"9-5","palmas":3},"geometry":{"type":"LineString","coordinates":[[-72.965547,4.459374],[-72.965547,4.459537]]}},{"type":"Feature","properties":{"linea":"9-5-3","parcela":"9-5","palmas":5},"geometry":{"type":"LineString","coordinates":[[-72.965477,4.459252],[-72.965477,4.459577]]}},{"type":"Feature","properties":{"linea":"9-5-4","parcela":"9-5","palmas":7},"geometry":{"type":"LineString","coordinates":[[-72.965407,4.45913],[-72.965407,4.459618]]}},{"type":"Feature","properties":{"linea":"9-5-5","parcela":"9-5","palmas":9},"geometry":{"type":"LineString","coordinates":[[-72.965337,4.459008],[-72.965336,4.459659]]}},{"type":"Feature","properties":{"linea":"9-5-6","parcela":"9-5","palmas":11},"geometry":{"type":"LineString","coordinates":[[-72.965267,4.458886],[-72.965266,4.4597]]}},{"type":"Feature","properties":{"linea":"9-5-7","parcela":"9-5","palmas":13},"geometry":{"type":"LineString","coordinates":[[-72.965197,4.458764],[-72.965196,4.459741]]}},{"type":"Feature","properties":{"linea":"9-5-8","parcela":"9-5","palmas":14},"geometry":{"type":"LineString","coordinates":[[-72.965127,4.458724],[-72.965126,4.459782]]}},{"type":"Feature","properties":{"linea":"9-5-9","parcela":"9-5","palmas":16},"geometry":{"type":"LineString","coordinates":[[-72.965057,4.458602],[-72.965055,4.459822]]}},{"type":"Feature","properties":{"linea":"9-5-10","parcela":"9-5","palmas":18},"geometry":{"type":"LineString","coordinates":[[-72.964987,4.45848],[-72.964985,4.459863]]}},{"type":"Feature","properties":{"linea":"9-5-11","parcela":"9-5","palmas":17},"geometry":{"type":"LineString","coordinates":[[-72.964917,4.458602],[-72.964915,4.459904]]}},{"type":"Feature","properties":{"linea":"9-5-12","parcela":"9-5","palmas":17},"geometry":{"type":"LineString","coordinates":[[-72.964846,4.458643],[-72.964844,4.459945]]}},{"type":"Feature","properties":{"linea":"9-5-13","parcela":"9-5","palmas":17},"geometry":{"type":"LineString","coordinates":[[-72.964776,4.458684],[-72.964774,4.459986]]}},{"type":"Feature","properties":{"linea":"9-5-14","parcela":"9-5","palmas":17},"geometry":{"type":"LineString","coordinates":[[-72.964706,4.458724],[-72.964704,4.460026]]}},{"type":"Feature","properties":{"linea":"9-5-15","parcela":"9-5","palmas":17},"geometry":{"type":"LineString","coordinates":[[-72.964636,4.458766],[-72.964634,4.460068]]}},{"type":"Feature","properties":{"linea":"9-5-16","parcela":"9-5","palmas":15},"geometry":{"type":"LineString","coordinates":[[-72.964565,4.458969],[-72.964563,4.460108]]}},{"type":"Feature","properties":{"linea":"9-5-17","parcela":"9-5","palmas":13},"geometry":{"type":"LineString","coordinates":[[-72.964495,4.459091],[-72.964493,4.460068]]}},{"type":"Feature","properties":{"linea":"9-5-18","parcela":"9-5","palmas":8},"geometry":{"type":"LineString","coordinates":[[-72.964424,4.459458],[-72.964423,4.460027]]}},{"type":"Feature","properties":{"linea":"9-5-19","parcela":"9-5","palmas":6},"geometry":{"type":"LineString","coordinates":[[-72.964353,4.45958],[-72.964353,4.459987]]}},{"type":"Feature","properties":{"linea":"9-5-20","parcela":"9-5","palmas":5},"geometry":{"type":"LineString","coordinates":[[-72.964283,4.459621],[-72.964283,4.459946]]}},{"type":"Feature","properties":{"linea":"9-5-21","parcela":"9-5","palmas":4},"geometry":{"type":"LineString","coordinates":[[-72.964213,4.459661],[-72.964213,4.459905]]}},{"type":"Feature","properties":{"linea":"9-5-22","parcela":"9-5","palmas":2},"geometry":{"type":"LineString","coordinates":[[-72.963226,4.462186],[-72.963296,4.462227]]}},{"type":"Feature","properties":{"linea":"9-5-23","parcela":"9-5","palmas":3},"geometry":{"type":"LineString","coordinates":[[-72.963226,4.462105],[-72.963367,4.462186]]}},{"type":"Feature","properties":{"linea":"9-5-24","parcela":"9-5","palmas":4},"geometry":{"type":"LineString","coordinates":[[-72.963156,4.461983],[-72.963437,4.462145]]}},{"type":"Feature","properties":{"linea":"9-5-25","parcela":"9-5","palmas":5},"geometry":{"type":"LineString","coordinates":[[-72.963156,4.461901],[-72.963437,4.462064]]}},{"type":"Feature","properties":{"linea":"9-5-26","parcela":"9-5","palmas":7},"geometry":{"type":"LineString","coordinates":[[-72.963086,4.461779],[-72.963507,4.462023]]}},{"type":"Feature","properties":{"linea":"9-5-27","parcela":"9-5","palmas":8},"geometry":{"type":"LineString","coordinates":[[-72.963086,4.461698],[-72.963578,4.461982]]}},{"type":"Feature","properties":{"linea":"9-5-28","parcela":"9-5","palmas":7},"geometry":{"type":"LineString","coordinates":[[-72.963157,4.461657],[-72.963578,4.4619]]}},{"type":"Feature","properties":{"linea":"9-5-29","parcela":"9-5","palmas":6},"geometry":{"type":"LineString","coordinates":[[-72.963297,4.461657],[-72.963648,4.46186]]}},{"type":"Feature","properties":{"linea":"9-5-30","parcela":"9-5","palmas":6},"geometry":{"type":"LineString","coordinates":[[-72.963367,4.461616],[-72.963718,4.461819]]}},{"type":"Feature","properties":{"linea":"9-5-31","parcela":"9-5","palmas":6},"geometry":{"type":"LineString","coordinates":[[-72.963438,4.461575],[-72.963788,4.461778]]}},{"type":"Feature","properties":{"linea":"9-5-32","parcela":"9-5","palmas":5},"geometry":{"type":"LineString","coordinates":[[-72.963508,4.461534],[-72.963789,4.461697]]}},{"type":"Feature","properties":{"linea":"9-5-33","parcela":"9-5","palmas":6},"geometry":{"type":"LineString","coordinates":[[-72.963508,4.461453],[-72.963859,4.461656]]}},{"type":"Feature","properties":{"linea":"9-5-34","parcela":"9-5","palmas":6},"geometry":{"type":"LineString","coordinates":[[-72.963578,4.461412],[-72.963929,4.461615]]}},{"type":"Feature","properties":{"linea":"9-5-35","parcela":"9-5","palmas":5},"geometry":{"type":"LineString","coordinates":[[-72.963649,4.461371],[-72.963929,4.461534]]}},{"type":"Feature","properties":{"linea":"9-5-36","parcela":"9-5","palmas":6},"geometry":{"type":"LineString","coordinates":[[-72.963649,4.46129],[-72.964,4.461493]]}},{"type":"Feature","properties":{"linea":"9-5-37","parcela":"9-5","palmas":6},"geometry":{"type":"LineString","coordinates":[[-72.963719,4.461249],[-72.96407,4.461452]]}},{"type":"Feature","properties":{"linea":"9-5-38","parcela":"9-5","palmas":5},"geometry":{"type":"LineString","coordinates":[[-72.963789,4.461208],[-72.96407,4.461371]]}},{"type":"Feature","properties":{"linea":"9-5-39","parcela":"9-5","palmas":6},"geometry":{"type":"LineString","coordinates":[[-72.963789,4.461127],[-72.96421,4.46137]]}},{"type":"Feature","properties":{"linea":"9-5-40","parcela":"9-5","palmas":5},"geometry":{"type":"LineString","coordinates":[[-72.96386,4.461086],[-72.96421,4.461289]]}},{"type":"Feature","properties":{"linea":"9-5-41","parcela":"9-5","palmas":5},"geometry":{"type":"LineString","coordinates":[[-72.96393,4.461045],[-72.964281,4.461248]]}},{"type":"Feature","properties":{"linea":"9-5-42","parcela":"9-5","palmas":7},"geometry":{"type":"LineString","coordinates":[[-72.96393,4.460964],[-72.964351,4.461207]]}},{"type":"Feature","properties":{"linea":"9-5-43","parcela":"9-5","palmas":7},"geometry":{"type":"LineString","coordinates":[[-72.96393,4.460883],[-72.964351,4.461126]]}},{"type":"Feature","properties":{"linea":"9-5-44","parcela":"9-5","palmas":7},"geometry":{"type":"LineString","coordinates":[[-72.964001,4.460842],[-72.964421,4.461085]]}},{"type":"Feature","properties":{"linea":"9-5-45","parcela":"9-5","palmas":8},"geometry":{"type":"LineString","coordinates":[[-72.964001,4.46076],[-72.964492,4.461044]]}},{"type":"Feature","properties":{"linea":"9-5-46","parcela":"9-5","palmas":8},"geometry":{"type":"LineString","coordinates":[[-72.964001,4.460679],[-72.964492,4.460963]]}},{"type":"Feature","properties":{"linea":"9-5-47","parcela":"9-5","palmas":8},"geometry":{"type":"LineString","coordinates":[[-72.964071,4.460638],[-72.964562,4.460922]]}},{"type":"Feature","properties":{"linea":"9-5-48","parcela":"9-5","palmas":9},"geometry":{"type":"LineString","coordinates":[[-72.964071,4.460557],[-72.964632,4.460881]]}},{"type":"Feature","properties":{"linea":"9-5-49","parcela":"9-5","palmas":10},"geometry":{"type":"LineString","coordinates":[[-72.964071,4.460476],[-72.964703,4.46084]]}},{"type":"Feature","properties":{"linea":"9-5-50","parcela":"9-5","palmas":10},"geometry":{"type":"LineString","coordinates":[[-72.964071,4.460394],[-72.964703,4.460759]]}},{"type":"Feature","properties":{"linea":"9-5-51","parcela":"9-5","palmas":11},"geometry":{"type":"LineString","coordinates":[[-72.964072,4.460313],[-72.964773,4.460718]]}},{"type":"Feature","properties":{"linea":"9-5-52","parcela":"9-5","palmas":12},"geometry":{"type":"LineString","coordinates":[[-72.964072,4.460231],[-72.964843,4.460677]]}},{"type":"Feature","properties":{"linea":"9-5-53","parcela":"9-5","palmas":11},"geometry":{"type":"LineString","coordinates":[[-72.964142,4.460191],[-72.964843,4.460596]]}},{"type":"Feature","properties":{"linea":"9-5-54","parcela":"9-5","palmas":12},"geometry":{"type":"LineString","coordinates":[[-72.964142,4.460109],[-72.964914,4.460555]]}},{"type":"Feature","properties":{"linea":"9-5-55","parcela":"9-5","palmas":13},"geometry":{"type":"LineString","coordinates":[[-72.964142,4.460028],[-72.964984,4.460514]]}},{"type":"Feature","properties":{"linea":"9-5-56","parcela":"9-5","palmas":13},"geometry":{"type":"LineString","coordinates":[[-72.964212,4.459987],[-72.965054,4.460474]]}},{"type":"Feature","properties":{"linea":"9-5-57","parcela":"9-5","palmas":7},"geometry":{"type":"LineString","coordinates":[[-72.964633,4.460149],[-72.965054,4.460392]]}},{"type":"Feature","properties":{"linea":"9-5-58","parcela":"9-5","palmas":7},"geometry":{"type":"LineString","coordinates":[[-72.964704,4.460108],[-72.965125,4.460351]]}},{"type":"Feature","properties":{"linea":"9-5-59","parcela":"9-5","palmas":6},"geometry":{"type":"LineString","coordinates":[[-72.964844,4.460108],[-72.965195,4.46031]]}},{"type":"Feature","properties":{"linea":"9-5-60","parcela":"9-5","palmas":5},"geometry":{"type":"LineString","coordinates":[[-72.964914,4.460067],[-72.965195,4.460229]]}},{"type":"Feature","properties":{"linea":"9-5-61","parcela":"9-5","palmas":5},"geometry":{"type":"LineString","coordinates":[[-72.964985,4.460026],[-72.965265,4.460188]]}},{"type":"Feature","properties":{"linea":"9-5-62","parcela":"9-5","palmas":5},"geometry":{"type":"LineString","coordinates":[[-72.965055,4.459985],[-72.965336,4.460148]]}},{"type":"Feature","properties":{"linea":"9-5-63","parcela":"9-5","palmas":4},"geometry":{"type":"LineString","coordinates":[[-72.965125,4.459944],[-72.965336,4.460066]]}},{"type":"Feature","properties":{"linea":"9-5-64","parcela":"9-5","palmas":4},"geometry":{"type":"LineString","coordinates":[[-72.965196,4.459903],[-72.965406,4.460025]]}},{"type":"Feature","properties":{"linea":"9-5-65","parcela":"9-5","palmas":5},"geometry":{"type":"LineString","coordinates":[[-72.965196,4.459822],[-72.965476,4.459984]]}},{"type":"Feature","properties":{"linea":"9-5-66","parcela":"9-5","palmas":5},"geometry":{"type":"LineString","coordinates":[[-72.965266,4.459782],[-72.965547,4.459944]]}},{"type":"Feature","properties":{"linea":"9-5-67","parcela":"9-5","palmas":4},"geometry":{"type":"LineString","coordinates":[[-72.965406,4.459781],[-72.965617,4.459903]]}},{"type":"Feature","properties":{"linea":"9-5-68","parcela":"9-5","palmas":3},"geometry":{"type":"LineString","coordinates":[[-72.965477,4.45974],[-72.965617,4.459822]]}},{"type":"Feature","properties":{"linea":"9-5-69","parcela":"9-5","palmas":4},"geometry":{"type":"LineString","coordinates":[[-72.965477,4.459659],[-72.965687,4.45978]]}},{"type":"Feature","properties":{"linea":"9-5-70","parcela":"9-5","palmas":4},"geometry":{"type":"LineString","coordinates":[[-72.965547,4.459618],[-72.965757,4.45974]]}},{"type":"Feature","properties":{"linea":"9-5-71","parcela":"9-5","palmas":2},"geometry":{"type":"LineString","coordinates":[[-72.965617,4.459577],[-72.965687,4.459618]]}},{"type":"Feature","properties":{"linea":"9-5-72","parcela":"9-5","palmas":2},"geometry":{"type":"LineString","coordinates":[[-72.965898,4.459821],[-72.965827,4.459862]]}},{"type":"Feature","properties":{"linea":"9-5-73","parcela":"9-5","palmas":5},"geometry":{"type":"LineString","coordinates":[[-72.965898,4.459902],[-72.965617,4.460066]]}},{"type":"Feature","properties":{"linea":"9-5-74","parcela":"9-5","palmas":7},"geometry":{"type":"LineString","coordinates":[[-72.965898,4.459984],[-72.965476,4.460228]]}},{"type":"Feature","properties":{"linea":"9-5-75","parcela":"9-5","palmas":10},"geometry":{"type":"LineString","coordinates":[[-72.965968,4.460024],[-72.965335,4.460392]]}},{"type":"Feature","properties":{"linea":"9-5-76","parcela":"9-5","palmas":13},"geometry":{"type":"LineString","coordinates":[[-72.965968,4.460106],[-72.965124,4.460595]]}},{"type":"Feature","properties":{"linea":"9-5-77","parcela":"9-5","palmas":16},"geometry":{"type":"LineString","coordinates":[[-72.965967,4.460187],[-72.964913,4.460799]]}},{"type":"Feature","properties":{"linea":"9-5-78","parcela":"9-5","palmas":18},"geometry":{"type":"LineString","coordinates":[[-72.965967,4.460268],[-72.964773,4.460962]]}},{"type":"Feature","properties":{"linea":"9-5-79","parcela":"9-5","palmas":21},"geometry":{"type":"LineString","coordinates":[[-72.965967,4.46035],[-72.964562,4.461166]]}},{"type":"Feature","properties":{"linea":"9-5-80","parcela":"9-5","palmas":24},"geometry":{"type":"LineString","coordinates":[[-72.966037,4.46039],[-72.964421,4.461329]]}},{"type":"Feature","properties":{"linea":"9-5-81","parcela":"9-5","palmas":26},"geometry":{"type":"LineString","coordinates":[[-72.966037,4.460471],[-72.96428,4.461492]]}},{"type":"Feature","properties":{"linea":"9-5-82","parcela":"9-5","palmas":26},"geometry":{"type":"LineString","coordinates":[[-72.966037,4.460553],[-72.96428,4.461573]]}},{"type":"Feature","properties":{"linea":"9-5-83","parcela":"9-5","palmas":26},"geometry":{"type":"LineString","coordinates":[[-72.966037,4.460634],[-72.96428,4.461655]]}},{"type":"Feature","properties":{"linea":"9-5-84","parcela":"9-5","palmas":26},"geometry":{"type":"LineString","coordinates":[[-72.966037,4.460716],[-72.96428,4.461736]]}},{"type":"Feature","properties":{"linea":"9-5-85","parcela":"9-5","palmas":26},"geometry":{"type":"LineString","coordinates":[[-72.966037,4.460797],[-72.96428,4.461818]]}},{"type":"Feature","properties":{"linea":"9-5-86","parcela":"9-5","palmas":27},"geometry":{"type":"LineString","coordinates":[[-72.966107,4.460838],[-72.96428,4.461899]]}},{"type":"Feature","properties":{"linea":"9-5-87","parcela":"9-5","palmas":27},"geometry":{"type":"LineString","coordinates":[[-72.966107,4.460919],[-72.96428,4.46198]]}},{"type":"Feature","properties":{"linea":"9-5-88","parcela":"9-5","palmas":27},"geometry":{"type":"LineString","coordinates":[[-72.966107,4.461],[-72.96428,4.462062]]}},{"type":"Feature","properties":{"linea":"9-5-89","parcela":"9-5","palmas":27},"geometry":{"type":"LineString","coordinates":[[-72.966107,4.461082],[-72.964279,4.462143]]}},{"type":"Feature","properties":{"linea":"9-5-90","parcela":"9-5","palmas":28},"geometry":{"type":"LineString","coordinates":[[-72.966177,4.461122],[-72.964279,4.462225]]}},{"type":"Feature","properties":{"linea":"9-5-91","parcela":"9-5","palmas":28},"geometry":{"type":"LineString","coordinates":[[-72.966177,4.461204],[-72.964279,4.462306]]}},{"type":"Feature","properties":{"linea":"9-5-92","parcela":"9-5","palmas":28},"geometry":{"type":"LineString","coordinates":[[-72.966176,4.461285],[-72.964279,4.462387]]}},{"type":"Feature","properties":{"linea":"9-5-93","parcela":"9-5","palmas":28},"geometry":{"type":"LineString","coordinates":[[-72.966176,4.461366],[-72.964279,4.462468]]}},{"type":"Feature","properties":{"linea":"9-5-94","parcela":"9-5","palmas":28},"geometry":{"type":"LineString","coordinates":[[-72.966176,4.461448],[-72.964279,4.46255]]}},{"type":"Feature","properties":{"linea":"9-5-95","parcela":"9-5","palmas":28},"geometry":{"type":"LineString","coordinates":[[-72.966176,4.461529],[-72.964279,4.462631]]}},{"type":"Feature","properties":{"linea":"9-5-96","parcela":"9-5","palmas":28},"geometry":{"type":"LineString","coordinates":[[-72.966176,4.461611],[-72.964279,4.462713]]}},{"type":"Feature","properties":{"linea":"9-5-97","parcela":"9-5","palmas":28},"geometry":{"type":"LineString","coordinates":[[-72.966176,4.461692],[-72.964278,4.462794]]}},{"type":"Feature","properties":{"linea":"9-5-98","parcela":"9-5","palmas":28},"geometry":{"type":"LineString","coordinates":[[-72.966176,4.461773],[-72.964278,4.462876]]}},{"type":"Feature","properties":{"linea":"9-5-99","parcela":"9-5","palmas":28},"geometry":{"type":"LineString","coordinates":[[-72.966176,4.461855],[-72.964278,4.462957]]}},{"type":"Feature","properties":{"linea":"9-5-100","parcela":"9-5","palmas":28},"geometry":{"type":"LineString","coordinates":[[-72.966175,4.461936],[-72.964278,4.463038]]}},{"type":"Feature","properties":{"linea":"9-5-101","parcela":"9-5","palmas":28},"geometry":{"type":"LineString","coordinates":[[-72.966175,4.462017],[-72.964278,4.46312]]}},{"type":"Feature","properties":{"linea":"9-5-102","parcela":"9-5","palmas":28},"geometry":{"type":"LineString","coordinates":[[-72.966175,4.462099],[-72.964278,4.463201]]}},{"type":"Feature","properties":{"linea":"9-5-103","parcela":"9-5","palmas":28},"geometry":{"type":"LineString","coordinates":[[-72.966175,4.46218],[-72.964278,4.463282]]}},{"type":"Feature","properties":{"linea":"9-5-104","parcela":"9-5","palmas":28},"geometry":{"type":"LineString","coordinates":[[-72.966175,4.462262],[-72.964278,4.463364]]}},{"type":"Feature","properties":{"linea":"9-5-105","parcela":"9-5","palmas":28},"geometry":{"type":"LineString","coordinates":[[-72.966175,4.462343],[-72.964277,4.463445]]}},{"type":"Feature","properties":{"linea":"9-5-106","parcela":"9-5","palmas":28},"geometry":{"type":"LineString","coordinates":[[-72.966175,4.462424],[-72.964277,4.463526]]}},{"type":"Feature","properties":{"linea":"9-5-107","parcela":"9-5","palmas":28},"geometry":{"type":"LineString","coordinates":[[-72.966175,4.462506],[-72.964277,4.463608]]}},{"type":"Feature","properties":{"linea":"9-5-108","parcela":"9-5","palmas":28},"geometry":{"type":"LineString","coordinates":[[-72.966174,4.462587],[-72.964277,4.463689]]}},{"type":"Feature","properties":{"linea":"9-5-109","parcela":"9-5","palmas":28},"geometry":{"type":"LineString","coordinates":[[-72.966174,4.462668],[-72.964277,4.463771]]}},{"type":"Feature","properties":{"linea":"9-5-110","parcela":"9-5","palmas":28},"geometry":{"type":"LineString","coordinates":[[-72.966174,4.46275],[-72.964277,4.463852]]}},{"type":"Feature","properties":{"linea":"9-5-111","parcela":"9-5","palmas":28},"geometry":{"type":"LineString","coordinates":[[-72.966174,4.462831],[-72.964277,4.463933]]}},{"type":"Feature","properties":{"linea":"9-5-112","parcela":"9-5","palmas":28},"geometry":{"type":"LineString","coordinates":[[-72.966174,4.462912],[-72.964277,4.464015]]}},{"type":"Feature","properties":{"linea":"9-5-113","parcela":"9-5","palmas":28},"geometry":{"type":"LineString","coordinates":[[-72.966174,4.462994],[-72.964276,4.464096]]}},{"type":"Feature","properties":{"linea":"9-5-114","parcela":"9-5","palmas":28},"geometry":{"type":"LineString","coordinates":[[-72.966174,4.463075],[-72.964276,4.464178]]}},{"type":"Feature","properties":{"linea":"9-5-115","parcela":"9-5","palmas":28},"geometry":{"type":"LineString","coordinates":[[-72.966174,4.463157],[-72.964276,4.464259]]}},{"type":"Feature","properties":{"linea":"9-5-116","parcela":"9-5","palmas":28},"geometry":{"type":"LineString","coordinates":[[-72.966173,4.463238],[-72.964276,4.46434]]}},{"type":"Feature","properties":{"linea":"9-5-117","parcela":"9-5","palmas":28},"geometry":{"type":"LineString","coordinates":[[-72.966173,4.463319],[-72.964276,4.464422]]}},{"type":"Feature","properties":{"linea":"9-5-118","parcela":"9-5","palmas":28},"geometry":{"type":"LineString","coordinates":[[-72.966173,4.463401],[-72.964276,4.464503]]}},{"type":"Feature","properties":{"linea":"9-5-119","parcela":"9-5","palmas":28},"geometry":{"type":"LineString","coordinates":[[-72.966173,4.463482],[-72.964276,4.464584]]}},{"type":"Feature","properties":{"linea":"9-5-120","parcela":"9-5","palmas":28},"geometry":{"type":"LineString","coordinates":[[-72.966173,4.463564],[-72.964276,4.464666]]}},{"type":"Feature","properties":{"linea":"9-5-121","parcela":"9-5","palmas":28},"geometry":{"type":"LineString","coordinates":[[-72.966173,4.463645],[-72.964275,4.464747]]}},{"type":"Feature","properties":{"linea":"9-5-122","parcela":"9-5","palmas":28},"geometry":{"type":"LineString","coordinates":[[-72.966173,4.463726],[-72.964275,4.464829]]}},{"type":"Feature","properties":{"linea":"9-5-123","parcela":"9-5","palmas":28},"geometry":{"type":"LineString","coordinates":[[-72.966173,4.463808],[-72.964275,4.46491]]}},{"type":"Feature","properties":{"linea":"9-5-124","parcela":"9-5","palmas":28},"geometry":{"type":"LineString","coordinates":[[-72.966172,4.463889],[-72.964275,4.464991]]}},{"type":"Feature","properties":{"linea":"9-5-125","parcela":"9-5","palmas":27},"geometry":{"type":"LineString","coordinates":[[-72.966102,4.464011],[-72.964275,4.465073]]}},{"type":"Feature","properties":{"linea":"9-5-126","parcela":"9-5","palmas":27},"geometry":{"type":"LineString","coordinates":[[-72.966102,4.464093],[-72.964275,4.465154]]}},{"type":"Feature","properties":{"linea":"9-5-127","parcela":"9-5","palmas":27},"geometry":{"type":"LineString","coordinates":[[-72.966102,4.464174],[-72.964275,4.465235]]}},{"type":"Feature","properties":{"linea":"9-5-128","parcela":"9-5","palmas":27},"geometry":{"type":"LineString","coordinates":[[-72.966102,4.464255],[-72.964275,4.465317]]}},{"type":"Feature","properties":{"linea":"9-5-129","parcela":"9-5","palmas":27},"geometry":{"type":"LineString","coordinates":[[-72.966102,4.464337],[-72.964274,4.465398]]}},{"type":"Feature","properties":{"linea":"9-5-130","parcela":"9-5","palmas":27},"geometry":{"type":"LineString","coordinates":[[-72.966101,4.464418],[-72.964274,4.465479]]}},{"type":"Feature","properties":{"linea":"9-5-131","parcela":"9-5","palmas":27},"geometry":{"type":"LineString","coordinates":[[-72.966101,4.464499],[-72.964274,4.465561]]}},{"type":"Feature","properties":{"linea":"9-5-132","parcela":"9-5","palmas":27},"geometry":{"type":"LineString","coordinates":[[-72.966101,4.464581],[-72.964274,4.465642]]}},{"type":"Feature","properties":{"linea":"9-5-133","parcela":"9-5","palmas":27},"geometry":{"type":"LineString","coordinates":[[-72.966101,4.464662],[-72.964274,4.465724]]}},{"type":"Feature","properties":{"linea":"9-5-134","parcela":"9-5","palmas":27},"geometry":{"type":"LineString","coordinates":[[-72.966101,4.464744],[-72.964274,4.465805]]}},{"type":"Feature","properties":{"linea":"9-5-135","parcela":"9-5","palmas":27},"geometry":{"type":"LineString","coordinates":[[-72.966101,4.464825],[-72.964274,4.465886]]}},{"type":"Feature","properties":{"linea":"9-5-136","parcela":"9-5","palmas":27},"geometry":{"type":"LineString","coordinates":[[-72.966101,4.464906],[-72.964274,4.465967]]}},{"type":"Feature","properties":{"linea":"9-5-137","parcela":"9-5","palmas":27},"geometry":{"type":"LineString","coordinates":[[-72.966101,4.464988],[-72.964273,4.466049]]}},{"type":"Feature","properties":{"linea":"9-5-138","parcela":"9-5","palmas":27},"geometry":{"type":"LineString","coordinates":[[-72.9661,4.465069],[-72.964273,4.46613]]}},{"type":"Feature","properties":{"linea":"9-5-139","parcela":"9-5","palmas":26},"geometry":{"type":"LineString","coordinates":[[-72.9661,4.46515],[-72.964344,4.466171]]}},{"type":"Feature","properties":{"linea":"9-5-140","parcela":"9-5","palmas":26},"geometry":{"type":"LineString","coordinates":[[-72.9661,4.465232],[-72.964343,4.466252]]}},{"type":"Feature","properties":{"linea":"9-5-141","parcela":"9-5","palmas":25},"geometry":{"type":"LineString","coordinates":[[-72.9661,4.465313],[-72.964414,4.466293]]}},{"type":"Feature","properties":{"linea":"9-5-142","parcela":"9-5","palmas":25},"geometry":{"type":"LineString","coordinates":[[-72.9661,4.465394],[-72.964413,4.466374]]}},{"type":"Feature","properties":{"linea":"9-5-143","parcela":"9-5","palmas":24},"geometry":{"type":"LineString","coordinates":[[-72.9661,4.465476],[-72.964484,4.466415]]}},{"type":"Feature","properties":{"linea":"9-5-144","parcela":"9-5","palmas":24},"geometry":{"type":"LineString","coordinates":[[-72.9661,4.465557],[-72.964483,4.466496]]}},{"type":"Feature","properties":{"linea":"9-5-145","parcela":"9-5","palmas":23},"geometry":{"type":"LineString","coordinates":[[-72.9661,4.465639],[-72.964554,4.466537]]}},{"type":"Feature","properties":{"linea":"9-5-146","parcela":"9-5","palmas":23},"geometry":{"type":"LineString","coordinates":[[-72.9661,4.46572],[-72.964553,4.466618]]}},{"type":"Feature","properties":{"linea":"9-5-147","parcela":"9-5","palmas":22},"geometry":{"type":"LineString","coordinates":[[-72.966099,4.465801],[-72.964624,4.466659]]}},{"type":"Feature","properties":{"linea":"9-5-148","parcela":"9-5","palmas":22},"geometry":{"type":"LineString","coordinates":[[-72.966099,4.465882],[-72.964624,4.46674]]}},{"type":"Feature","properties":{"linea":"9-5-149","parcela":"9-5","palmas":21},"geometry":{"type":"LineString","coordinates":[[-72.966099,4.465964],[-72.964694,4.46678]]}},{"type":"Feature","properties":{"linea":"9-5-150","parcela":"9-5","palmas":21},"geometry":{"type":"LineString","coordinates":[[-72.966099,4.466045],[-72.964694,4.466862]]}},{"type":"Feature","properties":{"linea":"9-5-151","parcela":"9-5","palmas":20},"geometry":{"type":"LineString","coordinates":[[-72.966099,4.466127],[-72.964764,4.466903]]}},{"type":"Feature","properties":{"linea":"9-5-152","parcela":"9-5","palmas":20},"geometry":{"type":"LineString","coordinates":[[-72.966099,4.466208],[-72.964764,4.466984]]}},{"type":"Feature","properties":{"linea":"9-5-153","parcela":"9-5","palmas":19},"geometry":{"type":"LineString","coordinates":[[-72.966099,4.46629],[-72.964834,4.467024]]}},{"type":"Feature","properties":{"linea":"9-5-154","parcela":"9-5","palmas":18},"geometry":{"type":"LineString","coordinates":[[-72.966099,4.466371],[-72.964904,4.467065]]}},{"type":"Feature","properties":{"linea":"9-5-155","parcela":"9-5","palmas":18},"geometry":{"type":"LineString","coordinates":[[-72.966098,4.466452],[-72.964904,4.467146]]}},{"type":"Feature","properties":{"linea":"9-5-156","parcela":"9-5","palmas":17},"geometry":{"type":"LineString","coordinates":[[-72.966098,4.466534],[-72.964974,4.467187]]}},{"type":"Feature","properties":{"linea":"9-5-157","parcela":"9-5","palmas":17},"geometry":{"type":"LineString","coordinates":[[-72.966098,4.466615],[-72.964974,4.467268]]}},{"type":"Feature","properties":{"linea":"9-5-158","parcela":"9-5","palmas":17},"geometry":{"type":"LineString","coordinates":[[-72.966168,4.466656],[-72.965044,4.467309]]}},{"type":"Feature","properties":{"linea":"9-5-159","parcela":"9-5","palmas":17},"geometry":{"type":"LineString","coordinates":[[-72.966168,4.466737],[-72.965044,4.46739]]}},{"type":"Feature","properties":{"linea":"9-5-160","parcela":"9-5","palmas":16},"geometry":{"type":"LineString","coordinates":[[-72.966168,4.466818],[-72.965114,4.467431]]}},{"type":"Feature","properties":{"linea":"9-5-161","parcela":"9-5","palmas":16},"geometry":{"type":"LineString","coordinates":[[-72.966168,4.4669],[-72.965114,4.467512]]}},{"type":"Feature","properties":{"linea":"9-5-162","parcela":"9-5","palmas":15},"geometry":{"type":"LineString","coordinates":[[-72.966168,4.466981],[-72.965184,4.467552]]}},{"type":"Feature","properties":{"linea":"9-5-163","parcela":"9-5","palmas":15},"geometry":{"type":"LineString","coordinates":[[-72.966168,4.467062],[-72.965184,4.467634]]}},{"type":"Feature","properties":{"linea":"9-5-164","parcela":"9-5","palmas":14},"geometry":{"type":"LineString","coordinates":[[-72.966168,4.467144],[-72.965254,4.467675]]}},{"type":"Feature","properties":{"linea":"9-5-165","parcela":"9-5","palmas":14},"geometry":{"type":"LineString","coordinates":[[-72.966167,4.467225],[-72.965254,4.467756]]}},{"type":"Feature","properties":{"linea":"9-5-166","parcela":"9-5","palmas":13},"geometry":{"type":"LineString","coordinates":[[-72.966167,4.467307],[-72.965324,4.467797]]}},{"type":"Feature","properties":{"linea":"9-5-167","parcela":"9-5","palmas":12},"geometry":{"type":"LineString","coordinates":[[-72.966167,4.467388],[-72.965394,4.467837]]}},{"type":"Feature","properties":{"linea":"9-5-168","parcela":"9-5","palmas":12},"geometry":{"type":"LineString","coordinates":[[-72.966167,4.467469],[-72.965394,4.467918]]}},{"type":"Feature","properties":{"linea":"9-5-169","parcela":"9-5","palmas":11},"geometry":{"type":"LineString","coordinates":[[-72.966167,4.46755],[-72.965464,4.467959]]}},{"type":"Feature","properties":{"linea":"9-5-170","parcela":"9-5","palmas":11},"geometry":{"type":"LineString","coordinates":[[-72.966167,4.467632],[-72.965464,4.46804]]}},{"type":"Feature","properties":{"linea":"9-5-171","parcela":"9-5","palmas":10},"geometry":{"type":"LineString","coordinates":[[-72.966167,4.467713],[-72.965534,4.468081]]}},{"type":"Feature","properties":{"linea":"9-5-172","parcela":"9-5","palmas":10},"geometry":{"type":"LineString","coordinates":[[-72.966167,4.467795],[-72.965534,4.468162]]}},{"type":"Feature","properties":{"linea":"9-5-173","parcela":"9-5","palmas":9},"geometry":{"type":"LineString","coordinates":[[-72.966166,4.467876],[-72.965604,4.468203]]}},{"type":"Feature","properties":{"linea":"9-5-174","parcela":"9-5","palmas":9},"geometry":{"type":"LineString","coordinates":[[-72.966166,4.467958],[-72.965604,4.468284]]}},{"type":"Feature","properties":{"linea":"9-5-175","parcela":"9-5","palmas":8},"geometry":{"type":"LineString","coordinates":[[-72.966166,4.468039],[-72.965674,4.468324]]}},{"type":"Feature","properties":{"linea":"9-5-176","parcela":"9-5","palmas":8},"geometry":{"type":"LineString","coordinates":[[-72.966236,4.468079],[-72.965744,4.468365]]}},{"type":"Feature","properties":{"linea":"9-5-177","parcela":"9-5","palmas":8},"geometry":{"type":"LineString","coordinates":[[-72.966236,4.468161],[-72.965744,4.468446]]}},{"type":"Feature","properties":{"linea":"9-5-178","parcela":"9-5","palmas":7},"geometry":{"type":"LineString","coordinates":[[-72.966236,4.468242],[-72.965814,4.468487]]}},{"type":"Feature","properties":{"linea":"9-5-179","parcela":"9-5","palmas":7},"geometry":{"type":"LineString","coordinates":[[-72.966236,4.468323],[-72.965814,4.468569]]}},{"type":"Feature","properties":{"linea":"9-5-180","parcela":"9-5","palmas":6},"geometry":{"type":"LineString","coordinates":[[-72.966236,4.468405],[-72.965885,4.468609]]}},{"type":"Feature","properties":{"linea":"9-5-181","parcela":"9-5","palmas":6},"geometry":{"type":"LineString","coordinates":[[-72.966236,4.468486],[-72.965884,4.46869]]}},{"type":"Feature","properties":{"linea":"9-5-182","parcela":"9-5","palmas":5},"geometry":{"type":"LineString","coordinates":[[-72.966236,4.468567],[-72.965955,4.468731]]}},{"type":"Feature","properties":{"linea":"9-5-183","parcela":"9-5","palmas":5},"geometry":{"type":"LineString","coordinates":[[-72.966236,4.468649],[-72.965954,4.468812]]}},{"type":"Feature","properties":{"linea":"9-5-184","parcela":"9-5","palmas":4},"geometry":{"type":"LineString","coordinates":[[-72.966235,4.46873],[-72.966025,4.468853]]}},{"type":"Feature","properties":{"linea":"9-5-185","parcela":"9-5","palmas":4},"geometry":{"type":"LineString","coordinates":[[-72.966235,4.468812],[-72.966024,4.468934]]}},{"type":"Feature","properties":{"linea":"9-5-186","parcela":"9-5","palmas":3},"geometry":{"type":"LineString","coordinates":[[-72.966235,4.468893],[-72.966095,4.468975]]}},{"type":"Feature","properties":{"linea":"9-5-187","parcela":"9-5","palmas":3},"geometry":{"type":"LineString","coordinates":[[-72.966235,4.468974],[-72.966094,4.469056]]}},{"type":"Feature","properties":{"linea":"9-5-188","parcela":"9-5","palmas":2},"geometry":{"type":"LineString","coordinates":[[-72.966235,4.469055],[-72.966165,4.469097]]}},{"type":"Feature","properties":{"linea":"9-5-189","parcela":"9-5","palmas":3},"geometry":{"type":"LineString","coordinates":[[-72.966305,4.469097],[-72.966164,4.469178]]}},{"type":"Feature","properties":{"linea":"9-5-190","parcela":"9-5","palmas":2},"geometry":{"type":"LineString","coordinates":[[-72.966305,4.469178],[-72.966235,4.469218]]}},{"type":"Feature","properties":{"linea":"9-5-191","parcela":"9-5","palmas":2},"geometry":{"type":"LineString","coordinates":[[-72.966305,4.469259],[-72.966235,4.4693]]}},{"type":"Feature","properties":{"linea":"9-5-192","parcela":"9-5","palmas":1},"geometry":{"type":"LineString","coordinates":[[-72.96634,4.46932],[-72.96627,4.469361]]}},{"type":"Feature","properties":{"linea":"9-6-1","parcela":"9-6","palmas":1},"geometry":{"type":"LineString","coordinates":[[-72.962342,4.466358],[-72.962412,4.466317]]}},{"type":"Feature","properties":{"linea":"9-6-2","parcela":"9-6","palmas":3},"geometry":{"type":"LineString","coordinates":[[-72.962096,4.466419],[-72.962237,4.466338]]}},{"type":"Feature","properties":{"linea":"9-6-3","parcela":"9-6","palmas":7},"geometry":{"type":"LineString","coordinates":[[-72.961605,4.466622],[-72.962026,4.466379]]}},{"type":"Feature","properties":{"linea":"9-6-4","parcela":"9-6","palmas":7},"geometry":{"type":"LineString","coordinates":[[-72.961394,4.466662],[-72.961816,4.466419]]}},{"type":"Feature","properties":{"linea":"9-6-5","parcela":"9-6","palmas":7},"geometry":{"type":"LineString","coordinates":[[-72.961253,4.466662],[-72.961675,4.466419]]}},{"type":"Feature","properties":{"linea":"9-6-6","parcela":"9-6","palmas":7},"geometry":{"type":"LineString","coordinates":[[-72.961183,4.466621],[-72.961605,4.466378]]}},{"type":"Feature","properties":{"linea":"9-6-7","parcela":"9-6","palmas":8},"geometry":{"type":"LineString","coordinates":[[-72.961113,4.466581],[-72.961605,4.466296]]}},{"type":"Feature","properties":{"linea":"9-6-8","parcela":"9-6","palmas":8},"geometry":{"type":"LineString","coordinates":[[-72.961113,4.466499],[-72.961605,4.466215]]}},{"type":"Feature","properties":{"linea":"9-6-9","parcela":"9-6","palmas":7},"geometry":{"type":"LineString","coordinates":[[-72.961113,4.466418],[-72.961535,4.466174]]}},{"type":"Feature","properties":{"linea":"9-6-10","parcela":"9-6","palmas":7},"geometry":{"type":"LineString","coordinates":[[-72.961114,4.466336],[-72.961535,4.466093]]}},{"type":"Feature","properties":{"linea":"9-6-11","parcela":"9-6","palmas":6},"geometry":{"type":"LineString","coordinates":[[-72.961114,4.466255],[-72.961465,4.466052]]}},{"type":"Feature","properties":{"linea":"9-6-12","parcela":"9-6","palmas":6},"geometry":{"type":"LineString","coordinates":[[-72.961114,4.466173],[-72.961465,4.465971]]}},{"type":"Feature","properties":{"linea":"9-6-13","parcela":"9-6","palmas":5},"geometry":{"type":"LineString","coordinates":[[-72.961114,4.466092],[-72.961395,4.46593]]}},{"type":"Feature","properties":{"linea":"9-6-14","parcela":"9-6","palmas":5},"geometry":{"type":"LineString","coordinates":[[-72.961114,4.466011],[-72.961395,4.465849]]}},{"type":"Feature","properties":{"linea":"9-6-15","parcela":"9-6","palmas":5},"geometry":{"type":"LineString","coordinates":[[-72.961044,4.46597],[-72.961325,4.465808]]}},{"type":"Feature","properties":{"linea":"9-6-16","parcela":"9-6","palmas":5},"geometry":{"type":"LineString","coordinates":[[-72.961044,4.465889],[-72.961325,4.465726]]}},{"type":"Feature","properties":{"linea":"9-6-17","parcela":"9-6","palmas":5},"geometry":{"type":"LineString","coordinates":[[-72.960974,4.465848],[-72.961255,4.465685]]}},{"type":"Feature","properties":{"linea":"9-6-18","parcela":"9-6","palmas":5},"geometry":{"type":"LineString","coordinates":[[-72.960974,4.465767],[-72.961255,4.465604]]}},{"type":"Feature","properties":{"linea":"9-6-19","parcela":"9-6","palmas":4},"geometry":{"type":"LineString","coordinates":[[-72.960974,4.465685],[-72.961185,4.465564]]}},{"type":"Feature","properties":{"linea":"9-6-20","parcela":"9-6","palmas":4},"geometry":{"type":"LineString","coordinates":[[-72.960974,4.465604],[-72.961185,4.465482]]}},{"type":"Feature","properties":{"linea":"9-6-21","parcela":"9-6","palmas":5},"geometry":{"type":"LineString","coordinates":[[-72.960904,4.465563],[-72.961185,4.465401]]}},{"type":"Feature","properties":{"linea":"9-6-22","parcela":"9-6","palmas":5},"geometry":{"type":"LineString","coordinates":[[-72.960904,4.465481],[-72.961185,4.465319]]}},{"type":"Feature","properties":{"linea":"9-6-23","parcela":"9-6","palmas":4},"geometry":{"type":"LineString","coordinates":[[-72.960975,4.46536],[-72.961185,4.465238]]}},{"type":"Feature","properties":{"linea":"9-6-24","parcela":"9-6","palmas":5},"geometry":{"type":"LineString","coordinates":[[-72.960904,4.465319],[-72.961186,4.465157]]}},{"type":"Feature","properties":{"linea":"9-6-25","parcela":"9-6","palmas":5},"geometry":{"type":"LineString","coordinates":[[-72.960905,4.465237],[-72.961186,4.465075]]}},{"type":"Feature","properties":{"linea":"9-6-26","parcela":"9-6","palmas":6},"geometry":{"type":"LineString","coordinates":[[-72.960834,4.465197],[-72.961186,4.464994]]}},{"type":"Feature","properties":{"linea":"9-6-27","parcela":"9-6","palmas":6},"geometry":{"type":"LineString","coordinates":[[-72.960835,4.465115],[-72.961186,4.464913]]}},{"type":"Feature","properties":{"linea":"9-6-28","parcela":"9-6","palmas":6},"geometry":{"type":"LineString","coordinates":[[-72.960835,4.465034],[-72.961186,4.464831]]}},{"type":"Feature","properties":{"linea":"9-6-29","parcela":"9-6","palmas":6},"geometry":{"type":"LineString","coordinates":[[-72.960835,4.464952],[-72.961186,4.46475]]}},{"type":"Feature","properties":{"linea":"9-6-30","parcela":"9-6","palmas":6},"geometry":{"type":"LineString","coordinates":[[-72.960835,4.464871],[-72.961186,4.464668]]}},{"type":"Feature","properties":{"linea":"9-6-31","parcela":"9-6","palmas":7},"geometry":{"type":"LineString","coordinates":[[-72.960765,4.46483],[-72.961186,4.464587]]}},{"type":"Feature","properties":{"linea":"9-6-32","parcela":"9-6","palmas":7},"geometry":{"type":"LineString","coordinates":[[-72.960765,4.464749],[-72.961187,4.464506]]}},{"type":"Feature","properties":{"linea":"9-6-33","parcela":"9-6","palmas":6},"geometry":{"type":"LineString","coordinates":[[-72.960835,4.464627],[-72.961187,4.464424]]}},{"type":"Feature","properties":{"linea":"9-6-34","parcela":"9-6","palmas":6},"geometry":{"type":"LineString","coordinates":[[-72.960835,4.464546],[-72.961187,4.464343]]}},{"type":"Feature","properties":{"linea":"9-6-35","parcela":"9-6","palmas":5},"geometry":{"type":"LineString","coordinates":[[-72.961117,4.464302],[-72.961187,4.464262]]}},{"type":"Feature","properties":{"linea":"9-6-35","parcela":"9-6","palmas":5},"geometry":{"type":"LineString","coordinates":[[-72.960836,4.464464],[-72.960976,4.464383]]}},{"type":"Feature","properties":{"linea":"9-6-36","parcela":"9-6","palmas":2},"geometry":{"type":"LineString","coordinates":[[-72.961117,4.464221],[-72.961187,4.46418]]}},{"type":"Feature","properties":{"linea":"9-6-37","parcela":"9-6","palmas":1},"geometry":{"type":"LineString","coordinates":[[-72.961082,4.46416],[-72.961152,4.464119]]}},{"type":"Feature","properties":{"linea":"9-6-38","parcela":"9-6","palmas":1},"geometry":{"type":"LineString","coordinates":[[-72.961363,4.46416],[-72.961292,4.464201]]}},{"type":"Feature","properties":{"linea":"9-6-39","parcela":"9-6","palmas":2},"geometry":{"type":"LineString","coordinates":[[-72.961398,4.464221],[-72.961327,4.464262]]}},{"type":"Feature","properties":{"linea":"9-6-40","parcela":"9-6","palmas":2},"geometry":{"type":"LineString","coordinates":[[-72.961397,4.464302],[-72.961327,4.464343]]}},{"type":"Feature","properties":{"linea":"9-6-41","parcela":"9-6","palmas":3},"geometry":{"type":"LineString","coordinates":[[-72.961468,4.464343],[-72.961327,4.464425]]}},{"type":"Feature","properties":{"linea":"9-6-42","parcela":"9-6","palmas":4},"geometry":{"type":"LineString","coordinates":[[-72.961538,4.464384],[-72.961327,4.464506]]}},{"type":"Feature","properties":{"linea":"9-6-43","parcela":"9-6","palmas":6},"geometry":{"type":"LineString","coordinates":[[-72.961678,4.464384],[-72.961327,4.464587]]}},{"type":"Feature","properties":{"linea":"9-6-44","parcela":"9-6","palmas":6},"geometry":{"type":"LineString","coordinates":[[-72.961678,4.464466],[-72.961327,4.464669]]}},{"type":"Feature","properties":{"linea":"9-6-45","parcela":"9-6","palmas":6},"geometry":{"type":"LineString","coordinates":[[-72.961678,4.464547],[-72.961327,4.46475]]}},{"type":"Feature","properties":{"linea":"9-6-46","parcela":"9-6","palmas":6},"geometry":{"type":"LineString","coordinates":[[-72.961678,4.464628],[-72.961326,4.464831]]}},{"type":"Feature","properties":{"linea":"9-6-47","parcela":"9-6","palmas":7},"geometry":{"type":"LineString","coordinates":[[-72.961748,4.464669],[-72.961326,4.464913]]}},{"type":"Feature","properties":{"linea":"9-6-48","parcela":"9-6","palmas":8},"geometry":{"type":"LineString","coordinates":[[-72.961818,4.46471],[-72.961326,4.464994]]}},{"type":"Feature","properties":{"linea":"9-6-49","parcela":"9-6","palmas":9},"geometry":{"type":"LineString","coordinates":[[-72.961888,4.464751],[-72.961326,4.465075]]}},{"type":"Feature","properties":{"linea":"9-6-50","parcela":"9-6","palmas":10},"geometry":{"type":"LineString","coordinates":[[-72.961958,4.464791],[-72.961326,4.465157]]}},{"type":"Feature","properties":{"linea":"9-6-51","parcela":"9-6","palmas":11},"geometry":{"type":"LineString","coordinates":[[-72.962029,4.464832],[-72.961326,4.465238]]}},{"type":"Feature","properties":{"linea":"9-6-52","parcela":"9-6","palmas":12},"geometry":{"type":"LineString","coordinates":[[-72.962099,4.464873],[-72.961326,4.46532]]}},{"type":"Feature","properties":{"linea":"9-6-53","parcela":"9-6","palmas":13},"geometry":{"type":"LineString","coordinates":[[-72.962169,4.464914],[-72.961326,4.465401]]}},{"type":"Feature","properties":{"linea":"9-6-54","parcela":"9-6","palmas":14},"geometry":{"type":"LineString","coordinates":[[-72.962239,4.464955],[-72.961325,4.465482]]}},{"type":"Feature","properties":{"linea":"9-6-55","parcela":"9-6","palmas":15},"geometry":{"type":"LineString","coordinates":[[-72.962309,4.464995],[-72.961325,4.465564]]}},{"type":"Feature","properties":{"linea":"9-6-56","parcela":"9-6","palmas":15},"geometry":{"type":"LineString","coordinates":[[-72.962379,4.465036],[-72.961395,4.465605]]}},{"type":"Feature","properties":{"linea":"9-6-57","parcela":"9-6","palmas":14},"geometry":{"type":"LineString","coordinates":[[-72.962379,4.465117],[-72.961466,4.465645]]}},{"type":"Feature","properties":{"linea":"9-6-58","parcela":"9-6","palmas":14},"geometry":{"type":"LineString","coordinates":[[-72.962379,4.465198],[-72.961466,4.465726]]}},{"type":"Feature","properties":{"linea":"9-6-59","parcela":"9-6","palmas":13},"geometry":{"type":"LineString","coordinates":[[-72.962379,4.46528],[-72.961536,4.465767]]}},{"type":"Feature","properties":{"linea":"9-6-60","parcela":"9-6","palmas":13},"geometry":{"type":"LineString","coordinates":[[-72.962379,4.465361],[-72.961536,4.465849]]}},{"type":"Feature","properties":{"linea":"9-6-61","parcela":"9-6","palmas":12},"geometry":{"type":"LineString","coordinates":[[-72.962379,4.465442],[-72.961606,4.46589]]}},{"type":"Feature","properties":{"linea":"9-6-62","parcela":"9-6","palmas":12},"geometry":{"type":"LineString","coordinates":[[-72.962379,4.465524],[-72.961606,4.465971]]}},{"type":"Feature","properties":{"linea":"9-6-63","parcela":"9-6","palmas":11},"geometry":{"type":"LineString","coordinates":[[-72.962378,4.465605],[-72.961676,4.466012]]}},{"type":"Feature","properties":{"linea":"9-6-64","parcela":"9-6","palmas":11},"geometry":{"type":"LineString","coordinates":[[-72.962378,4.465687],[-72.961676,4.466093]]}},{"type":"Feature","properties":{"linea":"9-6-65","parcela":"9-6","palmas":11},"geometry":{"type":"LineString","coordinates":[[-72.962448,4.465727],[-72.961746,4.466134]]}},{"type":"Feature","properties":{"linea":"9-6-66","parcela":"9-6","palmas":11},"geometry":{"type":"LineString","coordinates":[[-72.962448,4.465808],[-72.961746,4.466215]]}},{"type":"Feature","properties":{"linea":"9-6-67","parcela":"9-6","palmas":11},"geometry":{"type":"LineString","coordinates":[[-72.962448,4.46589],[-72.961745,4.466297]]}},{"type":"Feature","properties":{"linea":"9-6-68","parcela":"9-6","palmas":9},"geometry":{"type":"LineString","coordinates":[[-72.962448,4.465971],[-72.961886,4.466297]]}},{"type":"Feature","properties":{"linea":"9-6-69","parcela":"9-6","palmas":7},"geometry":{"type":"LineString","coordinates":[[-72.962448,4.466053],[-72.962026,4.466297]]}},{"type":"Feature","properties":{"linea":"9-6-70","parcela":"9-6","palmas":4},"geometry":{"type":"LineString","coordinates":[[-72.962448,4.466134],[-72.962237,4.466257]]}},{"type":"Feature","properties":{"linea":"9-6-71","parcela":"9-6","palmas":1},"geometry":{"type":"LineString","coordinates":[[-72.962483,4.466195],[-72.962413,4.466236]]}},{"type":"Feature","properties":{"linea":"9-6-72","parcela":"9-6","palmas":11},"geometry":{"type":"LineString","coordinates":[[-72.961748,4.464588],[-72.96245,4.464995]]}},{"type":"Feature","properties":{"linea":"9-6-73","parcela":"9-6","palmas":10},"geometry":{"type":"LineString","coordinates":[[-72.961748,4.464507],[-72.96238,4.464873]]}},{"type":"Feature","properties":{"linea":"9-6-74","parcela":"9-6","palmas":10},"geometry":{"type":"LineString","coordinates":[[-72.961748,4.464425],[-72.96238,4.464792]]}},{"type":"Feature","properties":{"linea":"9-6-75","parcela":"9-6","palmas":9},"geometry":{"type":"LineString","coordinates":[[-72.961819,4.464385],[-72.96238,4.46471]]}},{"type":"Feature","properties":{"linea":"9-6-76","parcela":"9-6","palmas":9},"geometry":{"type":"LineString","coordinates":[[-72.961819,4.464303],[-72.96238,4.464629]]}},{"type":"Feature","properties":{"linea":"9-6-77","parcela":"9-6","palmas":8},"geometry":{"type":"LineString","coordinates":[[-72.961889,4.464263],[-72.96238,4.464547]]}},{"type":"Feature","properties":{"linea":"9-6-78","parcela":"9-6","palmas":8},"geometry":{"type":"LineString","coordinates":[[-72.961889,4.464181],[-72.96238,4.464466]]}},{"type":"Feature","properties":{"linea":"9-6-79","parcela":"9-6","palmas":8},"geometry":{"type":"LineString","coordinates":[[-72.961889,4.4641],[-72.96238,4.464384]]}},{"type":"Feature","properties":{"linea":"9-6-80","parcela":"9-6","palmas":8},"geometry":{"type":"LineString","coordinates":[[-72.961889,4.464019],[-72.96238,4.464303]]}},{"type":"Feature","properties":{"linea":"9-6-81","parcela":"9-6","palmas":8},"geometry":{"type":"LineString","coordinates":[[-72.961889,4.463937],[-72.962381,4.464222]]}},{"type":"Feature","properties":{"linea":"9-6-82","parcela":"9-6","palmas":8},"geometry":{"type":"LineString","coordinates":[[-72.96189,4.463856],[-72.962381,4.464141]]}},{"type":"Feature","properties":{"linea":"9-6-83","parcela":"9-6","palmas":8},"geometry":{"type":"LineString","coordinates":[[-72.96189,4.463774],[-72.962381,4.464059]]}},{"type":"Feature","properties":{"linea":"9-6-84","parcela":"9-6","palmas":8},"geometry":{"type":"LineString","coordinates":[[-72.96189,4.463693],[-72.962381,4.463978]]}},{"type":"Feature","properties":{"linea":"9-6-85","parcela":"9-6","palmas":9},"geometry":{"type":"LineString","coordinates":[[-72.96182,4.463571],[-72.962381,4.463896]]}},{"type":"Feature","properties":{"linea":"9-6-86","parcela":"9-6","palmas":9},"geometry":{"type":"LineString","coordinates":[[-72.96182,4.463489],[-72.962381,4.463815]]}},{"type":"Feature","properties":{"linea":"9-6-87","parcela":"9-6","palmas":9},"geometry":{"type":"LineString","coordinates":[[-72.96182,4.463408],[-72.962381,4.463734]]}},{"type":"Feature","properties":{"linea":"9-6-88","parcela":"9-6","palmas":9},"geometry":{"type":"LineString","coordinates":[[-72.96182,4.463327],[-72.962381,4.463652]]}},{"type":"Feature","properties":{"linea":"9-6-89","parcela":"9-6","palmas":9},"geometry":{"type":"LineString","coordinates":[[-72.96182,4.463245],[-72.962382,4.463571]]}},{"type":"Feature","properties":{"linea":"9-6-90","parcela":"9-6","palmas":8},"geometry":{"type":"LineString","coordinates":[[-72.96182,4.463164],[-72.962311,4.463449]]}},{"type":"Feature","properties":{"linea":"9-6-91","parcela":"9-6","palmas":8},"geometry":{"type":"LineString","coordinates":[[-72.961821,4.463083],[-72.962312,4.463368]]}},{"type":"Feature","properties":{"linea":"9-6-92","parcela":"9-6","palmas":8},"geometry":{"type":"LineString","coordinates":[[-72.961821,4.463001],[-72.962312,4.463286]]}},{"type":"Feature","properties":{"linea":"9-6-93","parcela":"9-6","palmas":8},"geometry":{"type":"LineString","coordinates":[[-72.961821,4.46292],[-72.962312,4.463205]]}},{"type":"Feature","properties":{"linea":"9-6-94","parcela":"9-6","palmas":8},"geometry":{"type":"LineString","coordinates":[[-72.961821,4.462839],[-72.962312,4.463124]]}},{"type":"Feature","properties":{"linea":"9-6-95","parcela":"9-6","palmas":8},"geometry":{"type":"LineString","coordinates":[[-72.961821,4.462757],[-72.962312,4.463042]]}},{"type":"Feature","properties":{"linea":"9-6-96","parcela":"9-6","palmas":8},"geometry":{"type":"LineString","coordinates":[[-72.961821,4.462676],[-72.962312,4.462961]]}},{"type":"Feature","properties":{"linea":"9-6-97","parcela":"9-6","palmas":8},"geometry":{"type":"LineString","coordinates":[[-72.961821,4.462594],[-72.962312,4.462879]]}},{"type":"Feature","properties":{"linea":"9-6-98","parcela":"9-6","palmas":8},"geometry":{"type":"LineString","coordinates":[[-72.961821,4.462513],[-72.962312,4.462798]]}},{"type":"Feature","properties":{"linea":"9-6-99","parcela":"9-6","palmas":8},"geometry":{"type":"LineString","coordinates":[[-72.961822,4.462432],[-72.962313,4.462716]]}},{"type":"Feature","properties":{"linea":"9-6-100","parcela":"9-6","palmas":7},"geometry":{"type":"LineString","coordinates":[[-72.961892,4.462391],[-72.962313,4.462635]]}},{"type":"Feature","properties":{"linea":"9-6-101","parcela":"9-6","palmas":7},"geometry":{"type":"LineString","coordinates":[[-72.961892,4.46231],[-72.962313,4.462554]]}},{"type":"Feature","properties":{"linea":"9-6-102","parcela":"9-6","palmas":1},"geometry":{"type":"LineString","coordinates":[[-72.962488,4.462533],[-72.962418,4.462574]]}},{"type":"Feature","properties":{"linea":"9-6-103","parcela":"9-6","palmas":5},"geometry":{"type":"LineString","coordinates":[[-72.962594,4.462553],[-72.962453,4.462635]]}},{"type":"Feature","properties":{"linea":"9-6-103","parcela":"9-6","palmas":5},"geometry":{"type":"LineString","coordinates":[[-72.964069,4.461696],[-72.963999,4.461737]]}},{"type":"Feature","properties":{"linea":"9-6-104","parcela":"9-6","palmas":10},"geometry":{"type":"LineString","coordinates":[[-72.962734,4.462553],[-72.962453,4.462716]]}},{"type":"Feature","properties":{"linea":"9-6-104","parcela":"9-6","palmas":10},"geometry":{"type":"LineString","coordinates":[[-72.964069,4.461777],[-72.963788,4.461941]]}},{"type":"Feature","properties":{"linea":"9-6-105","parcela":"9-6","palmas":15},"geometry":{"type":"LineString","coordinates":[[-72.962945,4.462512],[-72.962453,4.462798]]}},{"type":"Feature","properties":{"linea":"9-6-105","parcela":"9-6","palmas":15},"geometry":{"type":"LineString","coordinates":[[-72.964069,4.461859],[-72.963648,4.462104]]}},{"type":"Feature","properties":{"linea":"9-6-106","parcela":"9-6","palmas":22},"geometry":{"type":"LineString","coordinates":[[-72.963366,4.462348],[-72.962453,4.462879]]}},{"type":"Feature","properties":{"linea":"9-6-106","parcela":"9-6","palmas":22},"geometry":{"type":"LineString","coordinates":[[-72.964069,4.46194],[-72.963577,4.462226]]}},{"type":"Feature","properties":{"linea":"9-6-107","parcela":"9-6","palmas":23},"geometry":{"type":"LineString","coordinates":[[-72.963296,4.462471],[-72.962453,4.462961]]}},{"type":"Feature","properties":{"linea":"9-6-107","parcela":"9-6","palmas":23},"geometry":{"type":"LineString","coordinates":[[-72.964069,4.462022],[-72.963436,4.462389]]}},{"type":"Feature","properties":{"linea":"9-6-108","parcela":"9-6","palmas":13},"geometry":{"type":"LineString","coordinates":[[-72.964069,4.462103],[-72.963226,4.462593]]}},{"type":"Feature","properties":{"linea":"9-6-109","parcela":"9-6","palmas":24},"geometry":{"type":"LineString","coordinates":[[-72.964069,4.462184],[-72.962452,4.463123]]}},{"type":"Feature","properties":{"linea":"9-6-110","parcela":"9-6","palmas":24},"geometry":{"type":"LineString","coordinates":[[-72.964069,4.462266],[-72.962452,4.463205]]}},{"type":"Feature","properties":{"linea":"9-6-111","parcela":"9-6","palmas":24},"geometry":{"type":"LineString","coordinates":[[-72.964068,4.462347],[-72.962452,4.463286]]}},{"type":"Feature","properties":{"linea":"9-6-112","parcela":"9-6","palmas":24},"geometry":{"type":"LineString","coordinates":[[-72.964068,4.462428],[-72.962452,4.463367]]}},{"type":"Feature","properties":{"linea":"9-6-113","parcela":"9-6","palmas":23},"geometry":{"type":"LineString","coordinates":[[-72.964068,4.46251],[-72.962522,4.463408]]}},{"type":"Feature","properties":{"linea":"9-6-114","parcela":"9-6","palmas":23},"geometry":{"type":"LineString","coordinates":[[-72.964068,4.462591],[-72.962522,4.463489]]}},{"type":"Feature","properties":{"linea":"9-6-115","parcela":"9-6","palmas":22},"geometry":{"type":"LineString","coordinates":[[-72.964068,4.462673],[-72.962592,4.46353]]}},{"type":"Feature","properties":{"linea":"9-6-116","parcela":"9-6","palmas":21},"geometry":{"type":"LineString","coordinates":[[-72.964068,4.462754],[-72.962662,4.46357]]}},{"type":"Feature","properties":{"linea":"9-6-117","parcela":"9-6","palmas":21},"geometry":{"type":"LineString","coordinates":[[-72.964068,4.462835],[-72.962662,4.463652]]}},{"type":"Feature","properties":{"linea":"9-6-118","parcela":"9-6","palmas":20},"geometry":{"type":"LineString","coordinates":[[-72.964068,4.462917],[-72.962732,4.463692]]}},{"type":"Feature","properties":{"linea":"9-6-119","parcela":"9-6","palmas":20},"geometry":{"type":"LineString","coordinates":[[-72.964067,4.462998],[-72.962732,4.463773]]}},{"type":"Feature","properties":{"linea":"9-6-120","parcela":"9-6","palmas":19},"geometry":{"type":"LineString","coordinates":[[-72.964067,4.463079],[-72.962802,4.463814]]}},{"type":"Feature","properties":{"linea":"9-6-121","parcela":"9-6","palmas":19},"geometry":{"type":"LineString","coordinates":[[-72.964067,4.463161],[-72.962802,4.463896]]}},{"type":"Feature","properties":{"linea":"9-6-122","parcela":"9-6","palmas":18},"geometry":{"type":"LineString","coordinates":[[-72.964067,4.463242],[-72.962872,4.463936]]}},{"type":"Feature","properties":{"linea":"9-6-123","parcela":"9-6","palmas":18},"geometry":{"type":"LineString","coordinates":[[-72.964067,4.463324],[-72.962872,4.464018]]}},{"type":"Feature","properties":{"linea":"9-6-124","parcela":"9-6","palmas":17},"geometry":{"type":"LineString","coordinates":[[-72.964067,4.463405],[-72.962942,4.464058]]}},{"type":"Feature","properties":{"linea":"9-6-125","parcela":"9-6","palmas":16},"geometry":{"type":"LineString","coordinates":[[-72.964067,4.463486],[-72.963013,4.464099]]}},{"type":"Feature","properties":{"linea":"9-6-126","parcela":"9-6","palmas":16},"geometry":{"type":"LineString","coordinates":[[-72.964067,4.463568],[-72.963013,4.46418]]}},{"type":"Feature","properties":{"linea":"9-6-127","parcela":"9-6","palmas":15},"geometry":{"type":"LineString","coordinates":[[-72.964066,4.463649],[-72.963083,4.46422]]}},{"type":"Feature","properties":{"linea":"9-6-128","parcela":"9-6","palmas":15},"geometry":{"type":"LineString","coordinates":[[-72.964066,4.46373],[-72.963083,4.464302]]}},{"type":"Feature","properties":{"linea":"9-6-129","parcela":"9-6","palmas":14},"geometry":{"type":"LineString","coordinates":[[-72.964066,4.463812],[-72.963153,4.464342]]}},{"type":"Feature","properties":{"linea":"9-6-130","parcela":"9-6","palmas":14},"geometry":{"type":"LineString","coordinates":[[-72.964066,4.463893],[-72.963153,4.464424]]}},{"type":"Feature","properties":{"linea":"9-6-131","parcela":"9-6","palmas":13},"geometry":{"type":"LineString","coordinates":[[-72.964066,4.463975],[-72.963223,4.464464]]}},{"type":"Feature","properties":{"linea":"9-6-132","parcela":"9-6","palmas":13},"geometry":{"type":"LineString","coordinates":[[-72.964066,4.464056],[-72.963223,4.464546]]}},{"type":"Feature","properties":{"linea":"9-6-133","parcela":"9-6","palmas":12},"geometry":{"type":"LineString","coordinates":[[-72.964066,4.464137],[-72.963293,4.464586]]}},{"type":"Feature","properties":{"linea":"9-6-134","parcela":"9-6","palmas":12},"geometry":{"type":"LineString","coordinates":[[-72.964066,4.464218],[-72.963293,4.464668]]}},{"type":"Feature","properties":{"linea":"9-6-135","parcela":"9-6","palmas":11},"geometry":{"type":"LineString","coordinates":[[-72.964066,4.4643],[-72.963363,4.464708]]}},{"type":"Feature","properties":{"linea":"9-6-136","parcela":"9-6","palmas":10},"geometry":{"type":"LineString","coordinates":[[-72.964065,4.464381],[-72.963433,4.464749]]}},{"type":"Feature","properties":{"linea":"9-6-137","parcela":"9-6","palmas":10},"geometry":{"type":"LineString","coordinates":[[-72.964065,4.464463],[-72.963433,4.46483]]}},{"type":"Feature","properties":{"linea":"9-6-138","parcela":"9-6","palmas":9},"geometry":{"type":"LineString","coordinates":[[-72.964065,4.464544],[-72.963503,4.464871]]}},{"type":"Feature","properties":{"linea":"9-6-139","parcela":"9-6","palmas":9},"geometry":{"type":"LineString","coordinates":[[-72.964065,4.464625],[-72.963503,4.464952]]}},{"type":"Feature","properties":{"linea":"9-6-140","parcela":"9-6","palmas":8},"geometry":{"type":"LineString","coordinates":[[-72.964065,4.464707],[-72.963573,4.464992]]}},{"type":"Feature","properties":{"linea":"9-6-141","parcela":"9-6","palmas":8},"geometry":{"type":"LineString","coordinates":[[-72.964065,4.464788],[-72.963573,4.465074]]}},{"type":"Feature","properties":{"linea":"9-6-142","parcela":"9-6","palmas":7},"geometry":{"type":"LineString","coordinates":[[-72.964065,4.46487],[-72.963643,4.465115]]}},{"type":"Feature","properties":{"linea":"9-6-143","parcela":"9-6","palmas":7},"geometry":{"type":"LineString","coordinates":[[-72.964065,4.464951],[-72.963643,4.465196]]}},{"type":"Feature","properties":{"linea":"9-6-144","parcela":"9-6","palmas":6},"geometry":{"type":"LineString","coordinates":[[-72.964064,4.465032],[-72.963713,4.465236]]}},{"type":"Feature","properties":{"linea":"9-6-145","parcela":"9-6","palmas":6},"geometry":{"type":"LineString","coordinates":[[-72.964064,4.465113],[-72.963713,4.465318]]}},{"type":"Feature","properties":{"linea":"9-6-146","parcela":"9-6","palmas":5},"geometry":{"type":"LineString","coordinates":[[-72.964064,4.465195],[-72.963783,4.465358]]}},{"type":"Feature","properties":{"linea":"9-6-147","parcela":"9-6","palmas":4},"geometry":{"type":"LineString","coordinates":[[-72.964064,4.465276],[-72.963853,4.465399]]}},{"type":"Feature","properties":{"linea":"9-6-148","parcela":"9-6","palmas":4},"geometry":{"type":"LineString","coordinates":[[-72.964064,4.465358],[-72.963853,4.46548]]}},{"type":"Feature","properties":{"linea":"9-6-149","parcela":"9-6","palmas":3},"geometry":{"type":"LineString","coordinates":[[-72.964064,4.465439],[-72.963923,4.465521]]}},{"type":"Feature","properties":{"linea":"9-6-150","parcela":"9-6","palmas":3},"geometry":{"type":"LineString","coordinates":[[-72.964064,4.465521],[-72.963923,4.465602]]}},{"type":"Feature","properties":{"linea":"9-6-151","parcela":"9-6","palmas":2},"geometry":{"type":"LineString","coordinates":[[-72.964064,4.465602],[-72.963993,4.465643]]}},{"type":"Feature","properties":{"linea":"9-6-152","parcela":"9-6","palmas":2},"geometry":{"type":"LineString","coordinates":[[-72.964063,4.465683],[-72.963993,4.465724]]}},{"type":"Feature","properties":{"linea":"9-6-153","parcela":"9-6","palmas":1},"geometry":{"type":"LineString","coordinates":[[-72.964098,4.465744],[-72.964028,4.465785]]}},{"type":"Feature","properties":{"linea":"9-6-154","parcela":"9-6","palmas":1},"geometry":{"type":"LineString","coordinates":[[-72.964098,4.465826],[-72.964028,4.465866]]}},{"type":"Feature","properties":{"linea":"9-6-155","parcela":"9-6","palmas":1},"geometry":{"type":"LineString","coordinates":[[-72.962417,4.463551],[-72.962487,4.46351]]}},{"type":"Feature","properties":{"linea":"9-6-156","parcela":"9-6","palmas":1},"geometry":{"type":"LineString","coordinates":[[-72.962417,4.463632],[-72.962487,4.463591]]}},{"type":"Feature","properties":{"linea":"9-6-157","parcela":"9-6","palmas":1},"geometry":{"type":"LineString","coordinates":[[-72.962487,4.463672],[-72.962557,4.463632]]}},{"type":"Feature","properties":{"linea":"9-6-158","parcela":"9-6","palmas":1},"geometry":{"type":"LineString","coordinates":[[-72.962487,4.463754],[-72.962557,4.463713]]}},{"type":"Feature","properties":{"linea":"9-6-159","parcela":"9-6","palmas":2},"geometry":{"type":"LineString","coordinates":[[-72.962522,4.463815],[-72.962592,4.463774]]}},{"type":"Feature","properties":{"linea":"9-6-160","parcela":"9-6","palmas":2},"geometry":{"type":"LineString","coordinates":[[-72.962521,4.463896],[-72.962592,4.463855]]}},{"type":"Feature","properties":{"linea":"9-6-161","parcela":"9-6","palmas":3},"geometry":{"type":"LineString","coordinates":[[-72.962521,4.463978],[-72.962662,4.463896]]}},{"type":"Feature","properties":{"linea":"9-6-162","parcela":"9-6","palmas":3},"geometry":{"type":"LineString","coordinates":[[-72.962521,4.464059],[-72.962662,4.463977]]}},{"type":"Feature","properties":{"linea":"9-6-163","parcela":"9-6","palmas":4},"geometry":{"type":"LineString","coordinates":[[-72.962521,4.46414],[-72.962732,4.464018]]}},{"type":"Feature","properties":{"linea":"9-6-164","parcela":"9-6","palmas":4},"geometry":{"type":"LineString","coordinates":[[-72.962521,4.464222],[-72.962732,4.464099]]}},{"type":"Feature","properties":{"linea":"9-6-165","parcela":"9-6","palmas":5},"geometry":{"type":"LineString","coordinates":[[-72.962521,4.464303],[-72.962802,4.46414]]}},{"type":"Feature","properties":{"linea":"9-6-166","parcela":"9-6","palmas":6},"geometry":{"type":"LineString","coordinates":[[-72.962521,4.464384],[-72.962872,4.46418]]}},{"type":"Feature","properties":{"linea":"9-6-167","parcela":"9-6","palmas":6},"geometry":{"type":"LineString","coordinates":[[-72.962521,4.464466],[-72.962872,4.464262]]}},{"type":"Feature","properties":{"linea":"9-6-168","parcela":"9-6","palmas":7},"geometry":{"type":"LineString","coordinates":[[-72.96252,4.464547],[-72.962942,4.464302]]}},{"type":"Feature","properties":{"linea":"9-6-169","parcela":"9-6","palmas":7},"geometry":{"type":"LineString","coordinates":[[-72.96252,4.464629],[-72.962942,4.464384]]}},{"type":"Feature","properties":{"linea":"9-6-170","parcela":"9-6","palmas":8},"geometry":{"type":"LineString","coordinates":[[-72.96252,4.46471],[-72.963012,4.464424]]}},{"type":"Feature","properties":{"linea":"9-6-171","parcela":"9-6","palmas":8},"geometry":{"type":"LineString","coordinates":[[-72.96252,4.464791],[-72.963012,4.464505]]}},{"type":"Feature","properties":{"linea":"9-6-172","parcela":"9-6","palmas":9},"geometry":{"type":"LineString","coordinates":[[-72.96252,4.464873],[-72.963082,4.464546]]}},{"type":"Feature","properties":{"linea":"9-6-173","parcela":"9-6","palmas":9},"geometry":{"type":"LineString","coordinates":[[-72.96252,4.464954],[-72.963082,4.464627]]}},{"type":"Feature","properties":{"linea":"9-6-174","parcela":"9-6","palmas":9},"geometry":{"type":"LineString","coordinates":[[-72.96259,4.464994],[-72.963152,4.464668]]}},{"type":"Feature","properties":{"linea":"9-6-175","parcela":"9-6","palmas":10},"geometry":{"type":"LineString","coordinates":[[-72.96259,4.465076],[-72.963222,4.464709]]}},{"type":"Feature","properties":{"linea":"9-6-176","parcela":"9-6","palmas":10},"geometry":{"type":"LineString","coordinates":[[-72.96259,4.465157],[-72.963222,4.46479]]}},{"type":"Feature","properties":{"linea":"9-6-177","parcela":"9-6","palmas":10},"geometry":{"type":"LineString","coordinates":[[-72.96259,4.465239],[-72.963222,4.464871]]}},{"type":"Feature","properties":{"linea":"9-6-178","parcela":"9-6","palmas":11},"geometry":{"type":"LineString","coordinates":[[-72.96259,4.46532],[-72.963292,4.464912]]}},{"type":"Feature","properties":{"linea":"9-6-179","parcela":"9-6","palmas":12},"geometry":{"type":"LineString","coordinates":[[-72.962589,4.465401],[-72.963362,4.464952]]}},{"type":"Feature","properties":{"linea":"9-6-180","parcela":"9-6","palmas":12},"geometry":{"type":"LineString","coordinates":[[-72.962589,4.465483],[-72.963362,4.465034]]}},{"type":"Feature","properties":{"linea":"9-6-181","parcela":"9-6","palmas":13},"geometry":{"type":"LineString","coordinates":[[-72.962589,4.465564],[-72.963432,4.465074]]}},{"type":"Feature","properties":{"linea":"9-6-182","parcela":"9-6","palmas":13},"geometry":{"type":"LineString","coordinates":[[-72.962589,4.465646],[-72.963432,4.465156]]}},{"type":"Feature","properties":{"linea":"9-6-183","parcela":"9-6","palmas":14},"geometry":{"type":"LineString","coordinates":[[-72.962589,4.465727],[-72.963502,4.465196]]}},{"type":"Feature","properties":{"linea":"9-6-184","parcela":"9-6","palmas":14},"geometry":{"type":"LineString","coordinates":[[-72.962589,4.465808],[-72.963502,4.465277]]}},{"type":"Feature","properties":{"linea":"9-6-185","parcela":"9-6","palmas":15},"geometry":{"type":"LineString","coordinates":[[-72.962589,4.465889],[-72.963572,4.465318]]}},{"type":"Feature","properties":{"linea":"9-6-186","parcela":"9-6","palmas":14},"geometry":{"type":"LineString","coordinates":[[-72.962659,4.46593],[-72.963572,4.465399]]}},{"type":"Feature","properties":{"linea":"9-6-187","parcela":"9-6","palmas":14},"geometry":{"type":"LineString","coordinates":[[-72.962729,4.465971],[-72.963643,4.46544]]}},{"type":"Feature","properties":{"linea":"9-6-188","parcela":"9-6","palmas":15},"geometry":{"type":"LineString","coordinates":[[-72.962729,4.466052],[-72.963713,4.465481]]}},{"type":"Feature","properties":{"linea":"9-6-189","parcela":"9-6","palmas":15},"geometry":{"type":"LineString","coordinates":[[-72.962729,4.466134],[-72.963713,4.465562]]}},{"type":"Feature","properties":{"linea":"9-6-190","parcela":"9-6","palmas":15},"geometry":{"type":"LineString","coordinates":[[-72.962729,4.466215],[-72.963712,4.465643]]}},{"type":"Feature","properties":{"linea":"9-6-191","parcela":"9-6","palmas":16},"geometry":{"type":"LineString","coordinates":[[-72.962728,4.466296],[-72.963783,4.465684]]}},{"type":"Feature","properties":{"linea":"9-6-192","parcela":"9-6","palmas":17},"geometry":{"type":"LineString","coordinates":[[-72.962728,4.466378],[-72.963853,4.465724]]}},{"type":"Feature","properties":{"linea":"9-6-193","parcela":"9-6","palmas":16},"geometry":{"type":"LineString","coordinates":[[-72.962798,4.466418],[-72.963853,4.465806]]}},{"type":"Feature","properties":{"linea":"9-6-194","parcela":"9-6","palmas":16},"geometry":{"type":"LineString","coordinates":[[-72.962869,4.466459],[-72.963923,4.465846]]}},{"type":"Feature","properties":{"linea":"9-6-195","parcela":"9-6","palmas":15},"geometry":{"type":"LineString","coordinates":[[-72.962939,4.466499],[-72.963923,4.465928]]}},{"type":"Feature","properties":{"linea":"9-6-196","parcela":"9-6","palmas":15},"geometry":{"type":"LineString","coordinates":[[-72.963009,4.46654],[-72.963993,4.465968]]}},{"type":"Feature","properties":{"linea":"9-6-197","parcela":"9-6","palmas":15},"geometry":{"type":"LineString","coordinates":[[-72.963079,4.46658],[-72.964063,4.466009]]}},{"type":"Feature","properties":{"linea":"9-6-198","parcela":"9-6","palmas":14},"geometry":{"type":"LineString","coordinates":[[-72.963149,4.466621],[-72.964063,4.46609]]}},{"type":"Feature","properties":{"linea":"9-6-199","parcela":"9-6","palmas":15},"geometry":{"type":"LineString","coordinates":[[-72.963149,4.466702],[-72.964133,4.466131]]}},{"type":"Feature","properties":{"linea":"9-6-200","parcela":"9-6","palmas":14},"geometry":{"type":"LineString","coordinates":[[-72.963219,4.466743],[-72.964133,4.466212]]}},{"type":"Feature","properties":{"linea":"9-6-201","parcela":"9-6","palmas":15},"geometry":{"type":"LineString","coordinates":[[-72.963219,4.466824],[-72.964203,4.466252]]}},{"type":"Feature","properties":{"linea":"9-6-202","parcela":"9-6","palmas":14},"geometry":{"type":"LineString","coordinates":[[-72.963289,4.466865],[-72.964203,4.466334]]}},{"type":"Feature","properties":{"linea":"9-6-203","parcela":"9-6","palmas":14},"geometry":{"type":"LineString","coordinates":[[-72.963359,4.466905],[-72.964273,4.466375]]}},{"type":"Feature","properties":{"linea":"9-6-204","parcela":"9-6","palmas":14},"geometry":{"type":"LineString","coordinates":[[-72.963359,4.466987],[-72.964273,4.466456]]}},{"type":"Feature","properties":{"linea":"9-6-205","parcela":"9-6","palmas":14},"geometry":{"type":"LineString","coordinates":[[-72.963429,4.467027],[-72.964343,4.466496]]}},{"type":"Feature","properties":{"linea":"9-6-206","parcela":"9-6","palmas":13},"geometry":{"type":"LineString","coordinates":[[-72.9635,4.467068],[-72.964343,4.466578]]}},{"type":"Feature","properties":{"linea":"9-6-207","parcela":"9-6","palmas":14},"geometry":{"type":"LineString","coordinates":[[-72.963499,4.467149],[-72.964413,4.466618]]}},{"type":"Feature","properties":{"linea":"9-6-208","parcela":"9-6","palmas":13},"geometry":{"type":"LineString","coordinates":[[-72.96357,4.46719],[-72.964413,4.4667]]}},{"type":"Feature","properties":{"linea":"9-6-209","parcela":"9-6","palmas":13},"geometry":{"type":"LineString","coordinates":[[-72.96364,4.46723],[-72.964483,4.46674]]}},{"type":"Feature","properties":{"linea":"9-6-210","parcela":"9-6","palmas":12},"geometry":{"type":"LineString","coordinates":[[-72.96371,4.467271],[-72.964483,4.466822]]}},{"type":"Feature","properties":{"linea":"9-6-211","parcela":"9-6","palmas":13},"geometry":{"type":"LineString","coordinates":[[-72.96371,4.467352],[-72.964553,4.466862]]}},{"type":"Feature","properties":{"linea":"9-6-212","parcela":"9-6","palmas":14},"geometry":{"type":"LineString","coordinates":[[-72.96371,4.467434],[-72.964623,4.466903]]}},{"type":"Feature","properties":{"linea":"9-6-213","parcela":"9-6","palmas":14},"geometry":{"type":"LineString","coordinates":[[-72.96371,4.467515],[-72.964623,4.466984]]}},{"type":"Feature","properties":{"linea":"9-6-214","parcela":"9-6","palmas":15},"geometry":{"type":"LineString","coordinates":[[-72.963709,4.467596],[-72.964693,4.467024]]}},{"type":"Feature","properties":{"linea":"9-6-215","parcela":"9-6","palmas":15},"geometry":{"type":"LineString","coordinates":[[-72.963709,4.467678],[-72.964693,4.467106]]}},{"type":"Feature","properties":{"linea":"9-6-216","parcela":"9-6","palmas":16},"geometry":{"type":"LineString","coordinates":[[-72.963709,4.467759],[-72.964763,4.467147]]}},{"type":"Feature","properties":{"linea":"9-6-217","parcela":"9-6","palmas":16},"geometry":{"type":"LineString","coordinates":[[-72.963709,4.46784],[-72.964763,4.467228]]}},{"type":"Feature","properties":{"linea":"9-6-218","parcela":"9-6","palmas":16},"geometry":{"type":"LineString","coordinates":[[-72.963779,4.467881],[-72.964833,4.467269]]}},{"type":"Feature","properties":{"linea":"9-6-219","parcela":"9-6","palmas":16},"geometry":{"type":"LineString","coordinates":[[-72.963779,4.467962],[-72.964833,4.46735]]}},{"type":"Feature","properties":{"linea":"9-6-220","parcela":"9-6","palmas":17},"geometry":{"type":"LineString","coordinates":[[-72.963779,4.468044],[-72.964903,4.46739]]}},{"type":"Feature","properties":{"linea":"9-6-221","parcela":"9-6","palmas":17},"geometry":{"type":"LineString","coordinates":[[-72.963779,4.468125],[-72.964903,4.467472]]}},{"type":"Feature","properties":{"linea":"9-6-222","parcela":"9-6","palmas":18},"geometry":{"type":"LineString","coordinates":[[-72.963779,4.468206],[-72.964973,4.467512]]}},{"type":"Feature","properties":{"linea":"9-6-223","parcela":"9-6","palmas":18},"geometry":{"type":"LineString","coordinates":[[-72.963779,4.468288],[-72.964973,4.467594]]}},{"type":"Feature","properties":{"linea":"9-6-224","parcela":"9-6","palmas":18},"geometry":{"type":"LineString","coordinates":[[-72.963849,4.468328],[-72.965043,4.467634]]}},{"type":"Feature","properties":{"linea":"9-6-225","parcela":"9-6","palmas":18},"geometry":{"type":"LineString","coordinates":[[-72.963849,4.46841],[-72.965043,4.467715]]}},{"type":"Feature","properties":{"linea":"9-6-226","parcela":"9-6","palmas":19},"geometry":{"type":"LineString","coordinates":[[-72.963849,4.468491],[-72.965113,4.467756]]}},{"type":"Feature","properties":{"linea":"9-6-227","parcela":"9-6","palmas":20},"geometry":{"type":"LineString","coordinates":[[-72.963848,4.468572],[-72.965184,4.467797]]}},{"type":"Feature","properties":{"linea":"9-6-228","parcela":"9-6","palmas":20},"geometry":{"type":"LineString","coordinates":[[-72.963848,4.468654],[-72.965183,4.467878]]}},{"type":"Feature","properties":{"linea":"9-6-229","parcela":"9-6","palmas":21},"geometry":{"type":"LineString","coordinates":[[-72.963848,4.468735],[-72.965254,4.467919]]}},{"type":"Feature","properties":{"linea":"9-6-230","parcela":"9-6","palmas":21},"geometry":{"type":"LineString","coordinates":[[-72.963848,4.468817],[-72.965254,4.468]]}},{"type":"Feature","properties":{"linea":"9-6-231","parcela":"9-6","palmas":22},"geometry":{"type":"LineString","coordinates":[[-72.963848,4.468898],[-72.965324,4.468041]]}},{"type":"Feature","properties":{"linea":"9-6-232","parcela":"9-6","palmas":22},"geometry":{"type":"LineString","coordinates":[[-72.963848,4.468979],[-72.965324,4.468122]]}},{"type":"Feature","properties":{"linea":"9-6-233","parcela":"9-6","palmas":23},"geometry":{"type":"LineString","coordinates":[[-72.963848,4.469061],[-72.965394,4.468163]]}},{"type":"Feature","properties":{"linea":"9-6-234","parcela":"9-6","palmas":22},"geometry":{"type":"LineString","coordinates":[[-72.963918,4.469101],[-72.965394,4.468244]]}},{"type":"Feature","properties":{"linea":"9-6-235","parcela":"9-6","palmas":23},"geometry":{"type":"LineString","coordinates":[[-72.963918,4.469183],[-72.965464,4.468284]]}},{"type":"Feature","properties":{"linea":"9-6-236","parcela":"9-6","palmas":23},"geometry":{"type":"LineString","coordinates":[[-72.963918,4.469264],[-72.965464,4.468366]]}},{"type":"Feature","properties":{"linea":"9-6-237","parcela":"9-6","palmas":24},"geometry":{"type":"LineString","coordinates":[[-72.963917,4.469345],[-72.965534,4.468406]]}},{"type":"Feature","properties":{"linea":"9-6-238","parcela":"9-6","palmas":25},"geometry":{"type":"LineString","coordinates":[[-72.963917,4.469427],[-72.965604,4.468447]]}},{"type":"Feature","properties":{"linea":"9-6-239","parcela":"9-6","palmas":25},"geometry":{"type":"LineString","coordinates":[[-72.963917,4.469508],[-72.965604,4.468528]]}},{"type":"Feature","properties":{"linea":"9-6-240","parcela":"9-6","palmas":24},"geometry":{"type":"LineString","coordinates":[[-72.963987,4.469549],[-72.965604,4.468609]]}},{"type":"Feature","properties":{"linea":"9-6-241","parcela":"9-6","palmas":25},"geometry":{"type":"LineString","coordinates":[[-72.963987,4.46963],[-72.965674,4.46865]]}},{"type":"Feature","properties":{"linea":"9-6-242","parcela":"9-6","palmas":25},"geometry":{"type":"LineString","coordinates":[[-72.964057,4.46967],[-72.965744,4.468691]]}},{"type":"Feature","properties":{"linea":"9-6-243","parcela":"9-6","palmas":25},"geometry":{"type":"LineString","coordinates":[[-72.964057,4.469752],[-72.965744,4.468772]]}},{"type":"Feature","properties":{"linea":"9-6-244","parcela":"9-6","palmas":25},"geometry":{"type":"LineString","coordinates":[[-72.964127,4.469792],[-72.965814,4.468813]]}},{"type":"Feature","properties":{"linea":"9-6-245","parcela":"9-6","palmas":24},"geometry":{"type":"LineString","coordinates":[[-72.964198,4.469833],[-72.965814,4.468894]]}},{"type":"Feature","properties":{"linea":"9-6-246","parcela":"9-6","palmas":25},"geometry":{"type":"LineString","coordinates":[[-72.964197,4.469914],[-72.965884,4.468935]]}},{"type":"Feature","properties":{"linea":"9-6-247","parcela":"9-6","palmas":24},"geometry":{"type":"LineString","coordinates":[[-72.964268,4.469955],[-72.965884,4.469016]]}},{"type":"Feature","properties":{"linea":"9-6-248","parcela":"9-6","palmas":24},"geometry":{"type":"LineString","coordinates":[[-72.964338,4.469995],[-72.965954,4.469057]]}},{"type":"Feature","properties":{"linea":"9-6-249","parcela":"9-6","palmas":24},"geometry":{"type":"LineString","coordinates":[[-72.964338,4.470077],[-72.965954,4.469138]]}},{"type":"Feature","properties":{"linea":"9-6-250","parcela":"9-6","palmas":24},"geometry":{"type":"LineString","coordinates":[[-72.964408,4.470117],[-72.966024,4.469178]]}},{"type":"Feature","properties":{"linea":"9-6-251","parcela":"9-6","palmas":23},"geometry":{"type":"LineString","coordinates":[[-72.964478,4.470158],[-72.966024,4.46926]]}},{"type":"Feature","properties":{"linea":"9-6-252","parcela":"9-6","palmas":24},"geometry":{"type":"LineString","coordinates":[[-72.964478,4.470239],[-72.966094,4.4693]]}},{"type":"Feature","properties":{"linea":"9-6-253","parcela":"9-6","palmas":24},"geometry":{"type":"LineString","coordinates":[[-72.964548,4.47028],[-72.966164,4.469341]]}},{"type":"Feature","properties":{"linea":"9-6-254","parcela":"9-6","palmas":23},"geometry":{"type":"LineString","coordinates":[[-72.964618,4.47032],[-72.966164,4.469422]]}},{"type":"Feature","properties":{"linea":"9-6-255","parcela":"9-6","palmas":23},"geometry":{"type":"LineString","coordinates":[[-72.964688,4.470361],[-72.966234,4.469463]]}},{"type":"Feature","properties":{"linea":"9-6-256","parcela":"9-6","palmas":22},"geometry":{"type":"LineString","coordinates":[[-72.964758,4.470402],[-72.966234,4.469544]]}},{"type":"Feature","properties":{"linea":"9-6-257","parcela":"9-6","palmas":23},"geometry":{"type":"LineString","coordinates":[[-72.964758,4.470483],[-72.966304,4.469585]]}},{"type":"Feature","properties":{"linea":"9-6-258","parcela":"9-6","palmas":22},"geometry":{"type":"LineString","coordinates":[[-72.964828,4.470523],[-72.966304,4.469666]]}},{"type":"Feature","properties":{"linea":"9-6-259","parcela":"9-6","palmas":23},"geometry":{"type":"LineString","coordinates":[[-72.964828,4.470605],[-72.966374,4.469707]]}},{"type":"Feature","properties":{"linea":"9-6-260","parcela":"9-6","palmas":22},"geometry":{"type":"LineString","coordinates":[[-72.964898,4.470645],[-72.966374,4.469788]]}},{"type":"Feature","properties":{"linea":"9-6-261","parcela":"9-6","palmas":23},"geometry":{"type":"LineString","coordinates":[[-72.964898,4.470727],[-72.966444,4.469829]]}},{"type":"Feature","properties":{"linea":"9-6-262","parcela":"9-6","palmas":22},"geometry":{"type":"LineString","coordinates":[[-72.964968,4.470767],[-72.966444,4.46991]]}},{"type":"Feature","properties":{"linea":"9-6-263","parcela":"9-6","palmas":23},"geometry":{"type":"LineString","coordinates":[[-72.964968,4.470849],[-72.966514,4.46995]]}},{"type":"Feature","properties":{"linea":"9-6-264","parcela":"9-6","palmas":22},"geometry":{"type":"LineString","coordinates":[[-72.965039,4.470889],[-72.966514,4.470032]]}},{"type":"Feature","properties":{"linea":"9-6-265","parcela":"9-6","palmas":23},"geometry":{"type":"LineString","coordinates":[[-72.965038,4.470971],[-72.966584,4.470072]]}},{"type":"Feature","properties":{"linea":"9-6-266","parcela":"9-6","palmas":23},"geometry":{"type":"LineString","coordinates":[[-72.965109,4.471011],[-72.966655,4.470113]]}},{"type":"Feature","properties":{"linea":"9-6-267","parcela":"9-6","palmas":22},"geometry":{"type":"LineString","coordinates":[[-72.965179,4.471051],[-72.966654,4.470194]]}},{"type":"Feature","properties":{"linea":"9-6-268","parcela":"9-6","palmas":23},"geometry":{"type":"LineString","coordinates":[[-72.965179,4.471133],[-72.966725,4.470235]]}},{"type":"Feature","properties":{"linea":"9-6-269","parcela":"9-6","palmas":23},"geometry":{"type":"LineString","coordinates":[[-72.965178,4.471214],[-72.966724,4.470316]]}},{"type":"Feature","properties":{"linea":"9-6-270","parcela":"9-6","palmas":23},"geometry":{"type":"LineString","coordinates":[[-72.965249,4.471255],[-72.966795,4.470357]]}},{"type":"Feature","properties":{"linea":"9-6-271","parcela":"9-6","palmas":22},"geometry":{"type":"LineString","coordinates":[[-72.965319,4.471295],[-72.966795,4.470438]]}},{"type":"Feature","properties":{"linea":"9-6-272","parcela":"9-6","palmas":22},"geometry":{"type":"LineString","coordinates":[[-72.965389,4.471336],[-72.966865,4.470479]]}},{"type":"Feature","properties":{"linea":"9-6-273","parcela":"9-6","palmas":21},"geometry":{"type":"LineString","coordinates":[[-72.965459,4.471377],[-72.966865,4.47056]]}},{"type":"Feature","properties":{"linea":"9-6-274","parcela":"9-6","palmas":22},"geometry":{"type":"LineString","coordinates":[[-72.965459,4.471458],[-72.966935,4.4706]]}},{"type":"Feature","properties":{"linea":"9-6-275","parcela":"9-6","palmas":22},"geometry":{"type":"LineString","coordinates":[[-72.965459,4.471539],[-72.966935,4.470682]]}},{"type":"Feature","properties":{"linea":"9-6-276","parcela":"9-6","palmas":23},"geometry":{"type":"LineString","coordinates":[[-72.965459,4.471621],[-72.967005,4.470723]]}},{"type":"Feature","properties":{"linea":"9-6-277","parcela":"9-6","palmas":23},"geometry":{"type":"LineString","coordinates":[[-72.965529,4.471661],[-72.967075,4.470763]]}},{"type":"Feature","properties":{"linea":"9-6-278","parcela":"9-6","palmas":23},"geometry":{"type":"LineString","coordinates":[[-72.965529,4.471743],[-72.967075,4.470844]]}},{"type":"Feature","properties":{"linea":"9-6-279","parcela":"9-6","palmas":23},"geometry":{"type":"LineString","coordinates":[[-72.965599,4.471783],[-72.967145,4.470885]]}},{"type":"Feature","properties":{"linea":"9-6-280","parcela":"9-6","palmas":22},"geometry":{"type":"LineString","coordinates":[[-72.965669,4.471824],[-72.967145,4.470966]]}},{"type":"Feature","properties":{"linea":"9-6-281","parcela":"9-6","palmas":22},"geometry":{"type":"LineString","coordinates":[[-72.965739,4.471864],[-72.967215,4.471007]]}},{"type":"Feature","properties":{"linea":"9-6-282","parcela":"9-6","palmas":21},"geometry":{"type":"LineString","coordinates":[[-72.965809,4.471905],[-72.967215,4.471088]]}},{"type":"Feature","properties":{"linea":"9-6-283","parcela":"9-6","palmas":21},"geometry":{"type":"LineString","coordinates":[[-72.965879,4.471945],[-72.967285,4.471129]]}},{"type":"Feature","properties":{"linea":"9-6-284","parcela":"9-6","palmas":19},"geometry":{"type":"LineString","coordinates":[[-72.96602,4.471945],[-72.967285,4.47121]]}},{"type":"Feature","properties":{"linea":"9-6-285","parcela":"9-6","palmas":18},"geometry":{"type":"LineString","coordinates":[[-72.96609,4.471985],[-72.967285,4.471292]]}},{"type":"Feature","properties":{"linea":"9-6-286","parcela":"9-6","palmas":9},"geometry":{"type":"LineString","coordinates":[[-72.96623,4.471985],[-72.966793,4.471659]]}}]}