{"type":"FeatureCollection","features":[{"type":"Feature","properties":{"num":"37","lote":"B.9-P.2 (R.)","bloque":"B.9"},"geometry":{"type":"Point","coordinates":[-72.967709,4.4576]}},{"type":"Feature","properties":{"num":"38","lote":"B.9-P.2 (R.)","bloque":"B.9"},"geometry":{"type":"Point","coordinates":[-72.967554,4.455021]}},{"type":"Feature","properties":{"num":"30","lote":"B.9-P.2 (R.)","bloque":"B.9"},"geometry":{"type":"Point","coordinates":[-72.966074,4.459296]}},{"type":"Feature","properties":{"num":"30A","lote":"B.9-P.2 (R.)","bloque":"B.9"},"geometry":{"type":"Point","coordinates":[-72.96592,4.455838]}},{"type":"Feature","properties":{"num":"45"},"geometry":{"type":"Point","coordinates":[-72.962991,4.483835]}},{"type":"Feature","properties":{"num":"47"},"geometry":{"type":"Point","coordinates":[-72.962969,4.484854]}},{"type":"Feature","properties":{"num":"48","lote":"Pior es Nada (R.)"},"geometry":{"type":"Point","coordinates":[-72.962703,4.49009]}},{"type":"Feature","properties":{"num":"49","lote":"Pior es Nada (R.)"},"geometry":{"type":"Point","coordinates":[-72.961724,4.492147]}},{"type":"Feature","properties":{"num":"15","lote":"B.90-P.602 (R.)","bloque":"B.90"},"geometry":{"type":"Point","coordinates":[-72.956043,4.495397]}},{"type":"Feature","properties":{"num":"52","lote":"B.31-P.4","bloque":"B.31"},"geometry":{"type":"Point","coordinates":[-73.046187,4.40211]}},{"type":"Feature","properties":{"num":"53","lote":"B.31-P.4","bloque":"B.31"},"geometry":{"type":"Point","coordinates":[-73.048103,4.398795]}},{"type":"Feature","properties":{"num":"54","lote":"B.31-P.4","bloque":"B.31"},"geometry":{"type":"Point","coordinates":[-73.051057,4.393683]}},{"type":"Feature","properties":{"num":"51","lote":"B.31-P.3","bloque":"B.31"},"geometry":{"type":"Point","coordinates":[-73.052623,4.398722]}},{"type":"Feature","properties":{"num":"8A","lote":"B.337-P.11","bloque":"B.337"},"geometry":{"type":"Point","coordinates":[-72.948384,4.410524]}},{"type":"Feature","properties":{"num":"3A","lote":"B.337-P.17","bloque":"B.337"},"geometry":{"type":"Point","coordinates":[-72.939998,4.39888]}},{"type":"Feature","properties":{"num":"9A","lote":"B.323-P.4 (R.)","bloque":"B.323"},"geometry":{"type":"Point","coordinates":[-72.981804,4.460378]}},{"type":"Feature","properties":{"num":"1A","lote":"B.10-P.9","bloque":"B.10"},"geometry":{"type":"Point","coordinates":[-72.99524,4.451284]}},{"type":"Feature","properties":{"num":"50","lote":"B.31-P.3","bloque":"B.31"},"geometry":{"type":"Point","coordinates":[-73.050907,4.401717]}},{"type":"Feature","properties":{"num":"48","lote":"B.31-P.5","bloque":"B.31"},"geometry":{"type":"Point","coordinates":[-73.046116,4.410005]}},{"type":"Feature","properties":{"num":"43","lote":"B.31-P.6","bloque":"B.31"},"geometry":{"type":"Point","coordinates":[-73.0488,4.412947]}},{"type":"Feature","properties":{"num":"44","lote":"B.31-P.2","bloque":"B.31"},"geometry":{"type":"Point","coordinates":[-73.051635,4.408014]}},{"type":"Feature","properties":{"num":"45","lote":"B.31-P.2","bloque":"B.31"},"geometry":{"type":"Point","coordinates":[-73.054709,4.402702]}},{"type":"Feature","properties":{"num":"46","lote":"B.31-P.2","bloque":"B.31"},"geometry":{"type":"Point","coordinates":[-73.057283,4.398229]}},{"type":"Feature","properties":{"num":"38","lote":"B.31-P.1","bloque":"B.31"},"geometry":{"type":"Point","coordinates":[-73.056335,4.407461]}},{"type":"Feature","properties":{"num":"39","lote":"B.31-P.1","bloque":"B.31"},"geometry":{"type":"Point","coordinates":[-73.060127,4.400871]}},{"type":"Feature","properties":{"num":"37","lote":"B.31-P.8","bloque":"B.31"},"geometry":{"type":"Point","coordinates":[-73.05382,4.411815]}},{"type":"Feature","properties":{"num":"35","lote":"B.31-P.8","bloque":"B.31"},"geometry":{"type":"Point","coordinates":[-73.050008,4.418425]}},{"type":"Feature","properties":{"num":"36","lote":"B.31-P.8","bloque":"B.31"},"geometry":{"type":"Point","coordinates":[-73.051904,4.41515]}},{"type":"Feature","properties":{"num":"26","lote":"B.31-P.10","bloque":"B.31"},"geometry":{"type":"Point","coordinates":[-73.069235,4.424888]}},{"type":"Feature","properties":{"num":"25","lote":"B.31-P.10","bloque":"B.31"},"geometry":{"type":"Point","coordinates":[-73.067583,4.423907]}},{"type":"Feature","properties":{"num":"27","lote":"B.31-P.10","bloque":"B.31"},"geometry":{"type":"Point","coordinates":[-73.07621,4.420921]}},{"type":"Feature","properties":{"num":"20","lote":"B.31-P.12","bloque":"B.31"},"geometry":{"type":"Point","coordinates":[-73.079075,4.422744]}},{"type":"Feature","properties":{"num":"19","lote":"B.31-P.11","bloque":"B.31"},"geometry":{"type":"Point","coordinates":[-73.079953,4.421226]}},{"type":"Feature","properties":{"num":"21","lote":"B.31-P.15","bloque":"B.31"},"geometry":{"type":"Point","coordinates":[-73.084467,4.42579]}},{"type":"Feature","properties":{"num":"2","lote":"B.31-P.16","bloque":"B.31"},"geometry":{"type":"Point","coordinates":[-73.090002,4.426917]}},{"type":"Feature","properties":{"num":"4","lote":"B.31-P.16","bloque":"B.31"},"geometry":{"type":"Point","coordinates":[-73.092496,4.422643]}},{"type":"Feature","properties":{"num":"3","lote":"B.31-P.16","bloque":"B.31"},"geometry":{"type":"Point","coordinates":[-73.095959,4.424687]}},{"type":"Feature","properties":{"num":"18","lote":"B.3-P.8","bloque":"B.3"},"geometry":{"type":"Point","coordinates":[-72.977981,4.514755]}},{"type":"Feature","properties":{"num":"17","lote":"B.3-P.8","bloque":"B.3"},"geometry":{"type":"Point","coordinates":[-72.977866,4.511617]}},{"type":"Feature","properties":{"num":"16","lote":"B.3-P.8","bloque":"B.3"},"geometry":{"type":"Point","coordinates":[-72.977869,4.509499]}},{"type":"Feature","properties":{"num":"45","lote":"B.336-P.3","bloque":"B.336"},"geometry":{"type":"Point","coordinates":[-72.910247,4.438649]}},{"type":"Feature","properties":{"num":"68","lote":"B.336-P.17","bloque":"B.336"},"geometry":{"type":"Point","coordinates":[-72.91981,4.435446]}},{"type":"Feature","properties":{"num":"50","lote":"B.336-P.20","bloque":"B.336"},"geometry":{"type":"Point","coordinates":[-72.916851,4.430405]}},{"type":"Feature","properties":{"num":"49","lote":"B.336-P.20","bloque":"B.336"},"geometry":{"type":"Point","coordinates":[-72.91135,4.433675]}},{"type":"Feature","properties":{"num":"48","lote":"B.336-P.4","bloque":"B.336"},"geometry":{"type":"Point","coordinates":[-72.907603,4.435987]}},{"type":"Feature","properties":{"num":"54","lote":"B.336-P.14","bloque":"B.336"},"geometry":{"type":"Point","coordinates":[-72.91301,4.4286]}},{"type":"Feature","properties":{"num":"56","lote":"B.336-P.6","bloque":"B.336"},"geometry":{"type":"Point","coordinates":[-72.90333,4.430205]}},{"type":"Feature","properties":{"num":"57","lote":"B.336-P.13","bloque":"B.336"},"geometry":{"type":"Point","coordinates":[-72.906559,4.428151]}},{"type":"Feature","properties":{"num":"62","lote":"B.336-P.9","bloque":"B.336"},"geometry":{"type":"Point","coordinates":[-72.911927,4.420964]}},{"type":"Feature","properties":{"num":"66","lote":"B.336-P.12","bloque":"B.336"},"geometry":{"type":"Point","coordinates":[-72.914831,4.422827]}},{"type":"Feature","properties":{"num":"64","lote":"B.336-P.11","bloque":"B.336"},"geometry":{"type":"Point","coordinates":[-72.914775,4.420669]}},{"type":"Feature","properties":{"num":"14","lote":"B.3-P.7","bloque":"B.3"},"geometry":{"type":"Point","coordinates":[-72.977636,4.505861]}},{"type":"Feature","properties":{"num":"27A","lote":"B.332-P.17","bloque":"B.332"},"geometry":{"type":"Point","coordinates":[-72.959238,4.435942]}},{"type":"Feature","properties":{"num":"19A","lote":"B.332-P.5","bloque":"B.332"},"geometry":{"type":"Point","coordinates":[-72.967122,4.423462]}},{"type":"Feature","properties":{"num":"3A","lote":"B.13-P.6","bloque":"B.13"},"geometry":{"type":"Point","coordinates":[-72.98999,4.45999]}},{"type":"Feature","properties":{"num":"2B","lote":"B.13-P.7","bloque":"B.13"},"geometry":{"type":"Point","coordinates":[-72.987874,4.463605]}},{"type":"Feature","properties":{"num":"5","lote":"B.31-P.16","bloque":"B.31"},"geometry":{"type":"Point","coordinates":[-73.095091,4.41825]}},{"type":"Feature","properties":{"num":"6","lote":"B.31-P.17","bloque":"B.31"},"geometry":{"type":"Point","coordinates":[-73.091748,4.416266]}},{"type":"Feature","properties":{"num":"7","lote":"B.31-P.17","bloque":"B.31"},"geometry":{"type":"Point","coordinates":[-73.088994,4.420979]}},{"type":"Feature","properties":{"num":"12","lote":"B.31-P.18","bloque":"B.31"},"geometry":{"type":"Point","coordinates":[-73.088465,4.414463]}},{"type":"Feature","properties":{"num":"11","lote":"B.31-P.18","bloque":"B.31"},"geometry":{"type":"Point","coordinates":[-73.087028,4.416939]}},{"type":"Feature","properties":{"num":"10","lote":"B.31-P.18","bloque":"B.31"},"geometry":{"type":"Point","coordinates":[-73.085212,4.420054]}},{"type":"Feature","properties":{"num":"9","lote":"B.31-P.12","bloque":"B.31"},"geometry":{"type":"Point","coordinates":[-73.083355,4.42323]}},{"type":"Feature","properties":{"num":"18","lote":"B.31-P.19","bloque":"B.31"},"geometry":{"type":"Point","coordinates":[-73.08139,4.41879]}},{"type":"Feature","properties":{"num":"17","lote":"B.31-P.19","bloque":"B.31"},"geometry":{"type":"Point","coordinates":[-73.082987,4.416034]}},{"type":"Feature","properties":{"num":"15","lote":"B.31-P.20","bloque":"B.31"},"geometry":{"type":"Point","coordinates":[-73.085102,4.412439]}},{"type":"Feature","properties":{"num":"28","lote":"B.31-P.21","bloque":"B.31"},"geometry":{"type":"Point","coordinates":[-73.07718,4.410269]}},{"type":"Feature","properties":{"num":"32"},"geometry":{"type":"Point","coordinates":[-73.092481,4.404295]}},{"type":"Feature","properties":{"num":"33","lote":"B.31-P.25","bloque":"B.31"},"geometry":{"type":"Point","coordinates":[-73.098033,4.406941]}},{"type":"Feature","properties":{"num":"30","lote":"B.31-P.24","bloque":"B.31"},"geometry":{"type":"Point","coordinates":[-73.092472,4.410651]}},{"type":"Feature","properties":{"num":"29","lote":"B.31-P.24","bloque":"B.31"},"geometry":{"type":"Point","coordinates":[-73.097945,4.413457]}},{"type":"Feature","properties":{"num":"8","lote":"B.31-P.15","bloque":"B.31"},"geometry":{"type":"Point","coordinates":[-73.088211,4.426095]}},{"type":"Feature","properties":{"num":"1","lote":"B.31-P.15","bloque":"B.31"},"geometry":{"type":"Point","coordinates":[-73.088924,4.428434]}},{"type":"Feature","properties":{"num":"22","lote":"B.31-P.13","bloque":"B.31"},"geometry":{"type":"Point","coordinates":[-73.079928,4.425044]}},{"type":"Feature","properties":{"num":"24","lote":"B.31-P.13","bloque":"B.31"},"geometry":{"type":"Point","coordinates":[-73.078237,4.424182]}},{"type":"Feature","properties":{"num":"23","lote":"B.31-P.13","bloque":"B.31"},"geometry":{"type":"Point","coordinates":[-73.07652,4.427097]}},{"type":"Feature","properties":{"num":"31","lote":"B.31-P.24","bloque":"B.31"},"geometry":{"type":"Point","coordinates":[-73.091423,4.406192]}},{"type":"Feature","properties":{"num":"13","lote":"B.31-P.22","bloque":"B.31"},"geometry":{"type":"Point","coordinates":[-73.089303,4.413025]}},{"type":"Feature","properties":{"num":"14","lote":"B.31-P.22","bloque":"B.31"},"geometry":{"type":"Point","coordinates":[-73.085821,4.410961]}},{"type":"Feature","properties":{"num":"16","lote":"B.31-P.20","bloque":"B.31"},"geometry":{"type":"Point","coordinates":[-73.083351,4.411497]}},{"type":"Feature","properties":{"num":"34","lote":"B.31-P.9","bloque":"B.31"},"geometry":{"type":"Point","coordinates":[-73.0576,4.414159]}},{"type":"Feature","properties":{"num":"49","lote":"B.31-P.3","bloque":"B.31"},"geometry":{"type":"Point","coordinates":[-73.048292,4.40625]}},{"type":"Feature","properties":{"num":"40","lote":"B.339-P.1","bloque":"B.339"},"geometry":{"type":"Point","coordinates":[-73.069435,4.394508]}},{"type":"Feature","properties":{"num":"41","lote":"B.339-P.2","bloque":"B.339"},"geometry":{"type":"Point","coordinates":[-73.066049,4.395443]}},{"type":"Feature","properties":{"num":"42","lote":"B.339-P.3","bloque":"B.339"},"geometry":{"type":"Point","coordinates":[-73.062762,4.396278]}},{"type":"Feature","properties":{"num":"47","lote":"B.339-P.4","bloque":"B.339"},"geometry":{"type":"Point","coordinates":[-73.059179,4.394933]}},{"type":"Feature","properties":{"num":"55","lote":"B.339-P.5","bloque":"B.339"},"geometry":{"type":"Point","coordinates":[-73.056136,4.392851]}},{"type":"Feature","properties":{"num":"56","lote":"B.339-P.6","bloque":"B.339"},"geometry":{"type":"Point","coordinates":[-73.052873,4.390587]}},{"type":"Feature","properties":{"num":"61","lote":"B.339-P.22","bloque":"B.339"},"geometry":{"type":"Point","coordinates":[-73.04796,4.386543]}},{"type":"Feature","properties":{"num":"59","lote":"B.339-P.9","bloque":"B.339"},"geometry":{"type":"Point","coordinates":[-73.048313,4.390441]}},{"type":"Feature","properties":{"lote":"B.339-P.21","bloque":"B.339"},"geometry":{"type":"Point","coordinates":[-73.047955,4.39028]}},{"type":"Feature","properties":{"num":"62","lote":"B.339-P.20","bloque":"B.339"},"geometry":{"type":"Point","coordinates":[-73.04429,4.390935]}},{"type":"Feature","properties":{"num":"65","lote":"B.339-P.9","bloque":"B.339"},"geometry":{"type":"Point","coordinates":[-73.043135,4.391393]}},{"type":"Feature","properties":{"num":"57","lote":"B.339-P.10","bloque":"B.339"},"geometry":{"type":"Point","coordinates":[-73.042305,4.400885]}},{"type":"Feature","properties":{"num":"58","lote":"B.339-P.10","bloque":"B.339"},"geometry":{"type":"Point","coordinates":[-73.044062,4.39781]}},{"type":"Feature","properties":{"num":"64","lote":"B.339-P.11","bloque":"B.339"},"geometry":{"type":"Point","coordinates":[-73.039941,4.397005]}},{"type":"Feature","properties":{"num":"63","lote":"B.339-P.11","bloque":"B.339"},"geometry":{"type":"Point","coordinates":[-73.039043,4.398562]}},{"type":"Feature","properties":{"num":"68","lote":"B.339-P.12","bloque":"B.339"},"geometry":{"type":"Point","coordinates":[-73.036239,4.39628]}},{"type":"Feature","properties":{"num":"66","lote":"B.339-P.19","bloque":"B.339"},"geometry":{"type":"Point","coordinates":[-73.040725,4.391649]}},{"type":"Feature","properties":{"num":"69","lote":"B.339-P.14","bloque":"B.339"},"geometry":{"type":"Point","coordinates":[-73.037777,4.392524]}},{"type":"Feature","properties":{"num":"70","lote":"B.339-P.18","bloque":"B.339"},"geometry":{"type":"Point","coordinates":[-73.03714,4.392284]}},{"type":"Feature","properties":{"num":"71","lote":"B.339-P.17","bloque":"B.339"},"geometry":{"type":"Point","coordinates":[-73.033555,4.392978]}},{"type":"Feature","properties":{"num":"74","lote":"B.340-P.1","bloque":"B.340"},"geometry":{"type":"Point","coordinates":[-73.00502,4.421358]}},{"type":"Feature","properties":{"num":"77","lote":"B.340-P.3","bloque":"B.340"},"geometry":{"type":"Point","coordinates":[-73.003814,4.429031]}},{"type":"Feature","properties":{"num":"75","lote":"B.340-P.1","bloque":"B.340"},"geometry":{"type":"Point","coordinates":[-73.004518,4.424575]}},{"type":"Feature","properties":{"num":"76","lote":"B.340-P.1","bloque":"B.340"},"geometry":{"type":"Point","coordinates":[-73.004176,4.426833]}},{"type":"Feature","properties":{"num":"78","lote":"B.340-P.3","bloque":"B.340"},"geometry":{"type":"Point","coordinates":[-73.003412,4.431909]}},{"type":"Feature","properties":{"num":"79","lote":"B.340-P.4","bloque":"B.340"},"geometry":{"type":"Point","coordinates":[-73.000762,4.432864]}},{"type":"Feature","properties":{"num":"80","lote":"B.340-P.4","bloque":"B.340"},"geometry":{"type":"Point","coordinates":[-73.000746,4.429886]}},{"type":"Feature","properties":{"num":"81","lote":"B.340-P.4","bloque":"B.340"},"geometry":{"type":"Point","coordinates":[-73.00073,4.427268]}},{"type":"Feature","properties":{"num":"82","lote":"B.340-P.5","bloque":"B.340"},"geometry":{"type":"Point","coordinates":[-73.000755,4.42385]}},{"type":"Feature","properties":{"num":"83","lote":"B.340-P.5","bloque":"B.340"},"geometry":{"type":"Point","coordinates":[-73.000762,4.419113]}},{"type":"Feature","properties":{"num":"84","lote":"B.340-P.11","bloque":"B.340"},"geometry":{"type":"Point","coordinates":[-72.998641,4.426046]}},{"type":"Feature","properties":{"num":"111","lote":"B.340-P.10","bloque":"B.340"},"geometry":{"type":"Point","coordinates":[-72.996683,4.43034]}},{"type":"Feature","properties":{"num":"86","lote":"B.340-P.7","bloque":"B.340"},"geometry":{"type":"Point","coordinates":[-72.996772,4.424464]}},{"type":"Feature","properties":{"num":"87","lote":"B.340-P.7","bloque":"B.340"},"geometry":{"type":"Point","coordinates":[-72.996697,4.420946]}},{"type":"Feature","properties":{"num":"88","lote":"B.340-P.7","bloque":"B.340"},"geometry":{"type":"Point","coordinates":[-72.996702,4.417589]}},{"type":"Feature","properties":{"num":"89","lote":"B.340-P.11","bloque":"B.340"},"geometry":{"type":"Point","coordinates":[-72.99317,4.42238]}},{"type":"Feature","properties":{"num":"90","lote":"B.340-P.9","bloque":"B.340"},"geometry":{"type":"Point","coordinates":[-72.993175,4.418983]}},{"type":"Feature","properties":{"num":"91","lote":"B.340-P.10","bloque":"B.340"},"geometry":{"type":"Point","coordinates":[-72.993562,4.427058]}},{"type":"Feature","properties":{"num":"92","lote":"B.340-P.10","bloque":"B.340"},"geometry":{"type":"Point","coordinates":[-72.991062,4.420898]}},{"type":"Feature","properties":{"num":"93","lote":"B.340-P.16","bloque":"B.340"},"geometry":{"type":"Point","coordinates":[-72.991624,4.417441]}},{"type":"Feature","properties":{"num":"94","lote":"B.340-P.15","bloque":"B.340"},"geometry":{"type":"Point","coordinates":[-72.991218,4.422697]}},{"type":"Feature","properties":{"num":"95","lote":"B.340-P.19","bloque":"B.340"},"geometry":{"type":"Point","coordinates":[-72.987059,4.421232]}},{"type":"Feature","properties":{"num":"96","lote":"B.340-P.19","bloque":"B.340"},"geometry":{"type":"Point","coordinates":[-72.987063,4.418454]}},{"type":"Feature","properties":{"num":"97","lote":"B.340-P.19","bloque":"B.340"},"geometry":{"type":"Point","coordinates":[-72.987087,4.415216]}},{"type":"Feature","properties":{"num":"98","lote":"B.340-P.18","bloque":"B.340"},"geometry":{"type":"Point","coordinates":[-72.984902,4.411916]}},{"type":"Feature","properties":{"num":"99","lote":"B.340-P.21","bloque":"B.340"},"geometry":{"type":"Point","coordinates":[-72.984828,4.421389]}},{"type":"Feature","properties":{"num":"73","lote":"B.231-P.12","bloque":"B.231"},"geometry":{"type":"Point","coordinates":[-72.90377,4.416216]}},{"type":"Feature","properties":{"num":"10","lote":"B.337-P.16","bloque":"B.337"},"geometry":{"type":"Point","coordinates":[-72.955578,4.406617]}},{"type":"Feature","properties":{"num":"11","lote":"B.337-P.10","bloque":"B.337"},"geometry":{"type":"Point","coordinates":[-72.955493,4.410274]}},{"type":"Feature","properties":{"num":"1"},"geometry":{"type":"Point","coordinates":[-72.984543,4.466618]}},{"type":"Feature","properties":{"num":"2","lote":"B.323-P.10 (R.)","bloque":"B.323"},"geometry":{"type":"Point","coordinates":[-72.98354,4.471893]}},{"type":"Feature","properties":{"num":"3","lote":"B.323-P.5","bloque":"B.323"},"geometry":{"type":"Point","coordinates":[-72.979775,4.473007]}},{"type":"Feature","properties":{"num":"1","lote":"B.327-P.1","bloque":"B.327"},"geometry":{"type":"Point","coordinates":[-72.942437,4.458542]}},{"type":"Feature","properties":{"num":"2","lote":"B.327-P.1","bloque":"B.327"},"geometry":{"type":"Point","coordinates":[-72.940744,4.45854]}},{"type":"Feature","properties":{"num":"4","lote":"B.327-P.1","bloque":"B.327"},"geometry":{"type":"Point","coordinates":[-72.934432,4.458531]}},{"type":"Feature","properties":{"num":"14","lote":"B.327-P.4","bloque":"B.327"},"geometry":{"type":"Point","coordinates":[-72.937954,4.446724]}},{"type":"Feature","properties":{"num":"13","lote":"B.327-P.4","bloque":"B.327"},"geometry":{"type":"Point","coordinates":[-72.939308,4.446726]}},{"type":"Feature","properties":{"num":"17","lote":"B.327-P.5","bloque":"B.327"},"geometry":{"type":"Point","coordinates":[-72.940749,4.442531]}},{"type":"Feature","properties":{"num":"18","lote":"B.327-P.5","bloque":"B.327"},"geometry":{"type":"Point","coordinates":[-72.93806,4.442527]}},{"type":"Feature","properties":{"num":"20","lote":"B.327-P.5","bloque":"B.327"},"geometry":{"type":"Point","coordinates":[-72.934834,4.442522]}},{"type":"Feature","properties":{"num":"19","lote":"B.327-P.5","bloque":"B.327"},"geometry":{"type":"Point","coordinates":[-72.936387,4.442525]}},{"type":"Feature","properties":{"num":"22","lote":"B.327-P.6","bloque":"B.327"},"geometry":{"type":"Point","coordinates":[-72.931973,4.438301]}},{"type":"Feature","properties":{"num":"23","lote":"B.327-P.6","bloque":"B.327"},"geometry":{"type":"Point","coordinates":[-72.930002,4.438298]}},{"type":"Feature","properties":{"num":"11","lote":"B.325-P.1","bloque":"B.325"},"geometry":{"type":"Point","coordinates":[-72.951846,4.505244]}},{"type":"Feature","properties":{"num":"10","lote":"B.325-P.2","bloque":"B.325"},"geometry":{"type":"Point","coordinates":[-72.954236,4.505247]}},{"type":"Feature","properties":{"num":"9","lote":"B.325-P.2","bloque":"B.325"},"geometry":{"type":"Point","coordinates":[-72.956606,4.505251]}},{"type":"Feature","properties":{"num":"5","lote":"B.325-P.5","bloque":"B.325"},"geometry":{"type":"Point","coordinates":[-72.961524,4.506237]}},{"type":"Feature","properties":{"num":"8","lote":"B.325-P.2","bloque":"B.325"},"geometry":{"type":"Point","coordinates":[-72.957602,4.505252]}},{"type":"Feature","properties":{"num":"72","lote":"B.339-P.16","bloque":"B.339"},"geometry":{"type":"Point","coordinates":[-73.029972,4.392353]}},{"type":"Feature","properties":{"num":"73","lote":"B.339-P.15","bloque":"B.339"},"geometry":{"type":"Point","coordinates":[-73.02635,4.39037]}},{"type":"Feature","properties":{"num":"67","lote":"B.339-P.13","bloque":"B.339"},"geometry":{"type":"Point","coordinates":[-73.03128,4.396792]}},{"type":"Feature","properties":{"num":"4","lote":"B.325-P.3","bloque":"B.325"},"geometry":{"type":"Point","coordinates":[-72.959351,4.507333]}},{"type":"Feature","properties":{"num":"3","lote":"B.325-P.3","bloque":"B.325"},"geometry":{"type":"Point","coordinates":[-72.956962,4.50733]}},{"type":"Feature","properties":{"num":"2","lote":"B.325-P.3","bloque":"B.325"},"geometry":{"type":"Point","coordinates":[-72.953038,4.507324]}},{"type":"Feature","properties":{"num":"1","lote":"B.325-P.1","bloque":"B.325"},"geometry":{"type":"Point","coordinates":[-72.951206,4.507321]}},{"type":"Feature","properties":{"num":"4","lote":"B.11-P.60 (R.)","bloque":"B.11"},"geometry":{"type":"Point","coordinates":[-72.989914,4.457092]}},{"type":"Feature","properties":{"num":"5","lote":"B.11-P.60 (R.)","bloque":"B.11"},"geometry":{"type":"Point","coordinates":[-72.991372,4.454276]}},{"type":"Feature","properties":{"num":"6","lote":"B.11-P.60 (R.)","bloque":"B.11"},"geometry":{"type":"Point","coordinates":[-72.9903,4.451836]}},{"type":"Feature","properties":{"num":"1","lote":"B.6-P.2 (R.)","bloque":"B.6"},"geometry":{"type":"Point","coordinates":[-72.997155,4.49008]}},{"type":"Feature","properties":{"num":"2","lote":"B.6-P.2 (R.)","bloque":"B.6"},"geometry":{"type":"Point","coordinates":[-72.997211,4.492679]}},{"type":"Feature","properties":{"num":"3","lote":"B.6-P.2 (R.)","bloque":"B.6"},"geometry":{"type":"Point","coordinates":[-72.997307,4.495557]}},{"type":"Feature","properties":{"num":"4","lote":"B.6-P.2 (R.)","bloque":"B.6"},"geometry":{"type":"Point","coordinates":[-72.997383,4.498195]}},{"type":"Feature","properties":{"num":"5","lote":"B.6-P.2 (R.)","bloque":"B.6"},"geometry":{"type":"Point","coordinates":[-72.997479,4.500674]}},{"type":"Feature","properties":{"num":"6","lote":"B.6-P.2 (R.)","bloque":"B.6"},"geometry":{"type":"Point","coordinates":[-72.997535,4.503272]}},{"type":"Feature","properties":{"num":"7"},"geometry":{"type":"Point","coordinates":[-72.993332,4.503705]}},{"type":"Feature","properties":{"num":"8"},"geometry":{"type":"Point","coordinates":[-72.993255,4.501727]}},{"type":"Feature","properties":{"num":"9"},"geometry":{"type":"Point","coordinates":[-72.993101,4.497869]}},{"type":"Feature","properties":{"num":"10","lote":"B.6-P.3 (R.)","bloque":"B.6"},"geometry":{"type":"Point","coordinates":[-72.993065,4.495591]}},{"type":"Feature","properties":{"num":"11","lote":"B.6-P.4 (R.)","bloque":"B.6"},"geometry":{"type":"Point","coordinates":[-72.992988,4.493652]}},{"type":"Feature","properties":{"num":"12","lote":"B.6-P.4 (R.)","bloque":"B.6"},"geometry":{"type":"Point","coordinates":[-72.992872,4.491313]}},{"type":"Feature","properties":{"num":"13","lote":"B.6-P.4 (R.)","bloque":"B.6"},"geometry":{"type":"Point","coordinates":[-72.992775,4.489155]}},{"type":"Feature","properties":{"num":"14","lote":"B.6-P.4 (R.)","bloque":"B.6"},"geometry":{"type":"Point","coordinates":[-72.99264,4.486416]}},{"type":"Feature","properties":{"num":"5","lote":"B.11-P.2","bloque":"B.11"},"geometry":{"type":"Point","coordinates":[-72.974576,4.446577]}},{"type":"Feature","properties":{"num":"7","lote":"B.11-P.3","bloque":"B.11"},"geometry":{"type":"Point","coordinates":[-72.976482,4.450517]}},{"type":"Feature","properties":{"num":"6","lote":"B.11-P.3","bloque":"B.11"},"geometry":{"type":"Point","coordinates":[-72.976559,4.452396]}},{"type":"Feature","properties":{"num":"11","lote":"B.11-P.5","bloque":"B.11"},"geometry":{"type":"Point","coordinates":[-72.980071,4.447324]}},{"type":"Feature","properties":{"num":"13","lote":"B.11-P.7","bloque":"B.11"},"geometry":{"type":"Point","coordinates":[-72.983913,4.44803]}},{"type":"Feature","properties":{"num":"15","lote":"B.11-P.9","bloque":"B.11"},"geometry":{"type":"Point","coordinates":[-72.982805,4.442951]}},{"type":"Feature","properties":{"num":"2"},"geometry":{"type":"Point","coordinates":[-72.973998,4.460467]}},{"type":"Feature","properties":{"num":"1","lote":"B.21-P.1","bloque":"B.21"},"geometry":{"type":"Point","coordinates":[-72.974263,4.45645]}},{"type":"Feature","properties":{"num":"7","lote":"B.21-P.13","bloque":"B.21"},"geometry":{"type":"Point","coordinates":[-72.983285,4.455623]}},{"type":"Feature","properties":{"num":"6","lote":"B.21-P.11","bloque":"B.21"},"geometry":{"type":"Point","coordinates":[-72.980099,4.455619]}},{"type":"Feature","properties":{"num":"5","lote":"B.21-P.11","bloque":"B.21"},"geometry":{"type":"Point","coordinates":[-72.977012,4.455614]}},{"type":"Feature","properties":{"num":"4","lote":"B.21-P.4","bloque":"B.21"},"geometry":{"type":"Point","coordinates":[-72.974841,4.455611]}},{"type":"Feature","properties":{"num":"3","lote":"B.21-P.6","bloque":"B.21"},"geometry":{"type":"Point","coordinates":[-72.975114,4.460189]}},{"type":"Feature","properties":{"num":"7","lote":"B.1-P.2 (R)","bloque":"B.1"},"geometry":{"type":"Point","coordinates":[-72.969455,4.516622]}},{"type":"Feature","properties":{"num":"8","lote":"B.1-P.3 (R.)","bloque":"B.1"},"geometry":{"type":"Point","coordinates":[-72.97001,4.518361]}},{"type":"Feature","properties":{"num":"9","lote":"B.1-P.3 (R.)","bloque":"B.1"},"geometry":{"type":"Point","coordinates":[-72.970047,4.52]}},{"type":"Feature","properties":{"num":"10","lote":"B.1-P.3 (R.)","bloque":"B.1"},"geometry":{"type":"Point","coordinates":[-72.970085,4.521199]}},{"type":"Feature","properties":{"num":"11","lote":"B.1-P.3 (R.)","bloque":"B.1"},"geometry":{"type":"Point","coordinates":[-72.970181,4.523958]}},{"type":"Feature","properties":{"num":"12","lote":"B.1-P.4 (R.)","bloque":"B.1"},"geometry":{"type":"Point","coordinates":[-72.967947,4.525953]}},{"type":"Feature","properties":{"num":"18","lote":"B.1-P.4 (R.)","bloque":"B.1"},"geometry":{"type":"Point","coordinates":[-72.967486,4.51442]}},{"type":"Feature","properties":{"num":"16","lote":"B.1-P.4 (R.)","bloque":"B.1"},"geometry":{"type":"Point","coordinates":[-72.96764,4.518438]}},{"type":"Feature","properties":{"num":"15","lote":"B.1-P.4 (R.)","bloque":"B.1"},"geometry":{"type":"Point","coordinates":[-72.967736,4.520736]}},{"type":"Feature","properties":{"num":"14","lote":"B.1-P.4 (R.)","bloque":"B.1"},"geometry":{"type":"Point","coordinates":[-72.967813,4.522795]}},{"type":"Feature","properties":{"num":"13","lote":"B.1-P.4 (R.)","bloque":"B.1"},"geometry":{"type":"Point","coordinates":[-72.96785,4.524254]}},{"type":"Feature","properties":{"num":"20","lote":"B.1-P.5 (R.)","bloque":"B.1"},"geometry":{"type":"Point","coordinates":[-72.965487,4.519434]}},{"type":"Feature","properties":{"num":"19","lote":"B.1-P.5 (R.)","bloque":"B.1"},"geometry":{"type":"Point","coordinates":[-72.965353,4.515816]}},{"type":"Feature","properties":{"num":"9","lote":"B.13-P.5","bloque":"B.13"},"geometry":{"type":"Point","coordinates":[-72.99318,4.457437]}},{"type":"Feature","properties":{"num":"17","lote":"B.11-P.10","bloque":"B.11"},"geometry":{"type":"Point","coordinates":[-72.979347,4.43833]}},{"type":"Feature","properties":{"num":"24","lote":"B.11-P.15","bloque":"B.11"},"geometry":{"type":"Point","coordinates":[-72.972288,4.445075]}},{"type":"Feature","properties":{"num":"28","lote":"B.11-P.16 (R.)","bloque":"B.11"},"geometry":{"type":"Point","coordinates":[-72.976144,4.436586]}},{"type":"Feature","properties":{"num":"30"},"geometry":{"type":"Point","coordinates":[-72.975074,4.432827]}},{"type":"Feature","properties":{"num":"41","lote":"B.11-P.20","bloque":"B.11"},"geometry":{"type":"Point","coordinates":[-72.9706,4.428164]}},{"type":"Feature","properties":{"num":"6","lote":"B.16-P.4","bloque":"B.16"},"geometry":{"type":"Point","coordinates":[-72.970325,4.425425]}},{"type":"Feature","properties":{"num":"3","lote":"B.7-P.1","bloque":"B.7"},"geometry":{"type":"Point","coordinates":[-72.994745,4.476506]}},{"type":"Feature","properties":{"num":"2","lote":"B.7-P.1","bloque":"B.7"},"geometry":{"type":"Point","coordinates":[-72.99467,4.473388]}},{"type":"Feature","properties":{"num":"1","lote":"B.7-P.1","bloque":"B.7"},"geometry":{"type":"Point","coordinates":[-72.998014,4.474412]}},{"type":"Feature","properties":{"num":"15","lote":"B.20-P.2","bloque":"B.20"},"geometry":{"type":"Point","coordinates":[-72.946238,4.526761]}},{"type":"Feature","properties":{"num":"17","lote":"B.20-P.2","bloque":"B.20"},"geometry":{"type":"Point","coordinates":[-72.943171,4.526736]}},{"type":"Feature","properties":{"num":"16","lote":"B.20-P.3","bloque":"B.20"},"geometry":{"type":"Point","coordinates":[-72.944366,4.526698]}},{"type":"Feature","properties":{"num":"14","lote":"B.20-P.1","bloque":"B.20"},"geometry":{"type":"Point","coordinates":[-72.943702,4.531274]}},{"type":"Feature","properties":{"num":"21","lote":"B.20-P.14","bloque":"B.20"},"geometry":{"type":"Point","coordinates":[-72.948834,4.522168]}},{"type":"Feature","properties":{"num":"20","lote":"B.20-P.5","bloque":"B.20"},"geometry":{"type":"Point","coordinates":[-72.942939,4.522139]}},{"type":"Feature","properties":{"num":"19","lote":"B.20-P.5","bloque":"B.20"},"geometry":{"type":"Point","coordinates":[-72.944771,4.522142]}},{"type":"Feature","properties":{"num":"18","lote":"B.20-P.5","bloque":"B.20"},"geometry":{"type":"Point","coordinates":[-72.946305,4.522144]}},{"type":"Feature","properties":{"num":"22","lote":"B.20-P.16","bloque":"B.20"},"geometry":{"type":"Point","coordinates":[-72.949836,4.517592]}},{"type":"Feature","properties":{"num":"25","lote":"B.20-P.7","bloque":"B.20"},"geometry":{"type":"Point","coordinates":[-72.941074,4.517599]}},{"type":"Feature","properties":{"num":"24","lote":"B.20-P.7","bloque":"B.20"},"geometry":{"type":"Point","coordinates":[-72.944061,4.517584]}},{"type":"Feature","properties":{"num":"23","lote":"B.20-P.7","bloque":"B.20"},"geometry":{"type":"Point","coordinates":[-72.947307,4.517569]}},{"type":"Feature","properties":{"num":"26","lote":"B.20-P.9","bloque":"B.20"},"geometry":{"type":"Point","coordinates":[-72.94602,4.51303]}},{"type":"Feature","properties":{"num":"27","lote":"B.20-P.8","bloque":"B.20"},"geometry":{"type":"Point","coordinates":[-72.941897,4.513084]}},{"type":"Feature","properties":{"num":"28","lote":"B.20-P.9","bloque":"B.20"},"geometry":{"type":"Point","coordinates":[-72.939428,4.51302]}},{"type":"Feature","properties":{"num":"31B","lote":"B.20-P.10","bloque":"B.20"},"geometry":{"type":"Point","coordinates":[-72.94013,4.509344]}},{"type":"Feature","properties":{"num":"31","lote":"B.20-P.11","bloque":"B.20"},"geometry":{"type":"Point","coordinates":[-72.943517,4.508469]}},{"type":"Feature","properties":{"num":"30","lote":"B.20-P.10","bloque":"B.20"},"geometry":{"type":"Point","coordinates":[-72.945986,4.508533]}},{"type":"Feature","properties":{"num":"29","lote":"B.20-P.11","bloque":"B.20"},"geometry":{"type":"Point","coordinates":[-72.948715,4.508477]}},{"type":"Feature","properties":{"num":"32","lote":"B.20-P.12","bloque":"B.20"},"geometry":{"type":"Point","coordinates":[-72.948937,4.506239]}},{"type":"Feature","properties":{"num":"33","lote":"B.20-P.12","bloque":"B.20"},"geometry":{"type":"Point","coordinates":[-72.947384,4.506236]}},{"type":"Feature","properties":{"num":"1","lote":"B.15-P.5","bloque":"B.15"},"geometry":{"type":"Point","coordinates":[-72.957545,4.530335]}},{"type":"Feature","properties":{"num":"2","lote":"B.15-P.5","bloque":"B.15"},"geometry":{"type":"Point","coordinates":[-72.957622,4.532254]}},{"type":"Feature","properties":{"num":"7","lote":"B.15-P.1","bloque":"B.15"},"geometry":{"type":"Point","coordinates":[-72.964696,4.529226]}},{"type":"Feature","properties":{"num":"3","lote":"B.15-P.5","bloque":"B.15"},"geometry":{"type":"Point","coordinates":[-72.957658,4.534592]}},{"type":"Feature","properties":{"num":"5","lote":"B.15-P.3","bloque":"B.15"},"geometry":{"type":"Point","coordinates":[-72.960615,4.528201]}},{"type":"Feature","properties":{"num":"4","lote":"B.15-P.3","bloque":"B.15"},"geometry":{"type":"Point","coordinates":[-72.9611,4.523305]}},{"type":"Feature","properties":{"num":"9","lote":"B.15-P.6","bloque":"B.15"},"geometry":{"type":"Point","coordinates":[-72.965639,4.524531]}},{"type":"Feature","properties":{"num":"8","lote":"B.15-P.1","bloque":"B.15"},"geometry":{"type":"Point","coordinates":[-72.96669,4.52775]}},{"type":"Feature","properties":{"num":"8","lote":"B.11-P.27","bloque":"B.11"},"geometry":{"type":"Point","coordinates":[-72.993865,4.451721]}},{"type":"Feature","properties":{"num":"7","lote":"B.11-P.27","bloque":"B.11"},"geometry":{"type":"Point","coordinates":[-72.990361,4.450877]}},{"type":"Feature","properties":{"num":"1","lote":"B.13-P.10","bloque":"B.13"},"geometry":{"type":"Point","coordinates":[-72.988218,4.445517]}},{"type":"Feature","properties":{"num":"3","lote":"B.13-P.10","bloque":"B.13"},"geometry":{"type":"Point","coordinates":[-72.98789,4.452232]}},{"type":"Feature","properties":{"num":"2","lote":"B.13-P.10","bloque":"B.13"},"geometry":{"type":"Point","coordinates":[-72.987952,4.450913]}},{"type":"Feature","properties":{"num":"1","lote":"B.12-P.1","bloque":"B.12"},"geometry":{"type":"Point","coordinates":[-72.989815,4.443301]}},{"type":"Feature","properties":{"num":"3","lote":"B.12-P.4","bloque":"B.12"},"geometry":{"type":"Point","coordinates":[-72.990856,4.439425]}},{"type":"Feature","properties":{"num":"2","lote":"B.12-P.1","bloque":"B.12"},"geometry":{"type":"Point","coordinates":[-72.990633,4.442023]}},{"type":"Feature","properties":{"num":"12","lote":"B.14-P.8","bloque":"B.14"},"geometry":{"type":"Point","coordinates":[-72.978808,4.534863]}},{"type":"Feature","properties":{"num":"13","lote":"B.14-P.8","bloque":"B.14"},"geometry":{"type":"Point","coordinates":[-72.976736,4.53542]}},{"type":"Feature","properties":{"num":"1A","lote":"B.14-P.7","bloque":"B.14"},"geometry":{"type":"Point","coordinates":[-72.980121,4.522074]}},{"type":"Feature","properties":{"num":"3A","lote":"B.14-P.6","bloque":"B.14"},"geometry":{"type":"Point","coordinates":[-72.980178,4.524132]}},{"type":"Feature","properties":{"num":"4","lote":"B.14-P.12","bloque":"B.14"},"geometry":{"type":"Point","coordinates":[-72.977071,4.524707]}},{"type":"Feature","properties":{"num":"6","lote":"B.14-P.12","bloque":"B.14"},"geometry":{"type":"Point","coordinates":[-72.977426,4.526707]}},{"type":"Feature","properties":{"num":"2","lote":"B.14-P.12","bloque":"B.14"},"geometry":{"type":"Point","coordinates":[-72.976715,4.522708]}},{"type":"Feature","properties":{"num":"5A","lote":"B.14-P.5","bloque":"B.14"},"geometry":{"type":"Point","coordinates":[-72.980773,4.526092]}},{"type":"Feature","properties":{"num":"7A","lote":"B.14-P.4","bloque":"B.14"},"geometry":{"type":"Point","coordinates":[-72.980352,4.52823]}},{"type":"Feature","properties":{"num":"10","lote":"B.14-P.3","bloque":"B.14"},"geometry":{"type":"Point","coordinates":[-72.978297,4.530685]}},{"type":"Feature","properties":{"num":"11","lote":"B.14-P.2","bloque":"B.14"},"geometry":{"type":"Point","coordinates":[-72.978971,4.532625]}},{"type":"Feature","properties":{"num":"15","lote":"B.14-P.10","bloque":"B.14"},"geometry":{"type":"Point","coordinates":[-72.976842,4.530943]}},{"type":"Feature","properties":{"num":"14","lote":"B.14-P.10","bloque":"B.14"},"geometry":{"type":"Point","coordinates":[-72.97503,4.53128]}},{"type":"Feature","properties":{"num":"20","lote":"B.14-P.14","bloque":"B.14"},"geometry":{"type":"Point","coordinates":[-72.972326,4.527618]}},{"type":"Feature","properties":{"num":"22","lote":"B.14-P.14","bloque":"B.14"},"geometry":{"type":"Point","coordinates":[-72.974202,4.525183]}},{"type":"Feature","properties":{"num":"23","lote":"B.14-P.15","bloque":"B.14"},"geometry":{"type":"Point","coordinates":[-72.971416,4.52364]}},{"type":"Feature","properties":{"num":"24","lote":"B.14-P.16","bloque":"B.14"},"geometry":{"type":"Point","coordinates":[-72.976439,4.520689]}},{"type":"Feature","properties":{"num":"25","lote":"B.14-P.16","bloque":"B.14"},"geometry":{"type":"Point","coordinates":[-72.976084,4.51867]}},{"type":"Feature","properties":{"num":"9","lote":"B.14-P.3","bloque":"B.14"},"geometry":{"type":"Point","coordinates":[-72.980289,4.530288]}},{"type":"Feature","properties":{"num":"8","lote":"B.14-P.4","bloque":"B.14"},"geometry":{"type":"Point","coordinates":[-72.977921,4.528666]}},{"type":"Feature","properties":{"num":"17","lote":"B.14-P.17","bloque":"B.14"},"geometry":{"type":"Point","coordinates":[-72.971244,4.532094]}},{"type":"Feature","properties":{"num":"21","lote":"B.14-P.14","bloque":"B.14"},"geometry":{"type":"Point","coordinates":[-72.971811,4.525639]}},{"type":"Feature","properties":{"num":"1","lote":"B.18-P.1","bloque":"B.18"},"geometry":{"type":"Point","coordinates":[-72.981544,4.51588]}},{"type":"Feature","properties":{"num":"2","lote":"B.18-P.1","bloque":"B.18"},"geometry":{"type":"Point","coordinates":[-72.984631,4.515884]}},{"type":"Feature","properties":{"num":"17A","lote":"B.327-P.5","bloque":"B.327"},"geometry":{"type":"Point","coordinates":[-72.943038,4.443254]}},{"type":"Feature","properties":{"num":"24A","lote":"B.327-P.4","bloque":"B.327"},"geometry":{"type":"Point","coordinates":[-72.94371,4.446632]}},{"type":"Feature","properties":{"num":"4A","lote":"B.329-P.5","bloque":"B.329"},"geometry":{"type":"Point","coordinates":[-72.930081,4.412077]}},{"type":"Feature","properties":{"num":"18A"},"geometry":{"type":"Point","coordinates":[-72.924334,4.407332]}},{"type":"Feature","properties":{"num":"3","lote":"B.18-P.3","bloque":"B.18"},"geometry":{"type":"Point","coordinates":[-72.984826,4.518923]}},{"type":"Feature","properties":{"num":"8","lote":"B.19-P.9","bloque":"B.19"},"geometry":{"type":"Point","coordinates":[-73.003289,4.50426]}},{"type":"Feature","properties":{"num":"7","lote":"B.19-P.7","bloque":"B.19"},"geometry":{"type":"Point","coordinates":[-73.003505,4.506538]}},{"type":"Feature","properties":{"num":"6","lote":"B.19-P.1","bloque":"B.19"},"geometry":{"type":"Point","coordinates":[-73.003143,4.508816]}},{"type":"Feature","properties":{"num":"5","lote":"B.19-P.1","bloque":"B.19"},"geometry":{"type":"Point","coordinates":[-73.001766,4.511093]}},{"type":"Feature","properties":{"num":"4","lote":"B.19-P.2","bloque":"B.19"},"geometry":{"type":"Point","coordinates":[-72.997521,4.513185]}},{"type":"Feature","properties":{"num":"1","lote":"B.19-P.2","bloque":"B.19"},"geometry":{"type":"Point","coordinates":[-72.994772,4.513501]}},{"type":"Feature","properties":{"num":"3"},"geometry":{"type":"Point","coordinates":[-72.998543,4.50881]}},{"type":"Feature","properties":{"num":"2","lote":"B.5-P.2 (R.)","bloque":"B.5"},"geometry":{"type":"Point","coordinates":[-72.996269,4.511085]}},{"type":"Feature","properties":{"num":"5","lote":"B.13-P.1","bloque":"B.13"},"geometry":{"type":"Point","coordinates":[-72.992945,4.468529]}},{"type":"Feature","properties":{"num":"6","lote":"B.13-P.1","bloque":"B.13"},"geometry":{"type":"Point","coordinates":[-72.993228,4.465311]}},{"type":"Feature","properties":{"num":"7","lote":"B.13-P.3","bloque":"B.13"},"geometry":{"type":"Point","coordinates":[-72.993231,4.463233]}},{"type":"Feature","properties":{"num":"3","lote":"B.13-P.3","bloque":"B.13"},"geometry":{"type":"Point","coordinates":[-72.990064,4.463568]}},{"type":"Feature","properties":{"num":"4","lote":"B.13-P.6","bloque":"B.13"},"geometry":{"type":"Point","coordinates":[-72.989958,4.468225]}},{"type":"Feature","properties":{"num":"8","lote":"B.13-P.5","bloque":"B.13"},"geometry":{"type":"Point","coordinates":[-72.993174,4.461034]}},{"type":"Feature","properties":{"num":"2","lote":"B.13-P.7","bloque":"B.13"},"geometry":{"type":"Point","coordinates":[-72.987918,4.460247]}},{"type":"Feature","properties":{"num":"1","lote":"B.13-P.8","bloque":"B.13"},"geometry":{"type":"Point","coordinates":[-72.987604,4.457329]}},{"type":"Feature","properties":{"num":"4","lote":"B.12-P.5","bloque":"B.12"},"geometry":{"type":"Point","coordinates":[-72.989465,4.437025]}},{"type":"Feature","properties":{"num":"6","lote":"B.12-P.6","bloque":"B.12"},"geometry":{"type":"Point","coordinates":[-72.987657,4.434624]}},{"type":"Feature","properties":{"num":"7","lote":"B.12-P.6","bloque":"B.12"},"geometry":{"type":"Point","coordinates":[-72.983973,4.434619]}},{"type":"Feature","properties":{"num":"10","lote":"B.12-P.9","bloque":"B.12"},"geometry":{"type":"Point","coordinates":[-72.981547,4.432157]}},{"type":"Feature","properties":{"num":"9","lote":"B.12-P.9","bloque":"B.12"},"geometry":{"type":"Point","coordinates":[-72.981671,4.428759]}},{"type":"Feature","properties":{"num":"9","lote":"B.16-P.7","bloque":"B.16"},"geometry":{"type":"Point","coordinates":[-72.971663,4.422829]}},{"type":"Feature","properties":{},"geometry":{"type":"Point","coordinates":[-72.969471,4.424125]}},{"type":"Feature","properties":{"num":"5","lote":"B.16-P.4","bloque":"B.16"},"geometry":{"type":"Point","coordinates":[-72.968035,4.425442]}},{"type":"Feature","properties":{"num":"4"},"geometry":{"type":"Point","coordinates":[-72.970662,4.426745]}},{"type":"Feature","properties":{},"geometry":{"type":"Point","coordinates":[-72.968272,4.426741]}},{"type":"Feature","properties":{"num":"1"},"geometry":{"type":"Point","coordinates":[-72.964766,4.428036]}},{"type":"Feature","properties":{"lote":"B.16-P.2","bloque":"B.16"},"geometry":{"type":"Point","coordinates":[-72.968549,4.428041]}},{"type":"Feature","properties":{"num":"45","lote":"B.11-P.26","bloque":"B.11"},"geometry":{"type":"Point","coordinates":[-72.979208,4.424599]}},{"type":"Feature","properties":{"num":"44","lote":"B.11-P.37 (R. P.36)","bloque":"B.11"},"geometry":{"type":"Point","coordinates":[-72.980734,4.429637]}},{"type":"Feature","properties":{"num":"43","lote":"B.11-P.26","bloque":"B.11"},"geometry":{"type":"Point","coordinates":[-72.976973,4.427633]}},{"type":"Feature","properties":{"num":"42","lote":"B.11-P.26","bloque":"B.11"},"geometry":{"type":"Point","coordinates":[-72.975242,4.426772]}},{"type":"Feature","properties":{"num":"40","lote":"B.11-P.20","bloque":"B.11"},"geometry":{"type":"Point","coordinates":[-72.972011,4.430204]}},{"type":"Feature","properties":{"num":"39","lote":"B.11-P.22","bloque":"B.11"},"geometry":{"type":"Point","coordinates":[-72.968779,4.434557]}},{"type":"Feature","properties":{"num":"38","lote":"B.11-P.22","bloque":"B.11"},"geometry":{"type":"Point","coordinates":[-72.968065,4.432617]}},{"type":"Feature","properties":{"num":"37","lote":"B.11-P.22","bloque":"B.11"},"geometry":{"type":"Point","coordinates":[-72.965334,4.434012]}},{"type":"Feature","properties":{"num":"36","lote":"B.11-P.22","bloque":"B.11"},"geometry":{"type":"Point","coordinates":[-72.964992,4.43665]}},{"type":"Feature","properties":{"num":"35","lote":"B.11-P.22","bloque":"B.11"},"geometry":{"type":"Point","coordinates":[-72.968554,4.438534]}},{"type":"Feature","properties":{"num":"34","lote":"B.11-P.22","bloque":"B.11"},"geometry":{"type":"Point","coordinates":[-72.969532,4.437036]}},{"type":"Feature","properties":{"num":"25"},"geometry":{"type":"Point","coordinates":[-72.970503,4.440136]}},{"type":"Feature","properties":{"num":"26","lote":"B.11-P.16","bloque":"B.11"},"geometry":{"type":"Point","coordinates":[-72.972852,4.440559]}},{"type":"Feature","properties":{"num":"27","lote":"B.11-P.16","bloque":"B.11"},"geometry":{"type":"Point","coordinates":[-72.974389,4.438442]}},{"type":"Feature","properties":{"num":"31"},"geometry":{"type":"Point","coordinates":[-72.974598,4.431208]}},{"type":"Feature","properties":{"num":"29"},"geometry":{"type":"Point","coordinates":[-72.975708,4.435087]}},{"type":"Feature","properties":{"num":"32"},"geometry":{"type":"Point","coordinates":[-72.973319,4.434743]}},{"type":"Feature","properties":{"num":"33"},"geometry":{"type":"Point","coordinates":[-72.973021,4.434043]}},{"type":"Feature","properties":{"num":"23","lote":"B.11-P.15","bloque":"B.11"},"geometry":{"type":"Point","coordinates":[-72.973567,4.442019]}},{"type":"Feature","properties":{"num":"22","lote":"B.11-P.15","bloque":"B.11"},"geometry":{"type":"Point","coordinates":[-72.974346,4.440381]}},{"type":"Feature","properties":{"num":"20","lote":"B.11-P.12","bloque":"B.11"},"geometry":{"type":"Point","coordinates":[-72.978203,4.444883]}},{"type":"Feature","properties":{"num":"19","lote":"B.11-P.12","bloque":"B.11"},"geometry":{"type":"Point","coordinates":[-72.979955,4.444766]}},{"type":"Feature","properties":{"num":"16","lote":"B.11-P.10","bloque":"B.11"},"geometry":{"type":"Point","coordinates":[-72.981693,4.441231]}},{"type":"Feature","properties":{"num":"18","lote":"B.11-P.12","bloque":"B.11"},"geometry":{"type":"Point","coordinates":[-72.979323,4.441168]}},{"type":"Feature","properties":{"num":"14","lote":"B.11-P.7","bloque":"B.11"},"geometry":{"type":"Point","coordinates":[-72.983759,4.444792]}},{"type":"Feature","properties":{"num":"12","lote":"B.11-P.6","bloque":"B.11"},"geometry":{"type":"Point","coordinates":[-72.98208,4.448826]}},{"type":"Feature","properties":{"num":"9","lote":"B.11-P.3","bloque":"B.11"},"geometry":{"type":"Point","coordinates":[-72.97635,4.445061]}},{"type":"Feature","properties":{"num":"8","lote":"B.11-P.3","bloque":"B.11"},"geometry":{"type":"Point","coordinates":[-72.976406,4.447759]}},{"type":"Feature","properties":{"num":"10","lote":"B.11-P.4","bloque":"B.11"},"geometry":{"type":"Point","coordinates":[-72.97833,4.453398]}},{"type":"Feature","properties":{"num":"2"},"geometry":{"type":"Point","coordinates":[-72.974824,4.453932]}},{"type":"Feature","properties":{"num":"1","lote":"B.11-P.1","bloque":"B.11"},"geometry":{"type":"Point","coordinates":[-72.973535,4.449893]}},{"type":"Feature","properties":{"num":"3","lote":"B.11-P.2","bloque":"B.11"},"geometry":{"type":"Point","coordinates":[-72.97469,4.450355]}},{"type":"Feature","properties":{"num":"4","lote":"B.11-P.2","bloque":"B.11"},"geometry":{"type":"Point","coordinates":[-72.974613,4.448136]}},{"type":"Feature","properties":{"num":"8"},"geometry":{"type":"Point","coordinates":[-72.968696,4.422825]}},{"type":"Feature","properties":{"num":"10","lote":"Lejanias"},"geometry":{"type":"Point","coordinates":[-72.971511,4.418072]}},{"type":"Feature","properties":{"num":"2","lote":"B.10-P.8","bloque":"B.10"},"geometry":{"type":"Point","coordinates":[-72.99902,4.453588]}},{"type":"Feature","properties":{"num":"5","lote":"B.10-P.7","bloque":"B.10"},"geometry":{"type":"Point","coordinates":[-72.999494,4.456047]}},{"type":"Feature","properties":{"num":"6","lote":"B.10-P.6","bloque":"B.10"},"geometry":{"type":"Point","coordinates":[-72.995289,4.458739]}},{"type":"Feature","properties":{"num":"7","lote":"B.10-P.5","bloque":"B.10"},"geometry":{"type":"Point","coordinates":[-72.995404,4.461217]}},{"type":"Feature","properties":{"num":"8","lote":"B.10-P.5","bloque":"B.10"},"geometry":{"type":"Point","coordinates":[-72.997794,4.461101]}},{"type":"Feature","properties":{"num":"9","lote":"B.10-P.5","bloque":"B.10"},"geometry":{"type":"Point","coordinates":[-72.999746,4.461004]}},{"type":"Feature","properties":{"num":"10","lote":"B.10-P.3","bloque":"B.10"},"geometry":{"type":"Point","coordinates":[-72.996572,4.466096]}},{"type":"Feature","properties":{"num":"12","lote":"B.10-P.1","bloque":"B.10"},"geometry":{"type":"Point","coordinates":[-72.994634,4.47081]}},{"type":"Feature","properties":{"num":"13","lote":"B.10-P.1","bloque":"B.10"},"geometry":{"type":"Point","coordinates":[-72.997263,4.470913]}},{"type":"Feature","properties":{"num":"1","lote":"B.4-P.1 (R.)","bloque":"B.4"},"geometry":{"type":"Point","coordinates":[-72.990987,4.486494]}},{"type":"Feature","properties":{"num":"10","lote":"B.4-P.1 (R.)","bloque":"B.4"},"geometry":{"type":"Point","coordinates":[-72.988615,4.488049]}},{"type":"Feature","properties":{"num":"9","lote":"B.4-P.1 (R.)","bloque":"B.4"},"geometry":{"type":"Point","coordinates":[-72.988711,4.490448]}},{"type":"Feature","properties":{"num":"2","lote":"B.4-P.1 (R.)","bloque":"B.4"},"geometry":{"type":"Point","coordinates":[-72.990604,4.489711]}},{"type":"Feature","properties":{"num":"3","lote":"B.4-P.1 (R.)","bloque":"B.4"},"geometry":{"type":"Point","coordinates":[-72.990258,4.494807]}},{"type":"Feature","properties":{"num":"8","lote":"B.4-P.1 (R.)","bloque":"B.4"},"geometry":{"type":"Point","coordinates":[-72.988808,4.492466]}},{"type":"Feature","properties":{"num":"7","lote":"B.4-P.1 (R.)","bloque":"B.4"},"geometry":{"type":"Point","coordinates":[-72.988943,4.495185]}},{"type":"Feature","properties":{"num":"4","lote":"B.4-P.1 (R.)","bloque":"B.4"},"geometry":{"type":"Point","coordinates":[-72.989896,4.497605]}},{"type":"Feature","properties":{"num":"5","lote":"B.4-P.1 (R.)","bloque":"B.4"},"geometry":{"type":"Point","coordinates":[-72.989176,4.499562]}},{"type":"Feature","properties":{"num":"6","lote":"B.4-P.1 (R.)","bloque":"B.4"},"geometry":{"type":"Point","coordinates":[-72.989039,4.497703]}},{"type":"Feature","properties":{"num":"12","lote":"B.4-P.2 (R.)","bloque":"B.4"},"geometry":{"type":"Point","coordinates":[-72.985483,4.491342]}},{"type":"Feature","properties":{"num":"13","lote":"B.4-P.2 (R.)","bloque":"B.4"},"geometry":{"type":"Point","coordinates":[-72.985561,4.492722]}},{"type":"Feature","properties":{"num":"14","lote":"B.4-P.2 (R.)","bloque":"B.4"},"geometry":{"type":"Point","coordinates":[-72.985678,4.49472]}},{"type":"Feature","properties":{"num":"11","lote":"B.4-P.2 (R.)","bloque":"B.4"},"geometry":{"type":"Point","coordinates":[-72.985406,4.489603]}},{"type":"Feature","properties":{"num":"15","lote":"B.4-P.4 (R.)","bloque":"B.4"},"geometry":{"type":"Point","coordinates":[-72.983491,4.491859]}},{"type":"Feature","properties":{"num":"21","lote":"B.4-P.2 (R.)","bloque":"B.4"},"geometry":{"type":"Point","coordinates":[-72.986786,4.499499]}},{"type":"Feature","properties":{"num":"22","lote":"B.6-P.6","bloque":"B.6"},"geometry":{"type":"Point","coordinates":[-72.98923,4.50342]}},{"type":"Feature","properties":{"num":"16","lote":"B.4-P.3 (R.)","bloque":"B.4"},"geometry":{"type":"Point","coordinates":[-72.983607,4.494717]}},{"type":"Feature","properties":{"num":"17","lote":"B.4-P.4 (R.)","bloque":"B.4"},"geometry":{"type":"Point","coordinates":[-72.983821,4.497896]}},{"type":"Feature","properties":{"num":"18","lote":"B.4-P.4 (R.)","bloque":"B.4"},"geometry":{"type":"Point","coordinates":[-72.983937,4.500574]}},{"type":"Feature","properties":{"num":"19","lote":"B.4-P.4 (R.)","bloque":"B.4"},"geometry":{"type":"Point","coordinates":[-72.984072,4.503032]}},{"type":"Feature","properties":{"num":"30","lote":"B.4-P.7 (R.)","bloque":"B.4"},"geometry":{"type":"Point","coordinates":[-72.982117,4.505388]}},{"type":"Feature","properties":{"num":"31","lote":"B.4-P.7 (R.)","bloque":"B.4"},"geometry":{"type":"Point","coordinates":[-72.982155,4.506987]}},{"type":"Feature","properties":{"num":"33","lote":"B.4-P.7 (R.)","bloque":"B.4"},"geometry":{"type":"Point","coordinates":[-72.982251,4.509565]}},{"type":"Feature","properties":{"num":"34","lote":"B.4-P.7 (R.)","bloque":"B.4"},"geometry":{"type":"Point","coordinates":[-72.982288,4.511284]}},{"type":"Feature","properties":{"num":"35","lote":"B.4-P.7 (R.)","bloque":"B.4"},"geometry":{"type":"Point","coordinates":[-72.982422,4.514702]}},{"type":"Feature","properties":{"num":"27"},"geometry":{"type":"Point","coordinates":[-72.985969,4.513828]}},{"type":"Feature","properties":{"num":"28"},"geometry":{"type":"Point","coordinates":[-72.985734,4.51061]}},{"type":"Feature","properties":{"num":"20","lote":"B.4-P.2 (R.)","bloque":"B.4"},"geometry":{"type":"Point","coordinates":[-72.985874,4.496899]}},{"type":"Feature","properties":{"num":"23","lote":"B.4-P.5 (R.)","bloque":"B.4"},"geometry":{"type":"Point","coordinates":[-72.989386,4.505858]}},{"type":"Feature","properties":{"num":"24","lote":"B.4-P.5 (R.)","bloque":"B.4"},"geometry":{"type":"Point","coordinates":[-72.989444,4.507077]}},{"type":"Feature","properties":{"num":"25","lote":"B.4-P.5 (R.)","bloque":"B.4"},"geometry":{"type":"Point","coordinates":[-72.989639,4.509816]}},{"type":"Feature","properties":{"num":"26","lote":"B.4-P.5 (R.)","bloque":"B.4"},"geometry":{"type":"Point","coordinates":[-72.989355,4.513333]}},{"type":"Feature","properties":{"num":"20","lote":"B.7-P.7","bloque":"B.7"},"geometry":{"type":"Point","coordinates":[-72.984119,4.484965]}},{"type":"Feature","properties":{"num":"21","lote":"B.7-P.7","bloque":"B.7"},"geometry":{"type":"Point","coordinates":[-72.984041,4.483426]}},{"type":"Feature","properties":{"num":"22","lote":"B.7-P.7","bloque":"B.7"},"geometry":{"type":"Point","coordinates":[-72.983925,4.480947]}},{"type":"Feature","properties":{"num":"23","lote":"B.7-P.7","bloque":"B.7"},"geometry":{"type":"Point","coordinates":[-72.98379,4.477769]}},{"type":"Feature","properties":{"num":"24","lote":"B.7-P.7","bloque":"B.7"},"geometry":{"type":"Point","coordinates":[-72.983674,4.475471]}},{"type":"Feature","properties":{"num":"25","lote":"B.7-P.7","bloque":"B.7"},"geometry":{"type":"Point","coordinates":[-72.980619,4.481522]}},{"type":"Feature","properties":{"num":"8"},"geometry":{"type":"Point","coordinates":[-72.991517,4.505781]}},{"type":"Feature","properties":{"num":"9"},"geometry":{"type":"Point","coordinates":[-72.991809,4.510299]}},{"type":"Feature","properties":{"num":"12","lote":"B.337-P.9","bloque":"B.337"},"geometry":{"type":"Point","coordinates":[-72.956365,4.413134]}},{"type":"Feature","properties":{"num":"15"},"geometry":{"type":"Point","coordinates":[-72.957549,4.42027]}},{"type":"Feature","properties":{"num":"9","lote":"B.337-P.15","bloque":"B.337"},"geometry":{"type":"Point","coordinates":[-72.951971,4.40869]}},{"type":"Feature","properties":{"num":"14","lote":"B.337-P.8","bloque":"B.337"},"geometry":{"type":"Point","coordinates":[-72.955581,4.418069]}},{"type":"Feature","properties":{"num":"13","lote":"B.337-P.9","bloque":"B.337"},"geometry":{"type":"Point","coordinates":[-72.953754,4.414589]}},{"type":"Feature","properties":{"num":"8","lote":"B.337-P.12","bloque":"B.337"},"geometry":{"type":"Point","coordinates":[-72.94653,4.411601]}},{"type":"Feature","properties":{"num":"6","lote":"B.337-P.14","bloque":"B.337"},"geometry":{"type":"Point","coordinates":[-72.945365,4.418274]}},{"type":"Feature","properties":{"num":"7","lote":"B.337-P.13","bloque":"B.337"},"geometry":{"type":"Point","coordinates":[-72.943817,4.414914]}},{"type":"Feature","properties":{"num":"3"},"geometry":{"type":"Point","coordinates":[-72.940248,4.404996]}},{"type":"Feature","properties":{"num":"4","lote":"B.337-P.3","bloque":"B.337"},"geometry":{"type":"Point","coordinates":[-72.943476,4.403042]}},{"type":"Feature","properties":{"num":"2","lote":"B.337-P.2","bloque":"B.337"},"geometry":{"type":"Point","coordinates":[-72.936902,4.405431]}},{"type":"Feature","properties":{"num":"1","lote":"B.337-P.1","bloque":"B.337"},"geometry":{"type":"Point","coordinates":[-72.934271,4.406966]}},{"type":"Feature","properties":{"num":"1","lote":"B.332-P.9","bloque":"B.332"},"geometry":{"type":"Point","coordinates":[-72.948303,4.424654]}},{"type":"Feature","properties":{"num":"2","lote":"B.332-P.10","bloque":"B.332"},"geometry":{"type":"Point","coordinates":[-72.949876,4.424696]}},{"type":"Feature","properties":{"num":"4","lote":"B.332-P.8","bloque":"B.332"},"geometry":{"type":"Point","coordinates":[-72.949276,4.426574]}},{"type":"Feature","properties":{"num":"5","lote":"B.332-P.8","bloque":"B.332"},"geometry":{"type":"Point","coordinates":[-72.950109,4.428434]}},{"type":"Feature","properties":{"num":"21","lote":"B.332-P.11","bloque":"B.332"},"geometry":{"type":"Point","coordinates":[-72.952214,4.432294]}},{"type":"Feature","properties":{"num":"27","lote":"B.332-P.17","bloque":"B.332"},"geometry":{"type":"Point","coordinates":[-72.95742,4.440296]}},{"type":"Feature","properties":{"num":"25","lote":"B.332-P.14","bloque":"B.332"},"geometry":{"type":"Point","coordinates":[-72.956461,4.441834]}},{"type":"Feature","properties":{"num":"24","lote":"B.332-P.14","bloque":"B.332"},"geometry":{"type":"Point","coordinates":[-72.955251,4.438994]}},{"type":"Feature","properties":{"num":"23","lote":"B.332-P.13","bloque":"B.332"},"geometry":{"type":"Point","coordinates":[-72.95667,4.435279]}},{"type":"Feature","properties":{"num":"22"},"geometry":{"type":"Point","coordinates":[-72.959323,4.432545]}},{"type":"Feature","properties":{"num":"19","lote":"B.332-P.18","bloque":"B.332"},"geometry":{"type":"Point","coordinates":[-72.96395,4.427735]}},{"type":"Feature","properties":{"num":"20","lote":"B.332-P.18","bloque":"B.332"},"geometry":{"type":"Point","coordinates":[-72.961383,4.426332]}},{"type":"Feature","properties":{"num":"12","lote":"B.332-P.5","bloque":"B.332"},"geometry":{"type":"Point","coordinates":[-72.968049,4.416428]}},{"type":"Feature","properties":{"num":"7","lote":"B.332-P.5","bloque":"B.332"},"geometry":{"type":"Point","coordinates":[-72.962978,4.424975]}},{"type":"Feature","properties":{"num":"11","lote":"B.332-P.5","bloque":"B.332"},"geometry":{"type":"Point","coordinates":[-72.967031,4.418086]}},{"type":"Feature","properties":{"num":"10","lote":"B.332-P.5","bloque":"B.332"},"geometry":{"type":"Point","coordinates":[-72.965993,4.419863]}},{"type":"Feature","properties":{"num":"8","lote":"B.332-P.5","bloque":"B.332"},"geometry":{"type":"Point","coordinates":[-72.963936,4.423358]}},{"type":"Feature","properties":{"num":"9","lote":"B.332-P.5","bloque":"B.332"},"geometry":{"type":"Point","coordinates":[-72.964915,4.42168]}},{"type":"Feature","properties":{"num":"13","lote":"B.332-P.6","bloque":"B.332"},"geometry":{"type":"Point","coordinates":[-72.964507,4.414305]}},{"type":"Feature","properties":{"num":"14","lote":"B.332-P.6","bloque":"B.332"},"geometry":{"type":"Point","coordinates":[-72.963629,4.415842]}},{"type":"Feature","properties":{"num":"15","lote":"B.332-P.6","bloque":"B.332"},"geometry":{"type":"Point","coordinates":[-72.962651,4.41744]}},{"type":"Feature","properties":{"num":"16","lote":"B.332-P.6","bloque":"B.332"},"geometry":{"type":"Point","coordinates":[-72.961673,4.419097]}},{"type":"Feature","properties":{"num":"17","lote":"B.332-P.6","bloque":"B.332"},"geometry":{"type":"Point","coordinates":[-72.960774,4.420615]}},{"type":"Feature","properties":{"num":"18","lote":"B.332-P.6","bloque":"B.332"},"geometry":{"type":"Point","coordinates":[-72.959836,4.422212]}},{"type":"Feature","properties":{"num":"7","lote":"B.5-P.3 (R.)","bloque":"B.5"},"geometry":{"type":"Point","coordinates":[-72.993541,4.511001]}},{"type":"Feature","properties":{"num":"3","lote":"B.5-P.2 (R.)","bloque":"B.5"},"geometry":{"type":"Point","coordinates":[-72.997706,4.508888]}},{"type":"Feature","properties":{"num":"4","lote":"B.5-P.2 (R.)","bloque":"B.5"},"geometry":{"type":"Point","coordinates":[-72.995113,4.511962]}},{"type":"Feature","properties":{"num":"2","lote":"B.5-P.2 (R.)","bloque":"B.5"},"geometry":{"type":"Point","coordinates":[-72.997649,4.507229]}},{"type":"Feature","properties":{"num":"1","lote":"B.5-P.2 (R.)","bloque":"B.5"},"geometry":{"type":"Point","coordinates":[-72.997611,4.50559]}},{"type":"Feature","properties":{"num":"6","lote":"B.5-P.3 (R.)","bloque":"B.5"},"geometry":{"type":"Point","coordinates":[-72.993466,4.507603]}},{"type":"Feature","properties":{"num":"4","lote":"B.7-P.1","bloque":"B.7"},"geometry":{"type":"Point","coordinates":[-72.99507,4.48622]}},{"type":"Feature","properties":{"num":"5","lote":"B.7-P.3","bloque":"B.7"},"geometry":{"type":"Point","coordinates":[-72.992582,4.485017]}},{"type":"Feature","properties":{"num":"6","lote":"B.7-P.3","bloque":"B.7"},"geometry":{"type":"Point","coordinates":[-72.992505,4.483598]}},{"type":"Feature","properties":{"num":"8","lote":"B.7-P.3","bloque":"B.7"},"geometry":{"type":"Point","coordinates":[-72.99235,4.48002]}},{"type":"Feature","properties":{"num":"43A","lote":"B.336-P.2","bloque":"B.336"},"geometry":{"type":"Point","coordinates":[-72.912812,4.441271]}},{"type":"Feature","properties":{"num":"15","lote":"B.6-P.6","bloque":"B.6"},"geometry":{"type":"Point","coordinates":[-72.991181,4.503722]}},{"type":"Feature","properties":{"num":"5","lote":"B.337-P.5","bloque":"B.337"},"geometry":{"type":"Point","coordinates":[-72.959797,4.408342]}},{"type":"Feature","properties":{"num":"61","lote":"B.336-P.10","bloque":"B.336"},"geometry":{"type":"Point","coordinates":[-72.911555,4.417046]}},{"type":"Feature","properties":{"num":"41","lote":"B.336-P.17","bloque":"B.336"},"geometry":{"type":"Point","coordinates":[-72.919861,4.441301]}},{"type":"Feature","properties":{"num":"4","lote":"B.18-P.2","bloque":"B.18"},"geometry":{"type":"Point","coordinates":[-72.984888,4.517664]}},{"type":"Feature","properties":{"num":"34","lote":"B.335-P.3","bloque":"B.335"},"geometry":{"type":"Point","coordinates":[-72.932699,4.432586]}},{"type":"Feature","properties":{"num":"31","lote":"B.335-P.3","bloque":"B.335"},"geometry":{"type":"Point","coordinates":[-72.939947,4.432537]}},{"type":"Feature","properties":{"num":"5","lote":"B.5-P.3 (R.)","bloque":"B.5"},"geometry":{"type":"Point","coordinates":[-72.99335,4.505105]}},{"type":"Feature","properties":{"num":"1","lote":"B.17-P.3","bloque":"B.17"},"geometry":{"type":"Point","coordinates":[-72.953456,4.534566]}},{"type":"Feature","properties":{"num":"2","lote":"B.17-P.1","bloque":"B.17"},"geometry":{"type":"Point","coordinates":[-72.95463,4.535307]}},{"type":"Feature","properties":{"num":"3","lote":"B.17-P.1","bloque":"B.17"},"geometry":{"type":"Point","coordinates":[-72.955901,4.537328]}},{"type":"Feature","properties":{"num":"4","lote":"B.17-P.2","bloque":"B.17"},"geometry":{"type":"Point","coordinates":[-72.95559,4.532151]}},{"type":"Feature","properties":{"num":"5","lote":"B.17-P.4","bloque":"B.17"},"geometry":{"type":"Point","coordinates":[-72.951786,4.532165]}},{"type":"Feature","properties":{"num":"6","lote":"B.17-P.5","bloque":"B.17"},"geometry":{"type":"Point","coordinates":[-72.949695,4.532142]}},{"type":"Feature","properties":{"num":"7","lote":"B.17-P.4","bloque":"B.17"},"geometry":{"type":"Point","coordinates":[-72.951984,4.533424]}},{"type":"Feature","properties":{"num":"8","lote":"B.17-P.6","bloque":"B.17"},"geometry":{"type":"Point","coordinates":[-72.950615,4.529845]}},{"type":"Feature","properties":{"num":"11","lote":"B.17-P.6","bloque":"B.17"},"geometry":{"type":"Point","coordinates":[-72.951295,4.527607]}},{"type":"Feature","properties":{"num":"10","lote":"B.17-P.6","bloque":"B.17"},"geometry":{"type":"Point","coordinates":[-72.948863,4.529203]}},{"type":"Feature","properties":{"num":"9","lote":"B.17-P.6","bloque":"B.17"},"geometry":{"type":"Point","coordinates":[-72.949081,4.529843]}},{"type":"Feature","properties":{"num":"12","lote":"B.17-P.7","bloque":"B.17"},"geometry":{"type":"Point","coordinates":[-72.94882,4.531281]}},{"type":"Feature","properties":{"num":"13","lote":"B.17-P.7","bloque":"B.17"},"geometry":{"type":"Point","coordinates":[-72.947068,4.531279]}},{"type":"Feature","properties":{"num":"6","lote":"B.15-P.3","bloque":"B.15"},"geometry":{"type":"Point","coordinates":[-72.960648,4.532478]}},{"type":"Feature","properties":{"num":"17","lote":"B.1-P.4 (R.)","bloque":"B.1"},"geometry":{"type":"Point","coordinates":[-72.967582,4.517079]}},{"type":"Feature","properties":{"num":"21","lote":"B.11-P.13","bloque":"B.11"},"geometry":{"type":"Point","coordinates":[-72.97749,4.442224]}},{"type":"Feature","properties":{"num":"8","lote":"B.12-P.7","bloque":"B.12"},"geometry":{"type":"Point","coordinates":[-72.986127,4.432203]}},{"type":"Feature","properties":{"num":"18","lote":"B.10-P.10","bloque":"B.10"},"geometry":{"type":"Point","coordinates":[-72.992045,4.443125]}},{"type":"Feature","properties":{"num":"14","lote":"B.10-P.10","bloque":"B.10"},"geometry":{"type":"Point","coordinates":[-72.995882,4.447667]}},{"type":"Feature","properties":{"num":"17","lote":"B.10-P.10","bloque":"B.10"},"geometry":{"type":"Point","coordinates":[-72.993196,4.445765]}},{"type":"Feature","properties":{"num":"38","lote":"B.335-P.5","bloque":"B.335"},"geometry":{"type":"Point","coordinates":[-72.934483,4.424834]}},{"type":"Feature","properties":{"num":"39","lote":"B.335-P.5","bloque":"B.335"},"geometry":{"type":"Point","coordinates":[-72.931715,4.42485]}},{"type":"Feature","properties":{"num":"29","lote":"B.335-P.2","bloque":"B.335"},"geometry":{"type":"Point","coordinates":[-72.93566,4.436368]}},{"type":"Feature","properties":{"num":"28","lote":"B.335-P.2","bloque":"B.335"},"geometry":{"type":"Point","coordinates":[-72.937054,4.43637]}},{"type":"Feature","properties":{"num":"30","lote":"B.335-P.2","bloque":"B.335"},"geometry":{"type":"Point","coordinates":[-72.933469,4.436405]}},{"type":"Feature","properties":{"num":"32","lote":"B.335-P.3","bloque":"B.335"},"geometry":{"type":"Point","coordinates":[-72.936861,4.432552]}},{"type":"Feature","properties":{"num":"33","lote":"B.335-P.3","bloque":"B.335"},"geometry":{"type":"Point","coordinates":[-72.934312,4.432568]}},{"type":"Feature","properties":{"num":"37","lote":"B.335-P.4","bloque":"B.335"},"geometry":{"type":"Point","coordinates":[-72.932466,4.428708]}},{"type":"Feature","properties":{"num":"36","lote":"B.335-P.4","bloque":"B.335"},"geometry":{"type":"Point","coordinates":[-72.935313,4.428693]}},{"type":"Feature","properties":{"num":"35","lote":"B.335-P.4","bloque":"B.335"},"geometry":{"type":"Point","coordinates":[-72.937046,4.428675]}},{"type":"Feature","properties":{"num":"26","lote":"B.335-P.1","bloque":"B.335"},"geometry":{"type":"Point","coordinates":[-72.941788,4.440154]}},{"type":"Feature","properties":{"num":"5","lote":"B.30-P.3","bloque":"B.30"},"geometry":{"type":"Point","coordinates":[-72.972756,4.411019]}},{"type":"Feature","properties":{"num":"6","lote":"B.30-P.3","bloque":"B.30"},"geometry":{"type":"Point","coordinates":[-72.970189,4.409536]}},{"type":"Feature","properties":{"num":"4","lote":"B.30-P.2","bloque":"B.30"},"geometry":{"type":"Point","coordinates":[-72.966742,4.41133]}},{"type":"Feature","properties":{"num":"3","lote":"B.30-P.2","bloque":"B.30"},"geometry":{"type":"Point","coordinates":[-72.968314,4.412231]}},{"type":"Feature","properties":{"num":"2","lote":"B.30-P.2","bloque":"B.30"},"geometry":{"type":"Point","coordinates":[-72.969846,4.413133]}},{"type":"Feature","properties":{"num":"1","lote":"B.30-P.2","bloque":"B.30"},"geometry":{"type":"Point","coordinates":[-72.971417,4.414035]}},{"type":"Feature","properties":{"num":"27","lote":"B.335-P.2","bloque":"B.335"},"geometry":{"type":"Point","coordinates":[-72.940957,4.436335]}},{"type":"Feature","properties":{"num":"25","lote":"B.335-P.1","bloque":"B.335"},"geometry":{"type":"Point","coordinates":[-72.940075,4.440172]}},{"type":"Feature","properties":{"num":"16","lote":"B.337-P.7","bloque":"B.337"},"geometry":{"type":"Point","coordinates":[-72.960982,4.415079]}},{"type":"Feature","properties":{"num":"17","lote":"B.337-P.7","bloque":"B.337"},"geometry":{"type":"Point","coordinates":[-72.962319,4.412822]}},{"type":"Feature","properties":{"num":"28","lote":"B.332-P.3","bloque":"B.332"},"geometry":{"type":"Point","coordinates":[-72.95127,4.43747]}},{"type":"Feature","properties":{"num":"30","lote":"B.332-P.1","bloque":"B.332"},"geometry":{"type":"Point","coordinates":[-72.945608,4.441838]}},{"type":"Feature","properties":{"num":"29","lote":"B.332-P.1","bloque":"B.332"},"geometry":{"type":"Point","coordinates":[-72.949833,4.440186]}},{"type":"Feature","properties":{"num":"45A","lote":"B.336-P.3","bloque":"B.336"},"geometry":{"type":"Point","coordinates":[-72.910742,4.440369]}},{"type":"Feature","properties":{"num":"48A","lote":"B.336-P.4","bloque":"B.336"},"geometry":{"type":"Point","coordinates":[-72.908835,4.437388]}},{"type":"Feature","properties":{"num":"49A","lote":"B.336-P.20","bloque":"B.336"},"geometry":{"type":"Point","coordinates":[-72.912443,4.435135]}},{"type":"Feature","properties":{"num":"68A","lote":"B.336-P.20","bloque":"B.336"},"geometry":{"type":"Point","coordinates":[-72.917944,4.431885]}},{"type":"Feature","properties":{"num":"49A","lote":"B.330-P.2","bloque":"B.330"},"geometry":{"type":"Point","coordinates":[-72.89679,4.384708]}},{"type":"Feature","properties":{"num":"9","lote":"B.7-P.3","bloque":"B.7"},"geometry":{"type":"Point","coordinates":[-72.992215,4.477422]}},{"type":"Feature","properties":{"num":"10","lote":"B.7-P.3","bloque":"B.7"},"geometry":{"type":"Point","coordinates":[-72.992119,4.474903]}},{"type":"Feature","properties":{"num":"11","lote":"B.7-P.3","bloque":"B.7"},"geometry":{"type":"Point","coordinates":[-72.992003,4.472205]}},{"type":"Feature","properties":{"num":"7","lote":"B.7-P.3","bloque":"B.7"},"geometry":{"type":"Point","coordinates":[-72.992427,4.481959]}},{"type":"Feature","properties":{"num":"18","lote":"B.7-P.5","bloque":"B.7"},"geometry":{"type":"Point","coordinates":[-72.988558,4.48613]}},{"type":"Feature","properties":{"num":"17","lote":"B.7-P.5","bloque":"B.7"},"geometry":{"type":"Point","coordinates":[-72.988442,4.483972]}},{"type":"Feature","properties":{"num":"16","lote":"B.7-P.5","bloque":"B.7"},"geometry":{"type":"Point","coordinates":[-72.988365,4.481993]}},{"type":"Feature","properties":{"num":"15","lote":"B.7-P.5","bloque":"B.7"},"geometry":{"type":"Point","coordinates":[-72.988248,4.479754]}},{"type":"Feature","properties":{"num":"14","lote":"B.7-P.5","bloque":"B.7"},"geometry":{"type":"Point","coordinates":[-72.988152,4.477556]}},{"type":"Feature","properties":{"num":"13","lote":"B.7-P.5","bloque":"B.7"},"geometry":{"type":"Point","coordinates":[-72.988017,4.474657]}},{"type":"Feature","properties":{"num":"12","lote":"B.7-P.5","bloque":"B.7"},"geometry":{"type":"Point","coordinates":[-72.987959,4.473178]}},{"type":"Feature","properties":{"num":"19","lote":"B.7-P.7","bloque":"B.7"},"geometry":{"type":"Point","coordinates":[-72.983418,4.487342]}},{"type":"Feature","properties":{"num":"26","lote":"B.7-P.8","bloque":"B.7"},"geometry":{"type":"Point","coordinates":[-72.981051,4.48518]}},{"type":"Feature","properties":{"num":"1","lote":"B.10-P.9","bloque":"B.10"},"geometry":{"type":"Point","coordinates":[-72.999183,4.45109]}},{"type":"Feature","properties":{"num":"3","lote":"B.10-P.7","bloque":"B.10"},"geometry":{"type":"Point","coordinates":[-72.997566,4.453666]}},{"type":"Feature","properties":{"num":"4","lote":"B.10-P.8","bloque":"B.10"},"geometry":{"type":"Point","coordinates":[-72.996152,4.453723]}},{"type":"Feature","properties":{"num":"11","lote":"B.10-P.3","bloque":"B.10"},"geometry":{"type":"Point","coordinates":[-72.997369,4.466057]}},{"type":"Feature","properties":{"num":"5","lote":"B.12-P.5","bloque":"B.12"},"geometry":{"type":"Point","coordinates":[-72.985562,4.437019]}},{"type":"Feature","properties":{"num":"88","lote":"B.231-P.5","bloque":"B.231"},"geometry":{"type":"Point","coordinates":[-72.905191,4.411661]}},{"type":"Feature","properties":{"num":"69","lote":"B.231-P.13","bloque":"B.231"},"geometry":{"type":"Point","coordinates":[-72.90528,4.418357]}},{"type":"Feature","properties":{"num":"82","lote":"B.231-P.2","bloque":"B.231"},"geometry":{"type":"Point","coordinates":[-72.896768,4.398898]}},{"type":"Feature","properties":{"num":"79","lote":"B.231-P.7","bloque":"B.231"},"geometry":{"type":"Point","coordinates":[-72.893602,4.398873]}},{"type":"Feature","properties":{"num":"84","lote":"B.231-P.3","bloque":"B.231"},"geometry":{"type":"Point","coordinates":[-72.899132,4.402679]}},{"type":"Feature","properties":{"num":"64","lote":"B.330-P.6","bloque":"B.330"},"geometry":{"type":"Point","coordinates":[-72.907073,4.366675]}},{"type":"Feature","properties":{"num":"12","lote":"B.327-P.3","bloque":"B.327"},"geometry":{"type":"Point","coordinates":[-72.937828,4.450921]}},{"type":"Feature","properties":{"num":"15","lote":"B.327-P.4","bloque":"B.327"},"geometry":{"type":"Point","coordinates":[-72.936122,4.446721]}},{"type":"Feature","properties":{"num":"9","lote":"B.327-P.3","bloque":"B.327"},"geometry":{"type":"Point","coordinates":[-72.942588,4.450928]}},{"type":"Feature","properties":{"num":"10","lote":"B.327-P.3","bloque":"B.327"},"geometry":{"type":"Point","coordinates":[-72.941174,4.450926]}},{"type":"Feature","properties":{"num":"11","lote":"B.327-P.3","bloque":"B.327"},"geometry":{"type":"Point","coordinates":[-72.93978,4.450924]}},{"type":"Feature","properties":{"num":"7","lote":"B.327-P.2","bloque":"B.327"},"geometry":{"type":"Point","coordinates":[-72.938639,4.455079]}},{"type":"Feature","properties":{"num":"6","lote":"B.327-P.2","bloque":"B.327"},"geometry":{"type":"Point","coordinates":[-72.940192,4.455081]}},{"type":"Feature","properties":{"num":"5","lote":"B.327-P.2","bloque":"B.327"},"geometry":{"type":"Point","coordinates":[-72.941725,4.455084]}},{"type":"Feature","properties":{"num":"11","lote":"B.324-P.8","bloque":"B.324"},"geometry":{"type":"Point","coordinates":[-72.959842,4.525621]}},{"type":"Feature","properties":{"num":"10","lote":"B.324-P.8","bloque":"B.324"},"geometry":{"type":"Point","coordinates":[-72.959784,4.524462]}},{"type":"Feature","properties":{"num":"9","lote":"B.324-P.8","bloque":"B.324"},"geometry":{"type":"Point","coordinates":[-72.959526,4.523942]}},{"type":"Feature","properties":{"num":"8","lote":"B.324-P.7","bloque":"B.324"},"geometry":{"type":"Point","coordinates":[-72.959427,4.523382]}},{"type":"Feature","properties":{"num":"10","lote":"B.329-P.10","bloque":"B.329"},"geometry":{"type":"Point","coordinates":[-72.920301,4.388339]}},{"type":"Feature","properties":{"num":"11","lote":"B.329-P.11","bloque":"B.329"},"geometry":{"type":"Point","coordinates":[-72.91484,4.378218]}},{"type":"Feature","properties":{"num":"20","lote":"B.329-P.18","bloque":"B.329"},"geometry":{"type":"Point","coordinates":[-72.915685,4.398505]}},{"type":"Feature","properties":{"num":"16","lote":"B.329-P.13","bloque":"B.329"},"geometry":{"type":"Point","coordinates":[-72.924028,4.411648]}},{"type":"Feature","properties":{"lote":"B.329-P.26","bloque":"B.329"},"geometry":{"type":"Point","coordinates":[-72.910865,4.412429]}},{"type":"Feature","properties":{"num":"28","lote":"B.329-P.28","bloque":"B.329"},"geometry":{"type":"Point","coordinates":[-72.906811,4.406847]}},{"type":"Feature","properties":{"num":"36","lote":"B.329-P.32","bloque":"B.329"},"geometry":{"type":"Point","coordinates":[-72.904374,4.398889]}},{"type":"Feature","properties":{"num":"34","lote":"B.329-P.30","bloque":"B.329"},"geometry":{"type":"Point","coordinates":[-72.90782,4.398754]}},{"type":"Feature","properties":{"num":"38","lote":"B.329-P.29","bloque":"B.329"},"geometry":{"type":"Point","coordinates":[-72.908482,4.395097]}},{"type":"Feature","properties":{"num":"43","lote":"B.330-P.1","bloque":"B.330"},"geometry":{"type":"Point","coordinates":[-72.901633,4.394728]}},{"type":"Feature","properties":{"num":"47","lote":"B.330-P.2","bloque":"B.330"},"geometry":{"type":"Point","coordinates":[-72.903096,4.388754]}},{"type":"Feature","properties":{"num":"70","lote":"B.231-P.13","bloque":"B.231"},"geometry":{"type":"Point","coordinates":[-72.902174,4.418372]}},{"type":"Feature","properties":{"num":"8","lote":"B.327-P.2","bloque":"B.327"},"geometry":{"type":"Point","coordinates":[-72.935592,4.455075]}},{"type":"Feature","properties":{"num":"3","lote":"B.327-P.1","bloque":"B.327"},"geometry":{"type":"Point","coordinates":[-72.9371,4.458574]}},{"type":"Feature","properties":{"num":"16","lote":"B.327-P.4","bloque":"B.327"},"geometry":{"type":"Point","coordinates":[-72.93423,4.446719]}},{"type":"Feature","properties":{"num":"2A","lote":"B.13-P.7","bloque":"B.13"},"geometry":{"type":"Point","coordinates":[-72.985665,4.462023]}},{"type":"Feature","properties":{"num":"14A","lote":"B.3-P.7","bloque":"B.3"},"geometry":{"type":"Point","coordinates":[-72.975307,4.504698]}},{"type":"Feature","properties":{"num":"14B","lote":"B.3-P.7","bloque":"B.3"},"geometry":{"type":"Point","coordinates":[-72.973277,4.503716]}},{"type":"Feature","properties":{"num":"1","lote":"B.324-P.3 (R.)","bloque":"B.324"},"geometry":{"type":"Point","coordinates":[-72.957117,4.523519]}},{"type":"Feature","properties":{"num":"2","lote":"B.324-P.3 (R.)","bloque":"B.324"},"geometry":{"type":"Point","coordinates":[-72.9565,4.523158]}},{"type":"Feature","properties":{"num":"3","lote":"B.324-P.4 (R.)","bloque":"B.324"},"geometry":{"type":"Point","coordinates":[-72.95724,4.521101]}},{"type":"Feature","properties":{"num":"5","lote":"B.324-P.5 (R.)","bloque":"B.324"},"geometry":{"type":"Point","coordinates":[-72.96037,4.518787]}},{"type":"Feature","properties":{"num":"6","lote":"B.324-P.4 (R.)","bloque":"B.324"},"geometry":{"type":"Point","coordinates":[-72.958976,4.518785]}},{"type":"Feature","properties":{"num":"7","lote":"B.324-P.4 (R.)","bloque":"B.324"},"geometry":{"type":"Point","coordinates":[-72.957821,4.518783]}},{"type":"Feature","properties":{"num":"4","lote":"B.324-P.5 (R.)","bloque":"B.324"},"geometry":{"type":"Point","coordinates":[-72.959251,4.521024]}},{"type":"Feature","properties":{"num":"5A","lote":"B.15-P.3","bloque":"B.15"},"geometry":{"type":"Point","coordinates":[-72.961057,4.525843]}},{"type":"Feature","properties":{"num":"4A","lote":"B.15-P.8","bloque":"B.15"},"geometry":{"type":"Point","coordinates":[-72.960703,4.522645]}},{"type":"Feature","properties":{"num":"1A","lote":"B.15-P.5","bloque":"B.15"},"geometry":{"type":"Point","coordinates":[-72.957409,4.527836]}},{"type":"Feature","properties":{"num":"8A","lote":"B.15-P.1","bloque":"B.15"},"geometry":{"type":"Point","coordinates":[-72.964004,4.526187]}},{"type":"Feature","properties":{"num":"9A","lote":"B.15-P.7","bloque":"B.15"},"geometry":{"type":"Point","coordinates":[-72.964091,4.520871]}},{"type":"Feature","properties":{"lote":"B.20-P.14","bloque":"B.20"},"geometry":{"type":"Point","coordinates":[-72.948157,4.522167]}},{"type":"Feature","properties":{"num":"25A","lote":"B.20-P.7","bloque":"B.20"},"geometry":{"type":"Point","coordinates":[-72.93968,4.517597]}},{"type":"Feature","properties":{"num":"26A","lote":"B.20-P.9","bloque":"B.20"},"geometry":{"type":"Point","coordinates":[-72.944426,4.513047]}},{"type":"Feature","properties":{"num":"28A","lote":"B.20-P.9","bloque":"B.20"},"geometry":{"type":"Point","coordinates":[-72.937854,4.513038]}},{"type":"Feature","properties":{"num":"48","lote":"B.334-P.15","bloque":"B.334"},"geometry":{"type":"Point","coordinates":[-72.899432,4.388749]}},{"type":"Feature","properties":{"num":"66","lote":"B.334-P.1","bloque":"B.334"},"geometry":{"type":"Point","coordinates":[-72.899051,4.390327]}},{"type":"Feature","properties":{"num":"67","lote":"B.334-P.1","bloque":"B.334"},"geometry":{"type":"Point","coordinates":[-72.895049,4.390302]}},{"type":"Feature","properties":{"num":"68","lote":"B.334-P.2","bloque":"B.334"},"geometry":{"type":"Point","coordinates":[-72.896349,4.386346]}},{"type":"Feature","properties":{"num":"46","lote":"B.330-P.2","bloque":"B.330"},"geometry":{"type":"Point","coordinates":[-72.905326,4.388578]}},{"type":"Feature","properties":{"num":"51","lote":"B.330-P.3","bloque":"B.330"},"geometry":{"type":"Point","coordinates":[-72.904397,4.384159]}},{"type":"Feature","properties":{"num":"45","lote":"B.330-P.3","bloque":"B.330"},"geometry":{"type":"Point","coordinates":[-72.909074,4.385785]}},{"type":"Feature","properties":{"num":"18","lote":"B.323-P.8","bloque":"B.323"},"geometry":{"type":"Point","coordinates":[-72.974,4.472618]}},{"type":"Feature","properties":{"num":"23","lote":"B.323-P.8","bloque":"B.323"},"geometry":{"type":"Point","coordinates":[-72.974014,4.463385]}},{"type":"Feature","properties":{"num":"22","lote":"B.323-P.8","bloque":"B.323"},"geometry":{"type":"Point","coordinates":[-72.974011,4.465323]}},{"type":"Feature","properties":{"num":"2","lote":"B.326-P.2","bloque":"B.326"},"geometry":{"type":"Point","coordinates":[-72.96774,4.450265]}},{"type":"Feature","properties":{"num":"1","lote":"B.326-P.1","bloque":"B.326"},"geometry":{"type":"Point","coordinates":[-72.971243,4.451229]}},{"type":"Feature","properties":{"num":"1","lote":"B.328-P.1","bloque":"B.328"},"geometry":{"type":"Point","coordinates":[-72.978538,4.433052]}},{"type":"Feature","properties":{"num":"2","lote":"B.328-P.2","bloque":"B.328"},"geometry":{"type":"Point","coordinates":[-72.980727,4.434614]}},{"type":"Feature","properties":{"num":"1","lote":"B.329-P.1","bloque":"B.329"},"geometry":{"type":"Point","coordinates":[-72.930204,4.422929]}},{"type":"Feature","properties":{"num":"2","lote":"B.329-P.2","bloque":"B.329"},"geometry":{"type":"Point","coordinates":[-72.930388,4.420071]}},{"type":"Feature","properties":{"num":"3","lote":"B.329-P.3","bloque":"B.329"},"geometry":{"type":"Point","coordinates":[-72.930032,4.418392]}},{"type":"Feature","properties":{"num":"4","lote":"B.329-P.4","bloque":"B.329"},"geometry":{"type":"Point","coordinates":[-72.930138,4.414015]}},{"type":"Feature","properties":{"num":"5","lote":"B.329-P.5","bloque":"B.329"},"geometry":{"type":"Point","coordinates":[-72.930286,4.40832]}},{"type":"Feature","properties":{"num":"13","lote":"B.329-P.12","bloque":"B.329"},"geometry":{"type":"Point","coordinates":[-72.921514,4.414922]}},{"type":"Feature","properties":{"num":"17","lote":"B.329-P.13","bloque":"B.329"},"geometry":{"type":"Point","coordinates":[-72.919767,4.411542]}},{"type":"Feature","properties":{"num":"15"},"geometry":{"type":"Point","coordinates":[-72.926816,4.411912]}},{"type":"Feature","properties":{"num":"18","lote":"B.329-P.16","bloque":"B.329"},"geometry":{"type":"Point","coordinates":[-72.921629,4.405089]}},{"type":"Feature","properties":{"num":"19","lote":"B.329-P.16","bloque":"B.329"},"geometry":{"type":"Point","coordinates":[-72.916392,4.405062]}},{"type":"Feature","properties":{"num":"21","lote":"B.329-P.18","bloque":"B.329"},"geometry":{"type":"Point","coordinates":[-72.914473,4.396885]}},{"type":"Feature","properties":{"num":"22","lote":"B.329-P.19","bloque":"B.329"},"geometry":{"type":"Point","coordinates":[-72.9141,4.393327]}},{"type":"Feature","properties":{"num":"23","lote":"B.329-P.20","bloque":"B.329"},"geometry":{"type":"Point","coordinates":[-72.916436,4.389653]}},{"type":"Feature","properties":{"num":"7","lote":"B.329-P.8","bloque":"B.329"},"geometry":{"type":"Point","coordinates":[-72.924251,4.396519]}},{"type":"Feature","properties":{"num":"6","lote":"B.329-P.7","bloque":"B.329"},"geometry":{"type":"Point","coordinates":[-72.926077,4.400259]}},{"type":"Feature","properties":{"num":"9","lote":"B.329-P.9","bloque":"B.329"},"geometry":{"type":"Point","coordinates":[-72.922285,4.392939]}},{"type":"Feature","properties":{"num":"52","lote":"B.330-P.3","bloque":"B.330"},"geometry":{"type":"Point","coordinates":[-72.909117,4.384126]}},{"type":"Feature","properties":{"num":"49","lote":"B.330-P.3","bloque":"B.330"},"geometry":{"type":"Point","coordinates":[-72.89918,4.384152]}},{"type":"Feature","properties":{"num":"69","lote":"B.334-P.3","bloque":"B.334"},"geometry":{"type":"Point","coordinates":[-72.894485,4.381847]}},{"type":"Feature","properties":{"num":"57","lote":"B.330-P.4","bloque":"B.330"},"geometry":{"type":"Point","coordinates":[-72.896858,4.379612]}},{"type":"Feature","properties":{"num":"58","lote":"B.330-P.5","bloque":"B.330"},"geometry":{"type":"Point","coordinates":[-72.898594,4.376896]}},{"type":"Feature","properties":{"num":"59","lote":"B.330-P.5","bloque":"B.330"},"geometry":{"type":"Point","coordinates":[-72.901584,4.375202]}},{"type":"Feature","properties":{"num":"61","lote":"B.330-P.5","bloque":"B.330"},"geometry":{"type":"Point","coordinates":[-72.905208,4.375207]}},{"type":"Feature","properties":{"num":"62","lote":"B.330-P.6","bloque":"B.330"},"geometry":{"type":"Point","coordinates":[-72.905931,4.370751]}},{"type":"Feature","properties":{"num":"80","lote":"B.334-P.10","bloque":"B.334"},"geometry":{"type":"Point","coordinates":[-72.900363,4.366266]}},{"type":"Feature","properties":{"num":"79","lote":"B.334-P.10","bloque":"B.334"},"geometry":{"type":"Point","coordinates":[-72.90325,4.36621]}},{"type":"Feature","properties":{"num":"87","lote":"B.334-P.14","bloque":"B.334"},"geometry":{"type":"Point","coordinates":[-72.905551,4.359578]}},{"type":"Feature","properties":{"num":"85","lote":"B.334-P.13","bloque":"B.334"},"geometry":{"type":"Point","coordinates":[-72.906998,4.363797]}},{"type":"Feature","properties":{"num":"86","lote":"B.334-P.13","bloque":"B.334"},"geometry":{"type":"Point","coordinates":[-72.909605,4.364481]}},{"type":"Feature","properties":{"num":"89","lote":"B.334-P.14","bloque":"B.334"},"geometry":{"type":"Point","coordinates":[-72.908617,4.359263]}},{"type":"Feature","properties":{"num":"83","lote":"B.334-P.12","bloque":"B.334"},"geometry":{"type":"Point","coordinates":[-72.904293,4.361815]}},{"type":"Feature","properties":{"num":"84","lote":"B.334-P.12","bloque":"B.334"},"geometry":{"type":"Point","coordinates":[-72.905921,4.364515]}},{"type":"Feature","properties":{"num":"82","lote":"B.334-P.11","bloque":"B.334"},"geometry":{"type":"Point","coordinates":[-72.898598,4.361727]}},{"type":"Feature","properties":{"num":"72","lote":"B.334-P.6","bloque":"B.334"},"geometry":{"type":"Point","coordinates":[-72.895322,4.368417]}},{"type":"Feature","properties":{"num":"73","lote":"B.334-P.7","bloque":"B.334"},"geometry":{"type":"Point","coordinates":[-72.894893,4.362401]}},{"type":"Feature","properties":{"num":"74","lote":"B.334-P.7","bloque":"B.334"},"geometry":{"type":"Point","coordinates":[-72.891346,4.364235]}},{"type":"Feature","properties":{"num":"23A","lote":"B.20-P.7","bloque":"B.20"},"geometry":{"type":"Point","coordinates":[-72.945794,4.517586]}},{"type":"Feature","properties":{"num":"4","lote":"B.323-P.4 (R.)","bloque":"B.323"},"geometry":{"type":"Point","coordinates":[-72.98163,4.470851]}},{"type":"Feature","properties":{"num":"5","lote":"B.323-P.4 (R.)","bloque":"B.323"},"geometry":{"type":"Point","coordinates":[-72.981792,4.469152]}},{"type":"Feature","properties":{"num":"6","lote":"B.323-P.4 (R.)","bloque":"B.323"},"geometry":{"type":"Point","coordinates":[-72.981795,4.466914]}},{"type":"Feature","properties":{"num":"7","lote":"B.323-P.4 (R.)","bloque":"B.323"},"geometry":{"type":"Point","coordinates":[-72.981797,4.465714]}},{"type":"Feature","properties":{"num":"8","lote":"B.323-P.4 (R.)","bloque":"B.323"},"geometry":{"type":"Point","coordinates":[-72.981799,4.463996]}},{"type":"Feature","properties":{"num":"9","lote":"B.323-P.4 (R.)","bloque":"B.323"},"geometry":{"type":"Point","coordinates":[-72.981802,4.462357]}},{"type":"Feature","properties":{"num":"10","lote":"B.323-P.5","bloque":"B.323"},"geometry":{"type":"Point","coordinates":[-72.97792,4.474723]}},{"type":"Feature","properties":{"num":"11","lote":"B.323-P.6","bloque":"B.323"},"geometry":{"type":"Point","coordinates":[-72.977864,4.472304]}},{"type":"Feature","properties":{"num":"12","lote":"B.323-P.6","bloque":"B.323"},"geometry":{"type":"Point","coordinates":[-72.977866,4.470665]}},{"type":"Feature","properties":{"num":"13","lote":"B.323-P.6","bloque":"B.323"},"geometry":{"type":"Point","coordinates":[-72.977869,4.468807]}},{"type":"Feature","properties":{"num":"14","lote":"B.323-P.6","bloque":"B.323"},"geometry":{"type":"Point","coordinates":[-72.977872,4.467008]}},{"type":"Feature","properties":{"num":"15","lote":"B.323-P.6","bloque":"B.323"},"geometry":{"type":"Point","coordinates":[-72.977874,4.465389]}},{"type":"Feature","properties":{"num":"16","lote":"B.323-P.6","bloque":"B.323"},"geometry":{"type":"Point","coordinates":[-72.977876,4.46375]}},{"type":"Feature","properties":{"num":"17","lote":"B.323-P.6","bloque":"B.323"},"geometry":{"type":"Point","coordinates":[-72.977879,4.462131]}},{"type":"Feature","properties":{"num":"19","lote":"B.323-P.8","bloque":"B.323"},"geometry":{"type":"Point","coordinates":[-72.974003,4.47056]}},{"type":"Feature","properties":{"num":"20","lote":"B.323-P.8","bloque":"B.323"},"geometry":{"type":"Point","coordinates":[-72.974006,4.468601]}},{"type":"Feature","properties":{"num":"21","lote":"B.323-P.8","bloque":"B.323"},"geometry":{"type":"Point","coordinates":[-72.974008,4.467222]}},{"type":"Feature","properties":{"num":"71","lote":"B.334-P.5","bloque":"B.334"},"geometry":{"type":"Point","coordinates":[-72.895454,4.372954]}},{"type":"Feature","properties":{"num":"70","lote":"B.334-P.4","bloque":"B.334"},"geometry":{"type":"Point","coordinates":[-72.894949,4.37751]}},{"type":"Feature","properties":{"num":"37","lote":"B.329-P.24","bloque":"B.329"},"geometry":{"type":"Point","coordinates":[-72.910673,4.395101]}},{"type":"Feature","properties":{"num":"39","lote":"B.329-P.27","bloque":"B.329"},"geometry":{"type":"Point","coordinates":[-72.911037,4.391404]}},{"type":"Feature","properties":{"num":"40","lote":"B.329-P.25","bloque":"B.329"},"geometry":{"type":"Point","coordinates":[-72.911896,4.389306]}},{"type":"Feature","properties":{"num":"33","lote":"B.329-P.24","bloque":"B.329"},"geometry":{"type":"Point","coordinates":[-72.910488,4.398758]}},{"type":"Feature","properties":{"num":"32","lote":"B.329-P.24","bloque":"B.329"},"geometry":{"type":"Point","coordinates":[-72.911497,4.402557]}},{"type":"Feature","properties":{"num":"31","lote":"B.329-P.31","bloque":"B.329"},"geometry":{"type":"Point","coordinates":[-72.90865,4.402552]}},{"type":"Feature","properties":{"num":"26","lote":"B.329-P.23","bloque":"B.329"},"geometry":{"type":"Point","coordinates":[-72.911229,4.408812]}},{"type":"Feature","properties":{"num":"24","lote":"B.329-P.23","bloque":"B.329"},"geometry":{"type":"Point","coordinates":[-72.911462,4.41241]}},{"type":"Feature","properties":{"num":"29","lote":"B.329-P.28","bloque":"B.329"},"geometry":{"type":"Point","coordinates":[-72.902849,4.406881]}},{"type":"Feature","properties":{"num":"27","lote":"B.329-P.26","bloque":"B.329"},"geometry":{"type":"Point","coordinates":[-72.910373,4.408851]}},{"type":"Feature","properties":{"num":"42","lote":"B.330-P.1","bloque":"B.330"},"geometry":{"type":"Point","coordinates":[-72.900591,4.398923]}},{"type":"Feature","properties":{"num":"41","lote":"B.329-P.25","bloque":"B.329"},"geometry":{"type":"Point","coordinates":[-72.913833,4.385772]}},{"type":"Feature","properties":{"num":"80","lote":"B.231-P.6","bloque":"B.231"},"geometry":{"type":"Point","coordinates":[-72.893171,4.394376]}},{"type":"Feature","properties":{"num":"83","lote":"B.231-P.3","bloque":"B.231"},"geometry":{"type":"Point","coordinates":[-72.89487,4.402653]}},{"type":"Feature","properties":{"num":"78","lote":"B.231-P.8","bloque":"B.231"},"geometry":{"type":"Point","coordinates":[-72.89338,4.400852]}},{"type":"Feature","properties":{"num":"86","lote":"B.231-P.4","bloque":"B.231"},"geometry":{"type":"Point","coordinates":[-72.900817,4.407198]}},{"type":"Feature","properties":{"num":"85","lote":"B.231-P.4","bloque":"B.231"},"geometry":{"type":"Point","coordinates":[-72.89791,4.407294]}},{"type":"Feature","properties":{"num":"77","lote":"B.231-P.9","bloque":"B.231"},"geometry":{"type":"Point","coordinates":[-72.894744,4.407189]}},{"type":"Feature","properties":{"num":"76","lote":"B.231-P.10","bloque":"B.231"},"geometry":{"type":"Point","coordinates":[-72.89633,4.411688]}},{"type":"Feature","properties":{"num":"87","lote":"B.231-P.5","bloque":"B.231"},"geometry":{"type":"Point","coordinates":[-72.902483,4.411717]}},{"type":"Feature","properties":{"num":"75","lote":"B.231-P.11","bloque":"B.231"},"geometry":{"type":"Point","coordinates":[-72.899655,4.411673]}},{"type":"Feature","properties":{"num":"72","lote":"B.231-P.12","bloque":"B.231"},"geometry":{"type":"Point","coordinates":[-72.901201,4.416212]}},{"type":"Feature","properties":{"num":"74","lote":"B.231-P.12","bloque":"B.231"},"geometry":{"type":"Point","coordinates":[-72.906319,4.41612]}},{"type":"Feature","properties":{"num":"76","lote":"B.334-P.8","bloque":"B.334"},"geometry":{"type":"Point","coordinates":[-72.896984,4.375115]}},{"type":"Feature","properties":{"num":"81","lote":"B.334-P.10","bloque":"B.334"},"geometry":{"type":"Point","coordinates":[-72.898034,4.366183]}},{"type":"Feature","properties":{"num":"75"},"geometry":{"type":"Point","coordinates":[-72.891682,4.366274]}},{"type":"Feature","properties":{"num":"77","lote":"B.334-P.8","bloque":"B.334"},"geometry":{"type":"Point","coordinates":[-72.898179,4.375177]}},{"type":"Feature","properties":{"num":"78","lote":"B.334-P.9","bloque":"B.334"},"geometry":{"type":"Point","coordinates":[-72.900834,4.370724]}},{"type":"Feature","properties":{"num":"63","lote":"B.330-P.6","bloque":"B.330"},"geometry":{"type":"Point","coordinates":[-72.902766,4.370666]}},{"type":"Feature","properties":{"num":"65"},"geometry":{"type":"Point","coordinates":[-72.9058,4.365914]}},{"type":"Feature","properties":{"num":"88","lote":"B.334-P.14","bloque":"B.334"},"geometry":{"type":"Point","coordinates":[-72.907064,4.35952]}},{"type":"Feature","properties":{"lote":"B.330-P.5","bloque":"B.330"},"geometry":{"type":"Point","coordinates":[-72.901085,4.375641]}},{"type":"Feature","properties":{"num":"55","lote":"B.330-P.4","bloque":"B.330"},"geometry":{"type":"Point","coordinates":[-72.904803,4.379643]}},{"type":"Feature","properties":{"num":"54","lote":"B.330-P.4","bloque":"B.330"},"geometry":{"type":"Point","coordinates":[-72.908148,4.379648]}},{"type":"Feature","properties":{"num":"53","lote":"B.330-P.4","bloque":"B.330"},"geometry":{"type":"Point","coordinates":[-72.911473,4.379673]}},{"type":"Feature","properties":{"num":"50","lote":"B.330-P.3","bloque":"B.330"},"geometry":{"type":"Point","coordinates":[-72.90147,4.384075]}},{"type":"Feature","properties":{"num":"56","lote":"B.330-P.4","bloque":"B.330"},"geometry":{"type":"Point","coordinates":[-72.899845,4.379556]}},{"type":"Feature","properties":{"num":"44","lote":"B.330-P.1","bloque":"B.330"},"geometry":{"type":"Point","coordinates":[-72.903927,4.392013]}},{"type":"Feature","properties":{"num":"35","lote":"B.329-P.32","bloque":"B.329"},"geometry":{"type":"Point","coordinates":[-72.906943,4.398933]}},{"type":"Feature","properties":{"num":"30","lote":"B.329-P.31","bloque":"B.329"},"geometry":{"type":"Point","coordinates":[-72.90638,4.402529]}},{"type":"Feature","properties":{"num":"81","lote":"B.231-P.1","bloque":"B.231"},"geometry":{"type":"Point","coordinates":[-72.896516,4.394381]}},{"type":"Feature","properties":{"num":"63","lote":"B.336-P.9","bloque":"B.336"},"geometry":{"type":"Point","coordinates":[-72.914518,4.419409]}},{"type":"Feature","properties":{"num":"65","lote":"B.336-P.11","bloque":"B.336"},"geometry":{"type":"Point","coordinates":[-72.916651,4.418133]}},{"type":"Feature","properties":{"num":"67","lote":"B.336-P.12","bloque":"B.336"},"geometry":{"type":"Point","coordinates":[-72.918638,4.420974]}},{"type":"Feature","properties":{"num":"59","lote":"B.336-P.9","bloque":"B.336"},"geometry":{"type":"Point","coordinates":[-72.909495,4.4224]}},{"type":"Feature","properties":{"num":"58","lote":"B.336-P.8","bloque":"B.336"},"geometry":{"type":"Point","coordinates":[-72.906346,4.424154]}},{"type":"Feature","properties":{"num":"60","lote":"B.336-P.9","bloque":"B.336"},"geometry":{"type":"Point","coordinates":[-72.908346,4.418961]}},{"type":"Feature","properties":{"num":"53","lote":"B.336-P.14","bloque":"B.336"},"geometry":{"type":"Point","coordinates":[-72.909084,4.431033]}},{"type":"Feature","properties":{"num":"46","lote":"B.336-P.15","bloque":"B.336"},"geometry":{"type":"Point","coordinates":[-72.914731,4.436098]}},{"type":"Feature","properties":{"num":"47","lote":"B.336-P.4","bloque":"B.336"},"geometry":{"type":"Point","coordinates":[-72.909097,4.43507]}},{"type":"Feature","properties":{"num":"51","lote":"B.336-P.5","bloque":"B.336"},"geometry":{"type":"Point","coordinates":[-72.906493,4.432448]}},{"type":"Feature","properties":{"num":"55","lote":"B.336-P.6","bloque":"B.336"},"geometry":{"type":"Point","coordinates":[-72.904865,4.429348]}},{"type":"Feature","properties":{"num":"44","lote":"B.336-P.3","bloque":"B.336"},"geometry":{"type":"Point","coordinates":[-72.9124,4.437353]}},{"type":"Feature","properties":{"num":"43","lote":"B.336-P.2","bloque":"B.336"},"geometry":{"type":"Point","coordinates":[-72.914326,4.440394]}},{"type":"Feature","properties":{"num":"40","lote":"B.336-P.18","bloque":"B.336"},"geometry":{"type":"Point","coordinates":[-72.92207,4.442164]}},{"type":"Feature","properties":{"num":"42","lote":"B.336-P.1","bloque":"B.336"},"geometry":{"type":"Point","coordinates":[-72.916931,4.443096]}},{"type":"Feature","properties":{"num":"8","lote":"B.329-P.8","bloque":"B.329"},"geometry":{"type":"Point","coordinates":[-72.921782,4.396536]}},{"type":"Feature","properties":{"num":"14","lote":"B.329-P.12","bloque":"B.329"},"geometry":{"type":"Point","coordinates":[-72.923964,4.414906]}},{"type":"Feature","properties":{"num":"12","lote":"B.329-P.12","bloque":"B.329"},"geometry":{"type":"Point","coordinates":[-72.91982,4.415999]}},{"type":"Feature","properties":{"num":"21","lote":"B.327-P.6","bloque":"B.327"},"geometry":{"type":"Point","coordinates":[-72.934462,4.438205]}},{"type":"Feature","properties":{"num":"24","lote":"B.327-P.4","bloque":"B.327"},"geometry":{"type":"Point","coordinates":[-72.940822,4.446728]}},{"type":"Feature","properties":{"num":"71","lote":"B.231-P.13","bloque":"B.231"},"geometry":{"type":"Point","coordinates":[-72.898312,4.417347]}},{"type":"Feature","properties":{"num":"31A","lote":"B.20-P.11","bloque":"B.20"},"geometry":{"type":"Point","coordinates":[-72.942103,4.508487]}},{"type":"Feature","properties":{"num":"6","lote":"B.325-P.5","bloque":"B.325"},"geometry":{"type":"Point","coordinates":[-72.963376,4.5062]}},{"type":"Feature","properties":{"num":"7","lote":"B.325-P.2","bloque":"B.325"},"geometry":{"type":"Point","coordinates":[-72.959933,4.504676]}},{"type":"Feature","properties":{"num":"32","lote":"B.4-P.7 (R.)","bloque":"B.4"},"geometry":{"type":"Point","coordinates":[-72.982193,4.508246]}},{"type":"Feature","properties":{"num":"15","lote":"B.10-P.10","bloque":"B.10"},"geometry":{"type":"Point","coordinates":[-72.997216,4.447569]}},{"type":"Feature","properties":{"num":"16","lote":"B.10-P.10","bloque":"B.10"},"geometry":{"type":"Point","coordinates":[-72.998829,4.447452]}},{"type":"Feature","properties":{"num":"17A","lote":"B.10-P.10","bloque":"B.10"},"geometry":{"type":"Point","coordinates":[-72.995608,4.444009]}},{"type":"Feature","properties":{"num":"18A","lote":"B.10-P.10","bloque":"B.10"},"geometry":{"type":"Point","coordinates":[-72.993818,4.443087]}},{"type":"Feature","properties":{"num":"3A","lote":"B.7-P.1","bloque":"B.7"},"geometry":{"type":"Point","coordinates":[-72.994992,4.484641]}},{"type":"Feature","properties":{"num":"5A","lote":"B.12-P.5","bloque":"B.12"},"geometry":{"type":"Point","coordinates":[-72.981301,4.437033]}},{"type":"Feature","properties":{"num":"100","lote":"B.340-P.21","bloque":"B.340"},"geometry":{"type":"Point","coordinates":[-72.984824,4.424487]}},{"type":"Feature","properties":{"num":"101","lote":"B.340-P.22","bloque":"B.340"},"geometry":{"type":"Point","coordinates":[-72.982877,4.421226]}},{"type":"Feature","properties":{"num":"103","lote":"B.340-P.22","bloque":"B.340"},"geometry":{"type":"Point","coordinates":[-72.982889,4.412592]}},{"type":"Feature","properties":{"num":"102","lote":"B.340-P.22","bloque":"B.340"},"geometry":{"type":"Point","coordinates":[-72.982883,4.416769]}},{"type":"Feature","properties":{"num":"104","lote":"B.340-P.26","bloque":"B.340"},"geometry":{"type":"Point","coordinates":[-72.980766,4.421223]}},{"type":"Feature","properties":{"num":"105","lote":"B.340-P.25","bloque":"B.340"},"geometry":{"type":"Point","coordinates":[-72.980744,4.422982]}},{"type":"Feature","properties":{"num":"106","lote":"B.340-P.26","bloque":"B.340"},"geometry":{"type":"Point","coordinates":[-72.980773,4.416746]}},{"type":"Feature","properties":{"num":"107","lote":"B.340-P.26","bloque":"B.340"},"geometry":{"type":"Point","coordinates":[-72.980779,4.41201]}},{"type":"Feature","properties":{"num":"108","lote":"B.340-P.27","bloque":"B.340"},"geometry":{"type":"Point","coordinates":[-72.979412,4.421221]}},{"type":"Feature","properties":{"num":"109","lote":"B.340-P.27","bloque":"B.340"},"geometry":{"type":"Point","coordinates":[-72.978718,4.418842]}},{"type":"Feature","properties":{"num":"110","lote":"B.340-P.27","bloque":"B.340"},"geometry":{"type":"Point","coordinates":[-72.978726,4.413845]}},{"type":"Feature","properties":{"num":"113"},"geometry":{"type":"Point","coordinates":[-72.989889,4.405407]}},{"type":"Feature","properties":{"num":"112","lote":"B.340-P.14","bloque":"B.340"},"geometry":{"type":"Point","coordinates":[-72.992,4.433271]}},{"type":"Feature","properties":{},"geometry":{"type":"Point","coordinates":[-72.996145,4.430859]}},{"type":"Feature","properties":{"num":"2","lote":"B.341-P.1","bloque":"B.341"},"geometry":{"type":"Point","coordinates":[-72.99476,4.438712]}},{"type":"Feature","properties":{"num":"1","lote":"B.341-P.1","bloque":"B.341"},"geometry":{"type":"Point","coordinates":[-72.990819,4.437007]}},{"type":"Feature","properties":{"num":"7A","lote":"B.12-P.6","bloque":"B.12"},"geometry":{"type":"Point","coordinates":[-72.981424,4.434695]}},{"type":"Feature","properties":{"num":"1A","lote":"B.21-P.2","bloque":"B.21"},"geometry":{"type":"Point","coordinates":[-72.972968,4.456608]}},{"type":"Feature","properties":{"num":"2A","lote":"B.21-P.14","bloque":"B.21"},"geometry":{"type":"Point","coordinates":[-72.971846,4.461103]}},{"type":"Feature","properties":{"num":"3A"},"geometry":{"type":"Point","coordinates":[-72.977264,4.460272]}},{"type":"Feature","properties":{"num":"9A"},"geometry":{"type":"Point","coordinates":[-72.951154,4.409109]}},{"type":"Feature","properties":{"num":"2A","lote":"B.12-P.2","bloque":"B.12"},"geometry":{"type":"Point","coordinates":[-72.990834,4.440804]}},{"type":"Feature","properties":{"num":"3A","lote":"B.323-P.11 (R.)","bloque":"B.323"},"geometry":{"type":"Point","coordinates":[-72.979132,4.476543]}},{"type":"Feature","properties":{"num":"3A","lote":"B.31-P.16","bloque":"B.31"},"geometry":{"type":"Point","coordinates":[-73.094188,4.423445]}},{"type":"Feature","properties":{"num":"22A","lote":"B.31-P.13","bloque":"B.31"},"geometry":{"type":"Point","coordinates":[-73.077892,4.428418]}},{"type":"Feature","properties":{"num":"6A","lote":"B.31-P.17","bloque":"B.31"},"geometry":{"type":"Point","coordinates":[-73.089832,4.419262]}},{"type":"Feature","properties":{"num":"25A","lote":"B.31-P.10","bloque":"B.31"},"geometry":{"type":"Point","coordinates":[-73.065892,4.422785]}},{"type":"Feature","properties":{"num":"33A"},"geometry":{"type":"Point","coordinates":[-73.10269,4.409087]}},{"type":"Feature","properties":{"num":"34A","lote":"B.31-P.9","bloque":"B.31"},"geometry":{"type":"Point","coordinates":[-73.054986,4.418472]}},{"type":"Feature","properties":{"lote":"B.339-P.3","bloque":"B.339"},"geometry":{"type":"Point","coordinates":[-73.061766,4.396556]}},{"type":"Feature","properties":{"num":"63A","lote":"B.339-P.11","bloque":"B.339"},"geometry":{"type":"Point","coordinates":[-73.037506,4.401078]}},{"type":"Feature","properties":{"num":"68A","lote":"B.339-P.13","bloque":"B.339"},"geometry":{"type":"Point","coordinates":[-73.036359,4.3955]}},{"type":"Feature","properties":{"num":"67A","lote":"B.339-P.13","bloque":"B.339"},"geometry":{"type":"Point","coordinates":[-73.025887,4.394026]}},{"type":"Feature","properties":{"num":"9CON10","lote":"B.339-P.10","bloque":"B.339"},"geometry":{"type":"Point","coordinates":[-73.046377,4.393776]}},{"type":"Feature","properties":{"num":"34","lote":"B.20-P.17","bloque":"B.20"},"geometry":{"type":"Point","coordinates":[-72.951685,4.519813]}},{"type":"Feature","properties":{"num":"1","lote":"B.1-P.1 (R)","bloque":"B.1"},"geometry":{"type":"Point","coordinates":[-72.974092,4.518367]}},{"type":"Feature","properties":{"num":"3","lote":"B.1-P.1 (R)","bloque":"B.1"},"geometry":{"type":"Point","coordinates":[-72.97388,4.51379]}},{"type":"Feature","properties":{"num":"2","lote":"B.1-P.1 (R)","bloque":"B.1"},"geometry":{"type":"Point","coordinates":[-72.973956,4.516328]}},{"type":"Feature","properties":{"num":"6","lote":"B.1-P.2 (R)","bloque":"B.1"},"geometry":{"type":"Point","coordinates":[-72.970449,4.517323]}},{"type":"Feature","properties":{"num":"5","lote":"B.1-P.2 (R)","bloque":"B.1"},"geometry":{"type":"Point","coordinates":[-72.970313,4.515564]}},{"type":"Feature","properties":{"num":"4","lote":"B.1-P.2 (R)","bloque":"B.1"},"geometry":{"type":"Point","coordinates":[-72.970157,4.512705]}},{"type":"Feature","properties":{"num":"16","lote":"B.14-P.17","bloque":"B.14"},"geometry":{"type":"Point","coordinates":[-72.973137,4.531737]}},{"type":"Feature","properties":{"num":"13A","lote":"B.14-P.17","bloque":"B.14"},"geometry":{"type":"Point","coordinates":[-72.97327,4.536274]}},{"type":"Feature","properties":{"num":"7","lote":"B.14-P.3","bloque":"B.14"},"geometry":{"type":"Point","coordinates":[-72.983339,4.527814]}},{"type":"Feature","properties":{"num":"5","lote":"B.14-P.5","bloque":"B.14"},"geometry":{"type":"Point","coordinates":[-72.983183,4.525656]}},{"type":"Feature","properties":{"num":"3","lote":"B.14-P.5","bloque":"B.14"},"geometry":{"type":"Point","coordinates":[-72.982867,4.523757]}},{"type":"Feature","properties":{"num":"1","lote":"B.14-P.6","bloque":"B.14"},"geometry":{"type":"Point","coordinates":[-72.982492,4.521777]}},{"type":"Feature","properties":{"num":"13"},"geometry":{"type":"Point","coordinates":[-72.978674,4.503864]}},{"type":"Feature","properties":{"num":"13A","lote":"B.3-P.7","bloque":"B.3"},"geometry":{"type":"Point","coordinates":[-72.976147,4.502581]}},{"type":"Feature","properties":{"num":"12","lote":"B.3-P.9","bloque":"B.3"},"geometry":{"type":"Point","coordinates":[-72.979355,4.501187]}},{"type":"Feature","properties":{"num":"12A","lote":"B.3-P.6","bloque":"B.3"},"geometry":{"type":"Point","coordinates":[-72.976987,4.500144]}},{"type":"Feature","properties":{"num":"9","lote":"B.3-P.9","bloque":"B.3"},"geometry":{"type":"Point","coordinates":[-72.978842,4.498228]}},{"type":"Feature","properties":{"num":"10","lote":"B.3-P.4","bloque":"B.3"},"geometry":{"type":"Point","coordinates":[-72.978626,4.495809]}},{"type":"Feature","properties":{"num":"11A","lote":"B.3-P.4","bloque":"B.3"},"geometry":{"type":"Point","coordinates":[-72.980659,4.494533]}},{"type":"Feature","properties":{"num":"11","lote":"B.3-P.4","bloque":"B.3"},"geometry":{"type":"Point","coordinates":[-72.980525,4.490796]}},{"type":"Feature","properties":{"num":"8","lote":"B.3-P.3","bloque":"B.3"},"geometry":{"type":"Point","coordinates":[-72.977234,4.494368]}},{"type":"Feature","properties":{"num":"7","lote":"B.3-P.3","bloque":"B.3"},"geometry":{"type":"Point","coordinates":[-72.977099,4.49139]}},{"type":"Feature","properties":{"num":"6","lote":"B.3-P.3","bloque":"B.3"},"geometry":{"type":"Point","coordinates":[-72.977023,4.489072]}},{"type":"Feature","properties":{"num":"2","lote":"B.3-P.1","bloque":"B.3"},"geometry":{"type":"Point","coordinates":[-72.976714,4.482715]}},{"type":"Feature","properties":{"num":"1","lote":"B.3-P.1","bloque":"B.3"},"geometry":{"type":"Point","coordinates":[-72.974302,4.483891]}},{"type":"Feature","properties":{"num":"4","lote":"B.3-P.1","bloque":"B.3"},"geometry":{"type":"Point","coordinates":[-72.974457,4.487209]}},{"type":"Feature","properties":{"num":"5","lote":"B.3-P.2","bloque":"B.3"},"geometry":{"type":"Point","coordinates":[-72.972606,4.486147]}},{"type":"Feature","properties":{"num":"3","lote":"B.3-P.3","bloque":"B.3"},"geometry":{"type":"Point","coordinates":[-72.976907,4.486513]}},{"type":"Feature","properties":{"num":"8","lote":"B.2-P.6","bloque":"B.2"},"geometry":{"type":"Point","coordinates":[-72.969462,4.498114]}},{"type":"Feature","properties":{"num":"13","lote":"B.2-P.7","bloque":"B.2"},"geometry":{"type":"Point","coordinates":[-72.969851,4.504431]}},{"type":"Feature","properties":{"num":"11","lote":"B.2-P.5","bloque":"B.2"},"geometry":{"type":"Point","coordinates":[-72.972951,4.495721]}},{"type":"Feature","properties":{"num":"10","lote":"B.2-P.5","bloque":"B.2"},"geometry":{"type":"Point","coordinates":[-72.972834,4.493582]}},{"type":"Feature","properties":{"num":"16","lote":"B.90-P.602 (R.)","bloque":"B.90"},"geometry":{"type":"Point","coordinates":[-72.952812,4.498969]}},{"type":"Feature","properties":{"num":"17","lote":"B.90-P.603 (R.)","bloque":"B.90"},"geometry":{"type":"Point","coordinates":[-72.953094,4.496392]}},{"type":"Feature","properties":{"num":"18","lote":"B.90-P.603 (R.)","bloque":"B.90"},"geometry":{"type":"Point","coordinates":[-72.953477,4.493854]}},{"type":"Feature","properties":{"num":"19","lote":"B.90-P.603 (R.)","bloque":"B.90"},"geometry":{"type":"Point","coordinates":[-72.954497,4.490498]}},{"type":"Feature","properties":{"num":"20","lote":"Manantial (R.)"},"geometry":{"type":"Point","coordinates":[-72.954381,4.488159]}},{"type":"Feature","properties":{"num":"21","lote":"Manantial (R.)"},"geometry":{"type":"Point","coordinates":[-72.954923,4.485602]}},{"type":"Feature","properties":{"num":"8","lote":"B.90-P.595 (R.)","bloque":"B.90"},"geometry":{"type":"Point","coordinates":[-72.954348,4.483882]}},{"type":"Feature","properties":{"num":"5","lote":"B.90-P.595 (R.)","bloque":"B.90"},"geometry":{"type":"Point","coordinates":[-72.954333,4.480604]}},{"type":"Feature","properties":{"num":"4","lote":"B.90-P.594 (R.)","bloque":"B.90"},"geometry":{"type":"Point","coordinates":[-72.953837,4.479344]}},{"type":"Feature","properties":{"num":"9","lote":"B.90-P.596 (R.)","bloque":"B.90"},"geometry":{"type":"Point","coordinates":[-72.956804,4.479629]}},{"type":"Feature","properties":{"num":"10"},"geometry":{"type":"Point","coordinates":[-72.958035,4.481529]}},{"type":"Feature","properties":{"num":"11","lote":"B.90-P.601 (R.)","bloque":"B.90"},"geometry":{"type":"Point","coordinates":[-72.959903,4.48465]}},{"type":"Feature","properties":{"num":"12","lote":"B.90-P.601 (R.)","bloque":"B.90"},"geometry":{"type":"Point","coordinates":[-72.95938,4.488087]}},{"type":"Feature","properties":{"num":"13","lote":"B.90-P.602 (R.)","bloque":"B.90"},"geometry":{"type":"Point","coordinates":[-72.959019,4.489805]}},{"type":"Feature","properties":{"num":"14","lote":"B.90-P.602 (R.)","bloque":"B.90"},"geometry":{"type":"Point","coordinates":[-72.958737,4.491723]}},{"type":"Feature","properties":{"num":"1","lote":"B.90-P.607 (R.)","bloque":"B.90"},"geometry":{"type":"Point","coordinates":[-72.951081,4.470746]}},{"type":"Feature","properties":{"num":"3","lote":"B.90-P.591 (R.)","bloque":"B.90"},"geometry":{"type":"Point","coordinates":[-72.950916,4.474903]}},{"type":"Feature","properties":{"num":"6","lote":"B.90-P.594 (R.)","bloque":"B.90"},"geometry":{"type":"Point","coordinates":[-72.951941,4.4816]}},{"type":"Feature","properties":{"num":"7","lote":"Manantial (R.)"},"geometry":{"type":"Point","coordinates":[-72.95606,4.484224]}},{"type":"Feature","properties":{"num":"44"},"geometry":{"type":"Point","coordinates":[-72.962376,4.481935]}},{"type":"Feature","properties":{"num":"24","lote":"B.90-P.592 (R.)","bloque":"B.90"},"geometry":{"type":"Point","coordinates":[-72.958225,4.474314]}},{"type":"Feature","properties":{"num":"27","lote":"B.90-P.592 (R.)","bloque":"B.90"},"geometry":{"type":"Point","coordinates":[-72.958887,4.471097]}},{"type":"Feature","properties":{"num":"26","lote":"B.90-P.592 (R.)","bloque":"B.90"},"geometry":{"type":"Point","coordinates":[-72.958854,4.46698]}},{"type":"Feature","properties":{"num":"22","lote":"Sorgo (R.) 2"},"geometry":{"type":"Point","coordinates":[-72.964101,4.473943]}},{"type":"Feature","properties":{"num":"23","lote":"Sorgo (R.) 2"},"geometry":{"type":"Point","coordinates":[-72.962811,4.470983]}},{"type":"Feature","properties":{"num":"42","lote":"B.90-P.604 (R.)","bloque":"B.90"},"geometry":{"type":"Point","coordinates":[-72.968003,4.474209]}},{"type":"Feature","properties":{"num":"39","lote":"B.90-P.606 (R.)","bloque":"B.90"},"geometry":{"type":"Point","coordinates":[-72.970411,4.475711]}},{"type":"Feature","properties":{"num":"40A","lote":"Chiguiros 3 (R.)"},"geometry":{"type":"Point","coordinates":[-72.972339,4.477932]}},{"type":"Feature","properties":{"num":"43","lote":"Matapalo 2 (R.)"},"geometry":{"type":"Point","coordinates":[-72.964612,4.478261]}},{"type":"Feature","properties":{"num":"46","lote":"Matapalo 2 (R.)"},"geometry":{"type":"Point","coordinates":[-72.962284,4.477038]}},{"type":"Feature","properties":{"num":"40","lote":"B.90-P.604 (R.)","bloque":"B.90"},"geometry":{"type":"Point","coordinates":[-72.967797,4.478985]}},{"type":"Feature","properties":{"num":"50A","lote":"Chiguiros 1 (R.)"},"geometry":{"type":"Point","coordinates":[-72.970735,4.472274]}},{"type":"Feature","properties":{"num":"50","lote":"Chiguiros 1 (R.)"},"geometry":{"type":"Point","coordinates":[-72.971728,4.474054]}},{"type":"Feature","properties":{"num":"51","lote":"Chiguiros 3 (R.)"},"geometry":{"type":"Point","coordinates":[-72.973177,4.476894]}},{"type":"Feature","properties":{"num":"52","lote":"Chiguiros 3 (R.)"},"geometry":{"type":"Point","coordinates":[-72.975027,4.478376]}},{"type":"Feature","properties":{"num":"38","lote":"B.90-P.606 (R.)","bloque":"B.90"},"geometry":{"type":"Point","coordinates":[-72.969937,4.473272]}},{"type":"Feature","properties":{"num":"32","lote":"B.9-P.4 (R.)","bloque":"B.9"},"geometry":{"type":"Point","coordinates":[-72.968288,4.470052]}},{"type":"Feature","properties":{"num":"31"},"geometry":{"type":"Point","coordinates":[-72.967212,4.47103]}},{"type":"Feature","properties":{"num":"29"},"geometry":{"type":"Point","coordinates":[-72.964172,4.466189]}},{"type":"Feature","properties":{"num":"28"},"geometry":{"type":"Point","coordinates":[-72.962423,4.463468]}},{"type":"Feature","properties":{"num":"28A","lote":"B.9-P.5 (R.)","bloque":"B.9"},"geometry":{"type":"Point","coordinates":[-72.964179,4.461492]}},{"type":"Feature","properties":{"num":"35","lote":"B.9-P.4 (R.)","bloque":"B.9"},"geometry":{"type":"Point","coordinates":[-72.968737,4.462937]}},{"type":"Feature","properties":{"num":"36","lote":"B.9-P.4 (R.)","bloque":"B.9"},"geometry":{"type":"Point","coordinates":[-72.968726,4.456802]}},{"type":"Feature","properties":{"num":"33","lote":"B.9-P.4 (R.)","bloque":"B.9"},"geometry":{"type":"Point","coordinates":[-72.968153,4.467573]}},{"type":"Feature","properties":{"num":"34","lote":"B.9-P.4 (R.)","bloque":"B.9"},"geometry":{"type":"Point","coordinates":[-72.967997,4.465315]}},{"type":"Feature","properties":{"num":"11A","lote":"B.4-P.9 (R. P.2)","bloque":"B.4"},"geometry":{"type":"Point","coordinates":[-72.983374,4.49058]}},{"type":"Feature","properties":{"num":"27A","lote":"B.4-P.6 (R.)","bloque":"B.4"},"geometry":{"type":"Point","coordinates":[-72.984514,4.514165]}},{"type":"Feature","properties":{"num":"26A","lote":"B.4-P.5 (R.)","bloque":"B.4"},"geometry":{"type":"Point","coordinates":[-72.987124,4.513889]}},{"type":"Feature","properties":{"num":"7A","lote":"B.325-P.2","bloque":"B.325"},"geometry":{"type":"Point","coordinates":[-72.96077,4.504237]}},{"type":"Feature","properties":{"num":"2","lote":"B.343-P.1","bloque":"B.343"},"geometry":{"type":"Point","coordinates":[-72.958192,4.550782]}},{"type":"Feature","properties":{"num":"1","lote":"B.343-P.1","bloque":"B.343"},"geometry":{"type":"Point","coordinates":[-72.959459,4.55536]}},{"type":"Feature","properties":{"num":"9","lote":"B.2-P.2","bloque":"B.2"},"geometry":{"type":"Point","coordinates":[-72.972738,4.491604]}},{"type":"Feature","properties":{"num":"9A","lote":"B.2-P.2","bloque":"B.2"},"geometry":{"type":"Point","coordinates":[-72.972875,4.492703]}},{"type":"Feature","properties":{"num":"11A","lote":"B.2-P.5","bloque":"B.2"},"geometry":{"type":"Point","coordinates":[-72.970896,4.497697]}},{"type":"Feature","properties":{"num":"5","lote":"B.2-P.2","bloque":"B.2"},"geometry":{"type":"Point","coordinates":[-72.969098,4.488001]}},{"type":"Feature","properties":{"num":"5A","lote":"B.2-P.2","bloque":"B.2"},"geometry":{"type":"Point","coordinates":[-72.97037,4.490381]}},{"type":"Feature","properties":{"num":"2","lote":"B.2-P.1","bloque":"B.2"},"geometry":{"type":"Point","coordinates":[-72.968903,4.485522]}},{"type":"Feature","properties":{"num":"1","lote":"B.2-P.1","bloque":"B.2"},"geometry":{"type":"Point","coordinates":[-72.971253,4.485586]}},{"type":"Feature","properties":{"num":"3A","lote":"B.2-P.3","bloque":"B.2"},"geometry":{"type":"Point","coordinates":[-72.968172,4.494775]}},{"type":"Feature","properties":{"num":"3","lote":"B.2-P.3","bloque":"B.2"},"geometry":{"type":"Point","coordinates":[-72.968156,4.492716]}},{"type":"Feature","properties":{"num":"4","lote":"B.2-P.6","bloque":"B.2"},"geometry":{"type":"Point","coordinates":[-72.967568,4.499211]}},{"type":"Feature","properties":{"num":"5A","lote":"B.327-P.2","bloque":"B.327"},"geometry":{"type":"Point","coordinates":[-72.943936,4.455007]}},{"type":"Feature","properties":{"num":"9A","lote":"B.327-P.3","bloque":"B.327"},"geometry":{"type":"Point","coordinates":[-72.943922,4.45103]}},{"type":"Feature","properties":{"num":"42A"},"geometry":{"type":"Point","coordinates":[-72.914161,4.444711]}},{"type":"Feature","properties":{"num":"53A","lote":"B.336-P.14","bloque":"B.336"},"geometry":{"type":"Point","coordinates":[-72.912728,4.430858]}},{"type":"Feature","properties":{"num":"52","lote":"B.336-P.13","bloque":"B.336"},"geometry":{"type":"Point","coordinates":[-72.907732,4.429632]}},{"type":"Feature","properties":{"num":"57B","lote":"B.336-P.13","bloque":"B.336"},"geometry":{"type":"Point","coordinates":[-72.910745,4.425819]}},{"type":"Feature","properties":{"num":"57A","lote":"B.336-P.13","bloque":"B.336"},"geometry":{"type":"Point","coordinates":[-72.908731,4.427055]}},{"type":"Feature","properties":{"num":"58A","lote":"B.336-P.7","bloque":"B.336"},"geometry":{"type":"Point","coordinates":[-72.904612,4.425311]}},{"type":"Feature","properties":{"num":"35A","lote":"B.329-P.32","bloque":"B.329"},"geometry":{"type":"Point","coordinates":[-72.905134,4.396991]}},{"type":"Feature","properties":{"num":"66A","lote":"B.334-P.15","bloque":"B.334"},"geometry":{"type":"Point","coordinates":[-72.899802,4.394366]}},{"type":"Feature","properties":{"num":"49B","lote":"B.330-P.2","bloque":"B.330"},"geometry":{"type":"Point","coordinates":[-72.896572,4.383988]}},{"type":"Feature","properties":{"num":"40A","lote":"B.336-P.19","bloque":"B.336"},"geometry":{"type":"Point","coordinates":[-72.926695,4.439153]}}]}