{"type":"FeatureCollection","features":[{"type":"Feature","properties":{"linea":"19-1-1","palmas":3},"geometry":{"type":"LineString","coordinates":[[-72.999843,4.513069],[-72.999844,4.512907]]}},{"type":"Feature","properties":{"linea":"19-1-10","palmas":7},"geometry":{"type":"LineString","coordinates":[[-73.000475,4.51303],[-73.000476,4.512541]]}},{"type":"Feature","properties":{"linea":"19-1-100","palmas":27},"geometry":{"type":"LineString","coordinates":[[-73.001039,4.511891],[-73.001042,4.509776]]}},{"type":"Feature","properties":{"linea":"19-1-101","palmas":27},"geometry":{"type":"LineString","coordinates":[[-73.001109,4.511851],[-73.001112,4.509735]]}},{"type":"Feature","properties":{"linea":"19-1-102","palmas":27},"geometry":{"type":"LineString","coordinates":[[-73.001179,4.511729],[-73.001182,4.509613]]}},{"type":"Feature","properties":{"linea":"19-1-103","palmas":27},"geometry":{"type":"LineString","coordinates":[[-73.00125,4.511688],[-73.001253,4.509572]]}},{"type":"Feature","properties":{"linea":"19-1-104","palmas":27},"geometry":{"type":"LineString","coordinates":[[-73.00132,4.511648],[-73.001323,4.509532]]}},{"type":"Feature","properties":{"linea":"19-1-105","palmas":26},"geometry":{"type":"LineString","coordinates":[[-73.001391,4.511526],[-73.001393,4.509491]]}},{"type":"Feature","properties":{"linea":"19-1-106","palmas":25},"geometry":{"type":"LineString","coordinates":[[-73.001461,4.511485],[-73.001464,4.509532]]}},{"type":"Feature","properties":{"linea":"19-1-107","palmas":23},"geometry":{"type":"LineString","coordinates":[[-73.001531,4.511363],[-73.001534,4.509573]]}},{"type":"Feature","properties":{"linea":"19-1-108","palmas":22},"geometry":{"type":"LineString","coordinates":[[-73.001601,4.511323],[-73.001604,4.509614]]}},{"type":"Feature","properties":{"linea":"19-1-109","palmas":20},"geometry":{"type":"LineString","coordinates":[[-73.001672,4.511201],[-73.001674,4.509654]]}},{"type":"Feature","properties":{"linea":"19-1-11","palmas":8},"geometry":{"type":"LineString","coordinates":[[-73.000546,4.512989],[-73.000546,4.512419]]}},{"type":"Feature","properties":{"linea":"19-1-110","palmas":20},"geometry":{"type":"LineString","coordinates":[[-73.001742,4.51116],[-73.001744,4.509614]]}},{"type":"Feature","properties":{"linea":"19-1-111","palmas":20},"geometry":{"type":"LineString","coordinates":[[-73.001812,4.511119],[-73.001815,4.509573]]}},{"type":"Feature","properties":{"linea":"19-1-112","palmas":18},"geometry":{"type":"LineString","coordinates":[[-73.001883,4.510998],[-73.001885,4.509614]]}},{"type":"Feature","properties":{"linea":"19-1-113","palmas":18},"geometry":{"type":"LineString","coordinates":[[-73.001953,4.510957],[-73.001955,4.509574]]}},{"type":"Feature","properties":{"linea":"19-1-114","palmas":18},"geometry":{"type":"LineString","coordinates":[[-73.002023,4.510916],[-73.002025,4.509533]]}},{"type":"Feature","properties":{"linea":"19-1-115","palmas":17},"geometry":{"type":"LineString","coordinates":[[-73.002094,4.510794],[-73.002096,4.509493]]}},{"type":"Feature","properties":{"linea":"19-1-116","palmas":17},"geometry":{"type":"LineString","coordinates":[[-73.002164,4.510754],[-73.002166,4.509452]]}},{"type":"Feature","properties":{"linea":"19-1-117","palmas":15},"geometry":{"type":"LineString","coordinates":[[-73.002234,4.510632],[-73.002236,4.509493]]}},{"type":"Feature","properties":{"linea":"19-1-118","palmas":15},"geometry":{"type":"LineString","coordinates":[[-73.002305,4.51051],[-73.002306,4.509371]]}},{"type":"Feature","properties":{"linea":"19-1-119","palmas":15},"geometry":{"type":"LineString","coordinates":[[-73.002375,4.510469],[-73.002377,4.50933]]}},{"type":"Feature","properties":{"linea":"19-1-12","palmas":8},"geometry":{"type":"LineString","coordinates":[[-73.000616,4.512949],[-73.000617,4.512379]]}},{"type":"Feature","properties":{"linea":"19-1-120","palmas":14},"geometry":{"type":"LineString","coordinates":[[-73.002446,4.510347],[-73.002447,4.509289]]}},{"type":"Feature","properties":{"linea":"19-1-121","palmas":13},"geometry":{"type":"LineString","coordinates":[[-73.002516,4.510225],[-73.002517,4.509249]]}},{"type":"Feature","properties":{"linea":"19-1-122","palmas":14},"geometry":{"type":"LineString","coordinates":[[-73.002586,4.510185],[-73.002588,4.509127]]}},{"type":"Feature","properties":{"linea":"19-1-123","palmas":13},"geometry":{"type":"LineString","coordinates":[[-73.002656,4.510063],[-73.002658,4.509086]]}},{"type":"Feature","properties":{"linea":"19-1-124","palmas":13},"geometry":{"type":"LineString","coordinates":[[-73.002727,4.509941],[-73.002728,4.508964]]}},{"type":"Feature","properties":{"linea":"19-1-125","palmas":14},"geometry":{"type":"LineString","coordinates":[[-73.002797,4.5099],[-73.002799,4.508843]]}},{"type":"Feature","properties":{"linea":"19-1-126","palmas":13},"geometry":{"type":"LineString","coordinates":[[-73.002867,4.509778],[-73.002869,4.508802]]}},{"type":"Feature","properties":{"linea":"19-1-127","palmas":11},"geometry":{"type":"LineString","coordinates":[[-73.002938,4.509575],[-73.002939,4.508761]]}},{"type":"Feature","properties":{"linea":"19-1-128","palmas":9},"geometry":{"type":"LineString","coordinates":[[-73.003009,4.509209],[-73.00301,4.508558]]}},{"type":"Feature","properties":{"linea":"19-1-129","palmas":6},"geometry":{"type":"LineString","coordinates":[[-73.003079,4.508924],[-73.00308,4.508517]]}},{"type":"Feature","properties":{"linea":"19-1-13","palmas":9},"geometry":{"type":"LineString","coordinates":[[-73.000686,4.512989],[-73.000687,4.512338]]}},{"type":"Feature","properties":{"linea":"19-1-130","palmas":3},"geometry":{"type":"LineString","coordinates":[[-73.00315,4.508639],[-73.00315,4.508477]]}},{"type":"Feature","properties":{"linea":"19-1-14","palmas":9},"geometry":{"type":"LineString","coordinates":[[-73.000756,4.512949],[-73.000757,4.512298]]}},{"type":"Feature","properties":{"linea":"19-1-15","palmas":10},"geometry":{"type":"LineString","coordinates":[[-73.000826,4.512989],[-73.000827,4.512257]]}},{"type":"Feature","properties":{"linea":"19-1-16","palmas":11},"geometry":{"type":"LineString","coordinates":[[-73.000897,4.512949],[-73.000898,4.512135]]}},{"type":"Feature","properties":{"linea":"19-1-17","palmas":12},"geometry":{"type":"LineString","coordinates":[[-73.000967,4.51299],[-73.000968,4.512095]]}},{"type":"Feature","properties":{"linea":"19-1-18","palmas":12},"geometry":{"type":"LineString","coordinates":[[-73.001037,4.512949],[-73.001039,4.512054]]}},{"type":"Feature","properties":{"linea":"19-1-19","palmas":13},"geometry":{"type":"LineString","coordinates":[[-73.001108,4.512909],[-73.001109,4.511932]]}},{"type":"Feature","properties":{"linea":"19-1-2","palmas":4},"geometry":{"type":"LineString","coordinates":[[-72.999914,4.51311],[-72.999914,4.512866]]}},{"type":"Feature","properties":{"linea":"19-1-20","palmas":14},"geometry":{"type":"LineString","coordinates":[[-73.001178,4.512949],[-73.001179,4.511892]]}},{"type":"Feature","properties":{"linea":"19-1-21","palmas":14},"geometry":{"type":"LineString","coordinates":[[-73.001248,4.512909],[-73.001249,4.511851]]}},{"type":"Feature","properties":{"linea":"19-1-22","palmas":15},"geometry":{"type":"LineString","coordinates":[[-73.001318,4.51295],[-73.00132,4.51181]]}},{"type":"Feature","properties":{"linea":"19-1-23","palmas":16},"geometry":{"type":"LineString","coordinates":[[-73.001388,4.512909],[-73.00139,4.511688]]}},{"type":"Feature","properties":{"linea":"19-1-24","palmas":16},"geometry":{"type":"LineString","coordinates":[[-73.001459,4.512868],[-73.001461,4.511648]]}},{"type":"Feature","properties":{"linea":"19-1-25","palmas":17},"geometry":{"type":"LineString","coordinates":[[-73.001529,4.512909],[-73.001531,4.511607]]}},{"type":"Feature","properties":{"linea":"19-1-26","palmas":18},"geometry":{"type":"LineString","coordinates":[[-73.001599,4.512869],[-73.001601,4.511485]]}},{"type":"Feature","properties":{"linea":"19-1-27","palmas":18},"geometry":{"type":"LineString","coordinates":[[-73.001669,4.512828],[-73.001671,4.511445]]}},{"type":"Feature","properties":{"linea":"19-1-28","palmas":19},"geometry":{"type":"LineString","coordinates":[[-73.001739,4.512869],[-73.001742,4.511404]]}},{"type":"Feature","properties":{"linea":"19-1-29","palmas":19},"geometry":{"type":"LineString","coordinates":[[-73.00181,4.512828],[-73.001812,4.511364]]}},{"type":"Feature","properties":{"linea":"19-1-3","palmas":4},"geometry":{"type":"LineString","coordinates":[[-72.999984,4.51307],[-72.999984,4.512826]]}},{"type":"Feature","properties":{"linea":"19-1-30","palmas":19},"geometry":{"type":"LineString","coordinates":[[-73.00188,4.512869],[-73.001882,4.511404]]}},{"type":"Feature","properties":{"linea":"19-1-31","palmas":19},"geometry":{"type":"LineString","coordinates":[[-73.00195,4.512829],[-73.001953,4.511364]]}},{"type":"Feature","properties":{"linea":"19-1-32","palmas":19},"geometry":{"type":"LineString","coordinates":[[-73.00202,4.512869],[-73.002022,4.511404]]}},{"type":"Feature","properties":{"linea":"19-1-33","palmas":19},"geometry":{"type":"LineString","coordinates":[[-73.002091,4.512829],[-73.002093,4.511364]]}},{"type":"Feature","properties":{"linea":"19-1-34","palmas":18},"geometry":{"type":"LineString","coordinates":[[-73.002161,4.512788],[-73.002163,4.511405]]}},{"type":"Feature","properties":{"linea":"19-1-35","palmas":19},"geometry":{"type":"LineString","coordinates":[[-73.002231,4.512829],[-73.002233,4.511364]]}},{"type":"Feature","properties":{"linea":"19-1-36","palmas":18},"geometry":{"type":"LineString","coordinates":[[-73.002301,4.512788],[-73.002303,4.511405]]}},{"type":"Feature","properties":{"linea":"19-1-37","palmas":19},"geometry":{"type":"LineString","coordinates":[[-73.002372,4.512829],[-73.002374,4.511364]]}},{"type":"Feature","properties":{"linea":"19-1-38","palmas":18},"geometry":{"type":"LineString","coordinates":[[-73.002442,4.512789],[-73.002444,4.511405]]}},{"type":"Feature","properties":{"linea":"19-1-39","palmas":18},"geometry":{"type":"LineString","coordinates":[[-73.002512,4.512748],[-73.002514,4.511365]]}},{"type":"Feature","properties":{"linea":"19-1-4","palmas":4},"geometry":{"type":"LineString","coordinates":[[-73.000054,4.513029],[-73.000054,4.512785]]}},{"type":"Feature","properties":{"linea":"19-1-40","palmas":18},"geometry":{"type":"LineString","coordinates":[[-73.002582,4.512789],[-73.002584,4.511405]]}},{"type":"Feature","properties":{"linea":"19-1-41","palmas":18},"geometry":{"type":"LineString","coordinates":[[-73.002652,4.512748],[-73.002655,4.511365]]}},{"type":"Feature","properties":{"linea":"19-1-42","palmas":18},"geometry":{"type":"LineString","coordinates":[[-73.002723,4.512789],[-73.002725,4.511406]]}},{"type":"Feature","properties":{"linea":"19-1-43","palmas":18},"geometry":{"type":"LineString","coordinates":[[-73.002793,4.512748],[-73.002795,4.511365]]}},{"type":"Feature","properties":{"linea":"19-1-44","palmas":17},"geometry":{"type":"LineString","coordinates":[[-73.002863,4.512708],[-73.002865,4.511406]]}},{"type":"Feature","properties":{"linea":"19-1-45","palmas":18},"geometry":{"type":"LineString","coordinates":[[-73.002933,4.512749],[-73.002936,4.511365]]}},{"type":"Feature","properties":{"linea":"19-1-46","palmas":17},"geometry":{"type":"LineString","coordinates":[[-73.003004,4.512708],[-73.003006,4.511406]]}},{"type":"Feature","properties":{"linea":"19-1-47","palmas":18},"geometry":{"type":"LineString","coordinates":[[-73.003074,4.512749],[-73.003076,4.511366]]}},{"type":"Feature","properties":{"linea":"19-1-48","palmas":17},"geometry":{"type":"LineString","coordinates":[[-73.003144,4.512708],[-73.003146,4.511406]]}},{"type":"Feature","properties":{"linea":"19-1-49","palmas":17},"geometry":{"type":"LineString","coordinates":[[-73.003214,4.512668],[-73.003216,4.511366]]}},{"type":"Feature","properties":{"linea":"19-1-5","palmas":5},"geometry":{"type":"LineString","coordinates":[[-73.000124,4.51307],[-73.000125,4.512744]]}},{"type":"Feature","properties":{"linea":"19-1-50","palmas":17},"geometry":{"type":"LineString","coordinates":[[-73.003284,4.512708],[-73.003286,4.511406]]}},{"type":"Feature","properties":{"linea":"19-1-51","palmas":17},"geometry":{"type":"LineString","coordinates":[[-73.003355,4.512668],[-73.003357,4.511366]]}},{"type":"Feature","properties":{"linea":"19-1-52","palmas":17},"geometry":{"type":"LineString","coordinates":[[-73.003425,4.512709],[-73.003427,4.511407]]}},{"type":"Feature","properties":{"linea":"19-1-53","palmas":17},"geometry":{"type":"LineString","coordinates":[[-73.003495,4.512668],[-73.003497,4.511366]]}},{"type":"Feature","properties":{"linea":"19-1-54","palmas":17},"geometry":{"type":"LineString","coordinates":[[-73.003566,4.512709],[-73.003567,4.511407]]}},{"type":"Feature","properties":{"linea":"19-1-55","palmas":17},"geometry":{"type":"LineString","coordinates":[[-73.003636,4.512668],[-73.003637,4.511366]]}},{"type":"Feature","properties":{"linea":"19-1-56","palmas":16},"geometry":{"type":"LineString","coordinates":[[-73.003706,4.512628],[-73.003708,4.511407]]}},{"type":"Feature","properties":{"linea":"19-1-57","palmas":17},"geometry":{"type":"LineString","coordinates":[[-73.003776,4.512668],[-73.003778,4.511366]]}},{"type":"Feature","properties":{"linea":"19-1-58","palmas":16},"geometry":{"type":"LineString","coordinates":[[-73.003846,4.512628],[-73.003848,4.511407]]}},{"type":"Feature","properties":{"linea":"19-1-59","palmas":16},"geometry":{"type":"LineString","coordinates":[[-73.003917,4.512587],[-73.003919,4.511367]]}},{"type":"Feature","properties":{"linea":"19-1-6","palmas":5},"geometry":{"type":"LineString","coordinates":[[-73.000194,4.513029],[-73.000195,4.512704]]}},{"type":"Feature","properties":{"linea":"19-1-60","palmas":16},"geometry":{"type":"LineString","coordinates":[[-73.003987,4.512628],[-73.003989,4.511407]]}},{"type":"Feature","properties":{"linea":"19-1-61","palmas":16},"geometry":{"type":"LineString","coordinates":[[-73.004057,4.512588],[-73.004059,4.511367]]}},{"type":"Feature","properties":{"linea":"19-1-62","palmas":16},"geometry":{"type":"LineString","coordinates":[[-73.004127,4.512628],[-73.004129,4.511408]]}},{"type":"Feature","properties":{"linea":"19-1-63","palmas":16},"geometry":{"type":"LineString","coordinates":[[-73.004198,4.512588],[-73.004199,4.511367]]}},{"type":"Feature","properties":{"linea":"19-1-64","palmas":15},"geometry":{"type":"LineString","coordinates":[[-73.004268,4.512547],[-73.004269,4.511408]]}},{"type":"Feature","properties":{"linea":"19-1-65","palmas":16},"geometry":{"type":"LineString","coordinates":[[-73.004338,4.512588],[-73.00434,4.511367]]}},{"type":"Feature","properties":{"linea":"19-1-66","palmas":15},"geometry":{"type":"LineString","coordinates":[[-73.004408,4.512547],[-73.00441,4.511408]]}},{"type":"Feature","properties":{"linea":"19-1-67","palmas":15},"geometry":{"type":"LineString","coordinates":[[-73.004479,4.512507],[-73.00448,4.511368]]}},{"type":"Feature","properties":{"linea":"19-1-68","palmas":13},"geometry":{"type":"LineString","coordinates":[[-73.004549,4.512385],[-73.00455,4.511408]]}},{"type":"Feature","properties":{"linea":"19-1-69","palmas":12},"geometry":{"type":"LineString","coordinates":[[-73.004619,4.512263],[-73.004621,4.511368]]}},{"type":"Feature","properties":{"linea":"19-1-7","palmas":6},"geometry":{"type":"LineString","coordinates":[[-73.000265,4.51307],[-73.000265,4.512663]]}},{"type":"Feature","properties":{"linea":"19-1-70","palmas":10},"geometry":{"type":"LineString","coordinates":[[-73.00469,4.512141],[-73.004691,4.511409]]}},{"type":"Feature","properties":{"linea":"19-1-71","palmas":9},"geometry":{"type":"LineString","coordinates":[[-73.00476,4.512019],[-73.004761,4.511368]]}},{"type":"Feature","properties":{"linea":"19-1-72","palmas":8},"geometry":{"type":"LineString","coordinates":[[-73.004831,4.511978],[-73.004831,4.511409]]}},{"type":"Feature","properties":{"linea":"19-1-73","palmas":7},"geometry":{"type":"LineString","coordinates":[[-73.004901,4.511856],[-73.004902,4.511368]]}},{"type":"Feature","properties":{"linea":"19-1-74","palmas":5},"geometry":{"type":"LineString","coordinates":[[-73.004971,4.511734],[-73.004972,4.511409]]}},{"type":"Feature","properties":{"linea":"19-1-75","palmas":4},"geometry":{"type":"LineString","coordinates":[[-73.005042,4.511613],[-73.005042,4.511368]]}},{"type":"Feature","properties":{"linea":"19-1-76","palmas":3},"geometry":{"type":"LineString","coordinates":[[-73.005112,4.511572],[-73.005112,4.511409]]}},{"type":"Feature","properties":{"linea":"19-1-77","palmas":3},"geometry":{"type":"LineString","coordinates":[[-73.005182,4.511531],[-73.005183,4.511369]]}},{"type":"Feature","properties":{"linea":"19-1-78","palmas":2},"geometry":{"type":"LineString","coordinates":[[-73.005252,4.511491],[-73.005252,4.511409]]}},{"type":"Feature","properties":{"linea":"19-1-79","palmas":2},"geometry":{"type":"LineString","coordinates":[[-73.005323,4.51145],[-73.005323,4.511369]]}},{"type":"Feature","properties":{"linea":"19-1-8","palmas":6},"geometry":{"type":"LineString","coordinates":[[-73.000335,4.513029],[-73.000336,4.512623]]}},{"type":"Feature","properties":{"linea":"19-1-82","palmas":9},"geometry":{"type":"LineString","coordinates":[[-72.999775,4.511889],[-72.999776,4.511239]]}},{"type":"Feature","properties":{"linea":"19-1-83","palmas":12},"geometry":{"type":"LineString","coordinates":[[-72.999845,4.512012],[-72.999846,4.511116]]}},{"type":"Feature","properties":{"linea":"19-1-84","palmas":22},"geometry":{"type":"LineString","coordinates":[[-72.999914,4.512703],[-72.999917,4.510994]]}},{"type":"Feature","properties":{"linea":"19-1-85","palmas":22},"geometry":{"type":"LineString","coordinates":[[-72.999984,4.512663],[-72.999987,4.510954]]}},{"type":"Feature","properties":{"linea":"19-1-86","palmas":24},"geometry":{"type":"LineString","coordinates":[[-73.000055,4.512622],[-73.000057,4.510751]]}},{"type":"Feature","properties":{"linea":"19-1-87","palmas":24},"geometry":{"type":"LineString","coordinates":[[-73.000125,4.512582],[-73.000128,4.51071]]}},{"type":"Feature","properties":{"linea":"19-1-88","palmas":24},"geometry":{"type":"LineString","coordinates":[[-73.000195,4.512541],[-73.000198,4.510669]]}},{"type":"Feature","properties":{"linea":"19-1-89","palmas":24},"geometry":{"type":"LineString","coordinates":[[-73.000266,4.512501],[-73.000268,4.510629]]}},{"type":"Feature","properties":{"linea":"19-1-9","palmas":6},"geometry":{"type":"LineString","coordinates":[[-73.000405,4.512989],[-73.000406,4.512582]]}},{"type":"Feature","properties":{"linea":"19-1-90","palmas":24},"geometry":{"type":"LineString","coordinates":[[-73.000336,4.51246],[-73.000339,4.510588]]}},{"type":"Feature","properties":{"linea":"19-1-91","palmas":25},"geometry":{"type":"LineString","coordinates":[[-73.000406,4.512419],[-73.000409,4.510466]]}},{"type":"Feature","properties":{"linea":"19-1-92","palmas":25},"geometry":{"type":"LineString","coordinates":[[-73.000476,4.512379],[-73.000479,4.510426]]}},{"type":"Feature","properties":{"linea":"19-1-93","palmas":24},"geometry":{"type":"LineString","coordinates":[[-73.000547,4.512257],[-73.000549,4.510385]]}},{"type":"Feature","properties":{"linea":"19-1-94","palmas":25},"geometry":{"type":"LineString","coordinates":[[-73.000617,4.512216],[-73.00062,4.510263]]}},{"type":"Feature","properties":{"linea":"19-1-95","palmas":25},"geometry":{"type":"LineString","coordinates":[[-73.000687,4.512176],[-73.00069,4.510223]]}},{"type":"Feature","properties":{"linea":"19-1-96","palmas":27},"geometry":{"type":"LineString","coordinates":[[-73.000758,4.512135],[-73.000761,4.510019]]}},{"type":"Feature","properties":{"linea":"19-1-97","palmas":26},"geometry":{"type":"LineString","coordinates":[[-73.000828,4.512013],[-73.000831,4.509979]]}},{"type":"Feature","properties":{"linea":"19-1-98","palmas":26},"geometry":{"type":"LineString","coordinates":[[-73.000898,4.511972],[-73.000901,4.509938]]}},{"type":"Feature","properties":{"linea":"19-1-99","palmas":26},"geometry":{"type":"LineString","coordinates":[[-73.000969,4.511932],[-73.000972,4.509898]]}},{"type":"Feature","properties":{"linea":"19-2-1","palmas":3},"geometry":{"type":"LineString","coordinates":[[-72.994859,4.513584],[-72.994859,4.513421]]}},{"type":"Feature","properties":{"linea":"19-2-10","palmas":19},"geometry":{"type":"LineString","coordinates":[[-72.995491,4.513544],[-72.995493,4.512079]]}},{"type":"Feature","properties":{"linea":"19-2-11","palmas":19},"geometry":{"type":"LineString","coordinates":[[-72.995561,4.513503],[-72.995564,4.512039]]}},{"type":"Feature","properties":{"linea":"19-2-12","palmas":20},"geometry":{"type":"LineString","coordinates":[[-72.995631,4.513544],[-72.995634,4.511998]]}},{"type":"Feature","properties":{"linea":"19-2-13","palmas":20},"geometry":{"type":"LineString","coordinates":[[-72.995702,4.513504],[-72.995704,4.511958]]}},{"type":"Feature","properties":{"linea":"19-2-14","palmas":22},"geometry":{"type":"LineString","coordinates":[[-72.995772,4.513544],[-72.995774,4.511836]]}},{"type":"Feature","properties":{"linea":"19-2-15","palmas":22},"geometry":{"type":"LineString","coordinates":[[-72.995842,4.513504],[-72.995845,4.511795]]}},{"type":"Feature","properties":{"linea":"19-2-16","palmas":23},"geometry":{"type":"LineString","coordinates":[[-72.995913,4.513463],[-72.995915,4.511673]]}},{"type":"Feature","properties":{"linea":"19-2-17","palmas":24},"geometry":{"type":"LineString","coordinates":[[-72.995982,4.513504],[-72.995985,4.511633]]}},{"type":"Feature","properties":{"linea":"19-2-18","palmas":24},"geometry":{"type":"LineString","coordinates":[[-72.996053,4.513464],[-72.996056,4.511592]]}},{"type":"Feature","properties":{"linea":"19-2-19","palmas":26},"geometry":{"type":"LineString","coordinates":[[-72.996123,4.513504],[-72.996126,4.51147]]}},{"type":"Feature","properties":{"linea":"19-2-2","palmas":6},"geometry":{"type":"LineString","coordinates":[[-72.994929,4.513624],[-72.99493,4.513218]]}},{"type":"Feature","properties":{"linea":"19-2-20","palmas":26},"geometry":{"type":"LineString","coordinates":[[-72.996193,4.513464],[-72.996196,4.511429]]}},{"type":"Feature","properties":{"linea":"19-2-21","palmas":26},"geometry":{"type":"LineString","coordinates":[[-72.996264,4.513423],[-72.996267,4.511389]]}},{"type":"Feature","properties":{"linea":"19-2-22","palmas":27},"geometry":{"type":"LineString","coordinates":[[-72.996334,4.513464],[-72.996337,4.511348]]}},{"type":"Feature","properties":{"linea":"19-2-23","palmas":26},"geometry":{"type":"LineString","coordinates":[[-72.996404,4.513423],[-72.996407,4.511389]]}},{"type":"Feature","properties":{"linea":"19-2-24","palmas":27},"geometry":{"type":"LineString","coordinates":[[-72.996474,4.513464],[-72.996477,4.511348]]}},{"type":"Feature","properties":{"linea":"19-2-25","palmas":26},"geometry":{"type":"LineString","coordinates":[[-72.996544,4.513424],[-72.996548,4.511389]]}},{"type":"Feature","properties":{"linea":"19-2-26","palmas":26},"geometry":{"type":"LineString","coordinates":[[-72.996615,4.513383],[-72.996618,4.511349]]}},{"type":"Feature","properties":{"linea":"19-2-27","palmas":26},"geometry":{"type":"LineString","coordinates":[[-72.996685,4.513424],[-72.996688,4.511389]]}},{"type":"Feature","properties":{"linea":"19-2-28","palmas":26},"geometry":{"type":"LineString","coordinates":[[-72.996755,4.513383],[-72.996758,4.511349]]}},{"type":"Feature","properties":{"linea":"19-2-29","palmas":26},"geometry":{"type":"LineString","coordinates":[[-72.996825,4.513424],[-72.996828,4.51139]]}},{"type":"Feature","properties":{"linea":"19-2-3","palmas":8},"geometry":{"type":"LineString","coordinates":[[-72.994999,4.513584],[-72.995,4.513014]]}},{"type":"Feature","properties":{"linea":"19-2-30","palmas":26},"geometry":{"type":"LineString","coordinates":[[-72.996896,4.513383],[-72.996899,4.511349]]}},{"type":"Feature","properties":{"linea":"19-2-31","palmas":25},"geometry":{"type":"LineString","coordinates":[[-72.996966,4.513343],[-72.996969,4.51139]]}},{"type":"Feature","properties":{"linea":"19-2-32","palmas":26},"geometry":{"type":"LineString","coordinates":[[-72.997036,4.513384],[-72.997039,4.511349]]}},{"type":"Feature","properties":{"linea":"19-2-33","palmas":25},"geometry":{"type":"LineString","coordinates":[[-72.997106,4.513343],[-72.997109,4.51139]]}},{"type":"Feature","properties":{"linea":"19-2-34","palmas":26},"geometry":{"type":"LineString","coordinates":[[-72.997176,4.513384],[-72.997179,4.511349]]}},{"type":"Feature","properties":{"linea":"19-2-35","palmas":25},"geometry":{"type":"LineString","coordinates":[[-72.997247,4.513343],[-72.99725,4.51139]]}},{"type":"Feature","properties":{"linea":"19-2-36","palmas":25},"geometry":{"type":"LineString","coordinates":[[-72.997317,4.513303],[-72.99732,4.51135]]}},{"type":"Feature","properties":{"linea":"19-2-37","palmas":25},"geometry":{"type":"LineString","coordinates":[[-72.997387,4.513343],[-72.99739,4.511391]]}},{"type":"Feature","properties":{"linea":"19-2-38","palmas":25},"geometry":{"type":"LineString","coordinates":[[-72.997457,4.513303],[-72.99746,4.51135]]}},{"type":"Feature","properties":{"linea":"19-2-39","palmas":25},"geometry":{"type":"LineString","coordinates":[[-72.997528,4.513344],[-72.997531,4.511391]]}},{"type":"Feature","properties":{"linea":"19-2-4","palmas":11},"geometry":{"type":"LineString","coordinates":[[-72.99507,4.513625],[-72.995071,4.512811]]}},{"type":"Feature","properties":{"linea":"19-2-40","palmas":25},"geometry":{"type":"LineString","coordinates":[[-72.997598,4.513303],[-72.997601,4.51135]]}},{"type":"Feature","properties":{"linea":"19-2-41","palmas":24},"geometry":{"type":"LineString","coordinates":[[-72.997668,4.513262],[-72.997671,4.511391]]}},{"type":"Feature","properties":{"linea":"19-2-42","palmas":25},"geometry":{"type":"LineString","coordinates":[[-72.997738,4.513303],[-72.997741,4.51135]]}},{"type":"Feature","properties":{"linea":"19-2-43","palmas":24},"geometry":{"type":"LineString","coordinates":[[-72.997809,4.513263],[-72.997811,4.511391]]}},{"type":"Feature","properties":{"linea":"19-2-44","palmas":25},"geometry":{"type":"LineString","coordinates":[[-72.997879,4.513304],[-72.997882,4.511351]]}},{"type":"Feature","properties":{"linea":"19-2-45","palmas":24},"geometry":{"type":"LineString","coordinates":[[-72.997949,4.513263],[-72.997952,4.511391]]}},{"type":"Feature","properties":{"linea":"19-2-46","palmas":24},"geometry":{"type":"LineString","coordinates":[[-72.998019,4.513222],[-72.998022,4.511351]]}},{"type":"Feature","properties":{"linea":"19-2-47","palmas":24},"geometry":{"type":"LineString","coordinates":[[-72.998089,4.513263],[-72.998092,4.511392]]}},{"type":"Feature","properties":{"linea":"19-2-48","palmas":24},"geometry":{"type":"LineString","coordinates":[[-72.99816,4.513223],[-72.998163,4.511351]]}},{"type":"Feature","properties":{"linea":"19-2-49","palmas":24},"geometry":{"type":"LineString","coordinates":[[-72.99823,4.513263],[-72.998233,4.511392]]}},{"type":"Feature","properties":{"linea":"19-2-5","palmas":13},"geometry":{"type":"LineString","coordinates":[[-72.99514,4.513584],[-72.995141,4.512608]]}},{"type":"Feature","properties":{"linea":"19-2-50","palmas":24},"geometry":{"type":"LineString","coordinates":[[-72.9983,4.513223],[-72.998303,4.511351]]}},{"type":"Feature","properties":{"linea":"19-2-51","palmas":23},"geometry":{"type":"LineString","coordinates":[[-72.998371,4.513182],[-72.998373,4.511392]]}},{"type":"Feature","properties":{"linea":"19-2-52","palmas":24},"geometry":{"type":"LineString","coordinates":[[-72.998441,4.513223],[-72.998443,4.511351]]}},{"type":"Feature","properties":{"linea":"19-2-53","palmas":23},"geometry":{"type":"LineString","coordinates":[[-72.998511,4.513183],[-72.998514,4.511392]]}},{"type":"Feature","properties":{"linea":"19-2-54","palmas":24},"geometry":{"type":"LineString","coordinates":[[-72.998581,4.513223],[-72.998584,4.511352]]}},{"type":"Feature","properties":{"linea":"19-2-55","palmas":23},"geometry":{"type":"LineString","coordinates":[[-72.998651,4.513183],[-72.998654,4.511393]]}},{"type":"Feature","properties":{"linea":"19-2-56","palmas":23},"geometry":{"type":"LineString","coordinates":[[-72.998722,4.513142],[-72.998724,4.511352]]}},{"type":"Feature","properties":{"linea":"19-2-57","palmas":22},"geometry":{"type":"LineString","coordinates":[[-72.998792,4.513101],[-72.998794,4.511393]]}},{"type":"Feature","properties":{"linea":"19-2-58","palmas":22},"geometry":{"type":"LineString","coordinates":[[-72.998862,4.513061],[-72.998865,4.511352]]}},{"type":"Feature","properties":{"linea":"19-2-59","palmas":21},"geometry":{"type":"LineString","coordinates":[[-72.998932,4.51302],[-72.998935,4.511393]]}},{"type":"Feature","properties":{"linea":"19-2-6","palmas":14},"geometry":{"type":"LineString","coordinates":[[-72.99521,4.513544],[-72.995212,4.512486]]}},{"type":"Feature","properties":{"linea":"19-2-60","palmas":21},"geometry":{"type":"LineString","coordinates":[[-72.999003,4.51298],[-72.999005,4.511352]]}},{"type":"Feature","properties":{"linea":"19-2-61","palmas":21},"geometry":{"type":"LineString","coordinates":[[-72.999073,4.513021],[-72.999075,4.511393]]}},{"type":"Feature","properties":{"linea":"19-2-62","palmas":22},"geometry":{"type":"LineString","coordinates":[[-72.999143,4.513142],[-72.999146,4.511353]]}},{"type":"Feature","properties":{"linea":"19-2-63","palmas":22},"geometry":{"type":"LineString","coordinates":[[-72.999213,4.513183],[-72.999216,4.511393]]}},{"type":"Feature","properties":{"linea":"19-2-64","palmas":22},"geometry":{"type":"LineString","coordinates":[[-72.999283,4.513143],[-72.999286,4.511353]]}},{"type":"Feature","properties":{"linea":"19-2-65","palmas":21},"geometry":{"type":"LineString","coordinates":[[-72.999354,4.513102],[-72.999356,4.511393]]}},{"type":"Feature","properties":{"linea":"19-2-66","palmas":22},"geometry":{"type":"LineString","coordinates":[[-72.999424,4.513143],[-72.999426,4.511353]]}},{"type":"Feature","properties":{"linea":"19-2-67","palmas":21},"geometry":{"type":"LineString","coordinates":[[-72.999494,4.513102],[-72.999497,4.511394]]}},{"type":"Feature","properties":{"linea":"19-2-68","palmas":20},"geometry":{"type":"LineString","coordinates":[[-72.999564,4.512981],[-72.999567,4.511353]]}},{"type":"Feature","properties":{"linea":"19-2-69","palmas":8},"geometry":{"type":"LineString","coordinates":[[-72.999636,4.51237],[-72.999636,4.511801]]}},{"type":"Feature","properties":{"linea":"19-2-7","palmas":16},"geometry":{"type":"LineString","coordinates":[[-72.99528,4.513584],[-72.995282,4.512364]]}},{"type":"Feature","properties":{"linea":"19-2-8","palmas":17},"geometry":{"type":"LineString","coordinates":[[-72.995351,4.513544],[-72.995352,4.512242]]}},{"type":"Feature","properties":{"linea":"19-2-9","palmas":18},"geometry":{"type":"LineString","coordinates":[[-72.995421,4.513585],[-72.995423,4.512201]]}},{"type":"Feature","properties":{"linea":"19-3-1","palmas":2},"geometry":{"type":"LineString","coordinates":[[-73.00189,4.511236],[-73.00189,4.511155]]}},{"type":"Feature","properties":{"linea":"19-3-10","palmas":10},"geometry":{"type":"LineString","coordinates":[[-73.002522,4.511196],[-73.002523,4.510464]]}},{"type":"Feature","properties":{"linea":"19-3-11","palmas":12},"geometry":{"type":"LineString","coordinates":[[-73.002593,4.511237],[-73.002594,4.510342]]}},{"type":"Feature","properties":{"linea":"19-3-12","palmas":12},"geometry":{"type":"LineString","coordinates":[[-73.002663,4.511197],[-73.002664,4.510301]]}},{"type":"Feature","properties":{"linea":"19-3-13","palmas":14},"geometry":{"type":"LineString","coordinates":[[-73.002733,4.511238],[-73.002734,4.510179]]}},{"type":"Feature","properties":{"linea":"19-3-14","palmas":15},"geometry":{"type":"LineString","coordinates":[[-73.002803,4.511197],[-73.002805,4.510058]]}},{"type":"Feature","properties":{"linea":"19-3-15","palmas":17},"geometry":{"type":"LineString","coordinates":[[-73.002873,4.511238],[-73.002875,4.509936]]}},{"type":"Feature","properties":{"linea":"19-3-16","palmas":18},"geometry":{"type":"LineString","coordinates":[[-73.002944,4.511197],[-73.002946,4.509814]]}},{"type":"Feature","properties":{"linea":"19-3-17","palmas":21},"geometry":{"type":"LineString","coordinates":[[-73.003014,4.511238],[-73.003016,4.50961]]}},{"type":"Feature","properties":{"linea":"19-3-18","palmas":25},"geometry":{"type":"LineString","coordinates":[[-73.003084,4.511197],[-73.003087,4.509244]]}},{"type":"Feature","properties":{"linea":"19-3-19","palmas":27},"geometry":{"type":"LineString","coordinates":[[-73.003154,4.511238],[-73.003157,4.509122]]}},{"type":"Feature","properties":{"linea":"19-3-2","palmas":2},"geometry":{"type":"LineString","coordinates":[[-73.001961,4.511196],[-73.001961,4.511114]]}},{"type":"Feature","properties":{"linea":"19-3-20","palmas":27},"geometry":{"type":"LineString","coordinates":[[-73.003224,4.511197],[-73.003227,4.509082]]}},{"type":"Feature","properties":{"linea":"19-3-21","palmas":27},"geometry":{"type":"LineString","coordinates":[[-73.003295,4.511238],[-73.003298,4.509123]]}},{"type":"Feature","properties":{"linea":"19-3-22","palmas":27},"geometry":{"type":"LineString","coordinates":[[-73.003365,4.511197],[-73.003368,4.509082]]}},{"type":"Feature","properties":{"linea":"19-3-23","palmas":27},"geometry":{"type":"LineString","coordinates":[[-73.003435,4.511238],[-73.003438,4.509123]]}},{"type":"Feature","properties":{"linea":"19-3-24","palmas":27},"geometry":{"type":"LineString","coordinates":[[-73.003505,4.511198],[-73.003508,4.509082]]}},{"type":"Feature","properties":{"linea":"19-3-25","palmas":27},"geometry":{"type":"LineString","coordinates":[[-73.003576,4.511239],[-73.003579,4.509123]]}},{"type":"Feature","properties":{"linea":"19-3-26","palmas":27},"geometry":{"type":"LineString","coordinates":[[-73.003646,4.511198],[-73.003649,4.509082]]}},{"type":"Feature","properties":{"linea":"19-3-27","palmas":27},"geometry":{"type":"LineString","coordinates":[[-73.003716,4.511239],[-73.003719,4.509123]]}},{"type":"Feature","properties":{"linea":"19-3-28","palmas":27},"geometry":{"type":"LineString","coordinates":[[-73.003786,4.511198],[-73.003789,4.509082]]}},{"type":"Feature","properties":{"linea":"19-3-29","palmas":27},"geometry":{"type":"LineString","coordinates":[[-73.003856,4.511239],[-73.003859,4.509123]]}},{"type":"Feature","properties":{"linea":"19-3-3","palmas":3},"geometry":{"type":"LineString","coordinates":[[-73.002031,4.511236],[-73.002031,4.511074]]}},{"type":"Feature","properties":{"linea":"19-3-30","palmas":27},"geometry":{"type":"LineString","coordinates":[[-73.003927,4.511198],[-73.00393,4.509083]]}},{"type":"Feature","properties":{"linea":"19-3-31","palmas":27},"geometry":{"type":"LineString","coordinates":[[-73.003997,4.511239],[-73.004,4.509124]]}},{"type":"Feature","properties":{"linea":"19-3-32","palmas":27},"geometry":{"type":"LineString","coordinates":[[-73.004067,4.511199],[-73.00407,4.509083]]}},{"type":"Feature","properties":{"linea":"19-3-33","palmas":27},"geometry":{"type":"LineString","coordinates":[[-73.004137,4.511239],[-73.00414,4.509124]]}},{"type":"Feature","properties":{"linea":"19-3-34","palmas":27},"geometry":{"type":"LineString","coordinates":[[-73.004208,4.511199],[-73.004211,4.509083]]}},{"type":"Feature","properties":{"linea":"19-3-35","palmas":27},"geometry":{"type":"LineString","coordinates":[[-73.004278,4.51124],[-73.004281,4.509124]]}},{"type":"Feature","properties":{"linea":"19-3-36","palmas":27},"geometry":{"type":"LineString","coordinates":[[-73.004348,4.511199],[-73.004351,4.509083]]}},{"type":"Feature","properties":{"linea":"19-3-37","palmas":27},"geometry":{"type":"LineString","coordinates":[[-73.004418,4.51124],[-73.004421,4.509124]]}},{"type":"Feature","properties":{"linea":"19-3-38","palmas":27},"geometry":{"type":"LineString","coordinates":[[-73.004488,4.511199],[-73.004491,4.509084]]}},{"type":"Feature","properties":{"linea":"19-3-39","palmas":27},"geometry":{"type":"LineString","coordinates":[[-73.004559,4.51124],[-73.004562,4.509124]]}},{"type":"Feature","properties":{"linea":"19-3-4","palmas":4},"geometry":{"type":"LineString","coordinates":[[-73.002101,4.511196],[-73.002101,4.510952]]}},{"type":"Feature","properties":{"linea":"19-3-40","palmas":27},"geometry":{"type":"LineString","coordinates":[[-73.004629,4.511199],[-73.004632,4.509084]]}},{"type":"Feature","properties":{"linea":"19-3-41","palmas":27},"geometry":{"type":"LineString","coordinates":[[-73.004699,4.51124],[-73.004702,4.509125]]}},{"type":"Feature","properties":{"linea":"19-3-42","palmas":27},"geometry":{"type":"LineString","coordinates":[[-73.004769,4.5112],[-73.004772,4.509084]]}},{"type":"Feature","properties":{"linea":"19-3-43","palmas":27},"geometry":{"type":"LineString","coordinates":[[-73.004839,4.511241],[-73.004842,4.509125]]}},{"type":"Feature","properties":{"linea":"19-3-44","palmas":27},"geometry":{"type":"LineString","coordinates":[[-73.00491,4.5112],[-73.004913,4.509084]]}},{"type":"Feature","properties":{"linea":"19-3-45","palmas":27},"geometry":{"type":"LineString","coordinates":[[-73.00498,4.511241],[-73.004983,4.509125]]}},{"type":"Feature","properties":{"linea":"19-3-46","palmas":27},"geometry":{"type":"LineString","coordinates":[[-73.00505,4.5112],[-73.005053,4.509084]]}},{"type":"Feature","properties":{"linea":"19-3-47","palmas":27},"geometry":{"type":"LineString","coordinates":[[-73.00512,4.511241],[-73.005123,4.509125]]}},{"type":"Feature","properties":{"linea":"19-3-48","palmas":27},"geometry":{"type":"LineString","coordinates":[[-73.005191,4.5112],[-73.005194,4.509085]]}},{"type":"Feature","properties":{"linea":"19-3-49","palmas":27},"geometry":{"type":"LineString","coordinates":[[-73.005261,4.511241],[-73.005264,4.509126]]}},{"type":"Feature","properties":{"linea":"19-3-5","palmas":5},"geometry":{"type":"LineString","coordinates":[[-73.002171,4.511237],[-73.002172,4.510911]]}},{"type":"Feature","properties":{"linea":"19-3-50","palmas":27},"geometry":{"type":"LineString","coordinates":[[-73.005331,4.511201],[-73.005334,4.509085]]}},{"type":"Feature","properties":{"linea":"19-3-51","palmas":27},"geometry":{"type":"LineString","coordinates":[[-73.005401,4.511241],[-73.005404,4.509126]]}},{"type":"Feature","properties":{"linea":"19-3-52","palmas":27},"geometry":{"type":"LineString","coordinates":[[-73.005471,4.511201],[-73.005474,4.509085]]}},{"type":"Feature","properties":{"linea":"19-3-53","palmas":27},"geometry":{"type":"LineString","coordinates":[[-73.005542,4.511242],[-73.005545,4.509126]]}},{"type":"Feature","properties":{"linea":"19-3-54","palmas":27},"geometry":{"type":"LineString","coordinates":[[-73.005612,4.511201],[-73.005615,4.509085]]}},{"type":"Feature","properties":{"linea":"19-3-55","palmas":27},"geometry":{"type":"LineString","coordinates":[[-73.005682,4.511242],[-73.005685,4.509126]]}},{"type":"Feature","properties":{"linea":"19-3-56","palmas":27},"geometry":{"type":"LineString","coordinates":[[-73.005752,4.511201],[-73.005755,4.509086]]}},{"type":"Feature","properties":{"linea":"19-3-57","palmas":24},"geometry":{"type":"LineString","coordinates":[[-73.005823,4.510998],[-73.005826,4.509126]]}},{"type":"Feature","properties":{"linea":"19-3-58","palmas":24},"geometry":{"type":"LineString","coordinates":[[-73.005893,4.510957],[-73.005896,4.509086]]}},{"type":"Feature","properties":{"linea":"19-3-59","palmas":23},"geometry":{"type":"LineString","coordinates":[[-73.005963,4.510917],[-73.005966,4.509126]]}},{"type":"Feature","properties":{"linea":"19-3-6","palmas":5},"geometry":{"type":"LineString","coordinates":[[-73.002241,4.511196],[-73.002242,4.510871]]}},{"type":"Feature","properties":{"linea":"19-3-60","palmas":23},"geometry":{"type":"LineString","coordinates":[[-73.006034,4.510876],[-73.006036,4.509086]]}},{"type":"Feature","properties":{"linea":"19-3-61","palmas":22},"geometry":{"type":"LineString","coordinates":[[-73.006104,4.510836],[-73.006106,4.509127]]}},{"type":"Feature","properties":{"linea":"19-3-62","palmas":22},"geometry":{"type":"LineString","coordinates":[[-73.006174,4.510795],[-73.006177,4.509086]]}},{"type":"Feature","properties":{"linea":"19-3-63","palmas":18},"geometry":{"type":"LineString","coordinates":[[-73.006244,4.510754],[-73.006247,4.509127]]}},{"type":"Feature","properties":{"linea":"19-3-64","palmas":12},"geometry":{"type":"LineString","coordinates":[[-73.006315,4.510551],[-73.006317,4.509086]]}},{"type":"Feature","properties":{"linea":"19-3-65","palmas":8},"geometry":{"type":"LineString","coordinates":[[-73.006385,4.510429],[-73.006386,4.509859]]}},{"type":"Feature","properties":{"linea":"19-3-66","palmas":2},"geometry":{"type":"LineString","coordinates":[[-73.006456,4.510063],[-73.006456,4.509982]]}},{"type":"Feature","properties":{"linea":"19-3-7","palmas":7},"geometry":{"type":"LineString","coordinates":[[-73.002312,4.511237],[-73.002312,4.510749]]}},{"type":"Feature","properties":{"linea":"19-3-8","palmas":8},"geometry":{"type":"LineString","coordinates":[[-73.002382,4.511196],[-73.002383,4.510627]]}},{"type":"Feature","properties":{"linea":"19-3-9","palmas":10},"geometry":{"type":"LineString","coordinates":[[-73.002452,4.511237],[-73.002453,4.510505]]}},{"type":"Feature","properties":{"linea":"19-4-10","palmas":10},"geometry":{"type":"LineString","coordinates":[[-72.997106,4.51122],[-72.997107,4.510487]]}},{"type":"Feature","properties":{"linea":"19-4-11","palmas":10},"geometry":{"type":"LineString","coordinates":[[-72.997177,4.511179],[-72.997178,4.510447]]}},{"type":"Feature","properties":{"linea":"19-4-12","palmas":12},"geometry":{"type":"LineString","coordinates":[[-72.997247,4.51122],[-72.997248,4.510325]]}},{"type":"Feature","properties":{"linea":"19-4-13","palmas":12},"geometry":{"type":"LineString","coordinates":[[-72.997317,4.511179],[-72.997318,4.510284]]}},{"type":"Feature","properties":{"linea":"19-4-14","palmas":13},"geometry":{"type":"LineString","coordinates":[[-72.997387,4.51122],[-72.997389,4.510244]]}},{"type":"Feature","properties":{"linea":"19-4-15","palmas":14},"geometry":{"type":"LineString","coordinates":[[-72.997457,4.511179],[-72.997459,4.510122]]}},{"type":"Feature","properties":{"linea":"19-4-16","palmas":15},"geometry":{"type":"LineString","coordinates":[[-72.997528,4.51122],[-72.997529,4.510081]]}},{"type":"Feature","properties":{"linea":"19-4-17","palmas":15},"geometry":{"type":"LineString","coordinates":[[-72.997598,4.51118],[-72.9976,4.510041]]}},{"type":"Feature","properties":{"linea":"19-4-18","palmas":17},"geometry":{"type":"LineString","coordinates":[[-72.997668,4.511221],[-72.99767,4.509919]]}},{"type":"Feature","properties":{"linea":"19-4-19","palmas":17},"geometry":{"type":"LineString","coordinates":[[-72.997738,4.51118],[-72.99774,4.509878]]}},{"type":"Feature","properties":{"linea":"19-4-2","palmas":3},"geometry":{"type":"LineString","coordinates":[[-72.996545,4.511219],[-72.996545,4.511056]]}},{"type":"Feature","properties":{"linea":"19-4-20","palmas":19},"geometry":{"type":"LineString","coordinates":[[-72.997809,4.511221],[-72.997811,4.509756]]}},{"type":"Feature","properties":{"linea":"19-4-21","palmas":19},"geometry":{"type":"LineString","coordinates":[[-72.997879,4.51118],[-72.997881,4.509716]]}},{"type":"Feature","properties":{"linea":"19-4-22","palmas":21},"geometry":{"type":"LineString","coordinates":[[-72.997949,4.511221],[-72.997951,4.509593]]}},{"type":"Feature","properties":{"linea":"19-4-23","palmas":21},"geometry":{"type":"LineString","coordinates":[[-72.998019,4.51118],[-72.998022,4.509553]]}},{"type":"Feature","properties":{"linea":"19-4-24","palmas":22},"geometry":{"type":"LineString","coordinates":[[-72.998089,4.511221],[-72.998092,4.509512]]}},{"type":"Feature","properties":{"linea":"19-4-25","palmas":23},"geometry":{"type":"LineString","coordinates":[[-72.99816,4.511181],[-72.998163,4.50939]]}},{"type":"Feature","properties":{"linea":"19-4-26","palmas":24},"geometry":{"type":"LineString","coordinates":[[-72.99823,4.511221],[-72.998233,4.50935]]}},{"type":"Feature","properties":{"linea":"19-4-27","palmas":24},"geometry":{"type":"LineString","coordinates":[[-72.9983,4.511181],[-72.998303,4.509309]]}},{"type":"Feature","properties":{"linea":"19-4-28","palmas":26},"geometry":{"type":"LineString","coordinates":[[-72.99837,4.511222],[-72.998373,4.509187]]}},{"type":"Feature","properties":{"linea":"19-4-29","palmas":26},"geometry":{"type":"LineString","coordinates":[[-72.998441,4.511181],[-72.998444,4.509147]]}},{"type":"Feature","properties":{"linea":"19-4-3","palmas":3},"geometry":{"type":"LineString","coordinates":[[-72.996615,4.511178],[-72.996615,4.511016]]}},{"type":"Feature","properties":{"linea":"19-4-30","palmas":27},"geometry":{"type":"LineString","coordinates":[[-72.998511,4.511222],[-72.998514,4.509106]]}},{"type":"Feature","properties":{"linea":"19-4-31","palmas":27},"geometry":{"type":"LineString","coordinates":[[-72.998581,4.511181],[-72.998584,4.509066]]}},{"type":"Feature","properties":{"linea":"19-4-32","palmas":27},"geometry":{"type":"LineString","coordinates":[[-72.998651,4.511222],[-72.998654,4.509106]]}},{"type":"Feature","properties":{"linea":"19-4-33","palmas":27},"geometry":{"type":"LineString","coordinates":[[-72.998721,4.511181],[-72.998725,4.509066]]}},{"type":"Feature","properties":{"linea":"19-4-34","palmas":27},"geometry":{"type":"LineString","coordinates":[[-72.998792,4.511222],[-72.998795,4.509106]]}},{"type":"Feature","properties":{"linea":"19-4-35","palmas":27},"geometry":{"type":"LineString","coordinates":[[-72.998862,4.511182],[-72.998865,4.509066]]}},{"type":"Feature","properties":{"linea":"19-4-36","palmas":27},"geometry":{"type":"LineString","coordinates":[[-72.998932,4.511222],[-72.998935,4.509107]]}},{"type":"Feature","properties":{"linea":"19-4-37","palmas":27},"geometry":{"type":"LineString","coordinates":[[-72.999002,4.511182],[-72.999006,4.509066]]}},{"type":"Feature","properties":{"linea":"19-4-38","palmas":27},"geometry":{"type":"LineString","coordinates":[[-72.999072,4.511222],[-72.999076,4.509107]]}},{"type":"Feature","properties":{"linea":"19-4-39","palmas":27},"geometry":{"type":"LineString","coordinates":[[-72.999143,4.511182],[-72.999146,4.509066]]}},{"type":"Feature","properties":{"linea":"19-4-4","palmas":4},"geometry":{"type":"LineString","coordinates":[[-72.996685,4.511219],[-72.996686,4.510975]]}},{"type":"Feature","properties":{"linea":"19-4-40","palmas":27},"geometry":{"type":"LineString","coordinates":[[-72.999213,4.511223],[-72.999216,4.509107]]}},{"type":"Feature","properties":{"linea":"19-4-41","palmas":27},"geometry":{"type":"LineString","coordinates":[[-72.999283,4.511182],[-72.999286,4.509067]]}},{"type":"Feature","properties":{"linea":"19-4-42","palmas":27},"geometry":{"type":"LineString","coordinates":[[-72.999353,4.511223],[-72.999356,4.509107]]}},{"type":"Feature","properties":{"linea":"19-4-43","palmas":27},"geometry":{"type":"LineString","coordinates":[[-72.999424,4.511183],[-72.999427,4.509067]]}},{"type":"Feature","properties":{"linea":"19-4-44","palmas":27},"geometry":{"type":"LineString","coordinates":[[-72.999494,4.511223],[-72.999497,4.509107]]}},{"type":"Feature","properties":{"linea":"19-4-45","palmas":27},"geometry":{"type":"LineString","coordinates":[[-72.999564,4.511183],[-72.999567,4.509067]]}},{"type":"Feature","properties":{"linea":"19-4-46","palmas":24},"geometry":{"type":"LineString","coordinates":[[-72.999635,4.510979],[-72.999638,4.509108]]}},{"type":"Feature","properties":{"linea":"19-4-47","palmas":23},"geometry":{"type":"LineString","coordinates":[[-72.999705,4.510858],[-72.999708,4.509067]]}},{"type":"Feature","properties":{"linea":"19-4-48","palmas":20},"geometry":{"type":"LineString","coordinates":[[-72.999776,4.510654],[-72.999778,4.509108]]}},{"type":"Feature","properties":{"linea":"19-4-49","palmas":19},"geometry":{"type":"LineString","coordinates":[[-72.999846,4.510532],[-72.999848,4.509067]]}},{"type":"Feature","properties":{"linea":"19-4-5","palmas":5},"geometry":{"type":"LineString","coordinates":[[-72.996755,4.511178],[-72.996756,4.510853]]}},{"type":"Feature","properties":{"linea":"19-4-50","palmas":16},"geometry":{"type":"LineString","coordinates":[[-72.999916,4.510329],[-72.999918,4.509108]]}},{"type":"Feature","properties":{"linea":"19-4-51","palmas":12},"geometry":{"type":"LineString","coordinates":[[-72.999987,4.509963],[-72.999989,4.509067]]}},{"type":"Feature","properties":{"linea":"19-4-52","palmas":10},"geometry":{"type":"LineString","coordinates":[[-73.000057,4.509841],[-73.000059,4.509108]]}},{"type":"Feature","properties":{"linea":"19-4-53","palmas":10},"geometry":{"type":"LineString","coordinates":[[-73.000128,4.5098],[-73.000129,4.509068]]}},{"type":"Feature","properties":{"linea":"19-4-54","palmas":9},"geometry":{"type":"LineString","coordinates":[[-73.000198,4.509759],[-73.000199,4.509109]]}},{"type":"Feature","properties":{"linea":"19-4-55","palmas":8},"geometry":{"type":"LineString","coordinates":[[-73.000269,4.509638],[-73.000269,4.509068]]}},{"type":"Feature","properties":{"linea":"19-4-56","palmas":6},"geometry":{"type":"LineString","coordinates":[[-73.000339,4.509516],[-73.000339,4.509109]]}},{"type":"Feature","properties":{"linea":"19-4-57","palmas":6},"geometry":{"type":"LineString","coordinates":[[-73.000409,4.509475],[-73.00041,4.509068]]}},{"type":"Feature","properties":{"linea":"19-4-58","palmas":5},"geometry":{"type":"LineString","coordinates":[[-73.000479,4.509434],[-73.00048,4.509109]]}},{"type":"Feature","properties":{"linea":"19-4-59","palmas":5},"geometry":{"type":"LineString","coordinates":[[-73.00055,4.509394],[-73.00055,4.509068]]}},{"type":"Feature","properties":{"linea":"19-4-6","palmas":6},"geometry":{"type":"LineString","coordinates":[[-72.996826,4.511219],[-72.996826,4.510813]]}},{"type":"Feature","properties":{"linea":"19-4-60","palmas":4},"geometry":{"type":"LineString","coordinates":[[-73.00062,4.509353],[-73.00062,4.509109]]}},{"type":"Feature","properties":{"linea":"19-4-61","palmas":4},"geometry":{"type":"LineString","coordinates":[[-73.00069,4.509313],[-73.000691,4.509069]]}},{"type":"Feature","properties":{"linea":"19-4-62","palmas":3},"geometry":{"type":"LineString","coordinates":[[-73.000761,4.509272],[-73.000761,4.509109]]}},{"type":"Feature","properties":{"linea":"19-4-63","palmas":3},"geometry":{"type":"LineString","coordinates":[[-73.000831,4.509232],[-73.000831,4.509069]]}},{"type":"Feature","properties":{"linea":"19-4-7","palmas":6},"geometry":{"type":"LineString","coordinates":[[-72.996896,4.511179],[-72.996896,4.510772]]}},{"type":"Feature","properties":{"linea":"19-4-8","palmas":8},"geometry":{"type":"LineString","coordinates":[[-72.996966,4.511219],[-72.996967,4.51065]]}},{"type":"Feature","properties":{"linea":"19-4-9","palmas":8},"geometry":{"type":"LineString","coordinates":[[-72.997036,4.511179],[-72.997037,4.510609]]}},{"type":"Feature","properties":{"linea":"19-5-1","palmas":4},"geometry":{"type":"LineString","coordinates":[[-73.00323,4.508916],[-73.00323,4.508672]]}},{"type":"Feature","properties":{"linea":"19-5-10","palmas":27},"geometry":{"type":"LineString","coordinates":[[-73.003862,4.508958],[-73.003865,4.506842]]}},{"type":"Feature","properties":{"linea":"19-5-11","palmas":27},"geometry":{"type":"LineString","coordinates":[[-73.003932,4.508917],[-73.003935,4.506801]]}},{"type":"Feature","properties":{"linea":"19-5-12","palmas":27},"geometry":{"type":"LineString","coordinates":[[-73.004002,4.508958],[-73.004005,4.506842]]}},{"type":"Feature","properties":{"linea":"19-5-13","palmas":27},"geometry":{"type":"LineString","coordinates":[[-73.004072,4.508917],[-73.004076,4.506801]]}},{"type":"Feature","properties":{"linea":"19-5-14","palmas":27},"geometry":{"type":"LineString","coordinates":[[-73.004143,4.508958],[-73.004146,4.506842]]}},{"type":"Feature","properties":{"linea":"19-5-15","palmas":27},"geometry":{"type":"LineString","coordinates":[[-73.004213,4.508917],[-73.004216,4.506802]]}},{"type":"Feature","properties":{"linea":"19-5-16","palmas":27},"geometry":{"type":"LineString","coordinates":[[-73.004283,4.508958],[-73.004286,4.506843]]}},{"type":"Feature","properties":{"linea":"19-5-17","palmas":27},"geometry":{"type":"LineString","coordinates":[[-73.004353,4.508917],[-73.004356,4.506802]]}},{"type":"Feature","properties":{"linea":"19-5-18","palmas":27},"geometry":{"type":"LineString","coordinates":[[-73.004423,4.508958],[-73.004426,4.506843]]}},{"type":"Feature","properties":{"linea":"19-5-19","palmas":27},"geometry":{"type":"LineString","coordinates":[[-73.004494,4.508918],[-73.004497,4.506802]]}},{"type":"Feature","properties":{"linea":"19-5-2","palmas":7},"geometry":{"type":"LineString","coordinates":[[-73.0033,4.508957],[-73.003301,4.508468]]}},{"type":"Feature","properties":{"linea":"19-5-20","palmas":27},"geometry":{"type":"LineString","coordinates":[[-73.004564,4.508959],[-73.004567,4.506843]]}},{"type":"Feature","properties":{"linea":"19-5-21","palmas":27},"geometry":{"type":"LineString","coordinates":[[-73.004634,4.508918],[-73.004637,4.506802]]}},{"type":"Feature","properties":{"linea":"19-5-22","palmas":27},"geometry":{"type":"LineString","coordinates":[[-73.004704,4.508959],[-73.004707,4.506843]]}},{"type":"Feature","properties":{"linea":"19-5-23","palmas":27},"geometry":{"type":"LineString","coordinates":[[-73.004774,4.508918],[-73.004778,4.506803]]}},{"type":"Feature","properties":{"linea":"19-5-24","palmas":27},"geometry":{"type":"LineString","coordinates":[[-73.004845,4.508959],[-73.004848,4.506843]]}},{"type":"Feature","properties":{"linea":"19-5-25","palmas":27},"geometry":{"type":"LineString","coordinates":[[-73.004915,4.508918],[-73.004918,4.506803]]}},{"type":"Feature","properties":{"linea":"19-5-26","palmas":27},"geometry":{"type":"LineString","coordinates":[[-73.004985,4.508959],[-73.004988,4.506843]]}},{"type":"Feature","properties":{"linea":"19-5-27","palmas":27},"geometry":{"type":"LineString","coordinates":[[-73.005055,4.508919],[-73.005059,4.506803]]}},{"type":"Feature","properties":{"linea":"19-5-28","palmas":27},"geometry":{"type":"LineString","coordinates":[[-73.005126,4.508959],[-73.005129,4.506844]]}},{"type":"Feature","properties":{"linea":"19-5-29","palmas":27},"geometry":{"type":"LineString","coordinates":[[-73.005196,4.508919],[-73.005199,4.506803]]}},{"type":"Feature","properties":{"linea":"19-5-3","palmas":8},"geometry":{"type":"LineString","coordinates":[[-73.003371,4.508672],[-73.003371,4.508102]]}},{"type":"Feature","properties":{"linea":"19-5-30","palmas":27},"geometry":{"type":"LineString","coordinates":[[-73.005266,4.508959],[-73.005269,4.506844]]}},{"type":"Feature","properties":{"linea":"19-5-31","palmas":27},"geometry":{"type":"LineString","coordinates":[[-73.005336,4.508919],[-73.005339,4.506803]]}},{"type":"Feature","properties":{"linea":"19-5-32","palmas":27},"geometry":{"type":"LineString","coordinates":[[-73.005406,4.50896],[-73.005409,4.506844]]}},{"type":"Feature","properties":{"linea":"19-5-33","palmas":27},"geometry":{"type":"LineString","coordinates":[[-73.005477,4.508919],[-73.00548,4.506804]]}},{"type":"Feature","properties":{"linea":"19-5-34","palmas":27},"geometry":{"type":"LineString","coordinates":[[-73.005547,4.50896],[-73.00555,4.506844]]}},{"type":"Feature","properties":{"linea":"19-5-35","palmas":27},"geometry":{"type":"LineString","coordinates":[[-73.005617,4.508919],[-73.00562,4.506804]]}},{"type":"Feature","properties":{"linea":"19-5-36","palmas":27},"geometry":{"type":"LineString","coordinates":[[-73.005687,4.50896],[-73.00569,4.506844]]}},{"type":"Feature","properties":{"linea":"19-5-37","palmas":27},"geometry":{"type":"LineString","coordinates":[[-73.005758,4.50892],[-73.005761,4.506804]]}},{"type":"Feature","properties":{"linea":"19-5-38","palmas":27},"geometry":{"type":"LineString","coordinates":[[-73.005828,4.50896],[-73.005831,4.506845]]}},{"type":"Feature","properties":{"linea":"19-5-39","palmas":27},"geometry":{"type":"LineString","coordinates":[[-73.005898,4.50892],[-73.005901,4.506804]]}},{"type":"Feature","properties":{"linea":"19-5-4","palmas":20},"geometry":{"type":"LineString","coordinates":[[-73.00344,4.508957],[-73.003443,4.507411]]}},{"type":"Feature","properties":{"linea":"19-5-40","palmas":27},"geometry":{"type":"LineString","coordinates":[[-73.005968,4.508961],[-73.005971,4.506845]]}},{"type":"Feature","properties":{"linea":"19-5-41","palmas":27},"geometry":{"type":"LineString","coordinates":[[-73.006038,4.50892],[-73.006041,4.506804]]}},{"type":"Feature","properties":{"linea":"19-5-42","palmas":27},"geometry":{"type":"LineString","coordinates":[[-73.006109,4.508961],[-73.006112,4.506845]]}},{"type":"Feature","properties":{"linea":"19-5-43","palmas":27},"geometry":{"type":"LineString","coordinates":[[-73.006179,4.50892],[-73.006182,4.506804]]}},{"type":"Feature","properties":{"linea":"19-5-44","palmas":27},"geometry":{"type":"LineString","coordinates":[[-73.006249,4.508961],[-73.006252,4.506845]]}},{"type":"Feature","properties":{"linea":"19-5-45","palmas":27},"geometry":{"type":"LineString","coordinates":[[-73.006319,4.508921],[-73.006322,4.506805]]}},{"type":"Feature","properties":{"linea":"19-5-46","palmas":27},"geometry":{"type":"LineString","coordinates":[[-73.006389,4.508961],[-73.006393,4.506846]]}},{"type":"Feature","properties":{"linea":"19-5-47","palmas":27},"geometry":{"type":"LineString","coordinates":[[-73.00646,4.508921],[-73.006463,4.506805]]}},{"type":"Feature","properties":{"linea":"19-5-48","palmas":26},"geometry":{"type":"LineString","coordinates":[[-73.00653,4.50888],[-73.006533,4.506846]]}},{"type":"Feature","properties":{"linea":"19-5-49","palmas":27},"geometry":{"type":"LineString","coordinates":[[-73.0066,4.508921],[-73.006603,4.506805]]}},{"type":"Feature","properties":{"linea":"19-5-5","palmas":27},"geometry":{"type":"LineString","coordinates":[[-73.003511,4.508916],[-73.003514,4.506801]]}},{"type":"Feature","properties":{"linea":"19-5-50","palmas":26},"geometry":{"type":"LineString","coordinates":[[-73.006671,4.50888],[-73.006673,4.506846]]}},{"type":"Feature","properties":{"linea":"19-5-51","palmas":26},"geometry":{"type":"LineString","coordinates":[[-73.006741,4.50884],[-73.006744,4.506805]]}},{"type":"Feature","properties":{"linea":"19-5-52","palmas":25},"geometry":{"type":"LineString","coordinates":[[-73.006811,4.508799],[-73.006814,4.506846]]}},{"type":"Feature","properties":{"linea":"19-5-53","palmas":25},"geometry":{"type":"LineString","coordinates":[[-73.006881,4.50884],[-73.006884,4.506887]]}},{"type":"Feature","properties":{"linea":"19-5-54","palmas":24},"geometry":{"type":"LineString","coordinates":[[-73.006951,4.508799],[-73.006954,4.506928]]}},{"type":"Feature","properties":{"linea":"19-5-55","palmas":23},"geometry":{"type":"LineString","coordinates":[[-73.007022,4.508759],[-73.007024,4.506969]]}},{"type":"Feature","properties":{"linea":"19-5-56","palmas":23},"geometry":{"type":"LineString","coordinates":[[-73.007092,4.508799],[-73.007094,4.507009]]}},{"type":"Feature","properties":{"linea":"19-5-57","palmas":21},"geometry":{"type":"LineString","coordinates":[[-73.007162,4.508678],[-73.007165,4.50705]]}},{"type":"Feature","properties":{"linea":"19-5-58","palmas":20},"geometry":{"type":"LineString","coordinates":[[-73.007233,4.508637],[-73.007235,4.507091]]}},{"type":"Feature","properties":{"linea":"19-5-59","palmas":14},"geometry":{"type":"LineString","coordinates":[[-73.007303,4.508515],[-73.007305,4.507132]]}},{"type":"Feature","properties":{"linea":"19-5-6","palmas":27},"geometry":{"type":"LineString","coordinates":[[-73.003581,4.508957],[-73.003584,4.506841]]}},{"type":"Feature","properties":{"linea":"19-5-7","palmas":27},"geometry":{"type":"LineString","coordinates":[[-73.003651,4.508916],[-73.003654,4.506801]]}},{"type":"Feature","properties":{"linea":"19-5-8","palmas":27},"geometry":{"type":"LineString","coordinates":[[-73.003721,4.508957],[-73.003724,4.506842]]}},{"type":"Feature","properties":{"linea":"19-5-9","palmas":27},"geometry":{"type":"LineString","coordinates":[[-73.003791,4.508917],[-73.003794,4.506801]]}},{"type":"Feature","properties":{"linea":"19-6-1","palmas":2},"geometry":{"type":"LineString","coordinates":[[-72.998725,4.508912],[-72.998726,4.508831]]}},{"type":"Feature","properties":{"linea":"19-6-10","palmas":10},"geometry":{"type":"LineString","coordinates":[[-72.999357,4.508954],[-72.999358,4.508221]]}},{"type":"Feature","properties":{"linea":"19-6-11","palmas":10},"geometry":{"type":"LineString","coordinates":[[-72.999427,4.508913],[-72.999429,4.508181]]}},{"type":"Feature","properties":{"linea":"19-6-12","palmas":12},"geometry":{"type":"LineString","coordinates":[[-72.999498,4.508954],[-72.999499,4.508059]]}},{"type":"Feature","properties":{"linea":"19-6-13","palmas":12},"geometry":{"type":"LineString","coordinates":[[-72.999568,4.508913],[-72.999569,4.508018]]}},{"type":"Feature","properties":{"linea":"19-6-14","palmas":13},"geometry":{"type":"LineString","coordinates":[[-72.999638,4.508954],[-72.999639,4.507977]]}},{"type":"Feature","properties":{"linea":"19-6-15","palmas":14},"geometry":{"type":"LineString","coordinates":[[-72.999708,4.508914],[-72.99971,4.507856]]}},{"type":"Feature","properties":{"linea":"19-6-16","palmas":15},"geometry":{"type":"LineString","coordinates":[[-72.999779,4.508954],[-72.99978,4.507815]]}},{"type":"Feature","properties":{"linea":"19-6-17","palmas":16},"geometry":{"type":"LineString","coordinates":[[-72.999849,4.508914],[-72.999851,4.507693]]}},{"type":"Feature","properties":{"linea":"19-6-18","palmas":17},"geometry":{"type":"LineString","coordinates":[[-72.999919,4.508954],[-72.999921,4.507652]]}},{"type":"Feature","properties":{"linea":"19-6-19","palmas":17},"geometry":{"type":"LineString","coordinates":[[-72.999989,4.508914],[-72.999991,4.507612]]}},{"type":"Feature","properties":{"linea":"19-6-2","palmas":3},"geometry":{"type":"LineString","coordinates":[[-72.998796,4.508953],[-72.998796,4.50879]]}},{"type":"Feature","properties":{"linea":"19-6-20","palmas":19},"geometry":{"type":"LineString","coordinates":[[-73.000059,4.508955],[-73.000062,4.50749]]}},{"type":"Feature","properties":{"linea":"19-6-21","palmas":19},"geometry":{"type":"LineString","coordinates":[[-73.00013,4.508914],[-73.000132,4.507449]]}},{"type":"Feature","properties":{"linea":"19-6-22","palmas":21},"geometry":{"type":"LineString","coordinates":[[-73.0002,4.508955],[-73.000202,4.507327]]}},{"type":"Feature","properties":{"linea":"19-6-23","palmas":21},"geometry":{"type":"LineString","coordinates":[[-73.00027,4.508914],[-73.000272,4.507287]]}},{"type":"Feature","properties":{"linea":"19-6-24","palmas":22},"geometry":{"type":"LineString","coordinates":[[-73.00034,4.508955],[-73.000343,4.507246]]}},{"type":"Feature","properties":{"linea":"19-6-25","palmas":23},"geometry":{"type":"LineString","coordinates":[[-73.000411,4.508914],[-73.000413,4.507124]]}},{"type":"Feature","properties":{"linea":"19-6-26","palmas":24},"geometry":{"type":"LineString","coordinates":[[-73.000481,4.508955],[-73.000483,4.507084]]}},{"type":"Feature","properties":{"linea":"19-6-27","palmas":21},"geometry":{"type":"LineString","coordinates":[[-73.000551,4.508915],[-73.000554,4.507043]]}},{"type":"Feature","properties":{"linea":"19-6-28","palmas":21},"geometry":{"type":"LineString","coordinates":[[-73.000621,4.508956],[-73.000624,4.506921]]}},{"type":"Feature","properties":{"linea":"19-6-29","palmas":22},"geometry":{"type":"LineString","coordinates":[[-73.000691,4.508915],[-73.000694,4.506799]]}},{"type":"Feature","properties":{"linea":"19-6-3","palmas":3},"geometry":{"type":"LineString","coordinates":[[-72.998866,4.508912],[-72.998866,4.508749]]}},{"type":"Feature","properties":{"linea":"19-6-30","palmas":21},"geometry":{"type":"LineString","coordinates":[[-73.000762,4.508956],[-73.000765,4.50684]]}},{"type":"Feature","properties":{"linea":"19-6-31","palmas":20},"geometry":{"type":"LineString","coordinates":[[-73.000832,4.508915],[-73.000835,4.506799]]}},{"type":"Feature","properties":{"linea":"19-6-32","palmas":19},"geometry":{"type":"LineString","coordinates":[[-73.000902,4.508956],[-73.000905,4.50684]]}},{"type":"Feature","properties":{"linea":"19-6-33","palmas":16},"geometry":{"type":"LineString","coordinates":[[-73.000974,4.50802],[-73.000975,4.5068]]}},{"type":"Feature","properties":{"linea":"19-6-34","palmas":15},"geometry":{"type":"LineString","coordinates":[[-73.001044,4.50798],[-73.001046,4.506841]]}},{"type":"Feature","properties":{"linea":"19-6-35","palmas":15},"geometry":{"type":"LineString","coordinates":[[-73.001114,4.507939],[-73.001116,4.5068]]}},{"type":"Feature","properties":{"linea":"19-6-36","palmas":8},"geometry":{"type":"LineString","coordinates":[[-73.001185,4.50741],[-73.001186,4.506841]]}},{"type":"Feature","properties":{"linea":"19-6-37","palmas":8},"geometry":{"type":"LineString","coordinates":[[-73.001255,4.50737],[-73.001256,4.5068]]}},{"type":"Feature","properties":{"linea":"19-6-38","palmas":7},"geometry":{"type":"LineString","coordinates":[[-73.001326,4.507329],[-73.001326,4.506841]]}},{"type":"Feature","properties":{"linea":"19-6-39","palmas":7},"geometry":{"type":"LineString","coordinates":[[-73.001396,4.507289],[-73.001397,4.5068]]}},{"type":"Feature","properties":{"linea":"19-6-4","palmas":5},"geometry":{"type":"LineString","coordinates":[[-72.998936,4.508953],[-72.998936,4.508628]]}},{"type":"Feature","properties":{"linea":"19-6-40","palmas":6},"geometry":{"type":"LineString","coordinates":[[-73.001466,4.507248],[-73.001467,4.506841]]}},{"type":"Feature","properties":{"linea":"19-6-41","palmas":5},"geometry":{"type":"LineString","coordinates":[[-73.001537,4.507126],[-73.001537,4.506801]]}},{"type":"Feature","properties":{"linea":"19-6-42","palmas":4},"geometry":{"type":"LineString","coordinates":[[-73.001607,4.507086],[-73.001607,4.506841]]}},{"type":"Feature","properties":{"linea":"19-6-43","palmas":4},"geometry":{"type":"LineString","coordinates":[[-73.001677,4.507045],[-73.001677,4.506801]]}},{"type":"Feature","properties":{"linea":"19-6-44","palmas":3},"geometry":{"type":"LineString","coordinates":[[-73.001747,4.507004],[-73.001748,4.506842]]}},{"type":"Feature","properties":{"linea":"19-6-45","palmas":3},"geometry":{"type":"LineString","coordinates":[[-73.001818,4.506964],[-73.001818,4.506801]]}},{"type":"Feature","properties":{"linea":"19-6-46","palmas":3},"geometry":{"type":"LineString","coordinates":[[-73.001888,4.507004],[-73.001888,4.506842]]}},{"type":"Feature","properties":{"linea":"19-6-47","palmas":2},"geometry":{"type":"LineString","coordinates":[[-73.001958,4.506882],[-73.001958,4.506801]]}},{"type":"Feature","properties":{"linea":"19-6-5","palmas":5},"geometry":{"type":"LineString","coordinates":[[-72.999006,4.508913],[-72.999007,4.508587]]}},{"type":"Feature","properties":{"linea":"19-6-6","palmas":6},"geometry":{"type":"LineString","coordinates":[[-72.999076,4.508953],[-72.999077,4.508546]]}},{"type":"Feature","properties":{"linea":"19-6-7","palmas":7},"geometry":{"type":"LineString","coordinates":[[-72.999147,4.508913],[-72.999147,4.508424]]}},{"type":"Feature","properties":{"linea":"19-6-8","palmas":9},"geometry":{"type":"LineString","coordinates":[[-72.999217,4.508953],[-72.999218,4.508303]]}},{"type":"Feature","properties":{"linea":"19-6-9","palmas":9},"geometry":{"type":"LineString","coordinates":[[-72.999287,4.508913],[-72.999288,4.508262]]}},{"type":"Feature","properties":{"linea":"19-7-1","palmas":3},"geometry":{"type":"LineString","coordinates":[[-73.003389,4.504679],[-73.003389,4.504516]]}},{"type":"Feature","properties":{"linea":"19-7-10","palmas":27},"geometry":{"type":"LineString","coordinates":[[-73.004018,4.506674],[-73.004021,4.504558]]}},{"type":"Feature","properties":{"linea":"19-7-11","palmas":27},"geometry":{"type":"LineString","coordinates":[[-73.004088,4.506633],[-73.004091,4.504518]]}},{"type":"Feature","properties":{"linea":"19-7-12","palmas":27},"geometry":{"type":"LineString","coordinates":[[-73.004158,4.506674],[-73.004161,4.504558]]}},{"type":"Feature","properties":{"linea":"19-7-13","palmas":27},"geometry":{"type":"LineString","coordinates":[[-73.004228,4.506633],[-73.004231,4.504518]]}},{"type":"Feature","properties":{"linea":"19-7-14","palmas":27},"geometry":{"type":"LineString","coordinates":[[-73.004298,4.506674],[-73.004302,4.504559]]}},{"type":"Feature","properties":{"linea":"19-7-15","palmas":27},"geometry":{"type":"LineString","coordinates":[[-73.004369,4.506634],[-73.004372,4.504518]]}},{"type":"Feature","properties":{"linea":"19-7-16","palmas":27},"geometry":{"type":"LineString","coordinates":[[-73.004439,4.506674],[-73.004442,4.504559]]}},{"type":"Feature","properties":{"linea":"19-7-17","palmas":27},"geometry":{"type":"LineString","coordinates":[[-73.004509,4.506634],[-73.004512,4.504518]]}},{"type":"Feature","properties":{"linea":"19-7-18","palmas":27},"geometry":{"type":"LineString","coordinates":[[-73.004579,4.506675],[-73.004582,4.504559]]}},{"type":"Feature","properties":{"linea":"19-7-19","palmas":27},"geometry":{"type":"LineString","coordinates":[[-73.004649,4.506634],[-73.004653,4.504518]]}},{"type":"Feature","properties":{"linea":"19-7-2","palmas":5},"geometry":{"type":"LineString","coordinates":[[-73.003458,4.504883],[-73.003459,4.504557]]}},{"type":"Feature","properties":{"linea":"19-7-20","palmas":27},"geometry":{"type":"LineString","coordinates":[[-73.00472,4.506675],[-73.004723,4.504559]]}},{"type":"Feature","properties":{"linea":"19-7-21","palmas":27},"geometry":{"type":"LineString","coordinates":[[-73.00479,4.506634],[-73.004793,4.504519]]}},{"type":"Feature","properties":{"linea":"19-7-22","palmas":27},"geometry":{"type":"LineString","coordinates":[[-73.00486,4.506675],[-73.004863,4.504559]]}},{"type":"Feature","properties":{"linea":"19-7-23","palmas":18},"geometry":{"type":"LineString","coordinates":[[-73.004931,4.506634],[-73.004932,4.505251]]}},{"type":"Feature","properties":{"linea":"19-7-24","palmas":17},"geometry":{"type":"LineString","coordinates":[[-73.005001,4.506675],[-73.005003,4.505373]]}},{"type":"Feature","properties":{"linea":"19-7-25","palmas":15},"geometry":{"type":"LineString","coordinates":[[-73.005071,4.506635],[-73.005072,4.505496]]}},{"type":"Feature","properties":{"linea":"19-7-26","palmas":13},"geometry":{"type":"LineString","coordinates":[[-73.005141,4.506676],[-73.005143,4.505699]]}},{"type":"Feature","properties":{"linea":"19-7-27","palmas":12},"geometry":{"type":"LineString","coordinates":[[-73.005211,4.506635],[-73.005212,4.50574]]}},{"type":"Feature","properties":{"linea":"19-7-28","palmas":12},"geometry":{"type":"LineString","coordinates":[[-73.005281,4.506676],[-73.005283,4.505781]]}},{"type":"Feature","properties":{"linea":"19-7-29","palmas":11},"geometry":{"type":"LineString","coordinates":[[-73.005352,4.506635],[-73.005353,4.505821]]}},{"type":"Feature","properties":{"linea":"19-7-3","palmas":9},"geometry":{"type":"LineString","coordinates":[[-73.003528,4.505168],[-73.003529,4.504517]]}},{"type":"Feature","properties":{"linea":"19-7-30","palmas":11},"geometry":{"type":"LineString","coordinates":[[-73.005422,4.506676],[-73.005423,4.505862]]}},{"type":"Feature","properties":{"linea":"19-7-31","palmas":10},"geometry":{"type":"LineString","coordinates":[[-73.005492,4.506635],[-73.005493,4.505903]]}},{"type":"Feature","properties":{"linea":"19-7-32","palmas":9},"geometry":{"type":"LineString","coordinates":[[-73.005562,4.506676],[-73.005563,4.506025]]}},{"type":"Feature","properties":{"linea":"19-7-33","palmas":8},"geometry":{"type":"LineString","coordinates":[[-73.005633,4.506636],[-73.005633,4.506066]]}},{"type":"Feature","properties":{"linea":"19-7-34","palmas":8},"geometry":{"type":"LineString","coordinates":[[-73.005703,4.506676],[-73.005704,4.506107]]}},{"type":"Feature","properties":{"linea":"19-7-35","palmas":7},"geometry":{"type":"LineString","coordinates":[[-73.005773,4.506636],[-73.005774,4.506147]]}},{"type":"Feature","properties":{"linea":"19-7-36","palmas":6},"geometry":{"type":"LineString","coordinates":[[-73.005843,4.506676],[-73.005844,4.50627]]}},{"type":"Feature","properties":{"linea":"19-7-37","palmas":5},"geometry":{"type":"LineString","coordinates":[[-73.005914,4.506636],[-73.005914,4.50631]]}},{"type":"Feature","properties":{"linea":"19-7-38","palmas":4},"geometry":{"type":"LineString","coordinates":[[-73.005984,4.506677],[-73.005984,4.506432]]}},{"type":"Feature","properties":{"linea":"19-7-39","palmas":3},"geometry":{"type":"LineString","coordinates":[[-73.006054,4.506636],[-73.006054,4.506473]]}},{"type":"Feature","properties":{"linea":"19-7-4","palmas":19},"geometry":{"type":"LineString","coordinates":[[-73.003596,4.506673],[-73.003599,4.504557]]}},{"type":"Feature","properties":{"linea":"19-7-40","palmas":3},"geometry":{"type":"LineString","coordinates":[[-73.006124,4.506677],[-73.006124,4.506514]]}},{"type":"Feature","properties":{"linea":"19-7-41","palmas":2},"geometry":{"type":"LineString","coordinates":[[-73.006194,4.506636],[-73.006194,4.506555]]}},{"type":"Feature","properties":{"linea":"19-7-42","palmas":2},"geometry":{"type":"LineString","coordinates":[[-73.006264,4.506677],[-73.006265,4.506596]]}},{"type":"Feature","properties":{"linea":"19-7-43","palmas":2},"geometry":{"type":"LineString","coordinates":[[-73.006335,4.506636],[-73.006335,4.506555]]}},{"type":"Feature","properties":{"linea":"19-7-44","palmas":2},"geometry":{"type":"LineString","coordinates":[[-73.006405,4.506677],[-73.006405,4.506596]]}},{"type":"Feature","properties":{"linea":"19-7-5","palmas":27},"geometry":{"type":"LineString","coordinates":[[-73.003667,4.506633],[-73.00367,4.504517]]}},{"type":"Feature","properties":{"linea":"19-7-6","palmas":27},"geometry":{"type":"LineString","coordinates":[[-73.003737,4.506673],[-73.00374,4.504558]]}},{"type":"Feature","properties":{"linea":"19-7-7","palmas":27},"geometry":{"type":"LineString","coordinates":[[-73.003807,4.506633],[-73.00381,4.504517]]}},{"type":"Feature","properties":{"linea":"19-7-8","palmas":27},"geometry":{"type":"LineString","coordinates":[[-73.003877,4.506674],[-73.00388,4.504558]]}},{"type":"Feature","properties":{"linea":"19-7-9","palmas":27},"geometry":{"type":"LineString","coordinates":[[-73.003947,4.506633],[-73.003951,4.504517]]}},{"type":"Feature","properties":{"linea":"19-8-1","palmas":2},"geometry":{"type":"LineString","coordinates":[[-73.000981,4.506631],[-73.000981,4.50655]]}},{"type":"Feature","properties":{"linea":"19-8-10","palmas":10},"geometry":{"type":"LineString","coordinates":[[-73.001613,4.506673],[-73.001614,4.505941]]}},{"type":"Feature","properties":{"linea":"19-8-11","palmas":11},"geometry":{"type":"LineString","coordinates":[[-73.001684,4.506632],[-73.001685,4.505819]]}},{"type":"Feature","properties":{"linea":"19-8-12","palmas":12},"geometry":{"type":"LineString","coordinates":[[-73.001754,4.506673],[-73.001755,4.505778]]}},{"type":"Feature","properties":{"linea":"19-8-13","palmas":13},"geometry":{"type":"LineString","coordinates":[[-73.001824,4.506633],[-73.001825,4.505656]]}},{"type":"Feature","properties":{"linea":"19-8-14","palmas":14},"geometry":{"type":"LineString","coordinates":[[-73.001894,4.506673],[-73.001896,4.505616]]}},{"type":"Feature","properties":{"linea":"19-8-15","palmas":14},"geometry":{"type":"LineString","coordinates":[[-73.001964,4.506633],[-73.001966,4.505575]]}},{"type":"Feature","properties":{"linea":"19-8-16","palmas":16},"geometry":{"type":"LineString","coordinates":[[-73.002034,4.506673],[-73.002036,4.505453]]}},{"type":"Feature","properties":{"linea":"19-8-17","palmas":16},"geometry":{"type":"LineString","coordinates":[[-73.002105,4.506633],[-73.002107,4.505412]]}},{"type":"Feature","properties":{"linea":"19-8-18","palmas":18},"geometry":{"type":"LineString","coordinates":[[-73.002175,4.506674],[-73.002177,4.50529]]}},{"type":"Feature","properties":{"linea":"19-8-19","palmas":18},"geometry":{"type":"LineString","coordinates":[[-73.002245,4.506633],[-73.002247,4.50525]]}},{"type":"Feature","properties":{"linea":"19-8-2","palmas":3},"geometry":{"type":"LineString","coordinates":[[-73.001051,4.506672],[-73.001052,4.506509]]}},{"type":"Feature","properties":{"linea":"19-8-20","palmas":18},"geometry":{"type":"LineString","coordinates":[[-73.002316,4.506593],[-73.002318,4.505209]]}},{"type":"Feature","properties":{"linea":"19-8-21","palmas":10},"geometry":{"type":"LineString","coordinates":[[-73.002386,4.506471],[-73.002387,4.505657]]}},{"type":"Feature","properties":{"linea":"19-8-3","palmas":4},"geometry":{"type":"LineString","coordinates":[[-73.001122,4.506631],[-73.001122,4.506387]]}},{"type":"Feature","properties":{"linea":"19-8-4","palmas":5},"geometry":{"type":"LineString","coordinates":[[-73.001192,4.506672],[-73.001193,4.506347]]}},{"type":"Feature","properties":{"linea":"19-8-5","palmas":6},"geometry":{"type":"LineString","coordinates":[[-73.001262,4.506632],[-73.001263,4.506225]]}},{"type":"Feature","properties":{"linea":"19-8-6","palmas":7},"geometry":{"type":"LineString","coordinates":[[-73.001333,4.506672],[-73.001333,4.506184]]}},{"type":"Feature","properties":{"linea":"19-8-7","palmas":7},"geometry":{"type":"LineString","coordinates":[[-73.001403,4.506632],[-73.001403,4.506144]]}},{"type":"Feature","properties":{"linea":"19-8-8","palmas":9},"geometry":{"type":"LineString","coordinates":[[-73.001473,4.506672],[-73.001474,4.506022]]}},{"type":"Feature","properties":{"linea":"19-8-9","palmas":9},"geometry":{"type":"LineString","coordinates":[[-73.001543,4.506632],[-73.001544,4.505981]]}},{"type":"Feature","properties":{"linea":"19-9-1","palmas":2},"geometry":{"type":"LineString","coordinates":[[-73.002405,4.501988],[-73.002405,4.501906]]}},{"type":"Feature","properties":{"linea":"19-9-10","palmas":22},"geometry":{"type":"LineString","coordinates":[[-73.003035,4.503494],[-73.003038,4.501785]]}},{"type":"Feature","properties":{"linea":"19-9-11","palmas":24},"geometry":{"type":"LineString","coordinates":[[-73.003105,4.503698],[-73.003107,4.501826]]}},{"type":"Feature","properties":{"linea":"19-9-12","palmas":27},"geometry":{"type":"LineString","coordinates":[[-73.003175,4.503901],[-73.003178,4.501786]]}},{"type":"Feature","properties":{"linea":"19-9-13","palmas":32},"geometry":{"type":"LineString","coordinates":[[-73.003244,4.504268],[-73.003248,4.501745]]}},{"type":"Feature","properties":{"linea":"19-9-14","palmas":33},"geometry":{"type":"LineString","coordinates":[[-73.003314,4.50439],[-73.003318,4.501786]]}},{"type":"Feature","properties":{"linea":"19-9-15","palmas":33},"geometry":{"type":"LineString","coordinates":[[-73.003385,4.504349],[-73.003389,4.501745]]}},{"type":"Feature","properties":{"linea":"19-9-16","palmas":33},"geometry":{"type":"LineString","coordinates":[[-73.003455,4.50439],[-73.003459,4.501786]]}},{"type":"Feature","properties":{"linea":"19-9-17","palmas":33},"geometry":{"type":"LineString","coordinates":[[-73.003525,4.504349],[-73.003529,4.501746]]}},{"type":"Feature","properties":{"linea":"19-9-18","palmas":34},"geometry":{"type":"LineString","coordinates":[[-73.003595,4.50439],[-73.003599,4.501705]]}},{"type":"Feature","properties":{"linea":"19-9-19","palmas":33},"geometry":{"type":"LineString","coordinates":[[-73.003666,4.50435],[-73.003669,4.501746]]}},{"type":"Feature","properties":{"linea":"19-9-2","palmas":5},"geometry":{"type":"LineString","coordinates":[[-73.002475,4.502191],[-73.002476,4.501866]]}},{"type":"Feature","properties":{"linea":"19-9-20","palmas":34},"geometry":{"type":"LineString","coordinates":[[-73.003736,4.50439],[-73.00374,4.501705]]}},{"type":"Feature","properties":{"linea":"19-9-21","palmas":33},"geometry":{"type":"LineString","coordinates":[[-73.003806,4.50435],[-73.00381,4.501746]]}},{"type":"Feature","properties":{"linea":"19-9-22","palmas":34},"geometry":{"type":"LineString","coordinates":[[-73.003876,4.504391],[-73.00388,4.501705]]}},{"type":"Feature","properties":{"linea":"19-9-23","palmas":34},"geometry":{"type":"LineString","coordinates":[[-73.003946,4.50435],[-73.003951,4.501665]]}},{"type":"Feature","properties":{"linea":"19-9-24","palmas":34},"geometry":{"type":"LineString","coordinates":[[-73.004017,4.504391],[-73.004021,4.501706]]}},{"type":"Feature","properties":{"linea":"19-9-25","palmas":34},"geometry":{"type":"LineString","coordinates":[[-73.004087,4.50435],[-73.004091,4.501665]]}},{"type":"Feature","properties":{"linea":"19-9-26","palmas":34},"geometry":{"type":"LineString","coordinates":[[-73.004157,4.504391],[-73.004161,4.501706]]}},{"type":"Feature","properties":{"linea":"19-9-27","palmas":34},"geometry":{"type":"LineString","coordinates":[[-73.004227,4.504351],[-73.004231,4.501665]]}},{"type":"Feature","properties":{"linea":"19-9-28","palmas":35},"geometry":{"type":"LineString","coordinates":[[-73.004298,4.504391],[-73.004302,4.501624]]}},{"type":"Feature","properties":{"linea":"19-9-29","palmas":34},"geometry":{"type":"LineString","coordinates":[[-73.004368,4.504351],[-73.004372,4.501665]]}},{"type":"Feature","properties":{"linea":"19-9-3","palmas":6},"geometry":{"type":"LineString","coordinates":[[-73.002545,4.502314],[-73.002546,4.501907]]}},{"type":"Feature","properties":{"linea":"19-9-30","palmas":35},"geometry":{"type":"LineString","coordinates":[[-73.004438,4.504391],[-73.004442,4.501625]]}},{"type":"Feature","properties":{"linea":"19-9-31","palmas":35},"geometry":{"type":"LineString","coordinates":[[-73.004508,4.504351],[-73.004512,4.501584]]}},{"type":"Feature","properties":{"linea":"19-9-32","palmas":35},"geometry":{"type":"LineString","coordinates":[[-73.004578,4.504392],[-73.004582,4.501625]]}},{"type":"Feature","properties":{"linea":"19-9-33","palmas":35},"geometry":{"type":"LineString","coordinates":[[-73.004649,4.504351],[-73.004653,4.501584]]}},{"type":"Feature","properties":{"linea":"19-9-34","palmas":35},"geometry":{"type":"LineString","coordinates":[[-73.004719,4.504392],[-73.004723,4.501625]]}},{"type":"Feature","properties":{"linea":"19-9-35","palmas":35},"geometry":{"type":"LineString","coordinates":[[-73.004789,4.504351],[-73.004793,4.501584]]}},{"type":"Feature","properties":{"linea":"19-9-36","palmas":32},"geometry":{"type":"LineString","coordinates":[[-73.004859,4.504392],[-73.004863,4.501625]]}},{"type":"Feature","properties":{"linea":"19-9-37","palmas":27},"geometry":{"type":"LineString","coordinates":[[-73.00493,4.504189],[-73.004934,4.501585]]}},{"type":"Feature","properties":{"linea":"19-9-38","palmas":19},"geometry":{"type":"LineString","coordinates":[[-73.005,4.504067],[-73.005002,4.502602]]}},{"type":"Feature","properties":{"linea":"19-9-39","palmas":16},"geometry":{"type":"LineString","coordinates":[[-73.005071,4.503945],[-73.005072,4.502724]]}},{"type":"Feature","properties":{"linea":"19-9-4","palmas":8},"geometry":{"type":"LineString","coordinates":[[-73.002615,4.502436],[-73.002616,4.501866]]}},{"type":"Feature","properties":{"linea":"19-9-40","palmas":14},"geometry":{"type":"LineString","coordinates":[[-73.005141,4.503823],[-73.005143,4.502765]]}},{"type":"Feature","properties":{"linea":"19-9-41","palmas":12},"geometry":{"type":"LineString","coordinates":[[-73.005211,4.503701],[-73.005213,4.502806]]}},{"type":"Feature","properties":{"linea":"19-9-42","palmas":10},"geometry":{"type":"LineString","coordinates":[[-73.005282,4.50366],[-73.005283,4.502928]]}},{"type":"Feature","properties":{"linea":"19-9-43","palmas":9},"geometry":{"type":"LineString","coordinates":[[-73.005352,4.50362],[-73.005353,4.502969]]}},{"type":"Feature","properties":{"linea":"19-9-44","palmas":6},"geometry":{"type":"LineString","coordinates":[[-73.005422,4.503498],[-73.005423,4.503091]]}},{"type":"Feature","properties":{"linea":"19-9-5","palmas":10},"geometry":{"type":"LineString","coordinates":[[-73.002685,4.502558],[-73.002686,4.501826]]}},{"type":"Feature","properties":{"linea":"19-9-6","palmas":12},"geometry":{"type":"LineString","coordinates":[[-73.002755,4.502761],[-73.002756,4.501866]]}},{"type":"Feature","properties":{"linea":"19-9-7","palmas":14},"geometry":{"type":"LineString","coordinates":[[-73.002825,4.502965],[-73.002827,4.501826]]}},{"type":"Feature","properties":{"linea":"19-9-8","palmas":16},"geometry":{"type":"LineString","coordinates":[[-73.002895,4.503087],[-73.002897,4.501867]]}},{"type":"Feature","properties":{"linea":"19-9-9","palmas":19},"geometry":{"type":"LineString","coordinates":[[-73.002965,4.503291],[-73.002967,4.501826]]}},{"type":"Feature","properties":{"linea":"231-1-10","palmas":12},"geometry":{"type":"LineString","coordinates":[[-72.894162,4.39563],[-72.894161,4.396525]]}},{"type":"Feature","properties":{"linea":"231-1-100","palmas":32},"geometry":{"type":"LineString","coordinates":[[-72.898096,4.394334],[-72.898099,4.391811]]}},{"type":"Feature","properties":{"linea":"231-1-101","palmas":32},"geometry":{"type":"LineString","coordinates":[[-72.898025,4.394374],[-72.898029,4.391852]]}},{"type":"Feature","properties":{"linea":"231-1-102","palmas":32},"geometry":{"type":"LineString","coordinates":[[-72.897955,4.394334],[-72.897959,4.391811]]}},{"type":"Feature","properties":{"linea":"231-1-103","palmas":32},"geometry":{"type":"LineString","coordinates":[[-72.897885,4.394374],[-72.897889,4.391852]]}},{"type":"Feature","properties":{"linea":"231-1-104","palmas":32},"geometry":{"type":"LineString","coordinates":[[-72.897815,4.394334],[-72.897819,4.391811]]}},{"type":"Feature","properties":{"linea":"231-1-105","palmas":32},"geometry":{"type":"LineString","coordinates":[[-72.897744,4.394374],[-72.897748,4.391852]]}},{"type":"Feature","properties":{"linea":"231-1-106","palmas":31},"geometry":{"type":"LineString","coordinates":[[-72.897674,4.394333],[-72.897678,4.391892]]}},{"type":"Feature","properties":{"linea":"231-1-107","palmas":31},"geometry":{"type":"LineString","coordinates":[[-72.897604,4.394374],[-72.897608,4.391933]]}},{"type":"Feature","properties":{"linea":"231-1-108","palmas":31},"geometry":{"type":"LineString","coordinates":[[-72.897534,4.394333],[-72.897538,4.391892]]}},{"type":"Feature","properties":{"linea":"231-1-109","palmas":31},"geometry":{"type":"LineString","coordinates":[[-72.897464,4.394374],[-72.897468,4.391933]]}},{"type":"Feature","properties":{"linea":"231-1-11","palmas":11},"geometry":{"type":"LineString","coordinates":[[-72.894232,4.395752],[-72.894231,4.396566]]}},{"type":"Feature","properties":{"linea":"231-1-110","palmas":31},"geometry":{"type":"LineString","coordinates":[[-72.897393,4.394333],[-72.897397,4.391892]]}},{"type":"Feature","properties":{"linea":"231-1-111","palmas":31},"geometry":{"type":"LineString","coordinates":[[-72.897323,4.394373],[-72.897327,4.391932]]}},{"type":"Feature","properties":{"linea":"231-1-112","palmas":30},"geometry":{"type":"LineString","coordinates":[[-72.897253,4.394333],[-72.897257,4.391973]]}},{"type":"Feature","properties":{"linea":"231-1-113","palmas":31},"geometry":{"type":"LineString","coordinates":[[-72.897183,4.394373],[-72.897187,4.391932]]}},{"type":"Feature","properties":{"linea":"231-1-114","palmas":30},"geometry":{"type":"LineString","coordinates":[[-72.897113,4.394332],[-72.897116,4.391973]]}},{"type":"Feature","properties":{"linea":"231-1-115","palmas":30},"geometry":{"type":"LineString","coordinates":[[-72.897042,4.394373],[-72.897046,4.392013]]}},{"type":"Feature","properties":{"linea":"231-1-116","palmas":30},"geometry":{"type":"LineString","coordinates":[[-72.896972,4.394332],[-72.896976,4.391973]]}},{"type":"Feature","properties":{"linea":"231-1-117","palmas":30},"geometry":{"type":"LineString","coordinates":[[-72.896902,4.394373],[-72.896906,4.392013]]}},{"type":"Feature","properties":{"linea":"231-1-118","palmas":30},"geometry":{"type":"LineString","coordinates":[[-72.896832,4.394332],[-72.896836,4.391972]]}},{"type":"Feature","properties":{"linea":"231-1-119","palmas":30},"geometry":{"type":"LineString","coordinates":[[-72.896761,4.394373],[-72.896765,4.392013]]}},{"type":"Feature","properties":{"linea":"231-1-12","palmas":9},"geometry":{"type":"LineString","coordinates":[[-72.894302,4.395874],[-72.894301,4.396525]]}},{"type":"Feature","properties":{"linea":"231-1-120","palmas":29},"geometry":{"type":"LineString","coordinates":[[-72.896691,4.394332],[-72.896695,4.392053]]}},{"type":"Feature","properties":{"linea":"231-1-121","palmas":30},"geometry":{"type":"LineString","coordinates":[[-72.896621,4.394372],[-72.896625,4.392013]]}},{"type":"Feature","properties":{"linea":"231-1-122","palmas":29},"geometry":{"type":"LineString","coordinates":[[-72.896551,4.394332],[-72.896554,4.392053]]}},{"type":"Feature","properties":{"linea":"231-1-123","palmas":29},"geometry":{"type":"LineString","coordinates":[[-72.896481,4.394372],[-72.896484,4.392094]]}},{"type":"Feature","properties":{"linea":"231-1-124","palmas":29},"geometry":{"type":"LineString","coordinates":[[-72.896411,4.394331],[-72.896414,4.392053]]}},{"type":"Feature","properties":{"linea":"231-1-125","palmas":29},"geometry":{"type":"LineString","coordinates":[[-72.89634,4.394372],[-72.896344,4.392094]]}},{"type":"Feature","properties":{"linea":"231-1-126","palmas":29},"geometry":{"type":"LineString","coordinates":[[-72.89627,4.394331],[-72.896274,4.392053]]}},{"type":"Feature","properties":{"linea":"231-1-127","palmas":29},"geometry":{"type":"LineString","coordinates":[[-72.8962,4.394372],[-72.896203,4.392093]]}},{"type":"Feature","properties":{"linea":"231-1-128","palmas":28},"geometry":{"type":"LineString","coordinates":[[-72.89613,4.394331],[-72.896133,4.392134]]}},{"type":"Feature","properties":{"linea":"231-1-129","palmas":29},"geometry":{"type":"LineString","coordinates":[[-72.896059,4.394371],[-72.896063,4.392093]]}},{"type":"Feature","properties":{"linea":"231-1-13","palmas":10},"geometry":{"type":"LineString","coordinates":[[-72.894372,4.395833],[-72.894371,4.396566]]}},{"type":"Feature","properties":{"linea":"231-1-130","palmas":28},"geometry":{"type":"LineString","coordinates":[[-72.895989,4.394331],[-72.895993,4.392134]]}},{"type":"Feature","properties":{"linea":"231-1-131","palmas":29},"geometry":{"type":"LineString","coordinates":[[-72.895919,4.394371],[-72.895923,4.392093]]}},{"type":"Feature","properties":{"linea":"231-1-132","palmas":28},"geometry":{"type":"LineString","coordinates":[[-72.895849,4.394331],[-72.895852,4.392133]]}},{"type":"Feature","properties":{"linea":"231-1-133","palmas":29},"geometry":{"type":"LineString","coordinates":[[-72.895779,4.394371],[-72.895782,4.392093]]}},{"type":"Feature","properties":{"linea":"231-1-134","palmas":28},"geometry":{"type":"LineString","coordinates":[[-72.895708,4.39433],[-72.895712,4.392133]]}},{"type":"Feature","properties":{"linea":"231-1-135","palmas":28},"geometry":{"type":"LineString","coordinates":[[-72.895638,4.394371],[-72.895642,4.392174]]}},{"type":"Feature","properties":{"linea":"231-1-136","palmas":28},"geometry":{"type":"LineString","coordinates":[[-72.895568,4.39433],[-72.895571,4.392133]]}},{"type":"Feature","properties":{"linea":"231-1-137","palmas":28},"geometry":{"type":"LineString","coordinates":[[-72.895498,4.394371],[-72.895501,4.392174]]}},{"type":"Feature","properties":{"linea":"231-1-138","palmas":27},"geometry":{"type":"LineString","coordinates":[[-72.895428,4.39433],[-72.895431,4.392214]]}},{"type":"Feature","properties":{"linea":"231-1-139","palmas":28},"geometry":{"type":"LineString","coordinates":[[-72.895357,4.39437],[-72.895361,4.392173]]}},{"type":"Feature","properties":{"linea":"231-1-14","palmas":11},"geometry":{"type":"LineString","coordinates":[[-72.894443,4.395711],[-72.894441,4.396525]]}},{"type":"Feature","properties":{"linea":"231-1-140","palmas":27},"geometry":{"type":"LineString","coordinates":[[-72.895287,4.394329],[-72.895291,4.392214]]}},{"type":"Feature","properties":{"linea":"231-1-141","palmas":28},"geometry":{"type":"LineString","coordinates":[[-72.895217,4.39437],[-72.89522,4.392173]]}},{"type":"Feature","properties":{"linea":"231-1-142","palmas":27},"geometry":{"type":"LineString","coordinates":[[-72.895147,4.394329],[-72.89515,4.392214]]}},{"type":"Feature","properties":{"linea":"231-1-143","palmas":27},"geometry":{"type":"LineString","coordinates":[[-72.895076,4.39437],[-72.89508,4.392254]]}},{"type":"Feature","properties":{"linea":"231-1-144","palmas":27},"geometry":{"type":"LineString","coordinates":[[-72.895006,4.394329],[-72.89501,4.392213]]}},{"type":"Feature","properties":{"linea":"231-1-145","palmas":27},"geometry":{"type":"LineString","coordinates":[[-72.894936,4.39437],[-72.894939,4.392254]]}},{"type":"Feature","properties":{"linea":"231-1-146","palmas":26},"geometry":{"type":"LineString","coordinates":[[-72.894866,4.394329],[-72.894869,4.392295]]}},{"type":"Feature","properties":{"linea":"231-1-147","palmas":27},"geometry":{"type":"LineString","coordinates":[[-72.894796,4.394369],[-72.894799,4.392254]]}},{"type":"Feature","properties":{"linea":"231-1-148","palmas":26},"geometry":{"type":"LineString","coordinates":[[-72.894726,4.394329],[-72.894729,4.392294]]}},{"type":"Feature","properties":{"linea":"231-1-149","palmas":26},"geometry":{"type":"LineString","coordinates":[[-72.894655,4.394369],[-72.894659,4.392335]]}},{"type":"Feature","properties":{"linea":"231-1-15","palmas":12},"geometry":{"type":"LineString","coordinates":[[-72.894513,4.395671],[-72.894511,4.396566]]}},{"type":"Feature","properties":{"linea":"231-1-150","palmas":26},"geometry":{"type":"LineString","coordinates":[[-72.894585,4.394328],[-72.894588,4.392294]]}},{"type":"Feature","properties":{"linea":"231-1-151","palmas":26},"geometry":{"type":"LineString","coordinates":[[-72.894515,4.394369],[-72.894518,4.392335]]}},{"type":"Feature","properties":{"linea":"231-1-152","palmas":25},"geometry":{"type":"LineString","coordinates":[[-72.894445,4.394328],[-72.894448,4.392375]]}},{"type":"Feature","properties":{"linea":"231-1-153","palmas":26},"geometry":{"type":"LineString","coordinates":[[-72.894374,4.394369],[-72.894378,4.392334]]}},{"type":"Feature","properties":{"linea":"231-1-154","palmas":25},"geometry":{"type":"LineString","coordinates":[[-72.894304,4.394328],[-72.894308,4.392375]]}},{"type":"Feature","properties":{"linea":"231-1-155","palmas":25},"geometry":{"type":"LineString","coordinates":[[-72.894234,4.394369],[-72.894237,4.392416]]}},{"type":"Feature","properties":{"linea":"231-1-156","palmas":25},"geometry":{"type":"LineString","coordinates":[[-72.894164,4.394328],[-72.894167,4.392375]]}},{"type":"Feature","properties":{"linea":"231-1-157","palmas":25},"geometry":{"type":"LineString","coordinates":[[-72.894094,4.394368],[-72.894097,4.392416]]}},{"type":"Feature","properties":{"linea":"231-1-158","palmas":25},"geometry":{"type":"LineString","coordinates":[[-72.894024,4.394328],[-72.894027,4.392375]]}},{"type":"Feature","properties":{"linea":"231-1-159","palmas":25},"geometry":{"type":"LineString","coordinates":[[-72.893953,4.394368],[-72.893956,4.392415]]}},{"type":"Feature","properties":{"linea":"231-1-16","palmas":13},"geometry":{"type":"LineString","coordinates":[[-72.894583,4.395549],[-72.894582,4.396526]]}},{"type":"Feature","properties":{"linea":"231-1-160","palmas":24},"geometry":{"type":"LineString","coordinates":[[-72.893883,4.394327],[-72.893886,4.392456]]}},{"type":"Feature","properties":{"linea":"231-1-161","palmas":25},"geometry":{"type":"LineString","coordinates":[[-72.893813,4.394368],[-72.893816,4.392415]]}},{"type":"Feature","properties":{"linea":"231-1-162","palmas":24},"geometry":{"type":"LineString","coordinates":[[-72.893743,4.394327],[-72.893746,4.392456]]}},{"type":"Feature","properties":{"linea":"231-1-163","palmas":24},"geometry":{"type":"LineString","coordinates":[[-72.893673,4.394368],[-72.893675,4.392496]]}},{"type":"Feature","properties":{"linea":"231-1-164","palmas":24},"geometry":{"type":"LineString","coordinates":[[-72.893602,4.394327],[-72.893605,4.392455]]}},{"type":"Feature","properties":{"linea":"231-1-165","palmas":24},"geometry":{"type":"LineString","coordinates":[[-72.893532,4.394368],[-72.893535,4.392496]]}},{"type":"Feature","properties":{"linea":"231-1-166","palmas":21},"geometry":{"type":"LineString","coordinates":[[-72.893462,4.394083],[-72.893465,4.392455]]}},{"type":"Feature","properties":{"linea":"231-1-167","palmas":16},"geometry":{"type":"LineString","coordinates":[[-72.893393,4.393716],[-72.893394,4.392496]]}},{"type":"Feature","properties":{"linea":"231-1-17","palmas":27},"geometry":{"type":"LineString","coordinates":[[-72.894655,4.394451],[-72.894652,4.396566]]}},{"type":"Feature","properties":{"linea":"231-1-18","palmas":26},"geometry":{"type":"LineString","coordinates":[[-72.894725,4.394491],[-72.894722,4.396526]]}},{"type":"Feature","properties":{"linea":"231-1-19","palmas":27},"geometry":{"type":"LineString","coordinates":[[-72.894796,4.394451],[-72.894792,4.396566]]}},{"type":"Feature","properties":{"linea":"231-1-2","palmas":4},"geometry":{"type":"LineString","coordinates":[[-72.893602,4.39449],[-72.893602,4.394734]]}},{"type":"Feature","properties":{"linea":"231-1-20","palmas":26},"geometry":{"type":"LineString","coordinates":[[-72.894866,4.394492],[-72.894863,4.396526]]}},{"type":"Feature","properties":{"linea":"231-1-21","palmas":27},"geometry":{"type":"LineString","coordinates":[[-72.894936,4.394451],[-72.894933,4.396567]]}},{"type":"Feature","properties":{"linea":"231-1-22","palmas":22},"geometry":{"type":"LineString","coordinates":[[-72.895006,4.394492],[-72.895003,4.396201]]}},{"type":"Feature","properties":{"linea":"231-1-23","palmas":20},"geometry":{"type":"LineString","coordinates":[[-72.895076,4.394451],[-72.895074,4.395997]]}},{"type":"Feature","properties":{"linea":"231-1-24","palmas":18},"geometry":{"type":"LineString","coordinates":[[-72.895147,4.394492],[-72.895144,4.395875]]}},{"type":"Feature","properties":{"linea":"231-1-25","palmas":16},"geometry":{"type":"LineString","coordinates":[[-72.895217,4.394451],[-72.895215,4.395672]]}},{"type":"Feature","properties":{"linea":"231-1-26","palmas":19},"geometry":{"type":"LineString","coordinates":[[-72.895287,4.394492],[-72.895284,4.396608]]}},{"type":"Feature","properties":{"linea":"231-1-27","palmas":21},"geometry":{"type":"LineString","coordinates":[[-72.895357,4.394452],[-72.895354,4.396568]]}},{"type":"Feature","properties":{"linea":"231-1-28","palmas":17},"geometry":{"type":"LineString","coordinates":[[-72.895428,4.394493],[-72.895424,4.396608]]}},{"type":"Feature","properties":{"linea":"231-1-29","palmas":17},"geometry":{"type":"LineString","coordinates":[[-72.895498,4.394452],[-72.895494,4.396568]]}},{"type":"Feature","properties":{"linea":"231-1-3","palmas":9},"geometry":{"type":"LineString","coordinates":[[-72.893672,4.394449],[-72.893671,4.3951]]}},{"type":"Feature","properties":{"linea":"231-1-30","palmas":16},"geometry":{"type":"LineString","coordinates":[[-72.895568,4.394493],[-72.895564,4.396608]]}},{"type":"Feature","properties":{"linea":"231-1-31","palmas":16},"geometry":{"type":"LineString","coordinates":[[-72.895638,4.394452],[-72.895635,4.396568]]}},{"type":"Feature","properties":{"linea":"231-1-32","palmas":16},"geometry":{"type":"LineString","coordinates":[[-72.895708,4.394493],[-72.895705,4.396609]]}},{"type":"Feature","properties":{"linea":"231-1-33","palmas":10},"geometry":{"type":"LineString","coordinates":[[-72.895778,4.394453],[-72.895775,4.396568]]}},{"type":"Feature","properties":{"linea":"231-1-34","palmas":10},"geometry":{"type":"LineString","coordinates":[[-72.895849,4.394493],[-72.895845,4.396609]]}},{"type":"Feature","properties":{"linea":"231-1-35","palmas":14},"geometry":{"type":"LineString","coordinates":[[-72.895919,4.394453],[-72.895916,4.396568]]}},{"type":"Feature","properties":{"linea":"231-1-36","palmas":21},"geometry":{"type":"LineString","coordinates":[[-72.895989,4.394493],[-72.895986,4.396609]]}},{"type":"Feature","properties":{"linea":"231-1-37","palmas":27},"geometry":{"type":"LineString","coordinates":[[-72.896059,4.394453],[-72.896056,4.396569]]}},{"type":"Feature","properties":{"linea":"231-1-38","palmas":27},"geometry":{"type":"LineString","coordinates":[[-72.896129,4.394494],[-72.896126,4.396609]]}},{"type":"Feature","properties":{"linea":"231-1-39","palmas":27},"geometry":{"type":"LineString","coordinates":[[-72.8962,4.394453],[-72.896196,4.396569]]}},{"type":"Feature","properties":{"linea":"231-1-4","palmas":13},"geometry":{"type":"LineString","coordinates":[[-72.893743,4.39449],[-72.893741,4.395466]]}},{"type":"Feature","properties":{"linea":"231-1-40","palmas":27},"geometry":{"type":"LineString","coordinates":[[-72.89627,4.394494],[-72.896266,4.396609]]}},{"type":"Feature","properties":{"linea":"231-1-41","palmas":27},"geometry":{"type":"LineString","coordinates":[[-72.89634,4.394453],[-72.896337,4.396569]]}},{"type":"Feature","properties":{"linea":"231-1-42","palmas":27},"geometry":{"type":"LineString","coordinates":[[-72.89641,4.394494],[-72.896407,4.39661]]}},{"type":"Feature","properties":{"linea":"231-1-43","palmas":27},"geometry":{"type":"LineString","coordinates":[[-72.896481,4.394454],[-72.896477,4.396569]]}},{"type":"Feature","properties":{"linea":"231-1-44","palmas":27},"geometry":{"type":"LineString","coordinates":[[-72.896551,4.394494],[-72.896547,4.39661]]}},{"type":"Feature","properties":{"linea":"231-1-45","palmas":27},"geometry":{"type":"LineString","coordinates":[[-72.896621,4.394454],[-72.896618,4.396569]]}},{"type":"Feature","properties":{"linea":"231-1-46","palmas":27},"geometry":{"type":"LineString","coordinates":[[-72.896691,4.394494],[-72.896688,4.39661]]}},{"type":"Feature","properties":{"linea":"231-1-47","palmas":27},"geometry":{"type":"LineString","coordinates":[[-72.896761,4.394454],[-72.896758,4.39657]]}},{"type":"Feature","properties":{"linea":"231-1-48","palmas":27},"geometry":{"type":"LineString","coordinates":[[-72.896831,4.394495],[-72.896828,4.39661]]}},{"type":"Feature","properties":{"linea":"231-1-49","palmas":27},"geometry":{"type":"LineString","coordinates":[[-72.896902,4.394454],[-72.896898,4.39657]]}},{"type":"Feature","properties":{"linea":"231-1-5","palmas":16},"geometry":{"type":"LineString","coordinates":[[-72.893813,4.394449],[-72.893811,4.39567]]}},{"type":"Feature","properties":{"linea":"231-1-50","palmas":27},"geometry":{"type":"LineString","coordinates":[[-72.896972,4.394495],[-72.896969,4.396611]]}},{"type":"Feature","properties":{"linea":"231-1-51","palmas":27},"geometry":{"type":"LineString","coordinates":[[-72.897042,4.394454],[-72.897039,4.39657]]}},{"type":"Feature","properties":{"linea":"231-1-52","palmas":27},"geometry":{"type":"LineString","coordinates":[[-72.897112,4.394495],[-72.897109,4.396611]]}},{"type":"Feature","properties":{"linea":"231-1-53","palmas":27},"geometry":{"type":"LineString","coordinates":[[-72.897182,4.394455],[-72.897179,4.39657]]}},{"type":"Feature","properties":{"linea":"231-1-54","palmas":27},"geometry":{"type":"LineString","coordinates":[[-72.897253,4.394495],[-72.897249,4.396611]]}},{"type":"Feature","properties":{"linea":"231-1-55","palmas":27},"geometry":{"type":"LineString","coordinates":[[-72.897323,4.394455],[-72.89732,4.396571]]}},{"type":"Feature","properties":{"linea":"231-1-56","palmas":27},"geometry":{"type":"LineString","coordinates":[[-72.897393,4.394496],[-72.89739,4.396611]]}},{"type":"Feature","properties":{"linea":"231-1-57","palmas":27},"geometry":{"type":"LineString","coordinates":[[-72.897463,4.394455],[-72.89746,4.396571]]}},{"type":"Feature","properties":{"linea":"231-1-58","palmas":27},"geometry":{"type":"LineString","coordinates":[[-72.897534,4.394496],[-72.89753,4.396611]]}},{"type":"Feature","properties":{"linea":"231-1-59","palmas":27},"geometry":{"type":"LineString","coordinates":[[-72.897604,4.394455],[-72.897601,4.396571]]}},{"type":"Feature","properties":{"linea":"231-1-6","palmas":21},"geometry":{"type":"LineString","coordinates":[[-72.893883,4.39449],[-72.89388,4.396118]]}},{"type":"Feature","properties":{"linea":"231-1-60","palmas":27},"geometry":{"type":"LineString","coordinates":[[-72.897674,4.394496],[-72.897671,4.396612]]}},{"type":"Feature","properties":{"linea":"231-1-61","palmas":27},"geometry":{"type":"LineString","coordinates":[[-72.897744,4.394456],[-72.897741,4.396571]]}},{"type":"Feature","properties":{"linea":"231-1-62","palmas":27},"geometry":{"type":"LineString","coordinates":[[-72.897814,4.394496],[-72.897811,4.396612]]}},{"type":"Feature","properties":{"linea":"231-1-63","palmas":27},"geometry":{"type":"LineString","coordinates":[[-72.897885,4.394456],[-72.897881,4.396571]]}},{"type":"Feature","properties":{"linea":"231-1-64","palmas":27},"geometry":{"type":"LineString","coordinates":[[-72.897955,4.394496],[-72.897951,4.396612]]}},{"type":"Feature","properties":{"linea":"231-1-65","palmas":27},"geometry":{"type":"LineString","coordinates":[[-72.898025,4.394456],[-72.898022,4.396572]]}},{"type":"Feature","properties":{"linea":"231-1-66","palmas":27},"geometry":{"type":"LineString","coordinates":[[-72.898095,4.394497],[-72.898092,4.396613]]}},{"type":"Feature","properties":{"linea":"231-1-67","palmas":27},"geometry":{"type":"LineString","coordinates":[[-72.898166,4.394456],[-72.898162,4.396572]]}},{"type":"Feature","properties":{"linea":"231-1-68","palmas":27},"geometry":{"type":"LineString","coordinates":[[-72.898236,4.394497],[-72.898232,4.396613]]}},{"type":"Feature","properties":{"linea":"231-1-69","palmas":27},"geometry":{"type":"LineString","coordinates":[[-72.898306,4.394456],[-72.898302,4.396572]]}},{"type":"Feature","properties":{"linea":"231-1-7","palmas":24},"geometry":{"type":"LineString","coordinates":[[-72.893953,4.394449],[-72.89395,4.396321]]}},{"type":"Feature","properties":{"linea":"231-1-70","palmas":27},"geometry":{"type":"LineString","coordinates":[[-72.898376,4.394497],[-72.898373,4.396613]]}},{"type":"Feature","properties":{"linea":"231-1-71","palmas":27},"geometry":{"type":"LineString","coordinates":[[-72.898446,4.394457],[-72.898443,4.396572]]}},{"type":"Feature","properties":{"linea":"231-1-72","palmas":27},"geometry":{"type":"LineString","coordinates":[[-72.898516,4.394498],[-72.898513,4.396613]]}},{"type":"Feature","properties":{"linea":"231-1-73","palmas":27},"geometry":{"type":"LineString","coordinates":[[-72.898587,4.394457],[-72.898583,4.396573]]}},{"type":"Feature","properties":{"linea":"231-1-74","palmas":27},"geometry":{"type":"LineString","coordinates":[[-72.898657,4.394498],[-72.898654,4.396613]]}},{"type":"Feature","properties":{"linea":"231-1-75","palmas":27},"geometry":{"type":"LineString","coordinates":[[-72.898727,4.394457],[-72.898724,4.396573]]}},{"type":"Feature","properties":{"linea":"231-1-76","palmas":27},"geometry":{"type":"LineString","coordinates":[[-72.898797,4.394498],[-72.898794,4.396614]]}},{"type":"Feature","properties":{"linea":"231-1-77","palmas":27},"geometry":{"type":"LineString","coordinates":[[-72.898868,4.394457],[-72.898864,4.396573]]}},{"type":"Feature","properties":{"linea":"231-1-78","palmas":27},"geometry":{"type":"LineString","coordinates":[[-72.898938,4.394498],[-72.898934,4.396614]]}},{"type":"Feature","properties":{"linea":"231-1-79","palmas":27},"geometry":{"type":"LineString","coordinates":[[-72.899008,4.394458],[-72.899005,4.396573]]}},{"type":"Feature","properties":{"linea":"231-1-8","palmas":24},"geometry":{"type":"LineString","coordinates":[[-72.894023,4.394653],[-72.89402,4.396524]]}},{"type":"Feature","properties":{"linea":"231-1-80","palmas":27},"geometry":{"type":"LineString","coordinates":[[-72.899078,4.394498],[-72.899075,4.396614]]}},{"type":"Feature","properties":{"linea":"231-1-81","palmas":25},"geometry":{"type":"LineString","coordinates":[[-72.899148,4.394621],[-72.899145,4.396573]]}},{"type":"Feature","properties":{"linea":"231-1-82","palmas":24},"geometry":{"type":"LineString","coordinates":[[-72.899218,4.394743],[-72.899215,4.396614]]}},{"type":"Feature","properties":{"linea":"231-1-83","palmas":20},"geometry":{"type":"LineString","coordinates":[[-72.899288,4.395028],[-72.899286,4.396574]]}},{"type":"Feature","properties":{"linea":"231-1-84","palmas":18},"geometry":{"type":"LineString","coordinates":[[-72.899358,4.395231],[-72.899356,4.396614]]}},{"type":"Feature","properties":{"linea":"231-1-85","palmas":3},"geometry":{"type":"LineString","coordinates":[[-72.899426,4.396411],[-72.899426,4.396574]]}},{"type":"Feature","properties":{"linea":"231-1-87","palmas":4},"geometry":{"type":"LineString","coordinates":[[-72.899008,4.394376],[-72.899009,4.394132]]}},{"type":"Feature","properties":{"linea":"231-1-88","palmas":7},"geometry":{"type":"LineString","coordinates":[[-72.898938,4.394335],[-72.898939,4.393847]]}},{"type":"Feature","properties":{"linea":"231-1-89","palmas":11},"geometry":{"type":"LineString","coordinates":[[-72.898868,4.394376],[-72.898869,4.393562]]}},{"type":"Feature","properties":{"linea":"231-1-9","palmas":13},"geometry":{"type":"LineString","coordinates":[[-72.894092,4.395589],[-72.89409,4.396565]]}},{"type":"Feature","properties":{"linea":"231-1-90","palmas":14},"geometry":{"type":"LineString","coordinates":[[-72.898798,4.394335],[-72.898799,4.393277]]}},{"type":"Feature","properties":{"linea":"231-1-91","palmas":16},"geometry":{"type":"LineString","coordinates":[[-72.898727,4.394376],[-72.898729,4.393155]]}},{"type":"Feature","properties":{"linea":"231-1-92","palmas":20},"geometry":{"type":"LineString","coordinates":[[-72.898657,4.394335],[-72.898659,4.392789]]}},{"type":"Feature","properties":{"linea":"231-1-93","palmas":22},"geometry":{"type":"LineString","coordinates":[[-72.898587,4.394376],[-72.898589,4.392667]]}},{"type":"Feature","properties":{"linea":"231-1-94","palmas":24},"geometry":{"type":"LineString","coordinates":[[-72.898517,4.394335],[-72.89852,4.392463]]}},{"type":"Feature","properties":{"linea":"231-1-95","palmas":29},"geometry":{"type":"LineString","coordinates":[[-72.898446,4.394375],[-72.89845,4.392097]]}},{"type":"Feature","properties":{"linea":"231-1-96","palmas":31},"geometry":{"type":"LineString","coordinates":[[-72.898376,4.394334],[-72.89838,4.391893]]}},{"type":"Feature","properties":{"linea":"231-1-97","palmas":33},"geometry":{"type":"LineString","coordinates":[[-72.898306,4.394375],[-72.89831,4.391771]]}},{"type":"Feature","properties":{"linea":"231-1-98","palmas":32},"geometry":{"type":"LineString","coordinates":[[-72.898236,4.394334],[-72.89824,4.391812]]}},{"type":"Feature","properties":{"linea":"231-1-99","palmas":33},"geometry":{"type":"LineString","coordinates":[[-72.898166,4.394375],[-72.89817,4.391771]]}},{"type":"Feature","properties":{"linea":"231-10-1","palmas":29},"geometry":{"type":"LineString","coordinates":[[-72.897478,4.411704],[-72.897474,4.413982]]}},{"type":"Feature","properties":{"linea":"231-10-10","palmas":23},"geometry":{"type":"LineString","coordinates":[[-72.896846,4.411743],[-72.896843,4.413533]]}},{"type":"Feature","properties":{"linea":"231-10-100","palmas":27},"geometry":{"type":"LineString","coordinates":[[-72.897127,4.411581],[-72.89713,4.409465]]}},{"type":"Feature","properties":{"linea":"231-10-101","palmas":27},"geometry":{"type":"LineString","coordinates":[[-72.897197,4.411622],[-72.897201,4.409506]]}},{"type":"Feature","properties":{"linea":"231-10-102","palmas":27},"geometry":{"type":"LineString","coordinates":[[-72.897268,4.411581],[-72.897271,4.409466]]}},{"type":"Feature","properties":{"linea":"231-10-103","palmas":27},"geometry":{"type":"LineString","coordinates":[[-72.897338,4.411622],[-72.897341,4.409506]]}},{"type":"Feature","properties":{"linea":"231-10-104","palmas":27},"geometry":{"type":"LineString","coordinates":[[-72.897408,4.411581],[-72.897411,4.409466]]}},{"type":"Feature","properties":{"linea":"231-10-105","palmas":27},"geometry":{"type":"LineString","coordinates":[[-72.897478,4.411622],[-72.897481,4.409506]]}},{"type":"Feature","properties":{"linea":"231-10-11","palmas":23},"geometry":{"type":"LineString","coordinates":[[-72.896776,4.411703],[-72.896773,4.413493]]}},{"type":"Feature","properties":{"linea":"231-10-12","palmas":22},"geometry":{"type":"LineString","coordinates":[[-72.896706,4.411743],[-72.896703,4.413452]]}},{"type":"Feature","properties":{"linea":"231-10-13","palmas":22},"geometry":{"type":"LineString","coordinates":[[-72.896635,4.411702],[-72.896633,4.413411]]}},{"type":"Feature","properties":{"linea":"231-10-14","palmas":20},"geometry":{"type":"LineString","coordinates":[[-72.896565,4.411743],[-72.896563,4.413289]]}},{"type":"Feature","properties":{"linea":"231-10-15","palmas":20},"geometry":{"type":"LineString","coordinates":[[-72.896495,4.411702],[-72.896493,4.413248]]}},{"type":"Feature","properties":{"linea":"231-10-16","palmas":19},"geometry":{"type":"LineString","coordinates":[[-72.896425,4.411743],[-72.896422,4.413207]]}},{"type":"Feature","properties":{"linea":"231-10-17","palmas":18},"geometry":{"type":"LineString","coordinates":[[-72.896354,4.411702],[-72.896352,4.413085]]}},{"type":"Feature","properties":{"linea":"231-10-18","palmas":17},"geometry":{"type":"LineString","coordinates":[[-72.896284,4.411742],[-72.896282,4.413044]]}},{"type":"Feature","properties":{"linea":"231-10-19","palmas":17},"geometry":{"type":"LineString","coordinates":[[-72.896214,4.411701],[-72.896212,4.413003]]}},{"type":"Feature","properties":{"linea":"231-10-2","palmas":28},"geometry":{"type":"LineString","coordinates":[[-72.897407,4.411744],[-72.897404,4.413941]]}},{"type":"Feature","properties":{"linea":"231-10-20","palmas":15},"geometry":{"type":"LineString","coordinates":[[-72.896144,4.411742],[-72.896142,4.412881]]}},{"type":"Feature","properties":{"linea":"231-10-21","palmas":15},"geometry":{"type":"LineString","coordinates":[[-72.896074,4.411701],[-72.896072,4.412841]]}},{"type":"Feature","properties":{"linea":"231-10-22","palmas":14},"geometry":{"type":"LineString","coordinates":[[-72.896003,4.411742],[-72.896002,4.4128]]}},{"type":"Feature","properties":{"linea":"231-10-23","palmas":14},"geometry":{"type":"LineString","coordinates":[[-72.895933,4.411701],[-72.895932,4.412759]]}},{"type":"Feature","properties":{"linea":"231-10-24","palmas":12},"geometry":{"type":"LineString","coordinates":[[-72.895863,4.411742],[-72.895862,4.412637]]}},{"type":"Feature","properties":{"linea":"231-10-25","palmas":12},"geometry":{"type":"LineString","coordinates":[[-72.895793,4.411701],[-72.895791,4.412596]]}},{"type":"Feature","properties":{"linea":"231-10-26","palmas":11},"geometry":{"type":"LineString","coordinates":[[-72.895723,4.411741],[-72.895721,4.412555]]}},{"type":"Feature","properties":{"linea":"231-10-27","palmas":11},"geometry":{"type":"LineString","coordinates":[[-72.895653,4.411701],[-72.895651,4.412514]]}},{"type":"Feature","properties":{"linea":"231-10-28","palmas":10},"geometry":{"type":"LineString","coordinates":[[-72.895582,4.411741],[-72.895581,4.412474]]}},{"type":"Feature","properties":{"linea":"231-10-29","palmas":10},"geometry":{"type":"LineString","coordinates":[[-72.895512,4.4117],[-72.895511,4.412433]]}},{"type":"Feature","properties":{"linea":"231-10-3","palmas":28},"geometry":{"type":"LineString","coordinates":[[-72.897338,4.411703],[-72.897334,4.4139]]}},{"type":"Feature","properties":{"linea":"231-10-30","palmas":9},"geometry":{"type":"LineString","coordinates":[[-72.895442,4.411741],[-72.895441,4.412392]]}},{"type":"Feature","properties":{"linea":"231-10-31","palmas":9},"geometry":{"type":"LineString","coordinates":[[-72.895372,4.4117],[-72.895371,4.412351]]}},{"type":"Feature","properties":{"linea":"231-10-32","palmas":8},"geometry":{"type":"LineString","coordinates":[[-72.895301,4.411741],[-72.895301,4.41231]]}},{"type":"Feature","properties":{"linea":"231-10-33","palmas":8},"geometry":{"type":"LineString","coordinates":[[-72.895231,4.4117],[-72.89523,4.412269]]}},{"type":"Feature","properties":{"linea":"231-10-34","palmas":6},"geometry":{"type":"LineString","coordinates":[[-72.895161,4.411741],[-72.89516,4.412147]]}},{"type":"Feature","properties":{"linea":"231-10-35","palmas":6},"geometry":{"type":"LineString","coordinates":[[-72.895091,4.4117],[-72.89509,4.412107]]}},{"type":"Feature","properties":{"linea":"231-10-36","palmas":5},"geometry":{"type":"LineString","coordinates":[[-72.895021,4.41174],[-72.89502,4.412066]]}},{"type":"Feature","properties":{"linea":"231-10-37","palmas":5},"geometry":{"type":"LineString","coordinates":[[-72.89495,4.411699],[-72.89495,4.412025]]}},{"type":"Feature","properties":{"linea":"231-10-38","palmas":4},"geometry":{"type":"LineString","coordinates":[[-72.89488,4.41174],[-72.89488,4.411984]]}},{"type":"Feature","properties":{"linea":"231-10-39","palmas":4},"geometry":{"type":"LineString","coordinates":[[-72.89481,4.411699],[-72.894809,4.411943]]}},{"type":"Feature","properties":{"linea":"231-10-4","palmas":27},"geometry":{"type":"LineString","coordinates":[[-72.897267,4.411744],[-72.897264,4.413859]]}},{"type":"Feature","properties":{"linea":"231-10-40","palmas":3},"geometry":{"type":"LineString","coordinates":[[-72.89474,4.41174],[-72.894739,4.411903]]}},{"type":"Feature","properties":{"linea":"231-10-41","palmas":3},"geometry":{"type":"LineString","coordinates":[[-72.894669,4.411699],[-72.894669,4.411862]]}},{"type":"Feature","properties":{"linea":"231-10-42","palmas":6},"geometry":{"type":"LineString","coordinates":[[-72.893058,4.409866],[-72.893058,4.409459]]}},{"type":"Feature","properties":{"linea":"231-10-43","palmas":13},"geometry":{"type":"LineString","coordinates":[[-72.893127,4.410476],[-72.893128,4.409499]]}},{"type":"Feature","properties":{"linea":"231-10-44","palmas":18},"geometry":{"type":"LineString","coordinates":[[-72.893196,4.410842],[-72.893199,4.409459]]}},{"type":"Feature","properties":{"linea":"231-10-45","palmas":18},"geometry":{"type":"LineString","coordinates":[[-72.893267,4.410883],[-72.893269,4.4095]]}},{"type":"Feature","properties":{"linea":"231-10-46","palmas":20},"geometry":{"type":"LineString","coordinates":[[-72.893337,4.411005],[-72.893339,4.409459]]}},{"type":"Feature","properties":{"linea":"231-10-47","palmas":20},"geometry":{"type":"LineString","coordinates":[[-72.893407,4.411046],[-72.893409,4.4095]]}},{"type":"Feature","properties":{"linea":"231-10-48","palmas":21},"geometry":{"type":"LineString","coordinates":[[-72.893477,4.411087],[-72.893479,4.409459]]}},{"type":"Feature","properties":{"linea":"231-10-49","palmas":21},"geometry":{"type":"LineString","coordinates":[[-72.893547,4.411128],[-72.89355,4.4095]]}},{"type":"Feature","properties":{"linea":"231-10-5","palmas":26},"geometry":{"type":"LineString","coordinates":[[-72.897197,4.411703],[-72.897194,4.413737]]}},{"type":"Feature","properties":{"linea":"231-10-50","palmas":22},"geometry":{"type":"LineString","coordinates":[[-72.893617,4.411168],[-72.89362,4.40946]]}},{"type":"Feature","properties":{"linea":"231-10-51","palmas":22},"geometry":{"type":"LineString","coordinates":[[-72.893688,4.411209],[-72.89369,4.409501]]}},{"type":"Feature","properties":{"linea":"231-10-52","palmas":23},"geometry":{"type":"LineString","coordinates":[[-72.893758,4.41125],[-72.89376,4.40946]]}},{"type":"Feature","properties":{"linea":"231-10-53","palmas":23},"geometry":{"type":"LineString","coordinates":[[-72.893828,4.411291],[-72.893831,4.409501]]}},{"type":"Feature","properties":{"linea":"231-10-54","palmas":24},"geometry":{"type":"LineString","coordinates":[[-72.893898,4.411332],[-72.893901,4.40946]]}},{"type":"Feature","properties":{"linea":"231-10-55","palmas":24},"geometry":{"type":"LineString","coordinates":[[-72.893968,4.411373],[-72.893971,4.409501]]}},{"type":"Feature","properties":{"linea":"231-10-56","palmas":26},"geometry":{"type":"LineString","coordinates":[[-72.894038,4.411495],[-72.894041,4.40946]]}},{"type":"Feature","properties":{"linea":"231-10-57","palmas":26},"geometry":{"type":"LineString","coordinates":[[-72.894108,4.411535],[-72.894111,4.409501]]}},{"type":"Feature","properties":{"linea":"231-10-58","palmas":27},"geometry":{"type":"LineString","coordinates":[[-72.894178,4.411576],[-72.894182,4.409461]]}},{"type":"Feature","properties":{"linea":"231-10-59","palmas":27},"geometry":{"type":"LineString","coordinates":[[-72.894248,4.411617],[-72.894252,4.409501]]}},{"type":"Feature","properties":{"linea":"231-10-6","palmas":25},"geometry":{"type":"LineString","coordinates":[[-72.897127,4.411744],[-72.897124,4.413697]]}},{"type":"Feature","properties":{"linea":"231-10-60","palmas":28},"geometry":{"type":"LineString","coordinates":[[-72.894319,4.411658],[-72.894322,4.409461]]}},{"type":"Feature","properties":{"linea":"231-10-61","palmas":28},"geometry":{"type":"LineString","coordinates":[[-72.894389,4.411699],[-72.894392,4.409502]]}},{"type":"Feature","properties":{"linea":"231-10-62","palmas":29},"geometry":{"type":"LineString","coordinates":[[-72.894459,4.411739],[-72.894463,4.409461]]}},{"type":"Feature","properties":{"linea":"231-10-63","palmas":29},"geometry":{"type":"LineString","coordinates":[[-72.894529,4.41178],[-72.894533,4.409502]]}},{"type":"Feature","properties":{"linea":"231-10-64","palmas":23},"geometry":{"type":"LineString","coordinates":[[-72.8946,4.411251],[-72.894603,4.409461]]}},{"type":"Feature","properties":{"linea":"231-10-65","palmas":27},"geometry":{"type":"LineString","coordinates":[[-72.89467,4.411618],[-72.894673,4.409502]]}},{"type":"Feature","properties":{"linea":"231-10-66","palmas":27},"geometry":{"type":"LineString","coordinates":[[-72.89474,4.411577],[-72.894743,4.409461]]}},{"type":"Feature","properties":{"linea":"231-10-67","palmas":27},"geometry":{"type":"LineString","coordinates":[[-72.89481,4.411618],[-72.894813,4.409502]]}},{"type":"Feature","properties":{"linea":"231-10-68","palmas":27},"geometry":{"type":"LineString","coordinates":[[-72.89488,4.411577],[-72.894884,4.409462]]}},{"type":"Feature","properties":{"linea":"231-10-69","palmas":27},"geometry":{"type":"LineString","coordinates":[[-72.894951,4.411618],[-72.894954,4.409503]]}},{"type":"Feature","properties":{"linea":"231-10-7","palmas":25},"geometry":{"type":"LineString","coordinates":[[-72.897057,4.411703],[-72.897054,4.413656]]}},{"type":"Feature","properties":{"linea":"231-10-70","palmas":27},"geometry":{"type":"LineString","coordinates":[[-72.895021,4.411577],[-72.895024,4.409462]]}},{"type":"Feature","properties":{"linea":"231-10-71","palmas":27},"geometry":{"type":"LineString","coordinates":[[-72.895091,4.411618],[-72.895094,4.409503]]}},{"type":"Feature","properties":{"linea":"231-10-72","palmas":27},"geometry":{"type":"LineString","coordinates":[[-72.895161,4.411578],[-72.895164,4.409462]]}},{"type":"Feature","properties":{"linea":"231-10-73","palmas":27},"geometry":{"type":"LineString","coordinates":[[-72.895231,4.411619],[-72.895235,4.409503]]}},{"type":"Feature","properties":{"linea":"231-10-74","palmas":27},"geometry":{"type":"LineString","coordinates":[[-72.895302,4.411578],[-72.895305,4.409462]]}},{"type":"Feature","properties":{"linea":"231-10-75","palmas":27},"geometry":{"type":"LineString","coordinates":[[-72.895372,4.411619],[-72.895375,4.409503]]}},{"type":"Feature","properties":{"linea":"231-10-76","palmas":27},"geometry":{"type":"LineString","coordinates":[[-72.895442,4.411578],[-72.895445,4.409463]]}},{"type":"Feature","properties":{"linea":"231-10-77","palmas":27},"geometry":{"type":"LineString","coordinates":[[-72.895512,4.411619],[-72.895516,4.409503]]}},{"type":"Feature","properties":{"linea":"231-10-78","palmas":27},"geometry":{"type":"LineString","coordinates":[[-72.895583,4.411578],[-72.895586,4.409463]]}},{"type":"Feature","properties":{"linea":"231-10-79","palmas":27},"geometry":{"type":"LineString","coordinates":[[-72.895653,4.411619],[-72.895656,4.409504]]}},{"type":"Feature","properties":{"linea":"231-10-8","palmas":22},"geometry":{"type":"LineString","coordinates":[[-72.896986,4.411743],[-72.896984,4.413452]]}},{"type":"Feature","properties":{"linea":"231-10-80","palmas":27},"geometry":{"type":"LineString","coordinates":[[-72.895723,4.411579],[-72.895726,4.409463]]}},{"type":"Feature","properties":{"linea":"231-10-81","palmas":27},"geometry":{"type":"LineString","coordinates":[[-72.895793,4.411619],[-72.895796,4.409504]]}},{"type":"Feature","properties":{"linea":"231-10-82","palmas":27},"geometry":{"type":"LineString","coordinates":[[-72.895863,4.411579],[-72.895867,4.409463]]}},{"type":"Feature","properties":{"linea":"231-10-83","palmas":27},"geometry":{"type":"LineString","coordinates":[[-72.895933,4.41162],[-72.895937,4.409504]]}},{"type":"Feature","properties":{"linea":"231-10-84","palmas":27},"geometry":{"type":"LineString","coordinates":[[-72.896004,4.411579],[-72.896007,4.409463]]}},{"type":"Feature","properties":{"linea":"231-10-85","palmas":27},"geometry":{"type":"LineString","coordinates":[[-72.896074,4.41162],[-72.896077,4.409504]]}},{"type":"Feature","properties":{"linea":"231-10-86","palmas":27},"geometry":{"type":"LineString","coordinates":[[-72.896144,4.411579],[-72.896148,4.409464]]}},{"type":"Feature","properties":{"linea":"231-10-87","palmas":27},"geometry":{"type":"LineString","coordinates":[[-72.896214,4.41162],[-72.896218,4.409504]]}},{"type":"Feature","properties":{"linea":"231-10-88","palmas":27},"geometry":{"type":"LineString","coordinates":[[-72.896284,4.411579],[-72.896288,4.409464]]}},{"type":"Feature","properties":{"linea":"231-10-89","palmas":27},"geometry":{"type":"LineString","coordinates":[[-72.896355,4.41162],[-72.896358,4.409505]]}},{"type":"Feature","properties":{"linea":"231-10-9","palmas":24},"geometry":{"type":"LineString","coordinates":[[-72.896916,4.411703],[-72.896913,4.413574]]}},{"type":"Feature","properties":{"linea":"231-10-90","palmas":27},"geometry":{"type":"LineString","coordinates":[[-72.896425,4.41158],[-72.896428,4.409464]]}},{"type":"Feature","properties":{"linea":"231-10-91","palmas":27},"geometry":{"type":"LineString","coordinates":[[-72.896495,4.411621],[-72.896498,4.409505]]}},{"type":"Feature","properties":{"linea":"231-10-92","palmas":27},"geometry":{"type":"LineString","coordinates":[[-72.896565,4.41158],[-72.896569,4.409464]]}},{"type":"Feature","properties":{"linea":"231-10-93","palmas":27},"geometry":{"type":"LineString","coordinates":[[-72.896636,4.411621],[-72.896639,4.409505]]}},{"type":"Feature","properties":{"linea":"231-10-94","palmas":27},"geometry":{"type":"LineString","coordinates":[[-72.896706,4.41158],[-72.896709,4.409464]]}},{"type":"Feature","properties":{"linea":"231-10-95","palmas":27},"geometry":{"type":"LineString","coordinates":[[-72.896776,4.411621],[-72.896779,4.409505]]}},{"type":"Feature","properties":{"linea":"231-10-96","palmas":27},"geometry":{"type":"LineString","coordinates":[[-72.896846,4.411581],[-72.896849,4.409465]]}},{"type":"Feature","properties":{"linea":"231-10-97","palmas":27},"geometry":{"type":"LineString","coordinates":[[-72.896916,4.411621],[-72.89692,4.409506]]}},{"type":"Feature","properties":{"linea":"231-10-98","palmas":27},"geometry":{"type":"LineString","coordinates":[[-72.896987,4.411581],[-72.89699,4.409465]]}},{"type":"Feature","properties":{"linea":"231-10-99","palmas":27},"geometry":{"type":"LineString","coordinates":[[-72.897057,4.411621],[-72.89706,4.409506]]}},{"type":"Feature","properties":{"linea":"231-11-1","palmas":2},"geometry":{"type":"LineString","coordinates":[[-72.904413,4.413806],[-72.904413,4.413888]]}},{"type":"Feature","properties":{"linea":"231-11-10","palmas":14},"geometry":{"type":"LineString","coordinates":[[-72.903783,4.412788],[-72.903781,4.413846]]}},{"type":"Feature","properties":{"linea":"231-11-100","palmas":27},"geometry":{"type":"LineString","coordinates":[[-72.897676,4.411598],[-72.89768,4.409483]]}},{"type":"Feature","properties":{"linea":"231-11-101","palmas":27},"geometry":{"type":"LineString","coordinates":[[-72.897747,4.411639],[-72.89775,4.409523]]}},{"type":"Feature","properties":{"linea":"231-11-102","palmas":27},"geometry":{"type":"LineString","coordinates":[[-72.897817,4.411599],[-72.89782,4.409483]]}},{"type":"Feature","properties":{"linea":"231-11-103","palmas":27},"geometry":{"type":"LineString","coordinates":[[-72.897887,4.411639],[-72.89789,4.409524]]}},{"type":"Feature","properties":{"linea":"231-11-104","palmas":27},"geometry":{"type":"LineString","coordinates":[[-72.897957,4.411599],[-72.897961,4.409483]]}},{"type":"Feature","properties":{"linea":"231-11-105","palmas":27},"geometry":{"type":"LineString","coordinates":[[-72.898028,4.411639],[-72.898031,4.409524]]}},{"type":"Feature","properties":{"linea":"231-11-106","palmas":27},"geometry":{"type":"LineString","coordinates":[[-72.898098,4.411599],[-72.898101,4.409483]]}},{"type":"Feature","properties":{"linea":"231-11-107","palmas":27},"geometry":{"type":"LineString","coordinates":[[-72.898168,4.41164],[-72.898171,4.409524]]}},{"type":"Feature","properties":{"linea":"231-11-108","palmas":27},"geometry":{"type":"LineString","coordinates":[[-72.898238,4.411599],[-72.898241,4.409484]]}},{"type":"Feature","properties":{"linea":"231-11-109","palmas":27},"geometry":{"type":"LineString","coordinates":[[-72.898308,4.41164],[-72.898312,4.409524]]}},{"type":"Feature","properties":{"linea":"231-11-11","palmas":15},"geometry":{"type":"LineString","coordinates":[[-72.903713,4.412747],[-72.903711,4.413886]]}},{"type":"Feature","properties":{"linea":"231-11-110","palmas":27},"geometry":{"type":"LineString","coordinates":[[-72.898379,4.411599],[-72.898382,4.409484]]}},{"type":"Feature","properties":{"linea":"231-11-111","palmas":27},"geometry":{"type":"LineString","coordinates":[[-72.898449,4.41164],[-72.898452,4.409524]]}},{"type":"Feature","properties":{"linea":"231-11-112","palmas":27},"geometry":{"type":"LineString","coordinates":[[-72.898519,4.4116],[-72.898522,4.409484]]}},{"type":"Feature","properties":{"linea":"231-11-113","palmas":27},"geometry":{"type":"LineString","coordinates":[[-72.898589,4.41164],[-72.898593,4.409525]]}},{"type":"Feature","properties":{"linea":"231-11-114","palmas":27},"geometry":{"type":"LineString","coordinates":[[-72.898659,4.4116],[-72.898663,4.409484]]}},{"type":"Feature","properties":{"linea":"231-11-115","palmas":27},"geometry":{"type":"LineString","coordinates":[[-72.898729,4.411641],[-72.898733,4.409525]]}},{"type":"Feature","properties":{"linea":"231-11-116","palmas":27},"geometry":{"type":"LineString","coordinates":[[-72.8988,4.4116],[-72.898803,4.409484]]}},{"type":"Feature","properties":{"linea":"231-11-117","palmas":27},"geometry":{"type":"LineString","coordinates":[[-72.89887,4.411641],[-72.898873,4.409525]]}},{"type":"Feature","properties":{"linea":"231-11-118","palmas":27},"geometry":{"type":"LineString","coordinates":[[-72.89894,4.4116],[-72.898944,4.409485]]}},{"type":"Feature","properties":{"linea":"231-11-119","palmas":27},"geometry":{"type":"LineString","coordinates":[[-72.89901,4.411641],[-72.899014,4.409525]]}},{"type":"Feature","properties":{"linea":"231-11-12","palmas":15},"geometry":{"type":"LineString","coordinates":[[-72.903643,4.412706],[-72.903641,4.413846]]}},{"type":"Feature","properties":{"linea":"231-11-120","palmas":27},"geometry":{"type":"LineString","coordinates":[[-72.899081,4.411601],[-72.899084,4.409485]]}},{"type":"Feature","properties":{"linea":"231-11-121","palmas":26},"geometry":{"type":"LineString","coordinates":[[-72.899151,4.411641],[-72.899154,4.409607]]}},{"type":"Feature","properties":{"linea":"231-11-122","palmas":25},"geometry":{"type":"LineString","coordinates":[[-72.899221,4.411601],[-72.899224,4.409648]]}},{"type":"Feature","properties":{"linea":"231-11-123","palmas":24},"geometry":{"type":"LineString","coordinates":[[-72.899291,4.411641],[-72.899294,4.40977]]}},{"type":"Feature","properties":{"linea":"231-11-124","palmas":23},"geometry":{"type":"LineString","coordinates":[[-72.899361,4.411601],[-72.899364,4.409811]]}},{"type":"Feature","properties":{"linea":"231-11-125","palmas":22},"geometry":{"type":"LineString","coordinates":[[-72.899432,4.411642],[-72.899434,4.409933]]}},{"type":"Feature","properties":{"linea":"231-11-126","palmas":20},"geometry":{"type":"LineString","coordinates":[[-72.899502,4.411601],[-72.899504,4.410055]]}},{"type":"Feature","properties":{"linea":"231-11-127","palmas":20},"geometry":{"type":"LineString","coordinates":[[-72.899572,4.411642],[-72.899574,4.410096]]}},{"type":"Feature","properties":{"linea":"231-11-128","palmas":18},"geometry":{"type":"LineString","coordinates":[[-72.899642,4.411601],[-72.899644,4.410218]]}},{"type":"Feature","properties":{"linea":"231-11-129","palmas":17},"geometry":{"type":"LineString","coordinates":[[-72.899713,4.411642],[-72.899714,4.41034]]}},{"type":"Feature","properties":{"linea":"231-11-13","palmas":15},"geometry":{"type":"LineString","coordinates":[[-72.903572,4.412747],[-72.90357,4.413886]]}},{"type":"Feature","properties":{"linea":"231-11-130","palmas":16},"geometry":{"type":"LineString","coordinates":[[-72.899783,4.411602],[-72.899785,4.410381]]}},{"type":"Feature","properties":{"linea":"231-11-131","palmas":6},"geometry":{"type":"LineString","coordinates":[[-72.899853,4.411643],[-72.899854,4.411236]]}},{"type":"Feature","properties":{"linea":"231-11-132","palmas":5},"geometry":{"type":"LineString","coordinates":[[-72.899923,4.411602],[-72.899924,4.411276]]}},{"type":"Feature","properties":{"linea":"231-11-133","palmas":4},"geometry":{"type":"LineString","coordinates":[[-72.899993,4.411643],[-72.899994,4.411399]]}},{"type":"Feature","properties":{"linea":"231-11-134","palmas":4},"geometry":{"type":"LineString","coordinates":[[-72.900064,4.411602],[-72.900064,4.411358]]}},{"type":"Feature","properties":{"linea":"231-11-135","palmas":4},"geometry":{"type":"LineString","coordinates":[[-72.900134,4.411643],[-72.900134,4.411399]]}},{"type":"Feature","properties":{"linea":"231-11-136","palmas":4},"geometry":{"type":"LineString","coordinates":[[-72.900204,4.411602],[-72.900204,4.411358]]}},{"type":"Feature","properties":{"linea":"231-11-137","palmas":4},"geometry":{"type":"LineString","coordinates":[[-72.900274,4.411643],[-72.900274,4.411399]]}},{"type":"Feature","properties":{"linea":"231-11-14","palmas":15},"geometry":{"type":"LineString","coordinates":[[-72.903502,4.412706],[-72.9035,4.413845]]}},{"type":"Feature","properties":{"linea":"231-11-15","palmas":16},"geometry":{"type":"LineString","coordinates":[[-72.903432,4.412665],[-72.90343,4.413886]]}},{"type":"Feature","properties":{"linea":"231-11-16","palmas":16},"geometry":{"type":"LineString","coordinates":[[-72.903362,4.412624],[-72.90336,4.413845]]}},{"type":"Feature","properties":{"linea":"231-11-17","palmas":17},"geometry":{"type":"LineString","coordinates":[[-72.903292,4.412584],[-72.903289,4.413886]]}},{"type":"Feature","properties":{"linea":"231-11-18","palmas":17},"geometry":{"type":"LineString","coordinates":[[-72.903221,4.412543],[-72.903219,4.413845]]}},{"type":"Feature","properties":{"linea":"231-11-19","palmas":17},"geometry":{"type":"LineString","coordinates":[[-72.903151,4.412583],[-72.903149,4.413885]]}},{"type":"Feature","properties":{"linea":"231-11-2","palmas":12},"geometry":{"type":"LineString","coordinates":[[-72.904344,4.412951],[-72.904343,4.413847]]}},{"type":"Feature","properties":{"linea":"231-11-20","palmas":17},"geometry":{"type":"LineString","coordinates":[[-72.903081,4.412543],[-72.903079,4.413844]]}},{"type":"Feature","properties":{"linea":"231-11-21","palmas":18},"geometry":{"type":"LineString","coordinates":[[-72.903011,4.412502],[-72.903009,4.413885]]}},{"type":"Feature","properties":{"linea":"231-11-22","palmas":18},"geometry":{"type":"LineString","coordinates":[[-72.902941,4.412461],[-72.902939,4.413844]]}},{"type":"Feature","properties":{"linea":"231-11-23","palmas":18},"geometry":{"type":"LineString","coordinates":[[-72.902871,4.412502],[-72.902868,4.413885]]}},{"type":"Feature","properties":{"linea":"231-11-24","palmas":18},"geometry":{"type":"LineString","coordinates":[[-72.9028,4.412461],[-72.902798,4.413844]]}},{"type":"Feature","properties":{"linea":"231-11-25","palmas":19},"geometry":{"type":"LineString","coordinates":[[-72.90273,4.41242],[-72.902728,4.413885]]}},{"type":"Feature","properties":{"linea":"231-11-26","palmas":19},"geometry":{"type":"LineString","coordinates":[[-72.90266,4.412379],[-72.902658,4.413844]]}},{"type":"Feature","properties":{"linea":"231-11-27","palmas":19},"geometry":{"type":"LineString","coordinates":[[-72.90259,4.41242],[-72.902588,4.413884]]}},{"type":"Feature","properties":{"linea":"231-11-28","palmas":19},"geometry":{"type":"LineString","coordinates":[[-72.90252,4.412379],[-72.902517,4.413844]]}},{"type":"Feature","properties":{"linea":"231-11-29","palmas":20},"geometry":{"type":"LineString","coordinates":[[-72.902449,4.412338],[-72.902447,4.413884]]}},{"type":"Feature","properties":{"linea":"231-11-3","palmas":13},"geometry":{"type":"LineString","coordinates":[[-72.904274,4.412911],[-72.904273,4.413887]]}},{"type":"Feature","properties":{"linea":"231-11-30","palmas":20},"geometry":{"type":"LineString","coordinates":[[-72.902379,4.412298],[-72.902377,4.413843]]}},{"type":"Feature","properties":{"linea":"231-11-31","palmas":21},"geometry":{"type":"LineString","coordinates":[[-72.902309,4.412257],[-72.902307,4.413884]]}},{"type":"Feature","properties":{"linea":"231-11-32","palmas":21},"geometry":{"type":"LineString","coordinates":[[-72.902239,4.412216],[-72.902236,4.413843]]}},{"type":"Feature","properties":{"linea":"231-11-33","palmas":22},"geometry":{"type":"LineString","coordinates":[[-72.902169,4.412175],[-72.902166,4.413884]]}},{"type":"Feature","properties":{"linea":"231-11-34","palmas":22},"geometry":{"type":"LineString","coordinates":[[-72.902099,4.412134],[-72.902096,4.413843]]}},{"type":"Feature","properties":{"linea":"231-11-35","palmas":24},"geometry":{"type":"LineString","coordinates":[[-72.902029,4.412012],[-72.902026,4.413884]]}},{"type":"Feature","properties":{"linea":"231-11-36","palmas":23},"geometry":{"type":"LineString","coordinates":[[-72.901959,4.412053],[-72.901956,4.413843]]}},{"type":"Feature","properties":{"linea":"231-11-37","palmas":24},"geometry":{"type":"LineString","coordinates":[[-72.901888,4.412012],[-72.901885,4.413883]]}},{"type":"Feature","properties":{"linea":"231-11-38","palmas":24},"geometry":{"type":"LineString","coordinates":[[-72.901818,4.411971],[-72.901815,4.413843]]}},{"type":"Feature","properties":{"linea":"231-11-39","palmas":25},"geometry":{"type":"LineString","coordinates":[[-72.901748,4.41193],[-72.901745,4.413883]]}},{"type":"Feature","properties":{"linea":"231-11-4","palmas":12},"geometry":{"type":"LineString","coordinates":[[-72.904204,4.412951],[-72.904202,4.413846]]}},{"type":"Feature","properties":{"linea":"231-11-40","palmas":25},"geometry":{"type":"LineString","coordinates":[[-72.901678,4.411889],[-72.901675,4.413842]]}},{"type":"Feature","properties":{"linea":"231-11-41","palmas":27},"geometry":{"type":"LineString","coordinates":[[-72.901608,4.411767],[-72.901604,4.413883]]}},{"type":"Feature","properties":{"linea":"231-11-42","palmas":26},"geometry":{"type":"LineString","coordinates":[[-72.901538,4.411808],[-72.901534,4.413842]]}},{"type":"Feature","properties":{"linea":"231-11-43","palmas":27},"geometry":{"type":"LineString","coordinates":[[-72.901468,4.411767],[-72.901464,4.413883]]}},{"type":"Feature","properties":{"linea":"231-11-44","palmas":28},"geometry":{"type":"LineString","coordinates":[[-72.901398,4.411645],[-72.901394,4.413842]]}},{"type":"Feature","properties":{"linea":"231-11-45","palmas":28},"geometry":{"type":"LineString","coordinates":[[-72.901327,4.411686],[-72.901324,4.413883]]}},{"type":"Feature","properties":{"linea":"231-11-46","palmas":28},"geometry":{"type":"LineString","coordinates":[[-72.901257,4.411645],[-72.901254,4.413842]]}},{"type":"Feature","properties":{"linea":"231-11-47","palmas":30},"geometry":{"type":"LineString","coordinates":[[-72.901187,4.411523],[-72.901183,4.413882]]}},{"type":"Feature","properties":{"linea":"231-11-48","palmas":26},"geometry":{"type":"LineString","coordinates":[[-72.901116,4.411807],[-72.901113,4.413841]]}},{"type":"Feature","properties":{"linea":"231-11-49","palmas":24},"geometry":{"type":"LineString","coordinates":[[-72.901046,4.412011],[-72.901043,4.413882]]}},{"type":"Feature","properties":{"linea":"231-11-5","palmas":13},"geometry":{"type":"LineString","coordinates":[[-72.904134,4.412911],[-72.904132,4.413887]]}},{"type":"Feature","properties":{"linea":"231-11-50","palmas":23},"geometry":{"type":"LineString","coordinates":[[-72.900976,4.412051],[-72.900973,4.413841]]}},{"type":"Feature","properties":{"linea":"231-11-51","palmas":24},"geometry":{"type":"LineString","coordinates":[[-72.900906,4.41201],[-72.900903,4.413882]]}},{"type":"Feature","properties":{"linea":"231-11-52","palmas":23},"geometry":{"type":"LineString","coordinates":[[-72.900835,4.412051],[-72.900832,4.413841]]}},{"type":"Feature","properties":{"linea":"231-11-53","palmas":23},"geometry":{"type":"LineString","coordinates":[[-72.900765,4.412091],[-72.900762,4.413882]]}},{"type":"Feature","properties":{"linea":"231-11-54","palmas":22},"geometry":{"type":"LineString","coordinates":[[-72.900695,4.412132],[-72.900692,4.413841]]}},{"type":"Feature","properties":{"linea":"231-11-55","palmas":22},"geometry":{"type":"LineString","coordinates":[[-72.900624,4.412173],[-72.900622,4.413881]]}},{"type":"Feature","properties":{"linea":"231-11-56","palmas":21},"geometry":{"type":"LineString","coordinates":[[-72.900554,4.412213],[-72.900551,4.413841]]}},{"type":"Feature","properties":{"linea":"231-11-57","palmas":22},"geometry":{"type":"LineString","coordinates":[[-72.900484,4.412172],[-72.900481,4.413881]]}},{"type":"Feature","properties":{"linea":"231-11-58","palmas":24},"geometry":{"type":"LineString","coordinates":[[-72.900414,4.411969],[-72.900411,4.41384]]}},{"type":"Feature","properties":{"linea":"231-11-59","palmas":26},"geometry":{"type":"LineString","coordinates":[[-72.900344,4.411847],[-72.900341,4.413881]]}},{"type":"Feature","properties":{"linea":"231-11-6","palmas":13},"geometry":{"type":"LineString","coordinates":[[-72.904064,4.41287],[-72.904062,4.413846]]}},{"type":"Feature","properties":{"linea":"231-11-60","palmas":27},"geometry":{"type":"LineString","coordinates":[[-72.900274,4.411724],[-72.900271,4.41384]]}},{"type":"Feature","properties":{"linea":"231-11-61","palmas":27},"geometry":{"type":"LineString","coordinates":[[-72.900204,4.411765],[-72.9002,4.413881]]}},{"type":"Feature","properties":{"linea":"231-11-62","palmas":27},"geometry":{"type":"LineString","coordinates":[[-72.900134,4.411724],[-72.90013,4.41384]]}},{"type":"Feature","properties":{"linea":"231-11-63","palmas":27},"geometry":{"type":"LineString","coordinates":[[-72.900063,4.411765],[-72.90006,4.413881]]}},{"type":"Feature","properties":{"linea":"231-11-64","palmas":27},"geometry":{"type":"LineString","coordinates":[[-72.899993,4.411724],[-72.89999,4.41384]]}},{"type":"Feature","properties":{"linea":"231-11-65","palmas":27},"geometry":{"type":"LineString","coordinates":[[-72.899923,4.411764],[-72.899919,4.41388]]}},{"type":"Feature","properties":{"linea":"231-11-66","palmas":27},"geometry":{"type":"LineString","coordinates":[[-72.899853,4.411724],[-72.899849,4.413839]]}},{"type":"Feature","properties":{"linea":"231-11-67","palmas":27},"geometry":{"type":"LineString","coordinates":[[-72.899783,4.411764],[-72.899779,4.41388]]}},{"type":"Feature","properties":{"linea":"231-11-68","palmas":27},"geometry":{"type":"LineString","coordinates":[[-72.899712,4.411724],[-72.899709,4.413839]]}},{"type":"Feature","properties":{"linea":"231-11-69","palmas":27},"geometry":{"type":"LineString","coordinates":[[-72.899642,4.411764],[-72.899639,4.41388]]}},{"type":"Feature","properties":{"linea":"231-11-7","palmas":14},"geometry":{"type":"LineString","coordinates":[[-72.903993,4.412829],[-72.903992,4.413887]]}},{"type":"Feature","properties":{"linea":"231-11-70","palmas":27},"geometry":{"type":"LineString","coordinates":[[-72.899572,4.411723],[-72.899569,4.413839]]}},{"type":"Feature","properties":{"linea":"231-11-71","palmas":27},"geometry":{"type":"LineString","coordinates":[[-72.899502,4.411764],[-72.899498,4.413879]]}},{"type":"Feature","properties":{"linea":"231-11-72","palmas":27},"geometry":{"type":"LineString","coordinates":[[-72.899431,4.411723],[-72.899428,4.413839]]}},{"type":"Feature","properties":{"linea":"231-11-73","palmas":27},"geometry":{"type":"LineString","coordinates":[[-72.899361,4.411764],[-72.899358,4.413879]]}},{"type":"Feature","properties":{"linea":"231-11-74","palmas":27},"geometry":{"type":"LineString","coordinates":[[-72.899291,4.411723],[-72.899288,4.413839]]}},{"type":"Feature","properties":{"linea":"231-11-75","palmas":27},"geometry":{"type":"LineString","coordinates":[[-72.899221,4.411763],[-72.899218,4.413879]]}},{"type":"Feature","properties":{"linea":"231-11-76","palmas":27},"geometry":{"type":"LineString","coordinates":[[-72.899151,4.411723],[-72.899147,4.413838]]}},{"type":"Feature","properties":{"linea":"231-11-77","palmas":27},"geometry":{"type":"LineString","coordinates":[[-72.89908,4.411763],[-72.899077,4.413879]]}},{"type":"Feature","properties":{"linea":"231-11-78","palmas":27},"geometry":{"type":"LineString","coordinates":[[-72.89901,4.411723],[-72.899007,4.413838]]}},{"type":"Feature","properties":{"linea":"231-11-79","palmas":27},"geometry":{"type":"LineString","coordinates":[[-72.89894,4.411763],[-72.898937,4.413879]]}},{"type":"Feature","properties":{"linea":"231-11-8","palmas":14},"geometry":{"type":"LineString","coordinates":[[-72.903923,4.412788],[-72.903921,4.413846]]}},{"type":"Feature","properties":{"linea":"231-11-80","palmas":27},"geometry":{"type":"LineString","coordinates":[[-72.89887,4.411722],[-72.898866,4.413838]]}},{"type":"Feature","properties":{"linea":"231-11-81","palmas":27},"geometry":{"type":"LineString","coordinates":[[-72.898799,4.411763],[-72.898796,4.413878]]}},{"type":"Feature","properties":{"linea":"231-11-82","palmas":27},"geometry":{"type":"LineString","coordinates":[[-72.898729,4.411722],[-72.898726,4.413838]]}},{"type":"Feature","properties":{"linea":"231-11-83","palmas":27},"geometry":{"type":"LineString","coordinates":[[-72.898659,4.411763],[-72.898656,4.413878]]}},{"type":"Feature","properties":{"linea":"231-11-84","palmas":27},"geometry":{"type":"LineString","coordinates":[[-72.898589,4.411722],[-72.898586,4.413838]]}},{"type":"Feature","properties":{"linea":"231-11-85","palmas":27},"geometry":{"type":"LineString","coordinates":[[-72.898519,4.411762],[-72.898515,4.413878]]}},{"type":"Feature","properties":{"linea":"231-11-86","palmas":27},"geometry":{"type":"LineString","coordinates":[[-72.898449,4.411722],[-72.898445,4.413837]]}},{"type":"Feature","properties":{"linea":"231-11-87","palmas":27},"geometry":{"type":"LineString","coordinates":[[-72.898378,4.411762],[-72.898375,4.413878]]}},{"type":"Feature","properties":{"linea":"231-11-88","palmas":27},"geometry":{"type":"LineString","coordinates":[[-72.898308,4.411721],[-72.898305,4.413837]]}},{"type":"Feature","properties":{"linea":"231-11-89","palmas":27},"geometry":{"type":"LineString","coordinates":[[-72.898238,4.411762],[-72.898234,4.413878]]}},{"type":"Feature","properties":{"linea":"231-11-9","palmas":14},"geometry":{"type":"LineString","coordinates":[[-72.903853,4.412829],[-72.903851,4.413886]]}},{"type":"Feature","properties":{"linea":"231-11-90","palmas":27},"geometry":{"type":"LineString","coordinates":[[-72.898168,4.411721],[-72.898164,4.413837]]}},{"type":"Feature","properties":{"linea":"231-11-91","palmas":27},"geometry":{"type":"LineString","coordinates":[[-72.898098,4.411762],[-72.898094,4.413877]]}},{"type":"Feature","properties":{"linea":"231-11-92","palmas":27},"geometry":{"type":"LineString","coordinates":[[-72.898027,4.411721],[-72.898024,4.413837]]}},{"type":"Feature","properties":{"linea":"231-11-93","palmas":27},"geometry":{"type":"LineString","coordinates":[[-72.897957,4.411761],[-72.897954,4.413877]]}},{"type":"Feature","properties":{"linea":"231-11-94","palmas":27},"geometry":{"type":"LineString","coordinates":[[-72.897887,4.411721],[-72.897884,4.413836]]}},{"type":"Feature","properties":{"linea":"231-11-95","palmas":27},"geometry":{"type":"LineString","coordinates":[[-72.897817,4.411761],[-72.897813,4.413877]]}},{"type":"Feature","properties":{"linea":"231-11-96","palmas":27},"geometry":{"type":"LineString","coordinates":[[-72.897746,4.411721],[-72.897743,4.413836]]}},{"type":"Feature","properties":{"linea":"231-11-97","palmas":27},"geometry":{"type":"LineString","coordinates":[[-72.897676,4.411761],[-72.897673,4.413877]]}},{"type":"Feature","properties":{"linea":"231-11-98","palmas":28},"geometry":{"type":"LineString","coordinates":[[-72.897606,4.41172],[-72.897603,4.413917]]}},{"type":"Feature","properties":{"linea":"231-11-99","palmas":27},"geometry":{"type":"LineString","coordinates":[[-72.897606,4.411639],[-72.897609,4.409523]]}},{"type":"Feature","properties":{"linea":"231-12-1","palmas":2},"geometry":{"type":"LineString","coordinates":[[-72.906823,4.416243],[-72.906823,4.416324]]}},{"type":"Feature","properties":{"linea":"231-12-10","palmas":5},"geometry":{"type":"LineString","coordinates":[[-72.906191,4.416283],[-72.90619,4.416608]]}},{"type":"Feature","properties":{"linea":"231-12-100","palmas":7},"geometry":{"type":"LineString","coordinates":[[-72.898119,4.41452],[-72.89812,4.414032]]}},{"type":"Feature","properties":{"linea":"231-12-101","palmas":8},"geometry":{"type":"LineString","coordinates":[[-72.89819,4.414561],[-72.898191,4.413991]]}},{"type":"Feature","properties":{"linea":"231-12-102","palmas":8},"geometry":{"type":"LineString","coordinates":[[-72.89826,4.414602],[-72.898261,4.414032]]}},{"type":"Feature","properties":{"linea":"231-12-103","palmas":10},"geometry":{"type":"LineString","coordinates":[[-72.89833,4.414724],[-72.898331,4.413992]]}},{"type":"Feature","properties":{"linea":"231-12-104","palmas":10},"geometry":{"type":"LineString","coordinates":[[-72.8984,4.414765],[-72.898401,4.414033]]}},{"type":"Feature","properties":{"linea":"231-12-105","palmas":11},"geometry":{"type":"LineString","coordinates":[[-72.89847,4.414806],[-72.898471,4.413992]]}},{"type":"Feature","properties":{"linea":"231-12-106","palmas":11},"geometry":{"type":"LineString","coordinates":[[-72.89854,4.414846],[-72.898541,4.414033]]}},{"type":"Feature","properties":{"linea":"231-12-107","palmas":12},"geometry":{"type":"LineString","coordinates":[[-72.89861,4.414887],[-72.898612,4.413992]]}},{"type":"Feature","properties":{"linea":"231-12-108","palmas":13},"geometry":{"type":"LineString","coordinates":[[-72.89868,4.415009],[-72.898682,4.414033]]}},{"type":"Feature","properties":{"linea":"231-12-109","palmas":14},"geometry":{"type":"LineString","coordinates":[[-72.898751,4.41505],[-72.898752,4.413992]]}},{"type":"Feature","properties":{"linea":"231-12-11","palmas":5},"geometry":{"type":"LineString","coordinates":[[-72.906121,4.416242],[-72.90612,4.416567]]}},{"type":"Feature","properties":{"linea":"231-12-110","palmas":14},"geometry":{"type":"LineString","coordinates":[[-72.898821,4.415091],[-72.898822,4.414033]]}},{"type":"Feature","properties":{"linea":"231-12-111","palmas":15},"geometry":{"type":"LineString","coordinates":[[-72.898891,4.415132],[-72.898893,4.413992]]}},{"type":"Feature","properties":{"linea":"231-12-112","palmas":15},"geometry":{"type":"LineString","coordinates":[[-72.898961,4.415173],[-72.898963,4.414033]]}},{"type":"Feature","properties":{"linea":"231-12-113","palmas":16},"geometry":{"type":"LineString","coordinates":[[-72.899031,4.415213],[-72.899033,4.413993]]}},{"type":"Feature","properties":{"linea":"231-12-114","palmas":16},"geometry":{"type":"LineString","coordinates":[[-72.899101,4.415254],[-72.899103,4.414034]]}},{"type":"Feature","properties":{"linea":"231-12-115","palmas":17},"geometry":{"type":"LineString","coordinates":[[-72.899171,4.415295],[-72.899173,4.413993]]}},{"type":"Feature","properties":{"linea":"231-12-116","palmas":17},"geometry":{"type":"LineString","coordinates":[[-72.899242,4.415336],[-72.899244,4.414034]]}},{"type":"Feature","properties":{"linea":"231-12-117","palmas":18},"geometry":{"type":"LineString","coordinates":[[-72.899312,4.415376],[-72.899314,4.413993]]}},{"type":"Feature","properties":{"linea":"231-12-118","palmas":14},"geometry":{"type":"LineString","coordinates":[[-72.899382,4.415417],[-72.899384,4.414034]]}},{"type":"Feature","properties":{"linea":"231-12-119","palmas":17},"geometry":{"type":"LineString","coordinates":[[-72.899452,4.415295],[-72.899454,4.413993]]}},{"type":"Feature","properties":{"linea":"231-12-12","palmas":5},"geometry":{"type":"LineString","coordinates":[[-72.90605,4.416282],[-72.90605,4.416608]]}},{"type":"Feature","properties":{"linea":"231-12-120","palmas":19},"geometry":{"type":"LineString","coordinates":[[-72.899522,4.415499],[-72.899524,4.414034]]}},{"type":"Feature","properties":{"linea":"231-12-121","palmas":20},"geometry":{"type":"LineString","coordinates":[[-72.899592,4.41554],[-72.899595,4.413994]]}},{"type":"Feature","properties":{"linea":"231-12-122","palmas":21},"geometry":{"type":"LineString","coordinates":[[-72.899662,4.415662],[-72.899665,4.414034]]}},{"type":"Feature","properties":{"linea":"231-12-123","palmas":22},"geometry":{"type":"LineString","coordinates":[[-72.899733,4.415703],[-72.899735,4.413994]]}},{"type":"Feature","properties":{"linea":"231-12-124","palmas":22},"geometry":{"type":"LineString","coordinates":[[-72.899803,4.415743],[-72.899805,4.414035]]}},{"type":"Feature","properties":{"linea":"231-12-125","palmas":23},"geometry":{"type":"LineString","coordinates":[[-72.899873,4.415784],[-72.899876,4.413994]]}},{"type":"Feature","properties":{"linea":"231-12-126","palmas":23},"geometry":{"type":"LineString","coordinates":[[-72.899943,4.415825],[-72.899946,4.414035]]}},{"type":"Feature","properties":{"linea":"231-12-127","palmas":24},"geometry":{"type":"LineString","coordinates":[[-72.900013,4.415866],[-72.900016,4.413994]]}},{"type":"Feature","properties":{"linea":"231-12-128","palmas":24},"geometry":{"type":"LineString","coordinates":[[-72.900083,4.415907],[-72.900086,4.414035]]}},{"type":"Feature","properties":{"linea":"231-12-129","palmas":26},"geometry":{"type":"LineString","coordinates":[[-72.900153,4.416029],[-72.900156,4.413994]]}},{"type":"Feature","properties":{"linea":"231-12-13","palmas":6},"geometry":{"type":"LineString","coordinates":[[-72.90598,4.416241],[-72.905979,4.416648]]}},{"type":"Feature","properties":{"linea":"231-12-130","palmas":26},"geometry":{"type":"LineString","coordinates":[[-72.900223,4.41607],[-72.900226,4.414035]]}},{"type":"Feature","properties":{"linea":"231-12-131","palmas":27},"geometry":{"type":"LineString","coordinates":[[-72.900293,4.41611],[-72.900297,4.413995]]}},{"type":"Feature","properties":{"linea":"231-12-132","palmas":27},"geometry":{"type":"LineString","coordinates":[[-72.900364,4.416151],[-72.900367,4.414036]]}},{"type":"Feature","properties":{"linea":"231-12-133","palmas":27},"geometry":{"type":"LineString","coordinates":[[-72.900434,4.416111],[-72.900437,4.413995]]}},{"type":"Feature","properties":{"linea":"231-12-134","palmas":27},"geometry":{"type":"LineString","coordinates":[[-72.900504,4.416151],[-72.900507,4.414036]]}},{"type":"Feature","properties":{"linea":"231-12-135","palmas":27},"geometry":{"type":"LineString","coordinates":[[-72.900574,4.416111],[-72.900578,4.413995]]}},{"type":"Feature","properties":{"linea":"231-12-136","palmas":27},"geometry":{"type":"LineString","coordinates":[[-72.900644,4.416152],[-72.900648,4.414036]]}},{"type":"Feature","properties":{"linea":"231-12-137","palmas":27},"geometry":{"type":"LineString","coordinates":[[-72.900715,4.416111],[-72.900718,4.413995]]}},{"type":"Feature","properties":{"linea":"231-12-138","palmas":27},"geometry":{"type":"LineString","coordinates":[[-72.900785,4.416152],[-72.900788,4.414036]]}},{"type":"Feature","properties":{"linea":"231-12-139","palmas":27},"geometry":{"type":"LineString","coordinates":[[-72.900855,4.416111],[-72.900858,4.413996]]}},{"type":"Feature","properties":{"linea":"231-12-14","palmas":5},"geometry":{"type":"LineString","coordinates":[[-72.90591,4.416282],[-72.905909,4.416608]]}},{"type":"Feature","properties":{"linea":"231-12-140","palmas":27},"geometry":{"type":"LineString","coordinates":[[-72.900925,4.416152],[-72.900929,4.414036]]}},{"type":"Feature","properties":{"linea":"231-12-141","palmas":27},"geometry":{"type":"LineString","coordinates":[[-72.900996,4.416111],[-72.900999,4.413996]]}},{"type":"Feature","properties":{"linea":"231-12-142","palmas":27},"geometry":{"type":"LineString","coordinates":[[-72.901066,4.416152],[-72.901069,4.414037]]}},{"type":"Feature","properties":{"linea":"231-12-143","palmas":27},"geometry":{"type":"LineString","coordinates":[[-72.901136,4.416112],[-72.901139,4.413996]]}},{"type":"Feature","properties":{"linea":"231-12-144","palmas":27},"geometry":{"type":"LineString","coordinates":[[-72.901206,4.416152],[-72.901209,4.414037]]}},{"type":"Feature","properties":{"linea":"231-12-145","palmas":27},"geometry":{"type":"LineString","coordinates":[[-72.901276,4.416112],[-72.90128,4.413996]]}},{"type":"Feature","properties":{"linea":"231-12-146","palmas":27},"geometry":{"type":"LineString","coordinates":[[-72.901346,4.416153],[-72.90135,4.414037]]}},{"type":"Feature","properties":{"linea":"231-12-147","palmas":27},"geometry":{"type":"LineString","coordinates":[[-72.901417,4.416112],[-72.90142,4.413997]]}},{"type":"Feature","properties":{"linea":"231-12-148","palmas":27},"geometry":{"type":"LineString","coordinates":[[-72.901487,4.416153],[-72.90149,4.414037]]}},{"type":"Feature","properties":{"linea":"231-12-149","palmas":27},"geometry":{"type":"LineString","coordinates":[[-72.901557,4.416113],[-72.901561,4.413997]]}},{"type":"Feature","properties":{"linea":"231-12-15","palmas":5},"geometry":{"type":"LineString","coordinates":[[-72.90584,4.416241],[-72.905839,4.416567]]}},{"type":"Feature","properties":{"linea":"231-12-150","palmas":27},"geometry":{"type":"LineString","coordinates":[[-72.901627,4.416153],[-72.901631,4.414038]]}},{"type":"Feature","properties":{"linea":"231-12-151","palmas":27},"geometry":{"type":"LineString","coordinates":[[-72.901698,4.416113],[-72.901701,4.413997]]}},{"type":"Feature","properties":{"linea":"231-12-152","palmas":27},"geometry":{"type":"LineString","coordinates":[[-72.901768,4.416153],[-72.901771,4.414038]]}},{"type":"Feature","properties":{"linea":"231-12-153","palmas":27},"geometry":{"type":"LineString","coordinates":[[-72.901838,4.416113],[-72.901841,4.413997]]}},{"type":"Feature","properties":{"linea":"231-12-154","palmas":27},"geometry":{"type":"LineString","coordinates":[[-72.901908,4.416154],[-72.901911,4.414038]]}},{"type":"Feature","properties":{"linea":"231-12-155","palmas":27},"geometry":{"type":"LineString","coordinates":[[-72.901978,4.416113],[-72.901982,4.413998]]}},{"type":"Feature","properties":{"linea":"231-12-156","palmas":27},"geometry":{"type":"LineString","coordinates":[[-72.902049,4.416154],[-72.902052,4.414038]]}},{"type":"Feature","properties":{"linea":"231-12-157","palmas":27},"geometry":{"type":"LineString","coordinates":[[-72.902119,4.416113],[-72.902122,4.413998]]}},{"type":"Feature","properties":{"linea":"231-12-158","palmas":27},"geometry":{"type":"LineString","coordinates":[[-72.902189,4.416154],[-72.902192,4.414038]]}},{"type":"Feature","properties":{"linea":"231-12-159","palmas":27},"geometry":{"type":"LineString","coordinates":[[-72.902259,4.416114],[-72.902263,4.413998]]}},{"type":"Feature","properties":{"linea":"231-12-16","palmas":5},"geometry":{"type":"LineString","coordinates":[[-72.905769,4.416282],[-72.905769,4.416607]]}},{"type":"Feature","properties":{"linea":"231-12-160","palmas":27},"geometry":{"type":"LineString","coordinates":[[-72.902329,4.416154],[-72.902333,4.414039]]}},{"type":"Feature","properties":{"linea":"231-12-161","palmas":27},"geometry":{"type":"LineString","coordinates":[[-72.9024,4.416114],[-72.902403,4.413998]]}},{"type":"Feature","properties":{"linea":"231-12-162","palmas":27},"geometry":{"type":"LineString","coordinates":[[-72.90247,4.416154],[-72.902473,4.414039]]}},{"type":"Feature","properties":{"linea":"231-12-163","palmas":27},"geometry":{"type":"LineString","coordinates":[[-72.90254,4.416114],[-72.902543,4.413998]]}},{"type":"Feature","properties":{"linea":"231-12-164","palmas":27},"geometry":{"type":"LineString","coordinates":[[-72.90261,4.416155],[-72.902614,4.414039]]}},{"type":"Feature","properties":{"linea":"231-12-165","palmas":27},"geometry":{"type":"LineString","coordinates":[[-72.902681,4.416114],[-72.902684,4.413999]]}},{"type":"Feature","properties":{"linea":"231-12-166","palmas":27},"geometry":{"type":"LineString","coordinates":[[-72.902751,4.416155],[-72.902754,4.414039]]}},{"type":"Feature","properties":{"linea":"231-12-167","palmas":27},"geometry":{"type":"LineString","coordinates":[[-72.902821,4.416114],[-72.902824,4.413999]]}},{"type":"Feature","properties":{"linea":"231-12-168","palmas":27},"geometry":{"type":"LineString","coordinates":[[-72.902891,4.416155],[-72.902894,4.414039]]}},{"type":"Feature","properties":{"linea":"231-12-169","palmas":27},"geometry":{"type":"LineString","coordinates":[[-72.902961,4.416115],[-72.902965,4.413999]]}},{"type":"Feature","properties":{"linea":"231-12-17","palmas":6},"geometry":{"type":"LineString","coordinates":[[-72.905699,4.416241],[-72.905699,4.416648]]}},{"type":"Feature","properties":{"linea":"231-12-170","palmas":27},"geometry":{"type":"LineString","coordinates":[[-72.903032,4.416156],[-72.903035,4.41404]]}},{"type":"Feature","properties":{"linea":"231-12-171","palmas":27},"geometry":{"type":"LineString","coordinates":[[-72.903102,4.416115],[-72.903105,4.413999]]}},{"type":"Feature","properties":{"linea":"231-12-172","palmas":27},"geometry":{"type":"LineString","coordinates":[[-72.903172,4.416156],[-72.903175,4.41404]]}},{"type":"Feature","properties":{"linea":"231-12-173","palmas":27},"geometry":{"type":"LineString","coordinates":[[-72.903242,4.416115],[-72.903246,4.413999]]}},{"type":"Feature","properties":{"linea":"231-12-174","palmas":27},"geometry":{"type":"LineString","coordinates":[[-72.903313,4.416156],[-72.903316,4.41404]]}},{"type":"Feature","properties":{"linea":"231-12-175","palmas":27},"geometry":{"type":"LineString","coordinates":[[-72.903383,4.416115],[-72.903386,4.414]]}},{"type":"Feature","properties":{"linea":"231-12-176","palmas":27},"geometry":{"type":"LineString","coordinates":[[-72.903453,4.416156],[-72.903456,4.414041]]}},{"type":"Feature","properties":{"linea":"231-12-177","palmas":27},"geometry":{"type":"LineString","coordinates":[[-72.903523,4.416116],[-72.903526,4.414]]}},{"type":"Feature","properties":{"linea":"231-12-178","palmas":27},"geometry":{"type":"LineString","coordinates":[[-72.903593,4.416156],[-72.903597,4.414041]]}},{"type":"Feature","properties":{"linea":"231-12-179","palmas":27},"geometry":{"type":"LineString","coordinates":[[-72.903664,4.416116],[-72.903667,4.414]]}},{"type":"Feature","properties":{"linea":"231-12-18","palmas":5},"geometry":{"type":"LineString","coordinates":[[-72.905629,4.416282],[-72.905629,4.416607]]}},{"type":"Feature","properties":{"linea":"231-12-180","palmas":27},"geometry":{"type":"LineString","coordinates":[[-72.903734,4.416157],[-72.903737,4.414041]]}},{"type":"Feature","properties":{"linea":"231-12-181","palmas":27},"geometry":{"type":"LineString","coordinates":[[-72.903804,4.416116],[-72.903807,4.414]]}},{"type":"Feature","properties":{"linea":"231-12-182","palmas":27},"geometry":{"type":"LineString","coordinates":[[-72.903874,4.416157],[-72.903878,4.414041]]}},{"type":"Feature","properties":{"linea":"231-12-183","palmas":27},"geometry":{"type":"LineString","coordinates":[[-72.903944,4.416116],[-72.903948,4.414001]]}},{"type":"Feature","properties":{"linea":"231-12-184","palmas":27},"geometry":{"type":"LineString","coordinates":[[-72.904014,4.416157],[-72.904018,4.414041]]}},{"type":"Feature","properties":{"linea":"231-12-185","palmas":27},"geometry":{"type":"LineString","coordinates":[[-72.904085,4.416116],[-72.904088,4.414001]]}},{"type":"Feature","properties":{"linea":"231-12-186","palmas":27},"geometry":{"type":"LineString","coordinates":[[-72.904155,4.416157],[-72.904158,4.414042]]}},{"type":"Feature","properties":{"linea":"231-12-187","palmas":27},"geometry":{"type":"LineString","coordinates":[[-72.904225,4.416117],[-72.904229,4.414001]]}},{"type":"Feature","properties":{"linea":"231-12-188","palmas":27},"geometry":{"type":"LineString","coordinates":[[-72.904295,4.416158],[-72.904299,4.414042]]}},{"type":"Feature","properties":{"linea":"231-12-189","palmas":27},"geometry":{"type":"LineString","coordinates":[[-72.904366,4.416117],[-72.904369,4.414001]]}},{"type":"Feature","properties":{"linea":"231-12-19","palmas":6},"geometry":{"type":"LineString","coordinates":[[-72.905559,4.416241],[-72.905558,4.416648]]}},{"type":"Feature","properties":{"linea":"231-12-190","palmas":27},"geometry":{"type":"LineString","coordinates":[[-72.904436,4.416158],[-72.904439,4.414042]]}},{"type":"Feature","properties":{"linea":"231-12-191","palmas":27},"geometry":{"type":"LineString","coordinates":[[-72.904506,4.416117],[-72.904509,4.414001]]}},{"type":"Feature","properties":{"linea":"231-12-192","palmas":27},"geometry":{"type":"LineString","coordinates":[[-72.904576,4.416158],[-72.904579,4.414042]]}},{"type":"Feature","properties":{"linea":"231-12-193","palmas":26},"geometry":{"type":"LineString","coordinates":[[-72.904646,4.416117],[-72.90465,4.414083]]}},{"type":"Feature","properties":{"linea":"231-12-194","palmas":26},"geometry":{"type":"LineString","coordinates":[[-72.904717,4.416158],[-72.90472,4.414124]]}},{"type":"Feature","properties":{"linea":"231-12-195","palmas":25},"geometry":{"type":"LineString","coordinates":[[-72.904787,4.416118],[-72.90479,4.414165]]}},{"type":"Feature","properties":{"linea":"231-12-196","palmas":24},"geometry":{"type":"LineString","coordinates":[[-72.904857,4.416158],[-72.90486,4.414287]]}},{"type":"Feature","properties":{"linea":"231-12-197","palmas":23},"geometry":{"type":"LineString","coordinates":[[-72.904927,4.416118],[-72.90493,4.414328]]}},{"type":"Feature","properties":{"linea":"231-12-198","palmas":23},"geometry":{"type":"LineString","coordinates":[[-72.904998,4.416159],[-72.905,4.414368]]}},{"type":"Feature","properties":{"linea":"231-12-199","palmas":22},"geometry":{"type":"LineString","coordinates":[[-72.905068,4.416118],[-72.90507,4.414409]]}},{"type":"Feature","properties":{"linea":"231-12-2","palmas":2},"geometry":{"type":"LineString","coordinates":[[-72.906753,4.416283],[-72.906752,4.416365]]}},{"type":"Feature","properties":{"linea":"231-12-20","palmas":5},"geometry":{"type":"LineString","coordinates":[[-72.905489,4.416281],[-72.905488,4.416607]]}},{"type":"Feature","properties":{"linea":"231-12-200","palmas":22},"geometry":{"type":"LineString","coordinates":[[-72.905138,4.416159],[-72.905141,4.41445]]}},{"type":"Feature","properties":{"linea":"231-12-201","palmas":21},"geometry":{"type":"LineString","coordinates":[[-72.905208,4.416118],[-72.905211,4.414491]]}},{"type":"Feature","properties":{"linea":"231-12-202","palmas":21},"geometry":{"type":"LineString","coordinates":[[-72.905278,4.416159],[-72.905281,4.414532]]}},{"type":"Feature","properties":{"linea":"231-12-203","palmas":20},"geometry":{"type":"LineString","coordinates":[[-72.905349,4.416118],[-72.905351,4.414572]]}},{"type":"Feature","properties":{"linea":"231-12-204","palmas":20},"geometry":{"type":"LineString","coordinates":[[-72.905419,4.416159],[-72.905421,4.414613]]}},{"type":"Feature","properties":{"linea":"231-12-205","palmas":19},"geometry":{"type":"LineString","coordinates":[[-72.905489,4.416119],[-72.905491,4.414654]]}},{"type":"Feature","properties":{"linea":"231-12-206","palmas":18},"geometry":{"type":"LineString","coordinates":[[-72.905559,4.416159],[-72.905561,4.414776]]}},{"type":"Feature","properties":{"linea":"231-12-207","palmas":17},"geometry":{"type":"LineString","coordinates":[[-72.905629,4.416119],[-72.905631,4.414817]]}},{"type":"Feature","properties":{"linea":"231-12-208","palmas":17},"geometry":{"type":"LineString","coordinates":[[-72.905699,4.41616],[-72.905701,4.414858]]}},{"type":"Feature","properties":{"linea":"231-12-209","palmas":16},"geometry":{"type":"LineString","coordinates":[[-72.90577,4.416119],[-72.905772,4.414899]]}},{"type":"Feature","properties":{"linea":"231-12-21","palmas":6},"geometry":{"type":"LineString","coordinates":[[-72.905419,4.416241],[-72.905418,4.416648]]}},{"type":"Feature","properties":{"linea":"231-12-210","palmas":16},"geometry":{"type":"LineString","coordinates":[[-72.90584,4.41616],[-72.905842,4.414939]]}},{"type":"Feature","properties":{"linea":"231-12-211","palmas":15},"geometry":{"type":"LineString","coordinates":[[-72.90591,4.416119],[-72.905912,4.41498]]}},{"type":"Feature","properties":{"linea":"231-12-212","palmas":15},"geometry":{"type":"LineString","coordinates":[[-72.90598,4.41616],[-72.905982,4.415021]]}},{"type":"Feature","properties":{"linea":"231-12-213","palmas":14},"geometry":{"type":"LineString","coordinates":[[-72.906051,4.416119],[-72.906052,4.415062]]}},{"type":"Feature","properties":{"linea":"231-12-214","palmas":13},"geometry":{"type":"LineString","coordinates":[[-72.906121,4.41616],[-72.906122,4.415184]]}},{"type":"Feature","properties":{"linea":"231-12-215","palmas":13},"geometry":{"type":"LineString","coordinates":[[-72.906191,4.41612],[-72.906193,4.415143]]}},{"type":"Feature","properties":{"linea":"231-12-216","palmas":12},"geometry":{"type":"LineString","coordinates":[[-72.906261,4.416161],[-72.906263,4.415266]]}},{"type":"Feature","properties":{"linea":"231-12-217","palmas":11},"geometry":{"type":"LineString","coordinates":[[-72.906331,4.41612],[-72.906333,4.415306]]}},{"type":"Feature","properties":{"linea":"231-12-218","palmas":11},"geometry":{"type":"LineString","coordinates":[[-72.906402,4.416161],[-72.906403,4.415347]]}},{"type":"Feature","properties":{"linea":"231-12-219","palmas":10},"geometry":{"type":"LineString","coordinates":[[-72.906472,4.41612],[-72.906473,4.415388]]}},{"type":"Feature","properties":{"linea":"231-12-22","palmas":5},"geometry":{"type":"LineString","coordinates":[[-72.905348,4.416281],[-72.905348,4.416607]]}},{"type":"Feature","properties":{"linea":"231-12-220","palmas":10},"geometry":{"type":"LineString","coordinates":[[-72.906542,4.416161],[-72.906543,4.415429]]}},{"type":"Feature","properties":{"linea":"231-12-221","palmas":9},"geometry":{"type":"LineString","coordinates":[[-72.906612,4.41612],[-72.906613,4.415469]]}},{"type":"Feature","properties":{"linea":"231-12-222","palmas":8},"geometry":{"type":"LineString","coordinates":[[-72.906683,4.416161],[-72.906683,4.415592]]}},{"type":"Feature","properties":{"linea":"231-12-223","palmas":7},"geometry":{"type":"LineString","coordinates":[[-72.906753,4.416121],[-72.906753,4.415633]]}},{"type":"Feature","properties":{"linea":"231-12-224","palmas":8},"geometry":{"type":"LineString","coordinates":[[-72.906823,4.416161],[-72.906824,4.415592]]}},{"type":"Feature","properties":{"linea":"231-12-225","palmas":6},"geometry":{"type":"LineString","coordinates":[[-72.906893,4.416121],[-72.906894,4.415714]]}},{"type":"Feature","properties":{"linea":"231-12-226","palmas":6},"geometry":{"type":"LineString","coordinates":[[-72.906963,4.416162],[-72.906964,4.415755]]}},{"type":"Feature","properties":{"linea":"231-12-227","palmas":5},"geometry":{"type":"LineString","coordinates":[[-72.907034,4.416121],[-72.907034,4.415796]]}},{"type":"Feature","properties":{"linea":"231-12-228","palmas":3},"geometry":{"type":"LineString","coordinates":[[-72.907104,4.415999],[-72.907104,4.415836]]}},{"type":"Feature","properties":{"linea":"231-12-23","palmas":6},"geometry":{"type":"LineString","coordinates":[[-72.905278,4.41624],[-72.905278,4.416647]]}},{"type":"Feature","properties":{"linea":"231-12-24","palmas":5},"geometry":{"type":"LineString","coordinates":[[-72.905208,4.416281],[-72.905207,4.416606]]}},{"type":"Feature","properties":{"linea":"231-12-25","palmas":6},"geometry":{"type":"LineString","coordinates":[[-72.905138,4.41624],[-72.905137,4.416647]]}},{"type":"Feature","properties":{"linea":"231-12-26","palmas":5},"geometry":{"type":"LineString","coordinates":[[-72.905068,4.416281],[-72.905067,4.416606]]}},{"type":"Feature","properties":{"linea":"231-12-27","palmas":6},"geometry":{"type":"LineString","coordinates":[[-72.904997,4.41624],[-72.904997,4.416647]]}},{"type":"Feature","properties":{"linea":"231-12-28","palmas":5},"geometry":{"type":"LineString","coordinates":[[-72.904927,4.416281],[-72.904926,4.416606]]}},{"type":"Feature","properties":{"linea":"231-12-29","palmas":6},"geometry":{"type":"LineString","coordinates":[[-72.904857,4.41624],[-72.904856,4.416647]]}},{"type":"Feature","properties":{"linea":"231-12-3","palmas":3},"geometry":{"type":"LineString","coordinates":[[-72.906682,4.416243],[-72.906682,4.416405]]}},{"type":"Feature","properties":{"linea":"231-12-30","palmas":5},"geometry":{"type":"LineString","coordinates":[[-72.904787,4.41628],[-72.904786,4.416606]]}},{"type":"Feature","properties":{"linea":"231-12-31","palmas":6},"geometry":{"type":"LineString","coordinates":[[-72.904716,4.416239],[-72.904716,4.416646]]}},{"type":"Feature","properties":{"linea":"231-12-32","palmas":5},"geometry":{"type":"LineString","coordinates":[[-72.904646,4.41628],[-72.904646,4.416606]]}},{"type":"Feature","properties":{"linea":"231-12-33","palmas":6},"geometry":{"type":"LineString","coordinates":[[-72.904576,4.416239],[-72.904575,4.416646]]}},{"type":"Feature","properties":{"linea":"231-12-34","palmas":6},"geometry":{"type":"LineString","coordinates":[[-72.904506,4.41628],[-72.904505,4.416687]]}},{"type":"Feature","properties":{"linea":"231-12-35","palmas":6},"geometry":{"type":"LineString","coordinates":[[-72.904436,4.416239],[-72.904435,4.416646]]}},{"type":"Feature","properties":{"linea":"231-12-36","palmas":6},"geometry":{"type":"LineString","coordinates":[[-72.904365,4.41628],[-72.904365,4.416686]]}},{"type":"Feature","properties":{"linea":"231-12-37","palmas":6},"geometry":{"type":"LineString","coordinates":[[-72.904295,4.416239],[-72.904294,4.416646]]}},{"type":"Feature","properties":{"linea":"231-12-38","palmas":6},"geometry":{"type":"LineString","coordinates":[[-72.904225,4.416279],[-72.904224,4.416686]]}},{"type":"Feature","properties":{"linea":"231-12-39","palmas":6},"geometry":{"type":"LineString","coordinates":[[-72.904155,4.416239],[-72.904154,4.416646]]}},{"type":"Feature","properties":{"linea":"231-12-4","palmas":4},"geometry":{"type":"LineString","coordinates":[[-72.906612,4.416283],[-72.906612,4.416527]]}},{"type":"Feature","properties":{"linea":"231-12-40","palmas":6},"geometry":{"type":"LineString","coordinates":[[-72.904084,4.416279],[-72.904084,4.416686]]}},{"type":"Feature","properties":{"linea":"231-12-41","palmas":6},"geometry":{"type":"LineString","coordinates":[[-72.904014,4.416238],[-72.904014,4.416645]]}},{"type":"Feature","properties":{"linea":"231-12-42","palmas":6},"geometry":{"type":"LineString","coordinates":[[-72.903944,4.416279],[-72.903943,4.416686]]}},{"type":"Feature","properties":{"linea":"231-12-43","palmas":6},"geometry":{"type":"LineString","coordinates":[[-72.903874,4.416238],[-72.903873,4.416645]]}},{"type":"Feature","properties":{"linea":"231-12-44","palmas":6},"geometry":{"type":"LineString","coordinates":[[-72.903804,4.416279],[-72.903803,4.416686]]}},{"type":"Feature","properties":{"linea":"231-12-45","palmas":6},"geometry":{"type":"LineString","coordinates":[[-72.903734,4.416238],[-72.903733,4.416645]]}},{"type":"Feature","properties":{"linea":"231-12-46","palmas":6},"geometry":{"type":"LineString","coordinates":[[-72.903663,4.416279],[-72.903663,4.416685]]}},{"type":"Feature","properties":{"linea":"231-12-47","palmas":6},"geometry":{"type":"LineString","coordinates":[[-72.903593,4.416238],[-72.903593,4.416644]]}},{"type":"Feature","properties":{"linea":"231-12-48","palmas":6},"geometry":{"type":"LineString","coordinates":[[-72.903523,4.416278],[-72.903522,4.416685]]}},{"type":"Feature","properties":{"linea":"231-12-49","palmas":7},"geometry":{"type":"LineString","coordinates":[[-72.903453,4.416238],[-72.903452,4.416726]]}},{"type":"Feature","properties":{"linea":"231-12-5","palmas":5},"geometry":{"type":"LineString","coordinates":[[-72.906542,4.416243],[-72.906541,4.416568]]}},{"type":"Feature","properties":{"linea":"231-12-50","palmas":6},"geometry":{"type":"LineString","coordinates":[[-72.903383,4.416278],[-72.903382,4.416685]]}},{"type":"Feature","properties":{"linea":"231-12-51","palmas":7},"geometry":{"type":"LineString","coordinates":[[-72.903312,4.416237],[-72.903311,4.416726]]}},{"type":"Feature","properties":{"linea":"231-12-52","palmas":6},"geometry":{"type":"LineString","coordinates":[[-72.903242,4.416278],[-72.903241,4.416685]]}},{"type":"Feature","properties":{"linea":"231-12-53","palmas":7},"geometry":{"type":"LineString","coordinates":[[-72.903172,4.416237],[-72.903171,4.416725]]}},{"type":"Feature","properties":{"linea":"231-12-54","palmas":6},"geometry":{"type":"LineString","coordinates":[[-72.903102,4.416278],[-72.903101,4.416684]]}},{"type":"Feature","properties":{"linea":"231-12-55","palmas":7},"geometry":{"type":"LineString","coordinates":[[-72.903031,4.416237],[-72.903031,4.416725]]}},{"type":"Feature","properties":{"linea":"231-12-56","palmas":6},"geometry":{"type":"LineString","coordinates":[[-72.902961,4.416278],[-72.902961,4.416684]]}},{"type":"Feature","properties":{"linea":"231-12-57","palmas":7},"geometry":{"type":"LineString","coordinates":[[-72.902891,4.416237],[-72.90289,4.416725]]}},{"type":"Feature","properties":{"linea":"231-12-58","palmas":6},"geometry":{"type":"LineString","coordinates":[[-72.902821,4.416277],[-72.90282,4.416684]]}},{"type":"Feature","properties":{"linea":"231-12-59","palmas":7},"geometry":{"type":"LineString","coordinates":[[-72.902751,4.416236],[-72.90275,4.416725]]}},{"type":"Feature","properties":{"linea":"231-12-6","palmas":5},"geometry":{"type":"LineString","coordinates":[[-72.906472,4.416283],[-72.906471,4.416608]]}},{"type":"Feature","properties":{"linea":"231-12-60","palmas":6},"geometry":{"type":"LineString","coordinates":[[-72.90268,4.416277],[-72.90268,4.416684]]}},{"type":"Feature","properties":{"linea":"231-12-61","palmas":7},"geometry":{"type":"LineString","coordinates":[[-72.90261,4.416236],[-72.902609,4.416724]]}},{"type":"Feature","properties":{"linea":"231-12-62","palmas":6},"geometry":{"type":"LineString","coordinates":[[-72.90254,4.416277],[-72.902539,4.416684]]}},{"type":"Feature","properties":{"linea":"231-12-63","palmas":7},"geometry":{"type":"LineString","coordinates":[[-72.90247,4.416236],[-72.902469,4.416724]]}},{"type":"Feature","properties":{"linea":"231-12-64","palmas":6},"geometry":{"type":"LineString","coordinates":[[-72.902399,4.416276],[-72.902399,4.416683]]}},{"type":"Feature","properties":{"linea":"231-12-65","palmas":7},"geometry":{"type":"LineString","coordinates":[[-72.902329,4.416236],[-72.902329,4.416724]]}},{"type":"Feature","properties":{"linea":"231-12-66","palmas":6},"geometry":{"type":"LineString","coordinates":[[-72.902259,4.416276],[-72.902258,4.416683]]}},{"type":"Feature","properties":{"linea":"231-12-67","palmas":7},"geometry":{"type":"LineString","coordinates":[[-72.902189,4.416236],[-72.902188,4.416724]]}},{"type":"Feature","properties":{"linea":"231-12-68","palmas":6},"geometry":{"type":"LineString","coordinates":[[-72.902119,4.416276],[-72.902118,4.416683]]}},{"type":"Feature","properties":{"linea":"231-12-69","palmas":7},"geometry":{"type":"LineString","coordinates":[[-72.902049,4.416235],[-72.902048,4.416724]]}},{"type":"Feature","properties":{"linea":"231-12-7","palmas":5},"geometry":{"type":"LineString","coordinates":[[-72.906401,4.416242],[-72.906401,4.416568]]}},{"type":"Feature","properties":{"linea":"231-12-70","palmas":6},"geometry":{"type":"LineString","coordinates":[[-72.901978,4.416276],[-72.901978,4.416683]]}},{"type":"Feature","properties":{"linea":"231-12-71","palmas":7},"geometry":{"type":"LineString","coordinates":[[-72.901908,4.416235],[-72.901907,4.416723]]}},{"type":"Feature","properties":{"linea":"231-12-72","palmas":6},"geometry":{"type":"LineString","coordinates":[[-72.901838,4.416276],[-72.901837,4.416683]]}},{"type":"Feature","properties":{"linea":"231-12-73","palmas":7},"geometry":{"type":"LineString","coordinates":[[-72.901768,4.416235],[-72.901767,4.416723]]}},{"type":"Feature","properties":{"linea":"231-12-74","palmas":7},"geometry":{"type":"LineString","coordinates":[[-72.901698,4.416275],[-72.901697,4.416764]]}},{"type":"Feature","properties":{"linea":"231-12-75","palmas":7},"geometry":{"type":"LineString","coordinates":[[-72.901627,4.416234],[-72.901626,4.416723]]}},{"type":"Feature","properties":{"linea":"231-12-76","palmas":7},"geometry":{"type":"LineString","coordinates":[[-72.901557,4.416275],[-72.901556,4.416763]]}},{"type":"Feature","properties":{"linea":"231-12-77","palmas":7},"geometry":{"type":"LineString","coordinates":[[-72.901487,4.416234],[-72.901486,4.416723]]}},{"type":"Feature","properties":{"linea":"231-12-78","palmas":7},"geometry":{"type":"LineString","coordinates":[[-72.901417,4.416275],[-72.901416,4.416763]]}},{"type":"Feature","properties":{"linea":"231-12-79","palmas":7},"geometry":{"type":"LineString","coordinates":[[-72.901346,4.416234],[-72.901346,4.416723]]}},{"type":"Feature","properties":{"linea":"231-12-8","palmas":5},"geometry":{"type":"LineString","coordinates":[[-72.906331,4.416283],[-72.906331,4.416608]]}},{"type":"Feature","properties":{"linea":"231-12-80","palmas":7},"geometry":{"type":"LineString","coordinates":[[-72.901276,4.416275],[-72.901275,4.416763]]}},{"type":"Feature","properties":{"linea":"231-12-81","palmas":7},"geometry":{"type":"LineString","coordinates":[[-72.901206,4.416234],[-72.901205,4.416722]]}},{"type":"Feature","properties":{"linea":"231-12-82","palmas":6},"geometry":{"type":"LineString","coordinates":[[-72.901136,4.416274],[-72.901135,4.416681]]}},{"type":"Feature","properties":{"linea":"231-12-83","palmas":6},"geometry":{"type":"LineString","coordinates":[[-72.901066,4.416234],[-72.901065,4.416641]]}},{"type":"Feature","properties":{"linea":"231-12-84","palmas":5},"geometry":{"type":"LineString","coordinates":[[-72.900995,4.416274],[-72.900995,4.4166]]}},{"type":"Feature","properties":{"linea":"231-12-85","palmas":5},"geometry":{"type":"LineString","coordinates":[[-72.900925,4.416233],[-72.900925,4.416559]]}},{"type":"Feature","properties":{"linea":"231-12-86","palmas":4},"geometry":{"type":"LineString","coordinates":[[-72.900855,4.416274],[-72.900854,4.416518]]}},{"type":"Feature","properties":{"linea":"231-12-87","palmas":4},"geometry":{"type":"LineString","coordinates":[[-72.900785,4.416233],[-72.900784,4.416477]]}},{"type":"Feature","properties":{"linea":"231-12-88","palmas":3},"geometry":{"type":"LineString","coordinates":[[-72.900714,4.416274],[-72.900714,4.416437]]}},{"type":"Feature","properties":{"linea":"231-12-89","palmas":3},"geometry":{"type":"LineString","coordinates":[[-72.900644,4.416233],[-72.900644,4.416396]]}},{"type":"Feature","properties":{"linea":"231-12-9","palmas":5},"geometry":{"type":"LineString","coordinates":[[-72.906261,4.416242],[-72.906261,4.416568]]}},{"type":"Feature","properties":{"linea":"231-12-92","palmas":2},"geometry":{"type":"LineString","coordinates":[[-72.897558,4.414113],[-72.897559,4.414031]]}},{"type":"Feature","properties":{"linea":"231-12-93","palmas":4},"geometry":{"type":"LineString","coordinates":[[-72.897629,4.414235],[-72.897629,4.413991]]}},{"type":"Feature","properties":{"linea":"231-12-94","palmas":4},"geometry":{"type":"LineString","coordinates":[[-72.897699,4.414276],[-72.897699,4.414031]]}},{"type":"Feature","properties":{"linea":"231-12-95","palmas":5},"geometry":{"type":"LineString","coordinates":[[-72.897769,4.414316],[-72.897769,4.413991]]}},{"type":"Feature","properties":{"linea":"231-12-96","palmas":5},"geometry":{"type":"LineString","coordinates":[[-72.897839,4.414357],[-72.897839,4.414031]]}},{"type":"Feature","properties":{"linea":"231-12-97","palmas":6},"geometry":{"type":"LineString","coordinates":[[-72.897909,4.414398],[-72.89791,4.413991]]}},{"type":"Feature","properties":{"linea":"231-12-98","palmas":6},"geometry":{"type":"LineString","coordinates":[[-72.897979,4.414439],[-72.89798,4.414032]]}},{"type":"Feature","properties":{"linea":"231-12-99","palmas":7},"geometry":{"type":"LineString","coordinates":[[-72.898049,4.414479],[-72.89805,4.413991]]}},{"type":"Feature","properties":{"linea":"231-13-10","palmas":6},"geometry":{"type":"LineString","coordinates":[[-72.899448,4.416079],[-72.899448,4.415672]]}},{"type":"Feature","properties":{"linea":"231-13-100","palmas":25},"geometry":{"type":"LineString","coordinates":[[-72.90043,4.416406],[-72.900427,4.418359]]}},{"type":"Feature","properties":{"linea":"231-13-101","palmas":24},"geometry":{"type":"LineString","coordinates":[[-72.9005,4.416447],[-72.900497,4.418319]]}},{"type":"Feature","properties":{"linea":"231-13-102","palmas":24},"geometry":{"type":"LineString","coordinates":[[-72.90057,4.416488],[-72.900567,4.418359]]}},{"type":"Feature","properties":{"linea":"231-13-103","palmas":24},"geometry":{"type":"LineString","coordinates":[[-72.90064,4.416529],[-72.900637,4.4184]]}},{"type":"Feature","properties":{"linea":"231-13-104","palmas":24},"geometry":{"type":"LineString","coordinates":[[-72.90071,4.416569],[-72.900708,4.418441]]}},{"type":"Feature","properties":{"linea":"231-13-105","palmas":22},"geometry":{"type":"LineString","coordinates":[[-72.900781,4.41661],[-72.900778,4.418319]]}},{"type":"Feature","properties":{"linea":"231-13-106","palmas":22},"geometry":{"type":"LineString","coordinates":[[-72.900851,4.416651],[-72.900848,4.41836]]}},{"type":"Feature","properties":{"linea":"231-13-107","palmas":21},"geometry":{"type":"LineString","coordinates":[[-72.900921,4.416692],[-72.900918,4.418319]]}},{"type":"Feature","properties":{"linea":"231-13-108","palmas":20},"geometry":{"type":"LineString","coordinates":[[-72.900991,4.416814],[-72.900988,4.41836]]}},{"type":"Feature","properties":{"linea":"231-13-109","palmas":19},"geometry":{"type":"LineString","coordinates":[[-72.901061,4.416855],[-72.901059,4.418319]]}},{"type":"Feature","properties":{"linea":"231-13-11","palmas":7},"geometry":{"type":"LineString","coordinates":[[-72.899377,4.41612],[-72.899378,4.415631]]}},{"type":"Feature","properties":{"linea":"231-13-110","palmas":19},"geometry":{"type":"LineString","coordinates":[[-72.901131,4.416896],[-72.901129,4.41836]]}},{"type":"Feature","properties":{"linea":"231-13-111","palmas":18},"geometry":{"type":"LineString","coordinates":[[-72.901201,4.416936],[-72.901199,4.41832]]}},{"type":"Feature","properties":{"linea":"231-13-112","palmas":19},"geometry":{"type":"LineString","coordinates":[[-72.901272,4.416896],[-72.901269,4.418361]]}},{"type":"Feature","properties":{"linea":"231-13-113","palmas":18},"geometry":{"type":"LineString","coordinates":[[-72.901342,4.416937],[-72.901339,4.41832]]}},{"type":"Feature","properties":{"linea":"231-13-114","palmas":19},"geometry":{"type":"LineString","coordinates":[[-72.901412,4.416896],[-72.90141,4.418361]]}},{"type":"Feature","properties":{"linea":"231-13-115","palmas":18},"geometry":{"type":"LineString","coordinates":[[-72.901482,4.416937],[-72.90148,4.41832]]}},{"type":"Feature","properties":{"linea":"231-13-116","palmas":19},"geometry":{"type":"LineString","coordinates":[[-72.901553,4.416896],[-72.90155,4.418361]]}},{"type":"Feature","properties":{"linea":"231-13-117","palmas":18},"geometry":{"type":"LineString","coordinates":[[-72.901623,4.416937],[-72.90162,4.41832]]}},{"type":"Feature","properties":{"linea":"231-13-118","palmas":19},"geometry":{"type":"LineString","coordinates":[[-72.901693,4.416896],[-72.901691,4.418361]]}},{"type":"Feature","properties":{"linea":"231-13-119","palmas":18},"geometry":{"type":"LineString","coordinates":[[-72.901763,4.416937],[-72.901761,4.418321]]}},{"type":"Feature","properties":{"linea":"231-13-12","palmas":8},"geometry":{"type":"LineString","coordinates":[[-72.899307,4.416079],[-72.899308,4.415509]]}},{"type":"Feature","properties":{"linea":"231-13-120","palmas":19},"geometry":{"type":"LineString","coordinates":[[-72.901833,4.416897],[-72.901831,4.418361]]}},{"type":"Feature","properties":{"linea":"231-13-121","palmas":19},"geometry":{"type":"LineString","coordinates":[[-72.901904,4.416856],[-72.901901,4.418321]]}},{"type":"Feature","properties":{"linea":"231-13-122","palmas":19},"geometry":{"type":"LineString","coordinates":[[-72.901974,4.416897],[-72.901971,4.418362]]}},{"type":"Feature","properties":{"linea":"231-13-123","palmas":19},"geometry":{"type":"LineString","coordinates":[[-72.902044,4.416856],[-72.902042,4.418321]]}},{"type":"Feature","properties":{"linea":"231-13-124","palmas":19},"geometry":{"type":"LineString","coordinates":[[-72.902114,4.416897],[-72.902112,4.418362]]}},{"type":"Feature","properties":{"linea":"231-13-125","palmas":19},"geometry":{"type":"LineString","coordinates":[[-72.902184,4.416857],[-72.902182,4.418321]]}},{"type":"Feature","properties":{"linea":"231-13-126","palmas":19},"geometry":{"type":"LineString","coordinates":[[-72.902254,4.416897],[-72.902252,4.418362]]}},{"type":"Feature","properties":{"linea":"231-13-127","palmas":19},"geometry":{"type":"LineString","coordinates":[[-72.902325,4.416857],[-72.902323,4.418321]]}},{"type":"Feature","properties":{"linea":"231-13-128","palmas":19},"geometry":{"type":"LineString","coordinates":[[-72.902395,4.416898],[-72.902393,4.418362]]}},{"type":"Feature","properties":{"linea":"231-13-129","palmas":19},"geometry":{"type":"LineString","coordinates":[[-72.902465,4.416857],[-72.902463,4.418322]]}},{"type":"Feature","properties":{"linea":"231-13-13","palmas":9},"geometry":{"type":"LineString","coordinates":[[-72.899237,4.416119],[-72.899238,4.415469]]}},{"type":"Feature","properties":{"linea":"231-13-130","palmas":19},"geometry":{"type":"LineString","coordinates":[[-72.902535,4.416898],[-72.902533,4.418363]]}},{"type":"Feature","properties":{"linea":"231-13-131","palmas":19},"geometry":{"type":"LineString","coordinates":[[-72.902606,4.416857],[-72.902603,4.418322]]}},{"type":"Feature","properties":{"linea":"231-13-132","palmas":19},"geometry":{"type":"LineString","coordinates":[[-72.902676,4.416898],[-72.902673,4.418363]]}},{"type":"Feature","properties":{"linea":"231-13-133","palmas":19},"geometry":{"type":"LineString","coordinates":[[-72.902746,4.416857],[-72.902744,4.418322]]}},{"type":"Feature","properties":{"linea":"231-13-134","palmas":19},"geometry":{"type":"LineString","coordinates":[[-72.902816,4.416898],[-72.902814,4.418363]]}},{"type":"Feature","properties":{"linea":"231-13-135","palmas":19},"geometry":{"type":"LineString","coordinates":[[-72.902886,4.416858],[-72.902884,4.418322]]}},{"type":"Feature","properties":{"linea":"231-13-136","palmas":19},"geometry":{"type":"LineString","coordinates":[[-72.902957,4.416898],[-72.902954,4.418363]]}},{"type":"Feature","properties":{"linea":"231-13-137","palmas":19},"geometry":{"type":"LineString","coordinates":[[-72.903027,4.416858],[-72.903024,4.418323]]}},{"type":"Feature","properties":{"linea":"231-13-138","palmas":19},"geometry":{"type":"LineString","coordinates":[[-72.903097,4.416899],[-72.903095,4.418363]]}},{"type":"Feature","properties":{"linea":"231-13-139","palmas":19},"geometry":{"type":"LineString","coordinates":[[-72.903167,4.416858],[-72.903165,4.418323]]}},{"type":"Feature","properties":{"linea":"231-13-14","palmas":9},"geometry":{"type":"LineString","coordinates":[[-72.899167,4.416079],[-72.899168,4.415428]]}},{"type":"Feature","properties":{"linea":"231-13-140","palmas":19},"geometry":{"type":"LineString","coordinates":[[-72.903238,4.416899],[-72.903235,4.418364]]}},{"type":"Feature","properties":{"linea":"231-13-141","palmas":19},"geometry":{"type":"LineString","coordinates":[[-72.903308,4.416858],[-72.903305,4.418323]]}},{"type":"Feature","properties":{"linea":"231-13-142","palmas":20},"geometry":{"type":"LineString","coordinates":[[-72.903378,4.416818],[-72.903376,4.418364]]}},{"type":"Feature","properties":{"linea":"231-13-143","palmas":19},"geometry":{"type":"LineString","coordinates":[[-72.903448,4.416859],[-72.903446,4.418323]]}},{"type":"Feature","properties":{"linea":"231-13-144","palmas":20},"geometry":{"type":"LineString","coordinates":[[-72.903518,4.416818],[-72.903516,4.418364]]}},{"type":"Feature","properties":{"linea":"231-13-145","palmas":19},"geometry":{"type":"LineString","coordinates":[[-72.903589,4.416859],[-72.903586,4.418323]]}},{"type":"Feature","properties":{"linea":"231-13-146","palmas":20},"geometry":{"type":"LineString","coordinates":[[-72.903659,4.416818],[-72.903656,4.418364]]}},{"type":"Feature","properties":{"linea":"231-13-147","palmas":19},"geometry":{"type":"LineString","coordinates":[[-72.903729,4.416859],[-72.903727,4.418324]]}},{"type":"Feature","properties":{"linea":"231-13-148","palmas":20},"geometry":{"type":"LineString","coordinates":[[-72.903799,4.416818],[-72.903797,4.418364]]}},{"type":"Feature","properties":{"linea":"231-13-149","palmas":19},"geometry":{"type":"LineString","coordinates":[[-72.903869,4.416859],[-72.903867,4.418324]]}},{"type":"Feature","properties":{"linea":"231-13-15","palmas":10},"geometry":{"type":"LineString","coordinates":[[-72.899096,4.416119],[-72.899098,4.415387]]}},{"type":"Feature","properties":{"linea":"231-13-150","palmas":20},"geometry":{"type":"LineString","coordinates":[[-72.90394,4.416819],[-72.903937,4.418365]]}},{"type":"Feature","properties":{"linea":"231-13-151","palmas":20},"geometry":{"type":"LineString","coordinates":[[-72.90401,4.416778],[-72.904008,4.418324]]}},{"type":"Feature","properties":{"linea":"231-13-152","palmas":20},"geometry":{"type":"LineString","coordinates":[[-72.90408,4.416819],[-72.904077,4.418365]]}},{"type":"Feature","properties":{"linea":"231-13-153","palmas":20},"geometry":{"type":"LineString","coordinates":[[-72.90415,4.416778],[-72.904148,4.418324]]}},{"type":"Feature","properties":{"linea":"231-13-154","palmas":20},"geometry":{"type":"LineString","coordinates":[[-72.904221,4.416819],[-72.904218,4.418365]]}},{"type":"Feature","properties":{"linea":"231-13-155","palmas":20},"geometry":{"type":"LineString","coordinates":[[-72.904291,4.416779],[-72.904288,4.418324]]}},{"type":"Feature","properties":{"linea":"231-13-156","palmas":20},"geometry":{"type":"LineString","coordinates":[[-72.904361,4.416819],[-72.904358,4.418365]]}},{"type":"Feature","properties":{"linea":"231-13-157","palmas":20},"geometry":{"type":"LineString","coordinates":[[-72.904431,4.416779],[-72.904429,4.418325]]}},{"type":"Feature","properties":{"linea":"231-13-158","palmas":20},"geometry":{"type":"LineString","coordinates":[[-72.904501,4.416819],[-72.904499,4.418366]]}},{"type":"Feature","properties":{"linea":"231-13-159","palmas":20},"geometry":{"type":"LineString","coordinates":[[-72.904572,4.416779],[-72.904569,4.418325]]}},{"type":"Feature","properties":{"linea":"231-13-16","palmas":10},"geometry":{"type":"LineString","coordinates":[[-72.899026,4.416079],[-72.899027,4.415346]]}},{"type":"Feature","properties":{"linea":"231-13-160","palmas":20},"geometry":{"type":"LineString","coordinates":[[-72.904642,4.41682],[-72.904639,4.418366]]}},{"type":"Feature","properties":{"linea":"231-13-161","palmas":20},"geometry":{"type":"LineString","coordinates":[[-72.904709,4.418325],[-72.904712,4.416779]]}},{"type":"Feature","properties":{"linea":"231-13-162","palmas":21},"geometry":{"type":"LineString","coordinates":[[-72.90478,4.418366],[-72.904782,4.416739]]}},{"type":"Feature","properties":{"linea":"231-13-163","palmas":20},"geometry":{"type":"LineString","coordinates":[[-72.90485,4.418326],[-72.904853,4.416779]]}},{"type":"Feature","properties":{"linea":"231-13-164","palmas":20},"geometry":{"type":"LineString","coordinates":[[-72.90492,4.418366],[-72.904923,4.41682]]}},{"type":"Feature","properties":{"linea":"231-13-165","palmas":20},"geometry":{"type":"LineString","coordinates":[[-72.90499,4.418326],[-72.904993,4.41678]]}},{"type":"Feature","properties":{"linea":"231-13-166","palmas":21},"geometry":{"type":"LineString","coordinates":[[-72.905061,4.418366],[-72.905063,4.416739]]}},{"type":"Feature","properties":{"linea":"231-13-167","palmas":20},"geometry":{"type":"LineString","coordinates":[[-72.905131,4.418326],[-72.905133,4.41678]]}},{"type":"Feature","properties":{"linea":"231-13-168","palmas":20},"geometry":{"type":"LineString","coordinates":[[-72.905201,4.418367],[-72.905203,4.416821]]}},{"type":"Feature","properties":{"linea":"231-13-169","palmas":20},"geometry":{"type":"LineString","coordinates":[[-72.905271,4.418326],[-72.905274,4.41678]]}},{"type":"Feature","properties":{"linea":"231-13-17","palmas":11},"geometry":{"type":"LineString","coordinates":[[-72.898956,4.416119],[-72.898957,4.415305]]}},{"type":"Feature","properties":{"linea":"231-13-170","palmas":21},"geometry":{"type":"LineString","coordinates":[[-72.905341,4.418367],[-72.905344,4.416739]]}},{"type":"Feature","properties":{"linea":"231-13-171","palmas":20},"geometry":{"type":"LineString","coordinates":[[-72.905412,4.418326],[-72.905414,4.41678]]}},{"type":"Feature","properties":{"linea":"231-13-172","palmas":21},"geometry":{"type":"LineString","coordinates":[[-72.905482,4.418367],[-72.905484,4.41674]]}},{"type":"Feature","properties":{"linea":"231-13-173","palmas":20},"geometry":{"type":"LineString","coordinates":[[-72.905552,4.418327],[-72.905554,4.416781]]}},{"type":"Feature","properties":{"linea":"231-13-174","palmas":21},"geometry":{"type":"LineString","coordinates":[[-72.905622,4.418368],[-72.905625,4.41674]]}},{"type":"Feature","properties":{"linea":"231-13-175","palmas":20},"geometry":{"type":"LineString","coordinates":[[-72.905693,4.418327],[-72.905695,4.416781]]}},{"type":"Feature","properties":{"linea":"231-13-176","palmas":21},"geometry":{"type":"LineString","coordinates":[[-72.905763,4.418368],[-72.905765,4.41674]]}},{"type":"Feature","properties":{"linea":"231-13-177","palmas":20},"geometry":{"type":"LineString","coordinates":[[-72.905833,4.418327],[-72.905835,4.416781]]}},{"type":"Feature","properties":{"linea":"231-13-178","palmas":21},"geometry":{"type":"LineString","coordinates":[[-72.905903,4.418368],[-72.905906,4.41674]]}},{"type":"Feature","properties":{"linea":"231-13-179","palmas":20},"geometry":{"type":"LineString","coordinates":[[-72.905973,4.418327],[-72.905976,4.416781]]}},{"type":"Feature","properties":{"linea":"231-13-18","palmas":11},"geometry":{"type":"LineString","coordinates":[[-72.898886,4.416078],[-72.898887,4.415264]]}},{"type":"Feature","properties":{"linea":"231-13-180","palmas":21},"geometry":{"type":"LineString","coordinates":[[-72.906044,4.418368],[-72.906046,4.416741]]}},{"type":"Feature","properties":{"linea":"231-13-181","palmas":20},"geometry":{"type":"LineString","coordinates":[[-72.906114,4.418328],[-72.906116,4.416781]]}},{"type":"Feature","properties":{"linea":"231-13-182","palmas":21},"geometry":{"type":"LineString","coordinates":[[-72.906184,4.418368],[-72.906186,4.416741]]}},{"type":"Feature","properties":{"linea":"231-13-183","palmas":20},"geometry":{"type":"LineString","coordinates":[[-72.906254,4.418328],[-72.906257,4.416782]]}},{"type":"Feature","properties":{"linea":"231-13-184","palmas":21},"geometry":{"type":"LineString","coordinates":[[-72.906324,4.418368],[-72.906327,4.416741]]}},{"type":"Feature","properties":{"linea":"231-13-185","palmas":20},"geometry":{"type":"LineString","coordinates":[[-72.906395,4.418328],[-72.906397,4.416782]]}},{"type":"Feature","properties":{"linea":"231-13-186","palmas":21},"geometry":{"type":"LineString","coordinates":[[-72.906465,4.418369],[-72.906467,4.416741]]}},{"type":"Feature","properties":{"linea":"231-13-187","palmas":21},"geometry":{"type":"LineString","coordinates":[[-72.906535,4.418328],[-72.906537,4.416701]]}},{"type":"Feature","properties":{"linea":"231-13-188","palmas":22},"geometry":{"type":"LineString","coordinates":[[-72.906605,4.418369],[-72.906608,4.41666]]}},{"type":"Feature","properties":{"linea":"231-13-189","palmas":22},"geometry":{"type":"LineString","coordinates":[[-72.906676,4.418328],[-72.906678,4.416619]]}},{"type":"Feature","properties":{"linea":"231-13-19","palmas":12},"geometry":{"type":"LineString","coordinates":[[-72.898816,4.416119],[-72.898817,4.415224]]}},{"type":"Feature","properties":{"linea":"231-13-190","palmas":23},"geometry":{"type":"LineString","coordinates":[[-72.906746,4.418369],[-72.906748,4.416579]]}},{"type":"Feature","properties":{"linea":"231-13-191","palmas":23},"geometry":{"type":"LineString","coordinates":[[-72.906816,4.418329],[-72.906819,4.416538]]}},{"type":"Feature","properties":{"linea":"231-13-192","palmas":25},"geometry":{"type":"LineString","coordinates":[[-72.906886,4.418369],[-72.906889,4.416416]]}},{"type":"Feature","properties":{"linea":"231-13-193","palmas":25},"geometry":{"type":"LineString","coordinates":[[-72.906956,4.418329],[-72.906959,4.416376]]}},{"type":"Feature","properties":{"linea":"231-13-194","palmas":26},"geometry":{"type":"LineString","coordinates":[[-72.907026,4.418369],[-72.90703,4.416335]]}},{"type":"Feature","properties":{"linea":"231-13-195","palmas":27},"geometry":{"type":"LineString","coordinates":[[-72.907097,4.418329],[-72.9071,4.416213]]}},{"type":"Feature","properties":{"linea":"231-13-196","palmas":27},"geometry":{"type":"LineString","coordinates":[[-72.907167,4.418288],[-72.90717,4.416173]]}},{"type":"Feature","properties":{"linea":"231-13-197","palmas":26},"geometry":{"type":"LineString","coordinates":[[-72.907238,4.418085],[-72.907241,4.416051]]}},{"type":"Feature","properties":{"linea":"231-13-198","palmas":26},"geometry":{"type":"LineString","coordinates":[[-72.907308,4.418044],[-72.907311,4.41601]]}},{"type":"Feature","properties":{"linea":"231-13-199","palmas":26},"geometry":{"type":"LineString","coordinates":[[-72.907378,4.418004],[-72.907381,4.41597]]}},{"type":"Feature","properties":{"linea":"231-13-20","palmas":12},"geometry":{"type":"LineString","coordinates":[[-72.898745,4.416078],[-72.898747,4.415183]]}},{"type":"Feature","properties":{"linea":"231-13-200","palmas":25},"geometry":{"type":"LineString","coordinates":[[-72.907448,4.417882],[-72.907451,4.415929]]}},{"type":"Feature","properties":{"linea":"231-13-201","palmas":24},"geometry":{"type":"LineString","coordinates":[[-72.907519,4.41776],[-72.907522,4.415889]]}},{"type":"Feature","properties":{"linea":"231-13-202","palmas":23},"geometry":{"type":"LineString","coordinates":[[-72.907589,4.417638],[-72.907592,4.415848]]}},{"type":"Feature","properties":{"linea":"231-13-203","palmas":22},"geometry":{"type":"LineString","coordinates":[[-72.90766,4.417516],[-72.907662,4.415808]]}},{"type":"Feature","properties":{"linea":"231-13-204","palmas":22},"geometry":{"type":"LineString","coordinates":[[-72.90773,4.417476],[-72.907733,4.415767]]}},{"type":"Feature","properties":{"linea":"231-13-205","palmas":20},"geometry":{"type":"LineString","coordinates":[[-72.907801,4.417272],[-72.907803,4.415726]]}},{"type":"Feature","properties":{"linea":"231-13-206","palmas":20},"geometry":{"type":"LineString","coordinates":[[-72.907871,4.417232],[-72.907873,4.415686]]}},{"type":"Feature","properties":{"linea":"231-13-207","palmas":19},"geometry":{"type":"LineString","coordinates":[[-72.907941,4.41711],[-72.907943,4.415645]]}},{"type":"Feature","properties":{"linea":"231-13-208","palmas":19},"geometry":{"type":"LineString","coordinates":[[-72.908011,4.416988],[-72.908014,4.415604]]}},{"type":"Feature","properties":{"linea":"231-13-209","palmas":17},"geometry":{"type":"LineString","coordinates":[[-72.908082,4.416866],[-72.908084,4.415564]]}},{"type":"Feature","properties":{"linea":"231-13-21","palmas":13},"geometry":{"type":"LineString","coordinates":[[-72.898675,4.416119],[-72.898677,4.415142]]}},{"type":"Feature","properties":{"linea":"231-13-210","palmas":16},"geometry":{"type":"LineString","coordinates":[[-72.908152,4.416744],[-72.908154,4.415523]]}},{"type":"Feature","properties":{"linea":"231-13-211","palmas":15},"geometry":{"type":"LineString","coordinates":[[-72.908223,4.416622],[-72.908224,4.415483]]}},{"type":"Feature","properties":{"linea":"231-13-212","palmas":14},"geometry":{"type":"LineString","coordinates":[[-72.908293,4.4165],[-72.908295,4.415442]]}},{"type":"Feature","properties":{"linea":"231-13-213","palmas":13},"geometry":{"type":"LineString","coordinates":[[-72.908364,4.416378],[-72.908365,4.415402]]}},{"type":"Feature","properties":{"linea":"231-13-214","palmas":12},"geometry":{"type":"LineString","coordinates":[[-72.908434,4.416256],[-72.908435,4.415361]]}},{"type":"Feature","properties":{"linea":"231-13-215","palmas":11},"geometry":{"type":"LineString","coordinates":[[-72.908504,4.416134],[-72.908506,4.415321]]}},{"type":"Feature","properties":{"linea":"231-13-216","palmas":10},"geometry":{"type":"LineString","coordinates":[[-72.908575,4.416012],[-72.908576,4.41528]]}},{"type":"Feature","properties":{"linea":"231-13-217","palmas":9},"geometry":{"type":"LineString","coordinates":[[-72.908645,4.41589],[-72.908646,4.415239]]}},{"type":"Feature","properties":{"linea":"231-13-218","palmas":8},"geometry":{"type":"LineString","coordinates":[[-72.908716,4.415768],[-72.908716,4.415199]]}},{"type":"Feature","properties":{"linea":"231-13-219","palmas":7},"geometry":{"type":"LineString","coordinates":[[-72.908786,4.415646],[-72.908787,4.415158]]}},{"type":"Feature","properties":{"linea":"231-13-22","palmas":13},"geometry":{"type":"LineString","coordinates":[[-72.898605,4.416078],[-72.898606,4.415101]]}},{"type":"Feature","properties":{"linea":"231-13-220","palmas":6},"geometry":{"type":"LineString","coordinates":[[-72.908856,4.415524],[-72.908857,4.415118]]}},{"type":"Feature","properties":{"linea":"231-13-221","palmas":5},"geometry":{"type":"LineString","coordinates":[[-72.908927,4.415403],[-72.908927,4.415077]]}},{"type":"Feature","properties":{"linea":"231-13-222","palmas":4},"geometry":{"type":"LineString","coordinates":[[-72.908997,4.415281],[-72.908998,4.415036]]}},{"type":"Feature","properties":{"linea":"231-13-223","palmas":3},"geometry":{"type":"LineString","coordinates":[[-72.909068,4.415159],[-72.909068,4.414996]]}},{"type":"Feature","properties":{"linea":"231-13-224","palmas":2},"geometry":{"type":"LineString","coordinates":[[-72.909138,4.415037],[-72.909138,4.414955]]}},{"type":"Feature","properties":{"linea":"231-13-226","palmas":4},"geometry":{"type":"LineString","coordinates":[[-72.907026,4.418451],[-72.907026,4.418695]]}},{"type":"Feature","properties":{"linea":"231-13-227","palmas":4},"geometry":{"type":"LineString","coordinates":[[-72.906956,4.418492],[-72.906956,4.418736]]}},{"type":"Feature","properties":{"linea":"231-13-228","palmas":6},"geometry":{"type":"LineString","coordinates":[[-72.906886,4.418451],[-72.906885,4.418858]]}},{"type":"Feature","properties":{"linea":"231-13-229","palmas":7},"geometry":{"type":"LineString","coordinates":[[-72.906816,4.418491],[-72.906815,4.418979]]}},{"type":"Feature","properties":{"linea":"231-13-23","palmas":14},"geometry":{"type":"LineString","coordinates":[[-72.898535,4.416118],[-72.898536,4.415061]]}},{"type":"Feature","properties":{"linea":"231-13-230","palmas":9},"geometry":{"type":"LineString","coordinates":[[-72.906746,4.418451],[-72.906744,4.419101]]}},{"type":"Feature","properties":{"linea":"231-13-231","palmas":10},"geometry":{"type":"LineString","coordinates":[[-72.906675,4.418491],[-72.906674,4.419223]]}},{"type":"Feature","properties":{"linea":"231-13-232","palmas":12},"geometry":{"type":"LineString","coordinates":[[-72.906605,4.41845],[-72.906604,4.419345]]}},{"type":"Feature","properties":{"linea":"231-13-233","palmas":13},"geometry":{"type":"LineString","coordinates":[[-72.906535,4.418491],[-72.906533,4.419467]]}},{"type":"Feature","properties":{"linea":"231-13-234","palmas":15},"geometry":{"type":"LineString","coordinates":[[-72.906465,4.41845],[-72.906463,4.419589]]}},{"type":"Feature","properties":{"linea":"231-13-235","palmas":16},"geometry":{"type":"LineString","coordinates":[[-72.906394,4.418491],[-72.906393,4.419711]]}},{"type":"Feature","properties":{"linea":"231-13-236","palmas":18},"geometry":{"type":"LineString","coordinates":[[-72.906324,4.41845],[-72.906322,4.419833]]}},{"type":"Feature","properties":{"linea":"231-13-237","palmas":19},"geometry":{"type":"LineString","coordinates":[[-72.906254,4.418491],[-72.906252,4.419955]]}},{"type":"Feature","properties":{"linea":"231-13-238","palmas":21},"geometry":{"type":"LineString","coordinates":[[-72.906184,4.41845],[-72.906181,4.420077]]}},{"type":"Feature","properties":{"linea":"231-13-239","palmas":22},"geometry":{"type":"LineString","coordinates":[[-72.906114,4.41849],[-72.906111,4.420199]]}},{"type":"Feature","properties":{"linea":"231-13-24","palmas":14},"geometry":{"type":"LineString","coordinates":[[-72.898464,4.416078],[-72.898466,4.41502]]}},{"type":"Feature","properties":{"linea":"231-13-240","palmas":24},"geometry":{"type":"LineString","coordinates":[[-72.906043,4.418449],[-72.90604,4.420321]]}},{"type":"Feature","properties":{"linea":"231-13-241","palmas":25},"geometry":{"type":"LineString","coordinates":[[-72.905973,4.41849],[-72.90597,4.420443]]}},{"type":"Feature","properties":{"linea":"231-13-242","palmas":27},"geometry":{"type":"LineString","coordinates":[[-72.905903,4.418449],[-72.9059,4.420565]]}},{"type":"Feature","properties":{"linea":"231-13-243","palmas":28},"geometry":{"type":"LineString","coordinates":[[-72.905833,4.41849],[-72.905829,4.420687]]}},{"type":"Feature","properties":{"linea":"231-13-244","palmas":30},"geometry":{"type":"LineString","coordinates":[[-72.905763,4.418449],[-72.905759,4.420809]]}},{"type":"Feature","properties":{"linea":"231-13-245","palmas":31},"geometry":{"type":"LineString","coordinates":[[-72.905692,4.418489],[-72.905688,4.420931]]}},{"type":"Feature","properties":{"linea":"231-13-246","palmas":32},"geometry":{"type":"LineString","coordinates":[[-72.905622,4.418449],[-72.905618,4.420971]]}},{"type":"Feature","properties":{"linea":"231-13-247","palmas":31},"geometry":{"type":"LineString","coordinates":[[-72.905552,4.418489],[-72.905548,4.420931]]}},{"type":"Feature","properties":{"linea":"231-13-248","palmas":31},"geometry":{"type":"LineString","coordinates":[[-72.905482,4.418449],[-72.905478,4.42089]]}},{"type":"Feature","properties":{"linea":"231-13-249","palmas":30},"geometry":{"type":"LineString","coordinates":[[-72.905411,4.418489],[-72.905408,4.420849]]}},{"type":"Feature","properties":{"linea":"231-13-25","palmas":16},"geometry":{"type":"LineString","coordinates":[[-72.898394,4.416118],[-72.898396,4.414898]]}},{"type":"Feature","properties":{"linea":"231-13-250","palmas":30},"geometry":{"type":"LineString","coordinates":[[-72.905341,4.418448],[-72.905338,4.420808]]}},{"type":"Feature","properties":{"linea":"231-13-251","palmas":29},"geometry":{"type":"LineString","coordinates":[[-72.905271,4.418489],[-72.905268,4.420767]]}},{"type":"Feature","properties":{"linea":"231-13-252","palmas":29},"geometry":{"type":"LineString","coordinates":[[-72.905201,4.418448],[-72.905197,4.420726]]}},{"type":"Feature","properties":{"linea":"231-13-253","palmas":28},"geometry":{"type":"LineString","coordinates":[[-72.905131,4.418489],[-72.905127,4.420686]]}},{"type":"Feature","properties":{"linea":"231-13-254","palmas":28},"geometry":{"type":"LineString","coordinates":[[-72.905061,4.418448],[-72.905057,4.420645]]}},{"type":"Feature","properties":{"linea":"231-13-255","palmas":27},"geometry":{"type":"LineString","coordinates":[[-72.90499,4.418488],[-72.904987,4.420604]]}},{"type":"Feature","properties":{"linea":"231-13-256","palmas":27},"geometry":{"type":"LineString","coordinates":[[-72.90492,4.418448],[-72.904917,4.420563]]}},{"type":"Feature","properties":{"linea":"231-13-257","palmas":27},"geometry":{"type":"LineString","coordinates":[[-72.90485,4.418488],[-72.904846,4.420604]]}},{"type":"Feature","properties":{"linea":"231-13-258","palmas":27},"geometry":{"type":"LineString","coordinates":[[-72.90478,4.418448],[-72.904776,4.420563]]}},{"type":"Feature","properties":{"linea":"231-13-259","palmas":26},"geometry":{"type":"LineString","coordinates":[[-72.904709,4.418488],[-72.904706,4.420522]]}},{"type":"Feature","properties":{"linea":"231-13-26","palmas":16},"geometry":{"type":"LineString","coordinates":[[-72.898324,4.416078],[-72.898326,4.414857]]}},{"type":"Feature","properties":{"linea":"231-13-260","palmas":26},"geometry":{"type":"LineString","coordinates":[[-72.904639,4.418447],[-72.904636,4.420481]]}},{"type":"Feature","properties":{"linea":"231-13-261","palmas":25},"geometry":{"type":"LineString","coordinates":[[-72.904569,4.418488],[-72.904566,4.420441]]}},{"type":"Feature","properties":{"linea":"231-13-262","palmas":25},"geometry":{"type":"LineString","coordinates":[[-72.904499,4.418447],[-72.904496,4.4204]]}},{"type":"Feature","properties":{"linea":"231-13-263","palmas":24},"geometry":{"type":"LineString","coordinates":[[-72.904429,4.418488],[-72.904426,4.420359]]}},{"type":"Feature","properties":{"linea":"231-13-264","palmas":24},"geometry":{"type":"LineString","coordinates":[[-72.904358,4.418447],[-72.904355,4.420318]]}},{"type":"Feature","properties":{"linea":"231-13-265","palmas":23},"geometry":{"type":"LineString","coordinates":[[-72.904288,4.418487],[-72.904285,4.420278]]}},{"type":"Feature","properties":{"linea":"231-13-266","palmas":23},"geometry":{"type":"LineString","coordinates":[[-72.904218,4.418446],[-72.904215,4.420237]]}},{"type":"Feature","properties":{"linea":"231-13-267","palmas":22},"geometry":{"type":"LineString","coordinates":[[-72.904148,4.418487],[-72.904145,4.420196]]}},{"type":"Feature","properties":{"linea":"231-13-268","palmas":22},"geometry":{"type":"LineString","coordinates":[[-72.904077,4.418446],[-72.904075,4.420155]]}},{"type":"Feature","properties":{"linea":"231-13-269","palmas":21},"geometry":{"type":"LineString","coordinates":[[-72.904007,4.418487],[-72.904005,4.420114]]}},{"type":"Feature","properties":{"linea":"231-13-27","palmas":17},"geometry":{"type":"LineString","coordinates":[[-72.898254,4.416118],[-72.898256,4.414816]]}},{"type":"Feature","properties":{"linea":"231-13-270","palmas":21},"geometry":{"type":"LineString","coordinates":[[-72.903937,4.418446],[-72.903934,4.420074]]}},{"type":"Feature","properties":{"linea":"231-13-271","palmas":20},"geometry":{"type":"LineString","coordinates":[[-72.903867,4.418487],[-72.903864,4.420033]]}},{"type":"Feature","properties":{"linea":"231-13-272","palmas":20},"geometry":{"type":"LineString","coordinates":[[-72.903797,4.418446],[-72.903794,4.419992]]}},{"type":"Feature","properties":{"linea":"231-13-273","palmas":19},"geometry":{"type":"LineString","coordinates":[[-72.903726,4.418486],[-72.903724,4.419951]]}},{"type":"Feature","properties":{"linea":"231-13-274","palmas":20},"geometry":{"type":"LineString","coordinates":[[-72.903656,4.418446],[-72.903654,4.419992]]}},{"type":"Feature","properties":{"linea":"231-13-275","palmas":19},"geometry":{"type":"LineString","coordinates":[[-72.903586,4.418486],[-72.903584,4.419951]]}},{"type":"Feature","properties":{"linea":"231-13-276","palmas":19},"geometry":{"type":"LineString","coordinates":[[-72.903516,4.418445],[-72.903514,4.41991]]}},{"type":"Feature","properties":{"linea":"231-13-277","palmas":18},"geometry":{"type":"LineString","coordinates":[[-72.903446,4.418486],[-72.903443,4.419869]]}},{"type":"Feature","properties":{"linea":"231-13-278","palmas":18},"geometry":{"type":"LineString","coordinates":[[-72.903375,4.418445],[-72.903373,4.419829]]}},{"type":"Feature","properties":{"linea":"231-13-279","palmas":17},"geometry":{"type":"LineString","coordinates":[[-72.903305,4.418486],[-72.903303,4.419788]]}},{"type":"Feature","properties":{"linea":"231-13-28","palmas":17},"geometry":{"type":"LineString","coordinates":[[-72.898184,4.416077],[-72.898186,4.414775]]}},{"type":"Feature","properties":{"linea":"231-13-280","palmas":17},"geometry":{"type":"LineString","coordinates":[[-72.903235,4.418445],[-72.903233,4.419747]]}},{"type":"Feature","properties":{"linea":"231-13-281","palmas":16},"geometry":{"type":"LineString","coordinates":[[-72.903165,4.418486],[-72.903163,4.419706]]}},{"type":"Feature","properties":{"linea":"231-13-282","palmas":16},"geometry":{"type":"LineString","coordinates":[[-72.903094,4.418445],[-72.903093,4.419665]]}},{"type":"Feature","properties":{"linea":"231-13-283","palmas":15},"geometry":{"type":"LineString","coordinates":[[-72.903024,4.418485],[-72.903023,4.419624]]}},{"type":"Feature","properties":{"linea":"231-13-284","palmas":15},"geometry":{"type":"LineString","coordinates":[[-72.902954,4.418444],[-72.902952,4.419584]]}},{"type":"Feature","properties":{"linea":"231-13-285","palmas":14},"geometry":{"type":"LineString","coordinates":[[-72.902884,4.418485],[-72.902882,4.419543]]}},{"type":"Feature","properties":{"linea":"231-13-286","palmas":14},"geometry":{"type":"LineString","coordinates":[[-72.902814,4.418444],[-72.902812,4.419502]]}},{"type":"Feature","properties":{"linea":"231-13-287","palmas":13},"geometry":{"type":"LineString","coordinates":[[-72.902743,4.418485],[-72.902742,4.419461]]}},{"type":"Feature","properties":{"linea":"231-13-288","palmas":13},"geometry":{"type":"LineString","coordinates":[[-72.902673,4.418444],[-72.902672,4.419421]]}},{"type":"Feature","properties":{"linea":"231-13-289","palmas":12},"geometry":{"type":"LineString","coordinates":[[-72.902603,4.418485],[-72.902602,4.41938]]}},{"type":"Feature","properties":{"linea":"231-13-29","palmas":18},"geometry":{"type":"LineString","coordinates":[[-72.898113,4.416118],[-72.898116,4.414734]]}},{"type":"Feature","properties":{"linea":"231-13-290","palmas":12},"geometry":{"type":"LineString","coordinates":[[-72.902533,4.418444],[-72.902531,4.419339]]}},{"type":"Feature","properties":{"linea":"231-13-291","palmas":12},"geometry":{"type":"LineString","coordinates":[[-72.902462,4.418484],[-72.902461,4.419379]]}},{"type":"Feature","properties":{"linea":"231-13-292","palmas":12},"geometry":{"type":"LineString","coordinates":[[-72.902393,4.418444],[-72.902391,4.419339]]}},{"type":"Feature","properties":{"linea":"231-13-293","palmas":11},"geometry":{"type":"LineString","coordinates":[[-72.902322,4.418484],[-72.902321,4.419298]]}},{"type":"Feature","properties":{"linea":"231-13-294","palmas":11},"geometry":{"type":"LineString","coordinates":[[-72.902252,4.418443],[-72.902251,4.419257]]}},{"type":"Feature","properties":{"linea":"231-13-295","palmas":10},"geometry":{"type":"LineString","coordinates":[[-72.902182,4.418484],[-72.902181,4.419216]]}},{"type":"Feature","properties":{"linea":"231-13-296","palmas":10},"geometry":{"type":"LineString","coordinates":[[-72.902112,4.418443],[-72.902111,4.419176]]}},{"type":"Feature","properties":{"linea":"231-13-297","palmas":9},"geometry":{"type":"LineString","coordinates":[[-72.902041,4.418484],[-72.90204,4.419135]]}},{"type":"Feature","properties":{"linea":"231-13-298","palmas":9},"geometry":{"type":"LineString","coordinates":[[-72.901971,4.418443],[-72.90197,4.419094]]}},{"type":"Feature","properties":{"linea":"231-13-299","palmas":8},"geometry":{"type":"LineString","coordinates":[[-72.901901,4.418484],[-72.9019,4.419053]]}},{"type":"Feature","properties":{"linea":"231-13-3","palmas":2},"geometry":{"type":"LineString","coordinates":[[-72.899939,4.416121],[-72.899939,4.416039]]}},{"type":"Feature","properties":{"linea":"231-13-30","palmas":19},"geometry":{"type":"LineString","coordinates":[[-72.898043,4.416077],[-72.898046,4.414612]]}},{"type":"Feature","properties":{"linea":"231-13-300","palmas":8},"geometry":{"type":"LineString","coordinates":[[-72.901831,4.418443],[-72.90183,4.419012]]}},{"type":"Feature","properties":{"linea":"231-13-301","palmas":7},"geometry":{"type":"LineString","coordinates":[[-72.901761,4.418483],[-72.90176,4.418972]]}},{"type":"Feature","properties":{"linea":"231-13-302","palmas":7},"geometry":{"type":"LineString","coordinates":[[-72.90169,4.418443],[-72.90169,4.418931]]}},{"type":"Feature","properties":{"linea":"231-13-303","palmas":6},"geometry":{"type":"LineString","coordinates":[[-72.90162,4.418483],[-72.901619,4.41889]]}},{"type":"Feature","properties":{"linea":"231-13-304","palmas":6},"geometry":{"type":"LineString","coordinates":[[-72.90155,4.418442],[-72.901549,4.418849]]}},{"type":"Feature","properties":{"linea":"231-13-305","palmas":6},"geometry":{"type":"LineString","coordinates":[[-72.90148,4.418483],[-72.901479,4.41889]]}},{"type":"Feature","properties":{"linea":"231-13-306","palmas":6},"geometry":{"type":"LineString","coordinates":[[-72.901409,4.418442],[-72.901409,4.418849]]}},{"type":"Feature","properties":{"linea":"231-13-307","palmas":5},"geometry":{"type":"LineString","coordinates":[[-72.901339,4.418483],[-72.901339,4.418808]]}},{"type":"Feature","properties":{"linea":"231-13-308","palmas":5},"geometry":{"type":"LineString","coordinates":[[-72.901269,4.418442],[-72.901269,4.418767]]}},{"type":"Feature","properties":{"linea":"231-13-309","palmas":4},"geometry":{"type":"LineString","coordinates":[[-72.901199,4.418483],[-72.901199,4.418726]]}},{"type":"Feature","properties":{"linea":"231-13-31","palmas":20},"geometry":{"type":"LineString","coordinates":[[-72.897973,4.416118],[-72.897975,4.414571]]}},{"type":"Feature","properties":{"linea":"231-13-310","palmas":4},"geometry":{"type":"LineString","coordinates":[[-72.901129,4.418442],[-72.901128,4.418686]]}},{"type":"Feature","properties":{"linea":"231-13-311","palmas":3},"geometry":{"type":"LineString","coordinates":[[-72.901058,4.418482],[-72.901058,4.418645]]}},{"type":"Feature","properties":{"linea":"231-13-312","palmas":3},"geometry":{"type":"LineString","coordinates":[[-72.900988,4.418441],[-72.900988,4.418604]]}},{"type":"Feature","properties":{"linea":"231-13-313","palmas":2},"geometry":{"type":"LineString","coordinates":[[-72.900918,4.418482],[-72.900918,4.418563]]}},{"type":"Feature","properties":{"linea":"231-13-314","palmas":2},"geometry":{"type":"LineString","coordinates":[[-72.900848,4.418441],[-72.900848,4.418522]]}},{"type":"Feature","properties":{"linea":"231-13-32","palmas":20},"geometry":{"type":"LineString","coordinates":[[-72.897903,4.416077],[-72.897905,4.414531]]}},{"type":"Feature","properties":{"linea":"231-13-33","palmas":21},"geometry":{"type":"LineString","coordinates":[[-72.897833,4.416117],[-72.897835,4.41449]]}},{"type":"Feature","properties":{"linea":"231-13-34","palmas":21},"geometry":{"type":"LineString","coordinates":[[-72.897763,4.416076],[-72.897765,4.414449]]}},{"type":"Feature","properties":{"linea":"231-13-35","palmas":22},"geometry":{"type":"LineString","coordinates":[[-72.897692,4.416117],[-72.897695,4.414408]]}},{"type":"Feature","properties":{"linea":"231-13-36","palmas":21},"geometry":{"type":"LineString","coordinates":[[-72.897622,4.415995],[-72.897625,4.414367]]}},{"type":"Feature","properties":{"linea":"231-13-37","palmas":21},"geometry":{"type":"LineString","coordinates":[[-72.897552,4.415873],[-72.897555,4.414245]]}},{"type":"Feature","properties":{"linea":"231-13-38","palmas":20},"geometry":{"type":"LineString","coordinates":[[-72.897482,4.415751],[-72.897484,4.414204]]}},{"type":"Feature","properties":{"linea":"231-13-39","palmas":19},"geometry":{"type":"LineString","coordinates":[[-72.897412,4.415628],[-72.897414,4.414164]]}},{"type":"Feature","properties":{"linea":"231-13-4","palmas":2},"geometry":{"type":"LineString","coordinates":[[-72.899869,4.41608],[-72.899869,4.415998]]}},{"type":"Feature","properties":{"linea":"231-13-40","palmas":18},"geometry":{"type":"LineString","coordinates":[[-72.897342,4.415506],[-72.897344,4.414123]]}},{"type":"Feature","properties":{"linea":"231-13-41","palmas":17},"geometry":{"type":"LineString","coordinates":[[-72.897272,4.415384],[-72.897274,4.414082]]}},{"type":"Feature","properties":{"linea":"231-13-42","palmas":16},"geometry":{"type":"LineString","coordinates":[[-72.897202,4.415262],[-72.897204,4.414041]]}},{"type":"Feature","properties":{"linea":"231-13-43","palmas":16},"geometry":{"type":"LineString","coordinates":[[-72.897132,4.415221],[-72.897134,4.414001]]}},{"type":"Feature","properties":{"linea":"231-13-44","palmas":15},"geometry":{"type":"LineString","coordinates":[[-72.897062,4.415099],[-72.897064,4.41396]]}},{"type":"Feature","properties":{"linea":"231-13-45","palmas":14},"geometry":{"type":"LineString","coordinates":[[-72.896992,4.414895],[-72.896994,4.413838]]}},{"type":"Feature","properties":{"linea":"231-13-46","palmas":14},"geometry":{"type":"LineString","coordinates":[[-72.896922,4.414854],[-72.896924,4.413797]]}},{"type":"Feature","properties":{"linea":"231-13-47","palmas":13},"geometry":{"type":"LineString","coordinates":[[-72.896852,4.414733],[-72.896853,4.413756]]}},{"type":"Feature","properties":{"linea":"231-13-48","palmas":12},"geometry":{"type":"LineString","coordinates":[[-72.896782,4.41461],[-72.896783,4.413715]]}},{"type":"Feature","properties":{"linea":"231-13-49","palmas":11},"geometry":{"type":"LineString","coordinates":[[-72.896712,4.414488],[-72.896713,4.413674]]}},{"type":"Feature","properties":{"linea":"231-13-5","palmas":4},"geometry":{"type":"LineString","coordinates":[[-72.899798,4.41612],[-72.899799,4.415876]]}},{"type":"Feature","properties":{"linea":"231-13-50","palmas":10},"geometry":{"type":"LineString","coordinates":[[-72.896642,4.414366],[-72.896643,4.413634]]}},{"type":"Feature","properties":{"linea":"231-13-51","palmas":9},"geometry":{"type":"LineString","coordinates":[[-72.896572,4.414244],[-72.896573,4.413593]]}},{"type":"Feature","properties":{"linea":"231-13-52","palmas":8},"geometry":{"type":"LineString","coordinates":[[-72.896502,4.414122],[-72.896503,4.413552]]}},{"type":"Feature","properties":{"linea":"231-13-53","palmas":7},"geometry":{"type":"LineString","coordinates":[[-72.896432,4.413999],[-72.896433,4.413511]]}},{"type":"Feature","properties":{"linea":"231-13-54","palmas":7},"geometry":{"type":"LineString","coordinates":[[-72.896362,4.413877],[-72.896363,4.413389]]}},{"type":"Feature","properties":{"linea":"231-13-55","palmas":6},"geometry":{"type":"LineString","coordinates":[[-72.896292,4.413755],[-72.896292,4.413348]]}},{"type":"Feature","properties":{"linea":"231-13-56","palmas":5},"geometry":{"type":"LineString","coordinates":[[-72.896222,4.413633],[-72.896222,4.413308]]}},{"type":"Feature","properties":{"linea":"231-13-57","palmas":5},"geometry":{"type":"LineString","coordinates":[[-72.896152,4.413511],[-72.896152,4.413185]]}},{"type":"Feature","properties":{"linea":"231-13-58","palmas":4},"geometry":{"type":"LineString","coordinates":[[-72.896082,4.413389],[-72.896082,4.413144]]}},{"type":"Feature","properties":{"linea":"231-13-59","palmas":3},"geometry":{"type":"LineString","coordinates":[[-72.896012,4.413266],[-72.896012,4.413104]]}},{"type":"Feature","properties":{"linea":"231-13-6","palmas":4},"geometry":{"type":"LineString","coordinates":[[-72.899728,4.41608],[-72.899729,4.415836]]}},{"type":"Feature","properties":{"linea":"231-13-60","palmas":3},"geometry":{"type":"LineString","coordinates":[[-72.895942,4.413144],[-72.895942,4.412981]]}},{"type":"Feature","properties":{"linea":"231-13-61","palmas":2},"geometry":{"type":"LineString","coordinates":[[-72.895872,4.413022],[-72.895872,4.412941]]}},{"type":"Feature","properties":{"linea":"231-13-63","palmas":3},"geometry":{"type":"LineString","coordinates":[[-72.897833,4.416199],[-72.897832,4.416361]]}},{"type":"Feature","properties":{"linea":"231-13-64","palmas":4},"geometry":{"type":"LineString","coordinates":[[-72.897903,4.416239],[-72.897902,4.416484]]}},{"type":"Feature","properties":{"linea":"231-13-65","palmas":6},"geometry":{"type":"LineString","coordinates":[[-72.897973,4.416199],[-72.897972,4.416606]]}},{"type":"Feature","properties":{"linea":"231-13-66","palmas":7},"geometry":{"type":"LineString","coordinates":[[-72.898043,4.41624],[-72.898042,4.416728]]}},{"type":"Feature","properties":{"linea":"231-13-67","palmas":9},"geometry":{"type":"LineString","coordinates":[[-72.898113,4.416199],[-72.898112,4.41685]]}},{"type":"Feature","properties":{"linea":"231-13-68","palmas":10},"geometry":{"type":"LineString","coordinates":[[-72.898183,4.41624],[-72.898182,4.416972]]}},{"type":"Feature","properties":{"linea":"231-13-69","palmas":12},"geometry":{"type":"LineString","coordinates":[[-72.898254,4.416199],[-72.898252,4.417094]]}},{"type":"Feature","properties":{"linea":"231-13-7","palmas":5},"geometry":{"type":"LineString","coordinates":[[-72.899658,4.41612],[-72.899659,4.415795]]}},{"type":"Feature","properties":{"linea":"231-13-70","palmas":13},"geometry":{"type":"LineString","coordinates":[[-72.898324,4.41624],[-72.898322,4.417217]]}},{"type":"Feature","properties":{"linea":"231-13-71","palmas":14},"geometry":{"type":"LineString","coordinates":[[-72.898394,4.416199],[-72.898392,4.417258]]}},{"type":"Feature","properties":{"linea":"231-13-72","palmas":14},"geometry":{"type":"LineString","coordinates":[[-72.898464,4.41624],[-72.898463,4.417298]]}},{"type":"Feature","properties":{"linea":"231-13-73","palmas":15},"geometry":{"type":"LineString","coordinates":[[-72.898534,4.4162],[-72.898533,4.417339]]}},{"type":"Feature","properties":{"linea":"231-13-74","palmas":15},"geometry":{"type":"LineString","coordinates":[[-72.898605,4.416241],[-72.898603,4.41738]]}},{"type":"Feature","properties":{"linea":"231-13-75","palmas":16},"geometry":{"type":"LineString","coordinates":[[-72.898675,4.4162],[-72.898673,4.417421]]}},{"type":"Feature","properties":{"linea":"231-13-76","palmas":16},"geometry":{"type":"LineString","coordinates":[[-72.898745,4.416241],[-72.898743,4.417461]]}},{"type":"Feature","properties":{"linea":"231-13-77","palmas":17},"geometry":{"type":"LineString","coordinates":[[-72.898815,4.4162],[-72.898813,4.417502]]}},{"type":"Feature","properties":{"linea":"231-13-78","palmas":17},"geometry":{"type":"LineString","coordinates":[[-72.898886,4.416241],[-72.898883,4.417543]]}},{"type":"Feature","properties":{"linea":"231-13-79","palmas":18},"geometry":{"type":"LineString","coordinates":[[-72.898956,4.416201],[-72.898954,4.417584]]}},{"type":"Feature","properties":{"linea":"231-13-8","palmas":5},"geometry":{"type":"LineString","coordinates":[[-72.899588,4.416079],[-72.899588,4.415754]]}},{"type":"Feature","properties":{"linea":"231-13-80","palmas":18},"geometry":{"type":"LineString","coordinates":[[-72.899026,4.416241],[-72.899024,4.417624]]}},{"type":"Feature","properties":{"linea":"231-13-81","palmas":19},"geometry":{"type":"LineString","coordinates":[[-72.899096,4.416201],[-72.899094,4.417665]]}},{"type":"Feature","properties":{"linea":"231-13-82","palmas":19},"geometry":{"type":"LineString","coordinates":[[-72.899166,4.416241],[-72.899164,4.417706]]}},{"type":"Feature","properties":{"linea":"231-13-83","palmas":20},"geometry":{"type":"LineString","coordinates":[[-72.899237,4.416201],[-72.899234,4.417747]]}},{"type":"Feature","properties":{"linea":"231-13-84","palmas":20},"geometry":{"type":"LineString","coordinates":[[-72.899307,4.416242],[-72.899304,4.417788]]}},{"type":"Feature","properties":{"linea":"231-13-85","palmas":21},"geometry":{"type":"LineString","coordinates":[[-72.899377,4.416201],[-72.899374,4.417829]]}},{"type":"Feature","properties":{"linea":"231-13-86","palmas":21},"geometry":{"type":"LineString","coordinates":[[-72.899447,4.416242],[-72.899445,4.417869]]}},{"type":"Feature","properties":{"linea":"231-13-87","palmas":21},"geometry":{"type":"LineString","coordinates":[[-72.899518,4.416201],[-72.899515,4.417829]]}},{"type":"Feature","properties":{"linea":"231-13-88","palmas":21},"geometry":{"type":"LineString","coordinates":[[-72.899588,4.416242],[-72.899585,4.417869]]}},{"type":"Feature","properties":{"linea":"231-13-89","palmas":22},"geometry":{"type":"LineString","coordinates":[[-72.899658,4.416202],[-72.899655,4.41791]]}},{"type":"Feature","properties":{"linea":"231-13-9","palmas":6},"geometry":{"type":"LineString","coordinates":[[-72.899518,4.41612],[-72.899518,4.415713]]}},{"type":"Feature","properties":{"linea":"231-13-90","palmas":22},"geometry":{"type":"LineString","coordinates":[[-72.899728,4.416242],[-72.899725,4.417951]]}},{"type":"Feature","properties":{"linea":"231-13-91","palmas":23},"geometry":{"type":"LineString","coordinates":[[-72.899798,4.416202],[-72.899796,4.417992]]}},{"type":"Feature","properties":{"linea":"231-13-92","palmas":23},"geometry":{"type":"LineString","coordinates":[[-72.899868,4.416243],[-72.899866,4.418033]]}},{"type":"Feature","properties":{"linea":"231-13-93","palmas":24},"geometry":{"type":"LineString","coordinates":[[-72.899939,4.416202],[-72.899936,4.418074]]}},{"type":"Feature","properties":{"linea":"231-13-94","palmas":24},"geometry":{"type":"LineString","coordinates":[[-72.900009,4.416243],[-72.900006,4.418114]]}},{"type":"Feature","properties":{"linea":"231-13-95","palmas":25},"geometry":{"type":"LineString","coordinates":[[-72.900079,4.416202],[-72.900076,4.418155]]}},{"type":"Feature","properties":{"linea":"231-13-96","palmas":25},"geometry":{"type":"LineString","coordinates":[[-72.900149,4.416243],[-72.900146,4.418196]]}},{"type":"Feature","properties":{"linea":"231-13-97","palmas":26},"geometry":{"type":"LineString","coordinates":[[-72.900219,4.416203],[-72.900216,4.418237]]}},{"type":"Feature","properties":{"linea":"231-13-98","palmas":26},"geometry":{"type":"LineString","coordinates":[[-72.90029,4.416243],[-72.900286,4.418278]]}},{"type":"Feature","properties":{"linea":"231-13-99","palmas":26},"geometry":{"type":"LineString","coordinates":[[-72.90036,4.416284],[-72.900357,4.418318]]}},{"type":"Feature","properties":{"linea":"231-2-1","palmas":8},"geometry":{"type":"LineString","coordinates":[[-72.893925,4.400066],[-72.893924,4.400636]]}},{"type":"Feature","properties":{"linea":"231-2-10","palmas":22},"geometry":{"type":"LineString","coordinates":[[-72.894559,4.398969],[-72.894556,4.400678]]}},{"type":"Feature","properties":{"linea":"231-2-100","palmas":4},"geometry":{"type":"LineString","coordinates":[[-72.899895,4.398815],[-72.899895,4.398571]]}},{"type":"Feature","properties":{"linea":"231-2-101","palmas":6},"geometry":{"type":"LineString","coordinates":[[-72.899824,4.398855],[-72.899825,4.398448]]}},{"type":"Feature","properties":{"linea":"231-2-102","palmas":6},"geometry":{"type":"LineString","coordinates":[[-72.899754,4.398814],[-72.899755,4.398408]]}},{"type":"Feature","properties":{"linea":"231-2-103","palmas":7},"geometry":{"type":"LineString","coordinates":[[-72.899684,4.398855],[-72.899685,4.398367]]}},{"type":"Feature","properties":{"linea":"231-2-104","palmas":12},"geometry":{"type":"LineString","coordinates":[[-72.899614,4.398814],[-72.899616,4.397268]]}},{"type":"Feature","properties":{"linea":"231-2-105","palmas":19},"geometry":{"type":"LineString","coordinates":[[-72.899544,4.398855],[-72.899547,4.396983]]}},{"type":"Feature","properties":{"linea":"231-2-106","palmas":27},"geometry":{"type":"LineString","coordinates":[[-72.899474,4.398814],[-72.899477,4.396698]]}},{"type":"Feature","properties":{"linea":"231-2-107","palmas":27},"geometry":{"type":"LineString","coordinates":[[-72.899403,4.398855],[-72.899407,4.396739]]}},{"type":"Feature","properties":{"linea":"231-2-108","palmas":27},"geometry":{"type":"LineString","coordinates":[[-72.899333,4.398814],[-72.899336,4.396698]]}},{"type":"Feature","properties":{"linea":"231-2-109","palmas":27},"geometry":{"type":"LineString","coordinates":[[-72.899263,4.398854],[-72.899266,4.396739]]}},{"type":"Feature","properties":{"linea":"231-2-11","palmas":22},"geometry":{"type":"LineString","coordinates":[[-72.894629,4.398928],[-72.894626,4.400637]]}},{"type":"Feature","properties":{"linea":"231-2-110","palmas":27},"geometry":{"type":"LineString","coordinates":[[-72.899193,4.398814],[-72.899196,4.396698]]}},{"type":"Feature","properties":{"linea":"231-2-111","palmas":27},"geometry":{"type":"LineString","coordinates":[[-72.899123,4.398854],[-72.899126,4.396739]]}},{"type":"Feature","properties":{"linea":"231-2-112","palmas":27},"geometry":{"type":"LineString","coordinates":[[-72.899052,4.398813],[-72.899056,4.396698]]}},{"type":"Feature","properties":{"linea":"231-2-113","palmas":27},"geometry":{"type":"LineString","coordinates":[[-72.898982,4.398854],[-72.898985,4.396738]]}},{"type":"Feature","properties":{"linea":"231-2-114","palmas":27},"geometry":{"type":"LineString","coordinates":[[-72.898912,4.398813],[-72.898915,4.396698]]}},{"type":"Feature","properties":{"linea":"231-2-115","palmas":27},"geometry":{"type":"LineString","coordinates":[[-72.898842,4.398854],[-72.898845,4.396738]]}},{"type":"Feature","properties":{"linea":"231-2-116","palmas":27},"geometry":{"type":"LineString","coordinates":[[-72.898771,4.398813],[-72.898775,4.396697]]}},{"type":"Feature","properties":{"linea":"231-2-117","palmas":27},"geometry":{"type":"LineString","coordinates":[[-72.898701,4.398854],[-72.898704,4.396738]]}},{"type":"Feature","properties":{"linea":"231-2-118","palmas":27},"geometry":{"type":"LineString","coordinates":[[-72.898631,4.398813],[-72.898634,4.396697]]}},{"type":"Feature","properties":{"linea":"231-2-119","palmas":27},"geometry":{"type":"LineString","coordinates":[[-72.898561,4.398853],[-72.898564,4.396738]]}},{"type":"Feature","properties":{"linea":"231-2-12","palmas":22},"geometry":{"type":"LineString","coordinates":[[-72.894699,4.398969],[-72.894696,4.400678]]}},{"type":"Feature","properties":{"linea":"231-2-120","palmas":27},"geometry":{"type":"LineString","coordinates":[[-72.898491,4.398813],[-72.898494,4.396697]]}},{"type":"Feature","properties":{"linea":"231-2-121","palmas":27},"geometry":{"type":"LineString","coordinates":[[-72.89842,4.398853],[-72.898424,4.396738]]}},{"type":"Feature","properties":{"linea":"231-2-122","palmas":27},"geometry":{"type":"LineString","coordinates":[[-72.89835,4.398812],[-72.898354,4.396697]]}},{"type":"Feature","properties":{"linea":"231-2-123","palmas":27},"geometry":{"type":"LineString","coordinates":[[-72.89828,4.398853],[-72.898283,4.396737]]}},{"type":"Feature","properties":{"linea":"231-2-124","palmas":27},"geometry":{"type":"LineString","coordinates":[[-72.89821,4.398812],[-72.898213,4.396696]]}},{"type":"Feature","properties":{"linea":"231-2-125","palmas":27},"geometry":{"type":"LineString","coordinates":[[-72.898139,4.398853],[-72.898143,4.396737]]}},{"type":"Feature","properties":{"linea":"231-2-126","palmas":27},"geometry":{"type":"LineString","coordinates":[[-72.898069,4.398812],[-72.898073,4.396696]]}},{"type":"Feature","properties":{"linea":"231-2-127","palmas":27},"geometry":{"type":"LineString","coordinates":[[-72.897999,4.398853],[-72.898003,4.396737]]}},{"type":"Feature","properties":{"linea":"231-2-128","palmas":27},"geometry":{"type":"LineString","coordinates":[[-72.897929,4.398812],[-72.897932,4.396696]]}},{"type":"Feature","properties":{"linea":"231-2-129","palmas":27},"geometry":{"type":"LineString","coordinates":[[-72.897859,4.398852],[-72.897862,4.396736]]}},{"type":"Feature","properties":{"linea":"231-2-13","palmas":22},"geometry":{"type":"LineString","coordinates":[[-72.894769,4.398929],[-72.894767,4.400638]]}},{"type":"Feature","properties":{"linea":"231-2-130","palmas":27},"geometry":{"type":"LineString","coordinates":[[-72.897789,4.398811],[-72.897792,4.396696]]}},{"type":"Feature","properties":{"linea":"231-2-131","palmas":27},"geometry":{"type":"LineString","coordinates":[[-72.897718,4.398852],[-72.897722,4.396736]]}},{"type":"Feature","properties":{"linea":"231-2-132","palmas":27},"geometry":{"type":"LineString","coordinates":[[-72.897648,4.398811],[-72.897651,4.396696]]}},{"type":"Feature","properties":{"linea":"231-2-133","palmas":27},"geometry":{"type":"LineString","coordinates":[[-72.897578,4.398852],[-72.897581,4.396736]]}},{"type":"Feature","properties":{"linea":"231-2-134","palmas":27},"geometry":{"type":"LineString","coordinates":[[-72.897508,4.398811],[-72.897511,4.396695]]}},{"type":"Feature","properties":{"linea":"231-2-135","palmas":27},"geometry":{"type":"LineString","coordinates":[[-72.897438,4.398851],[-72.897441,4.396736]]}},{"type":"Feature","properties":{"linea":"231-2-136","palmas":27},"geometry":{"type":"LineString","coordinates":[[-72.897367,4.398811],[-72.897371,4.396695]]}},{"type":"Feature","properties":{"linea":"231-2-137","palmas":27},"geometry":{"type":"LineString","coordinates":[[-72.897297,4.398851],[-72.8973,4.396736]]}},{"type":"Feature","properties":{"linea":"231-2-138","palmas":27},"geometry":{"type":"LineString","coordinates":[[-72.897227,4.398811],[-72.89723,4.396695]]}},{"type":"Feature","properties":{"linea":"231-2-139","palmas":27},"geometry":{"type":"LineString","coordinates":[[-72.897157,4.398851],[-72.89716,4.396735]]}},{"type":"Feature","properties":{"linea":"231-2-14","palmas":22},"geometry":{"type":"LineString","coordinates":[[-72.89484,4.398969],[-72.894837,4.400678]]}},{"type":"Feature","properties":{"linea":"231-2-140","palmas":27},"geometry":{"type":"LineString","coordinates":[[-72.897086,4.39881],[-72.89709,4.396694]]}},{"type":"Feature","properties":{"linea":"231-2-141","palmas":27},"geometry":{"type":"LineString","coordinates":[[-72.897016,4.398851],[-72.897019,4.396735]]}},{"type":"Feature","properties":{"linea":"231-2-142","palmas":27},"geometry":{"type":"LineString","coordinates":[[-72.896946,4.39881],[-72.896949,4.396694]]}},{"type":"Feature","properties":{"linea":"231-2-143","palmas":27},"geometry":{"type":"LineString","coordinates":[[-72.896876,4.398851],[-72.896879,4.396735]]}},{"type":"Feature","properties":{"linea":"231-2-144","palmas":27},"geometry":{"type":"LineString","coordinates":[[-72.896806,4.39881],[-72.896809,4.396694]]}},{"type":"Feature","properties":{"linea":"231-2-145","palmas":27},"geometry":{"type":"LineString","coordinates":[[-72.896735,4.39885],[-72.896739,4.396735]]}},{"type":"Feature","properties":{"linea":"231-2-146","palmas":27},"geometry":{"type":"LineString","coordinates":[[-72.896665,4.398809],[-72.896669,4.396694]]}},{"type":"Feature","properties":{"linea":"231-2-147","palmas":27},"geometry":{"type":"LineString","coordinates":[[-72.896595,4.39885],[-72.896598,4.396734]]}},{"type":"Feature","properties":{"linea":"231-2-148","palmas":27},"geometry":{"type":"LineString","coordinates":[[-72.896525,4.398809],[-72.896528,4.396694]]}},{"type":"Feature","properties":{"linea":"231-2-149","palmas":27},"geometry":{"type":"LineString","coordinates":[[-72.896454,4.39885],[-72.896458,4.396734]]}},{"type":"Feature","properties":{"linea":"231-2-15","palmas":22},"geometry":{"type":"LineString","coordinates":[[-72.89491,4.398929],[-72.894907,4.400638]]}},{"type":"Feature","properties":{"linea":"231-2-150","palmas":27},"geometry":{"type":"LineString","coordinates":[[-72.896384,4.398809],[-72.896388,4.396693]]}},{"type":"Feature","properties":{"linea":"231-2-151","palmas":27},"geometry":{"type":"LineString","coordinates":[[-72.896314,4.39885],[-72.896318,4.396734]]}},{"type":"Feature","properties":{"linea":"231-2-152","palmas":27},"geometry":{"type":"LineString","coordinates":[[-72.896244,4.398809],[-72.896247,4.396693]]}},{"type":"Feature","properties":{"linea":"231-2-153","palmas":27},"geometry":{"type":"LineString","coordinates":[[-72.896174,4.398849],[-72.896177,4.396734]]}},{"type":"Feature","properties":{"linea":"231-2-154","palmas":27},"geometry":{"type":"LineString","coordinates":[[-72.896104,4.398809],[-72.896107,4.396693]]}},{"type":"Feature","properties":{"linea":"231-2-155","palmas":27},"geometry":{"type":"LineString","coordinates":[[-72.896033,4.398849],[-72.896037,4.396734]]}},{"type":"Feature","properties":{"linea":"231-2-156","palmas":27},"geometry":{"type":"LineString","coordinates":[[-72.895963,4.398808],[-72.895966,4.396693]]}},{"type":"Feature","properties":{"linea":"231-2-157","palmas":27},"geometry":{"type":"LineString","coordinates":[[-72.895893,4.398849],[-72.895896,4.396733]]}},{"type":"Feature","properties":{"linea":"231-2-158","palmas":27},"geometry":{"type":"LineString","coordinates":[[-72.895823,4.398808],[-72.895826,4.396693]]}},{"type":"Feature","properties":{"linea":"231-2-159","palmas":27},"geometry":{"type":"LineString","coordinates":[[-72.895753,4.398849],[-72.895756,4.396733]]}},{"type":"Feature","properties":{"linea":"231-2-16","palmas":22},"geometry":{"type":"LineString","coordinates":[[-72.89498,4.39897],[-72.894977,4.400678]]}},{"type":"Feature","properties":{"linea":"231-2-160","palmas":27},"geometry":{"type":"LineString","coordinates":[[-72.895682,4.398808],[-72.895686,4.396692]]}},{"type":"Feature","properties":{"linea":"231-2-161","palmas":27},"geometry":{"type":"LineString","coordinates":[[-72.895612,4.398849],[-72.895615,4.396733]]}},{"type":"Feature","properties":{"linea":"231-2-162","palmas":27},"geometry":{"type":"LineString","coordinates":[[-72.895542,4.398808],[-72.895545,4.396692]]}},{"type":"Feature","properties":{"linea":"231-2-163","palmas":27},"geometry":{"type":"LineString","coordinates":[[-72.895472,4.398848],[-72.895475,4.396733]]}},{"type":"Feature","properties":{"linea":"231-2-164","palmas":27},"geometry":{"type":"LineString","coordinates":[[-72.895401,4.398808],[-72.895405,4.396692]]}},{"type":"Feature","properties":{"linea":"231-2-165","palmas":27},"geometry":{"type":"LineString","coordinates":[[-72.895331,4.398848],[-72.895334,4.396733]]}},{"type":"Feature","properties":{"linea":"231-2-166","palmas":27},"geometry":{"type":"LineString","coordinates":[[-72.895261,4.398807],[-72.895264,4.396692]]}},{"type":"Feature","properties":{"linea":"231-2-167","palmas":27},"geometry":{"type":"LineString","coordinates":[[-72.895191,4.398848],[-72.895194,4.396732]]}},{"type":"Feature","properties":{"linea":"231-2-168","palmas":27},"geometry":{"type":"LineString","coordinates":[[-72.895121,4.398807],[-72.895124,4.396691]]}},{"type":"Feature","properties":{"linea":"231-2-169","palmas":27},"geometry":{"type":"LineString","coordinates":[[-72.89505,4.398848],[-72.895054,4.396732]]}},{"type":"Feature","properties":{"linea":"231-2-17","palmas":22},"geometry":{"type":"LineString","coordinates":[[-72.89505,4.398929],[-72.895048,4.400638]]}},{"type":"Feature","properties":{"linea":"231-2-170","palmas":27},"geometry":{"type":"LineString","coordinates":[[-72.89498,4.398807],[-72.894984,4.396691]]}},{"type":"Feature","properties":{"linea":"231-2-171","palmas":27},"geometry":{"type":"LineString","coordinates":[[-72.89491,4.398848],[-72.894913,4.396732]]}},{"type":"Feature","properties":{"linea":"231-2-172","palmas":25},"geometry":{"type":"LineString","coordinates":[[-72.89484,4.398807],[-72.894843,4.396854]]}},{"type":"Feature","properties":{"linea":"231-2-173","palmas":24},"geometry":{"type":"LineString","coordinates":[[-72.894769,4.398847],[-72.894773,4.396976]]}},{"type":"Feature","properties":{"linea":"231-2-174","palmas":20},"geometry":{"type":"LineString","coordinates":[[-72.894699,4.398806],[-72.894702,4.39726]]}},{"type":"Feature","properties":{"linea":"231-2-175","palmas":17},"geometry":{"type":"LineString","coordinates":[[-72.894629,4.398847],[-72.894631,4.397545]]}},{"type":"Feature","properties":{"linea":"231-2-176","palmas":14},"geometry":{"type":"LineString","coordinates":[[-72.894559,4.398806],[-72.894561,4.397748]]}},{"type":"Feature","properties":{"linea":"231-2-177","palmas":11},"geometry":{"type":"LineString","coordinates":[[-72.894489,4.398847],[-72.89449,4.398033]]}},{"type":"Feature","properties":{"linea":"231-2-178","palmas":9},"geometry":{"type":"LineString","coordinates":[[-72.894419,4.398806],[-72.89442,4.398155]]}},{"type":"Feature","properties":{"linea":"231-2-18","palmas":22},"geometry":{"type":"LineString","coordinates":[[-72.89512,4.39897],[-72.895118,4.400679]]}},{"type":"Feature","properties":{"linea":"231-2-19","palmas":22},"geometry":{"type":"LineString","coordinates":[[-72.895191,4.398929],[-72.895188,4.400638]]}},{"type":"Feature","properties":{"linea":"231-2-2","palmas":11},"geometry":{"type":"LineString","coordinates":[[-72.893996,4.399863],[-72.893994,4.400677]]}},{"type":"Feature","properties":{"linea":"231-2-20","palmas":22},"geometry":{"type":"LineString","coordinates":[[-72.895261,4.39897],[-72.895258,4.400679]]}},{"type":"Feature","properties":{"linea":"231-2-21","palmas":22},"geometry":{"type":"LineString","coordinates":[[-72.895331,4.398929],[-72.895328,4.400638]]}},{"type":"Feature","properties":{"linea":"231-2-22","palmas":22},"geometry":{"type":"LineString","coordinates":[[-72.895401,4.39897],[-72.895399,4.400679]]}},{"type":"Feature","properties":{"linea":"231-2-23","palmas":22},"geometry":{"type":"LineString","coordinates":[[-72.895471,4.39893],[-72.895469,4.400639]]}},{"type":"Feature","properties":{"linea":"231-2-24","palmas":22},"geometry":{"type":"LineString","coordinates":[[-72.895542,4.398971],[-72.895539,4.400679]]}},{"type":"Feature","properties":{"linea":"231-2-25","palmas":22},"geometry":{"type":"LineString","coordinates":[[-72.895612,4.39893],[-72.895609,4.400639]]}},{"type":"Feature","properties":{"linea":"231-2-26","palmas":22},"geometry":{"type":"LineString","coordinates":[[-72.895682,4.398971],[-72.895679,4.400679]]}},{"type":"Feature","properties":{"linea":"231-2-27","palmas":22},"geometry":{"type":"LineString","coordinates":[[-72.895752,4.39893],[-72.89575,4.400639]]}},{"type":"Feature","properties":{"linea":"231-2-28","palmas":22},"geometry":{"type":"LineString","coordinates":[[-72.895823,4.398971],[-72.89582,4.40068]]}},{"type":"Feature","properties":{"linea":"231-2-29","palmas":22},"geometry":{"type":"LineString","coordinates":[[-72.895893,4.39893],[-72.89589,4.400639]]}},{"type":"Feature","properties":{"linea":"231-2-3","palmas":11},"geometry":{"type":"LineString","coordinates":[[-72.894066,4.399823],[-72.894065,4.400636]]}},{"type":"Feature","properties":{"linea":"231-2-30","palmas":22},"geometry":{"type":"LineString","coordinates":[[-72.895963,4.398971],[-72.89596,4.40068]]}},{"type":"Feature","properties":{"linea":"231-2-31","palmas":22},"geometry":{"type":"LineString","coordinates":[[-72.896033,4.398931],[-72.896031,4.400639]]}},{"type":"Feature","properties":{"linea":"231-2-32","palmas":22},"geometry":{"type":"LineString","coordinates":[[-72.896103,4.398971],[-72.896101,4.40068]]}},{"type":"Feature","properties":{"linea":"231-2-33","palmas":22},"geometry":{"type":"LineString","coordinates":[[-72.896174,4.398931],[-72.896171,4.40064]]}},{"type":"Feature","properties":{"linea":"231-2-34","palmas":22},"geometry":{"type":"LineString","coordinates":[[-72.896244,4.398972],[-72.896241,4.400681]]}},{"type":"Feature","properties":{"linea":"231-2-35","palmas":22},"geometry":{"type":"LineString","coordinates":[[-72.896314,4.398931],[-72.896311,4.40064]]}},{"type":"Feature","properties":{"linea":"231-2-36","palmas":22},"geometry":{"type":"LineString","coordinates":[[-72.896384,4.398972],[-72.896381,4.400681]]}},{"type":"Feature","properties":{"linea":"231-2-37","palmas":22},"geometry":{"type":"LineString","coordinates":[[-72.896454,4.398931],[-72.896452,4.40064]]}},{"type":"Feature","properties":{"linea":"231-2-38","palmas":22},"geometry":{"type":"LineString","coordinates":[[-72.896524,4.398972],[-72.896522,4.400681]]}},{"type":"Feature","properties":{"linea":"231-2-39","palmas":22},"geometry":{"type":"LineString","coordinates":[[-72.896595,4.398931],[-72.896592,4.40064]]}},{"type":"Feature","properties":{"linea":"231-2-4","palmas":13},"geometry":{"type":"LineString","coordinates":[[-72.894136,4.399701],[-72.894135,4.400677]]}},{"type":"Feature","properties":{"linea":"231-2-40","palmas":22},"geometry":{"type":"LineString","coordinates":[[-72.896665,4.398972],[-72.896662,4.400681]]}},{"type":"Feature","properties":{"linea":"231-2-41","palmas":22},"geometry":{"type":"LineString","coordinates":[[-72.896735,4.398932],[-72.896733,4.400641]]}},{"type":"Feature","properties":{"linea":"231-2-42","palmas":22},"geometry":{"type":"LineString","coordinates":[[-72.896805,4.398973],[-72.896803,4.400681]]}},{"type":"Feature","properties":{"linea":"231-2-43","palmas":22},"geometry":{"type":"LineString","coordinates":[[-72.896876,4.398932],[-72.896873,4.400641]]}},{"type":"Feature","properties":{"linea":"231-2-44","palmas":22},"geometry":{"type":"LineString","coordinates":[[-72.896946,4.398973],[-72.896943,4.400682]]}},{"type":"Feature","properties":{"linea":"231-2-45","palmas":22},"geometry":{"type":"LineString","coordinates":[[-72.897016,4.398932],[-72.897013,4.400641]]}},{"type":"Feature","properties":{"linea":"231-2-46","palmas":22},"geometry":{"type":"LineString","coordinates":[[-72.897086,4.398973],[-72.897084,4.400682]]}},{"type":"Feature","properties":{"linea":"231-2-47","palmas":22},"geometry":{"type":"LineString","coordinates":[[-72.897156,4.398933],[-72.897154,4.400641]]}},{"type":"Feature","properties":{"linea":"231-2-48","palmas":22},"geometry":{"type":"LineString","coordinates":[[-72.897227,4.398973],[-72.897224,4.400682]]}},{"type":"Feature","properties":{"linea":"231-2-49","palmas":22},"geometry":{"type":"LineString","coordinates":[[-72.897297,4.398933],[-72.897294,4.400641]]}},{"type":"Feature","properties":{"linea":"231-2-5","palmas":13},"geometry":{"type":"LineString","coordinates":[[-72.894207,4.39966],[-72.894205,4.400636]]}},{"type":"Feature","properties":{"linea":"231-2-50","palmas":22},"geometry":{"type":"LineString","coordinates":[[-72.897367,4.398973],[-72.897364,4.400682]]}},{"type":"Feature","properties":{"linea":"231-2-51","palmas":22},"geometry":{"type":"LineString","coordinates":[[-72.897437,4.398933],[-72.897435,4.400642]]}},{"type":"Feature","properties":{"linea":"231-2-52","palmas":22},"geometry":{"type":"LineString","coordinates":[[-72.897508,4.398974],[-72.897505,4.400683]]}},{"type":"Feature","properties":{"linea":"231-2-53","palmas":22},"geometry":{"type":"LineString","coordinates":[[-72.897578,4.398933],[-72.897575,4.400642]]}},{"type":"Feature","properties":{"linea":"231-2-54","palmas":22},"geometry":{"type":"LineString","coordinates":[[-72.897648,4.398974],[-72.897645,4.400683]]}},{"type":"Feature","properties":{"linea":"231-2-55","palmas":22},"geometry":{"type":"LineString","coordinates":[[-72.897718,4.398933],[-72.897716,4.400642]]}},{"type":"Feature","properties":{"linea":"231-2-56","palmas":22},"geometry":{"type":"LineString","coordinates":[[-72.897788,4.398974],[-72.897786,4.400683]]}},{"type":"Feature","properties":{"linea":"231-2-57","palmas":22},"geometry":{"type":"LineString","coordinates":[[-72.897859,4.398934],[-72.897856,4.400642]]}},{"type":"Feature","properties":{"linea":"231-2-58","palmas":22},"geometry":{"type":"LineString","coordinates":[[-72.897929,4.398974],[-72.897926,4.400683]]}},{"type":"Feature","properties":{"linea":"231-2-59","palmas":22},"geometry":{"type":"LineString","coordinates":[[-72.897999,4.398934],[-72.897996,4.400643]]}},{"type":"Feature","properties":{"linea":"231-2-6","palmas":14},"geometry":{"type":"LineString","coordinates":[[-72.894277,4.399619],[-72.894275,4.400677]]}},{"type":"Feature","properties":{"linea":"231-2-60","palmas":22},"geometry":{"type":"LineString","coordinates":[[-72.898069,4.398974],[-72.898066,4.400683]]}},{"type":"Feature","properties":{"linea":"231-2-61","palmas":22},"geometry":{"type":"LineString","coordinates":[[-72.898139,4.398934],[-72.898137,4.400643]]}},{"type":"Feature","properties":{"linea":"231-2-62","palmas":22},"geometry":{"type":"LineString","coordinates":[[-72.898209,4.398975],[-72.898207,4.400684]]}},{"type":"Feature","properties":{"linea":"231-2-63","palmas":22},"geometry":{"type":"LineString","coordinates":[[-72.89828,4.398934],[-72.898277,4.400643]]}},{"type":"Feature","properties":{"linea":"231-2-64","palmas":22},"geometry":{"type":"LineString","coordinates":[[-72.89835,4.398975],[-72.898347,4.400684]]}},{"type":"Feature","properties":{"linea":"231-2-65","palmas":22},"geometry":{"type":"LineString","coordinates":[[-72.89842,4.398934],[-72.898418,4.400643]]}},{"type":"Feature","properties":{"linea":"231-2-66","palmas":22},"geometry":{"type":"LineString","coordinates":[[-72.89849,4.398975],[-72.898488,4.400684]]}},{"type":"Feature","properties":{"linea":"231-2-67","palmas":22},"geometry":{"type":"LineString","coordinates":[[-72.898561,4.398935],[-72.898558,4.400643]]}},{"type":"Feature","properties":{"linea":"231-2-68","palmas":22},"geometry":{"type":"LineString","coordinates":[[-72.898631,4.398976],[-72.898628,4.400684]]}},{"type":"Feature","properties":{"linea":"231-2-69","palmas":22},"geometry":{"type":"LineString","coordinates":[[-72.898701,4.398935],[-72.898698,4.400644]]}},{"type":"Feature","properties":{"linea":"231-2-7","palmas":15},"geometry":{"type":"LineString","coordinates":[[-72.894347,4.399498],[-72.894346,4.400637]]}},{"type":"Feature","properties":{"linea":"231-2-70","palmas":22},"geometry":{"type":"LineString","coordinates":[[-72.898771,4.398976],[-72.898769,4.400684]]}},{"type":"Feature","properties":{"linea":"231-2-71","palmas":22},"geometry":{"type":"LineString","coordinates":[[-72.898841,4.398935],[-72.898839,4.400644]]}},{"type":"Feature","properties":{"linea":"231-2-72","palmas":22},"geometry":{"type":"LineString","coordinates":[[-72.898912,4.398976],[-72.898909,4.400685]]}},{"type":"Feature","properties":{"linea":"231-2-73","palmas":22},"geometry":{"type":"LineString","coordinates":[[-72.898982,4.398935],[-72.898979,4.400644]]}},{"type":"Feature","properties":{"linea":"231-2-74","palmas":22},"geometry":{"type":"LineString","coordinates":[[-72.899052,4.398976],[-72.899049,4.400685]]}},{"type":"Feature","properties":{"linea":"231-2-75","palmas":22},"geometry":{"type":"LineString","coordinates":[[-72.899122,4.398936],[-72.89912,4.400644]]}},{"type":"Feature","properties":{"linea":"231-2-76","palmas":22},"geometry":{"type":"LineString","coordinates":[[-72.899193,4.398976],[-72.89919,4.400685]]}},{"type":"Feature","properties":{"linea":"231-2-77","palmas":22},"geometry":{"type":"LineString","coordinates":[[-72.899263,4.398936],[-72.89926,4.400644]]}},{"type":"Feature","properties":{"linea":"231-2-78","palmas":22},"geometry":{"type":"LineString","coordinates":[[-72.899333,4.398977],[-72.89933,4.400685]]}},{"type":"Feature","properties":{"linea":"231-2-79","palmas":22},"geometry":{"type":"LineString","coordinates":[[-72.899403,4.398936],[-72.899401,4.400645]]}},{"type":"Feature","properties":{"linea":"231-2-8","palmas":22},"geometry":{"type":"LineString","coordinates":[[-72.894418,4.398969],[-72.894416,4.400678]]}},{"type":"Feature","properties":{"linea":"231-2-80","palmas":22},"geometry":{"type":"LineString","coordinates":[[-72.899473,4.398977],[-72.899471,4.400686]]}},{"type":"Feature","properties":{"linea":"231-2-81","palmas":22},"geometry":{"type":"LineString","coordinates":[[-72.899544,4.398936],[-72.899541,4.400645]]}},{"type":"Feature","properties":{"linea":"231-2-82","palmas":22},"geometry":{"type":"LineString","coordinates":[[-72.899614,4.398977],[-72.899611,4.400686]]}},{"type":"Feature","properties":{"linea":"231-2-83","palmas":22},"geometry":{"type":"LineString","coordinates":[[-72.899684,4.398936],[-72.899681,4.400645]]}},{"type":"Feature","properties":{"linea":"231-2-84","palmas":22},"geometry":{"type":"LineString","coordinates":[[-72.899754,4.398977],[-72.899751,4.400686]]}},{"type":"Feature","properties":{"linea":"231-2-85","palmas":22},"geometry":{"type":"LineString","coordinates":[[-72.899824,4.398937],[-72.899822,4.400646]]}},{"type":"Feature","properties":{"linea":"231-2-86","palmas":22},"geometry":{"type":"LineString","coordinates":[[-72.899894,4.398977],[-72.899892,4.400686]]}},{"type":"Feature","properties":{"linea":"231-2-87","palmas":22},"geometry":{"type":"LineString","coordinates":[[-72.899965,4.398937],[-72.899962,4.400646]]}},{"type":"Feature","properties":{"linea":"231-2-88","palmas":21},"geometry":{"type":"LineString","coordinates":[[-72.900035,4.399059],[-72.900032,4.400686]]}},{"type":"Feature","properties":{"linea":"231-2-89","palmas":20},"geometry":{"type":"LineString","coordinates":[[-72.900105,4.3991],[-72.900103,4.400646]]}},{"type":"Feature","properties":{"linea":"231-2-9","palmas":22},"geometry":{"type":"LineString","coordinates":[[-72.894489,4.398928],[-72.894486,4.400637]]}},{"type":"Feature","properties":{"linea":"231-2-90","palmas":20},"geometry":{"type":"LineString","coordinates":[[-72.900175,4.399141],[-72.900173,4.400687]]}},{"type":"Feature","properties":{"linea":"231-2-91","palmas":19},"geometry":{"type":"LineString","coordinates":[[-72.900245,4.399181],[-72.900243,4.400646]]}},{"type":"Feature","properties":{"linea":"231-2-92","palmas":20},"geometry":{"type":"LineString","coordinates":[[-72.900316,4.399141],[-72.900313,4.400687]]}},{"type":"Feature","properties":{"linea":"231-2-93","palmas":19},"geometry":{"type":"LineString","coordinates":[[-72.900386,4.399182],[-72.900383,4.400646]]}},{"type":"Feature","properties":{"linea":"231-2-94","palmas":18},"geometry":{"type":"LineString","coordinates":[[-72.900456,4.399304],[-72.900453,4.400687]]}},{"type":"Feature","properties":{"linea":"231-2-95","palmas":14},"geometry":{"type":"LineString","coordinates":[[-72.900525,4.399589],[-72.900524,4.400647]]}},{"type":"Feature","properties":{"linea":"231-2-96","palmas":12},"geometry":{"type":"LineString","coordinates":[[-72.900595,4.399792],[-72.900594,4.400687]]}},{"type":"Feature","properties":{"linea":"231-2-97","palmas":8},"geometry":{"type":"LineString","coordinates":[[-72.900665,4.400077],[-72.900664,4.400647]]}},{"type":"Feature","properties":{"linea":"231-2-98","palmas":6},"geometry":{"type":"LineString","coordinates":[[-72.900735,4.400281],[-72.900734,4.400688]]}},{"type":"Feature","properties":{"linea":"231-2-99","palmas":3},"geometry":{"type":"LineString","coordinates":[[-72.900805,4.400484],[-72.900804,4.400647]]}},{"type":"Feature","properties":{"linea":"231-3-1","palmas":4},"geometry":{"type":"LineString","coordinates":[[-72.894422,4.402691],[-72.894422,4.402936]]}},{"type":"Feature","properties":{"linea":"231-3-10","palmas":16},"geometry":{"type":"LineString","coordinates":[[-72.895054,4.402652],[-72.895052,4.403873]]}},{"type":"Feature","properties":{"linea":"231-3-100","palmas":29},"geometry":{"type":"LineString","coordinates":[[-72.901373,4.402662],[-72.901369,4.40494]]}},{"type":"Feature","properties":{"linea":"231-3-101","palmas":28},"geometry":{"type":"LineString","coordinates":[[-72.901443,4.402703],[-72.901439,4.4049]]}},{"type":"Feature","properties":{"linea":"231-3-102","palmas":27},"geometry":{"type":"LineString","coordinates":[[-72.901513,4.402825],[-72.901509,4.404941]]}},{"type":"Feature","properties":{"linea":"231-3-103","palmas":24},"geometry":{"type":"LineString","coordinates":[[-72.901583,4.403028],[-72.90158,4.4049]]}},{"type":"Feature","properties":{"linea":"231-3-104","palmas":21},"geometry":{"type":"LineString","coordinates":[[-72.901653,4.403313],[-72.90165,4.404941]]}},{"type":"Feature","properties":{"linea":"231-3-105","palmas":18},"geometry":{"type":"LineString","coordinates":[[-72.901722,4.403517],[-72.90172,4.4049]]}},{"type":"Feature","properties":{"linea":"231-3-106","palmas":12},"geometry":{"type":"LineString","coordinates":[[-72.901792,4.403964],[-72.90179,4.404859]]}},{"type":"Feature","properties":{"linea":"231-3-107","palmas":8},"geometry":{"type":"LineString","coordinates":[[-72.901862,4.404249],[-72.901861,4.404819]]}},{"type":"Feature","properties":{"linea":"231-3-108","palmas":5},"geometry":{"type":"LineString","coordinates":[[-72.901931,4.404453],[-72.901931,4.404778]]}},{"type":"Feature","properties":{"linea":"231-3-11","palmas":17},"geometry":{"type":"LineString","coordinates":[[-72.895124,4.402693],[-72.895122,4.403994]]}},{"type":"Feature","properties":{"linea":"231-3-110","palmas":4},"geometry":{"type":"LineString","coordinates":[[-72.901373,4.402581],[-72.901373,4.402336]]}},{"type":"Feature","properties":{"linea":"231-3-111","palmas":6},"geometry":{"type":"LineString","coordinates":[[-72.901302,4.40254],[-72.901303,4.402133]]}},{"type":"Feature","properties":{"linea":"231-3-112","palmas":9},"geometry":{"type":"LineString","coordinates":[[-72.901232,4.40258],[-72.901233,4.401929]]}},{"type":"Feature","properties":{"linea":"231-3-113","palmas":13},"geometry":{"type":"LineString","coordinates":[[-72.901162,4.402539],[-72.901164,4.401563]]}},{"type":"Feature","properties":{"linea":"231-3-114","palmas":16},"geometry":{"type":"LineString","coordinates":[[-72.901092,4.40258],[-72.901094,4.401359]]}},{"type":"Feature","properties":{"linea":"231-3-115","palmas":19},"geometry":{"type":"LineString","coordinates":[[-72.901022,4.402539],[-72.901024,4.401074]]}},{"type":"Feature","properties":{"linea":"231-3-116","palmas":21},"geometry":{"type":"LineString","coordinates":[[-72.900951,4.40258],[-72.900954,4.400953]]}},{"type":"Feature","properties":{"linea":"231-3-117","palmas":23},"geometry":{"type":"LineString","coordinates":[[-72.900881,4.402539],[-72.900884,4.400749]]}},{"type":"Feature","properties":{"linea":"231-3-118","palmas":23},"geometry":{"type":"LineString","coordinates":[[-72.900811,4.40258],[-72.900814,4.400789]]}},{"type":"Feature","properties":{"linea":"231-3-119","palmas":23},"geometry":{"type":"LineString","coordinates":[[-72.900741,4.402539],[-72.900744,4.400749]]}},{"type":"Feature","properties":{"linea":"231-3-12","palmas":18},"geometry":{"type":"LineString","coordinates":[[-72.895194,4.402652],[-72.895192,4.404035]]}},{"type":"Feature","properties":{"linea":"231-3-120","palmas":23},"geometry":{"type":"LineString","coordinates":[[-72.900671,4.402579],[-72.900673,4.400789]]}},{"type":"Feature","properties":{"linea":"231-3-121","palmas":23},"geometry":{"type":"LineString","coordinates":[[-72.900601,4.402539],[-72.900603,4.400748]]}},{"type":"Feature","properties":{"linea":"231-3-122","palmas":23},"geometry":{"type":"LineString","coordinates":[[-72.90053,4.402579],[-72.900533,4.400789]]}},{"type":"Feature","properties":{"linea":"231-3-123","palmas":23},"geometry":{"type":"LineString","coordinates":[[-72.90046,4.402538],[-72.900463,4.400748]]}},{"type":"Feature","properties":{"linea":"231-3-124","palmas":23},"geometry":{"type":"LineString","coordinates":[[-72.90039,4.402579],[-72.900393,4.400789]]}},{"type":"Feature","properties":{"linea":"231-3-125","palmas":23},"geometry":{"type":"LineString","coordinates":[[-72.90032,4.402538],[-72.900323,4.400748]]}},{"type":"Feature","properties":{"linea":"231-3-126","palmas":23},"geometry":{"type":"LineString","coordinates":[[-72.900249,4.402579],[-72.900252,4.400789]]}},{"type":"Feature","properties":{"linea":"231-3-127","palmas":23},"geometry":{"type":"LineString","coordinates":[[-72.900179,4.402538],[-72.900182,4.400748]]}},{"type":"Feature","properties":{"linea":"231-3-128","palmas":23},"geometry":{"type":"LineString","coordinates":[[-72.900109,4.402579],[-72.900112,4.400788]]}},{"type":"Feature","properties":{"linea":"231-3-129","palmas":23},"geometry":{"type":"LineString","coordinates":[[-72.900039,4.402538],[-72.900042,4.400748]]}},{"type":"Feature","properties":{"linea":"231-3-13","palmas":19},"geometry":{"type":"LineString","coordinates":[[-72.895264,4.402693],[-72.895262,4.404158]]}},{"type":"Feature","properties":{"linea":"231-3-130","palmas":23},"geometry":{"type":"LineString","coordinates":[[-72.899969,4.402578],[-72.899971,4.400788]]}},{"type":"Feature","properties":{"linea":"231-3-131","palmas":23},"geometry":{"type":"LineString","coordinates":[[-72.899898,4.402538],[-72.899901,4.400747]]}},{"type":"Feature","properties":{"linea":"231-3-132","palmas":23},"geometry":{"type":"LineString","coordinates":[[-72.899828,4.402578],[-72.899831,4.400788]]}},{"type":"Feature","properties":{"linea":"231-3-133","palmas":23},"geometry":{"type":"LineString","coordinates":[[-72.899758,4.402537],[-72.899761,4.400747]]}},{"type":"Feature","properties":{"linea":"231-3-134","palmas":23},"geometry":{"type":"LineString","coordinates":[[-72.899688,4.402578],[-72.899691,4.400788]]}},{"type":"Feature","properties":{"linea":"231-3-135","palmas":23},"geometry":{"type":"LineString","coordinates":[[-72.899618,4.402537],[-72.899621,4.400747]]}},{"type":"Feature","properties":{"linea":"231-3-136","palmas":23},"geometry":{"type":"LineString","coordinates":[[-72.899547,4.402578],[-72.89955,4.400788]]}},{"type":"Feature","properties":{"linea":"231-3-137","palmas":23},"geometry":{"type":"LineString","coordinates":[[-72.899477,4.402537],[-72.89948,4.400747]]}},{"type":"Feature","properties":{"linea":"231-3-138","palmas":23},"geometry":{"type":"LineString","coordinates":[[-72.899407,4.402578],[-72.89941,4.400787]]}},{"type":"Feature","properties":{"linea":"231-3-139","palmas":23},"geometry":{"type":"LineString","coordinates":[[-72.899337,4.402537],[-72.89934,4.400746]]}},{"type":"Feature","properties":{"linea":"231-3-14","palmas":20},"geometry":{"type":"LineString","coordinates":[[-72.895335,4.402652],[-72.895332,4.404198]]}},{"type":"Feature","properties":{"linea":"231-3-140","palmas":23},"geometry":{"type":"LineString","coordinates":[[-72.899266,4.402577],[-72.899269,4.400787]]}},{"type":"Feature","properties":{"linea":"231-3-141","palmas":23},"geometry":{"type":"LineString","coordinates":[[-72.899196,4.402536],[-72.899199,4.400746]]}},{"type":"Feature","properties":{"linea":"231-3-142","palmas":23},"geometry":{"type":"LineString","coordinates":[[-72.899126,4.402577],[-72.899129,4.400787]]}},{"type":"Feature","properties":{"linea":"231-3-143","palmas":23},"geometry":{"type":"LineString","coordinates":[[-72.899056,4.402536],[-72.899059,4.400746]]}},{"type":"Feature","properties":{"linea":"231-3-144","palmas":23},"geometry":{"type":"LineString","coordinates":[[-72.898986,4.402577],[-72.898989,4.400786]]}},{"type":"Feature","properties":{"linea":"231-3-145","palmas":23},"geometry":{"type":"LineString","coordinates":[[-72.898916,4.402536],[-72.898918,4.400746]]}},{"type":"Feature","properties":{"linea":"231-3-146","palmas":23},"geometry":{"type":"LineString","coordinates":[[-72.898845,4.402576],[-72.898848,4.400786]]}},{"type":"Feature","properties":{"linea":"231-3-147","palmas":23},"geometry":{"type":"LineString","coordinates":[[-72.898775,4.402536],[-72.898778,4.400746]]}},{"type":"Feature","properties":{"linea":"231-3-148","palmas":23},"geometry":{"type":"LineString","coordinates":[[-72.898705,4.402576],[-72.898708,4.400786]]}},{"type":"Feature","properties":{"linea":"231-3-149","palmas":23},"geometry":{"type":"LineString","coordinates":[[-72.898635,4.402536],[-72.898638,4.400745]]}},{"type":"Feature","properties":{"linea":"231-3-15","palmas":21},"geometry":{"type":"LineString","coordinates":[[-72.895405,4.402693],[-72.895402,4.404321]]}},{"type":"Feature","properties":{"linea":"231-3-150","palmas":23},"geometry":{"type":"LineString","coordinates":[[-72.898564,4.402576],[-72.898567,4.400786]]}},{"type":"Feature","properties":{"linea":"231-3-151","palmas":23},"geometry":{"type":"LineString","coordinates":[[-72.898494,4.402535],[-72.898497,4.400745]]}},{"type":"Feature","properties":{"linea":"231-3-152","palmas":23},"geometry":{"type":"LineString","coordinates":[[-72.898424,4.402576],[-72.898427,4.400786]]}},{"type":"Feature","properties":{"linea":"231-3-153","palmas":23},"geometry":{"type":"LineString","coordinates":[[-72.898354,4.402535],[-72.898357,4.400745]]}},{"type":"Feature","properties":{"linea":"231-3-154","palmas":23},"geometry":{"type":"LineString","coordinates":[[-72.898284,4.402576],[-72.898286,4.400785]]}},{"type":"Feature","properties":{"linea":"231-3-155","palmas":23},"geometry":{"type":"LineString","coordinates":[[-72.898213,4.402535],[-72.898216,4.400745]]}},{"type":"Feature","properties":{"linea":"231-3-156","palmas":23},"geometry":{"type":"LineString","coordinates":[[-72.898143,4.402575],[-72.898146,4.400785]]}},{"type":"Feature","properties":{"linea":"231-3-157","palmas":23},"geometry":{"type":"LineString","coordinates":[[-72.898073,4.402534],[-72.898076,4.400744]]}},{"type":"Feature","properties":{"linea":"231-3-158","palmas":23},"geometry":{"type":"LineString","coordinates":[[-72.898003,4.402575],[-72.898006,4.400785]]}},{"type":"Feature","properties":{"linea":"231-3-159","palmas":23},"geometry":{"type":"LineString","coordinates":[[-72.897933,4.402534],[-72.897936,4.400744]]}},{"type":"Feature","properties":{"linea":"231-3-16","palmas":23},"geometry":{"type":"LineString","coordinates":[[-72.895475,4.402653],[-72.895472,4.404443]]}},{"type":"Feature","properties":{"linea":"231-3-160","palmas":23},"geometry":{"type":"LineString","coordinates":[[-72.897862,4.402575],[-72.897865,4.400785]]}},{"type":"Feature","properties":{"linea":"231-3-161","palmas":23},"geometry":{"type":"LineString","coordinates":[[-72.897792,4.402534],[-72.897795,4.400744]]}},{"type":"Feature","properties":{"linea":"231-3-162","palmas":23},"geometry":{"type":"LineString","coordinates":[[-72.897722,4.402575],[-72.897725,4.400784]]}},{"type":"Feature","properties":{"linea":"231-3-163","palmas":23},"geometry":{"type":"LineString","coordinates":[[-72.897652,4.402534],[-72.897655,4.400744]]}},{"type":"Feature","properties":{"linea":"231-3-164","palmas":23},"geometry":{"type":"LineString","coordinates":[[-72.897581,4.402574],[-72.897584,4.400784]]}},{"type":"Feature","properties":{"linea":"231-3-165","palmas":23},"geometry":{"type":"LineString","coordinates":[[-72.897511,4.402534],[-72.897514,4.400744]]}},{"type":"Feature","properties":{"linea":"231-3-166","palmas":23},"geometry":{"type":"LineString","coordinates":[[-72.897441,4.402574],[-72.897444,4.400784]]}},{"type":"Feature","properties":{"linea":"231-3-167","palmas":23},"geometry":{"type":"LineString","coordinates":[[-72.897371,4.402533],[-72.897374,4.400743]]}},{"type":"Feature","properties":{"linea":"231-3-168","palmas":23},"geometry":{"type":"LineString","coordinates":[[-72.897301,4.402574],[-72.897304,4.400784]]}},{"type":"Feature","properties":{"linea":"231-3-169","palmas":23},"geometry":{"type":"LineString","coordinates":[[-72.897231,4.402533],[-72.897233,4.400743]]}},{"type":"Feature","properties":{"linea":"231-3-17","palmas":23},"geometry":{"type":"LineString","coordinates":[[-72.895545,4.402693],[-72.895543,4.404483]]}},{"type":"Feature","properties":{"linea":"231-3-170","palmas":23},"geometry":{"type":"LineString","coordinates":[[-72.89716,4.402574],[-72.897163,4.400784]]}},{"type":"Feature","properties":{"linea":"231-3-171","palmas":23},"geometry":{"type":"LineString","coordinates":[[-72.89709,4.402533],[-72.897093,4.400743]]}},{"type":"Feature","properties":{"linea":"231-3-172","palmas":23},"geometry":{"type":"LineString","coordinates":[[-72.89702,4.402574],[-72.897023,4.400783]]}},{"type":"Feature","properties":{"linea":"231-3-173","palmas":23},"geometry":{"type":"LineString","coordinates":[[-72.89695,4.402533],[-72.896953,4.400743]]}},{"type":"Feature","properties":{"linea":"231-3-174","palmas":23},"geometry":{"type":"LineString","coordinates":[[-72.896879,4.402573],[-72.896882,4.400783]]}},{"type":"Feature","properties":{"linea":"231-3-175","palmas":23},"geometry":{"type":"LineString","coordinates":[[-72.896809,4.402533],[-72.896812,4.400743]]}},{"type":"Feature","properties":{"linea":"231-3-176","palmas":23},"geometry":{"type":"LineString","coordinates":[[-72.896739,4.402573],[-72.896742,4.400783]]}},{"type":"Feature","properties":{"linea":"231-3-177","palmas":23},"geometry":{"type":"LineString","coordinates":[[-72.896669,4.402532],[-72.896672,4.400742]]}},{"type":"Feature","properties":{"linea":"231-3-178","palmas":23},"geometry":{"type":"LineString","coordinates":[[-72.896599,4.402573],[-72.896601,4.400783]]}},{"type":"Feature","properties":{"linea":"231-3-179","palmas":23},"geometry":{"type":"LineString","coordinates":[[-72.896529,4.402532],[-72.896531,4.400742]]}},{"type":"Feature","properties":{"linea":"231-3-18","palmas":25},"geometry":{"type":"LineString","coordinates":[[-72.895616,4.402653],[-72.895613,4.404606]]}},{"type":"Feature","properties":{"linea":"231-3-180","palmas":23},"geometry":{"type":"LineString","coordinates":[[-72.896458,4.402573],[-72.896461,4.400783]]}},{"type":"Feature","properties":{"linea":"231-3-181","palmas":23},"geometry":{"type":"LineString","coordinates":[[-72.896388,4.402532],[-72.896391,4.400742]]}},{"type":"Feature","properties":{"linea":"231-3-182","palmas":23},"geometry":{"type":"LineString","coordinates":[[-72.896318,4.402573],[-72.896321,4.400782]]}},{"type":"Feature","properties":{"linea":"231-3-183","palmas":23},"geometry":{"type":"LineString","coordinates":[[-72.896248,4.402532],[-72.896251,4.400741]]}},{"type":"Feature","properties":{"linea":"231-3-184","palmas":23},"geometry":{"type":"LineString","coordinates":[[-72.896178,4.402572],[-72.89618,4.400782]]}},{"type":"Feature","properties":{"linea":"231-3-185","palmas":23},"geometry":{"type":"LineString","coordinates":[[-72.896107,4.402531],[-72.89611,4.400741]]}},{"type":"Feature","properties":{"linea":"231-3-186","palmas":23},"geometry":{"type":"LineString","coordinates":[[-72.896037,4.402572],[-72.89604,4.400782]]}},{"type":"Feature","properties":{"linea":"231-3-187","palmas":23},"geometry":{"type":"LineString","coordinates":[[-72.895967,4.402531],[-72.89597,4.400741]]}},{"type":"Feature","properties":{"linea":"231-3-188","palmas":23},"geometry":{"type":"LineString","coordinates":[[-72.895897,4.402572],[-72.895899,4.400782]]}},{"type":"Feature","properties":{"linea":"231-3-189","palmas":23},"geometry":{"type":"LineString","coordinates":[[-72.895826,4.402531],[-72.895829,4.400741]]}},{"type":"Feature","properties":{"linea":"231-3-19","palmas":26},"geometry":{"type":"LineString","coordinates":[[-72.895686,4.402694],[-72.895683,4.404728]]}},{"type":"Feature","properties":{"linea":"231-3-190","palmas":23},"geometry":{"type":"LineString","coordinates":[[-72.895756,4.402572],[-72.895759,4.400781]]}},{"type":"Feature","properties":{"linea":"231-3-191","palmas":23},"geometry":{"type":"LineString","coordinates":[[-72.895686,4.402531],[-72.895689,4.400741]]}},{"type":"Feature","properties":{"linea":"231-3-192","palmas":23},"geometry":{"type":"LineString","coordinates":[[-72.895616,4.402571],[-72.895619,4.400781]]}},{"type":"Feature","properties":{"linea":"231-3-193","palmas":23},"geometry":{"type":"LineString","coordinates":[[-72.895546,4.402531],[-72.895548,4.40074]]}},{"type":"Feature","properties":{"linea":"231-3-194","palmas":23},"geometry":{"type":"LineString","coordinates":[[-72.895475,4.402571],[-72.895478,4.400781]]}},{"type":"Feature","properties":{"linea":"231-3-195","palmas":23},"geometry":{"type":"LineString","coordinates":[[-72.895405,4.40253],[-72.895408,4.40074]]}},{"type":"Feature","properties":{"linea":"231-3-196","palmas":23},"geometry":{"type":"LineString","coordinates":[[-72.895335,4.402571],[-72.895338,4.400781]]}},{"type":"Feature","properties":{"linea":"231-3-197","palmas":23},"geometry":{"type":"LineString","coordinates":[[-72.895265,4.40253],[-72.895268,4.40074]]}},{"type":"Feature","properties":{"linea":"231-3-198","palmas":23},"geometry":{"type":"LineString","coordinates":[[-72.895194,4.402571],[-72.895197,4.400781]]}},{"type":"Feature","properties":{"linea":"231-3-199","palmas":23},"geometry":{"type":"LineString","coordinates":[[-72.895124,4.40253],[-72.895127,4.40074]]}},{"type":"Feature","properties":{"linea":"231-3-2","palmas":7},"geometry":{"type":"LineString","coordinates":[[-72.894492,4.402651],[-72.894491,4.403139]]}},{"type":"Feature","properties":{"linea":"231-3-20","palmas":27},"geometry":{"type":"LineString","coordinates":[[-72.895756,4.402653],[-72.895753,4.404769]]}},{"type":"Feature","properties":{"linea":"231-3-200","palmas":23},"geometry":{"type":"LineString","coordinates":[[-72.895054,4.402571],[-72.895057,4.40078]]}},{"type":"Feature","properties":{"linea":"231-3-201","palmas":23},"geometry":{"type":"LineString","coordinates":[[-72.894984,4.40253],[-72.894987,4.400739]]}},{"type":"Feature","properties":{"linea":"231-3-202","palmas":23},"geometry":{"type":"LineString","coordinates":[[-72.894914,4.40257],[-72.894916,4.40078]]}},{"type":"Feature","properties":{"linea":"231-3-203","palmas":23},"geometry":{"type":"LineString","coordinates":[[-72.894844,4.402529],[-72.894846,4.400739]]}},{"type":"Feature","properties":{"linea":"231-3-204","palmas":23},"geometry":{"type":"LineString","coordinates":[[-72.894773,4.40257],[-72.894776,4.40078]]}},{"type":"Feature","properties":{"linea":"231-3-205","palmas":23},"geometry":{"type":"LineString","coordinates":[[-72.894703,4.402529],[-72.894706,4.400739]]}},{"type":"Feature","properties":{"linea":"231-3-206","palmas":23},"geometry":{"type":"LineString","coordinates":[[-72.894633,4.40257],[-72.894636,4.40078]]}},{"type":"Feature","properties":{"linea":"231-3-207","palmas":23},"geometry":{"type":"LineString","coordinates":[[-72.894563,4.402529],[-72.894566,4.400739]]}},{"type":"Feature","properties":{"linea":"231-3-208","palmas":23},"geometry":{"type":"LineString","coordinates":[[-72.894493,4.402569],[-72.894495,4.400779]]}},{"type":"Feature","properties":{"linea":"231-3-209","palmas":23},"geometry":{"type":"LineString","coordinates":[[-72.894422,4.402529],[-72.894425,4.400739]]}},{"type":"Feature","properties":{"linea":"231-3-21","palmas":28},"geometry":{"type":"LineString","coordinates":[[-72.895826,4.402694],[-72.895823,4.404891]]}},{"type":"Feature","properties":{"linea":"231-3-210","palmas":23},"geometry":{"type":"LineString","coordinates":[[-72.894352,4.402569],[-72.894355,4.400779]]}},{"type":"Feature","properties":{"linea":"231-3-211","palmas":20},"geometry":{"type":"LineString","coordinates":[[-72.894282,4.402284],[-72.894285,4.400738]]}},{"type":"Feature","properties":{"linea":"231-3-212","palmas":16},"geometry":{"type":"LineString","coordinates":[[-72.894213,4.401999],[-72.894214,4.400779]]}},{"type":"Feature","properties":{"linea":"231-3-213","palmas":12},"geometry":{"type":"LineString","coordinates":[[-72.894143,4.401633],[-72.894144,4.400738]]}},{"type":"Feature","properties":{"linea":"231-3-214","palmas":9},"geometry":{"type":"LineString","coordinates":[[-72.894073,4.40143],[-72.894074,4.400779]]}},{"type":"Feature","properties":{"linea":"231-3-215","palmas":8},"geometry":{"type":"LineString","coordinates":[[-72.894003,4.401308],[-72.894004,4.400738]]}},{"type":"Feature","properties":{"linea":"231-3-216","palmas":6},"geometry":{"type":"LineString","coordinates":[[-72.893933,4.401185],[-72.893934,4.400779]]}},{"type":"Feature","properties":{"linea":"231-3-22","palmas":29},"geometry":{"type":"LineString","coordinates":[[-72.895896,4.402653],[-72.895893,4.404932]]}},{"type":"Feature","properties":{"linea":"231-3-23","palmas":28},"geometry":{"type":"LineString","coordinates":[[-72.895967,4.402694],[-72.895963,4.404891]]}},{"type":"Feature","properties":{"linea":"231-3-24","palmas":29},"geometry":{"type":"LineString","coordinates":[[-72.896037,4.402653],[-72.896033,4.404932]]}},{"type":"Feature","properties":{"linea":"231-3-25","palmas":28},"geometry":{"type":"LineString","coordinates":[[-72.896107,4.402694],[-72.896104,4.404891]]}},{"type":"Feature","properties":{"linea":"231-3-26","palmas":29},"geometry":{"type":"LineString","coordinates":[[-72.896177,4.402654],[-72.896174,4.404932]]}},{"type":"Feature","properties":{"linea":"231-3-27","palmas":28},"geometry":{"type":"LineString","coordinates":[[-72.896248,4.402694],[-72.896244,4.404891]]}},{"type":"Feature","properties":{"linea":"231-3-28","palmas":29},"geometry":{"type":"LineString","coordinates":[[-72.896318,4.402654],[-72.896314,4.404932]]}},{"type":"Feature","properties":{"linea":"231-3-29","palmas":28},"geometry":{"type":"LineString","coordinates":[[-72.896388,4.402695],[-72.896384,4.404892]]}},{"type":"Feature","properties":{"linea":"231-3-3","palmas":8},"geometry":{"type":"LineString","coordinates":[[-72.894563,4.402692],[-72.894561,4.403261]]}},{"type":"Feature","properties":{"linea":"231-3-30","palmas":29},"geometry":{"type":"LineString","coordinates":[[-72.896458,4.402654],[-72.896454,4.404933]]}},{"type":"Feature","properties":{"linea":"231-3-31","palmas":28},"geometry":{"type":"LineString","coordinates":[[-72.896528,4.402695],[-72.896525,4.404892]]}},{"type":"Feature","properties":{"linea":"231-3-32","palmas":29},"geometry":{"type":"LineString","coordinates":[[-72.896599,4.402654],[-72.896595,4.404933]]}},{"type":"Feature","properties":{"linea":"231-3-33","palmas":28},"geometry":{"type":"LineString","coordinates":[[-72.896669,4.402695],[-72.896665,4.404892]]}},{"type":"Feature","properties":{"linea":"231-3-34","palmas":29},"geometry":{"type":"LineString","coordinates":[[-72.896739,4.402654],[-72.896735,4.404933]]}},{"type":"Feature","properties":{"linea":"231-3-35","palmas":28},"geometry":{"type":"LineString","coordinates":[[-72.896809,4.402695],[-72.896806,4.404892]]}},{"type":"Feature","properties":{"linea":"231-3-36","palmas":29},"geometry":{"type":"LineString","coordinates":[[-72.896879,4.402655],[-72.896876,4.404933]]}},{"type":"Feature","properties":{"linea":"231-3-37","palmas":28},"geometry":{"type":"LineString","coordinates":[[-72.896949,4.402696],[-72.896946,4.404893]]}},{"type":"Feature","properties":{"linea":"231-3-38","palmas":29},"geometry":{"type":"LineString","coordinates":[[-72.89702,4.402655],[-72.897016,4.404933]]}},{"type":"Feature","properties":{"linea":"231-3-39","palmas":28},"geometry":{"type":"LineString","coordinates":[[-72.89709,4.402696],[-72.897086,4.404893]]}},{"type":"Feature","properties":{"linea":"231-3-4","palmas":10},"geometry":{"type":"LineString","coordinates":[[-72.894633,4.402651],[-72.894631,4.403384]]}},{"type":"Feature","properties":{"linea":"231-3-40","palmas":29},"geometry":{"type":"LineString","coordinates":[[-72.89716,4.402655],[-72.897157,4.404934]]}},{"type":"Feature","properties":{"linea":"231-3-41","palmas":28},"geometry":{"type":"LineString","coordinates":[[-72.89723,4.402696],[-72.897227,4.404893]]}},{"type":"Feature","properties":{"linea":"231-3-42","palmas":29},"geometry":{"type":"LineString","coordinates":[[-72.897301,4.402655],[-72.897297,4.404934]]}},{"type":"Feature","properties":{"linea":"231-3-43","palmas":28},"geometry":{"type":"LineString","coordinates":[[-72.897371,4.402696],[-72.897367,4.404893]]}},{"type":"Feature","properties":{"linea":"231-3-44","palmas":29},"geometry":{"type":"LineString","coordinates":[[-72.897441,4.402656],[-72.897438,4.404934]]}},{"type":"Feature","properties":{"linea":"231-3-45","palmas":28},"geometry":{"type":"LineString","coordinates":[[-72.897511,4.402696],[-72.897508,4.404893]]}},{"type":"Feature","properties":{"linea":"231-3-46","palmas":29},"geometry":{"type":"LineString","coordinates":[[-72.897581,4.402656],[-72.897578,4.404934]]}},{"type":"Feature","properties":{"linea":"231-3-47","palmas":28},"geometry":{"type":"LineString","coordinates":[[-72.897652,4.402697],[-72.897648,4.404894]]}},{"type":"Feature","properties":{"linea":"231-3-48","palmas":29},"geometry":{"type":"LineString","coordinates":[[-72.897722,4.402656],[-72.897718,4.404934]]}},{"type":"Feature","properties":{"linea":"231-3-49","palmas":28},"geometry":{"type":"LineString","coordinates":[[-72.897792,4.402697],[-72.897789,4.404894]]}},{"type":"Feature","properties":{"linea":"231-3-5","palmas":10},"geometry":{"type":"LineString","coordinates":[[-72.894703,4.402692],[-72.894702,4.403424]]}},{"type":"Feature","properties":{"linea":"231-3-50","palmas":29},"geometry":{"type":"LineString","coordinates":[[-72.897862,4.402656],[-72.897859,4.404935]]}},{"type":"Feature","properties":{"linea":"231-3-51","palmas":28},"geometry":{"type":"LineString","coordinates":[[-72.897933,4.402697],[-72.897929,4.404894]]}},{"type":"Feature","properties":{"linea":"231-3-52","palmas":29},"geometry":{"type":"LineString","coordinates":[[-72.898003,4.402656],[-72.897999,4.404935]]}},{"type":"Feature","properties":{"linea":"231-3-53","palmas":28},"geometry":{"type":"LineString","coordinates":[[-72.898073,4.402697],[-72.898069,4.404894]]}},{"type":"Feature","properties":{"linea":"231-3-54","palmas":29},"geometry":{"type":"LineString","coordinates":[[-72.898143,4.402657],[-72.898139,4.404935]]}},{"type":"Feature","properties":{"linea":"231-3-55","palmas":28},"geometry":{"type":"LineString","coordinates":[[-72.898213,4.402698],[-72.89821,4.404894]]}},{"type":"Feature","properties":{"linea":"231-3-56","palmas":29},"geometry":{"type":"LineString","coordinates":[[-72.898283,4.402657],[-72.89828,4.404935]]}},{"type":"Feature","properties":{"linea":"231-3-57","palmas":28},"geometry":{"type":"LineString","coordinates":[[-72.898354,4.402698],[-72.89835,4.404895]]}},{"type":"Feature","properties":{"linea":"231-3-58","palmas":29},"geometry":{"type":"LineString","coordinates":[[-72.898424,4.402657],[-72.89842,4.404936]]}},{"type":"Feature","properties":{"linea":"231-3-59","palmas":28},"geometry":{"type":"LineString","coordinates":[[-72.898494,4.402698],[-72.898491,4.404895]]}},{"type":"Feature","properties":{"linea":"231-3-6","palmas":12},"geometry":{"type":"LineString","coordinates":[[-72.894773,4.402651],[-72.894772,4.403546]]}},{"type":"Feature","properties":{"linea":"231-3-60","palmas":29},"geometry":{"type":"LineString","coordinates":[[-72.898564,4.402658],[-72.898561,4.404936]]}},{"type":"Feature","properties":{"linea":"231-3-61","palmas":28},"geometry":{"type":"LineString","coordinates":[[-72.898634,4.402698],[-72.898631,4.404895]]}},{"type":"Feature","properties":{"linea":"231-3-62","palmas":29},"geometry":{"type":"LineString","coordinates":[[-72.898705,4.402658],[-72.898701,4.404936]]}},{"type":"Feature","properties":{"linea":"231-3-63","palmas":28},"geometry":{"type":"LineString","coordinates":[[-72.898775,4.402698],[-72.898771,4.404896]]}},{"type":"Feature","properties":{"linea":"231-3-64","palmas":29},"geometry":{"type":"LineString","coordinates":[[-72.898845,4.402658],[-72.898842,4.404936]]}},{"type":"Feature","properties":{"linea":"231-3-65","palmas":28},"geometry":{"type":"LineString","coordinates":[[-72.898915,4.402699],[-72.898912,4.404896]]}},{"type":"Feature","properties":{"linea":"231-3-66","palmas":29},"geometry":{"type":"LineString","coordinates":[[-72.898986,4.402658],[-72.898982,4.404936]]}},{"type":"Feature","properties":{"linea":"231-3-67","palmas":28},"geometry":{"type":"LineString","coordinates":[[-72.899056,4.402699],[-72.899052,4.404896]]}},{"type":"Feature","properties":{"linea":"231-3-68","palmas":29},"geometry":{"type":"LineString","coordinates":[[-72.899126,4.402658],[-72.899123,4.404937]]}},{"type":"Feature","properties":{"linea":"231-3-69","palmas":28},"geometry":{"type":"LineString","coordinates":[[-72.899196,4.402699],[-72.899193,4.404896]]}},{"type":"Feature","properties":{"linea":"231-3-7","palmas":12},"geometry":{"type":"LineString","coordinates":[[-72.894843,4.402692],[-72.894842,4.403587]]}},{"type":"Feature","properties":{"linea":"231-3-70","palmas":29},"geometry":{"type":"LineString","coordinates":[[-72.899266,4.402659],[-72.899263,4.404937]]}},{"type":"Feature","properties":{"linea":"231-3-71","palmas":28},"geometry":{"type":"LineString","coordinates":[[-72.899336,4.402699],[-72.899333,4.404896]]}},{"type":"Feature","properties":{"linea":"231-3-72","palmas":29},"geometry":{"type":"LineString","coordinates":[[-72.899407,4.402659],[-72.899403,4.404937]]}},{"type":"Feature","properties":{"linea":"231-3-73","palmas":28},"geometry":{"type":"LineString","coordinates":[[-72.899477,4.402699],[-72.899474,4.404897]]}},{"type":"Feature","properties":{"linea":"231-3-74","palmas":29},"geometry":{"type":"LineString","coordinates":[[-72.899547,4.402659],[-72.899544,4.404937]]}},{"type":"Feature","properties":{"linea":"231-3-75","palmas":28},"geometry":{"type":"LineString","coordinates":[[-72.899617,4.4027],[-72.899614,4.404897]]}},{"type":"Feature","properties":{"linea":"231-3-76","palmas":29},"geometry":{"type":"LineString","coordinates":[[-72.899688,4.402659],[-72.899684,4.404937]]}},{"type":"Feature","properties":{"linea":"231-3-77","palmas":28},"geometry":{"type":"LineString","coordinates":[[-72.899758,4.4027],[-72.899754,4.404897]]}},{"type":"Feature","properties":{"linea":"231-3-78","palmas":29},"geometry":{"type":"LineString","coordinates":[[-72.899828,4.402659],[-72.899824,4.404938]]}},{"type":"Feature","properties":{"linea":"231-3-79","palmas":28},"geometry":{"type":"LineString","coordinates":[[-72.899898,4.4027],[-72.899895,4.404897]]}},{"type":"Feature","properties":{"linea":"231-3-8","palmas":14},"geometry":{"type":"LineString","coordinates":[[-72.894914,4.402652],[-72.894912,4.403709]]}},{"type":"Feature","properties":{"linea":"231-3-80","palmas":29},"geometry":{"type":"LineString","coordinates":[[-72.899968,4.40266],[-72.899965,4.404938]]}},{"type":"Feature","properties":{"linea":"231-3-81","palmas":28},"geometry":{"type":"LineString","coordinates":[[-72.900039,4.402701],[-72.900035,4.404898]]}},{"type":"Feature","properties":{"linea":"231-3-82","palmas":29},"geometry":{"type":"LineString","coordinates":[[-72.900109,4.40266],[-72.900105,4.404938]]}},{"type":"Feature","properties":{"linea":"231-3-83","palmas":28},"geometry":{"type":"LineString","coordinates":[[-72.900179,4.402701],[-72.900176,4.404898]]}},{"type":"Feature","properties":{"linea":"231-3-84","palmas":29},"geometry":{"type":"LineString","coordinates":[[-72.900249,4.40266],[-72.900246,4.404939]]}},{"type":"Feature","properties":{"linea":"231-3-85","palmas":28},"geometry":{"type":"LineString","coordinates":[[-72.900319,4.402701],[-72.900316,4.404898]]}},{"type":"Feature","properties":{"linea":"231-3-86","palmas":29},"geometry":{"type":"LineString","coordinates":[[-72.90039,4.40266],[-72.900386,4.404939]]}},{"type":"Feature","properties":{"linea":"231-3-87","palmas":28},"geometry":{"type":"LineString","coordinates":[[-72.90046,4.402701],[-72.900456,4.404898]]}},{"type":"Feature","properties":{"linea":"231-3-88","palmas":28},"geometry":{"type":"LineString","coordinates":[[-72.90053,4.402661],[-72.900527,4.404858]]}},{"type":"Feature","properties":{"linea":"231-3-89","palmas":27},"geometry":{"type":"LineString","coordinates":[[-72.9006,4.402701],[-72.900597,4.404817]]}},{"type":"Feature","properties":{"linea":"231-3-9","palmas":14},"geometry":{"type":"LineString","coordinates":[[-72.894984,4.402693],[-72.894982,4.40375]]}},{"type":"Feature","properties":{"linea":"231-3-90","palmas":24},"geometry":{"type":"LineString","coordinates":[[-72.900671,4.402661],[-72.900668,4.404532]]}},{"type":"Feature","properties":{"linea":"231-3-91","palmas":24},"geometry":{"type":"LineString","coordinates":[[-72.900741,4.402702],[-72.900738,4.404573]]}},{"type":"Feature","properties":{"linea":"231-3-92","palmas":24},"geometry":{"type":"LineString","coordinates":[[-72.900811,4.402661],[-72.900808,4.404533]]}},{"type":"Feature","properties":{"linea":"231-3-93","palmas":24},"geometry":{"type":"LineString","coordinates":[[-72.900881,4.402702],[-72.900878,4.404573]]}},{"type":"Feature","properties":{"linea":"231-3-94","palmas":24},"geometry":{"type":"LineString","coordinates":[[-72.900951,4.402661],[-72.900948,4.404533]]}},{"type":"Feature","properties":{"linea":"231-3-95","palmas":28},"geometry":{"type":"LineString","coordinates":[[-72.901021,4.402702],[-72.901018,4.404899]]}},{"type":"Feature","properties":{"linea":"231-3-96","palmas":29},"geometry":{"type":"LineString","coordinates":[[-72.901092,4.402661],[-72.901088,4.40494]]}},{"type":"Feature","properties":{"linea":"231-3-97","palmas":28},"geometry":{"type":"LineString","coordinates":[[-72.901162,4.402702],[-72.901158,4.404899]]}},{"type":"Feature","properties":{"linea":"231-3-98","palmas":29},"geometry":{"type":"LineString","coordinates":[[-72.901232,4.402662],[-72.901229,4.40494]]}},{"type":"Feature","properties":{"linea":"231-3-99","palmas":28},"geometry":{"type":"LineString","coordinates":[[-72.901302,4.402703],[-72.901299,4.404899]]}},{"type":"Feature","properties":{"linea":"231-4-10","palmas":11},"geometry":{"type":"LineString","coordinates":[[-72.898259,4.407296],[-72.898258,4.408109]]}},{"type":"Feature","properties":{"linea":"231-4-100","palmas":23},"geometry":{"type":"LineString","coordinates":[[-72.90191,4.407139],[-72.901913,4.405348]]}},{"type":"Feature","properties":{"linea":"231-4-101","palmas":24},"geometry":{"type":"LineString","coordinates":[[-72.90184,4.407179],[-72.901843,4.405308]]}},{"type":"Feature","properties":{"linea":"231-4-102","palmas":24},"geometry":{"type":"LineString","coordinates":[[-72.90177,4.407138],[-72.901773,4.405267]]}},{"type":"Feature","properties":{"linea":"231-4-103","palmas":27},"geometry":{"type":"LineString","coordinates":[[-72.9017,4.407179],[-72.901703,4.405063]]}},{"type":"Feature","properties":{"linea":"231-4-104","palmas":27},"geometry":{"type":"LineString","coordinates":[[-72.901629,4.407138],[-72.901633,4.405023]]}},{"type":"Feature","properties":{"linea":"231-4-105","palmas":27},"geometry":{"type":"LineString","coordinates":[[-72.901559,4.407179],[-72.901563,4.405063]]}},{"type":"Feature","properties":{"linea":"231-4-106","palmas":27},"geometry":{"type":"LineString","coordinates":[[-72.901489,4.407138],[-72.901493,4.405022]]}},{"type":"Feature","properties":{"linea":"231-4-107","palmas":27},"geometry":{"type":"LineString","coordinates":[[-72.901419,4.407178],[-72.901422,4.405063]]}},{"type":"Feature","properties":{"linea":"231-4-108","palmas":27},"geometry":{"type":"LineString","coordinates":[[-72.901349,4.407138],[-72.901352,4.405022]]}},{"type":"Feature","properties":{"linea":"231-4-109","palmas":27},"geometry":{"type":"LineString","coordinates":[[-72.901278,4.407178],[-72.901282,4.405063]]}},{"type":"Feature","properties":{"linea":"231-4-11","palmas":12},"geometry":{"type":"LineString","coordinates":[[-72.898329,4.407255],[-72.898328,4.40815]]}},{"type":"Feature","properties":{"linea":"231-4-110","palmas":27},"geometry":{"type":"LineString","coordinates":[[-72.901208,4.407138],[-72.901212,4.405022]]}},{"type":"Feature","properties":{"linea":"231-4-111","palmas":27},"geometry":{"type":"LineString","coordinates":[[-72.901138,4.407178],[-72.901141,4.405062]]}},{"type":"Feature","properties":{"linea":"231-4-112","palmas":27},"geometry":{"type":"LineString","coordinates":[[-72.901068,4.407137],[-72.901071,4.405021]]}},{"type":"Feature","properties":{"linea":"231-4-113","palmas":27},"geometry":{"type":"LineString","coordinates":[[-72.900998,4.407178],[-72.901001,4.405062]]}},{"type":"Feature","properties":{"linea":"231-4-114","palmas":25},"geometry":{"type":"LineString","coordinates":[[-72.900928,4.407137],[-72.900931,4.405184]]}},{"type":"Feature","properties":{"linea":"231-4-115","palmas":26},"geometry":{"type":"LineString","coordinates":[[-72.900857,4.407178],[-72.90086,4.405143]]}},{"type":"Feature","properties":{"linea":"231-4-116","palmas":25},"geometry":{"type":"LineString","coordinates":[[-72.900787,4.407137],[-72.90079,4.405184]]}},{"type":"Feature","properties":{"linea":"231-4-117","palmas":25},"geometry":{"type":"LineString","coordinates":[[-72.900717,4.407177],[-72.90072,4.405224]]}},{"type":"Feature","properties":{"linea":"231-4-118","palmas":26},"geometry":{"type":"LineString","coordinates":[[-72.900647,4.407136],[-72.90065,4.405102]]}},{"type":"Feature","properties":{"linea":"231-4-119","palmas":27},"geometry":{"type":"LineString","coordinates":[[-72.900576,4.407177],[-72.90058,4.405061]]}},{"type":"Feature","properties":{"linea":"231-4-12","palmas":13},"geometry":{"type":"LineString","coordinates":[[-72.8984,4.407296],[-72.898398,4.408272]]}},{"type":"Feature","properties":{"linea":"231-4-120","palmas":27},"geometry":{"type":"LineString","coordinates":[[-72.900506,4.407136],[-72.900509,4.405021]]}},{"type":"Feature","properties":{"linea":"231-4-121","palmas":27},"geometry":{"type":"LineString","coordinates":[[-72.900436,4.407177],[-72.900439,4.405061]]}},{"type":"Feature","properties":{"linea":"231-4-122","palmas":27},"geometry":{"type":"LineString","coordinates":[[-72.900366,4.407136],[-72.900369,4.40502]]}},{"type":"Feature","properties":{"linea":"231-4-123","palmas":27},"geometry":{"type":"LineString","coordinates":[[-72.900296,4.407177],[-72.900299,4.405061]]}},{"type":"Feature","properties":{"linea":"231-4-124","palmas":27},"geometry":{"type":"LineString","coordinates":[[-72.900225,4.407136],[-72.900229,4.40502]]}},{"type":"Feature","properties":{"linea":"231-4-125","palmas":27},"geometry":{"type":"LineString","coordinates":[[-72.900155,4.407176],[-72.900158,4.405061]]}},{"type":"Feature","properties":{"linea":"231-4-126","palmas":27},"geometry":{"type":"LineString","coordinates":[[-72.900085,4.407136],[-72.900088,4.40502]]}},{"type":"Feature","properties":{"linea":"231-4-127","palmas":27},"geometry":{"type":"LineString","coordinates":[[-72.900015,4.407176],[-72.900018,4.405061]]}},{"type":"Feature","properties":{"linea":"231-4-128","palmas":27},"geometry":{"type":"LineString","coordinates":[[-72.899944,4.407135],[-72.899948,4.40502]]}},{"type":"Feature","properties":{"linea":"231-4-129","palmas":27},"geometry":{"type":"LineString","coordinates":[[-72.899874,4.407176],[-72.899878,4.40506]]}},{"type":"Feature","properties":{"linea":"231-4-13","palmas":14},"geometry":{"type":"LineString","coordinates":[[-72.89847,4.407255],[-72.898468,4.408313]]}},{"type":"Feature","properties":{"linea":"231-4-130","palmas":27},"geometry":{"type":"LineString","coordinates":[[-72.899804,4.407135],[-72.899808,4.405019]]}},{"type":"Feature","properties":{"linea":"231-4-131","palmas":27},"geometry":{"type":"LineString","coordinates":[[-72.899734,4.407176],[-72.899737,4.40506]]}},{"type":"Feature","properties":{"linea":"231-4-132","palmas":27},"geometry":{"type":"LineString","coordinates":[[-72.899664,4.407135],[-72.899667,4.405019]]}},{"type":"Feature","properties":{"linea":"231-4-133","palmas":27},"geometry":{"type":"LineString","coordinates":[[-72.899593,4.407176],[-72.899597,4.40506]]}},{"type":"Feature","properties":{"linea":"231-4-134","palmas":27},"geometry":{"type":"LineString","coordinates":[[-72.899523,4.407135],[-72.899527,4.405019]]}},{"type":"Feature","properties":{"linea":"231-4-135","palmas":27},"geometry":{"type":"LineString","coordinates":[[-72.899453,4.407175],[-72.899456,4.40506]]}},{"type":"Feature","properties":{"linea":"231-4-136","palmas":27},"geometry":{"type":"LineString","coordinates":[[-72.899388,4.407134],[-72.899383,4.407053],[-72.899386,4.405019]]}},{"type":"Feature","properties":{"linea":"231-4-137","palmas":27},"geometry":{"type":"LineString","coordinates":[[-72.899313,4.407175],[-72.899316,4.405059]]}},{"type":"Feature","properties":{"linea":"231-4-138","palmas":27},"geometry":{"type":"LineString","coordinates":[[-72.899242,4.407134],[-72.899246,4.405019]]}},{"type":"Feature","properties":{"linea":"231-4-139","palmas":27},"geometry":{"type":"LineString","coordinates":[[-72.899172,4.407175],[-72.899176,4.405059]]}},{"type":"Feature","properties":{"linea":"231-4-14","palmas":15},"geometry":{"type":"LineString","coordinates":[[-72.89854,4.407296],[-72.898538,4.408435]]}},{"type":"Feature","properties":{"linea":"231-4-140","palmas":27},"geometry":{"type":"LineString","coordinates":[[-72.899102,4.407134],[-72.899105,4.405018]]}},{"type":"Feature","properties":{"linea":"231-4-141","palmas":27},"geometry":{"type":"LineString","coordinates":[[-72.899032,4.407175],[-72.899035,4.405059]]}},{"type":"Feature","properties":{"linea":"231-4-142","palmas":27},"geometry":{"type":"LineString","coordinates":[[-72.898962,4.407134],[-72.898965,4.405018]]}},{"type":"Feature","properties":{"linea":"231-4-143","palmas":27},"geometry":{"type":"LineString","coordinates":[[-72.898891,4.407174],[-72.898895,4.405059]]}},{"type":"Feature","properties":{"linea":"231-4-144","palmas":27},"geometry":{"type":"LineString","coordinates":[[-72.898821,4.407134],[-72.898824,4.405018]]}},{"type":"Feature","properties":{"linea":"231-4-145","palmas":27},"geometry":{"type":"LineString","coordinates":[[-72.898751,4.407174],[-72.898754,4.405059]]}},{"type":"Feature","properties":{"linea":"231-4-146","palmas":27},"geometry":{"type":"LineString","coordinates":[[-72.898681,4.407133],[-72.898684,4.405018]]}},{"type":"Feature","properties":{"linea":"231-4-147","palmas":27},"geometry":{"type":"LineString","coordinates":[[-72.898611,4.407174],[-72.898614,4.405058]]}},{"type":"Feature","properties":{"linea":"231-4-148","palmas":27},"geometry":{"type":"LineString","coordinates":[[-72.898551,4.407133],[-72.898541,4.407052],[-72.898544,4.405018]]}},{"type":"Feature","properties":{"linea":"231-4-149","palmas":27},"geometry":{"type":"LineString","coordinates":[[-72.89847,4.407174],[-72.898473,4.405058]]}},{"type":"Feature","properties":{"linea":"231-4-15","palmas":17},"geometry":{"type":"LineString","coordinates":[[-72.89861,4.407255],[-72.898608,4.408557]]}},{"type":"Feature","properties":{"linea":"231-4-150","palmas":27},"geometry":{"type":"LineString","coordinates":[[-72.898406,4.407129],[-72.8984,4.407052],[-72.898403,4.405017]]}},{"type":"Feature","properties":{"linea":"231-4-151","palmas":27},"geometry":{"type":"LineString","coordinates":[[-72.89833,4.407174],[-72.898333,4.405058]]}},{"type":"Feature","properties":{"linea":"231-4-152","palmas":27},"geometry":{"type":"LineString","coordinates":[[-72.898259,4.407133],[-72.898263,4.405017]]}},{"type":"Feature","properties":{"linea":"231-4-153","palmas":27},"geometry":{"type":"LineString","coordinates":[[-72.898189,4.407173],[-72.898193,4.405058]]}},{"type":"Feature","properties":{"linea":"231-4-154","palmas":27},"geometry":{"type":"LineString","coordinates":[[-72.898119,4.407133],[-72.898123,4.405017]]}},{"type":"Feature","properties":{"linea":"231-4-155","palmas":27},"geometry":{"type":"LineString","coordinates":[[-72.898049,4.407173],[-72.898052,4.405058]]}},{"type":"Feature","properties":{"linea":"231-4-156","palmas":27},"geometry":{"type":"LineString","coordinates":[[-72.897979,4.407132],[-72.897982,4.405017]]}},{"type":"Feature","properties":{"linea":"231-4-157","palmas":27},"geometry":{"type":"LineString","coordinates":[[-72.897908,4.407173],[-72.897912,4.405057]]}},{"type":"Feature","properties":{"linea":"231-4-158","palmas":27},"geometry":{"type":"LineString","coordinates":[[-72.897838,4.407132],[-72.897842,4.405016]]}},{"type":"Feature","properties":{"linea":"231-4-159","palmas":27},"geometry":{"type":"LineString","coordinates":[[-72.897768,4.407173],[-72.897771,4.405057]]}},{"type":"Feature","properties":{"linea":"231-4-16","palmas":17},"geometry":{"type":"LineString","coordinates":[[-72.898681,4.407296],[-72.898678,4.408598]]}},{"type":"Feature","properties":{"linea":"231-4-160","palmas":27},"geometry":{"type":"LineString","coordinates":[[-72.897698,4.407132],[-72.897701,4.405016]]}},{"type":"Feature","properties":{"linea":"231-4-161","palmas":27},"geometry":{"type":"LineString","coordinates":[[-72.897628,4.407173],[-72.897631,4.405057]]}},{"type":"Feature","properties":{"linea":"231-4-162","palmas":27},"geometry":{"type":"LineString","coordinates":[[-72.897558,4.407132],[-72.897561,4.405016]]}},{"type":"Feature","properties":{"linea":"231-4-163","palmas":26},"geometry":{"type":"LineString","coordinates":[[-72.897487,4.407091],[-72.897491,4.405056]]}},{"type":"Feature","properties":{"linea":"231-4-164","palmas":26},"geometry":{"type":"LineString","coordinates":[[-72.897417,4.40705],[-72.89742,4.405016]]}},{"type":"Feature","properties":{"linea":"231-4-165","palmas":24},"geometry":{"type":"LineString","coordinates":[[-72.897347,4.406928],[-72.89735,4.405056]]}},{"type":"Feature","properties":{"linea":"231-4-166","palmas":23},"geometry":{"type":"LineString","coordinates":[[-72.897277,4.406806],[-72.89728,4.405016]]}},{"type":"Feature","properties":{"linea":"231-4-167","palmas":22},"geometry":{"type":"LineString","coordinates":[[-72.897207,4.406765],[-72.89721,4.405056]]}},{"type":"Feature","properties":{"linea":"231-4-168","palmas":21},"geometry":{"type":"LineString","coordinates":[[-72.897137,4.406643],[-72.897139,4.405015]]}},{"type":"Feature","properties":{"linea":"231-4-169","palmas":19},"geometry":{"type":"LineString","coordinates":[[-72.897067,4.406521],[-72.897069,4.405056]]}},{"type":"Feature","properties":{"linea":"231-4-17","palmas":19},"geometry":{"type":"LineString","coordinates":[[-72.898751,4.407256],[-72.898748,4.40872]]}},{"type":"Feature","properties":{"linea":"231-4-170","palmas":19},"geometry":{"type":"LineString","coordinates":[[-72.896997,4.40648],[-72.896999,4.405015]]}},{"type":"Feature","properties":{"linea":"231-4-171","palmas":17},"geometry":{"type":"LineString","coordinates":[[-72.896927,4.406358],[-72.896929,4.405056]]}},{"type":"Feature","properties":{"linea":"231-4-172","palmas":16},"geometry":{"type":"LineString","coordinates":[[-72.896857,4.406235],[-72.896859,4.405015]]}},{"type":"Feature","properties":{"linea":"231-4-173","palmas":15},"geometry":{"type":"LineString","coordinates":[[-72.896787,4.406195],[-72.896788,4.405055]]}},{"type":"Feature","properties":{"linea":"231-4-174","palmas":14},"geometry":{"type":"LineString","coordinates":[[-72.896717,4.406073],[-72.896718,4.405015]]}},{"type":"Feature","properties":{"linea":"231-4-175","palmas":13},"geometry":{"type":"LineString","coordinates":[[-72.896646,4.406032],[-72.896648,4.405055]]}},{"type":"Feature","properties":{"linea":"231-4-176","palmas":12},"geometry":{"type":"LineString","coordinates":[[-72.896576,4.405909],[-72.896578,4.405014]]}},{"type":"Feature","properties":{"linea":"231-4-177","palmas":10},"geometry":{"type":"LineString","coordinates":[[-72.896506,4.405787],[-72.896508,4.405055]]}},{"type":"Feature","properties":{"linea":"231-4-178","palmas":10},"geometry":{"type":"LineString","coordinates":[[-72.896436,4.405746],[-72.896438,4.405014]]}},{"type":"Feature","properties":{"linea":"231-4-179","palmas":8},"geometry":{"type":"LineString","coordinates":[[-72.896366,4.405624],[-72.896367,4.405055]]}},{"type":"Feature","properties":{"linea":"231-4-18","palmas":20},"geometry":{"type":"LineString","coordinates":[[-72.898821,4.407296],[-72.898818,4.408843]]}},{"type":"Feature","properties":{"linea":"231-4-180","palmas":7},"geometry":{"type":"LineString","coordinates":[[-72.896296,4.405502],[-72.896297,4.405014]]}},{"type":"Feature","properties":{"linea":"231-4-181","palmas":6},"geometry":{"type":"LineString","coordinates":[[-72.896226,4.405461],[-72.896227,4.405054]]}},{"type":"Feature","properties":{"linea":"231-4-182","palmas":5},"geometry":{"type":"LineString","coordinates":[[-72.896156,4.405339],[-72.896157,4.405014]]}},{"type":"Feature","properties":{"linea":"231-4-183","palmas":4},"geometry":{"type":"LineString","coordinates":[[-72.896086,4.405298],[-72.896086,4.405054]]}},{"type":"Feature","properties":{"linea":"231-4-184","palmas":3},"geometry":{"type":"LineString","coordinates":[[-72.896016,4.405176],[-72.896016,4.405014]]}},{"type":"Feature","properties":{"linea":"231-4-19","palmas":21},"geometry":{"type":"LineString","coordinates":[[-72.898891,4.407256],[-72.898889,4.408883]]}},{"type":"Feature","properties":{"linea":"231-4-2","palmas":2},"geometry":{"type":"LineString","coordinates":[[-72.897698,4.407294],[-72.897698,4.407376]]}},{"type":"Feature","properties":{"linea":"231-4-20","palmas":22},"geometry":{"type":"LineString","coordinates":[[-72.898961,4.407297],[-72.898959,4.409005]]}},{"type":"Feature","properties":{"linea":"231-4-21","palmas":24},"geometry":{"type":"LineString","coordinates":[[-72.899032,4.407256],[-72.899029,4.409128]]}},{"type":"Feature","properties":{"linea":"231-4-22","palmas":24},"geometry":{"type":"LineString","coordinates":[[-72.899102,4.407297],[-72.899099,4.409168]]}},{"type":"Feature","properties":{"linea":"231-4-23","palmas":26},"geometry":{"type":"LineString","coordinates":[[-72.899172,4.407256],[-72.899169,4.409291]]}},{"type":"Feature","properties":{"linea":"231-4-24","palmas":27},"geometry":{"type":"LineString","coordinates":[[-72.899242,4.407297],[-72.899239,4.409413]]}},{"type":"Feature","properties":{"linea":"231-4-25","palmas":27},"geometry":{"type":"LineString","coordinates":[[-72.899313,4.407256],[-72.899309,4.409372]]}},{"type":"Feature","properties":{"linea":"231-4-26","palmas":27},"geometry":{"type":"LineString","coordinates":[[-72.899383,4.407297],[-72.899379,4.409413]]}},{"type":"Feature","properties":{"linea":"231-4-27","palmas":27},"geometry":{"type":"LineString","coordinates":[[-72.899453,4.407257],[-72.899449,4.409372]]}},{"type":"Feature","properties":{"linea":"231-4-28","palmas":27},"geometry":{"type":"LineString","coordinates":[[-72.899523,4.407298],[-72.89952,4.409413]]}},{"type":"Feature","properties":{"linea":"231-4-29","palmas":27},"geometry":{"type":"LineString","coordinates":[[-72.899593,4.407257],[-72.89959,4.409372]]}},{"type":"Feature","properties":{"linea":"231-4-3","palmas":4},"geometry":{"type":"LineString","coordinates":[[-72.897768,4.407254],[-72.897768,4.407498]]}},{"type":"Feature","properties":{"linea":"231-4-30","palmas":27},"geometry":{"type":"LineString","coordinates":[[-72.899663,4.407298],[-72.89966,4.409413]]}},{"type":"Feature","properties":{"linea":"231-4-31","palmas":27},"geometry":{"type":"LineString","coordinates":[[-72.899734,4.407257],[-72.89973,4.409373]]}},{"type":"Feature","properties":{"linea":"231-4-32","palmas":27},"geometry":{"type":"LineString","coordinates":[[-72.899804,4.407298],[-72.899801,4.409414]]}},{"type":"Feature","properties":{"linea":"231-4-33","palmas":27},"geometry":{"type":"LineString","coordinates":[[-72.899874,4.407257],[-72.899871,4.409373]]}},{"type":"Feature","properties":{"linea":"231-4-34","palmas":27},"geometry":{"type":"LineString","coordinates":[[-72.899944,4.407298],[-72.899941,4.409414]]}},{"type":"Feature","properties":{"linea":"231-4-35","palmas":27},"geometry":{"type":"LineString","coordinates":[[-72.900014,4.407258],[-72.900011,4.409373]]}},{"type":"Feature","properties":{"linea":"231-4-36","palmas":27},"geometry":{"type":"LineString","coordinates":[[-72.900085,4.407298],[-72.900081,4.409414]]}},{"type":"Feature","properties":{"linea":"231-4-37","palmas":27},"geometry":{"type":"LineString","coordinates":[[-72.900155,4.407258],[-72.900152,4.409373]]}},{"type":"Feature","properties":{"linea":"231-4-38","palmas":27},"geometry":{"type":"LineString","coordinates":[[-72.900225,4.407299],[-72.900222,4.409414]]}},{"type":"Feature","properties":{"linea":"231-4-39","palmas":27},"geometry":{"type":"LineString","coordinates":[[-72.900295,4.407258],[-72.900292,4.409374]]}},{"type":"Feature","properties":{"linea":"231-4-4","palmas":4},"geometry":{"type":"LineString","coordinates":[[-72.897838,4.407295],[-72.897838,4.407539]]}},{"type":"Feature","properties":{"linea":"231-4-40","palmas":27},"geometry":{"type":"LineString","coordinates":[[-72.900366,4.407299],[-72.900362,4.409414]]}},{"type":"Feature","properties":{"linea":"231-4-41","palmas":27},"geometry":{"type":"LineString","coordinates":[[-72.900436,4.407258],[-72.900433,4.409374]]}},{"type":"Feature","properties":{"linea":"231-4-42","palmas":27},"geometry":{"type":"LineString","coordinates":[[-72.900506,4.407299],[-72.900503,4.409415]]}},{"type":"Feature","properties":{"linea":"231-4-43","palmas":27},"geometry":{"type":"LineString","coordinates":[[-72.900576,4.407258],[-72.900573,4.409374]]}},{"type":"Feature","properties":{"linea":"231-4-44","palmas":27},"geometry":{"type":"LineString","coordinates":[[-72.900646,4.407299],[-72.900643,4.409415]]}},{"type":"Feature","properties":{"linea":"231-4-45","palmas":27},"geometry":{"type":"LineString","coordinates":[[-72.900717,4.407259],[-72.900713,4.409374]]}},{"type":"Feature","properties":{"linea":"231-4-46","palmas":27},"geometry":{"type":"LineString","coordinates":[[-72.900787,4.407299],[-72.900783,4.409415]]}},{"type":"Feature","properties":{"linea":"231-4-47","palmas":27},"geometry":{"type":"LineString","coordinates":[[-72.900857,4.407259],[-72.900854,4.409374]]}},{"type":"Feature","properties":{"linea":"231-4-48","palmas":27},"geometry":{"type":"LineString","coordinates":[[-72.900927,4.4073],[-72.900924,4.409415]]}},{"type":"Feature","properties":{"linea":"231-4-49","palmas":27},"geometry":{"type":"LineString","coordinates":[[-72.900998,4.407259],[-72.900994,4.409375]]}},{"type":"Feature","properties":{"linea":"231-4-5","palmas":6},"geometry":{"type":"LineString","coordinates":[[-72.897908,4.407254],[-72.897908,4.407661]]}},{"type":"Feature","properties":{"linea":"231-4-50","palmas":27},"geometry":{"type":"LineString","coordinates":[[-72.901068,4.4073],[-72.901064,4.409416]]}},{"type":"Feature","properties":{"linea":"231-4-51","palmas":27},"geometry":{"type":"LineString","coordinates":[[-72.901138,4.407259],[-72.901134,4.409375]]}},{"type":"Feature","properties":{"linea":"231-4-52","palmas":26},"geometry":{"type":"LineString","coordinates":[[-72.901208,4.4073],[-72.901205,4.409334]]}},{"type":"Feature","properties":{"linea":"231-4-53","palmas":27},"geometry":{"type":"LineString","coordinates":[[-72.901278,4.407259],[-72.901275,4.409375]]}},{"type":"Feature","properties":{"linea":"231-4-54","palmas":27},"geometry":{"type":"LineString","coordinates":[[-72.901348,4.4073],[-72.901345,4.409416]]}},{"type":"Feature","properties":{"linea":"231-4-55","palmas":27},"geometry":{"type":"LineString","coordinates":[[-72.901419,4.40726],[-72.901415,4.409376]]}},{"type":"Feature","properties":{"linea":"231-4-56","palmas":27},"geometry":{"type":"LineString","coordinates":[[-72.901489,4.407301],[-72.901486,4.409416]]}},{"type":"Feature","properties":{"linea":"231-4-57","palmas":27},"geometry":{"type":"LineString","coordinates":[[-72.901559,4.40726],[-72.901556,4.409376]]}},{"type":"Feature","properties":{"linea":"231-4-58","palmas":27},"geometry":{"type":"LineString","coordinates":[[-72.901629,4.407301],[-72.901626,4.409416]]}},{"type":"Feature","properties":{"linea":"231-4-59","palmas":27},"geometry":{"type":"LineString","coordinates":[[-72.901699,4.40726],[-72.901696,4.409376]]}},{"type":"Feature","properties":{"linea":"231-4-6","palmas":6},"geometry":{"type":"LineString","coordinates":[[-72.897978,4.407295],[-72.897978,4.407702]]}},{"type":"Feature","properties":{"linea":"231-4-60","palmas":27},"geometry":{"type":"LineString","coordinates":[[-72.90177,4.407301],[-72.901766,4.409417]]}},{"type":"Feature","properties":{"linea":"231-4-61","palmas":27},"geometry":{"type":"LineString","coordinates":[[-72.90184,4.407261],[-72.901837,4.409376]]}},{"type":"Feature","properties":{"linea":"231-4-62","palmas":27},"geometry":{"type":"LineString","coordinates":[[-72.90191,4.407301],[-72.901907,4.409417]]}},{"type":"Feature","properties":{"linea":"231-4-63","palmas":27},"geometry":{"type":"LineString","coordinates":[[-72.90198,4.407261],[-72.901977,4.409376]]}},{"type":"Feature","properties":{"linea":"231-4-64","palmas":27},"geometry":{"type":"LineString","coordinates":[[-72.902051,4.407301],[-72.902047,4.409417]]}},{"type":"Feature","properties":{"linea":"231-4-65","palmas":27},"geometry":{"type":"LineString","coordinates":[[-72.902121,4.407261],[-72.902118,4.409377]]}},{"type":"Feature","properties":{"linea":"231-4-66","palmas":27},"geometry":{"type":"LineString","coordinates":[[-72.902191,4.407302],[-72.902188,4.409417]]}},{"type":"Feature","properties":{"linea":"231-4-67","palmas":27},"geometry":{"type":"LineString","coordinates":[[-72.902261,4.407261],[-72.902258,4.409377]]}},{"type":"Feature","properties":{"linea":"231-4-68","palmas":27},"geometry":{"type":"LineString","coordinates":[[-72.902331,4.407302],[-72.902328,4.409417]]}},{"type":"Feature","properties":{"linea":"231-4-69","palmas":27},"geometry":{"type":"LineString","coordinates":[[-72.902402,4.407261],[-72.902398,4.409377]]}},{"type":"Feature","properties":{"linea":"231-4-7","palmas":8},"geometry":{"type":"LineString","coordinates":[[-72.898049,4.407254],[-72.898048,4.407824]]}},{"type":"Feature","properties":{"linea":"231-4-70","palmas":27},"geometry":{"type":"LineString","coordinates":[[-72.902472,4.407302],[-72.902468,4.409418]]}},{"type":"Feature","properties":{"linea":"231-4-71","palmas":27},"geometry":{"type":"LineString","coordinates":[[-72.902542,4.407262],[-72.902539,4.409377]]}},{"type":"Feature","properties":{"linea":"231-4-72","palmas":27},"geometry":{"type":"LineString","coordinates":[[-72.902612,4.407303],[-72.902609,4.409418]]}},{"type":"Feature","properties":{"linea":"231-4-73","palmas":25},"geometry":{"type":"LineString","coordinates":[[-72.902682,4.407424],[-72.902679,4.409378]]}},{"type":"Feature","properties":{"linea":"231-4-74","palmas":23},"geometry":{"type":"LineString","coordinates":[[-72.902752,4.407628],[-72.902749,4.409418]]}},{"type":"Feature","properties":{"linea":"231-4-75","palmas":21},"geometry":{"type":"LineString","coordinates":[[-72.902822,4.40775],[-72.902819,4.409378]]}},{"type":"Feature","properties":{"linea":"231-4-76","palmas":19},"geometry":{"type":"LineString","coordinates":[[-72.902892,4.407954],[-72.90289,4.409418]]}},{"type":"Feature","properties":{"linea":"231-4-77","palmas":16},"geometry":{"type":"LineString","coordinates":[[-72.902962,4.408157],[-72.90296,4.409378]]}},{"type":"Feature","properties":{"linea":"231-4-78","palmas":16},"geometry":{"type":"LineString","coordinates":[[-72.903032,4.408198],[-72.90303,4.409419]]}},{"type":"Feature","properties":{"linea":"231-4-79","palmas":16},"geometry":{"type":"LineString","coordinates":[[-72.903102,4.408158],[-72.9031,4.409378]]}},{"type":"Feature","properties":{"linea":"231-4-8","palmas":8},"geometry":{"type":"LineString","coordinates":[[-72.898119,4.407295],[-72.898118,4.407865]]}},{"type":"Feature","properties":{"linea":"231-4-80","palmas":16},"geometry":{"type":"LineString","coordinates":[[-72.903173,4.408198],[-72.903171,4.409419]]}},{"type":"Feature","properties":{"linea":"231-4-81","palmas":15},"geometry":{"type":"LineString","coordinates":[[-72.903243,4.408239],[-72.903241,4.409378]]}},{"type":"Feature","properties":{"linea":"231-4-82","palmas":15},"geometry":{"type":"LineString","coordinates":[[-72.903313,4.40828],[-72.903311,4.409419]]}},{"type":"Feature","properties":{"linea":"231-4-83","palmas":14},"geometry":{"type":"LineString","coordinates":[[-72.903383,4.408321],[-72.903381,4.409379]]}},{"type":"Feature","properties":{"linea":"231-4-84","palmas":15},"geometry":{"type":"LineString","coordinates":[[-72.903453,4.40828],[-72.903451,4.409419]]}},{"type":"Feature","properties":{"linea":"231-4-85","palmas":14},"geometry":{"type":"LineString","coordinates":[[-72.903523,4.408321],[-72.903522,4.409379]]}},{"type":"Feature","properties":{"linea":"231-4-86","palmas":14},"geometry":{"type":"LineString","coordinates":[[-72.903593,4.408362],[-72.903592,4.409419]]}},{"type":"Feature","properties":{"linea":"231-4-87","palmas":13},"geometry":{"type":"LineString","coordinates":[[-72.903664,4.408403],[-72.903662,4.409379]]}},{"type":"Feature","properties":{"linea":"231-4-88","palmas":14},"geometry":{"type":"LineString","coordinates":[[-72.903734,4.408362],[-72.903732,4.40942]]}},{"type":"Feature","properties":{"linea":"231-4-89","palmas":14},"geometry":{"type":"LineString","coordinates":[[-72.903804,4.408403],[-72.903802,4.409461]]}},{"type":"Feature","properties":{"linea":"231-4-9","palmas":10},"geometry":{"type":"LineString","coordinates":[[-72.898189,4.407255],[-72.898188,4.407987]]}},{"type":"Feature","properties":{"linea":"231-4-90","palmas":2},"geometry":{"type":"LineString","coordinates":[[-72.902613,4.40714],[-72.902613,4.407058]]}},{"type":"Feature","properties":{"linea":"231-4-91","palmas":6},"geometry":{"type":"LineString","coordinates":[[-72.902542,4.40718],[-72.902543,4.406773]]}},{"type":"Feature","properties":{"linea":"231-4-92","palmas":8},"geometry":{"type":"LineString","coordinates":[[-72.902472,4.407139],[-72.902473,4.40657]]}},{"type":"Feature","properties":{"linea":"231-4-93","palmas":11},"geometry":{"type":"LineString","coordinates":[[-72.902402,4.40718],[-72.902403,4.406366]]}},{"type":"Feature","properties":{"linea":"231-4-94","palmas":13},"geometry":{"type":"LineString","coordinates":[[-72.902332,4.407139],[-72.902333,4.406163]]}},{"type":"Feature","properties":{"linea":"231-4-95","palmas":18},"geometry":{"type":"LineString","coordinates":[[-72.902261,4.40718],[-72.902263,4.405796]]}},{"type":"Feature","properties":{"linea":"231-4-96","palmas":22},"geometry":{"type":"LineString","coordinates":[[-72.902191,4.407139],[-72.902194,4.40543]]}},{"type":"Feature","properties":{"linea":"231-4-97","palmas":24},"geometry":{"type":"LineString","coordinates":[[-72.902121,4.407179],[-72.902124,4.405308]]}},{"type":"Feature","properties":{"linea":"231-4-98","palmas":23},"geometry":{"type":"LineString","coordinates":[[-72.902051,4.407139],[-72.902054,4.405349]]}},{"type":"Feature","properties":{"linea":"231-4-99","palmas":24},"geometry":{"type":"LineString","coordinates":[[-72.901981,4.407179],[-72.901983,4.405308]]}},{"type":"Feature","properties":{"linea":"231-5-1","palmas":4},"geometry":{"type":"LineString","coordinates":[[-72.909156,4.414642],[-72.909156,4.414398]]}},{"type":"Feature","properties":{"linea":"231-5-10","palmas":14},"geometry":{"type":"LineString","coordinates":[[-72.908523,4.415088],[-72.908525,4.41403]]}},{"type":"Feature","properties":{"linea":"231-5-100","palmas":26},"geometry":{"type":"LineString","coordinates":[[-72.904597,4.411746],[-72.904594,4.41378]]}},{"type":"Feature","properties":{"linea":"231-5-101","palmas":26},"geometry":{"type":"LineString","coordinates":[[-72.904667,4.411786],[-72.904664,4.413821]]}},{"type":"Feature","properties":{"linea":"231-5-102","palmas":27},"geometry":{"type":"LineString","coordinates":[[-72.904737,4.411746],[-72.904734,4.413862]]}},{"type":"Feature","properties":{"linea":"231-5-103","palmas":27},"geometry":{"type":"LineString","coordinates":[[-72.904808,4.411787],[-72.904804,4.413902]]}},{"type":"Feature","properties":{"linea":"231-5-104","palmas":27},"geometry":{"type":"LineString","coordinates":[[-72.904878,4.411746],[-72.904874,4.413862]]}},{"type":"Feature","properties":{"linea":"231-5-105","palmas":27},"geometry":{"type":"LineString","coordinates":[[-72.904948,4.411787],[-72.904944,4.413903]]}},{"type":"Feature","properties":{"linea":"231-5-106","palmas":27},"geometry":{"type":"LineString","coordinates":[[-72.905018,4.411746],[-72.905015,4.413862]]}},{"type":"Feature","properties":{"linea":"231-5-107","palmas":27},"geometry":{"type":"LineString","coordinates":[[-72.905088,4.411787],[-72.905085,4.413903]]}},{"type":"Feature","properties":{"linea":"231-5-108","palmas":27},"geometry":{"type":"LineString","coordinates":[[-72.905159,4.411747],[-72.905155,4.413862]]}},{"type":"Feature","properties":{"linea":"231-5-109","palmas":27},"geometry":{"type":"LineString","coordinates":[[-72.905229,4.411787],[-72.905225,4.413903]]}},{"type":"Feature","properties":{"linea":"231-5-11","palmas":15},"geometry":{"type":"LineString","coordinates":[[-72.908453,4.415129],[-72.908455,4.413989]]}},{"type":"Feature","properties":{"linea":"231-5-110","palmas":27},"geometry":{"type":"LineString","coordinates":[[-72.905299,4.411747],[-72.905296,4.413863]]}},{"type":"Feature","properties":{"linea":"231-5-111","palmas":27},"geometry":{"type":"LineString","coordinates":[[-72.905369,4.411787],[-72.905366,4.413903]]}},{"type":"Feature","properties":{"linea":"231-5-112","palmas":27},"geometry":{"type":"LineString","coordinates":[[-72.905439,4.411747],[-72.905436,4.413863]]}},{"type":"Feature","properties":{"linea":"231-5-113","palmas":27},"geometry":{"type":"LineString","coordinates":[[-72.905509,4.411788],[-72.905506,4.413903]]}},{"type":"Feature","properties":{"linea":"231-5-114","palmas":27},"geometry":{"type":"LineString","coordinates":[[-72.90558,4.411747],[-72.905576,4.413863]]}},{"type":"Feature","properties":{"linea":"231-5-115","palmas":27},"geometry":{"type":"LineString","coordinates":[[-72.90565,4.411788],[-72.905647,4.413904]]}},{"type":"Feature","properties":{"linea":"231-5-116","palmas":27},"geometry":{"type":"LineString","coordinates":[[-72.90572,4.411748],[-72.905717,4.413863]]}},{"type":"Feature","properties":{"linea":"231-5-117","palmas":27},"geometry":{"type":"LineString","coordinates":[[-72.90579,4.411788],[-72.905787,4.413904]]}},{"type":"Feature","properties":{"linea":"231-5-118","palmas":27},"geometry":{"type":"LineString","coordinates":[[-72.905861,4.411748],[-72.905857,4.413863]]}},{"type":"Feature","properties":{"linea":"231-5-119","palmas":27},"geometry":{"type":"LineString","coordinates":[[-72.905931,4.411788],[-72.905928,4.413904]]}},{"type":"Feature","properties":{"linea":"231-5-12","palmas":15},"geometry":{"type":"LineString","coordinates":[[-72.908383,4.415169],[-72.908384,4.41403]]}},{"type":"Feature","properties":{"linea":"231-5-120","palmas":27},"geometry":{"type":"LineString","coordinates":[[-72.906001,4.411748],[-72.905998,4.413864]]}},{"type":"Feature","properties":{"linea":"231-5-121","palmas":27},"geometry":{"type":"LineString","coordinates":[[-72.906071,4.411789],[-72.906068,4.413904]]}},{"type":"Feature","properties":{"linea":"231-5-122","palmas":27},"geometry":{"type":"LineString","coordinates":[[-72.906141,4.411748],[-72.906138,4.413864]]}},{"type":"Feature","properties":{"linea":"231-5-123","palmas":27},"geometry":{"type":"LineString","coordinates":[[-72.906212,4.411789],[-72.906208,4.413904]]}},{"type":"Feature","properties":{"linea":"231-5-124","palmas":27},"geometry":{"type":"LineString","coordinates":[[-72.906282,4.411748],[-72.906279,4.413864]]}},{"type":"Feature","properties":{"linea":"231-5-125","palmas":27},"geometry":{"type":"LineString","coordinates":[[-72.906352,4.411789],[-72.906349,4.413905]]}},{"type":"Feature","properties":{"linea":"231-5-126","palmas":27},"geometry":{"type":"LineString","coordinates":[[-72.906422,4.411749],[-72.906419,4.413864]]}},{"type":"Feature","properties":{"linea":"231-5-127","palmas":27},"geometry":{"type":"LineString","coordinates":[[-72.906492,4.411789],[-72.906489,4.413905]]}},{"type":"Feature","properties":{"linea":"231-5-128","palmas":27},"geometry":{"type":"LineString","coordinates":[[-72.906563,4.411749],[-72.906559,4.413864]]}},{"type":"Feature","properties":{"linea":"231-5-129","palmas":26},"geometry":{"type":"LineString","coordinates":[[-72.906633,4.411871],[-72.906629,4.413905]]}},{"type":"Feature","properties":{"linea":"231-5-13","palmas":16},"geometry":{"type":"LineString","coordinates":[[-72.908313,4.41521],[-72.908314,4.413989]]}},{"type":"Feature","properties":{"linea":"231-5-130","palmas":27},"geometry":{"type":"LineString","coordinates":[[-72.906703,4.411749],[-72.9067,4.413865]]}},{"type":"Feature","properties":{"linea":"231-5-131","palmas":27},"geometry":{"type":"LineString","coordinates":[[-72.906773,4.41179],[-72.90677,4.413906]]}},{"type":"Feature","properties":{"linea":"231-5-132","palmas":24},"geometry":{"type":"LineString","coordinates":[[-72.906843,4.411993],[-72.90684,4.413865]]}},{"type":"Feature","properties":{"linea":"231-5-133","palmas":24},"geometry":{"type":"LineString","coordinates":[[-72.906913,4.412034],[-72.90691,4.413906]]}},{"type":"Feature","properties":{"linea":"231-5-134","palmas":21},"geometry":{"type":"LineString","coordinates":[[-72.906983,4.412238],[-72.906981,4.413865]]}},{"type":"Feature","properties":{"linea":"231-5-135","palmas":20},"geometry":{"type":"LineString","coordinates":[[-72.907053,4.41236],[-72.907051,4.413906]]}},{"type":"Feature","properties":{"linea":"231-5-136","palmas":16},"geometry":{"type":"LineString","coordinates":[[-72.907123,4.412645],[-72.907121,4.413865]]}},{"type":"Feature","properties":{"linea":"231-5-137","palmas":15},"geometry":{"type":"LineString","coordinates":[[-72.907193,4.412767],[-72.907191,4.413906]]}},{"type":"Feature","properties":{"linea":"231-5-138","palmas":15},"geometry":{"type":"LineString","coordinates":[[-72.907263,4.412726],[-72.907261,4.413866]]}},{"type":"Feature","properties":{"linea":"231-5-139","palmas":15},"geometry":{"type":"LineString","coordinates":[[-72.907333,4.412767],[-72.907332,4.413906]]}},{"type":"Feature","properties":{"linea":"231-5-14","palmas":16},"geometry":{"type":"LineString","coordinates":[[-72.908242,4.41525],[-72.908244,4.41403]]}},{"type":"Feature","properties":{"linea":"231-5-140","palmas":15},"geometry":{"type":"LineString","coordinates":[[-72.907404,4.412727],[-72.907402,4.413866]]}},{"type":"Feature","properties":{"linea":"231-5-141","palmas":14},"geometry":{"type":"LineString","coordinates":[[-72.907474,4.412849],[-72.907472,4.413907]]}},{"type":"Feature","properties":{"linea":"231-5-142","palmas":16},"geometry":{"type":"LineString","coordinates":[[-72.907544,4.412645],[-72.907542,4.413866]]}},{"type":"Feature","properties":{"linea":"231-5-143","palmas":16},"geometry":{"type":"LineString","coordinates":[[-72.907614,4.412686],[-72.907612,4.413907]]}},{"type":"Feature","properties":{"linea":"231-5-144","palmas":15},"geometry":{"type":"LineString","coordinates":[[-72.907684,4.412727],[-72.907683,4.413866]]}},{"type":"Feature","properties":{"linea":"231-5-145","palmas":16},"geometry":{"type":"LineString","coordinates":[[-72.907755,4.412686],[-72.907753,4.413907]]}},{"type":"Feature","properties":{"linea":"231-5-146","palmas":15},"geometry":{"type":"LineString","coordinates":[[-72.907825,4.412727],[-72.907823,4.413866]]}},{"type":"Feature","properties":{"linea":"231-5-147","palmas":16},"geometry":{"type":"LineString","coordinates":[[-72.907895,4.412687],[-72.907893,4.413907]]}},{"type":"Feature","properties":{"linea":"231-5-148","palmas":16},"geometry":{"type":"LineString","coordinates":[[-72.907966,4.412646],[-72.907964,4.413867]]}},{"type":"Feature","properties":{"linea":"231-5-149","palmas":18},"geometry":{"type":"LineString","coordinates":[[-72.908036,4.412524],[-72.908034,4.413908]]}},{"type":"Feature","properties":{"linea":"231-5-15","palmas":17},"geometry":{"type":"LineString","coordinates":[[-72.908172,4.415291],[-72.908174,4.413989]]}},{"type":"Feature","properties":{"linea":"231-5-150","palmas":19},"geometry":{"type":"LineString","coordinates":[[-72.908106,4.412402],[-72.908104,4.413867]]}},{"type":"Feature","properties":{"linea":"231-5-151","palmas":27},"geometry":{"type":"LineString","coordinates":[[-72.908178,4.411792],[-72.908174,4.413908]]}},{"type":"Feature","properties":{"linea":"231-5-152","palmas":26},"geometry":{"type":"LineString","coordinates":[[-72.908248,4.411833],[-72.908244,4.413867]]}},{"type":"Feature","properties":{"linea":"231-5-153","palmas":27},"geometry":{"type":"LineString","coordinates":[[-72.908318,4.411792],[-72.908314,4.413908]]}},{"type":"Feature","properties":{"linea":"231-5-154","palmas":27},"geometry":{"type":"LineString","coordinates":[[-72.908388,4.411752],[-72.908385,4.413867]]}},{"type":"Feature","properties":{"linea":"231-5-155","palmas":27},"geometry":{"type":"LineString","coordinates":[[-72.908458,4.411793],[-72.908455,4.413908]]}},{"type":"Feature","properties":{"linea":"231-5-156","palmas":22},"geometry":{"type":"LineString","coordinates":[[-72.908528,4.412159],[-72.908525,4.413868]]}},{"type":"Feature","properties":{"linea":"231-5-157","palmas":20},"geometry":{"type":"LineString","coordinates":[[-72.908598,4.412362],[-72.908595,4.413908]]}},{"type":"Feature","properties":{"linea":"231-5-158","palmas":17},"geometry":{"type":"LineString","coordinates":[[-72.908668,4.412566],[-72.908666,4.413868]]}},{"type":"Feature","properties":{"linea":"231-5-159","palmas":13},"geometry":{"type":"LineString","coordinates":[[-72.908738,4.412851],[-72.908736,4.413827]]}},{"type":"Feature","properties":{"linea":"231-5-16","palmas":17},"geometry":{"type":"LineString","coordinates":[[-72.908102,4.415332],[-72.908104,4.41403]]}},{"type":"Feature","properties":{"linea":"231-5-160","palmas":11},"geometry":{"type":"LineString","coordinates":[[-72.908807,4.413054],[-72.908806,4.413868]]}},{"type":"Feature","properties":{"linea":"231-5-161","palmas":7},"geometry":{"type":"LineString","coordinates":[[-72.908877,4.413421],[-72.908876,4.413909]]}},{"type":"Feature","properties":{"linea":"231-5-162","palmas":4},"geometry":{"type":"LineString","coordinates":[[-72.908947,4.413624],[-72.908946,4.413868]]}},{"type":"Feature","properties":{"linea":"231-5-164","palmas":16},"geometry":{"type":"LineString","coordinates":[[-72.907126,4.411017],[-72.907128,4.409797]]}},{"type":"Feature","properties":{"linea":"231-5-165","palmas":17},"geometry":{"type":"LineString","coordinates":[[-72.907055,4.411058],[-72.907057,4.409756]]}},{"type":"Feature","properties":{"linea":"231-5-166","palmas":19},"geometry":{"type":"LineString","coordinates":[[-72.906985,4.411261],[-72.906987,4.409796]]}},{"type":"Feature","properties":{"linea":"231-5-167","palmas":22},"geometry":{"type":"LineString","coordinates":[[-72.906914,4.411464],[-72.906917,4.409756]]}},{"type":"Feature","properties":{"linea":"231-5-168","palmas":21},"geometry":{"type":"LineString","coordinates":[[-72.906844,4.411505],[-72.906846,4.409878]]}},{"type":"Feature","properties":{"linea":"231-5-169","palmas":21},"geometry":{"type":"LineString","coordinates":[[-72.906774,4.411627],[-72.906776,4.41]]}},{"type":"Feature","properties":{"linea":"231-5-17","palmas":18},"geometry":{"type":"LineString","coordinates":[[-72.908031,4.415372],[-72.908034,4.413989]]}},{"type":"Feature","properties":{"linea":"231-5-170","palmas":24},"geometry":{"type":"LineString","coordinates":[[-72.906703,4.411586],[-72.906706,4.409715]]}},{"type":"Feature","properties":{"linea":"231-5-171","palmas":29},"geometry":{"type":"LineString","coordinates":[[-72.906633,4.411627],[-72.906637,4.409348]]}},{"type":"Feature","properties":{"linea":"231-5-172","palmas":30},"geometry":{"type":"LineString","coordinates":[[-72.906563,4.411668],[-72.906567,4.409308]]}},{"type":"Feature","properties":{"linea":"231-5-173","palmas":30},"geometry":{"type":"LineString","coordinates":[[-72.906493,4.411627],[-72.906496,4.409267]]}},{"type":"Feature","properties":{"linea":"231-5-174","palmas":31},"geometry":{"type":"LineString","coordinates":[[-72.906423,4.411667],[-72.906426,4.409226]]}},{"type":"Feature","properties":{"linea":"231-5-175","palmas":31},"geometry":{"type":"LineString","coordinates":[[-72.906352,4.411626],[-72.906356,4.409185]]}},{"type":"Feature","properties":{"linea":"231-5-176","palmas":31},"geometry":{"type":"LineString","coordinates":[[-72.906282,4.411667],[-72.906286,4.409226]]}},{"type":"Feature","properties":{"linea":"231-5-177","palmas":31},"geometry":{"type":"LineString","coordinates":[[-72.906212,4.411626],[-72.906216,4.409185]]}},{"type":"Feature","properties":{"linea":"231-5-178","palmas":32},"geometry":{"type":"LineString","coordinates":[[-72.906142,4.411667],[-72.906146,4.409144]]}},{"type":"Feature","properties":{"linea":"231-5-179","palmas":31},"geometry":{"type":"LineString","coordinates":[[-72.906071,4.411626],[-72.906075,4.409185]]}},{"type":"Feature","properties":{"linea":"231-5-18","palmas":18},"geometry":{"type":"LineString","coordinates":[[-72.907961,4.415413],[-72.907963,4.414029]]}},{"type":"Feature","properties":{"linea":"231-5-180","palmas":32},"geometry":{"type":"LineString","coordinates":[[-72.906001,4.411666],[-72.906005,4.409144]]}},{"type":"Feature","properties":{"linea":"231-5-181","palmas":32},"geometry":{"type":"LineString","coordinates":[[-72.905931,4.411626],[-72.905935,4.409103]]}},{"type":"Feature","properties":{"linea":"231-5-182","palmas":33},"geometry":{"type":"LineString","coordinates":[[-72.905861,4.411666],[-72.905865,4.409063]]}},{"type":"Feature","properties":{"linea":"231-5-183","palmas":33},"geometry":{"type":"LineString","coordinates":[[-72.905791,4.411626],[-72.905795,4.409022]]}},{"type":"Feature","properties":{"linea":"231-5-184","palmas":33},"geometry":{"type":"LineString","coordinates":[[-72.90572,4.411666],[-72.905724,4.409062]]}},{"type":"Feature","properties":{"linea":"231-5-185","palmas":33},"geometry":{"type":"LineString","coordinates":[[-72.90565,4.411625],[-72.905654,4.409021]]}},{"type":"Feature","properties":{"linea":"231-5-186","palmas":33},"geometry":{"type":"LineString","coordinates":[[-72.90558,4.411666],[-72.905584,4.409062]]}},{"type":"Feature","properties":{"linea":"231-5-187","palmas":33},"geometry":{"type":"LineString","coordinates":[[-72.90551,4.411625],[-72.905514,4.409021]]}},{"type":"Feature","properties":{"linea":"231-5-188","palmas":34},"geometry":{"type":"LineString","coordinates":[[-72.905439,4.411666],[-72.905444,4.40898]]}},{"type":"Feature","properties":{"linea":"231-5-189","palmas":33},"geometry":{"type":"LineString","coordinates":[[-72.905369,4.411625],[-72.905373,4.409021]]}},{"type":"Feature","properties":{"linea":"231-5-19","palmas":19},"geometry":{"type":"LineString","coordinates":[[-72.907891,4.415453],[-72.907893,4.413989]]}},{"type":"Feature","properties":{"linea":"231-5-190","palmas":34},"geometry":{"type":"LineString","coordinates":[[-72.905299,4.411665],[-72.905303,4.40898]]}},{"type":"Feature","properties":{"linea":"231-5-191","palmas":33},"geometry":{"type":"LineString","coordinates":[[-72.905229,4.411625],[-72.905233,4.409021]]}},{"type":"Feature","properties":{"linea":"231-5-192","palmas":34},"geometry":{"type":"LineString","coordinates":[[-72.905159,4.411665],[-72.905163,4.40898]]}},{"type":"Feature","properties":{"linea":"231-5-193","palmas":33},"geometry":{"type":"LineString","coordinates":[[-72.905089,4.411624],[-72.905093,4.409021]]}},{"type":"Feature","properties":{"linea":"231-5-194","palmas":33},"geometry":{"type":"LineString","coordinates":[[-72.905018,4.411665],[-72.905022,4.409061]]}},{"type":"Feature","properties":{"linea":"231-5-195","palmas":33},"geometry":{"type":"LineString","coordinates":[[-72.904948,4.411624],[-72.904952,4.40902]]}},{"type":"Feature","properties":{"linea":"231-5-196","palmas":33},"geometry":{"type":"LineString","coordinates":[[-72.904878,4.411665],[-72.904882,4.409061]]}},{"type":"Feature","properties":{"linea":"231-5-197","palmas":36},"geometry":{"type":"LineString","coordinates":[[-72.904808,4.411624],[-72.904812,4.408776]]}},{"type":"Feature","properties":{"linea":"231-5-198","palmas":37},"geometry":{"type":"LineString","coordinates":[[-72.904738,4.411664],[-72.904742,4.408735]]}},{"type":"Feature","properties":{"linea":"231-5-199","palmas":37},"geometry":{"type":"LineString","coordinates":[[-72.904667,4.411624],[-72.904672,4.408694]]}},{"type":"Feature","properties":{"linea":"231-5-2","palmas":8},"geometry":{"type":"LineString","coordinates":[[-72.909086,4.414764],[-72.909086,4.414194]]}},{"type":"Feature","properties":{"linea":"231-5-20","palmas":19},"geometry":{"type":"LineString","coordinates":[[-72.907821,4.415494],[-72.907823,4.414029]]}},{"type":"Feature","properties":{"linea":"231-5-200","palmas":38},"geometry":{"type":"LineString","coordinates":[[-72.904597,4.411664],[-72.904602,4.408654]]}},{"type":"Feature","properties":{"linea":"231-5-201","palmas":38},"geometry":{"type":"LineString","coordinates":[[-72.904527,4.411624],[-72.904532,4.408613]]}},{"type":"Feature","properties":{"linea":"231-5-202","palmas":38},"geometry":{"type":"LineString","coordinates":[[-72.904457,4.411664],[-72.904461,4.408653]]}},{"type":"Feature","properties":{"linea":"231-5-203","palmas":38},"geometry":{"type":"LineString","coordinates":[[-72.904386,4.411623],[-72.904391,4.408613]]}},{"type":"Feature","properties":{"linea":"231-5-204","palmas":39},"geometry":{"type":"LineString","coordinates":[[-72.904316,4.411664],[-72.904321,4.408572]]}},{"type":"Feature","properties":{"linea":"231-5-205","palmas":39},"geometry":{"type":"LineString","coordinates":[[-72.904246,4.411623],[-72.904251,4.408531]]}},{"type":"Feature","properties":{"linea":"231-5-206","palmas":39},"geometry":{"type":"LineString","coordinates":[[-72.904176,4.411664],[-72.904181,4.408571]]}},{"type":"Feature","properties":{"linea":"231-5-207","palmas":39},"geometry":{"type":"LineString","coordinates":[[-72.904106,4.411623],[-72.904111,4.408531]]}},{"type":"Feature","properties":{"linea":"231-5-208","palmas":40},"geometry":{"type":"LineString","coordinates":[[-72.904035,4.411663],[-72.90404,4.40849]]}},{"type":"Feature","properties":{"linea":"231-5-209","palmas":40},"geometry":{"type":"LineString","coordinates":[[-72.903965,4.411623],[-72.90397,4.408449]]}},{"type":"Feature","properties":{"linea":"231-5-21","palmas":20},"geometry":{"type":"LineString","coordinates":[[-72.90775,4.415534],[-72.907753,4.413988]]}},{"type":"Feature","properties":{"linea":"231-5-210","palmas":27},"geometry":{"type":"LineString","coordinates":[[-72.903895,4.411663],[-72.903898,4.409548]]}},{"type":"Feature","properties":{"linea":"231-5-211","palmas":27},"geometry":{"type":"LineString","coordinates":[[-72.903825,4.411623],[-72.903828,4.409507]]}},{"type":"Feature","properties":{"linea":"231-5-212","palmas":27},"geometry":{"type":"LineString","coordinates":[[-72.903754,4.411663],[-72.903758,4.409547]]}},{"type":"Feature","properties":{"linea":"231-5-213","palmas":27},"geometry":{"type":"LineString","coordinates":[[-72.903684,4.411622],[-72.903688,4.409506]]}},{"type":"Feature","properties":{"linea":"231-5-214","palmas":27},"geometry":{"type":"LineString","coordinates":[[-72.903614,4.411663],[-72.903618,4.409547]]}},{"type":"Feature","properties":{"linea":"231-5-215","palmas":27},"geometry":{"type":"LineString","coordinates":[[-72.903544,4.411622],[-72.903547,4.409506]]}},{"type":"Feature","properties":{"linea":"231-5-216","palmas":27},"geometry":{"type":"LineString","coordinates":[[-72.903474,4.411663],[-72.903477,4.409547]]}},{"type":"Feature","properties":{"linea":"231-5-217","palmas":27},"geometry":{"type":"LineString","coordinates":[[-72.903404,4.411622],[-72.903407,4.409506]]}},{"type":"Feature","properties":{"linea":"231-5-218","palmas":27},"geometry":{"type":"LineString","coordinates":[[-72.903333,4.411662],[-72.903337,4.409547]]}},{"type":"Feature","properties":{"linea":"231-5-219","palmas":27},"geometry":{"type":"LineString","coordinates":[[-72.903263,4.411621],[-72.903266,4.409506]]}},{"type":"Feature","properties":{"linea":"231-5-22","palmas":20},"geometry":{"type":"LineString","coordinates":[[-72.90768,4.415575],[-72.907683,4.414029]]}},{"type":"Feature","properties":{"linea":"231-5-220","palmas":27},"geometry":{"type":"LineString","coordinates":[[-72.903193,4.411662],[-72.903196,4.409546]]}},{"type":"Feature","properties":{"linea":"231-5-221","palmas":27},"geometry":{"type":"LineString","coordinates":[[-72.903123,4.411621],[-72.903126,4.409506]]}},{"type":"Feature","properties":{"linea":"231-5-222","palmas":27},"geometry":{"type":"LineString","coordinates":[[-72.903053,4.411662],[-72.903056,4.409546]]}},{"type":"Feature","properties":{"linea":"231-5-223","palmas":27},"geometry":{"type":"LineString","coordinates":[[-72.902982,4.411621],[-72.902986,4.409505]]}},{"type":"Feature","properties":{"linea":"231-5-224","palmas":27},"geometry":{"type":"LineString","coordinates":[[-72.902912,4.411662],[-72.902915,4.409546]]}},{"type":"Feature","properties":{"linea":"231-5-225","palmas":27},"geometry":{"type":"LineString","coordinates":[[-72.902842,4.411621],[-72.902845,4.409505]]}},{"type":"Feature","properties":{"linea":"231-5-226","palmas":27},"geometry":{"type":"LineString","coordinates":[[-72.902772,4.411661],[-72.902775,4.409546]]}},{"type":"Feature","properties":{"linea":"231-5-227","palmas":27},"geometry":{"type":"LineString","coordinates":[[-72.902701,4.411621],[-72.902705,4.409505]]}},{"type":"Feature","properties":{"linea":"231-5-228","palmas":27},"geometry":{"type":"LineString","coordinates":[[-72.902631,4.411661],[-72.902634,4.409546]]}},{"type":"Feature","properties":{"linea":"231-5-229","palmas":27},"geometry":{"type":"LineString","coordinates":[[-72.902561,4.41162],[-72.902564,4.409505]]}},{"type":"Feature","properties":{"linea":"231-5-23","palmas":21},"geometry":{"type":"LineString","coordinates":[[-72.90761,4.415616],[-72.907612,4.413988]]}},{"type":"Feature","properties":{"linea":"231-5-230","palmas":27},"geometry":{"type":"LineString","coordinates":[[-72.902491,4.411661],[-72.902494,4.409545]]}},{"type":"Feature","properties":{"linea":"231-5-231","palmas":27},"geometry":{"type":"LineString","coordinates":[[-72.902421,4.41162],[-72.902424,4.409504]]}},{"type":"Feature","properties":{"linea":"231-5-232","palmas":27},"geometry":{"type":"LineString","coordinates":[[-72.90235,4.411661],[-72.902354,4.409545]]}},{"type":"Feature","properties":{"linea":"231-5-233","palmas":27},"geometry":{"type":"LineString","coordinates":[[-72.90228,4.41162],[-72.902284,4.409504]]}},{"type":"Feature","properties":{"linea":"231-5-234","palmas":27},"geometry":{"type":"LineString","coordinates":[[-72.90221,4.411661],[-72.902213,4.409545]]}},{"type":"Feature","properties":{"linea":"231-5-235","palmas":27},"geometry":{"type":"LineString","coordinates":[[-72.90214,4.41162],[-72.902143,4.409504]]}},{"type":"Feature","properties":{"linea":"231-5-236","palmas":27},"geometry":{"type":"LineString","coordinates":[[-72.902069,4.41166],[-72.902073,4.409545]]}},{"type":"Feature","properties":{"linea":"231-5-237","palmas":27},"geometry":{"type":"LineString","coordinates":[[-72.901999,4.411619],[-72.902003,4.409504]]}},{"type":"Feature","properties":{"linea":"231-5-238","palmas":27},"geometry":{"type":"LineString","coordinates":[[-72.901929,4.41166],[-72.901933,4.409544]]}},{"type":"Feature","properties":{"linea":"231-5-239","palmas":27},"geometry":{"type":"LineString","coordinates":[[-72.901859,4.411619],[-72.901862,4.409504]]}},{"type":"Feature","properties":{"linea":"231-5-24","palmas":21},"geometry":{"type":"LineString","coordinates":[[-72.907539,4.415656],[-72.907542,4.414029]]}},{"type":"Feature","properties":{"linea":"231-5-240","palmas":27},"geometry":{"type":"LineString","coordinates":[[-72.901789,4.41166],[-72.901792,4.409544]]}},{"type":"Feature","properties":{"linea":"231-5-241","palmas":27},"geometry":{"type":"LineString","coordinates":[[-72.901719,4.411619],[-72.901722,4.409503]]}},{"type":"Feature","properties":{"linea":"231-5-242","palmas":26},"geometry":{"type":"LineString","coordinates":[[-72.901648,4.411578],[-72.901652,4.409544]]}},{"type":"Feature","properties":{"linea":"231-5-243","palmas":26},"geometry":{"type":"LineString","coordinates":[[-72.901578,4.411538],[-72.901581,4.409503]]}},{"type":"Feature","properties":{"linea":"231-5-244","palmas":25},"geometry":{"type":"LineString","coordinates":[[-72.901508,4.411497],[-72.901511,4.409544]]}},{"type":"Feature","properties":{"linea":"231-5-245","palmas":25},"geometry":{"type":"LineString","coordinates":[[-72.901438,4.411456],[-72.901441,4.409503]]}},{"type":"Feature","properties":{"linea":"231-5-246","palmas":24},"geometry":{"type":"LineString","coordinates":[[-72.901368,4.411415],[-72.901371,4.409544]]}},{"type":"Feature","properties":{"linea":"231-5-247","palmas":24},"geometry":{"type":"LineString","coordinates":[[-72.901298,4.411374],[-72.901301,4.409503]]}},{"type":"Feature","properties":{"linea":"231-5-248","palmas":23},"geometry":{"type":"LineString","coordinates":[[-72.901228,4.411333],[-72.90123,4.409543]]}},{"type":"Feature","properties":{"linea":"231-5-249","palmas":23},"geometry":{"type":"LineString","coordinates":[[-72.901158,4.411293],[-72.90116,4.409503]]}},{"type":"Feature","properties":{"linea":"231-5-25","palmas":22},"geometry":{"type":"LineString","coordinates":[[-72.907469,4.415697],[-72.907472,4.413988]]}},{"type":"Feature","properties":{"linea":"231-5-250","palmas":22},"geometry":{"type":"LineString","coordinates":[[-72.901087,4.411252],[-72.90109,4.409543]]}},{"type":"Feature","properties":{"linea":"231-5-251","palmas":22},"geometry":{"type":"LineString","coordinates":[[-72.901017,4.411211],[-72.90102,4.409502]]}},{"type":"Feature","properties":{"linea":"231-5-252","palmas":21},"geometry":{"type":"LineString","coordinates":[[-72.900947,4.41117],[-72.900949,4.409543]]}},{"type":"Feature","properties":{"linea":"231-5-253","palmas":21},"geometry":{"type":"LineString","coordinates":[[-72.900877,4.411129],[-72.900879,4.409502]]}},{"type":"Feature","properties":{"linea":"231-5-254","palmas":19},"geometry":{"type":"LineString","coordinates":[[-72.900807,4.411007],[-72.900809,4.409543]]}},{"type":"Feature","properties":{"linea":"231-5-255","palmas":18},"geometry":{"type":"LineString","coordinates":[[-72.900737,4.410885],[-72.900739,4.409502]]}},{"type":"Feature","properties":{"linea":"231-5-256","palmas":16},"geometry":{"type":"LineString","coordinates":[[-72.900667,4.410763],[-72.900669,4.409543]]}},{"type":"Feature","properties":{"linea":"231-5-257","palmas":15},"geometry":{"type":"LineString","coordinates":[[-72.900597,4.410641],[-72.900599,4.409502]]}},{"type":"Feature","properties":{"linea":"231-5-258","palmas":13},"geometry":{"type":"LineString","coordinates":[[-72.900527,4.410519],[-72.900528,4.409542]]}},{"type":"Feature","properties":{"linea":"231-5-259","palmas":12},"geometry":{"type":"LineString","coordinates":[[-72.900457,4.410396],[-72.900458,4.409501]]}},{"type":"Feature","properties":{"linea":"231-5-26","palmas":22},"geometry":{"type":"LineString","coordinates":[[-72.907399,4.415737],[-72.907402,4.414029]]}},{"type":"Feature","properties":{"linea":"231-5-260","palmas":12},"geometry":{"type":"LineString","coordinates":[[-72.900386,4.410437],[-72.900388,4.409542]]}},{"type":"Feature","properties":{"linea":"231-5-261","palmas":12},"geometry":{"type":"LineString","coordinates":[[-72.900316,4.410396],[-72.900318,4.409501]]}},{"type":"Feature","properties":{"linea":"231-5-262","palmas":11},"geometry":{"type":"LineString","coordinates":[[-72.900246,4.410356],[-72.900248,4.409542]]}},{"type":"Feature","properties":{"linea":"231-5-263","palmas":11},"geometry":{"type":"LineString","coordinates":[[-72.900176,4.410315],[-72.900177,4.409501]]}},{"type":"Feature","properties":{"linea":"231-5-264","palmas":11},"geometry":{"type":"LineString","coordinates":[[-72.900106,4.410355],[-72.900107,4.409541]]}},{"type":"Feature","properties":{"linea":"231-5-265","palmas":11},"geometry":{"type":"LineString","coordinates":[[-72.900036,4.410314],[-72.900037,4.409501]]}},{"type":"Feature","properties":{"linea":"231-5-266","palmas":10},"geometry":{"type":"LineString","coordinates":[[-72.899966,4.410274],[-72.899967,4.409541]]}},{"type":"Feature","properties":{"linea":"231-5-267","palmas":9},"geometry":{"type":"LineString","coordinates":[[-72.899895,4.410151],[-72.899896,4.409501]]}},{"type":"Feature","properties":{"linea":"231-5-268","palmas":8},"geometry":{"type":"LineString","coordinates":[[-72.899825,4.410111],[-72.899826,4.409541]]}},{"type":"Feature","properties":{"linea":"231-5-269","palmas":8},"geometry":{"type":"LineString","coordinates":[[-72.899755,4.41007],[-72.899756,4.4095]]}},{"type":"Feature","properties":{"linea":"231-5-27","palmas":22},"geometry":{"type":"LineString","coordinates":[[-72.907329,4.415696],[-72.907331,4.413988]]}},{"type":"Feature","properties":{"linea":"231-5-270","palmas":7},"geometry":{"type":"LineString","coordinates":[[-72.899685,4.410029],[-72.899686,4.409541]]}},{"type":"Feature","properties":{"linea":"231-5-271","palmas":6},"geometry":{"type":"LineString","coordinates":[[-72.899615,4.409907],[-72.899616,4.4095]]}},{"type":"Feature","properties":{"linea":"231-5-272","palmas":4},"geometry":{"type":"LineString","coordinates":[[-72.899545,4.409785],[-72.899545,4.409541]]}},{"type":"Feature","properties":{"linea":"231-5-273","palmas":4},"geometry":{"type":"LineString","coordinates":[[-72.899475,4.409744],[-72.899475,4.4095]]}},{"type":"Feature","properties":{"linea":"231-5-274","palmas":2},"geometry":{"type":"LineString","coordinates":[[-72.899405,4.409622],[-72.899405,4.40954]]}},{"type":"Feature","properties":{"linea":"231-5-275","palmas":2},"geometry":{"type":"LineString","coordinates":[[-72.899335,4.409581],[-72.899335,4.4095]]}},{"type":"Feature","properties":{"linea":"231-5-28","palmas":21},"geometry":{"type":"LineString","coordinates":[[-72.907259,4.415656],[-72.907261,4.414028]]}},{"type":"Feature","properties":{"linea":"231-5-29","palmas":21},"geometry":{"type":"LineString","coordinates":[[-72.907189,4.415615],[-72.907191,4.413988]]}},{"type":"Feature","properties":{"linea":"231-5-3","palmas":11},"geometry":{"type":"LineString","coordinates":[[-72.909015,4.414804],[-72.909016,4.41399]]}},{"type":"Feature","properties":{"linea":"231-5-30","palmas":20},"geometry":{"type":"LineString","coordinates":[[-72.907118,4.415574],[-72.907121,4.414028]]}},{"type":"Feature","properties":{"linea":"231-5-31","palmas":20},"geometry":{"type":"LineString","coordinates":[[-72.907048,4.415533],[-72.907051,4.413987]]}},{"type":"Feature","properties":{"linea":"231-5-32","palmas":19},"geometry":{"type":"LineString","coordinates":[[-72.906978,4.415493],[-72.90698,4.414028]]}},{"type":"Feature","properties":{"linea":"231-5-33","palmas":18},"geometry":{"type":"LineString","coordinates":[[-72.906908,4.41537],[-72.90691,4.413987]]}},{"type":"Feature","properties":{"linea":"231-5-34","palmas":17},"geometry":{"type":"LineString","coordinates":[[-72.906838,4.415329],[-72.90684,4.414028]]}},{"type":"Feature","properties":{"linea":"231-5-35","palmas":17},"geometry":{"type":"LineString","coordinates":[[-72.906768,4.415289],[-72.90677,4.413987]]}},{"type":"Feature","properties":{"linea":"231-5-36","palmas":16},"geometry":{"type":"LineString","coordinates":[[-72.906698,4.415248],[-72.906699,4.414028]]}},{"type":"Feature","properties":{"linea":"231-5-37","palmas":16},"geometry":{"type":"LineString","coordinates":[[-72.906627,4.415207],[-72.906629,4.413987]]}},{"type":"Feature","properties":{"linea":"231-5-38","palmas":15},"geometry":{"type":"LineString","coordinates":[[-72.906558,4.415166],[-72.906559,4.414027]]}},{"type":"Feature","properties":{"linea":"231-5-39","palmas":15},"geometry":{"type":"LineString","coordinates":[[-72.906487,4.415126],[-72.906489,4.413986]]}},{"type":"Feature","properties":{"linea":"231-5-4","palmas":11},"geometry":{"type":"LineString","coordinates":[[-72.908945,4.414845],[-72.908946,4.414031]]}},{"type":"Feature","properties":{"linea":"231-5-40","palmas":14},"geometry":{"type":"LineString","coordinates":[[-72.906417,4.415085],[-72.906419,4.414027]]}},{"type":"Feature","properties":{"linea":"231-5-41","palmas":14},"geometry":{"type":"LineString","coordinates":[[-72.906347,4.415044],[-72.906349,4.413986]]}},{"type":"Feature","properties":{"linea":"231-5-42","palmas":13},"geometry":{"type":"LineString","coordinates":[[-72.906277,4.415003],[-72.906278,4.414027]]}},{"type":"Feature","properties":{"linea":"231-5-43","palmas":12},"geometry":{"type":"LineString","coordinates":[[-72.906207,4.414881],[-72.906208,4.413986]]}},{"type":"Feature","properties":{"linea":"231-5-44","palmas":11},"geometry":{"type":"LineString","coordinates":[[-72.906137,4.41484],[-72.906138,4.414026]]}},{"type":"Feature","properties":{"linea":"231-5-45","palmas":11},"geometry":{"type":"LineString","coordinates":[[-72.906066,4.414799],[-72.906068,4.413986]]}},{"type":"Feature","properties":{"linea":"231-5-46","palmas":10},"geometry":{"type":"LineString","coordinates":[[-72.905996,4.414759],[-72.905998,4.414026]]}},{"type":"Feature","properties":{"linea":"231-5-47","palmas":10},"geometry":{"type":"LineString","coordinates":[[-72.905926,4.414718],[-72.905927,4.413986]]}},{"type":"Feature","properties":{"linea":"231-5-48","palmas":9},"geometry":{"type":"LineString","coordinates":[[-72.905856,4.414677],[-72.905857,4.414026]]}},{"type":"Feature","properties":{"linea":"231-5-49","palmas":9},"geometry":{"type":"LineString","coordinates":[[-72.905786,4.414636],[-72.905787,4.413985]]}},{"type":"Feature","properties":{"linea":"231-5-5","palmas":12},"geometry":{"type":"LineString","coordinates":[[-72.908875,4.414885],[-72.908876,4.41399]]}},{"type":"Feature","properties":{"linea":"231-5-50","palmas":7},"geometry":{"type":"LineString","coordinates":[[-72.905716,4.414514],[-72.905717,4.414026]]}},{"type":"Feature","properties":{"linea":"231-5-51","palmas":7},"geometry":{"type":"LineString","coordinates":[[-72.905646,4.414473],[-72.905646,4.413985]]}},{"type":"Feature","properties":{"linea":"231-5-52","palmas":6},"geometry":{"type":"LineString","coordinates":[[-72.905576,4.414433],[-72.905576,4.414026]]}},{"type":"Feature","properties":{"linea":"231-5-53","palmas":6},"geometry":{"type":"LineString","coordinates":[[-72.905506,4.414392],[-72.905506,4.413985]]}},{"type":"Feature","properties":{"linea":"231-5-54","palmas":5},"geometry":{"type":"LineString","coordinates":[[-72.905435,4.414351],[-72.905436,4.414025]]}},{"type":"Feature","properties":{"linea":"231-5-55","palmas":5},"geometry":{"type":"LineString","coordinates":[[-72.905365,4.41431],[-72.905366,4.413985]]}},{"type":"Feature","properties":{"linea":"231-5-56","palmas":4},"geometry":{"type":"LineString","coordinates":[[-72.905295,4.414269],[-72.905295,4.414025]]}},{"type":"Feature","properties":{"linea":"231-5-57","palmas":4},"geometry":{"type":"LineString","coordinates":[[-72.905225,4.414229],[-72.905225,4.413984]]}},{"type":"Feature","properties":{"linea":"231-5-58","palmas":3},"geometry":{"type":"LineString","coordinates":[[-72.905155,4.414188],[-72.905155,4.414025]]}},{"type":"Feature","properties":{"linea":"231-5-59","palmas":3},"geometry":{"type":"LineString","coordinates":[[-72.905084,4.414147],[-72.905085,4.413984]]}},{"type":"Feature","properties":{"linea":"231-5-6","palmas":12},"geometry":{"type":"LineString","coordinates":[[-72.908804,4.414926],[-72.908806,4.414031]]}},{"type":"Feature","properties":{"linea":"231-5-64","palmas":3},"geometry":{"type":"LineString","coordinates":[[-72.902069,4.411742],[-72.902069,4.411904]]}},{"type":"Feature","properties":{"linea":"231-5-65","palmas":3},"geometry":{"type":"LineString","coordinates":[[-72.902139,4.411783],[-72.902139,4.411945]]}},{"type":"Feature","properties":{"linea":"231-5-66","palmas":4},"geometry":{"type":"LineString","coordinates":[[-72.90221,4.411742],[-72.902209,4.411986]]}},{"type":"Feature","properties":{"linea":"231-5-67","palmas":4},"geometry":{"type":"LineString","coordinates":[[-72.90228,4.411783],[-72.902279,4.412027]]}},{"type":"Feature","properties":{"linea":"231-5-68","palmas":5},"geometry":{"type":"LineString","coordinates":[[-72.90235,4.411742],[-72.90235,4.412068]]}},{"type":"Feature","properties":{"linea":"231-5-69","palmas":5},"geometry":{"type":"LineString","coordinates":[[-72.90242,4.411783],[-72.90242,4.412108]]}},{"type":"Feature","properties":{"linea":"231-5-7","palmas":13},"geometry":{"type":"LineString","coordinates":[[-72.908734,4.414966],[-72.908736,4.41399]]}},{"type":"Feature","properties":{"linea":"231-5-70","palmas":6},"geometry":{"type":"LineString","coordinates":[[-72.902491,4.411742],[-72.90249,4.412149]]}},{"type":"Feature","properties":{"linea":"231-5-71","palmas":6},"geometry":{"type":"LineString","coordinates":[[-72.902561,4.411783],[-72.90256,4.41219]]}},{"type":"Feature","properties":{"linea":"231-5-72","palmas":6},"geometry":{"type":"LineString","coordinates":[[-72.902631,4.411743],[-72.90263,4.412149]]}},{"type":"Feature","properties":{"linea":"231-5-73","palmas":6},"geometry":{"type":"LineString","coordinates":[[-72.902701,4.411783],[-72.902701,4.41219]]}},{"type":"Feature","properties":{"linea":"231-5-74","palmas":7},"geometry":{"type":"LineString","coordinates":[[-72.902771,4.411743],[-72.902771,4.412231]]}},{"type":"Feature","properties":{"linea":"231-5-75","palmas":7},"geometry":{"type":"LineString","coordinates":[[-72.902842,4.411784],[-72.902841,4.412272]]}},{"type":"Feature","properties":{"linea":"231-5-76","palmas":8},"geometry":{"type":"LineString","coordinates":[[-72.902912,4.411743],[-72.902911,4.412313]]}},{"type":"Feature","properties":{"linea":"231-5-77","palmas":7},"geometry":{"type":"LineString","coordinates":[[-72.902982,4.411784],[-72.902981,4.412272]]}},{"type":"Feature","properties":{"linea":"231-5-78","palmas":8},"geometry":{"type":"LineString","coordinates":[[-72.903052,4.411743],[-72.903051,4.412313]]}},{"type":"Feature","properties":{"linea":"231-5-79","palmas":8},"geometry":{"type":"LineString","coordinates":[[-72.903123,4.411784],[-72.903122,4.412354]]}},{"type":"Feature","properties":{"linea":"231-5-8","palmas":13},"geometry":{"type":"LineString","coordinates":[[-72.908664,4.415007],[-72.908665,4.414031]]}},{"type":"Feature","properties":{"linea":"231-5-80","palmas":9},"geometry":{"type":"LineString","coordinates":[[-72.903193,4.411743],[-72.903192,4.412394]]}},{"type":"Feature","properties":{"linea":"231-5-81","palmas":9},"geometry":{"type":"LineString","coordinates":[[-72.903263,4.411784],[-72.903262,4.412435]]}},{"type":"Feature","properties":{"linea":"231-5-82","palmas":9},"geometry":{"type":"LineString","coordinates":[[-72.903333,4.411744],[-72.903332,4.412395]]}},{"type":"Feature","properties":{"linea":"231-5-83","palmas":9},"geometry":{"type":"LineString","coordinates":[[-72.903403,4.411784],[-72.903402,4.412436]]}},{"type":"Feature","properties":{"linea":"231-5-84","palmas":10},"geometry":{"type":"LineString","coordinates":[[-72.903474,4.411744],[-72.903473,4.412476]]}},{"type":"Feature","properties":{"linea":"231-5-85","palmas":10},"geometry":{"type":"LineString","coordinates":[[-72.903544,4.411785],[-72.903543,4.412517]]}},{"type":"Feature","properties":{"linea":"231-5-86","palmas":10},"geometry":{"type":"LineString","coordinates":[[-72.903614,4.411744],[-72.903613,4.412476]]}},{"type":"Feature","properties":{"linea":"231-5-87","palmas":10},"geometry":{"type":"LineString","coordinates":[[-72.903684,4.411785],[-72.903683,4.412517]]}},{"type":"Feature","properties":{"linea":"231-5-88","palmas":11},"geometry":{"type":"LineString","coordinates":[[-72.903754,4.411744],[-72.903753,4.412558]]}},{"type":"Feature","properties":{"linea":"231-5-89","palmas":11},"geometry":{"type":"LineString","coordinates":[[-72.903824,4.411785],[-72.903823,4.412599]]}},{"type":"Feature","properties":{"linea":"231-5-9","palmas":14},"geometry":{"type":"LineString","coordinates":[[-72.908594,4.415048],[-72.908595,4.41399]]}},{"type":"Feature","properties":{"linea":"231-5-90","palmas":11},"geometry":{"type":"LineString","coordinates":[[-72.903895,4.411744],[-72.903894,4.412558]]}},{"type":"Feature","properties":{"linea":"231-5-91","palmas":11},"geometry":{"type":"LineString","coordinates":[[-72.903965,4.411785],[-72.903964,4.412599]]}},{"type":"Feature","properties":{"linea":"231-5-92","palmas":12},"geometry":{"type":"LineString","coordinates":[[-72.904035,4.411745],[-72.904034,4.41264]]}},{"type":"Feature","properties":{"linea":"231-5-93","palmas":11},"geometry":{"type":"LineString","coordinates":[[-72.904105,4.411786],[-72.904104,4.412599]]}},{"type":"Feature","properties":{"linea":"231-5-94","palmas":12},"geometry":{"type":"LineString","coordinates":[[-72.904176,4.411745],[-72.904174,4.41264]]}},{"type":"Feature","properties":{"linea":"231-5-95","palmas":12},"geometry":{"type":"LineString","coordinates":[[-72.904246,4.411786],[-72.904244,4.412681]]}},{"type":"Feature","properties":{"linea":"231-5-96","palmas":13},"geometry":{"type":"LineString","coordinates":[[-72.904316,4.411745],[-72.904314,4.412722]]}},{"type":"Feature","properties":{"linea":"231-5-97","palmas":13},"geometry":{"type":"LineString","coordinates":[[-72.904386,4.411786],[-72.904385,4.412763]]}},{"type":"Feature","properties":{"linea":"231-5-98","palmas":14},"geometry":{"type":"LineString","coordinates":[[-72.904456,4.411746],[-72.904455,4.412803]]}},{"type":"Feature","properties":{"linea":"231-5-99","palmas":24},"geometry":{"type":"LineString","coordinates":[[-72.904527,4.411786],[-72.904524,4.413658]]}},{"type":"Feature","properties":{"linea":"231-6-1","palmas":5},"geometry":{"type":"LineString","coordinates":[[-72.892277,4.396226],[-72.892277,4.396552]]}},{"type":"Feature","properties":{"linea":"231-6-10","palmas":27},"geometry":{"type":"LineString","coordinates":[[-72.892912,4.394478],[-72.892909,4.396593]]}},{"type":"Feature","properties":{"linea":"231-6-11","palmas":25},"geometry":{"type":"LineString","coordinates":[[-72.892982,4.3946],[-72.892979,4.396553]]}},{"type":"Feature","properties":{"linea":"231-6-12","palmas":27},"geometry":{"type":"LineString","coordinates":[[-72.893052,4.394478],[-72.893049,4.396594]]}},{"type":"Feature","properties":{"linea":"231-6-13","palmas":27},"geometry":{"type":"LineString","coordinates":[[-72.893123,4.394438],[-72.893119,4.396553]]}},{"type":"Feature","properties":{"linea":"231-6-14","palmas":27},"geometry":{"type":"LineString","coordinates":[[-72.893193,4.394478],[-72.893189,4.396594]]}},{"type":"Feature","properties":{"linea":"231-6-15","palmas":27},"geometry":{"type":"LineString","coordinates":[[-72.893263,4.394438],[-72.89326,4.396553]]}},{"type":"Feature","properties":{"linea":"231-6-16","palmas":27},"geometry":{"type":"LineString","coordinates":[[-72.893333,4.394478],[-72.89333,4.396594]]}},{"type":"Feature","properties":{"linea":"231-6-17","palmas":27},"geometry":{"type":"LineString","coordinates":[[-72.893403,4.394438],[-72.8934,4.396554]]}},{"type":"Feature","properties":{"linea":"231-6-18","palmas":25},"geometry":{"type":"LineString","coordinates":[[-72.893473,4.394641],[-72.89347,4.396594]]}},{"type":"Feature","properties":{"linea":"231-6-19","palmas":21},"geometry":{"type":"LineString","coordinates":[[-72.893543,4.394926],[-72.893541,4.396554]]}},{"type":"Feature","properties":{"linea":"231-6-2","palmas":13},"geometry":{"type":"LineString","coordinates":[[-72.892348,4.395616],[-72.892347,4.396593]]}},{"type":"Feature","properties":{"linea":"231-6-20","palmas":17},"geometry":{"type":"LineString","coordinates":[[-72.893613,4.395293],[-72.893611,4.396594]]}},{"type":"Feature","properties":{"linea":"231-6-21","palmas":13},"geometry":{"type":"LineString","coordinates":[[-72.893683,4.395578],[-72.893681,4.396554]]}},{"type":"Feature","properties":{"linea":"231-6-22","palmas":10},"geometry":{"type":"LineString","coordinates":[[-72.893752,4.395863],[-72.893751,4.396595]]}},{"type":"Feature","properties":{"linea":"231-6-23","palmas":5},"geometry":{"type":"LineString","coordinates":[[-72.893822,4.396229],[-72.893821,4.396554]]}},{"type":"Feature","properties":{"linea":"231-6-24","palmas":2},"geometry":{"type":"LineString","coordinates":[[-72.893892,4.396514],[-72.893891,4.396595]]}},{"type":"Feature","properties":{"linea":"231-6-26","palmas":4},"geometry":{"type":"LineString","coordinates":[[-72.893333,4.394316],[-72.893334,4.394072]]}},{"type":"Feature","properties":{"linea":"231-6-27","palmas":9},"geometry":{"type":"LineString","coordinates":[[-72.893263,4.394356],[-72.893264,4.393705]]}},{"type":"Feature","properties":{"linea":"231-6-28","palmas":24},"geometry":{"type":"LineString","coordinates":[[-72.893193,4.394316],[-72.893196,4.392444]]}},{"type":"Feature","properties":{"linea":"231-6-29","palmas":24},"geometry":{"type":"LineString","coordinates":[[-72.893123,4.394356],[-72.893126,4.392484]]}},{"type":"Feature","properties":{"linea":"231-6-3","palmas":20},"geometry":{"type":"LineString","coordinates":[[-72.892419,4.395006],[-72.892417,4.396552]]}},{"type":"Feature","properties":{"linea":"231-6-30","palmas":23},"geometry":{"type":"LineString","coordinates":[[-72.893053,4.394315],[-72.893055,4.392525]]}},{"type":"Feature","properties":{"linea":"231-6-31","palmas":24},"geometry":{"type":"LineString","coordinates":[[-72.892982,4.394356],[-72.892985,4.392484]]}},{"type":"Feature","properties":{"linea":"231-6-32","palmas":23},"geometry":{"type":"LineString","coordinates":[[-72.892912,4.394315],[-72.892915,4.392525]]}},{"type":"Feature","properties":{"linea":"231-6-33","palmas":24},"geometry":{"type":"LineString","coordinates":[[-72.892842,4.394356],[-72.892845,4.392484]]}},{"type":"Feature","properties":{"linea":"231-6-34","palmas":23},"geometry":{"type":"LineString","coordinates":[[-72.892772,4.394315],[-72.892774,4.392525]]}},{"type":"Feature","properties":{"linea":"231-6-35","palmas":18},"geometry":{"type":"LineString","coordinates":[[-72.892701,4.394355],[-72.892704,4.392972]]}},{"type":"Feature","properties":{"linea":"231-6-36","palmas":12},"geometry":{"type":"LineString","coordinates":[[-72.892631,4.394314],[-72.892633,4.393419]]}},{"type":"Feature","properties":{"linea":"231-6-37","palmas":4},"geometry":{"type":"LineString","coordinates":[[-72.892561,4.394355],[-72.892561,4.394111]]}},{"type":"Feature","properties":{"linea":"231-6-4","palmas":25},"geometry":{"type":"LineString","coordinates":[[-72.89249,4.39464],[-72.892487,4.396593]]}},{"type":"Feature","properties":{"linea":"231-6-5","palmas":27},"geometry":{"type":"LineString","coordinates":[[-72.892561,4.394436],[-72.892558,4.396552]]}},{"type":"Feature","properties":{"linea":"231-6-6","palmas":27},"geometry":{"type":"LineString","coordinates":[[-72.892631,4.394477],[-72.892628,4.396593]]}},{"type":"Feature","properties":{"linea":"231-6-7","palmas":27},"geometry":{"type":"LineString","coordinates":[[-72.892701,4.394437],[-72.892698,4.396553]]}},{"type":"Feature","properties":{"linea":"231-6-8","palmas":27},"geometry":{"type":"LineString","coordinates":[[-72.892771,4.394478],[-72.892768,4.396593]]}},{"type":"Feature","properties":{"linea":"231-6-9","palmas":27},"geometry":{"type":"LineString","coordinates":[[-72.892842,4.394437],[-72.892838,4.396553]]}},{"type":"Feature","properties":{"linea":"231-7-1","palmas":8},"geometry":{"type":"LineString","coordinates":[[-72.891848,4.399308],[-72.891847,4.399877]]}},{"type":"Feature","properties":{"linea":"231-7-10","palmas":21},"geometry":{"type":"LineString","coordinates":[[-72.892481,4.398943],[-72.892478,4.40057]]}},{"type":"Feature","properties":{"linea":"231-7-11","palmas":22},"geometry":{"type":"LineString","coordinates":[[-72.892551,4.398902],[-72.892548,4.400611]]}},{"type":"Feature","properties":{"linea":"231-7-12","palmas":22},"geometry":{"type":"LineString","coordinates":[[-72.892621,4.398943],[-72.892618,4.400651]]}},{"type":"Feature","properties":{"linea":"231-7-13","palmas":22},"geometry":{"type":"LineString","coordinates":[[-72.892691,4.398902],[-72.892688,4.400611]]}},{"type":"Feature","properties":{"linea":"231-7-14","palmas":21},"geometry":{"type":"LineString","coordinates":[[-72.892761,4.398943],[-72.892759,4.40057]]}},{"type":"Feature","properties":{"linea":"231-7-15","palmas":22},"geometry":{"type":"LineString","coordinates":[[-72.892832,4.398902],[-72.892829,4.400611]]}},{"type":"Feature","properties":{"linea":"231-7-16","palmas":22},"geometry":{"type":"LineString","coordinates":[[-72.892902,4.398943],[-72.892899,4.400652]]}},{"type":"Feature","properties":{"linea":"231-7-17","palmas":22},"geometry":{"type":"LineString","coordinates":[[-72.892972,4.398903],[-72.892969,4.400611]]}},{"type":"Feature","properties":{"linea":"231-7-18","palmas":22},"geometry":{"type":"LineString","coordinates":[[-72.893042,4.398943],[-72.893039,4.400652]]}},{"type":"Feature","properties":{"linea":"231-7-19","palmas":22},"geometry":{"type":"LineString","coordinates":[[-72.893113,4.398903],[-72.89311,4.400612]]}},{"type":"Feature","properties":{"linea":"231-7-2","palmas":19},"geometry":{"type":"LineString","coordinates":[[-72.891919,4.398942],[-72.891916,4.400406]]}},{"type":"Feature","properties":{"linea":"231-7-20","palmas":23},"geometry":{"type":"LineString","coordinates":[[-72.893183,4.398944],[-72.89318,4.400734]]}},{"type":"Feature","properties":{"linea":"231-7-21","palmas":22},"geometry":{"type":"LineString","coordinates":[[-72.893253,4.398903],[-72.89325,4.400612]]}},{"type":"Feature","properties":{"linea":"231-7-22","palmas":23},"geometry":{"type":"LineString","coordinates":[[-72.893323,4.398944],[-72.89332,4.400734]]}},{"type":"Feature","properties":{"linea":"231-7-23","palmas":22},"geometry":{"type":"LineString","coordinates":[[-72.893393,4.398903],[-72.893391,4.400612]]}},{"type":"Feature","properties":{"linea":"231-7-24","palmas":23},"geometry":{"type":"LineString","coordinates":[[-72.893463,4.398944],[-72.893461,4.400734]]}},{"type":"Feature","properties":{"linea":"231-7-25","palmas":22},"geometry":{"type":"LineString","coordinates":[[-72.893534,4.398903],[-72.893531,4.400612]]}},{"type":"Feature","properties":{"linea":"231-7-26","palmas":22},"geometry":{"type":"LineString","coordinates":[[-72.893604,4.398944],[-72.893601,4.400653]]}},{"type":"Feature","properties":{"linea":"231-7-27","palmas":15},"geometry":{"type":"LineString","coordinates":[[-72.893674,4.399229],[-72.893672,4.400368]]}},{"type":"Feature","properties":{"linea":"231-7-28","palmas":8},"geometry":{"type":"LineString","coordinates":[[-72.894027,4.397806],[-72.894028,4.397236]]}},{"type":"Feature","properties":{"linea":"231-7-29","palmas":10},"geometry":{"type":"LineString","coordinates":[[-72.893957,4.397684],[-72.893958,4.396951]]}},{"type":"Feature","properties":{"linea":"231-7-3","palmas":17},"geometry":{"type":"LineString","coordinates":[[-72.891989,4.398901],[-72.891987,4.400203]]}},{"type":"Feature","properties":{"linea":"231-7-30","palmas":14},"geometry":{"type":"LineString","coordinates":[[-72.893887,4.397724],[-72.893888,4.396666]]}},{"type":"Feature","properties":{"linea":"231-7-31","palmas":16},"geometry":{"type":"LineString","coordinates":[[-72.893816,4.397928],[-72.893818,4.396707]]}},{"type":"Feature","properties":{"linea":"231-7-32","palmas":20},"geometry":{"type":"LineString","coordinates":[[-72.893745,4.398212],[-72.893748,4.396666]]}},{"type":"Feature","properties":{"linea":"231-7-33","palmas":22},"geometry":{"type":"LineString","coordinates":[[-72.893675,4.398416],[-72.893678,4.396707]]}},{"type":"Feature","properties":{"linea":"231-7-34","palmas":27},"geometry":{"type":"LineString","coordinates":[[-72.893604,4.398781],[-72.893608,4.396666]]}},{"type":"Feature","properties":{"linea":"231-7-35","palmas":27},"geometry":{"type":"LineString","coordinates":[[-72.893534,4.398822],[-72.893537,4.396706]]}},{"type":"Feature","properties":{"linea":"231-7-36","palmas":27},"geometry":{"type":"LineString","coordinates":[[-72.893464,4.398781],[-72.893467,4.396666]]}},{"type":"Feature","properties":{"linea":"231-7-37","palmas":27},"geometry":{"type":"LineString","coordinates":[[-72.893393,4.398822],[-72.893397,4.396706]]}},{"type":"Feature","properties":{"linea":"231-7-38","palmas":27},"geometry":{"type":"LineString","coordinates":[[-72.893323,4.398781],[-72.893327,4.396665]]}},{"type":"Feature","properties":{"linea":"231-7-39","palmas":27},"geometry":{"type":"LineString","coordinates":[[-72.893253,4.398822],[-72.893256,4.396706]]}},{"type":"Feature","properties":{"linea":"231-7-4","palmas":15},"geometry":{"type":"LineString","coordinates":[[-72.892059,4.398942],[-72.892058,4.400081]]}},{"type":"Feature","properties":{"linea":"231-7-40","palmas":27},"geometry":{"type":"LineString","coordinates":[[-72.893183,4.398781],[-72.893186,4.396665]]}},{"type":"Feature","properties":{"linea":"231-7-41","palmas":27},"geometry":{"type":"LineString","coordinates":[[-72.893113,4.398821],[-72.893116,4.396706]]}},{"type":"Feature","properties":{"linea":"231-7-42","palmas":27},"geometry":{"type":"LineString","coordinates":[[-72.893043,4.398781],[-72.893046,4.396665]]}},{"type":"Feature","properties":{"linea":"231-7-43","palmas":27},"geometry":{"type":"LineString","coordinates":[[-72.892972,4.398821],[-72.892976,4.396706]]}},{"type":"Feature","properties":{"linea":"231-7-44","palmas":27},"geometry":{"type":"LineString","coordinates":[[-72.892902,4.39878],[-72.892905,4.396665]]}},{"type":"Feature","properties":{"linea":"231-7-45","palmas":27},"geometry":{"type":"LineString","coordinates":[[-72.892832,4.398821],[-72.892835,4.396705]]}},{"type":"Feature","properties":{"linea":"231-7-46","palmas":27},"geometry":{"type":"LineString","coordinates":[[-72.892762,4.39878],[-72.892765,4.396664]]}},{"type":"Feature","properties":{"linea":"231-7-47","palmas":27},"geometry":{"type":"LineString","coordinates":[[-72.892691,4.398821],[-72.892695,4.396705]]}},{"type":"Feature","properties":{"linea":"231-7-48","palmas":27},"geometry":{"type":"LineString","coordinates":[[-72.892621,4.39878],[-72.892624,4.396664]]}},{"type":"Feature","properties":{"linea":"231-7-49","palmas":27},"geometry":{"type":"LineString","coordinates":[[-72.892551,4.398821],[-72.892554,4.396705]]}},{"type":"Feature","properties":{"linea":"231-7-5","palmas":22},"geometry":{"type":"LineString","coordinates":[[-72.892129,4.398901],[-72.892127,4.40061]]}},{"type":"Feature","properties":{"linea":"231-7-50","palmas":27},"geometry":{"type":"LineString","coordinates":[[-72.892481,4.39878],[-72.892484,4.396664]]}},{"type":"Feature","properties":{"linea":"231-7-51","palmas":27},"geometry":{"type":"LineString","coordinates":[[-72.892411,4.39882],[-72.892414,4.396705]]}},{"type":"Feature","properties":{"linea":"231-7-52","palmas":27},"geometry":{"type":"LineString","coordinates":[[-72.89234,4.398779],[-72.892344,4.396664]]}},{"type":"Feature","properties":{"linea":"231-7-53","palmas":27},"geometry":{"type":"LineString","coordinates":[[-72.89227,4.39882],[-72.892273,4.396704]]}},{"type":"Feature","properties":{"linea":"231-7-54","palmas":27},"geometry":{"type":"LineString","coordinates":[[-72.8922,4.398779],[-72.892203,4.396664]]}},{"type":"Feature","properties":{"linea":"231-7-55","palmas":21},"geometry":{"type":"LineString","coordinates":[[-72.89213,4.39882],[-72.892132,4.397193]]}},{"type":"Feature","properties":{"linea":"231-7-56","palmas":14},"geometry":{"type":"LineString","coordinates":[[-72.892059,4.398779],[-72.892061,4.397721]]}},{"type":"Feature","properties":{"linea":"231-7-57","palmas":8},"geometry":{"type":"LineString","coordinates":[[-72.891989,4.39882],[-72.89199,4.39825]]}},{"type":"Feature","properties":{"linea":"231-7-6","palmas":21},"geometry":{"type":"LineString","coordinates":[[-72.8922,4.398942],[-72.892197,4.400569]]}},{"type":"Feature","properties":{"linea":"231-7-7","palmas":22},"geometry":{"type":"LineString","coordinates":[[-72.89227,4.398901],[-72.892267,4.40061]]}},{"type":"Feature","properties":{"linea":"231-7-8","palmas":21},"geometry":{"type":"LineString","coordinates":[[-72.89234,4.398942],[-72.892338,4.40057]]}},{"type":"Feature","properties":{"linea":"231-7-9","palmas":22},"geometry":{"type":"LineString","coordinates":[[-72.89241,4.398902],[-72.892408,4.400611]]}},{"type":"Feature","properties":{"linea":"231-8-1","palmas":2},"geometry":{"type":"LineString","coordinates":[[-72.895621,4.404849],[-72.895621,4.404931]]}},{"type":"Feature","properties":{"linea":"231-8-10","palmas":11},"geometry":{"type":"LineString","coordinates":[[-72.894991,4.404075],[-72.894989,4.404889]]}},{"type":"Feature","properties":{"linea":"231-8-11","palmas":12},"geometry":{"type":"LineString","coordinates":[[-72.894921,4.404034],[-72.894919,4.404929]]}},{"type":"Feature","properties":{"linea":"231-8-12","palmas":13},"geometry":{"type":"LineString","coordinates":[[-72.894851,4.403912],[-72.894849,4.404889]]}},{"type":"Feature","properties":{"linea":"231-8-13","palmas":15},"geometry":{"type":"LineString","coordinates":[[-72.894781,4.40379],[-72.894779,4.404929]]}},{"type":"Feature","properties":{"linea":"231-8-14","palmas":15},"geometry":{"type":"LineString","coordinates":[[-72.894711,4.403749],[-72.894709,4.404889]]}},{"type":"Feature","properties":{"linea":"231-8-15","palmas":17},"geometry":{"type":"LineString","coordinates":[[-72.894641,4.403627],[-72.894638,4.404929]]}},{"type":"Feature","properties":{"linea":"231-8-16","palmas":18},"geometry":{"type":"LineString","coordinates":[[-72.894571,4.403505],[-72.894568,4.404888]]}},{"type":"Feature","properties":{"linea":"231-8-17","palmas":20},"geometry":{"type":"LineString","coordinates":[[-72.8945,4.403383],[-72.894498,4.404929]]}},{"type":"Feature","properties":{"linea":"231-8-18","palmas":20},"geometry":{"type":"LineString","coordinates":[[-72.89443,4.403342],[-72.894428,4.404888]]}},{"type":"Feature","properties":{"linea":"231-8-19","palmas":23},"geometry":{"type":"LineString","coordinates":[[-72.89436,4.403139],[-72.894358,4.404929]]}},{"type":"Feature","properties":{"linea":"231-8-2","palmas":2},"geometry":{"type":"LineString","coordinates":[[-72.895551,4.404809],[-72.895551,4.40489]]}},{"type":"Feature","properties":{"linea":"231-8-20","palmas":26},"geometry":{"type":"LineString","coordinates":[[-72.894291,4.402854],[-72.894288,4.404888]]}},{"type":"Feature","properties":{"linea":"231-8-21","palmas":20},"geometry":{"type":"LineString","coordinates":[[-72.894221,4.40265],[-72.894218,4.404196]]}},{"type":"Feature","properties":{"linea":"231-8-22","palmas":18},"geometry":{"type":"LineString","coordinates":[[-72.894151,4.402691],[-72.894148,4.404074]]}},{"type":"Feature","properties":{"linea":"231-8-23","palmas":18},"geometry":{"type":"LineString","coordinates":[[-72.89408,4.40265],[-72.894078,4.404033]]}},{"type":"Feature","properties":{"linea":"231-8-24","palmas":17},"geometry":{"type":"LineString","coordinates":[[-72.89401,4.40269],[-72.894008,4.403992]]}},{"type":"Feature","properties":{"linea":"231-8-25","palmas":17},"geometry":{"type":"LineString","coordinates":[[-72.89394,4.402649],[-72.893938,4.403951]]}},{"type":"Feature","properties":{"linea":"231-8-26","palmas":16},"geometry":{"type":"LineString","coordinates":[[-72.89387,4.40269],[-72.893868,4.403911]]}},{"type":"Feature","properties":{"linea":"231-8-27","palmas":17},"geometry":{"type":"LineString","coordinates":[[-72.893799,4.402649],[-72.893798,4.403951]]}},{"type":"Feature","properties":{"linea":"231-8-28","palmas":16},"geometry":{"type":"LineString","coordinates":[[-72.893729,4.40269],[-72.893727,4.403911]]}},{"type":"Feature","properties":{"linea":"231-8-29","palmas":16},"geometry":{"type":"LineString","coordinates":[[-72.893659,4.402649],[-72.893657,4.40387]]}},{"type":"Feature","properties":{"linea":"231-8-3","palmas":4},"geometry":{"type":"LineString","coordinates":[[-72.895481,4.404686],[-72.895481,4.404931]]}},{"type":"Feature","properties":{"linea":"231-8-30","palmas":16},"geometry":{"type":"LineString","coordinates":[[-72.893589,4.40269],[-72.893587,4.40391]]}},{"type":"Feature","properties":{"linea":"231-8-31","palmas":16},"geometry":{"type":"LineString","coordinates":[[-72.893519,4.402649],[-72.893517,4.403869]]}},{"type":"Feature","properties":{"linea":"231-8-32","palmas":16},"geometry":{"type":"LineString","coordinates":[[-72.893448,4.402689],[-72.893446,4.40391]]}},{"type":"Feature","properties":{"linea":"231-8-33","palmas":16},"geometry":{"type":"LineString","coordinates":[[-72.893378,4.402649],[-72.893376,4.403869]]}},{"type":"Feature","properties":{"linea":"231-8-34","palmas":16},"geometry":{"type":"LineString","coordinates":[[-72.893308,4.402689],[-72.893306,4.40391]]}},{"type":"Feature","properties":{"linea":"231-8-35","palmas":17},"geometry":{"type":"LineString","coordinates":[[-72.893238,4.402648],[-72.893236,4.40395]]}},{"type":"Feature","properties":{"linea":"231-8-36","palmas":17},"geometry":{"type":"LineString","coordinates":[[-72.893168,4.402689],[-72.893166,4.403991]]}},{"type":"Feature","properties":{"linea":"231-8-37","palmas":18},"geometry":{"type":"LineString","coordinates":[[-72.893098,4.402648],[-72.893095,4.404032]]}},{"type":"Feature","properties":{"linea":"231-8-38","palmas":18},"geometry":{"type":"LineString","coordinates":[[-72.893027,4.402689],[-72.893025,4.404072]]}},{"type":"Feature","properties":{"linea":"231-8-39","palmas":19},"geometry":{"type":"LineString","coordinates":[[-72.892957,4.402648],[-72.892955,4.404113]]}},{"type":"Feature","properties":{"linea":"231-8-4","palmas":4},"geometry":{"type":"LineString","coordinates":[[-72.895411,4.404646],[-72.895411,4.40489]]}},{"type":"Feature","properties":{"linea":"231-8-40","palmas":16},"geometry":{"type":"LineString","coordinates":[[-72.892887,4.402689],[-72.892885,4.403909]]}},{"type":"Feature","properties":{"linea":"231-8-41","palmas":7},"geometry":{"type":"LineString","coordinates":[[-72.892817,4.402648],[-72.892816,4.403136]]}},{"type":"Feature","properties":{"linea":"231-8-42","palmas":6},"geometry":{"type":"LineString","coordinates":[[-72.892746,4.402688],[-72.892746,4.403095]]}},{"type":"Feature","properties":{"linea":"231-8-43","palmas":6},"geometry":{"type":"LineString","coordinates":[[-72.892676,4.402648],[-72.892676,4.403054]]}},{"type":"Feature","properties":{"linea":"231-8-44","palmas":5},"geometry":{"type":"LineString","coordinates":[[-72.892606,4.402688],[-72.892605,4.403014]]}},{"type":"Feature","properties":{"linea":"231-8-45","palmas":5},"geometry":{"type":"LineString","coordinates":[[-72.892536,4.402647],[-72.892535,4.402973]]}},{"type":"Feature","properties":{"linea":"231-8-46","palmas":5},"geometry":{"type":"LineString","coordinates":[[-72.892466,4.402688],[-72.892465,4.403013]]}},{"type":"Feature","properties":{"linea":"231-8-47","palmas":5},"geometry":{"type":"LineString","coordinates":[[-72.892395,4.402647],[-72.892395,4.402973]]}},{"type":"Feature","properties":{"linea":"231-8-48","palmas":5},"geometry":{"type":"LineString","coordinates":[[-72.892325,4.402688],[-72.892324,4.403013]]}},{"type":"Feature","properties":{"linea":"231-8-49","palmas":6},"geometry":{"type":"LineString","coordinates":[[-72.892255,4.402647],[-72.892254,4.403054]]}},{"type":"Feature","properties":{"linea":"231-8-5","palmas":6},"geometry":{"type":"LineString","coordinates":[[-72.895341,4.404523],[-72.895341,4.40493]]}},{"type":"Feature","properties":{"linea":"231-8-50","palmas":6},"geometry":{"type":"LineString","coordinates":[[-72.892185,4.402688],[-72.892184,4.403094]]}},{"type":"Feature","properties":{"linea":"231-8-51","palmas":7},"geometry":{"type":"LineString","coordinates":[[-72.892114,4.402647],[-72.892114,4.403135]]}},{"type":"Feature","properties":{"linea":"231-8-52","palmas":7},"geometry":{"type":"LineString","coordinates":[[-72.892044,4.402606],[-72.892044,4.403094]]}},{"type":"Feature","properties":{"linea":"231-8-53","palmas":8},"geometry":{"type":"LineString","coordinates":[[-72.891974,4.402646],[-72.891973,4.403216]]}},{"type":"Feature","properties":{"linea":"231-8-54","palmas":9},"geometry":{"type":"LineString","coordinates":[[-72.891904,4.402606],[-72.891903,4.403266]]}},{"type":"Feature","properties":{"linea":"231-8-55","palmas":8},"geometry":{"type":"LineString","coordinates":[[-72.891834,4.402646],[-72.891833,4.403216]]}},{"type":"Feature","properties":{"linea":"231-8-56","palmas":9},"geometry":{"type":"LineString","coordinates":[[-72.891764,4.402606],[-72.891763,4.403265]]}},{"type":"Feature","properties":{"linea":"231-8-57","palmas":8},"geometry":{"type":"LineString","coordinates":[[-72.891693,4.402646],[-72.891693,4.403216]]}},{"type":"Feature","properties":{"linea":"231-8-58","palmas":7},"geometry":{"type":"LineString","coordinates":[[-72.891623,4.402605],[-72.891622,4.403093]]}},{"type":"Feature","properties":{"linea":"231-8-59","palmas":5},"geometry":{"type":"LineString","coordinates":[[-72.891553,4.402646],[-72.891552,4.402971]]}},{"type":"Feature","properties":{"linea":"231-8-6","palmas":6},"geometry":{"type":"LineString","coordinates":[[-72.895271,4.404483],[-72.89527,4.404889]]}},{"type":"Feature","properties":{"linea":"231-8-60","palmas":4},"geometry":{"type":"LineString","coordinates":[[-72.891483,4.402605],[-72.891482,4.402849]]}},{"type":"Feature","properties":{"linea":"231-8-61","palmas":9},"geometry":{"type":"LineString","coordinates":[[-72.891483,4.402524],[-72.891484,4.401873]]}},{"type":"Feature","properties":{"linea":"231-8-62","palmas":16},"geometry":{"type":"LineString","coordinates":[[-72.891553,4.402564],[-72.891555,4.401344]]}},{"type":"Feature","properties":{"linea":"231-8-63","palmas":21},"geometry":{"type":"LineString","coordinates":[[-72.891623,4.402524],[-72.891626,4.400896]]}},{"type":"Feature","properties":{"linea":"231-8-64","palmas":23},"geometry":{"type":"LineString","coordinates":[[-72.891693,4.402565],[-72.891696,4.400774]]}},{"type":"Feature","properties":{"linea":"231-8-65","palmas":23},"geometry":{"type":"LineString","coordinates":[[-72.891764,4.402524],[-72.891766,4.400734]]}},{"type":"Feature","properties":{"linea":"231-8-66","palmas":23},"geometry":{"type":"LineString","coordinates":[[-72.891834,4.402565],[-72.891837,4.400775]]}},{"type":"Feature","properties":{"linea":"231-8-67","palmas":23},"geometry":{"type":"LineString","coordinates":[[-72.891904,4.402524],[-72.891907,4.400734]]}},{"type":"Feature","properties":{"linea":"231-8-68","palmas":16},"geometry":{"type":"LineString","coordinates":[[-72.891975,4.401914],[-72.891977,4.400694]]}},{"type":"Feature","properties":{"linea":"231-8-69","palmas":23},"geometry":{"type":"LineString","coordinates":[[-72.892044,4.402524],[-72.892047,4.400734]]}},{"type":"Feature","properties":{"linea":"231-8-7","palmas":8},"geometry":{"type":"LineString","coordinates":[[-72.895201,4.40436],[-72.8952,4.40493]]}},{"type":"Feature","properties":{"linea":"231-8-70","palmas":23},"geometry":{"type":"LineString","coordinates":[[-72.892115,4.402565],[-72.892118,4.400775]]}},{"type":"Feature","properties":{"linea":"231-8-71","palmas":22},"geometry":{"type":"LineString","coordinates":[[-72.892185,4.402525],[-72.892188,4.400816]]}},{"type":"Feature","properties":{"linea":"231-8-72","palmas":21},"geometry":{"type":"LineString","coordinates":[[-72.892255,4.402566],[-72.892258,4.400938]]}},{"type":"Feature","properties":{"linea":"231-8-73","palmas":21},"geometry":{"type":"LineString","coordinates":[[-72.892325,4.402525],[-72.892328,4.400898]]}},{"type":"Feature","properties":{"linea":"231-8-74","palmas":23},"geometry":{"type":"LineString","coordinates":[[-72.892396,4.402566],[-72.892398,4.400776]]}},{"type":"Feature","properties":{"linea":"231-8-75","palmas":22},"geometry":{"type":"LineString","coordinates":[[-72.892466,4.402525],[-72.892468,4.400816]]}},{"type":"Feature","properties":{"linea":"231-8-76","palmas":23},"geometry":{"type":"LineString","coordinates":[[-72.892536,4.402566],[-72.892539,4.400776]]}},{"type":"Feature","properties":{"linea":"231-8-77","palmas":21},"geometry":{"type":"LineString","coordinates":[[-72.892606,4.402525],[-72.892609,4.400898]]}},{"type":"Feature","properties":{"linea":"231-8-78","palmas":22},"geometry":{"type":"LineString","coordinates":[[-72.892676,4.402566],[-72.892679,4.400858]]}},{"type":"Feature","properties":{"linea":"231-8-79","palmas":21},"geometry":{"type":"LineString","coordinates":[[-72.892747,4.402526],[-72.892749,4.400898]]}},{"type":"Feature","properties":{"linea":"231-8-8","palmas":9},"geometry":{"type":"LineString","coordinates":[[-72.895131,4.404238],[-72.89513,4.404889]]}},{"type":"Feature","properties":{"linea":"231-8-80","palmas":22},"geometry":{"type":"LineString","coordinates":[[-72.892817,4.402566],[-72.892819,4.400858]]}},{"type":"Feature","properties":{"linea":"231-8-81","palmas":22},"geometry":{"type":"LineString","coordinates":[[-72.892887,4.402526],[-72.89289,4.400817]]}},{"type":"Feature","properties":{"linea":"231-8-82","palmas":22},"geometry":{"type":"LineString","coordinates":[[-72.892957,4.402567],[-72.89296,4.400858]]}},{"type":"Feature","properties":{"linea":"231-8-83","palmas":22},"geometry":{"type":"LineString","coordinates":[[-72.893028,4.402526],[-72.89303,4.400817]]}},{"type":"Feature","properties":{"linea":"231-8-84","palmas":22},"geometry":{"type":"LineString","coordinates":[[-72.893098,4.402567],[-72.8931,4.400858]]}},{"type":"Feature","properties":{"linea":"231-8-85","palmas":21},"geometry":{"type":"LineString","coordinates":[[-72.893168,4.402526],[-72.89317,4.400899]]}},{"type":"Feature","properties":{"linea":"231-8-86","palmas":22},"geometry":{"type":"LineString","coordinates":[[-72.893238,4.402567],[-72.893241,4.400858]]}},{"type":"Feature","properties":{"linea":"231-8-87","palmas":21},"geometry":{"type":"LineString","coordinates":[[-72.893308,4.402526],[-72.893311,4.400899]]}},{"type":"Feature","properties":{"linea":"231-8-88","palmas":21},"geometry":{"type":"LineString","coordinates":[[-72.893378,4.402567],[-72.893381,4.40094]]}},{"type":"Feature","properties":{"linea":"231-8-89","palmas":21},"geometry":{"type":"LineString","coordinates":[[-72.893449,4.402527],[-72.893451,4.400899]]}},{"type":"Feature","properties":{"linea":"231-8-9","palmas":11},"geometry":{"type":"LineString","coordinates":[[-72.895061,4.404116],[-72.89506,4.40493]]}},{"type":"Feature","properties":{"linea":"231-8-90","palmas":21},"geometry":{"type":"LineString","coordinates":[[-72.893519,4.402567],[-72.893521,4.40094]]}},{"type":"Feature","properties":{"linea":"231-8-91","palmas":19},"geometry":{"type":"LineString","coordinates":[[-72.893589,4.402527],[-72.893591,4.401062]]}},{"type":"Feature","properties":{"linea":"231-8-92","palmas":19},"geometry":{"type":"LineString","coordinates":[[-72.893659,4.402568],[-72.893661,4.401103]]}},{"type":"Feature","properties":{"linea":"231-8-93","palmas":17},"geometry":{"type":"LineString","coordinates":[[-72.893729,4.402527],[-72.893732,4.401225]]}},{"type":"Feature","properties":{"linea":"231-8-94","palmas":16},"geometry":{"type":"LineString","coordinates":[[-72.8938,4.402568],[-72.893802,4.401347]]}},{"type":"Feature","properties":{"linea":"231-8-95","palmas":15},"geometry":{"type":"LineString","coordinates":[[-72.89387,4.402528],[-72.893872,4.401388]]}},{"type":"Feature","properties":{"linea":"231-8-96","palmas":14},"geometry":{"type":"LineString","coordinates":[[-72.89394,4.402568],[-72.893942,4.40151]]}},{"type":"Feature","properties":{"linea":"231-8-97","palmas":9},"geometry":{"type":"LineString","coordinates":[[-72.89401,4.402528],[-72.894011,4.401877]]}},{"type":"Feature","properties":{"linea":"231-8-98","palmas":8},"geometry":{"type":"LineString","coordinates":[[-72.894081,4.402568],[-72.894081,4.401999]]}},{"type":"Feature","properties":{"linea":"231-8-99","palmas":2},"geometry":{"type":"LineString","coordinates":[[-72.894151,4.402528],[-72.894151,4.402446]]}},{"type":"Feature","properties":{"linea":"231-9-10","palmas":12},"geometry":{"type":"LineString","coordinates":[[-72.898415,4.408501],[-72.898414,4.409396]]}},{"type":"Feature","properties":{"linea":"231-9-100","palmas":19},"geometry":{"type":"LineString","coordinates":[[-72.893292,4.40715],[-72.893294,4.405686]]}},{"type":"Feature","properties":{"linea":"231-9-101","palmas":18},"geometry":{"type":"LineString","coordinates":[[-72.893362,4.40711],[-72.893364,4.405726]]}},{"type":"Feature","properties":{"linea":"231-9-102","palmas":19},"geometry":{"type":"LineString","coordinates":[[-72.893432,4.407151],[-72.893435,4.405686]]}},{"type":"Feature","properties":{"linea":"231-9-103","palmas":19},"geometry":{"type":"LineString","coordinates":[[-72.893503,4.40711],[-72.893505,4.405645]]}},{"type":"Feature","properties":{"linea":"231-9-104","palmas":19},"geometry":{"type":"LineString","coordinates":[[-72.893573,4.407151],[-72.893575,4.405686]]}},{"type":"Feature","properties":{"linea":"231-9-105","palmas":19},"geometry":{"type":"LineString","coordinates":[[-72.893643,4.40711],[-72.893645,4.405646]]}},{"type":"Feature","properties":{"linea":"231-9-106","palmas":21},"geometry":{"type":"LineString","coordinates":[[-72.893713,4.407151],[-72.893716,4.405524]]}},{"type":"Feature","properties":{"linea":"231-9-107","palmas":21},"geometry":{"type":"LineString","coordinates":[[-72.893783,4.40711],[-72.893786,4.405483]]}},{"type":"Feature","properties":{"linea":"231-9-108","palmas":22},"geometry":{"type":"LineString","coordinates":[[-72.893854,4.407151],[-72.893856,4.405443]]}},{"type":"Feature","properties":{"linea":"231-9-109","palmas":23},"geometry":{"type":"LineString","coordinates":[[-72.893924,4.407111],[-72.893927,4.405321]]}},{"type":"Feature","properties":{"linea":"231-9-11","palmas":12},"geometry":{"type":"LineString","coordinates":[[-72.898345,4.40846],[-72.898343,4.409355]]}},{"type":"Feature","properties":{"linea":"231-9-110","palmas":24},"geometry":{"type":"LineString","coordinates":[[-72.893994,4.407151],[-72.893997,4.40528]]}},{"type":"Feature","properties":{"linea":"231-9-111","palmas":25},"geometry":{"type":"LineString","coordinates":[[-72.894064,4.407111],[-72.894067,4.405158]]}},{"type":"Feature","properties":{"linea":"231-9-112","palmas":26},"geometry":{"type":"LineString","coordinates":[[-72.894134,4.407152],[-72.894138,4.405118]]}},{"type":"Feature","properties":{"linea":"231-9-113","palmas":26},"geometry":{"type":"LineString","coordinates":[[-72.894205,4.407111],[-72.894208,4.405077]]}},{"type":"Feature","properties":{"linea":"231-9-114","palmas":27},"geometry":{"type":"LineString","coordinates":[[-72.894275,4.407152],[-72.894278,4.405036]]}},{"type":"Feature","properties":{"linea":"231-9-115","palmas":27},"geometry":{"type":"LineString","coordinates":[[-72.894345,4.407111],[-72.894348,4.404996]]}},{"type":"Feature","properties":{"linea":"231-9-116","palmas":27},"geometry":{"type":"LineString","coordinates":[[-72.894415,4.407152],[-72.894419,4.405036]]}},{"type":"Feature","properties":{"linea":"231-9-117","palmas":27},"geometry":{"type":"LineString","coordinates":[[-72.894486,4.407112],[-72.894489,4.404996]]}},{"type":"Feature","properties":{"linea":"231-9-118","palmas":27},"geometry":{"type":"LineString","coordinates":[[-72.894556,4.407152],[-72.894559,4.405037]]}},{"type":"Feature","properties":{"linea":"231-9-119","palmas":27},"geometry":{"type":"LineString","coordinates":[[-72.894626,4.407112],[-72.894629,4.404996]]}},{"type":"Feature","properties":{"linea":"231-9-12","palmas":14},"geometry":{"type":"LineString","coordinates":[[-72.898275,4.408338],[-72.898273,4.409396]]}},{"type":"Feature","properties":{"linea":"231-9-120","palmas":27},"geometry":{"type":"LineString","coordinates":[[-72.894696,4.407153],[-72.894699,4.405037]]}},{"type":"Feature","properties":{"linea":"231-9-121","palmas":27},"geometry":{"type":"LineString","coordinates":[[-72.894766,4.407112],[-72.89477,4.404996]]}},{"type":"Feature","properties":{"linea":"231-9-122","palmas":27},"geometry":{"type":"LineString","coordinates":[[-72.894836,4.407153],[-72.89484,4.405037]]}},{"type":"Feature","properties":{"linea":"231-9-123","palmas":27},"geometry":{"type":"LineString","coordinates":[[-72.894907,4.407112],[-72.89491,4.404997]]}},{"type":"Feature","properties":{"linea":"231-9-124","palmas":27},"geometry":{"type":"LineString","coordinates":[[-72.894977,4.407153],[-72.89498,4.405037]]}},{"type":"Feature","properties":{"linea":"231-9-125","palmas":27},"geometry":{"type":"LineString","coordinates":[[-72.895047,4.407113],[-72.895051,4.404997]]}},{"type":"Feature","properties":{"linea":"231-9-126","palmas":27},"geometry":{"type":"LineString","coordinates":[[-72.895117,4.407153],[-72.895121,4.405038]]}},{"type":"Feature","properties":{"linea":"231-9-127","palmas":27},"geometry":{"type":"LineString","coordinates":[[-72.895188,4.407113],[-72.895191,4.404997]]}},{"type":"Feature","properties":{"linea":"231-9-128","palmas":27},"geometry":{"type":"LineString","coordinates":[[-72.895258,4.407153],[-72.895261,4.405038]]}},{"type":"Feature","properties":{"linea":"231-9-129","palmas":27},"geometry":{"type":"LineString","coordinates":[[-72.895328,4.407113],[-72.895331,4.404997]]}},{"type":"Feature","properties":{"linea":"231-9-13","palmas":14},"geometry":{"type":"LineString","coordinates":[[-72.898205,4.408297],[-72.898203,4.409355]]}},{"type":"Feature","properties":{"linea":"231-9-130","palmas":27},"geometry":{"type":"LineString","coordinates":[[-72.895398,4.407154],[-72.895401,4.405038]]}},{"type":"Feature","properties":{"linea":"231-9-131","palmas":27},"geometry":{"type":"LineString","coordinates":[[-72.895468,4.407113],[-72.895472,4.404998]]}},{"type":"Feature","properties":{"linea":"231-9-132","palmas":27},"geometry":{"type":"LineString","coordinates":[[-72.895539,4.407154],[-72.895542,4.405038]]}},{"type":"Feature","properties":{"linea":"231-9-133","palmas":27},"geometry":{"type":"LineString","coordinates":[[-72.895609,4.407113],[-72.895612,4.404998]]}},{"type":"Feature","properties":{"linea":"231-9-134","palmas":27},"geometry":{"type":"LineString","coordinates":[[-72.895679,4.407154],[-72.895682,4.405038]]}},{"type":"Feature","properties":{"linea":"231-9-135","palmas":26},"geometry":{"type":"LineString","coordinates":[[-72.895749,4.407114],[-72.895753,4.405079]]}},{"type":"Feature","properties":{"linea":"231-9-136","palmas":26},"geometry":{"type":"LineString","coordinates":[[-72.895819,4.407154],[-72.895823,4.40512]]}},{"type":"Feature","properties":{"linea":"231-9-137","palmas":24},"geometry":{"type":"LineString","coordinates":[[-72.89589,4.407114],[-72.895893,4.405242]]}},{"type":"Feature","properties":{"linea":"231-9-138","palmas":23},"geometry":{"type":"LineString","coordinates":[[-72.89596,4.407154],[-72.895963,4.405364]]}},{"type":"Feature","properties":{"linea":"231-9-139","palmas":21},"geometry":{"type":"LineString","coordinates":[[-72.89603,4.407114],[-72.896033,4.405487]]}},{"type":"Feature","properties":{"linea":"231-9-14","palmas":16},"geometry":{"type":"LineString","coordinates":[[-72.898135,4.408175],[-72.898133,4.409396]]}},{"type":"Feature","properties":{"linea":"231-9-140","palmas":21},"geometry":{"type":"LineString","coordinates":[[-72.8961,4.407155],[-72.896103,4.405527]]}},{"type":"Feature","properties":{"linea":"231-9-141","palmas":20},"geometry":{"type":"LineString","coordinates":[[-72.896171,4.407114],[-72.896173,4.405568]]}},{"type":"Feature","properties":{"linea":"231-9-142","palmas":19},"geometry":{"type":"LineString","coordinates":[[-72.896241,4.407155],[-72.896243,4.40569]]}},{"type":"Feature","properties":{"linea":"231-9-143","palmas":17},"geometry":{"type":"LineString","coordinates":[[-72.896311,4.407114],[-72.896313,4.405813]]}},{"type":"Feature","properties":{"linea":"231-9-144","palmas":17},"geometry":{"type":"LineString","coordinates":[[-72.896381,4.407155],[-72.896383,4.405853]]}},{"type":"Feature","properties":{"linea":"231-9-145","palmas":15},"geometry":{"type":"LineString","coordinates":[[-72.896451,4.407115],[-72.896453,4.405976]]}},{"type":"Feature","properties":{"linea":"231-9-146","palmas":14},"geometry":{"type":"LineString","coordinates":[[-72.896521,4.407156],[-72.896523,4.406098]]}},{"type":"Feature","properties":{"linea":"231-9-147","palmas":13},"geometry":{"type":"LineString","coordinates":[[-72.896592,4.407115],[-72.896593,4.406138]]}},{"type":"Feature","properties":{"linea":"231-9-148","palmas":12},"geometry":{"type":"LineString","coordinates":[[-72.896662,4.407156],[-72.896663,4.406261]]}},{"type":"Feature","properties":{"linea":"231-9-149","palmas":11},"geometry":{"type":"LineString","coordinates":[[-72.896732,4.407115],[-72.896733,4.406301]]}},{"type":"Feature","properties":{"linea":"231-9-15","palmas":17},"geometry":{"type":"LineString","coordinates":[[-72.898065,4.408053],[-72.898063,4.409355]]}},{"type":"Feature","properties":{"linea":"231-9-150","palmas":10},"geometry":{"type":"LineString","coordinates":[[-72.896802,4.407156],[-72.896803,4.406424]]}},{"type":"Feature","properties":{"linea":"231-9-151","palmas":9},"geometry":{"type":"LineString","coordinates":[[-72.896873,4.407115],[-72.896874,4.406464]]}},{"type":"Feature","properties":{"linea":"231-9-152","palmas":8},"geometry":{"type":"LineString","coordinates":[[-72.896943,4.407156],[-72.896944,4.406586]]}},{"type":"Feature","properties":{"linea":"231-9-153","palmas":6},"geometry":{"type":"LineString","coordinates":[[-72.897013,4.407116],[-72.897014,4.406709]]}},{"type":"Feature","properties":{"linea":"231-9-154","palmas":5},"geometry":{"type":"LineString","coordinates":[[-72.897083,4.407156],[-72.897084,4.406831]]}},{"type":"Feature","properties":{"linea":"231-9-155","palmas":4},"geometry":{"type":"LineString","coordinates":[[-72.897153,4.407116],[-72.897154,4.406872]]}},{"type":"Feature","properties":{"linea":"231-9-156","palmas":3},"geometry":{"type":"LineString","coordinates":[[-72.897224,4.407157],[-72.897224,4.406994]]}},{"type":"Feature","properties":{"linea":"231-9-157","palmas":2},"geometry":{"type":"LineString","coordinates":[[-72.897294,4.407116],[-72.897294,4.407035]]}},{"type":"Feature","properties":{"linea":"231-9-16","palmas":18},"geometry":{"type":"LineString","coordinates":[[-72.897994,4.408012],[-72.897992,4.409396]]}},{"type":"Feature","properties":{"linea":"231-9-17","palmas":19},"geometry":{"type":"LineString","coordinates":[[-72.897924,4.40789],[-72.897922,4.409355]]}},{"type":"Feature","properties":{"linea":"231-9-18","palmas":21},"geometry":{"type":"LineString","coordinates":[[-72.897854,4.407768],[-72.897852,4.409395]]}},{"type":"Feature","properties":{"linea":"231-9-19","palmas":21},"geometry":{"type":"LineString","coordinates":[[-72.897784,4.407727],[-72.897782,4.409354]]}},{"type":"Feature","properties":{"linea":"231-9-2","palmas":3},"geometry":{"type":"LineString","coordinates":[[-72.898976,4.409234],[-72.898975,4.409397]]}},{"type":"Feature","properties":{"linea":"231-9-20","palmas":23},"geometry":{"type":"LineString","coordinates":[[-72.897714,4.407605],[-72.897711,4.409395]]}},{"type":"Feature","properties":{"linea":"231-9-21","palmas":24},"geometry":{"type":"LineString","coordinates":[[-72.897644,4.407483],[-72.897641,4.409354]]}},{"type":"Feature","properties":{"linea":"231-9-22","palmas":25},"geometry":{"type":"LineString","coordinates":[[-72.897574,4.407442],[-72.897571,4.409404]]}},{"type":"Feature","properties":{"linea":"231-9-23","palmas":26},"geometry":{"type":"LineString","coordinates":[[-72.897504,4.40732],[-72.897501,4.409354]]}},{"type":"Feature","properties":{"linea":"231-9-24","palmas":27},"geometry":{"type":"LineString","coordinates":[[-72.897434,4.407279],[-72.897431,4.409395]]}},{"type":"Feature","properties":{"linea":"231-9-25","palmas":27},"geometry":{"type":"LineString","coordinates":[[-72.897364,4.407238],[-72.897361,4.409354]]}},{"type":"Feature","properties":{"linea":"231-9-26","palmas":27},"geometry":{"type":"LineString","coordinates":[[-72.897294,4.407279],[-72.89729,4.409394]]}},{"type":"Feature","properties":{"linea":"231-9-27","palmas":27},"geometry":{"type":"LineString","coordinates":[[-72.897223,4.407238],[-72.89722,4.409354]]}},{"type":"Feature","properties":{"linea":"231-9-28","palmas":27},"geometry":{"type":"LineString","coordinates":[[-72.897153,4.407279],[-72.89715,4.409394]]}},{"type":"Feature","properties":{"linea":"231-9-29","palmas":27},"geometry":{"type":"LineString","coordinates":[[-72.897083,4.407238],[-72.89708,4.409353]]}},{"type":"Feature","properties":{"linea":"231-9-3","palmas":3},"geometry":{"type":"LineString","coordinates":[[-72.898905,4.409194],[-72.898905,4.409356]]}},{"type":"Feature","properties":{"linea":"231-9-30","palmas":27},"geometry":{"type":"LineString","coordinates":[[-72.897013,4.407278],[-72.897009,4.409394]]}},{"type":"Feature","properties":{"linea":"231-9-31","palmas":27},"geometry":{"type":"LineString","coordinates":[[-72.896943,4.407237],[-72.896939,4.409353]]}},{"type":"Feature","properties":{"linea":"231-9-32","palmas":27},"geometry":{"type":"LineString","coordinates":[[-72.896872,4.407278],[-72.896869,4.409394]]}},{"type":"Feature","properties":{"linea":"231-9-33","palmas":27},"geometry":{"type":"LineString","coordinates":[[-72.896802,4.407237],[-72.896799,4.409353]]}},{"type":"Feature","properties":{"linea":"231-9-34","palmas":27},"geometry":{"type":"LineString","coordinates":[[-72.896732,4.407278],[-72.896729,4.409394]]}},{"type":"Feature","properties":{"linea":"231-9-35","palmas":27},"geometry":{"type":"LineString","coordinates":[[-72.896662,4.407237],[-72.896658,4.409353]]}},{"type":"Feature","properties":{"linea":"231-9-36","palmas":27},"geometry":{"type":"LineString","coordinates":[[-72.896591,4.407278],[-72.896588,4.409393]]}},{"type":"Feature","properties":{"linea":"231-9-37","palmas":27},"geometry":{"type":"LineString","coordinates":[[-72.896521,4.407237],[-72.896518,4.409353]]}},{"type":"Feature","properties":{"linea":"231-9-38","palmas":27},"geometry":{"type":"LineString","coordinates":[[-72.896451,4.407278],[-72.896448,4.409393]]}},{"type":"Feature","properties":{"linea":"231-9-39","palmas":27},"geometry":{"type":"LineString","coordinates":[[-72.896381,4.407237],[-72.896377,4.409352]]}},{"type":"Feature","properties":{"linea":"231-9-4","palmas":5},"geometry":{"type":"LineString","coordinates":[[-72.898835,4.409071],[-72.898835,4.409397]]}},{"type":"Feature","properties":{"linea":"231-9-40","palmas":27},"geometry":{"type":"LineString","coordinates":[[-72.896311,4.407277],[-72.896307,4.409393]]}},{"type":"Feature","properties":{"linea":"231-9-41","palmas":27},"geometry":{"type":"LineString","coordinates":[[-72.896241,4.407236],[-72.896237,4.409352]]}},{"type":"Feature","properties":{"linea":"231-9-42","palmas":27},"geometry":{"type":"LineString","coordinates":[[-72.89617,4.407277],[-72.896167,4.409393]]}},{"type":"Feature","properties":{"linea":"231-9-43","palmas":27},"geometry":{"type":"LineString","coordinates":[[-72.8961,4.407236],[-72.896097,4.409352]]}},{"type":"Feature","properties":{"linea":"231-9-44","palmas":27},"geometry":{"type":"LineString","coordinates":[[-72.89603,4.407277],[-72.896026,4.409393]]}},{"type":"Feature","properties":{"linea":"231-9-45","palmas":27},"geometry":{"type":"LineString","coordinates":[[-72.89596,4.407236],[-72.895956,4.409352]]}},{"type":"Feature","properties":{"linea":"231-9-46","palmas":27},"geometry":{"type":"LineString","coordinates":[[-72.895889,4.407276],[-72.895886,4.409392]]}},{"type":"Feature","properties":{"linea":"231-9-47","palmas":27},"geometry":{"type":"LineString","coordinates":[[-72.895819,4.407236],[-72.895816,4.409351]]}},{"type":"Feature","properties":{"linea":"231-9-48","palmas":27},"geometry":{"type":"LineString","coordinates":[[-72.895749,4.407276],[-72.895746,4.409392]]}},{"type":"Feature","properties":{"linea":"231-9-49","palmas":27},"geometry":{"type":"LineString","coordinates":[[-72.895679,4.407236],[-72.895676,4.409351]]}},{"type":"Feature","properties":{"linea":"231-9-5","palmas":5},"geometry":{"type":"LineString","coordinates":[[-72.898765,4.409031],[-72.898765,4.409356]]}},{"type":"Feature","properties":{"linea":"231-9-50","palmas":27},"geometry":{"type":"LineString","coordinates":[[-72.895609,4.407276],[-72.895605,4.409392]]}},{"type":"Feature","properties":{"linea":"231-9-51","palmas":27},"geometry":{"type":"LineString","coordinates":[[-72.895538,4.407235],[-72.895535,4.409351]]}},{"type":"Feature","properties":{"linea":"231-9-52","palmas":27},"geometry":{"type":"LineString","coordinates":[[-72.895468,4.407276],[-72.895465,4.409391]]}},{"type":"Feature","properties":{"linea":"231-9-53","palmas":27},"geometry":{"type":"LineString","coordinates":[[-72.895398,4.407235],[-72.895395,4.409351]]}},{"type":"Feature","properties":{"linea":"231-9-54","palmas":27},"geometry":{"type":"LineString","coordinates":[[-72.895328,4.407276],[-72.895324,4.409391]]}},{"type":"Feature","properties":{"linea":"231-9-55","palmas":27},"geometry":{"type":"LineString","coordinates":[[-72.895257,4.407235],[-72.895254,4.409351]]}},{"type":"Feature","properties":{"linea":"231-9-56","palmas":27},"geometry":{"type":"LineString","coordinates":[[-72.895187,4.407275],[-72.895184,4.409391]]}},{"type":"Feature","properties":{"linea":"231-9-57","palmas":27},"geometry":{"type":"LineString","coordinates":[[-72.895117,4.407235],[-72.895114,4.40935]]}},{"type":"Feature","properties":{"linea":"231-9-58","palmas":27},"geometry":{"type":"LineString","coordinates":[[-72.895047,4.407275],[-72.895044,4.409391]]}},{"type":"Feature","properties":{"linea":"231-9-59","palmas":27},"geometry":{"type":"LineString","coordinates":[[-72.894977,4.407234],[-72.894973,4.40935]]}},{"type":"Feature","properties":{"linea":"231-9-6","palmas":7},"geometry":{"type":"LineString","coordinates":[[-72.898695,4.408908],[-72.898694,4.409397]]}},{"type":"Feature","properties":{"linea":"231-9-60","palmas":27},"geometry":{"type":"LineString","coordinates":[[-72.894906,4.407275],[-72.894903,4.409391]]}},{"type":"Feature","properties":{"linea":"231-9-61","palmas":27},"geometry":{"type":"LineString","coordinates":[[-72.894836,4.407234],[-72.894833,4.40935]]}},{"type":"Feature","properties":{"linea":"231-9-62","palmas":27},"geometry":{"type":"LineString","coordinates":[[-72.894766,4.407275],[-72.894763,4.40939]]}},{"type":"Feature","properties":{"linea":"231-9-63","palmas":27},"geometry":{"type":"LineString","coordinates":[[-72.894696,4.407234],[-72.894693,4.409349]]}},{"type":"Feature","properties":{"linea":"231-9-64","palmas":27},"geometry":{"type":"LineString","coordinates":[[-72.894626,4.407274],[-72.894622,4.40939]]}},{"type":"Feature","properties":{"linea":"231-9-65","palmas":27},"geometry":{"type":"LineString","coordinates":[[-72.894556,4.407234],[-72.894552,4.409349]]}},{"type":"Feature","properties":{"linea":"231-9-66","palmas":27},"geometry":{"type":"LineString","coordinates":[[-72.894485,4.407274],[-72.894482,4.40939]]}},{"type":"Feature","properties":{"linea":"231-9-67","palmas":27},"geometry":{"type":"LineString","coordinates":[[-72.894415,4.407234],[-72.894412,4.409349]]}},{"type":"Feature","properties":{"linea":"231-9-68","palmas":27},"geometry":{"type":"LineString","coordinates":[[-72.894345,4.407274],[-72.894341,4.40939]]}},{"type":"Feature","properties":{"linea":"231-9-69","palmas":27},"geometry":{"type":"LineString","coordinates":[[-72.894275,4.407233],[-72.894271,4.409349]]}},{"type":"Feature","properties":{"linea":"231-9-7","palmas":7},"geometry":{"type":"LineString","coordinates":[[-72.898625,4.408868],[-72.898624,4.409356]]}},{"type":"Feature","properties":{"linea":"231-9-70","palmas":27},"geometry":{"type":"LineString","coordinates":[[-72.894204,4.407274],[-72.894201,4.409389]]}},{"type":"Feature","properties":{"linea":"231-9-71","palmas":27},"geometry":{"type":"LineString","coordinates":[[-72.894134,4.407233],[-72.894131,4.409349]]}},{"type":"Feature","properties":{"linea":"231-9-72","palmas":27},"geometry":{"type":"LineString","coordinates":[[-72.894064,4.407274],[-72.894061,4.409389]]}},{"type":"Feature","properties":{"linea":"231-9-73","palmas":27},"geometry":{"type":"LineString","coordinates":[[-72.893994,4.407233],[-72.893991,4.409348]]}},{"type":"Feature","properties":{"linea":"231-9-74","palmas":27},"geometry":{"type":"LineString","coordinates":[[-72.893924,4.407273],[-72.89392,4.409389]]}},{"type":"Feature","properties":{"linea":"231-9-75","palmas":27},"geometry":{"type":"LineString","coordinates":[[-72.893853,4.407233],[-72.89385,4.409348]]}},{"type":"Feature","properties":{"linea":"231-9-76","palmas":27},"geometry":{"type":"LineString","coordinates":[[-72.893783,4.407273],[-72.89378,4.409389]]}},{"type":"Feature","properties":{"linea":"231-9-77","palmas":27},"geometry":{"type":"LineString","coordinates":[[-72.893713,4.407232],[-72.89371,4.409348]]}},{"type":"Feature","properties":{"linea":"231-9-78","palmas":27},"geometry":{"type":"LineString","coordinates":[[-72.893643,4.407273],[-72.893639,4.409389]]}},{"type":"Feature","properties":{"linea":"231-9-79","palmas":27},"geometry":{"type":"LineString","coordinates":[[-72.893573,4.407232],[-72.893569,4.409348]]}},{"type":"Feature","properties":{"linea":"231-9-8","palmas":9},"geometry":{"type":"LineString","coordinates":[[-72.898555,4.408746],[-72.898554,4.409396]]}},{"type":"Feature","properties":{"linea":"231-9-80","palmas":27},"geometry":{"type":"LineString","coordinates":[[-72.893502,4.407273],[-72.893499,4.409388]]}},{"type":"Feature","properties":{"linea":"231-9-81","palmas":27},"geometry":{"type":"LineString","coordinates":[[-72.893432,4.407232],[-72.893429,4.409347]]}},{"type":"Feature","properties":{"linea":"231-9-82","palmas":27},"geometry":{"type":"LineString","coordinates":[[-72.893362,4.407273],[-72.893359,4.409388]]}},{"type":"Feature","properties":{"linea":"231-9-83","palmas":27},"geometry":{"type":"LineString","coordinates":[[-72.893292,4.407232],[-72.893288,4.409347]]}},{"type":"Feature","properties":{"linea":"231-9-84","palmas":27},"geometry":{"type":"LineString","coordinates":[[-72.893221,4.407272],[-72.893218,4.409388]]}},{"type":"Feature","properties":{"linea":"231-9-85","palmas":27},"geometry":{"type":"LineString","coordinates":[[-72.893151,4.407231],[-72.893148,4.409347]]}},{"type":"Feature","properties":{"linea":"231-9-86","palmas":27},"geometry":{"type":"LineString","coordinates":[[-72.893081,4.407272],[-72.893078,4.409388]]}},{"type":"Feature","properties":{"linea":"231-9-87","palmas":25},"geometry":{"type":"LineString","coordinates":[[-72.893011,4.407231],[-72.893008,4.409184]]}},{"type":"Feature","properties":{"linea":"231-9-88","palmas":17},"geometry":{"type":"LineString","coordinates":[[-72.892941,4.407272],[-72.892939,4.408574]]}},{"type":"Feature","properties":{"linea":"231-9-89","palmas":7},"geometry":{"type":"LineString","coordinates":[[-72.892871,4.407231],[-72.89287,4.407719]]}},{"type":"Feature","properties":{"linea":"231-9-9","palmas":10},"geometry":{"type":"LineString","coordinates":[[-72.898485,4.408623],[-72.898484,4.409356]]}},{"type":"Feature","properties":{"linea":"231-9-90","palmas":8},"geometry":{"type":"LineString","coordinates":[[-72.892592,4.405929],[-72.892593,4.405359]]}},{"type":"Feature","properties":{"linea":"231-9-91","palmas":9},"geometry":{"type":"LineString","coordinates":[[-72.892662,4.406051],[-72.892663,4.4054]]}},{"type":"Feature","properties":{"linea":"231-9-92","palmas":17},"geometry":{"type":"LineString","coordinates":[[-72.892731,4.406743],[-72.892733,4.405441]]}},{"type":"Feature","properties":{"linea":"231-9-93","palmas":21},"geometry":{"type":"LineString","coordinates":[[-72.892801,4.407109],[-72.892803,4.405481]]}},{"type":"Feature","properties":{"linea":"231-9-94","palmas":20},"geometry":{"type":"LineString","coordinates":[[-72.892871,4.40715],[-72.892873,4.405604]]}},{"type":"Feature","properties":{"linea":"231-9-95","palmas":19},"geometry":{"type":"LineString","coordinates":[[-72.892941,4.407109],[-72.892943,4.405644]]}},{"type":"Feature","properties":{"linea":"231-9-96","palmas":19},"geometry":{"type":"LineString","coordinates":[[-72.893011,4.40715],[-72.893013,4.405685]]}},{"type":"Feature","properties":{"linea":"231-9-97","palmas":19},"geometry":{"type":"LineString","coordinates":[[-72.893081,4.407109],[-72.893084,4.405645]]}},{"type":"Feature","properties":{"linea":"231-9-98","palmas":19},"geometry":{"type":"LineString","coordinates":[[-72.893151,4.40715],[-72.893154,4.405685]]}},{"type":"Feature","properties":{"linea":"231-9-99","palmas":18},"geometry":{"type":"LineString","coordinates":[[-72.893222,4.407109],[-72.893224,4.405726]]}},{"type":"Feature","properties":{"linea":"6-1-1","palmas":4},"geometry":{"type":"LineString","coordinates":[[-72.997165,4.48721],[-72.997648,4.486911]]}},{"type":"Feature","properties":{"linea":"6-1-10","palmas":10},"geometry":{"type":"LineString","coordinates":[[-72.997531,4.487728],[-72.998152,4.487344]]}},{"type":"Feature","properties":{"linea":"6-1-100","palmas":33},"geometry":{"type":"LineString","coordinates":[[-72.997394,4.495262],[-72.999603,4.493897]]}},{"type":"Feature","properties":{"linea":"6-1-101","palmas":34},"geometry":{"type":"LineString","coordinates":[[-72.997396,4.495344],[-72.999674,4.493935]]}},{"type":"Feature","properties":{"linea":"6-1-102","palmas":34},"geometry":{"type":"LineString","coordinates":[[-72.997398,4.495425],[-72.999676,4.494017]]}},{"type":"Feature","properties":{"linea":"6-1-103","palmas":33},"geometry":{"type":"LineString","coordinates":[[-72.997401,4.495506],[-72.99961,4.494141]]}},{"type":"Feature","properties":{"linea":"6-1-104","palmas":33},"geometry":{"type":"LineString","coordinates":[[-72.997403,4.495588],[-72.999612,4.494222]]}},{"type":"Feature","properties":{"linea":"6-1-105","palmas":33},"geometry":{"type":"LineString","coordinates":[[-72.997405,4.495669],[-72.999614,4.494303]]}},{"type":"Feature","properties":{"linea":"6-1-106","palmas":33},"geometry":{"type":"LineString","coordinates":[[-72.997407,4.495751],[-72.999617,4.494385]]}},{"type":"Feature","properties":{"linea":"6-1-107","palmas":33},"geometry":{"type":"LineString","coordinates":[[-72.99741,4.495832],[-72.999619,4.494466]]}},{"type":"Feature","properties":{"linea":"6-1-108","palmas":33},"geometry":{"type":"LineString","coordinates":[[-72.997412,4.495913],[-72.999621,4.494548]]}},{"type":"Feature","properties":{"linea":"6-1-109","palmas":33},"geometry":{"type":"LineString","coordinates":[[-72.997414,4.495994],[-72.999624,4.494629]]}},{"type":"Feature","properties":{"linea":"6-1-11","palmas":11},"geometry":{"type":"LineString","coordinates":[[-72.997533,4.48781],[-72.998224,4.487383]]}},{"type":"Feature","properties":{"linea":"6-1-110","palmas":34},"geometry":{"type":"LineString","coordinates":[[-72.997417,4.496076],[-72.999695,4.494668]]}},{"type":"Feature","properties":{"linea":"6-1-111","palmas":34},"geometry":{"type":"LineString","coordinates":[[-72.997419,4.496157],[-72.999697,4.494749]]}},{"type":"Feature","properties":{"linea":"6-1-112","palmas":34},"geometry":{"type":"LineString","coordinates":[[-72.997421,4.496239],[-72.999699,4.49483]]}},{"type":"Feature","properties":{"linea":"6-1-113","palmas":34},"geometry":{"type":"LineString","coordinates":[[-72.997424,4.49632],[-72.999702,4.494911]]}},{"type":"Feature","properties":{"linea":"6-1-114","palmas":34},"geometry":{"type":"LineString","coordinates":[[-72.997426,4.496401],[-72.999704,4.494993]]}},{"type":"Feature","properties":{"linea":"6-1-115","palmas":34},"geometry":{"type":"LineString","coordinates":[[-72.997428,4.496482],[-72.999706,4.495074]]}},{"type":"Feature","properties":{"linea":"6-1-116","palmas":34},"geometry":{"type":"LineString","coordinates":[[-72.997431,4.496564],[-72.999709,4.495156]]}},{"type":"Feature","properties":{"linea":"6-1-117","palmas":34},"geometry":{"type":"LineString","coordinates":[[-72.997433,4.496645],[-72.999711,4.495237]]}},{"type":"Feature","properties":{"linea":"6-1-118","palmas":34},"geometry":{"type":"LineString","coordinates":[[-72.997435,4.496727],[-72.999713,4.495318]]}},{"type":"Feature","properties":{"linea":"6-1-119","palmas":34},"geometry":{"type":"LineString","coordinates":[[-72.997438,4.496808],[-72.999716,4.495399]]}},{"type":"Feature","properties":{"linea":"6-1-12","palmas":11},"geometry":{"type":"LineString","coordinates":[[-72.997604,4.487848],[-72.998295,4.487422]]}},{"type":"Feature","properties":{"linea":"6-1-120","palmas":33},"geometry":{"type":"LineString","coordinates":[[-72.99744,4.496889],[-72.999649,4.495524]]}},{"type":"Feature","properties":{"linea":"6-1-121","palmas":31},"geometry":{"type":"LineString","coordinates":[[-72.997442,4.496971],[-72.999513,4.49569]]}},{"type":"Feature","properties":{"linea":"6-1-122","palmas":31},"geometry":{"type":"LineString","coordinates":[[-72.997444,4.497052],[-72.999516,4.495772]]}},{"type":"Feature","properties":{"linea":"6-1-123","palmas":30},"geometry":{"type":"LineString","coordinates":[[-72.997447,4.497133],[-72.999449,4.495896]]}},{"type":"Feature","properties":{"linea":"6-1-124","palmas":28},"geometry":{"type":"LineString","coordinates":[[-72.997518,4.497172],[-72.999382,4.49602]]}},{"type":"Feature","properties":{"linea":"6-1-125","palmas":29},"geometry":{"type":"LineString","coordinates":[[-72.997451,4.497296],[-72.999384,4.496101]]}},{"type":"Feature","properties":{"linea":"6-1-126","palmas":29},"geometry":{"type":"LineString","coordinates":[[-72.997454,4.497377],[-72.999387,4.496182]]}},{"type":"Feature","properties":{"linea":"6-1-127","palmas":28},"geometry":{"type":"LineString","coordinates":[[-72.997456,4.497459],[-72.99932,4.496306]]}},{"type":"Feature","properties":{"linea":"6-1-128","palmas":28},"geometry":{"type":"LineString","coordinates":[[-72.997458,4.49754],[-72.999322,4.496388]]}},{"type":"Feature","properties":{"linea":"6-1-129","palmas":27},"geometry":{"type":"LineString","coordinates":[[-72.997461,4.497621],[-72.999256,4.496512]]}},{"type":"Feature","properties":{"linea":"6-1-13","palmas":12},"geometry":{"type":"LineString","coordinates":[[-72.997607,4.48793],[-72.998366,4.48746]]}},{"type":"Feature","properties":{"linea":"6-1-130","palmas":27},"geometry":{"type":"LineString","coordinates":[[-72.997463,4.497703],[-72.999258,4.496593]]}},{"type":"Feature","properties":{"linea":"6-1-131","palmas":27},"geometry":{"type":"LineString","coordinates":[[-72.997465,4.497784],[-72.99926,4.496674]]}},{"type":"Feature","properties":{"linea":"6-1-132","palmas":27},"geometry":{"type":"LineString","coordinates":[[-72.997467,4.497865],[-72.999263,4.496756]]}},{"type":"Feature","properties":{"linea":"6-1-133","palmas":27},"geometry":{"type":"LineString","coordinates":[[-72.99747,4.497947],[-72.999265,4.496837]]}},{"type":"Feature","properties":{"linea":"6-1-134","palmas":27},"geometry":{"type":"LineString","coordinates":[[-72.997472,4.498028],[-72.999267,4.496918]]}},{"type":"Feature","properties":{"linea":"6-1-135","palmas":27},"geometry":{"type":"LineString","coordinates":[[-72.997474,4.498109],[-72.999269,4.497]]}},{"type":"Feature","properties":{"linea":"6-1-136","palmas":27},"geometry":{"type":"LineString","coordinates":[[-72.997477,4.498191],[-72.999272,4.497081]]}},{"type":"Feature","properties":{"linea":"6-1-137","palmas":27},"geometry":{"type":"LineString","coordinates":[[-72.997479,4.498272],[-72.999274,4.497162]]}},{"type":"Feature","properties":{"linea":"6-1-138","palmas":28},"geometry":{"type":"LineString","coordinates":[[-72.997481,4.498353],[-72.999345,4.497201]]}},{"type":"Feature","properties":{"linea":"6-1-139","palmas":28},"geometry":{"type":"LineString","coordinates":[[-72.997484,4.498435],[-72.999347,4.497282]]}},{"type":"Feature","properties":{"linea":"6-1-14","palmas":11},"geometry":{"type":"LineString","coordinates":[[-72.997678,4.487968],[-72.998369,4.487542]]}},{"type":"Feature","properties":{"linea":"6-1-140","palmas":28},"geometry":{"type":"LineString","coordinates":[[-72.997486,4.498516],[-72.99935,4.497364]]}},{"type":"Feature","properties":{"linea":"6-1-141","palmas":29},"geometry":{"type":"LineString","coordinates":[[-72.997488,4.498597],[-72.999421,4.497402]]}},{"type":"Feature","properties":{"linea":"6-1-142","palmas":29},"geometry":{"type":"LineString","coordinates":[[-72.997491,4.498679],[-72.999424,4.497484]]}},{"type":"Feature","properties":{"linea":"6-1-143","palmas":30},"geometry":{"type":"LineString","coordinates":[[-72.997493,4.49876],[-72.999495,4.497522]]}},{"type":"Feature","properties":{"linea":"6-1-144","palmas":30},"geometry":{"type":"LineString","coordinates":[[-72.997495,4.498841],[-72.999497,4.497604]]}},{"type":"Feature","properties":{"linea":"6-1-145","palmas":30},"geometry":{"type":"LineString","coordinates":[[-72.997497,4.498923],[-72.999499,4.497685]]}},{"type":"Feature","properties":{"linea":"6-1-146","palmas":30},"geometry":{"type":"LineString","coordinates":[[-72.9975,4.499004],[-72.999502,4.497766]]}},{"type":"Feature","properties":{"linea":"6-1-147","palmas":30},"geometry":{"type":"LineString","coordinates":[[-72.997502,4.499086],[-72.999504,4.497848]]}},{"type":"Feature","properties":{"linea":"6-1-148","palmas":30},"geometry":{"type":"LineString","coordinates":[[-72.997504,4.499167],[-72.999506,4.497929]]}},{"type":"Feature","properties":{"linea":"6-1-149","palmas":30},"geometry":{"type":"LineString","coordinates":[[-72.997507,4.499248],[-72.999509,4.498011]]}},{"type":"Feature","properties":{"linea":"6-1-15","palmas":12},"geometry":{"type":"LineString","coordinates":[[-72.997681,4.48805],[-72.99844,4.48758]]}},{"type":"Feature","properties":{"linea":"6-1-150","palmas":30},"geometry":{"type":"LineString","coordinates":[[-72.997509,4.499329],[-72.999511,4.498092]]}},{"type":"Feature","properties":{"linea":"6-1-151","palmas":30},"geometry":{"type":"LineString","coordinates":[[-72.997511,4.499411],[-72.999513,4.498173]]}},{"type":"Feature","properties":{"linea":"6-1-152","palmas":30},"geometry":{"type":"LineString","coordinates":[[-72.997514,4.499492],[-72.999516,4.498254]]}},{"type":"Feature","properties":{"linea":"6-1-153","palmas":30},"geometry":{"type":"LineString","coordinates":[[-72.997516,4.499574],[-72.999518,4.498336]]}},{"type":"Feature","properties":{"linea":"6-1-154","palmas":29},"geometry":{"type":"LineString","coordinates":[[-72.997587,4.499612],[-72.99952,4.498417]]}},{"type":"Feature","properties":{"linea":"6-1-155","palmas":29},"geometry":{"type":"LineString","coordinates":[[-72.99759,4.499694],[-72.999522,4.498499]]}},{"type":"Feature","properties":{"linea":"6-1-156","palmas":30},"geometry":{"type":"LineString","coordinates":[[-72.997523,4.499817],[-72.999525,4.49858]]}},{"type":"Feature","properties":{"linea":"6-1-157","palmas":30},"geometry":{"type":"LineString","coordinates":[[-72.997525,4.499899],[-72.999527,4.498661]]}},{"type":"Feature","properties":{"linea":"6-1-158","palmas":31},"geometry":{"type":"LineString","coordinates":[[-72.997528,4.49998],[-72.999599,4.4987]]}},{"type":"Feature","properties":{"linea":"6-1-159","palmas":31},"geometry":{"type":"LineString","coordinates":[[-72.99753,4.500062],[-72.999601,4.498781]]}},{"type":"Feature","properties":{"linea":"6-1-16","palmas":15},"geometry":{"type":"LineString","coordinates":[[-72.997269,4.488387],[-72.998511,4.487619]]}},{"type":"Feature","properties":{"linea":"6-1-160","palmas":31},"geometry":{"type":"LineString","coordinates":[[-72.997532,4.500143],[-72.999603,4.498863]]}},{"type":"Feature","properties":{"linea":"6-1-161","palmas":31},"geometry":{"type":"LineString","coordinates":[[-72.997534,4.500224],[-72.999606,4.498944]]}},{"type":"Feature","properties":{"linea":"6-1-162","palmas":32},"geometry":{"type":"LineString","coordinates":[[-72.997537,4.500306],[-72.999677,4.498983]]}},{"type":"Feature","properties":{"linea":"6-1-163","palmas":31},"geometry":{"type":"LineString","coordinates":[[-72.997608,4.500344],[-72.999679,4.499064]]}},{"type":"Feature","properties":{"linea":"6-1-164","palmas":31},"geometry":{"type":"LineString","coordinates":[[-72.99761,4.500426],[-72.999681,4.499145]]}},{"type":"Feature","properties":{"linea":"6-1-165","palmas":32},"geometry":{"type":"LineString","coordinates":[[-72.997544,4.50055],[-72.999684,4.499227]]}},{"type":"Feature","properties":{"linea":"6-1-166","palmas":32},"geometry":{"type":"LineString","coordinates":[[-72.997546,4.500631],[-72.999686,4.499308]]}},{"type":"Feature","properties":{"linea":"6-1-167","palmas":32},"geometry":{"type":"LineString","coordinates":[[-72.997548,4.500712],[-72.999688,4.499389]]}},{"type":"Feature","properties":{"linea":"6-1-168","palmas":33},"geometry":{"type":"LineString","coordinates":[[-72.997551,4.500794],[-72.99976,4.499428]]}},{"type":"Feature","properties":{"linea":"6-1-169","palmas":33},"geometry":{"type":"LineString","coordinates":[[-72.997553,4.500875],[-72.999762,4.499509]]}},{"type":"Feature","properties":{"linea":"6-1-17","palmas":19},"geometry":{"type":"LineString","coordinates":[[-72.997202,4.488511],[-72.998582,4.487658]]}},{"type":"Feature","properties":{"linea":"6-1-170","palmas":33},"geometry":{"type":"LineString","coordinates":[[-72.997555,4.500956],[-72.999764,4.499591]]}},{"type":"Feature","properties":{"linea":"6-1-171","palmas":34},"geometry":{"type":"LineString","coordinates":[[-72.997557,4.501037],[-72.999836,4.499629]]}},{"type":"Feature","properties":{"linea":"6-1-172","palmas":34},"geometry":{"type":"LineString","coordinates":[[-72.99756,4.501119],[-72.999838,4.499711]]}},{"type":"Feature","properties":{"linea":"6-1-173","palmas":34},"geometry":{"type":"LineString","coordinates":[[-72.997562,4.5012],[-72.99984,4.499792]]}},{"type":"Feature","properties":{"linea":"6-1-174","palmas":34},"geometry":{"type":"LineString","coordinates":[[-72.997564,4.501282],[-72.999843,4.499873]]}},{"type":"Feature","properties":{"linea":"6-1-175","palmas":34},"geometry":{"type":"LineString","coordinates":[[-72.997567,4.501363],[-72.999845,4.499955]]}},{"type":"Feature","properties":{"linea":"6-1-176","palmas":34},"geometry":{"type":"LineString","coordinates":[[-72.997569,4.501444],[-72.999847,4.500036]]}},{"type":"Feature","properties":{"linea":"6-1-177","palmas":34},"geometry":{"type":"LineString","coordinates":[[-72.997571,4.501526],[-72.99985,4.500117]]}},{"type":"Feature","properties":{"linea":"6-1-178","palmas":34},"geometry":{"type":"LineString","coordinates":[[-72.997574,4.501607],[-72.999852,4.500199]]}},{"type":"Feature","properties":{"linea":"6-1-179","palmas":34},"geometry":{"type":"LineString","coordinates":[[-72.997576,4.501688],[-72.999854,4.50028]]}},{"type":"Feature","properties":{"linea":"6-1-18","palmas":22},"geometry":{"type":"LineString","coordinates":[[-72.997204,4.488593],[-72.998654,4.487696]]}},{"type":"Feature","properties":{"linea":"6-1-180","palmas":34},"geometry":{"type":"LineString","coordinates":[[-72.997578,4.50177],[-72.999856,4.500361]]}},{"type":"Feature","properties":{"linea":"6-1-181","palmas":34},"geometry":{"type":"LineString","coordinates":[[-72.997581,4.501851],[-72.999859,4.500443]]}},{"type":"Feature","properties":{"linea":"6-1-182","palmas":34},"geometry":{"type":"LineString","coordinates":[[-72.997583,4.501932],[-72.999861,4.500524]]}},{"type":"Feature","properties":{"linea":"6-1-183","palmas":34},"geometry":{"type":"LineString","coordinates":[[-72.997585,4.502014],[-72.999863,4.500605]]}},{"type":"Feature","properties":{"linea":"6-1-184","palmas":34},"geometry":{"type":"LineString","coordinates":[[-72.997587,4.502095],[-72.999866,4.500687]]}},{"type":"Feature","properties":{"linea":"6-1-185","palmas":34},"geometry":{"type":"LineString","coordinates":[[-72.99759,4.502176],[-72.999868,4.500768]]}},{"type":"Feature","properties":{"linea":"6-1-186","palmas":34},"geometry":{"type":"LineString","coordinates":[[-72.997592,4.502258],[-72.99987,4.500849]]}},{"type":"Feature","properties":{"linea":"6-1-187","palmas":34},"geometry":{"type":"LineString","coordinates":[[-72.997594,4.502339],[-72.999873,4.500931]]}},{"type":"Feature","properties":{"linea":"6-1-188","palmas":31},"geometry":{"type":"LineString","coordinates":[[-72.997597,4.502421],[-72.999875,4.501012]]}},{"type":"Feature","properties":{"linea":"6-1-189","palmas":26},"geometry":{"type":"LineString","coordinates":[[-72.997599,4.502502],[-72.999325,4.501435]]}},{"type":"Feature","properties":{"linea":"6-1-19","palmas":23},"geometry":{"type":"LineString","coordinates":[[-72.997206,4.488674],[-72.998725,4.487735]]}},{"type":"Feature","properties":{"linea":"6-1-190","palmas":25},"geometry":{"type":"LineString","coordinates":[[-72.997601,4.502583],[-72.999258,4.501559]]}},{"type":"Feature","properties":{"linea":"6-1-191","palmas":14},"geometry":{"type":"LineString","coordinates":[[-72.997705,4.503761],[-72.997675,4.502703]]}},{"type":"Feature","properties":{"linea":"6-1-192","palmas":14},"geometry":{"type":"LineString","coordinates":[[-72.997774,4.503718],[-72.997744,4.502661]]}},{"type":"Feature","properties":{"linea":"6-1-193","palmas":15},"geometry":{"type":"LineString","coordinates":[[-72.997846,4.503756],[-72.997813,4.502618]]}},{"type":"Feature","properties":{"linea":"6-1-194","palmas":15},"geometry":{"type":"LineString","coordinates":[[-72.997914,4.503714],[-72.997882,4.502575]]}},{"type":"Feature","properties":{"linea":"6-1-195","palmas":16},"geometry":{"type":"LineString","coordinates":[[-72.997986,4.503753],[-72.997951,4.502533]]}},{"type":"Feature","properties":{"linea":"6-1-196","palmas":16},"geometry":{"type":"LineString","coordinates":[[-72.998055,4.50371],[-72.99802,4.50249]]}},{"type":"Feature","properties":{"linea":"6-1-197","palmas":17},"geometry":{"type":"LineString","coordinates":[[-72.998126,4.503749],[-72.998089,4.502447]]}},{"type":"Feature","properties":{"linea":"6-1-198","palmas":17},"geometry":{"type":"LineString","coordinates":[[-72.998195,4.503706],[-72.998158,4.502404]]}},{"type":"Feature","properties":{"linea":"6-1-199","palmas":17},"geometry":{"type":"LineString","coordinates":[[-72.998264,4.503663],[-72.998227,4.502362]]}},{"type":"Feature","properties":{"linea":"6-1-2","palmas":5},"geometry":{"type":"LineString","coordinates":[[-72.997167,4.487291],[-72.997719,4.48695]]}},{"type":"Feature","properties":{"linea":"6-1-20","palmas":23},"geometry":{"type":"LineString","coordinates":[[-72.997209,4.488755],[-72.998728,4.487816]]}},{"type":"Feature","properties":{"linea":"6-1-200","palmas":18},"geometry":{"type":"LineString","coordinates":[[-72.998336,4.503702],[-72.998296,4.502319]]}},{"type":"Feature","properties":{"linea":"6-1-201","palmas":19},"geometry":{"type":"LineString","coordinates":[[-72.998407,4.503741],[-72.998366,4.502276]]}},{"type":"Feature","properties":{"linea":"6-1-202","palmas":19},"geometry":{"type":"LineString","coordinates":[[-72.998476,4.503698],[-72.998434,4.502234]]}},{"type":"Feature","properties":{"linea":"6-1-203","palmas":19},"geometry":{"type":"LineString","coordinates":[[-72.998545,4.503655],[-72.998504,4.502191]]}},{"type":"Feature","properties":{"linea":"6-1-204","palmas":20},"geometry":{"type":"LineString","coordinates":[[-72.998616,4.503694],[-72.998572,4.502148]]}},{"type":"Feature","properties":{"linea":"6-1-205","palmas":21},"geometry":{"type":"LineString","coordinates":[[-72.998688,4.503732],[-72.998642,4.502106]]}},{"type":"Feature","properties":{"linea":"6-1-206","palmas":21},"geometry":{"type":"LineString","coordinates":[[-72.998757,4.50369],[-72.998711,4.502063]]}},{"type":"Feature","properties":{"linea":"6-1-207","palmas":22},"geometry":{"type":"LineString","coordinates":[[-72.998828,4.503728],[-72.99878,4.50202]]}},{"type":"Feature","properties":{"linea":"6-1-208","palmas":22},"geometry":{"type":"LineString","coordinates":[[-72.998897,4.503686],[-72.998849,4.501977]]}},{"type":"Feature","properties":{"linea":"6-1-209","palmas":22},"geometry":{"type":"LineString","coordinates":[[-72.998966,4.503643],[-72.998918,4.501935]]}},{"type":"Feature","properties":{"linea":"6-1-21","palmas":24},"geometry":{"type":"LineString","coordinates":[[-72.997211,4.488836],[-72.998799,4.487855]]}},{"type":"Feature","properties":{"linea":"6-1-210","palmas":23},"geometry":{"type":"LineString","coordinates":[[-72.999038,4.503682],[-72.998987,4.501892]]}},{"type":"Feature","properties":{"linea":"6-1-211","palmas":24},"geometry":{"type":"LineString","coordinates":[[-72.999109,4.50372],[-72.999056,4.501849]]}},{"type":"Feature","properties":{"linea":"6-1-212","palmas":24},"geometry":{"type":"LineString","coordinates":[[-72.999178,4.503678],[-72.999125,4.501807]]}},{"type":"Feature","properties":{"linea":"6-1-213","palmas":24},"geometry":{"type":"LineString","coordinates":[[-72.999247,4.503635],[-72.999194,4.501764]]}},{"type":"Feature","properties":{"linea":"6-1-214","palmas":25},"geometry":{"type":"LineString","coordinates":[[-72.999318,4.503674],[-72.999263,4.501721]]}},{"type":"Feature","properties":{"linea":"6-1-215","palmas":20},"geometry":{"type":"LineString","coordinates":[[-72.99939,4.503712],[-72.999346,4.502167]]}},{"type":"Feature","properties":{"linea":"6-1-216","palmas":18},"geometry":{"type":"LineString","coordinates":[[-72.999459,4.50367],[-72.999419,4.502287]]}},{"type":"Feature","properties":{"linea":"6-1-217","palmas":17},"geometry":{"type":"LineString","coordinates":[[-72.99953,4.503708],[-72.999493,4.502407]]}},{"type":"Feature","properties":{"linea":"6-1-218","palmas":16},"geometry":{"type":"LineString","coordinates":[[-72.999599,4.503666],[-72.999564,4.502446]]}},{"type":"Feature","properties":{"linea":"6-1-219","palmas":15},"geometry":{"type":"LineString","coordinates":[[-72.999668,4.503623],[-72.999636,4.502484]]}},{"type":"Feature","properties":{"linea":"6-1-22","palmas":24},"geometry":{"type":"LineString","coordinates":[[-72.997213,4.488918],[-72.998801,4.487936]]}},{"type":"Feature","properties":{"linea":"6-1-220","palmas":15},"geometry":{"type":"LineString","coordinates":[[-72.999739,4.503662],[-72.999707,4.502523]]}},{"type":"Feature","properties":{"linea":"6-1-221","palmas":14},"geometry":{"type":"LineString","coordinates":[[-72.999809,4.503619],[-72.999779,4.502562]]}},{"type":"Feature","properties":{"linea":"6-1-222","palmas":15},"geometry":{"type":"LineString","coordinates":[[-72.99988,4.503658],[-72.999848,4.502519]]}},{"type":"Feature","properties":{"linea":"6-1-223","palmas":14},"geometry":{"type":"LineString","coordinates":[[-72.999949,4.503615],[-72.999919,4.502557]]}},{"type":"Feature","properties":{"linea":"6-1-224","palmas":13},"geometry":{"type":"LineString","coordinates":[[-73.00002,4.503654],[-72.999993,4.502677]]}},{"type":"Feature","properties":{"linea":"6-1-225","palmas":12},"geometry":{"type":"LineString","coordinates":[[-73.000089,4.503611],[-73.000064,4.502716]]}},{"type":"Feature","properties":{"linea":"6-1-226","palmas":11},"geometry":{"type":"LineString","coordinates":[[-73.000161,4.50365],[-73.000137,4.502836]]}},{"type":"Feature","properties":{"linea":"6-1-227","palmas":10},"geometry":{"type":"LineString","coordinates":[[-73.00023,4.503607],[-73.000209,4.502875]]}},{"type":"Feature","properties":{"linea":"6-1-228","palmas":10},"geometry":{"type":"LineString","coordinates":[[-73.000301,4.503646],[-73.00028,4.502914]]}},{"type":"Feature","properties":{"linea":"6-1-229","palmas":9},"geometry":{"type":"LineString","coordinates":[[-73.00037,4.503603],[-73.000352,4.502952]]}},{"type":"Feature","properties":{"linea":"6-1-23","palmas":25},"geometry":{"type":"LineString","coordinates":[[-72.997216,4.488999],[-72.998873,4.487975]]}},{"type":"Feature","properties":{"linea":"6-1-230","palmas":9},"geometry":{"type":"LineString","coordinates":[[-73.000439,4.50356],[-73.000421,4.502909]]}},{"type":"Feature","properties":{"linea":"6-1-231","palmas":10},"geometry":{"type":"LineString","coordinates":[[-73.000511,4.503599],[-73.00049,4.502867]]}},{"type":"Feature","properties":{"linea":"6-1-232","palmas":11},"geometry":{"type":"LineString","coordinates":[[-73.000582,4.503637],[-73.000559,4.502824]]}},{"type":"Feature","properties":{"linea":"6-1-233","palmas":11},"geometry":{"type":"LineString","coordinates":[[-73.000651,4.503595],[-73.000628,4.502781]]}},{"type":"Feature","properties":{"linea":"6-1-234","palmas":11},"geometry":{"type":"LineString","coordinates":[[-73.00072,4.503552],[-73.000697,4.502739]]}},{"type":"Feature","properties":{"linea":"6-1-235","palmas":12},"geometry":{"type":"LineString","coordinates":[[-73.000791,4.503591],[-73.000766,4.502696]]}},{"type":"Feature","properties":{"linea":"6-1-236","palmas":13},"geometry":{"type":"LineString","coordinates":[[-73.00086,4.503548],[-73.000833,4.502572]]}},{"type":"Feature","properties":{"linea":"6-1-237","palmas":15},"geometry":{"type":"LineString","coordinates":[[-73.000932,4.503587],[-73.000899,4.502448]]}},{"type":"Feature","properties":{"linea":"6-1-238","palmas":16},"geometry":{"type":"LineString","coordinates":[[-73.001001,4.503544],[-73.000966,4.502324]]}},{"type":"Feature","properties":{"linea":"6-1-239","palmas":16},"geometry":{"type":"LineString","coordinates":[[-73.001072,4.503583],[-73.001037,4.502363]]}},{"type":"Feature","properties":{"linea":"6-1-24","palmas":24},"geometry":{"type":"LineString","coordinates":[[-72.997287,4.489038],[-72.998875,4.488056]]}},{"type":"Feature","properties":{"linea":"6-1-240","palmas":16},"geometry":{"type":"LineString","coordinates":[[-73.001143,4.503621],[-73.001109,4.502401]]}},{"type":"Feature","properties":{"linea":"6-1-241","palmas":15},"geometry":{"type":"LineString","coordinates":[[-73.001212,4.503579],[-73.00118,4.50244]]}},{"type":"Feature","properties":{"linea":"6-1-242","palmas":15},"geometry":{"type":"LineString","coordinates":[[-73.001284,4.503617],[-73.001251,4.502479]]}},{"type":"Feature","properties":{"linea":"6-1-243","palmas":14},"geometry":{"type":"LineString","coordinates":[[-73.001353,4.503575],[-73.001323,4.502517]]}},{"type":"Feature","properties":{"linea":"6-1-244","palmas":12},"geometry":{"type":"LineString","coordinates":[[-73.001422,4.503532],[-73.001396,4.502637]]}},{"type":"Feature","properties":{"linea":"6-1-245","palmas":11},"geometry":{"type":"LineString","coordinates":[[-73.001493,4.503571],[-73.00147,4.502758]]}},{"type":"Feature","properties":{"linea":"6-1-246","palmas":10},"geometry":{"type":"LineString","coordinates":[[-73.001564,4.503609],[-73.001544,4.502878]]}},{"type":"Feature","properties":{"linea":"6-1-247","palmas":8},"geometry":{"type":"LineString","coordinates":[[-73.001634,4.503567],[-73.001617,4.502998]]}},{"type":"Feature","properties":{"linea":"6-1-248","palmas":5},"geometry":{"type":"LineString","coordinates":[[-73.001705,4.503606],[-73.001696,4.50328]]}},{"type":"Feature","properties":{"linea":"6-1-249","palmas":4},"geometry":{"type":"LineString","coordinates":[[-73.001774,4.503563],[-73.001767,4.503319]]}},{"type":"Feature","properties":{"linea":"6-1-25","palmas":25},"geometry":{"type":"LineString","coordinates":[[-72.99722,4.489162],[-72.998877,4.488137]]}},{"type":"Feature","properties":{"linea":"6-1-250","palmas":3},"geometry":{"type":"LineString","coordinates":[[-73.001845,4.503601],[-73.001841,4.503439]]}},{"type":"Feature","properties":{"linea":"6-1-251","palmas":2},"geometry":{"type":"LineString","coordinates":[[-73.001917,4.50364],[-73.001914,4.503559]]}},{"type":"Feature","properties":{"linea":"6-1-26","palmas":26},"geometry":{"type":"LineString","coordinates":[[-72.997223,4.489243],[-72.998949,4.488176]]}},{"type":"Feature","properties":{"linea":"6-1-27","palmas":27},"geometry":{"type":"LineString","coordinates":[[-72.997225,4.489324],[-72.99902,4.488215]]}},{"type":"Feature","properties":{"linea":"6-1-28","palmas":28},"geometry":{"type":"LineString","coordinates":[[-72.997227,4.489406],[-72.999091,4.488254]]}},{"type":"Feature","properties":{"linea":"6-1-29","palmas":28},"geometry":{"type":"LineString","coordinates":[[-72.997229,4.489487],[-72.999094,4.488335]]}},{"type":"Feature","properties":{"linea":"6-1-3","palmas":6},"geometry":{"type":"LineString","coordinates":[[-72.997169,4.487373],[-72.997791,4.486988]]}},{"type":"Feature","properties":{"linea":"6-1-30","palmas":28},"geometry":{"type":"LineString","coordinates":[[-72.997301,4.489526],[-72.999165,4.488374]]}},{"type":"Feature","properties":{"linea":"6-1-31","palmas":30},"geometry":{"type":"LineString","coordinates":[[-72.997234,4.48965],[-72.999236,4.488412]]}},{"type":"Feature","properties":{"linea":"6-1-32","palmas":30},"geometry":{"type":"LineString","coordinates":[[-72.997236,4.489731],[-72.999239,4.488494]]}},{"type":"Feature","properties":{"linea":"6-1-33","palmas":30},"geometry":{"type":"LineString","coordinates":[[-72.997239,4.489813],[-72.999241,4.488575]]}},{"type":"Feature","properties":{"linea":"6-1-34","palmas":30},"geometry":{"type":"LineString","coordinates":[[-72.997241,4.489894],[-72.999243,4.488656]]}},{"type":"Feature","properties":{"linea":"6-1-35","palmas":30},"geometry":{"type":"LineString","coordinates":[[-72.997243,4.489975],[-72.999246,4.488738]]}},{"type":"Feature","properties":{"linea":"6-1-36","palmas":30},"geometry":{"type":"LineString","coordinates":[[-72.997246,4.490057],[-72.999248,4.488819]]}},{"type":"Feature","properties":{"linea":"6-1-37","palmas":30},"geometry":{"type":"LineString","coordinates":[[-72.997248,4.490138],[-72.99925,4.4889]]}},{"type":"Feature","properties":{"linea":"6-1-38","palmas":30},"geometry":{"type":"LineString","coordinates":[[-72.99725,4.490219],[-72.999252,4.488982]]}},{"type":"Feature","properties":{"linea":"6-1-39","palmas":30},"geometry":{"type":"LineString","coordinates":[[-72.997253,4.490301],[-72.999255,4.489063]]}},{"type":"Feature","properties":{"linea":"6-1-4","palmas":9},"geometry":{"type":"LineString","coordinates":[[-72.997172,4.487454],[-72.997862,4.487027]]}},{"type":"Feature","properties":{"linea":"6-1-40","palmas":30},"geometry":{"type":"LineString","coordinates":[[-72.997255,4.490382],[-72.999257,4.489144]]}},{"type":"Feature","properties":{"linea":"6-1-41","palmas":30},"geometry":{"type":"LineString","coordinates":[[-72.997257,4.490463],[-72.999259,4.489226]]}},{"type":"Feature","properties":{"linea":"6-1-42","palmas":23},"geometry":{"type":"LineString","coordinates":[[-72.997743,4.490246],[-72.999262,4.489307]]}},{"type":"Feature","properties":{"linea":"6-1-43","palmas":22},"geometry":{"type":"LineString","coordinates":[[-72.997814,4.490285],[-72.999264,4.489388]]}},{"type":"Feature","properties":{"linea":"6-1-44","palmas":17},"geometry":{"type":"LineString","coordinates":[[-72.998092,4.490195],[-72.999266,4.48947]]}},{"type":"Feature","properties":{"linea":"6-1-45","palmas":15},"geometry":{"type":"LineString","coordinates":[[-72.998302,4.490149],[-72.999269,4.489551]]}},{"type":"Feature","properties":{"linea":"6-1-46","palmas":14},"geometry":{"type":"LineString","coordinates":[[-72.998373,4.490187],[-72.999271,4.489632]]}},{"type":"Feature","properties":{"linea":"6-1-47","palmas":10},"geometry":{"type":"LineString","coordinates":[[-72.998652,4.490098],[-72.999273,4.489714]]}},{"type":"Feature","properties":{"linea":"6-1-48","palmas":4},"geometry":{"type":"LineString","coordinates":[[-72.998999,4.489966],[-72.999206,4.489838]]}},{"type":"Feature","properties":{"linea":"6-1-5","palmas":9},"geometry":{"type":"LineString","coordinates":[[-72.997243,4.487493],[-72.997934,4.487066]]}},{"type":"Feature","properties":{"linea":"6-1-50","palmas":4},"geometry":{"type":"LineString","coordinates":[[-72.997276,4.491114],[-72.997483,4.490986]]}},{"type":"Feature","properties":{"linea":"6-1-51","palmas":7},"geometry":{"type":"LineString","coordinates":[[-72.997278,4.491195],[-72.997692,4.490939]]}},{"type":"Feature","properties":{"linea":"6-1-52","palmas":10},"geometry":{"type":"LineString","coordinates":[[-72.99728,4.491277],[-72.997902,4.490893]]}},{"type":"Feature","properties":{"linea":"6-1-53","palmas":13},"geometry":{"type":"LineString","coordinates":[[-72.997283,4.491358],[-72.99818,4.490803]]}},{"type":"Feature","properties":{"linea":"6-1-54","palmas":18},"geometry":{"type":"LineString","coordinates":[[-72.997285,4.491439],[-72.998459,4.490714]]}},{"type":"Feature","properties":{"linea":"6-1-55","palmas":21},"geometry":{"type":"LineString","coordinates":[[-72.997287,4.491521],[-72.998668,4.490667]]}},{"type":"Feature","properties":{"linea":"6-1-56","palmas":22},"geometry":{"type":"LineString","coordinates":[[-72.99729,4.491602],[-72.998739,4.490706]]}},{"type":"Feature","properties":{"linea":"6-1-57","palmas":23},"geometry":{"type":"LineString","coordinates":[[-72.997292,4.491683],[-72.998811,4.490744]]}},{"type":"Feature","properties":{"linea":"6-1-58","palmas":23},"geometry":{"type":"LineString","coordinates":[[-72.997294,4.491765],[-72.998813,4.490826]]}},{"type":"Feature","properties":{"linea":"6-1-59","palmas":23},"geometry":{"type":"LineString","coordinates":[[-72.997297,4.491846],[-72.998815,4.490907]]}},{"type":"Feature","properties":{"linea":"6-1-6","palmas":10},"geometry":{"type":"LineString","coordinates":[[-72.997314,4.487531],[-72.998005,4.487104]]}},{"type":"Feature","properties":{"linea":"6-1-60","palmas":23},"geometry":{"type":"LineString","coordinates":[[-72.997299,4.491928],[-72.998818,4.490989]]}},{"type":"Feature","properties":{"linea":"6-1-61","palmas":24},"geometry":{"type":"LineString","coordinates":[[-72.997301,4.492009],[-72.998889,4.491027]]}},{"type":"Feature","properties":{"linea":"6-1-62","palmas":24},"geometry":{"type":"LineString","coordinates":[[-72.997304,4.49209],[-72.998891,4.491109]]}},{"type":"Feature","properties":{"linea":"6-1-63","palmas":24},"geometry":{"type":"LineString","coordinates":[[-72.997306,4.492171],[-72.998894,4.49119]]}},{"type":"Feature","properties":{"linea":"6-1-64","palmas":24},"geometry":{"type":"LineString","coordinates":[[-72.997308,4.492253],[-72.998896,4.491271]]}},{"type":"Feature","properties":{"linea":"6-1-65","palmas":24},"geometry":{"type":"LineString","coordinates":[[-72.99731,4.492334],[-72.998898,4.491352]]}},{"type":"Feature","properties":{"linea":"6-1-66","palmas":24},"geometry":{"type":"LineString","coordinates":[[-72.997313,4.492416],[-72.998901,4.491434]]}},{"type":"Feature","properties":{"linea":"6-1-67","palmas":24},"geometry":{"type":"LineString","coordinates":[[-72.997315,4.492497],[-72.998903,4.491515]]}},{"type":"Feature","properties":{"linea":"6-1-68","palmas":24},"geometry":{"type":"LineString","coordinates":[[-72.997317,4.492578],[-72.998905,4.491597]]}},{"type":"Feature","properties":{"linea":"6-1-69","palmas":25},"geometry":{"type":"LineString","coordinates":[[-72.99732,4.492659],[-72.998976,4.491635]]}},{"type":"Feature","properties":{"linea":"6-1-7","palmas":10},"geometry":{"type":"LineString","coordinates":[[-72.997386,4.48757],[-72.998007,4.487186]]}},{"type":"Feature","properties":{"linea":"6-1-70","palmas":25},"geometry":{"type":"LineString","coordinates":[[-72.997322,4.492741],[-72.998979,4.491717]]}},{"type":"Feature","properties":{"linea":"6-1-71","palmas":25},"geometry":{"type":"LineString","coordinates":[[-72.997324,4.492822],[-72.998981,4.491798]]}},{"type":"Feature","properties":{"linea":"6-1-72","palmas":25},"geometry":{"type":"LineString","coordinates":[[-72.997327,4.492904],[-72.998983,4.491879]]}},{"type":"Feature","properties":{"linea":"6-1-73","palmas":18},"geometry":{"type":"LineString","coordinates":[[-72.997812,4.492686],[-72.998986,4.491961]]}},{"type":"Feature","properties":{"linea":"6-1-74","palmas":15},"geometry":{"type":"LineString","coordinates":[[-72.998022,4.492639],[-72.998988,4.492042]]}},{"type":"Feature","properties":{"linea":"6-1-75","palmas":14},"geometry":{"type":"LineString","coordinates":[[-72.998093,4.492678],[-72.99899,4.492123]]}},{"type":"Feature","properties":{"linea":"6-1-76","palmas":13},"geometry":{"type":"LineString","coordinates":[[-72.998164,4.492717],[-72.998993,4.492205]]}},{"type":"Feature","properties":{"linea":"6-1-77","palmas":11},"geometry":{"type":"LineString","coordinates":[[-72.998236,4.492756],[-72.998926,4.492329]]}},{"type":"Feature","properties":{"linea":"6-1-78","palmas":9},"geometry":{"type":"LineString","coordinates":[[-72.998307,4.492794],[-72.998859,4.492453]]}},{"type":"Feature","properties":{"linea":"6-1-79","palmas":6},"geometry":{"type":"LineString","coordinates":[[-72.998447,4.49279],[-72.998793,4.492577]]}},{"type":"Feature","properties":{"linea":"6-1-8","palmas":10},"geometry":{"type":"LineString","coordinates":[[-72.997457,4.487608],[-72.998079,4.487224]]}},{"type":"Feature","properties":{"linea":"6-1-81","palmas":2},"geometry":{"type":"LineString","coordinates":[[-72.99735,4.493717],[-72.997419,4.493674]]}},{"type":"Feature","properties":{"linea":"6-1-82","palmas":3},"geometry":{"type":"LineString","coordinates":[[-72.997352,4.493798],[-72.99749,4.493713]]}},{"type":"Feature","properties":{"linea":"6-1-83","palmas":3},"geometry":{"type":"LineString","coordinates":[[-72.997354,4.49388],[-72.997492,4.493794]]}},{"type":"Feature","properties":{"linea":"6-1-84","palmas":4},"geometry":{"type":"LineString","coordinates":[[-72.997357,4.493961],[-72.997564,4.493833]]}},{"type":"Feature","properties":{"linea":"6-1-85","palmas":7},"geometry":{"type":"LineString","coordinates":[[-72.997359,4.494042],[-72.997773,4.493786]]}},{"type":"Feature","properties":{"linea":"6-1-86","palmas":8},"geometry":{"type":"LineString","coordinates":[[-72.997361,4.494124],[-72.997844,4.493825]]}},{"type":"Feature","properties":{"linea":"6-1-87","palmas":10},"geometry":{"type":"LineString","coordinates":[[-72.997364,4.494205],[-72.997985,4.493821]]}},{"type":"Feature","properties":{"linea":"6-1-88","palmas":13},"geometry":{"type":"LineString","coordinates":[[-72.997366,4.494286],[-72.998194,4.493774]]}},{"type":"Feature","properties":{"linea":"6-1-89","palmas":16},"geometry":{"type":"LineString","coordinates":[[-72.997368,4.494368],[-72.998404,4.493728]]}},{"type":"Feature","properties":{"linea":"6-1-9","palmas":11},"geometry":{"type":"LineString","coordinates":[[-72.997459,4.48769],[-72.99815,4.487263]]}},{"type":"Feature","properties":{"linea":"6-1-90","palmas":21},"geometry":{"type":"LineString","coordinates":[[-72.997371,4.494449],[-72.998751,4.493596]]}},{"type":"Feature","properties":{"linea":"6-1-91","palmas":23},"geometry":{"type":"LineString","coordinates":[[-72.997373,4.49453],[-72.998892,4.493591]]}},{"type":"Feature","properties":{"linea":"6-1-92","palmas":25},"geometry":{"type":"LineString","coordinates":[[-72.997375,4.494612],[-72.999032,4.493588]]}},{"type":"Feature","properties":{"linea":"6-1-93","palmas":27},"geometry":{"type":"LineString","coordinates":[[-72.997446,4.49465],[-72.999241,4.493541]]}},{"type":"Feature","properties":{"linea":"6-1-94","palmas":28},"geometry":{"type":"LineString","coordinates":[[-72.997449,4.494732],[-72.999313,4.493579]]}},{"type":"Feature","properties":{"linea":"6-1-95","palmas":30},"geometry":{"type":"LineString","coordinates":[[-72.997382,4.494856],[-72.999384,4.493618]]}},{"type":"Feature","properties":{"linea":"6-1-96","palmas":31},"geometry":{"type":"LineString","coordinates":[[-72.997384,4.494937],[-72.999455,4.493657]]}},{"type":"Feature","properties":{"linea":"6-1-97","palmas":31},"geometry":{"type":"LineString","coordinates":[[-72.997387,4.495018],[-72.999458,4.493738]]}},{"type":"Feature","properties":{"linea":"6-1-98","palmas":32},"geometry":{"type":"LineString","coordinates":[[-72.997389,4.4951],[-72.999529,4.493777]]}},{"type":"Feature","properties":{"linea":"6-1-99","palmas":33},"geometry":{"type":"LineString","coordinates":[[-72.997391,4.495181],[-72.9996,4.493815]]}},{"type":"Feature","properties":{"linea":"6-2-1","palmas":4},"geometry":{"type":"LineString","coordinates":[[-72.99658,4.486412],[-72.996366,4.486296]]}},{"type":"Feature","properties":{"linea":"6-2-10","palmas":27},"geometry":{"type":"LineString","coordinates":[[-72.997029,4.487376],[-72.995174,4.486371]]}},{"type":"Feature","properties":{"linea":"6-2-100","palmas":15},"geometry":{"type":"LineString","coordinates":[[-72.997161,4.492013],[-72.996162,4.491472]]}},{"type":"Feature","properties":{"linea":"6-2-101","palmas":16},"geometry":{"type":"LineString","coordinates":[[-72.997163,4.492094],[-72.996093,4.491514]]}},{"type":"Feature","properties":{"linea":"6-2-102","palmas":17},"geometry":{"type":"LineString","coordinates":[[-72.997165,4.492176],[-72.996024,4.491557]]}},{"type":"Feature","properties":{"linea":"6-2-103","palmas":18},"geometry":{"type":"LineString","coordinates":[[-72.997168,4.492257],[-72.995955,4.491599]]}},{"type":"Feature","properties":{"linea":"6-2-104","palmas":19},"geometry":{"type":"LineString","coordinates":[[-72.99717,4.492338],[-72.995886,4.491642]]}},{"type":"Feature","properties":{"linea":"6-2-105","palmas":20},"geometry":{"type":"LineString","coordinates":[[-72.997172,4.492419],[-72.995817,4.491685]]}},{"type":"Feature","properties":{"linea":"6-2-106","palmas":20},"geometry":{"type":"LineString","coordinates":[[-72.997175,4.492501],[-72.995819,4.491766]]}},{"type":"Feature","properties":{"linea":"6-2-107","palmas":21},"geometry":{"type":"LineString","coordinates":[[-72.997177,4.492582],[-72.99575,4.491809]]}},{"type":"Feature","properties":{"linea":"6-2-108","palmas":21},"geometry":{"type":"LineString","coordinates":[[-72.997179,4.492664],[-72.995752,4.49189]]}},{"type":"Feature","properties":{"linea":"6-2-109","palmas":22},"geometry":{"type":"LineString","coordinates":[[-72.997182,4.492745],[-72.995683,4.491933]]}},{"type":"Feature","properties":{"linea":"6-2-11","palmas":28},"geometry":{"type":"LineString","coordinates":[[-72.997031,4.487458],[-72.995105,4.486414]]}},{"type":"Feature","properties":{"linea":"6-2-110","palmas":22},"geometry":{"type":"LineString","coordinates":[[-72.997184,4.492826],[-72.995686,4.492014]]}},{"type":"Feature","properties":{"linea":"6-2-111","palmas":23},"geometry":{"type":"LineString","coordinates":[[-72.997186,4.492908],[-72.995617,4.492057]]}},{"type":"Feature","properties":{"linea":"6-2-112","palmas":23},"geometry":{"type":"LineString","coordinates":[[-72.997189,4.492989],[-72.995619,4.492138]]}},{"type":"Feature","properties":{"linea":"6-2-113","palmas":24},"geometry":{"type":"LineString","coordinates":[[-72.997191,4.49307],[-72.99555,4.492181]]}},{"type":"Feature","properties":{"linea":"6-2-114","palmas":24},"geometry":{"type":"LineString","coordinates":[[-72.997193,4.493152],[-72.995552,4.492262]]}},{"type":"Feature","properties":{"linea":"6-2-115","palmas":24},"geometry":{"type":"LineString","coordinates":[[-72.997196,4.493233],[-72.995554,4.492344]]}},{"type":"Feature","properties":{"linea":"6-2-116","palmas":24},"geometry":{"type":"LineString","coordinates":[[-72.997126,4.493276],[-72.995486,4.492386]]}},{"type":"Feature","properties":{"linea":"6-2-117","palmas":27},"geometry":{"type":"LineString","coordinates":[[-72.9972,4.493396],[-72.995345,4.49239]]}},{"type":"Feature","properties":{"linea":"6-2-118","palmas":27},"geometry":{"type":"LineString","coordinates":[[-72.997131,4.493438],[-72.995276,4.492433]]}},{"type":"Feature","properties":{"linea":"6-2-119","palmas":29},"geometry":{"type":"LineString","coordinates":[[-72.997205,4.493558],[-72.995207,4.492476]]}},{"type":"Feature","properties":{"linea":"6-2-12","palmas":28},"geometry":{"type":"LineString","coordinates":[[-72.997034,4.487539],[-72.995108,4.486495]]}},{"type":"Feature","properties":{"linea":"6-2-120","palmas":29},"geometry":{"type":"LineString","coordinates":[[-72.997207,4.49364],[-72.995209,4.492557]]}},{"type":"Feature","properties":{"linea":"6-2-121","palmas":29},"geometry":{"type":"LineString","coordinates":[[-72.997209,4.493721],[-72.995212,4.492638]]}},{"type":"Feature","properties":{"linea":"6-2-122","palmas":29},"geometry":{"type":"LineString","coordinates":[[-72.997212,4.493802],[-72.995214,4.49272]]}},{"type":"Feature","properties":{"linea":"6-2-123","palmas":29},"geometry":{"type":"LineString","coordinates":[[-72.997214,4.493884],[-72.995216,4.492801]]}},{"type":"Feature","properties":{"linea":"6-2-124","palmas":29},"geometry":{"type":"LineString","coordinates":[[-72.997216,4.493965],[-72.995219,4.492883]]}},{"type":"Feature","properties":{"linea":"6-2-125","palmas":29},"geometry":{"type":"LineString","coordinates":[[-72.997219,4.494046],[-72.995221,4.492964]]}},{"type":"Feature","properties":{"linea":"6-2-126","palmas":29},"geometry":{"type":"LineString","coordinates":[[-72.997221,4.494128],[-72.995223,4.493045]]}},{"type":"Feature","properties":{"linea":"6-2-127","palmas":29},"geometry":{"type":"LineString","coordinates":[[-72.997223,4.494209],[-72.995226,4.493126]]}},{"type":"Feature","properties":{"linea":"6-2-128","palmas":29},"geometry":{"type":"LineString","coordinates":[[-72.997226,4.49429],[-72.995228,4.493208]]}},{"type":"Feature","properties":{"linea":"6-2-129","palmas":29},"geometry":{"type":"LineString","coordinates":[[-72.997228,4.494372],[-72.99523,4.493289]]}},{"type":"Feature","properties":{"linea":"6-2-13","palmas":28},"geometry":{"type":"LineString","coordinates":[[-72.997036,4.487621],[-72.99511,4.486577]]}},{"type":"Feature","properties":{"linea":"6-2-130","palmas":29},"geometry":{"type":"LineString","coordinates":[[-72.99723,4.494453],[-72.995233,4.493371]]}},{"type":"Feature","properties":{"linea":"6-2-131","palmas":29},"geometry":{"type":"LineString","coordinates":[[-72.997232,4.494534],[-72.995235,4.493452]]}},{"type":"Feature","properties":{"linea":"6-2-132","palmas":29},"geometry":{"type":"LineString","coordinates":[[-72.997235,4.494616],[-72.995237,4.493533]]}},{"type":"Feature","properties":{"linea":"6-2-133","palmas":29},"geometry":{"type":"LineString","coordinates":[[-72.997237,4.494697],[-72.995239,4.493614]]}},{"type":"Feature","properties":{"linea":"6-2-134","palmas":29},"geometry":{"type":"LineString","coordinates":[[-72.997239,4.494778],[-72.995242,4.493696]]}},{"type":"Feature","properties":{"linea":"6-2-135","palmas":29},"geometry":{"type":"LineString","coordinates":[[-72.997242,4.49486],[-72.995244,4.493777]]}},{"type":"Feature","properties":{"linea":"6-2-136","palmas":29},"geometry":{"type":"LineString","coordinates":[[-72.997244,4.494941],[-72.995246,4.493859]]}},{"type":"Feature","properties":{"linea":"6-2-137","palmas":29},"geometry":{"type":"LineString","coordinates":[[-72.997246,4.495023],[-72.995249,4.49394]]}},{"type":"Feature","properties":{"linea":"6-2-138","palmas":29},"geometry":{"type":"LineString","coordinates":[[-72.997249,4.495104],[-72.995251,4.494021]]}},{"type":"Feature","properties":{"linea":"6-2-139","palmas":29},"geometry":{"type":"LineString","coordinates":[[-72.997251,4.495185],[-72.995253,4.494103]]}},{"type":"Feature","properties":{"linea":"6-2-14","palmas":28},"geometry":{"type":"LineString","coordinates":[[-72.997038,4.487702],[-72.995112,4.486658]]}},{"type":"Feature","properties":{"linea":"6-2-140","palmas":29},"geometry":{"type":"LineString","coordinates":[[-72.997253,4.495266],[-72.995256,4.494184]]}},{"type":"Feature","properties":{"linea":"6-2-141","palmas":29},"geometry":{"type":"LineString","coordinates":[[-72.997256,4.495348],[-72.995258,4.494265]]}},{"type":"Feature","properties":{"linea":"6-2-142","palmas":29},"geometry":{"type":"LineString","coordinates":[[-72.997258,4.495429],[-72.99526,4.494347]]}},{"type":"Feature","properties":{"linea":"6-2-143","palmas":29},"geometry":{"type":"LineString","coordinates":[[-72.99726,4.495511],[-72.995262,4.494428]]}},{"type":"Feature","properties":{"linea":"6-2-144","palmas":29},"geometry":{"type":"LineString","coordinates":[[-72.997263,4.495592],[-72.995265,4.494509]]}},{"type":"Feature","properties":{"linea":"6-2-145","palmas":29},"geometry":{"type":"LineString","coordinates":[[-72.997265,4.495673],[-72.995267,4.494591]]}},{"type":"Feature","properties":{"linea":"6-2-146","palmas":29},"geometry":{"type":"LineString","coordinates":[[-72.997267,4.495754],[-72.995269,4.494672]]}},{"type":"Feature","properties":{"linea":"6-2-147","palmas":29},"geometry":{"type":"LineString","coordinates":[[-72.997269,4.495836],[-72.995272,4.494753]]}},{"type":"Feature","properties":{"linea":"6-2-148","palmas":29},"geometry":{"type":"LineString","coordinates":[[-72.997272,4.495917],[-72.995274,4.494835]]}},{"type":"Feature","properties":{"linea":"6-2-149","palmas":29},"geometry":{"type":"LineString","coordinates":[[-72.997274,4.495999],[-72.995276,4.494916]]}},{"type":"Feature","properties":{"linea":"6-2-15","palmas":28},"geometry":{"type":"LineString","coordinates":[[-72.997041,4.487783],[-72.995114,4.486739]]}},{"type":"Feature","properties":{"linea":"6-2-150","palmas":29},"geometry":{"type":"LineString","coordinates":[[-72.997276,4.49608],[-72.995279,4.494997]]}},{"type":"Feature","properties":{"linea":"6-2-151","palmas":29},"geometry":{"type":"LineString","coordinates":[[-72.997279,4.496161],[-72.995281,4.495079]]}},{"type":"Feature","properties":{"linea":"6-2-152","palmas":29},"geometry":{"type":"LineString","coordinates":[[-72.997281,4.496243],[-72.995283,4.49516]]}},{"type":"Feature","properties":{"linea":"6-2-153","palmas":29},"geometry":{"type":"LineString","coordinates":[[-72.997283,4.496324],[-72.995286,4.495241]]}},{"type":"Feature","properties":{"linea":"6-2-154","palmas":29},"geometry":{"type":"LineString","coordinates":[[-72.997286,4.496405],[-72.995288,4.495323]]}},{"type":"Feature","properties":{"linea":"6-2-155","palmas":29},"geometry":{"type":"LineString","coordinates":[[-72.997288,4.496487],[-72.99529,4.495404]]}},{"type":"Feature","properties":{"linea":"6-2-156","palmas":29},"geometry":{"type":"LineString","coordinates":[[-72.99729,4.496568],[-72.995293,4.495485]]}},{"type":"Feature","properties":{"linea":"6-2-157","palmas":29},"geometry":{"type":"LineString","coordinates":[[-72.997293,4.496649],[-72.995295,4.495567]]}},{"type":"Feature","properties":{"linea":"6-2-158","palmas":29},"geometry":{"type":"LineString","coordinates":[[-72.997295,4.496731],[-72.995297,4.495648]]}},{"type":"Feature","properties":{"linea":"6-2-159","palmas":29},"geometry":{"type":"LineString","coordinates":[[-72.997297,4.496812],[-72.995299,4.495729]]}},{"type":"Feature","properties":{"linea":"6-2-16","palmas":29},"geometry":{"type":"LineString","coordinates":[[-72.997043,4.487864],[-72.995045,4.486782]]}},{"type":"Feature","properties":{"linea":"6-2-160","palmas":29},"geometry":{"type":"LineString","coordinates":[[-72.997299,4.496893],[-72.995302,4.495811]]}},{"type":"Feature","properties":{"linea":"6-2-161","palmas":29},"geometry":{"type":"LineString","coordinates":[[-72.997302,4.496975],[-72.995304,4.495892]]}},{"type":"Feature","properties":{"linea":"6-2-162","palmas":29},"geometry":{"type":"LineString","coordinates":[[-72.997304,4.497056],[-72.995306,4.495973]]}},{"type":"Feature","properties":{"linea":"6-2-163","palmas":29},"geometry":{"type":"LineString","coordinates":[[-72.997306,4.497137],[-72.995309,4.496055]]}},{"type":"Feature","properties":{"linea":"6-2-164","palmas":29},"geometry":{"type":"LineString","coordinates":[[-72.997309,4.497219],[-72.995311,4.496136]]}},{"type":"Feature","properties":{"linea":"6-2-165","palmas":29},"geometry":{"type":"LineString","coordinates":[[-72.997311,4.4973],[-72.995313,4.496218]]}},{"type":"Feature","properties":{"linea":"6-2-166","palmas":29},"geometry":{"type":"LineString","coordinates":[[-72.997313,4.497381],[-72.995316,4.496299]]}},{"type":"Feature","properties":{"linea":"6-2-167","palmas":29},"geometry":{"type":"LineString","coordinates":[[-72.997316,4.497463],[-72.995318,4.49638]]}},{"type":"Feature","properties":{"linea":"6-2-168","palmas":27},"geometry":{"type":"LineString","coordinates":[[-72.997318,4.497544],[-72.995463,4.496539]]}},{"type":"Feature","properties":{"linea":"6-2-169","palmas":29},"geometry":{"type":"LineString","coordinates":[[-72.99732,4.497625],[-72.995323,4.496543]]}},{"type":"Feature","properties":{"linea":"6-2-17","palmas":28},"geometry":{"type":"LineString","coordinates":[[-72.997045,4.487946],[-72.995048,4.486863]]}},{"type":"Feature","properties":{"linea":"6-2-170","palmas":29},"geometry":{"type":"LineString","coordinates":[[-72.997322,4.497707],[-72.995325,4.496624]]}},{"type":"Feature","properties":{"linea":"6-2-171","palmas":29},"geometry":{"type":"LineString","coordinates":[[-72.997325,4.497788],[-72.995327,4.496706]]}},{"type":"Feature","properties":{"linea":"6-2-172","palmas":29},"geometry":{"type":"LineString","coordinates":[[-72.997327,4.497869],[-72.995329,4.496787]]}},{"type":"Feature","properties":{"linea":"6-2-173","palmas":29},"geometry":{"type":"LineString","coordinates":[[-72.997329,4.497951],[-72.995332,4.496868]]}},{"type":"Feature","properties":{"linea":"6-2-174","palmas":29},"geometry":{"type":"LineString","coordinates":[[-72.997332,4.498032],[-72.995334,4.496949]]}},{"type":"Feature","properties":{"linea":"6-2-175","palmas":29},"geometry":{"type":"LineString","coordinates":[[-72.997334,4.498113],[-72.995336,4.497031]]}},{"type":"Feature","properties":{"linea":"6-2-176","palmas":29},"geometry":{"type":"LineString","coordinates":[[-72.997336,4.498195],[-72.995339,4.497112]]}},{"type":"Feature","properties":{"linea":"6-2-177","palmas":29},"geometry":{"type":"LineString","coordinates":[[-72.997339,4.498276],[-72.995341,4.497194]]}},{"type":"Feature","properties":{"linea":"6-2-178","palmas":29},"geometry":{"type":"LineString","coordinates":[[-72.997341,4.498358],[-72.995343,4.497275]]}},{"type":"Feature","properties":{"linea":"6-2-179","palmas":29},"geometry":{"type":"LineString","coordinates":[[-72.997343,4.498439],[-72.995346,4.497356]]}},{"type":"Feature","properties":{"linea":"6-2-18","palmas":29},"geometry":{"type":"LineString","coordinates":[[-72.997048,4.488027],[-72.99505,4.486944]]}},{"type":"Feature","properties":{"linea":"6-2-180","palmas":29},"geometry":{"type":"LineString","coordinates":[[-72.997346,4.49852],[-72.995348,4.497438]]}},{"type":"Feature","properties":{"linea":"6-2-181","palmas":29},"geometry":{"type":"LineString","coordinates":[[-72.997348,4.498601],[-72.99535,4.497519]]}},{"type":"Feature","properties":{"linea":"6-2-182","palmas":29},"geometry":{"type":"LineString","coordinates":[[-72.99735,4.498683],[-72.995352,4.4976]]}},{"type":"Feature","properties":{"linea":"6-2-183","palmas":28},"geometry":{"type":"LineString","coordinates":[[-72.997353,4.498764],[-72.995355,4.497682]]}},{"type":"Feature","properties":{"linea":"6-2-184","palmas":12},"geometry":{"type":"LineString","coordinates":[[-72.997355,4.498846],[-72.99657,4.49842]]}},{"type":"Feature","properties":{"linea":"6-2-185","palmas":29},"geometry":{"type":"LineString","coordinates":[[-72.997359,4.499008],[-72.995362,4.497926]]}},{"type":"Feature","properties":{"linea":"6-2-186","palmas":29},"geometry":{"type":"LineString","coordinates":[[-72.997362,4.499089],[-72.995364,4.498007]]}},{"type":"Feature","properties":{"linea":"6-2-187","palmas":29},"geometry":{"type":"LineString","coordinates":[[-72.997364,4.499171],[-72.995366,4.498088]]}},{"type":"Feature","properties":{"linea":"6-2-188","palmas":29},"geometry":{"type":"LineString","coordinates":[[-72.997366,4.499252],[-72.995369,4.49817]]}},{"type":"Feature","properties":{"linea":"6-2-189","palmas":29},"geometry":{"type":"LineString","coordinates":[[-72.997369,4.499334],[-72.995371,4.498251]]}},{"type":"Feature","properties":{"linea":"6-2-19","palmas":29},"geometry":{"type":"LineString","coordinates":[[-72.99705,4.488108],[-72.995052,4.487026]]}},{"type":"Feature","properties":{"linea":"6-2-190","palmas":29},"geometry":{"type":"LineString","coordinates":[[-72.997371,4.499415],[-72.995373,4.498332]]}},{"type":"Feature","properties":{"linea":"6-2-191","palmas":29},"geometry":{"type":"LineString","coordinates":[[-72.997373,4.499496],[-72.995376,4.498414]]}},{"type":"Feature","properties":{"linea":"6-2-192","palmas":29},"geometry":{"type":"LineString","coordinates":[[-72.997376,4.499578],[-72.995378,4.498495]]}},{"type":"Feature","properties":{"linea":"6-2-193","palmas":29},"geometry":{"type":"LineString","coordinates":[[-72.997378,4.499659],[-72.99538,4.498576]]}},{"type":"Feature","properties":{"linea":"6-2-194","palmas":29},"geometry":{"type":"LineString","coordinates":[[-72.99738,4.49974],[-72.995383,4.498658]]}},{"type":"Feature","properties":{"linea":"6-2-195","palmas":29},"geometry":{"type":"LineString","coordinates":[[-72.997383,4.499822],[-72.995385,4.498739]]}},{"type":"Feature","properties":{"linea":"6-2-196","palmas":29},"geometry":{"type":"LineString","coordinates":[[-72.997385,4.499903],[-72.995387,4.49882]]}},{"type":"Feature","properties":{"linea":"6-2-197","palmas":29},"geometry":{"type":"LineString","coordinates":[[-72.997387,4.499984],[-72.995389,4.498902]]}},{"type":"Feature","properties":{"linea":"6-2-198","palmas":29},"geometry":{"type":"LineString","coordinates":[[-72.997389,4.500066],[-72.995392,4.498983]]}},{"type":"Feature","properties":{"linea":"6-2-199","palmas":29},"geometry":{"type":"LineString","coordinates":[[-72.997392,4.500147],[-72.995394,4.499064]]}},{"type":"Feature","properties":{"linea":"6-2-2","palmas":8},"geometry":{"type":"LineString","coordinates":[[-72.996725,4.486571],[-72.996226,4.4863]]}},{"type":"Feature","properties":{"linea":"6-2-20","palmas":29},"geometry":{"type":"LineString","coordinates":[[-72.997052,4.48819],[-72.995054,4.487107]]}},{"type":"Feature","properties":{"linea":"6-2-200","palmas":29},"geometry":{"type":"LineString","coordinates":[[-72.997394,4.500228],[-72.995396,4.499146]]}},{"type":"Feature","properties":{"linea":"6-2-201","palmas":29},"geometry":{"type":"LineString","coordinates":[[-72.997396,4.500309],[-72.995399,4.499227]]}},{"type":"Feature","properties":{"linea":"6-2-202","palmas":29},"geometry":{"type":"LineString","coordinates":[[-72.997399,4.500391],[-72.995401,4.499308]]}},{"type":"Feature","properties":{"linea":"6-2-203","palmas":29},"geometry":{"type":"LineString","coordinates":[[-72.997401,4.500472],[-72.995403,4.49939]]}},{"type":"Feature","properties":{"linea":"6-2-204","palmas":28},"geometry":{"type":"LineString","coordinates":[[-72.997403,4.500554],[-72.995477,4.49951]]}},{"type":"Feature","properties":{"linea":"6-2-205","palmas":29},"geometry":{"type":"LineString","coordinates":[[-72.997406,4.500635],[-72.995408,4.499553]]}},{"type":"Feature","properties":{"linea":"6-2-206","palmas":29},"geometry":{"type":"LineString","coordinates":[[-72.997408,4.500716],[-72.99541,4.499634]]}},{"type":"Feature","properties":{"linea":"6-2-207","palmas":29},"geometry":{"type":"LineString","coordinates":[[-72.99741,4.500798],[-72.995413,4.499715]]}},{"type":"Feature","properties":{"linea":"6-2-208","palmas":29},"geometry":{"type":"LineString","coordinates":[[-72.997412,4.500879],[-72.995415,4.499796]]}},{"type":"Feature","properties":{"linea":"6-2-209","palmas":29},"geometry":{"type":"LineString","coordinates":[[-72.997415,4.50096],[-72.995417,4.499878]]}},{"type":"Feature","properties":{"linea":"6-2-21","palmas":29},"geometry":{"type":"LineString","coordinates":[[-72.997054,4.488271],[-72.995057,4.487189]]}},{"type":"Feature","properties":{"linea":"6-2-210","palmas":29},"geometry":{"type":"LineString","coordinates":[[-72.997417,4.501042],[-72.995419,4.499959]]}},{"type":"Feature","properties":{"linea":"6-2-211","palmas":29},"geometry":{"type":"LineString","coordinates":[[-72.997419,4.501123],[-72.995422,4.500041]]}},{"type":"Feature","properties":{"linea":"6-2-212","palmas":29},"geometry":{"type":"LineString","coordinates":[[-72.997422,4.501204],[-72.995424,4.500122]]}},{"type":"Feature","properties":{"linea":"6-2-213","palmas":29},"geometry":{"type":"LineString","coordinates":[[-72.997424,4.501286],[-72.995426,4.500203]]}},{"type":"Feature","properties":{"linea":"6-2-214","palmas":29},"geometry":{"type":"LineString","coordinates":[[-72.997426,4.501367],[-72.995429,4.500284]]}},{"type":"Feature","properties":{"linea":"6-2-215","palmas":29},"geometry":{"type":"LineString","coordinates":[[-72.997429,4.501448],[-72.995431,4.500366]]}},{"type":"Feature","properties":{"linea":"6-2-216","palmas":29},"geometry":{"type":"LineString","coordinates":[[-72.997431,4.50153],[-72.995433,4.500447]]}},{"type":"Feature","properties":{"linea":"6-2-217","palmas":29},"geometry":{"type":"LineString","coordinates":[[-72.997433,4.501611],[-72.995436,4.500528]]}},{"type":"Feature","properties":{"linea":"6-2-218","palmas":19},"geometry":{"type":"LineString","coordinates":[[-72.997436,4.501692],[-72.996151,4.500996]]}},{"type":"Feature","properties":{"linea":"6-2-219","palmas":18},"geometry":{"type":"LineString","coordinates":[[-72.997438,4.501774],[-72.996225,4.501116]]}},{"type":"Feature","properties":{"linea":"6-2-22","palmas":29},"geometry":{"type":"LineString","coordinates":[[-72.997057,4.488353],[-72.995059,4.48727]]}},{"type":"Feature","properties":{"linea":"6-2-220","palmas":18},"geometry":{"type":"LineString","coordinates":[[-72.99744,4.501855],[-72.996228,4.501198]]}},{"type":"Feature","properties":{"linea":"6-2-221","palmas":17},"geometry":{"type":"LineString","coordinates":[[-72.997443,4.501936],[-72.996301,4.501318]]}},{"type":"Feature","properties":{"linea":"6-2-222","palmas":17},"geometry":{"type":"LineString","coordinates":[[-72.997445,4.502018],[-72.996303,4.501399]]}},{"type":"Feature","properties":{"linea":"6-2-223","palmas":17},"geometry":{"type":"LineString","coordinates":[[-72.997447,4.502099],[-72.996306,4.501481]]}},{"type":"Feature","properties":{"linea":"6-2-224","palmas":17},"geometry":{"type":"LineString","coordinates":[[-72.997449,4.50218],[-72.996308,4.501562]]}},{"type":"Feature","properties":{"linea":"6-2-225","palmas":18},"geometry":{"type":"LineString","coordinates":[[-72.997452,4.502262],[-72.996239,4.501604]]}},{"type":"Feature","properties":{"linea":"6-2-226","palmas":19},"geometry":{"type":"LineString","coordinates":[[-72.997454,4.502343],[-72.99617,4.501647]]}},{"type":"Feature","properties":{"linea":"6-2-227","palmas":20},"geometry":{"type":"LineString","coordinates":[[-72.997456,4.502424],[-72.996101,4.50169]]}},{"type":"Feature","properties":{"linea":"6-2-228","palmas":21},"geometry":{"type":"LineString","coordinates":[[-72.997459,4.502506],[-72.996032,4.501733]]}},{"type":"Feature","properties":{"linea":"6-2-229","palmas":22},"geometry":{"type":"LineString","coordinates":[[-72.997461,4.502587],[-72.995963,4.501775]]}},{"type":"Feature","properties":{"linea":"6-2-23","palmas":29},"geometry":{"type":"LineString","coordinates":[[-72.997059,4.488434],[-72.995061,4.487351]]}},{"type":"Feature","properties":{"linea":"6-2-230","palmas":23},"geometry":{"type":"LineString","coordinates":[[-72.997463,4.502668],[-72.995894,4.501818]]}},{"type":"Feature","properties":{"linea":"6-2-231","palmas":23},"geometry":{"type":"LineString","coordinates":[[-72.997466,4.50275],[-72.995896,4.501899]]}},{"type":"Feature","properties":{"linea":"6-2-232","palmas":24},"geometry":{"type":"LineString","coordinates":[[-72.997468,4.502831],[-72.995827,4.501942]]}},{"type":"Feature","properties":{"linea":"6-2-233","palmas":24},"geometry":{"type":"LineString","coordinates":[[-72.99747,4.502912],[-72.995829,4.502023]]}},{"type":"Feature","properties":{"linea":"6-2-234","palmas":24},"geometry":{"type":"LineString","coordinates":[[-72.997473,4.502994],[-72.995832,4.502104]]}},{"type":"Feature","properties":{"linea":"6-2-235","palmas":6},"geometry":{"type":"LineString","coordinates":[[-72.997493,4.503726],[-72.997482,4.503319]]}},{"type":"Feature","properties":{"linea":"6-2-236","palmas":6},"geometry":{"type":"LineString","coordinates":[[-72.997424,4.503769],[-72.997413,4.503362]]}},{"type":"Feature","properties":{"linea":"6-2-237","palmas":3},"geometry":{"type":"LineString","coordinates":[[-72.997353,4.50373],[-72.997348,4.503567]]}},{"type":"Feature","properties":{"linea":"6-2-24","palmas":29},"geometry":{"type":"LineString","coordinates":[[-72.997061,4.488515],[-72.995064,4.487432]]}},{"type":"Feature","properties":{"linea":"6-2-240","palmas":4},"geometry":{"type":"LineString","coordinates":[[-72.997341,4.503323],[-72.997334,4.503079]]}},{"type":"Feature","properties":{"linea":"6-2-241","palmas":6},"geometry":{"type":"LineString","coordinates":[[-72.997275,4.503447],[-72.997263,4.503041]]}},{"type":"Feature","properties":{"linea":"6-2-242","palmas":9},"geometry":{"type":"LineString","coordinates":[[-72.99721,4.503653],[-72.997192,4.503002]]}},{"type":"Feature","properties":{"linea":"6-2-243","palmas":11},"geometry":{"type":"LineString","coordinates":[[-72.997144,4.503777],[-72.997121,4.502963]]}},{"type":"Feature","properties":{"linea":"6-2-244","palmas":11},"geometry":{"type":"LineString","coordinates":[[-72.997072,4.503738],[-72.997049,4.502924]]}},{"type":"Feature","properties":{"linea":"6-2-245","palmas":12},"geometry":{"type":"LineString","coordinates":[[-72.997003,4.503781],[-72.996978,4.502886]]}},{"type":"Feature","properties":{"linea":"6-2-246","palmas":12},"geometry":{"type":"LineString","coordinates":[[-72.996932,4.503742],[-72.996906,4.502847]]}},{"type":"Feature","properties":{"linea":"6-2-247","palmas":12},"geometry":{"type":"LineString","coordinates":[[-72.996861,4.503703],[-72.996835,4.502809]]}},{"type":"Feature","properties":{"linea":"6-2-248","palmas":13},"geometry":{"type":"LineString","coordinates":[[-72.996791,4.503746],[-72.996764,4.50277]]}},{"type":"Feature","properties":{"linea":"6-2-249","palmas":14},"geometry":{"type":"LineString","coordinates":[[-72.996723,4.503789],[-72.996692,4.502731]]}},{"type":"Feature","properties":{"linea":"6-2-25","palmas":29},"geometry":{"type":"LineString","coordinates":[[-72.997064,4.488596],[-72.995066,4.487514]]}},{"type":"Feature","properties":{"linea":"6-2-250","palmas":14},"geometry":{"type":"LineString","coordinates":[[-72.996651,4.50375],[-72.996621,4.502693]]}},{"type":"Feature","properties":{"linea":"6-2-251","palmas":15},"geometry":{"type":"LineString","coordinates":[[-72.996582,4.503793],[-72.99655,4.502654]]}},{"type":"Feature","properties":{"linea":"6-2-252","palmas":15},"geometry":{"type":"LineString","coordinates":[[-72.996511,4.503754],[-72.996478,4.502615]]}},{"type":"Feature","properties":{"linea":"6-2-253","palmas":16},"geometry":{"type":"LineString","coordinates":[[-72.996442,4.503797],[-72.996407,4.502577]]}},{"type":"Feature","properties":{"linea":"6-2-254","palmas":16},"geometry":{"type":"LineString","coordinates":[[-72.99637,4.503758],[-72.996336,4.502538]]}},{"type":"Feature","properties":{"linea":"6-2-255","palmas":17},"geometry":{"type":"LineString","coordinates":[[-72.996301,4.503801],[-72.996264,4.502499]]}},{"type":"Feature","properties":{"linea":"6-2-256","palmas":17},"geometry":{"type":"LineString","coordinates":[[-72.99623,4.503762],[-72.996193,4.502461]]}},{"type":"Feature","properties":{"linea":"6-2-257","palmas":18},"geometry":{"type":"LineString","coordinates":[[-72.996161,4.503805],[-72.996122,4.502422]]}},{"type":"Feature","properties":{"linea":"6-2-258","palmas":18},"geometry":{"type":"LineString","coordinates":[[-72.996089,4.503766],[-72.99605,4.502383]]}},{"type":"Feature","properties":{"linea":"6-2-259","palmas":19},"geometry":{"type":"LineString","coordinates":[[-72.996021,4.503809],[-72.995979,4.502344]]}},{"type":"Feature","properties":{"linea":"6-2-26","palmas":29},"geometry":{"type":"LineString","coordinates":[[-72.997066,4.488678],[-72.995068,4.487595]]}},{"type":"Feature","properties":{"linea":"6-2-260","palmas":19},"geometry":{"type":"LineString","coordinates":[[-72.995949,4.50377],[-72.995908,4.502306]]}},{"type":"Feature","properties":{"linea":"6-2-261","palmas":20},"geometry":{"type":"LineString","coordinates":[[-72.99588,4.503813],[-72.995836,4.502267]]}},{"type":"Feature","properties":{"linea":"6-2-262","palmas":20},"geometry":{"type":"LineString","coordinates":[[-72.995809,4.503774],[-72.995765,4.502229]]}},{"type":"Feature","properties":{"linea":"6-2-263","palmas":21},"geometry":{"type":"LineString","coordinates":[[-72.99574,4.503817],[-72.995694,4.50219]]}},{"type":"Feature","properties":{"linea":"6-2-264","palmas":21},"geometry":{"type":"LineString","coordinates":[[-72.995668,4.503778],[-72.995622,4.502151]]}},{"type":"Feature","properties":{"linea":"6-2-265","palmas":22},"geometry":{"type":"LineString","coordinates":[[-72.995599,4.503821],[-72.995551,4.502112]]}},{"type":"Feature","properties":{"linea":"6-2-266","palmas":22},"geometry":{"type":"LineString","coordinates":[[-72.995528,4.503782],[-72.995479,4.502074]]}},{"type":"Feature","properties":{"linea":"6-2-27","palmas":29},"geometry":{"type":"LineString","coordinates":[[-72.997068,4.488759],[-72.995071,4.487677]]}},{"type":"Feature","properties":{"linea":"6-2-28","palmas":29},"geometry":{"type":"LineString","coordinates":[[-72.997071,4.488841],[-72.995073,4.487758]]}},{"type":"Feature","properties":{"linea":"6-2-29","palmas":29},"geometry":{"type":"LineString","coordinates":[[-72.997073,4.488922],[-72.995075,4.487839]]}},{"type":"Feature","properties":{"linea":"6-2-3","palmas":10},"geometry":{"type":"LineString","coordinates":[[-72.996799,4.486691],[-72.996086,4.486304]]}},{"type":"Feature","properties":{"linea":"6-2-30","palmas":29},"geometry":{"type":"LineString","coordinates":[[-72.997075,4.489003],[-72.995078,4.487921]]}},{"type":"Feature","properties":{"linea":"6-2-31","palmas":29},"geometry":{"type":"LineString","coordinates":[[-72.997078,4.489084],[-72.99508,4.488002]]}},{"type":"Feature","properties":{"linea":"6-2-32","palmas":28},"geometry":{"type":"LineString","coordinates":[[-72.99708,4.489166],[-72.995082,4.488083]]}},{"type":"Feature","properties":{"linea":"6-2-33","palmas":30},"geometry":{"type":"LineString","coordinates":[[-72.997082,4.489247],[-72.995085,4.488165]]}},{"type":"Feature","properties":{"linea":"6-2-34","palmas":29},"geometry":{"type":"LineString","coordinates":[[-72.997084,4.489329],[-72.995087,4.488246]]}},{"type":"Feature","properties":{"linea":"6-2-35","palmas":29},"geometry":{"type":"LineString","coordinates":[[-72.997087,4.48941],[-72.995089,4.488328]]}},{"type":"Feature","properties":{"linea":"6-2-36","palmas":29},"geometry":{"type":"LineString","coordinates":[[-72.997089,4.489491],[-72.995092,4.488409]]}},{"type":"Feature","properties":{"linea":"6-2-37","palmas":29},"geometry":{"type":"LineString","coordinates":[[-72.997091,4.489573],[-72.995094,4.48849]]}},{"type":"Feature","properties":{"linea":"6-2-38","palmas":29},"geometry":{"type":"LineString","coordinates":[[-72.997094,4.489654],[-72.995096,4.488571]]}},{"type":"Feature","properties":{"linea":"6-2-39","palmas":29},"geometry":{"type":"LineString","coordinates":[[-72.997096,4.489735],[-72.995098,4.488653]]}},{"type":"Feature","properties":{"linea":"6-2-4","palmas":13},"geometry":{"type":"LineString","coordinates":[[-72.996801,4.486772],[-72.995945,4.486308]]}},{"type":"Feature","properties":{"linea":"6-2-40","palmas":29},"geometry":{"type":"LineString","coordinates":[[-72.997098,4.489817],[-72.995101,4.488734]]}},{"type":"Feature","properties":{"linea":"6-2-41","palmas":29},"geometry":{"type":"LineString","coordinates":[[-72.997101,4.489898],[-72.995103,4.488815]]}},{"type":"Feature","properties":{"linea":"6-2-42","palmas":29},"geometry":{"type":"LineString","coordinates":[[-72.997103,4.489979],[-72.995105,4.488897]]}},{"type":"Feature","properties":{"linea":"6-2-43","palmas":29},"geometry":{"type":"LineString","coordinates":[[-72.997105,4.490061],[-72.995108,4.488978]]}},{"type":"Feature","properties":{"linea":"6-2-44","palmas":29},"geometry":{"type":"LineString","coordinates":[[-72.997108,4.490142],[-72.99511,4.489059]]}},{"type":"Feature","properties":{"linea":"6-2-45","palmas":29},"geometry":{"type":"LineString","coordinates":[[-72.99711,4.490223],[-72.995112,4.489141]]}},{"type":"Feature","properties":{"linea":"6-2-46","palmas":29},"geometry":{"type":"LineString","coordinates":[[-72.997112,4.490305],[-72.995115,4.489222]]}},{"type":"Feature","properties":{"linea":"6-2-47","palmas":29},"geometry":{"type":"LineString","coordinates":[[-72.997115,4.490386],[-72.995117,4.489303]]}},{"type":"Feature","properties":{"linea":"6-2-48","palmas":29},"geometry":{"type":"LineString","coordinates":[[-72.997117,4.490467],[-72.995119,4.489385]]}},{"type":"Feature","properties":{"linea":"6-2-49","palmas":29},"geometry":{"type":"LineString","coordinates":[[-72.997119,4.490549],[-72.995122,4.489466]]}},{"type":"Feature","properties":{"linea":"6-2-5","palmas":16},"geometry":{"type":"LineString","coordinates":[[-72.996875,4.486892],[-72.995805,4.486313]]}},{"type":"Feature","properties":{"linea":"6-2-50","palmas":28},"geometry":{"type":"LineString","coordinates":[[-72.99705,4.490591],[-72.995124,4.489548]]}},{"type":"Feature","properties":{"linea":"6-2-51","palmas":27},"geometry":{"type":"LineString","coordinates":[[-72.996981,4.490634],[-72.995126,4.489629]]}},{"type":"Feature","properties":{"linea":"6-2-52","palmas":26},"geometry":{"type":"LineString","coordinates":[[-72.996912,4.490677],[-72.995129,4.48971]]}},{"type":"Feature","properties":{"linea":"6-2-53","palmas":25},"geometry":{"type":"LineString","coordinates":[[-72.996843,4.490719],[-72.995131,4.489791]]}},{"type":"Feature","properties":{"linea":"6-2-54","palmas":24},"geometry":{"type":"LineString","coordinates":[[-72.996774,4.490762],[-72.995133,4.489873]]}},{"type":"Feature","properties":{"linea":"6-2-55","palmas":23},"geometry":{"type":"LineString","coordinates":[[-72.996705,4.490805],[-72.995135,4.489954]]}},{"type":"Feature","properties":{"linea":"6-2-56","palmas":22},"geometry":{"type":"LineString","coordinates":[[-72.996636,4.490848],[-72.995138,4.490036]]}},{"type":"Feature","properties":{"linea":"6-2-57","palmas":21},"geometry":{"type":"LineString","coordinates":[[-72.996567,4.49089],[-72.99514,4.490117]]}},{"type":"Feature","properties":{"linea":"6-2-58","palmas":20},"geometry":{"type":"LineString","coordinates":[[-72.996498,4.490933],[-72.995142,4.490198]]}},{"type":"Feature","properties":{"linea":"6-2-59","palmas":19},"geometry":{"type":"LineString","coordinates":[[-72.996429,4.490976],[-72.995145,4.490279]]}},{"type":"Feature","properties":{"linea":"6-2-6","palmas":19},"geometry":{"type":"LineString","coordinates":[[-72.996949,4.487012],[-72.995664,4.486316]]}},{"type":"Feature","properties":{"linea":"6-2-60","palmas":18},"geometry":{"type":"LineString","coordinates":[[-72.99636,4.491018],[-72.995147,4.490361]]}},{"type":"Feature","properties":{"linea":"6-2-61","palmas":17},"geometry":{"type":"LineString","coordinates":[[-72.996291,4.491061],[-72.995149,4.490442]]}},{"type":"Feature","properties":{"linea":"6-2-62","palmas":16},"geometry":{"type":"LineString","coordinates":[[-72.996222,4.491104],[-72.995152,4.490524]]}},{"type":"Feature","properties":{"linea":"6-2-63","palmas":15},"geometry":{"type":"LineString","coordinates":[[-72.996153,4.491146],[-72.995154,4.490605]]}},{"type":"Feature","properties":{"linea":"6-2-64","palmas":14},"geometry":{"type":"LineString","coordinates":[[-72.996084,4.491189],[-72.995156,4.490686]]}},{"type":"Feature","properties":{"linea":"6-2-65","palmas":13},"geometry":{"type":"LineString","coordinates":[[-72.996015,4.491232],[-72.995159,4.490768]]}},{"type":"Feature","properties":{"linea":"6-2-66","palmas":12},"geometry":{"type":"LineString","coordinates":[[-72.995946,4.491274],[-72.995161,4.490849]]}},{"type":"Feature","properties":{"linea":"6-2-67","palmas":11},"geometry":{"type":"LineString","coordinates":[[-72.995877,4.491317],[-72.995163,4.49093]]}},{"type":"Feature","properties":{"linea":"6-2-68","palmas":10},"geometry":{"type":"LineString","coordinates":[[-72.995807,4.491359],[-72.995166,4.491012]]}},{"type":"Feature","properties":{"linea":"6-2-69","palmas":8},"geometry":{"type":"LineString","coordinates":[[-72.99581,4.491441],[-72.995311,4.49117]]}},{"type":"Feature","properties":{"linea":"6-2-7","palmas":22},"geometry":{"type":"LineString","coordinates":[[-72.997022,4.487133],[-72.995524,4.486321]]}},{"type":"Feature","properties":{"linea":"6-2-70","palmas":7},"geometry":{"type":"LineString","coordinates":[[-72.995741,4.491484],[-72.995313,4.491252]]}},{"type":"Feature","properties":{"linea":"6-2-71","palmas":6},"geometry":{"type":"LineString","coordinates":[[-72.995672,4.491526],[-72.995315,4.491333]]}},{"type":"Feature","properties":{"linea":"6-2-72","palmas":6},"geometry":{"type":"LineString","coordinates":[[-72.995674,4.491607],[-72.995317,4.491414]]}},{"type":"Feature","properties":{"linea":"6-2-73","palmas":7},"geometry":{"type":"LineString","coordinates":[[-72.995653,4.491676],[-72.995248,4.491457]]}},{"type":"Feature","properties":{"linea":"6-2-74","palmas":6},"geometry":{"type":"LineString","coordinates":[[-72.995608,4.491732],[-72.995251,4.491538]]}},{"type":"Feature","properties":{"linea":"6-2-75","palmas":6},"geometry":{"type":"LineString","coordinates":[[-72.995538,4.491774],[-72.995182,4.491581]]}},{"type":"Feature","properties":{"linea":"6-2-76","palmas":6},"geometry":{"type":"LineString","coordinates":[[-72.995541,4.491856],[-72.995184,4.491662]]}},{"type":"Feature","properties":{"linea":"6-2-77","palmas":5},"geometry":{"type":"LineString","coordinates":[[-72.995472,4.491898],[-72.995186,4.491744]]}},{"type":"Feature","properties":{"linea":"6-2-78","palmas":5},"geometry":{"type":"LineString","coordinates":[[-72.995474,4.49198],[-72.995189,4.491825]]}},{"type":"Feature","properties":{"linea":"6-2-79","palmas":4},"geometry":{"type":"LineString","coordinates":[[-72.995405,4.492022],[-72.995191,4.491906]]}},{"type":"Feature","properties":{"linea":"6-2-8","palmas":24},"geometry":{"type":"LineString","coordinates":[[-72.997024,4.487214],[-72.995384,4.486324]]}},{"type":"Feature","properties":{"linea":"6-2-80","palmas":4},"geometry":{"type":"LineString","coordinates":[[-72.995407,4.492104],[-72.995193,4.491988]]}},{"type":"Feature","properties":{"linea":"6-2-81","palmas":3},"geometry":{"type":"LineString","coordinates":[[-72.995338,4.492146],[-72.995196,4.492069]]}},{"type":"Feature","properties":{"linea":"6-2-82","palmas":3},"geometry":{"type":"LineString","coordinates":[[-72.995341,4.492228],[-72.995198,4.49215]]}},{"type":"Feature","properties":{"linea":"6-2-83","palmas":2},"geometry":{"type":"LineString","coordinates":[[-72.995271,4.49227],[-72.9952,4.492232]]}},{"type":"Feature","properties":{"linea":"6-2-86","palmas":2},"geometry":{"type":"LineString","coordinates":[[-72.997128,4.490874],[-72.997057,4.490835]]}},{"type":"Feature","properties":{"linea":"6-2-87","palmas":3},"geometry":{"type":"LineString","coordinates":[[-72.997131,4.490955],[-72.996988,4.490878]]}},{"type":"Feature","properties":{"linea":"6-2-88","palmas":4},"geometry":{"type":"LineString","coordinates":[[-72.997133,4.491037],[-72.996919,4.490921]]}},{"type":"Feature","properties":{"linea":"6-2-89","palmas":4},"geometry":{"type":"LineString","coordinates":[[-72.997135,4.491118],[-72.996921,4.491002]]}},{"type":"Feature","properties":{"linea":"6-2-9","palmas":26},"geometry":{"type":"LineString","coordinates":[[-72.997027,4.487295],[-72.995243,4.486329]]}},{"type":"Feature","properties":{"linea":"6-2-90","palmas":5},"geometry":{"type":"LineString","coordinates":[[-72.997138,4.491199],[-72.996852,4.491045]]}},{"type":"Feature","properties":{"linea":"6-2-91","palmas":7},"geometry":{"type":"LineString","coordinates":[[-72.99714,4.491281],[-72.996712,4.491049]]}},{"type":"Feature","properties":{"linea":"6-2-92","palmas":8},"geometry":{"type":"LineString","coordinates":[[-72.997142,4.491362],[-72.996643,4.491091]]}},{"type":"Feature","properties":{"linea":"6-2-93","palmas":9},"geometry":{"type":"LineString","coordinates":[[-72.997145,4.491443],[-72.996574,4.491134]]}},{"type":"Feature","properties":{"linea":"6-2-94","palmas":10},"geometry":{"type":"LineString","coordinates":[[-72.997147,4.491525],[-72.996505,4.491177]]}},{"type":"Feature","properties":{"linea":"6-2-95","palmas":11},"geometry":{"type":"LineString","coordinates":[[-72.997149,4.491606],[-72.996436,4.491219]]}},{"type":"Feature","properties":{"linea":"6-2-96","palmas":12},"geometry":{"type":"LineString","coordinates":[[-72.997152,4.491688],[-72.996367,4.491262]]}},{"type":"Feature","properties":{"linea":"6-2-97","palmas":12},"geometry":{"type":"LineString","coordinates":[[-72.997154,4.491769],[-72.996369,4.491344]]}},{"type":"Feature","properties":{"linea":"6-2-98","palmas":14},"geometry":{"type":"LineString","coordinates":[[-72.997156,4.49185],[-72.996229,4.491347]]}},{"type":"Feature","properties":{"linea":"6-2-99","palmas":15},"geometry":{"type":"LineString","coordinates":[[-72.997159,4.491931],[-72.99616,4.49139]]}},{"type":"Feature","properties":{"linea":"6-3-10","palmas":10},"geometry":{"type":"LineString","coordinates":[[-72.992818,4.487497],[-72.99346,4.487845]]}},{"type":"Feature","properties":{"linea":"6-3-100","palmas":16},"geometry":{"type":"LineString","coordinates":[[-72.993939,4.492349],[-72.993904,4.491129]]}},{"type":"Feature","properties":{"linea":"6-3-101","palmas":12},"geometry":{"type":"LineString","coordinates":[[-72.994008,4.492306],[-72.993973,4.491086]]}},{"type":"Feature","properties":{"linea":"6-3-102","palmas":10},"geometry":{"type":"LineString","coordinates":[[-72.994077,4.492264],[-72.994043,4.491044]]}},{"type":"Feature","properties":{"linea":"6-3-103","palmas":10},"geometry":{"type":"LineString","coordinates":[[-72.994146,4.492221],[-72.994111,4.491001]]}},{"type":"Feature","properties":{"linea":"6-3-104","palmas":10},"geometry":{"type":"LineString","coordinates":[[-72.994215,4.492179],[-72.994181,4.490958]]}},{"type":"Feature","properties":{"linea":"6-3-105","palmas":13},"geometry":{"type":"LineString","coordinates":[[-72.994284,4.492136],[-72.994249,4.490916]]}},{"type":"Feature","properties":{"linea":"6-3-106","palmas":16},"geometry":{"type":"LineString","coordinates":[[-72.994353,4.492093],[-72.994319,4.490873]]}},{"type":"Feature","properties":{"linea":"6-3-107","palmas":16},"geometry":{"type":"LineString","coordinates":[[-72.994422,4.492051],[-72.994388,4.49083]]}},{"type":"Feature","properties":{"linea":"6-3-108","palmas":16},"geometry":{"type":"LineString","coordinates":[[-72.994491,4.492008],[-72.994457,4.490788]]}},{"type":"Feature","properties":{"linea":"6-3-109","palmas":16},"geometry":{"type":"LineString","coordinates":[[-72.99456,4.491965],[-72.994526,4.490745]]}},{"type":"Feature","properties":{"linea":"6-3-11","palmas":11},"geometry":{"type":"LineString","coordinates":[[-72.992816,4.487416],[-72.993529,4.487802]]}},{"type":"Feature","properties":{"linea":"6-3-110","palmas":16},"geometry":{"type":"LineString","coordinates":[[-72.994629,4.491923],[-72.994595,4.490702]]}},{"type":"Feature","properties":{"linea":"6-3-111","palmas":16},"geometry":{"type":"LineString","coordinates":[[-72.994698,4.49188],[-72.994664,4.49066]]}},{"type":"Feature","properties":{"linea":"6-3-112","palmas":16},"geometry":{"type":"LineString","coordinates":[[-72.994767,4.491837],[-72.994733,4.490617]]}},{"type":"Feature","properties":{"linea":"6-3-113","palmas":16},"geometry":{"type":"LineString","coordinates":[[-72.994836,4.491794],[-72.994802,4.490574]]}},{"type":"Feature","properties":{"linea":"6-3-114","palmas":16},"geometry":{"type":"LineString","coordinates":[[-72.994906,4.491752],[-72.994871,4.490532]]}},{"type":"Feature","properties":{"linea":"6-3-115","palmas":14},"geometry":{"type":"LineString","coordinates":[[-72.994974,4.491709],[-72.99494,4.490489]]}},{"type":"Feature","properties":{"linea":"6-3-116","palmas":13},"geometry":{"type":"LineString","coordinates":[[-72.995044,4.491666],[-72.995009,4.490446]]}},{"type":"Feature","properties":{"linea":"6-3-117","palmas":30},"geometry":{"type":"LineString","coordinates":[[-72.993044,4.492985],[-72.995046,4.491748]]}},{"type":"Feature","properties":{"linea":"6-3-118","palmas":30},"geometry":{"type":"LineString","coordinates":[[-72.993046,4.493067],[-72.995048,4.491829]]}},{"type":"Feature","properties":{"linea":"6-3-119","palmas":30},"geometry":{"type":"LineString","coordinates":[[-72.993048,4.493148],[-72.995051,4.49191]]}},{"type":"Feature","properties":{"linea":"6-3-12","palmas":12},"geometry":{"type":"LineString","coordinates":[[-72.992813,4.487334],[-72.993598,4.487759]]}},{"type":"Feature","properties":{"linea":"6-3-120","palmas":30},"geometry":{"type":"LineString","coordinates":[[-72.993051,4.493229],[-72.995053,4.491992]]}},{"type":"Feature","properties":{"linea":"6-3-121","palmas":30},"geometry":{"type":"LineString","coordinates":[[-72.993053,4.493311],[-72.995055,4.492073]]}},{"type":"Feature","properties":{"linea":"6-3-122","palmas":30},"geometry":{"type":"LineString","coordinates":[[-72.993055,4.493392],[-72.995058,4.492154]]}},{"type":"Feature","properties":{"linea":"6-3-123","palmas":30},"geometry":{"type":"LineString","coordinates":[[-72.993058,4.493473],[-72.99506,4.492236]]}},{"type":"Feature","properties":{"linea":"6-3-124","palmas":30},"geometry":{"type":"LineString","coordinates":[[-72.99306,4.493555],[-72.995062,4.492317]]}},{"type":"Feature","properties":{"linea":"6-3-125","palmas":30},"geometry":{"type":"LineString","coordinates":[[-72.993062,4.493636],[-72.995064,4.492398]]}},{"type":"Feature","properties":{"linea":"6-3-126","palmas":30},"geometry":{"type":"LineString","coordinates":[[-72.993065,4.493717],[-72.995067,4.49248]]}},{"type":"Feature","properties":{"linea":"6-3-127","palmas":30},"geometry":{"type":"LineString","coordinates":[[-72.993067,4.493799],[-72.995069,4.492561]]}},{"type":"Feature","properties":{"linea":"6-3-128","palmas":30},"geometry":{"type":"LineString","coordinates":[[-72.993069,4.49388],[-72.995071,4.492642]]}},{"type":"Feature","properties":{"linea":"6-3-129","palmas":30},"geometry":{"type":"LineString","coordinates":[[-72.993072,4.493961],[-72.995074,4.492724]]}},{"type":"Feature","properties":{"linea":"6-3-13","palmas":13},"geometry":{"type":"LineString","coordinates":[[-72.992811,4.487253],[-72.993667,4.487717]]}},{"type":"Feature","properties":{"linea":"6-3-130","palmas":30},"geometry":{"type":"LineString","coordinates":[[-72.993074,4.494043],[-72.995076,4.492805]]}},{"type":"Feature","properties":{"linea":"6-3-131","palmas":30},"geometry":{"type":"LineString","coordinates":[[-72.993076,4.494124],[-72.995078,4.492886]]}},{"type":"Feature","properties":{"linea":"6-3-132","palmas":29},"geometry":{"type":"LineString","coordinates":[[-72.993078,4.494206],[-72.995011,4.493011]]}},{"type":"Feature","properties":{"linea":"6-3-133","palmas":29},"geometry":{"type":"LineString","coordinates":[[-72.993081,4.494287],[-72.995014,4.493092]]}},{"type":"Feature","properties":{"linea":"6-3-134","palmas":29},"geometry":{"type":"LineString","coordinates":[[-72.993083,4.494368],[-72.995016,4.493173]]}},{"type":"Feature","properties":{"linea":"6-3-135","palmas":29},"geometry":{"type":"LineString","coordinates":[[-72.993085,4.494449],[-72.995018,4.493254]]}},{"type":"Feature","properties":{"linea":"6-3-136","palmas":29},"geometry":{"type":"LineString","coordinates":[[-72.993088,4.494531],[-72.995021,4.493336]]}},{"type":"Feature","properties":{"linea":"6-3-137","palmas":29},"geometry":{"type":"LineString","coordinates":[[-72.99309,4.494612],[-72.995023,4.493417]]}},{"type":"Feature","properties":{"linea":"6-3-138","palmas":28},"geometry":{"type":"LineString","coordinates":[[-72.993092,4.494694],[-72.994956,4.493541]]}},{"type":"Feature","properties":{"linea":"6-3-139","palmas":28},"geometry":{"type":"LineString","coordinates":[[-72.993095,4.494775],[-72.994959,4.493622]]}},{"type":"Feature","properties":{"linea":"6-3-14","palmas":14},"geometry":{"type":"LineString","coordinates":[[-72.992809,4.487171],[-72.993736,4.487674]]}},{"type":"Feature","properties":{"linea":"6-3-140","palmas":28},"geometry":{"type":"LineString","coordinates":[[-72.993097,4.494856],[-72.994961,4.493704]]}},{"type":"Feature","properties":{"linea":"6-3-141","palmas":28},"geometry":{"type":"LineString","coordinates":[[-72.993099,4.494937],[-72.994963,4.493785]]}},{"type":"Feature","properties":{"linea":"6-3-142","palmas":28},"geometry":{"type":"LineString","coordinates":[[-72.993102,4.495019],[-72.994966,4.493867]]}},{"type":"Feature","properties":{"linea":"6-3-143","palmas":28},"geometry":{"type":"LineString","coordinates":[[-72.993104,4.4951],[-72.994968,4.493948]]}},{"type":"Feature","properties":{"linea":"6-3-144","palmas":26},"geometry":{"type":"LineString","coordinates":[[-72.993175,4.495139],[-72.994901,4.494072]]}},{"type":"Feature","properties":{"linea":"6-3-145","palmas":27},"geometry":{"type":"LineString","coordinates":[[-72.993109,4.495263],[-72.994903,4.494153]]}},{"type":"Feature","properties":{"linea":"6-3-146","palmas":27},"geometry":{"type":"LineString","coordinates":[[-72.993111,4.495344],[-72.994906,4.494235]]}},{"type":"Feature","properties":{"linea":"6-3-147","palmas":16},"geometry":{"type":"LineString","coordinates":[[-72.993251,4.49534],[-72.994839,4.494359]]}},{"type":"Feature","properties":{"linea":"6-3-148","palmas":9},"geometry":{"type":"LineString","coordinates":[[-72.993323,4.495379],[-72.994772,4.494483]]}},{"type":"Feature","properties":{"linea":"6-3-149","palmas":7},"geometry":{"type":"LineString","coordinates":[[-72.993187,4.495546],[-72.994706,4.494607]]}},{"type":"Feature","properties":{"linea":"6-3-15","palmas":15},"geometry":{"type":"LineString","coordinates":[[-72.992806,4.48709],[-72.993805,4.487631]]}},{"type":"Feature","properties":{"linea":"6-3-150","palmas":5},"geometry":{"type":"LineString","coordinates":[[-72.993189,4.495627],[-72.993465,4.495456]]}},{"type":"Feature","properties":{"linea":"6-3-151","palmas":5},"geometry":{"type":"LineString","coordinates":[[-72.993122,4.495751],[-72.993399,4.49558]]}},{"type":"Feature","properties":{"linea":"6-3-152","palmas":4},"geometry":{"type":"LineString","coordinates":[[-72.993125,4.495832],[-72.993332,4.495704]]}},{"type":"Feature","properties":{"linea":"6-3-153","palmas":2},"geometry":{"type":"LineString","coordinates":[[-72.993127,4.495914],[-72.993196,4.495871]]}},{"type":"Feature","properties":{"linea":"6-3-154","palmas":30},"geometry":{"type":"LineString","coordinates":[[-72.993157,4.496971],[-72.995159,4.495733]]}},{"type":"Feature","properties":{"linea":"6-3-155","palmas":30},"geometry":{"type":"LineString","coordinates":[[-72.993159,4.497052],[-72.995161,4.495815]]}},{"type":"Feature","properties":{"linea":"6-3-156","palmas":30},"geometry":{"type":"LineString","coordinates":[[-72.993162,4.497134],[-72.995164,4.495896]]}},{"type":"Feature","properties":{"linea":"6-3-157","palmas":30},"geometry":{"type":"LineString","coordinates":[[-72.993164,4.497215],[-72.995166,4.495978]]}},{"type":"Feature","properties":{"linea":"6-3-158","palmas":30},"geometry":{"type":"LineString","coordinates":[[-72.993166,4.497296],[-72.995168,4.496059]]}},{"type":"Feature","properties":{"linea":"6-3-159","palmas":30},"geometry":{"type":"LineString","coordinates":[[-72.993169,4.497378],[-72.995171,4.49614]]}},{"type":"Feature","properties":{"linea":"6-3-16","palmas":16},"geometry":{"type":"LineString","coordinates":[[-72.992804,4.487009],[-72.993874,4.487589]]}},{"type":"Feature","properties":{"linea":"6-3-160","palmas":30},"geometry":{"type":"LineString","coordinates":[[-72.993171,4.497459],[-72.995173,4.496221]]}},{"type":"Feature","properties":{"linea":"6-3-161","palmas":30},"geometry":{"type":"LineString","coordinates":[[-72.993173,4.49754],[-72.995175,4.496303]]}},{"type":"Feature","properties":{"linea":"6-3-162","palmas":29},"geometry":{"type":"LineString","coordinates":[[-72.993176,4.497622],[-72.995108,4.496427]]}},{"type":"Feature","properties":{"linea":"6-3-163","palmas":30},"geometry":{"type":"LineString","coordinates":[[-72.993178,4.497703],[-72.99518,4.496466]]}},{"type":"Feature","properties":{"linea":"6-3-164","palmas":30},"geometry":{"type":"LineString","coordinates":[[-72.99318,4.497784],[-72.995182,4.496547]]}},{"type":"Feature","properties":{"linea":"6-3-165","palmas":30},"geometry":{"type":"LineString","coordinates":[[-72.993183,4.497866],[-72.995184,4.496628]]}},{"type":"Feature","properties":{"linea":"6-3-166","palmas":30},"geometry":{"type":"LineString","coordinates":[[-72.993185,4.497947],[-72.995187,4.496709]]}},{"type":"Feature","properties":{"linea":"6-3-167","palmas":30},"geometry":{"type":"LineString","coordinates":[[-72.993187,4.498028],[-72.995189,4.496791]]}},{"type":"Feature","properties":{"linea":"6-3-168","palmas":30},"geometry":{"type":"LineString","coordinates":[[-72.993189,4.49811],[-72.995191,4.496872]]}},{"type":"Feature","properties":{"linea":"6-3-169","palmas":29},"geometry":{"type":"LineString","coordinates":[[-72.993192,4.498191],[-72.995125,4.496996]]}},{"type":"Feature","properties":{"linea":"6-3-17","palmas":16},"geometry":{"type":"LineString","coordinates":[[-72.992802,4.486928],[-72.993872,4.487508]]}},{"type":"Feature","properties":{"linea":"6-3-170","palmas":29},"geometry":{"type":"LineString","coordinates":[[-72.993194,4.498272],[-72.995127,4.497077]]}},{"type":"Feature","properties":{"linea":"6-3-171","palmas":29},"geometry":{"type":"LineString","coordinates":[[-72.993196,4.498354],[-72.995129,4.497159]]}},{"type":"Feature","properties":{"linea":"6-3-172","palmas":19},"geometry":{"type":"LineString","coordinates":[[-72.993199,4.498435],[-72.994441,4.497667]]}},{"type":"Feature","properties":{"linea":"6-3-173","palmas":19},"geometry":{"type":"LineString","coordinates":[[-72.993201,4.498516],[-72.994444,4.497748]]}},{"type":"Feature","properties":{"linea":"6-3-174","palmas":19},"geometry":{"type":"LineString","coordinates":[[-72.993203,4.498598],[-72.994446,4.49783]]}},{"type":"Feature","properties":{"linea":"6-3-175","palmas":19},"geometry":{"type":"LineString","coordinates":[[-72.993206,4.498679],[-72.994448,4.497911]]}},{"type":"Feature","properties":{"linea":"6-3-176","palmas":19},"geometry":{"type":"LineString","coordinates":[[-72.993208,4.498761],[-72.994451,4.497992]]}},{"type":"Feature","properties":{"linea":"6-3-177","palmas":19},"geometry":{"type":"LineString","coordinates":[[-72.99321,4.498842],[-72.994453,4.498074]]}},{"type":"Feature","properties":{"linea":"6-3-178","palmas":19},"geometry":{"type":"LineString","coordinates":[[-72.993212,4.498923],[-72.994455,4.498155]]}},{"type":"Feature","properties":{"linea":"6-3-179","palmas":19},"geometry":{"type":"LineString","coordinates":[[-72.993215,4.499004],[-72.994457,4.498236]]}},{"type":"Feature","properties":{"linea":"6-3-18","palmas":16},"geometry":{"type":"LineString","coordinates":[[-72.992799,4.486846],[-72.993869,4.487426]]}},{"type":"Feature","properties":{"linea":"6-3-180","palmas":19},"geometry":{"type":"LineString","coordinates":[[-72.993217,4.499086],[-72.99446,4.498318]]}},{"type":"Feature","properties":{"linea":"6-3-181","palmas":19},"geometry":{"type":"LineString","coordinates":[[-72.993219,4.499167],[-72.994462,4.498399]]}},{"type":"Feature","properties":{"linea":"6-3-182","palmas":19},"geometry":{"type":"LineString","coordinates":[[-72.993222,4.499249],[-72.994464,4.49848]]}},{"type":"Feature","properties":{"linea":"6-3-183","palmas":19},"geometry":{"type":"LineString","coordinates":[[-72.993224,4.49933],[-72.994467,4.498562]]}},{"type":"Feature","properties":{"linea":"6-3-184","palmas":19},"geometry":{"type":"LineString","coordinates":[[-72.993226,4.499411],[-72.994469,4.498643]]}},{"type":"Feature","properties":{"linea":"6-3-185","palmas":19},"geometry":{"type":"LineString","coordinates":[[-72.993229,4.499492],[-72.994471,4.498724]]}},{"type":"Feature","properties":{"linea":"6-3-186","palmas":19},"geometry":{"type":"LineString","coordinates":[[-72.993231,4.499574],[-72.994474,4.498806]]}},{"type":"Feature","properties":{"linea":"6-3-187","palmas":19},"geometry":{"type":"LineString","coordinates":[[-72.993233,4.499655],[-72.994476,4.498887]]}},{"type":"Feature","properties":{"linea":"6-3-188","palmas":19},"geometry":{"type":"LineString","coordinates":[[-72.993236,4.499737],[-72.994478,4.498968]]}},{"type":"Feature","properties":{"linea":"6-3-189","palmas":19},"geometry":{"type":"LineString","coordinates":[[-72.993238,4.499818],[-72.994481,4.49905]]}},{"type":"Feature","properties":{"linea":"6-3-19","palmas":16},"geometry":{"type":"LineString","coordinates":[[-72.992797,4.486765],[-72.993867,4.487345]]}},{"type":"Feature","properties":{"linea":"6-3-190","palmas":19},"geometry":{"type":"LineString","coordinates":[[-72.99324,4.499899],[-72.994483,4.499131]]}},{"type":"Feature","properties":{"linea":"6-3-191","palmas":19},"geometry":{"type":"LineString","coordinates":[[-72.993243,4.499981],[-72.994485,4.499213]]}},{"type":"Feature","properties":{"linea":"6-3-192","palmas":19},"geometry":{"type":"LineString","coordinates":[[-72.993245,4.500062],[-72.994488,4.499294]]}},{"type":"Feature","properties":{"linea":"6-3-193","palmas":19},"geometry":{"type":"LineString","coordinates":[[-72.993247,4.500143],[-72.99449,4.499375]]}},{"type":"Feature","properties":{"linea":"6-3-194","palmas":19},"geometry":{"type":"LineString","coordinates":[[-72.993249,4.500225],[-72.994492,4.499456]]}},{"type":"Feature","properties":{"linea":"6-3-195","palmas":19},"geometry":{"type":"LineString","coordinates":[[-72.993252,4.500306],[-72.994494,4.499538]]}},{"type":"Feature","properties":{"linea":"6-3-196","palmas":19},"geometry":{"type":"LineString","coordinates":[[-72.993254,4.500387],[-72.994497,4.499619]]}},{"type":"Feature","properties":{"linea":"6-3-197","palmas":19},"geometry":{"type":"LineString","coordinates":[[-72.993256,4.500469],[-72.994499,4.499701]]}},{"type":"Feature","properties":{"linea":"6-3-198","palmas":19},"geometry":{"type":"LineString","coordinates":[[-72.993259,4.50055],[-72.994501,4.499782]]}},{"type":"Feature","properties":{"linea":"6-3-199","palmas":19},"geometry":{"type":"LineString","coordinates":[[-72.993261,4.500631],[-72.994504,4.499863]]}},{"type":"Feature","properties":{"linea":"6-3-2","palmas":2},"geometry":{"type":"LineString","coordinates":[[-72.992836,4.488148],[-72.992908,4.488186]]}},{"type":"Feature","properties":{"linea":"6-3-20","palmas":16},"geometry":{"type":"LineString","coordinates":[[-72.992795,4.486683],[-72.993865,4.487263]]}},{"type":"Feature","properties":{"linea":"6-3-200","palmas":19},"geometry":{"type":"LineString","coordinates":[[-72.993263,4.500713],[-72.994506,4.499944]]}},{"type":"Feature","properties":{"linea":"6-3-201","palmas":19},"geometry":{"type":"LineString","coordinates":[[-72.993266,4.500794],[-72.994508,4.500026]]}},{"type":"Feature","properties":{"linea":"6-3-202","palmas":19},"geometry":{"type":"LineString","coordinates":[[-72.993268,4.500875],[-72.994511,4.500107]]}},{"type":"Feature","properties":{"linea":"6-3-203","palmas":19},"geometry":{"type":"LineString","coordinates":[[-72.99327,4.500957],[-72.994513,4.500189]]}},{"type":"Feature","properties":{"linea":"6-3-204","palmas":19},"geometry":{"type":"LineString","coordinates":[[-72.993273,4.501038],[-72.994515,4.50027]]}},{"type":"Feature","properties":{"linea":"6-3-205","palmas":19},"geometry":{"type":"LineString","coordinates":[[-72.993275,4.501119],[-72.994518,4.500351]]}},{"type":"Feature","properties":{"linea":"6-3-206","palmas":19},"geometry":{"type":"LineString","coordinates":[[-72.993277,4.501201],[-72.99452,4.500432]]}},{"type":"Feature","properties":{"linea":"6-3-207","palmas":19},"geometry":{"type":"LineString","coordinates":[[-72.993279,4.501282],[-72.994522,4.500514]]}},{"type":"Feature","properties":{"linea":"6-3-208","palmas":19},"geometry":{"type":"LineString","coordinates":[[-72.993282,4.501363],[-72.994524,4.500595]]}},{"type":"Feature","properties":{"linea":"6-3-209","palmas":19},"geometry":{"type":"LineString","coordinates":[[-72.993284,4.501445],[-72.994527,4.500677]]}},{"type":"Feature","properties":{"linea":"6-3-21","palmas":16},"geometry":{"type":"LineString","coordinates":[[-72.992792,4.486602],[-72.993863,4.487182]]}},{"type":"Feature","properties":{"linea":"6-3-210","palmas":19},"geometry":{"type":"LineString","coordinates":[[-72.993286,4.501526],[-72.994529,4.500758]]}},{"type":"Feature","properties":{"linea":"6-3-211","palmas":18},"geometry":{"type":"LineString","coordinates":[[-72.993358,4.501565],[-72.994531,4.500839]]}},{"type":"Feature","properties":{"linea":"6-3-212","palmas":17},"geometry":{"type":"LineString","coordinates":[[-72.993429,4.501603],[-72.994534,4.500921]]}},{"type":"Feature","properties":{"linea":"6-3-213","palmas":16},"geometry":{"type":"LineString","coordinates":[[-72.9935,4.501642],[-72.994536,4.501002]]}},{"type":"Feature","properties":{"linea":"6-3-214","palmas":15},"geometry":{"type":"LineString","coordinates":[[-72.993572,4.501681],[-72.994538,4.501083]]}},{"type":"Feature","properties":{"linea":"6-3-215","palmas":14},"geometry":{"type":"LineString","coordinates":[[-72.993643,4.501719],[-72.994541,4.501165]]}},{"type":"Feature","properties":{"linea":"6-3-216","palmas":13},"geometry":{"type":"LineString","coordinates":[[-72.993714,4.501758],[-72.994543,4.501246]]}},{"type":"Feature","properties":{"linea":"6-3-217","palmas":12},"geometry":{"type":"LineString","coordinates":[[-72.993786,4.501797],[-72.994545,4.501327]]}},{"type":"Feature","properties":{"linea":"6-3-218","palmas":11},"geometry":{"type":"LineString","coordinates":[[-72.993857,4.501835],[-72.994547,4.501409]]}},{"type":"Feature","properties":{"linea":"6-3-219","palmas":10},"geometry":{"type":"LineString","coordinates":[[-72.993928,4.501874],[-72.99455,4.50149]]}},{"type":"Feature","properties":{"linea":"6-3-22","palmas":16},"geometry":{"type":"LineString","coordinates":[[-72.99279,4.486521],[-72.99386,4.487101]]}},{"type":"Feature","properties":{"linea":"6-3-220","palmas":9},"geometry":{"type":"LineString","coordinates":[[-72.994,4.501913],[-72.994552,4.501571]]}},{"type":"Feature","properties":{"linea":"6-3-221","palmas":8},"geometry":{"type":"LineString","coordinates":[[-72.994071,4.501951],[-72.994554,4.501653]]}},{"type":"Feature","properties":{"linea":"6-3-222","palmas":7},"geometry":{"type":"LineString","coordinates":[[-72.994142,4.50199],[-72.994557,4.501734]]}},{"type":"Feature","properties":{"linea":"6-3-223","palmas":6},"geometry":{"type":"LineString","coordinates":[[-72.994214,4.502029],[-72.994559,4.501815]]}},{"type":"Feature","properties":{"linea":"6-3-224","palmas":5},"geometry":{"type":"LineString","coordinates":[[-72.994285,4.502067],[-72.994561,4.501897]]}},{"type":"Feature","properties":{"linea":"6-3-225","palmas":4},"geometry":{"type":"LineString","coordinates":[[-72.994356,4.502106],[-72.994564,4.501978]]}},{"type":"Feature","properties":{"linea":"6-3-226","palmas":3},"geometry":{"type":"LineString","coordinates":[[-72.994428,4.502145],[-72.994566,4.502059]]}},{"type":"Feature","properties":{"linea":"6-3-227","palmas":2},"geometry":{"type":"LineString","coordinates":[[-72.994499,4.502183],[-72.994568,4.502141]]}},{"type":"Feature","properties":{"linea":"6-3-23","palmas":16},"geometry":{"type":"LineString","coordinates":[[-72.992788,4.486439],[-72.993858,4.487019]]}},{"type":"Feature","properties":{"linea":"6-3-230","palmas":2},"geometry":{"type":"LineString","coordinates":[[-72.995134,4.497322],[-72.995063,4.497283]]}},{"type":"Feature","properties":{"linea":"6-3-231","palmas":4},"geometry":{"type":"LineString","coordinates":[[-72.995208,4.497442],[-72.994994,4.497326]]}},{"type":"Feature","properties":{"linea":"6-3-232","palmas":4},"geometry":{"type":"LineString","coordinates":[[-72.995139,4.497484],[-72.994924,4.497368]]}},{"type":"Feature","properties":{"linea":"6-3-233","palmas":5},"geometry":{"type":"LineString","coordinates":[[-72.995141,4.497566],[-72.994855,4.497411]]}},{"type":"Feature","properties":{"linea":"6-3-234","palmas":6},"geometry":{"type":"LineString","coordinates":[[-72.995143,4.497647],[-72.994786,4.497454]]}},{"type":"Feature","properties":{"linea":"6-3-235","palmas":7},"geometry":{"type":"LineString","coordinates":[[-72.995145,4.497728],[-72.994717,4.497496]]}},{"type":"Feature","properties":{"linea":"6-3-236","palmas":8},"geometry":{"type":"LineString","coordinates":[[-72.995148,4.497809],[-72.994648,4.497539]]}},{"type":"Feature","properties":{"linea":"6-3-237","palmas":9},"geometry":{"type":"LineString","coordinates":[[-72.99515,4.497891],[-72.994579,4.497582]]}},{"type":"Feature","properties":{"linea":"6-3-238","palmas":10},"geometry":{"type":"LineString","coordinates":[[-72.995152,4.497972],[-72.99451,4.497624]]}},{"type":"Feature","properties":{"linea":"6-3-239","palmas":11},"geometry":{"type":"LineString","coordinates":[[-72.995226,4.498092],[-72.994512,4.497706]]}},{"type":"Feature","properties":{"linea":"6-3-24","palmas":14},"geometry":{"type":"LineString","coordinates":[[-72.992928,4.486435],[-72.993856,4.486938]]}},{"type":"Feature","properties":{"linea":"6-3-240","palmas":11},"geometry":{"type":"LineString","coordinates":[[-72.995228,4.498174],[-72.994515,4.497787]]}},{"type":"Feature","properties":{"linea":"6-3-241","palmas":11},"geometry":{"type":"LineString","coordinates":[[-72.995231,4.498255],[-72.994517,4.497868]]}},{"type":"Feature","properties":{"linea":"6-3-242","palmas":11},"geometry":{"type":"LineString","coordinates":[[-72.995233,4.498336],[-72.994519,4.49795]]}},{"type":"Feature","properties":{"linea":"6-3-243","palmas":11},"geometry":{"type":"LineString","coordinates":[[-72.995235,4.498418],[-72.994522,4.498031]]}},{"type":"Feature","properties":{"linea":"6-3-244","palmas":11},"geometry":{"type":"LineString","coordinates":[[-72.995238,4.498499],[-72.994524,4.498112]]}},{"type":"Feature","properties":{"linea":"6-3-245","palmas":11},"geometry":{"type":"LineString","coordinates":[[-72.99524,4.49858],[-72.994526,4.498194]]}},{"type":"Feature","properties":{"linea":"6-3-246","palmas":11},"geometry":{"type":"LineString","coordinates":[[-72.995242,4.498662],[-72.994529,4.498275]]}},{"type":"Feature","properties":{"linea":"6-3-247","palmas":11},"geometry":{"type":"LineString","coordinates":[[-72.995244,4.498743],[-72.994531,4.498356]]}},{"type":"Feature","properties":{"linea":"6-3-248","palmas":11},"geometry":{"type":"LineString","coordinates":[[-72.995247,4.498824],[-72.994533,4.498438]]}},{"type":"Feature","properties":{"linea":"6-3-249","palmas":11},"geometry":{"type":"LineString","coordinates":[[-72.995249,4.498906],[-72.994536,4.498519]]}},{"type":"Feature","properties":{"linea":"6-3-25","palmas":12},"geometry":{"type":"LineString","coordinates":[[-72.993069,4.486431],[-72.993853,4.486857]]}},{"type":"Feature","properties":{"linea":"6-3-250","palmas":11},"geometry":{"type":"LineString","coordinates":[[-72.995251,4.498987],[-72.994538,4.4986]]}},{"type":"Feature","properties":{"linea":"6-3-251","palmas":11},"geometry":{"type":"LineString","coordinates":[[-72.995254,4.499068],[-72.99454,4.498682]]}},{"type":"Feature","properties":{"linea":"6-3-252","palmas":11},"geometry":{"type":"LineString","coordinates":[[-72.995256,4.49915],[-72.994542,4.498763]]}},{"type":"Feature","properties":{"linea":"6-3-253","palmas":10},"geometry":{"type":"LineString","coordinates":[[-72.995187,4.499193],[-72.994545,4.498844]]}},{"type":"Feature","properties":{"linea":"6-3-254","palmas":11},"geometry":{"type":"LineString","coordinates":[[-72.995261,4.499313],[-72.994547,4.498926]]}},{"type":"Feature","properties":{"linea":"6-3-255","palmas":9},"geometry":{"type":"LineString","coordinates":[[-72.99512,4.499316],[-72.994549,4.499007]]}},{"type":"Feature","properties":{"linea":"6-3-256","palmas":11},"geometry":{"type":"LineString","coordinates":[[-72.995265,4.499475],[-72.994552,4.499088]]}},{"type":"Feature","properties":{"linea":"6-3-257","palmas":11},"geometry":{"type":"LineString","coordinates":[[-72.995267,4.499556],[-72.994554,4.49917]]}},{"type":"Feature","properties":{"linea":"6-3-258","palmas":11},"geometry":{"type":"LineString","coordinates":[[-72.99527,4.499638],[-72.994556,4.499251]]}},{"type":"Feature","properties":{"linea":"6-3-259","palmas":11},"geometry":{"type":"LineString","coordinates":[[-72.995272,4.499719],[-72.994559,4.499333]]}},{"type":"Feature","properties":{"linea":"6-3-26","palmas":11},"geometry":{"type":"LineString","coordinates":[[-72.993138,4.486389],[-72.993851,4.486775]]}},{"type":"Feature","properties":{"linea":"6-3-260","palmas":11},"geometry":{"type":"LineString","coordinates":[[-72.995274,4.4998],[-72.994561,4.499414]]}},{"type":"Feature","properties":{"linea":"6-3-261","palmas":11},"geometry":{"type":"LineString","coordinates":[[-72.995277,4.499882],[-72.994563,4.499495]]}},{"type":"Feature","properties":{"linea":"6-3-262","palmas":11},"geometry":{"type":"LineString","coordinates":[[-72.995279,4.499963],[-72.994566,4.499576]]}},{"type":"Feature","properties":{"linea":"6-3-263","palmas":11},"geometry":{"type":"LineString","coordinates":[[-72.995281,4.500044],[-72.994568,4.499658]]}},{"type":"Feature","properties":{"linea":"6-3-264","palmas":11},"geometry":{"type":"LineString","coordinates":[[-72.995284,4.500126],[-72.99457,4.499739]]}},{"type":"Feature","properties":{"linea":"6-3-265","palmas":11},"geometry":{"type":"LineString","coordinates":[[-72.995286,4.500207],[-72.994573,4.499821]]}},{"type":"Feature","properties":{"linea":"6-3-266","palmas":11},"geometry":{"type":"LineString","coordinates":[[-72.995288,4.500288],[-72.994575,4.499902]]}},{"type":"Feature","properties":{"linea":"6-3-267","palmas":11},"geometry":{"type":"LineString","coordinates":[[-72.995291,4.50037],[-72.994577,4.499983]]}},{"type":"Feature","properties":{"linea":"6-3-268","palmas":11},"geometry":{"type":"LineString","coordinates":[[-72.995293,4.500451],[-72.994579,4.500064]]}},{"type":"Feature","properties":{"linea":"6-3-269","palmas":11},"geometry":{"type":"LineString","coordinates":[[-72.995295,4.500533],[-72.994582,4.500146]]}},{"type":"Feature","properties":{"linea":"6-3-27","palmas":9},"geometry":{"type":"LineString","coordinates":[[-72.993278,4.486385],[-72.993849,4.486694]]}},{"type":"Feature","properties":{"linea":"6-3-270","palmas":11},"geometry":{"type":"LineString","coordinates":[[-72.995298,4.500614],[-72.994584,4.500227]]}},{"type":"Feature","properties":{"linea":"6-3-271","palmas":11},"geometry":{"type":"LineString","coordinates":[[-72.9953,4.500695],[-72.994586,4.500309]]}},{"type":"Feature","properties":{"linea":"6-3-272","palmas":11},"geometry":{"type":"LineString","coordinates":[[-72.995302,4.500776],[-72.994589,4.50039]]}},{"type":"Feature","properties":{"linea":"6-3-273","palmas":11},"geometry":{"type":"LineString","coordinates":[[-72.995304,4.500858],[-72.994591,4.500471]]}},{"type":"Feature","properties":{"linea":"6-3-274","palmas":11},"geometry":{"type":"LineString","coordinates":[[-72.995307,4.500939],[-72.994593,4.500553]]}},{"type":"Feature","properties":{"linea":"6-3-275","palmas":11},"geometry":{"type":"LineString","coordinates":[[-72.995309,4.501021],[-72.994596,4.500634]]}},{"type":"Feature","properties":{"linea":"6-3-276","palmas":11},"geometry":{"type":"LineString","coordinates":[[-72.995311,4.501102],[-72.994598,4.500715]]}},{"type":"Feature","properties":{"linea":"6-3-277","palmas":11},"geometry":{"type":"LineString","coordinates":[[-72.995314,4.501183],[-72.9946,4.500797]]}},{"type":"Feature","properties":{"linea":"6-3-278","palmas":11},"geometry":{"type":"LineString","coordinates":[[-72.995316,4.501264],[-72.994602,4.500878]]}},{"type":"Feature","properties":{"linea":"6-3-279","palmas":11},"geometry":{"type":"LineString","coordinates":[[-72.995318,4.501346],[-72.994605,4.500959]]}},{"type":"Feature","properties":{"linea":"6-3-28","palmas":7},"geometry":{"type":"LineString","coordinates":[[-72.993418,4.486381],[-72.993846,4.486613]]}},{"type":"Feature","properties":{"linea":"6-3-280","palmas":11},"geometry":{"type":"LineString","coordinates":[[-72.995321,4.501427],[-72.994607,4.501041]]}},{"type":"Feature","properties":{"linea":"6-3-281","palmas":11},"geometry":{"type":"LineString","coordinates":[[-72.995323,4.501509],[-72.994609,4.501122]]}},{"type":"Feature","properties":{"linea":"6-3-282","palmas":11},"geometry":{"type":"LineString","coordinates":[[-72.995325,4.50159],[-72.994612,4.501203]]}},{"type":"Feature","properties":{"linea":"6-3-283","palmas":11},"geometry":{"type":"LineString","coordinates":[[-72.995328,4.501671],[-72.994614,4.501285]]}},{"type":"Feature","properties":{"linea":"6-3-284","palmas":11},"geometry":{"type":"LineString","coordinates":[[-72.99533,4.501753],[-72.994616,4.501366]]}},{"type":"Feature","properties":{"linea":"6-3-285","palmas":11},"geometry":{"type":"LineString","coordinates":[[-72.995332,4.501834],[-72.994619,4.501447]]}},{"type":"Feature","properties":{"linea":"6-3-286","palmas":11},"geometry":{"type":"LineString","coordinates":[[-72.995334,4.501915],[-72.994621,4.501529]]}},{"type":"Feature","properties":{"linea":"6-3-287","palmas":11},"geometry":{"type":"LineString","coordinates":[[-72.995337,4.501997],[-72.994623,4.50161]]}},{"type":"Feature","properties":{"linea":"6-3-288","palmas":11},"geometry":{"type":"LineString","coordinates":[[-72.995339,4.502078],[-72.994626,4.501691]]}},{"type":"Feature","properties":{"linea":"6-3-289","palmas":11},"geometry":{"type":"LineString","coordinates":[[-72.995341,4.502159],[-72.994628,4.501773]]}},{"type":"Feature","properties":{"linea":"6-3-29","palmas":5},"geometry":{"type":"LineString","coordinates":[[-72.993559,4.486377],[-72.993844,4.486531]]}},{"type":"Feature","properties":{"linea":"6-3-290","palmas":11},"geometry":{"type":"LineString","coordinates":[[-72.995344,4.502241],[-72.99463,4.501854]]}},{"type":"Feature","properties":{"linea":"6-3-291","palmas":11},"geometry":{"type":"LineString","coordinates":[[-72.995346,4.502322],[-72.994632,4.501935]]}},{"type":"Feature","properties":{"linea":"6-3-292","palmas":11},"geometry":{"type":"LineString","coordinates":[[-72.995348,4.502403],[-72.994635,4.502017]]}},{"type":"Feature","properties":{"linea":"6-3-293","palmas":11},"geometry":{"type":"LineString","coordinates":[[-72.995351,4.502485],[-72.994637,4.502098]]}},{"type":"Feature","properties":{"linea":"6-3-294","palmas":11},"geometry":{"type":"LineString","coordinates":[[-72.995353,4.502566],[-72.994639,4.502179]]}},{"type":"Feature","properties":{"linea":"6-3-295","palmas":11},"geometry":{"type":"LineString","coordinates":[[-72.995355,4.502647],[-72.994642,4.502261]]}},{"type":"Feature","properties":{"linea":"6-3-296","palmas":30},"geometry":{"type":"LineString","coordinates":[[-72.995357,4.502729],[-72.993289,4.501608]]}},{"type":"Feature","properties":{"linea":"6-3-297","palmas":30},"geometry":{"type":"LineString","coordinates":[[-72.99536,4.50281],[-72.993291,4.501689]]}},{"type":"Feature","properties":{"linea":"6-3-298","palmas":29},"geometry":{"type":"LineString","coordinates":[[-72.995362,4.502891],[-72.993364,4.501809]]}},{"type":"Feature","properties":{"linea":"6-3-299","palmas":30},"geometry":{"type":"LineString","coordinates":[[-72.995364,4.502973],[-72.993296,4.501851]]}},{"type":"Feature","properties":{"linea":"6-3-3","palmas":3},"geometry":{"type":"LineString","coordinates":[[-72.992834,4.488066],[-72.992977,4.488144]]}},{"type":"Feature","properties":{"linea":"6-3-30","palmas":3},"geometry":{"type":"LineString","coordinates":[[-72.993699,4.486373],[-72.993842,4.48645]]}},{"type":"Feature","properties":{"linea":"6-3-300","palmas":29},"geometry":{"type":"LineString","coordinates":[[-72.995367,4.503054],[-72.993369,4.501971]]}},{"type":"Feature","properties":{"linea":"6-3-301","palmas":30},"geometry":{"type":"LineString","coordinates":[[-72.995369,4.503135],[-72.9933,4.502014]]}},{"type":"Feature","properties":{"linea":"6-3-302","palmas":30},"geometry":{"type":"LineString","coordinates":[[-72.995371,4.503217],[-72.993302,4.502096]]}},{"type":"Feature","properties":{"linea":"6-3-303","palmas":30},"geometry":{"type":"LineString","coordinates":[[-72.995374,4.503298],[-72.993305,4.502177]]}},{"type":"Feature","properties":{"linea":"6-3-304","palmas":29},"geometry":{"type":"LineString","coordinates":[[-72.995376,4.503379],[-72.993378,4.502297]]}},{"type":"Feature","properties":{"linea":"6-3-305","palmas":29},"geometry":{"type":"LineString","coordinates":[[-72.995378,4.503461],[-72.993381,4.502378]]}},{"type":"Feature","properties":{"linea":"6-3-306","palmas":29},"geometry":{"type":"LineString","coordinates":[[-72.995381,4.503542],[-72.993383,4.502459]]}},{"type":"Feature","properties":{"linea":"6-3-307","palmas":29},"geometry":{"type":"LineString","coordinates":[[-72.995383,4.503623],[-72.993385,4.502541]]}},{"type":"Feature","properties":{"linea":"6-3-308","palmas":29},"geometry":{"type":"LineString","coordinates":[[-72.995385,4.503705],[-72.993388,4.502622]]}},{"type":"Feature","properties":{"linea":"6-3-309","palmas":29},"geometry":{"type":"LineString","coordinates":[[-72.995388,4.503786],[-72.99339,4.502704]]}},{"type":"Feature","properties":{"linea":"6-3-310","palmas":28},"geometry":{"type":"LineString","coordinates":[[-72.995319,4.503829],[-72.993392,4.502785]]}},{"type":"Feature","properties":{"linea":"6-3-311","palmas":26},"geometry":{"type":"LineString","coordinates":[[-72.995178,4.503833],[-72.993394,4.502866]]}},{"type":"Feature","properties":{"linea":"6-3-312","palmas":24},"geometry":{"type":"LineString","coordinates":[[-72.995038,4.503837],[-72.993397,4.502948]]}},{"type":"Feature","properties":{"linea":"6-3-313","palmas":22},"geometry":{"type":"LineString","coordinates":[[-72.994898,4.503841],[-72.993399,4.503029]]}},{"type":"Feature","properties":{"linea":"6-3-314","palmas":20},"geometry":{"type":"LineString","coordinates":[[-72.994757,4.503845],[-72.993401,4.50311]]}},{"type":"Feature","properties":{"linea":"6-3-315","palmas":18},"geometry":{"type":"LineString","coordinates":[[-72.994617,4.503849],[-72.993404,4.503192]]}},{"type":"Feature","properties":{"linea":"6-3-316","palmas":16},"geometry":{"type":"LineString","coordinates":[[-72.994476,4.503853],[-72.993406,4.503273]]}},{"type":"Feature","properties":{"linea":"6-3-317","palmas":14},"geometry":{"type":"LineString","coordinates":[[-72.994336,4.503857],[-72.993408,4.503354]]}},{"type":"Feature","properties":{"linea":"6-3-318","palmas":12},"geometry":{"type":"LineString","coordinates":[[-72.994196,4.503861],[-72.993411,4.503436]]}},{"type":"Feature","properties":{"linea":"6-3-319","palmas":10},"geometry":{"type":"LineString","coordinates":[[-72.994055,4.503865],[-72.993413,4.503517]]}},{"type":"Feature","properties":{"linea":"6-3-320","palmas":8},"geometry":{"type":"LineString","coordinates":[[-72.993915,4.503869],[-72.993415,4.503598]]}},{"type":"Feature","properties":{"linea":"6-3-321","palmas":6},"geometry":{"type":"LineString","coordinates":[[-72.993774,4.503873],[-72.993418,4.50368]]}},{"type":"Feature","properties":{"linea":"6-3-322","palmas":4},"geometry":{"type":"LineString","coordinates":[[-72.993634,4.503877],[-72.99342,4.503761]]}},{"type":"Feature","properties":{"linea":"6-3-323","palmas":2},"geometry":{"type":"LineString","coordinates":[[-72.993494,4.503881],[-72.993422,4.503842]]}},{"type":"Feature","properties":{"linea":"6-3-33","palmas":4},"geometry":{"type":"LineString","coordinates":[[-72.993913,4.486489],[-72.99412,4.486361]]}},{"type":"Feature","properties":{"linea":"6-3-34","palmas":6},"geometry":{"type":"LineString","coordinates":[[-72.993915,4.48657],[-72.994261,4.486357]]}},{"type":"Feature","properties":{"linea":"6-3-35","palmas":8},"geometry":{"type":"LineString","coordinates":[[-72.993918,4.486651],[-72.994401,4.486352]]}},{"type":"Feature","properties":{"linea":"6-3-36","palmas":10},"geometry":{"type":"LineString","coordinates":[[-72.99392,4.486733],[-72.994541,4.486349]]}},{"type":"Feature","properties":{"linea":"6-3-37","palmas":12},"geometry":{"type":"LineString","coordinates":[[-72.993922,4.486814],[-72.994682,4.486344]]}},{"type":"Feature","properties":{"linea":"6-3-38","palmas":14},"geometry":{"type":"LineString","coordinates":[[-72.993925,4.486895],[-72.994822,4.486341]]}},{"type":"Feature","properties":{"linea":"6-3-39","palmas":14},"geometry":{"type":"LineString","coordinates":[[-72.993927,4.486977],[-72.994824,4.486422]]}},{"type":"Feature","properties":{"linea":"6-3-4","palmas":4},"geometry":{"type":"LineString","coordinates":[[-72.992832,4.487985],[-72.993046,4.488101]]}},{"type":"Feature","properties":{"linea":"6-3-40","palmas":14},"geometry":{"type":"LineString","coordinates":[[-72.993929,4.487058],[-72.994827,4.486503]]}},{"type":"Feature","properties":{"linea":"6-3-41","palmas":14},"geometry":{"type":"LineString","coordinates":[[-72.993932,4.487139],[-72.994829,4.486584]]}},{"type":"Feature","properties":{"linea":"6-3-42","palmas":15},"geometry":{"type":"LineString","coordinates":[[-72.993934,4.487221],[-72.9949,4.486623]]}},{"type":"Feature","properties":{"linea":"6-3-43","palmas":15},"geometry":{"type":"LineString","coordinates":[[-72.993936,4.487302],[-72.994903,4.486704]]}},{"type":"Feature","properties":{"linea":"6-3-44","palmas":15},"geometry":{"type":"LineString","coordinates":[[-72.993938,4.487383],[-72.994905,4.486786]]}},{"type":"Feature","properties":{"linea":"6-3-45","palmas":15},"geometry":{"type":"LineString","coordinates":[[-72.993941,4.487465],[-72.994907,4.486867]]}},{"type":"Feature","properties":{"linea":"6-3-46","palmas":15},"geometry":{"type":"LineString","coordinates":[[-72.993943,4.487546],[-72.994909,4.486949]]}},{"type":"Feature","properties":{"linea":"6-3-47","palmas":14},"geometry":{"type":"LineString","coordinates":[[-72.994014,4.487585],[-72.994912,4.48703]]}},{"type":"Feature","properties":{"linea":"6-3-48","palmas":13},"geometry":{"type":"LineString","coordinates":[[-72.994086,4.487623],[-72.994914,4.487111]]}},{"type":"Feature","properties":{"linea":"6-3-49","palmas":14},"geometry":{"type":"LineString","coordinates":[[-72.994019,4.487748],[-72.994916,4.487192]]}},{"type":"Feature","properties":{"linea":"6-3-5","palmas":5},"geometry":{"type":"LineString","coordinates":[[-72.992829,4.487904],[-72.993115,4.488058]]}},{"type":"Feature","properties":{"linea":"6-3-50","palmas":16},"geometry":{"type":"LineString","coordinates":[[-72.993883,4.487914],[-72.994919,4.487274]]}},{"type":"Feature","properties":{"linea":"6-3-51","palmas":19},"geometry":{"type":"LineString","coordinates":[[-72.993679,4.488124],[-72.994921,4.487355]]}},{"type":"Feature","properties":{"linea":"6-3-52","palmas":20},"geometry":{"type":"LineString","coordinates":[[-72.993612,4.488247],[-72.994923,4.487437]]}},{"type":"Feature","properties":{"linea":"6-3-53","palmas":21},"geometry":{"type":"LineString","coordinates":[[-72.993545,4.488371],[-72.994926,4.487518]]}},{"type":"Feature","properties":{"linea":"6-3-54","palmas":21},"geometry":{"type":"LineString","coordinates":[[-72.993547,4.488453],[-72.994928,4.487599]]}},{"type":"Feature","properties":{"linea":"6-3-55","palmas":22},"geometry":{"type":"LineString","coordinates":[[-72.992859,4.488961],[-72.99493,4.487681]]}},{"type":"Feature","properties":{"linea":"6-3-56","palmas":23},"geometry":{"type":"LineString","coordinates":[[-72.992862,4.489042],[-72.994933,4.487762]]}},{"type":"Feature","properties":{"linea":"6-3-57","palmas":25},"geometry":{"type":"LineString","coordinates":[[-72.992864,4.489124],[-72.994935,4.487843]]}},{"type":"Feature","properties":{"linea":"6-3-58","palmas":27},"geometry":{"type":"LineString","coordinates":[[-72.992866,4.489205],[-72.994937,4.487925]]}},{"type":"Feature","properties":{"linea":"6-3-59","palmas":31},"geometry":{"type":"LineString","coordinates":[[-72.992869,4.489286],[-72.99494,4.488006]]}},{"type":"Feature","properties":{"linea":"6-3-6","palmas":6},"geometry":{"type":"LineString","coordinates":[[-72.992827,4.487822],[-72.993184,4.488016]]}},{"type":"Feature","properties":{"linea":"6-3-60","palmas":31},"geometry":{"type":"LineString","coordinates":[[-72.992871,4.489368],[-72.994942,4.488087]]}},{"type":"Feature","properties":{"linea":"6-3-61","palmas":31},"geometry":{"type":"LineString","coordinates":[[-72.992873,4.489449],[-72.994944,4.488169]]}},{"type":"Feature","properties":{"linea":"6-3-62","palmas":31},"geometry":{"type":"LineString","coordinates":[[-72.992876,4.48953],[-72.994947,4.48825]]}},{"type":"Feature","properties":{"linea":"6-3-63","palmas":31},"geometry":{"type":"LineString","coordinates":[[-72.992878,4.489612],[-72.994949,4.488331]]}},{"type":"Feature","properties":{"linea":"6-3-64","palmas":31},"geometry":{"type":"LineString","coordinates":[[-72.99288,4.489693],[-72.994951,4.488413]]}},{"type":"Feature","properties":{"linea":"6-3-65","palmas":31},"geometry":{"type":"LineString","coordinates":[[-72.992883,4.489774],[-72.994953,4.488494]]}},{"type":"Feature","properties":{"linea":"6-3-66","palmas":31},"geometry":{"type":"LineString","coordinates":[[-72.992885,4.489856],[-72.994956,4.488575]]}},{"type":"Feature","properties":{"linea":"6-3-67","palmas":31},"geometry":{"type":"LineString","coordinates":[[-72.992887,4.489937],[-72.994958,4.488657]]}},{"type":"Feature","properties":{"linea":"6-3-68","palmas":31},"geometry":{"type":"LineString","coordinates":[[-72.992889,4.490018],[-72.99496,4.488738]]}},{"type":"Feature","properties":{"linea":"6-3-69","palmas":31},"geometry":{"type":"LineString","coordinates":[[-72.992892,4.4901],[-72.994963,4.488819]]}},{"type":"Feature","properties":{"linea":"6-3-7","palmas":7},"geometry":{"type":"LineString","coordinates":[[-72.992825,4.487741],[-72.993253,4.487973]]}},{"type":"Feature","properties":{"linea":"6-3-70","palmas":31},"geometry":{"type":"LineString","coordinates":[[-72.992894,4.490181],[-72.994965,4.488901]]}},{"type":"Feature","properties":{"linea":"6-3-71","palmas":31},"geometry":{"type":"LineString","coordinates":[[-72.992896,4.490263],[-72.994967,4.488982]]}},{"type":"Feature","properties":{"linea":"6-3-72","palmas":31},"geometry":{"type":"LineString","coordinates":[[-72.992899,4.490344],[-72.99497,4.489063]]}},{"type":"Feature","properties":{"linea":"6-3-73","palmas":31},"geometry":{"type":"LineString","coordinates":[[-72.992901,4.490425],[-72.994972,4.489145]]}},{"type":"Feature","properties":{"linea":"6-3-74","palmas":31},"geometry":{"type":"LineString","coordinates":[[-72.992903,4.490506],[-72.994974,4.489226]]}},{"type":"Feature","properties":{"linea":"6-3-75","palmas":31},"geometry":{"type":"LineString","coordinates":[[-72.992906,4.490588],[-72.994977,4.489307]]}},{"type":"Feature","properties":{"linea":"6-3-76","palmas":31},"geometry":{"type":"LineString","coordinates":[[-72.992908,4.490669],[-72.994979,4.489389]]}},{"type":"Feature","properties":{"linea":"6-3-77","palmas":31},"geometry":{"type":"LineString","coordinates":[[-72.99291,4.490751],[-72.994981,4.48947]]}},{"type":"Feature","properties":{"linea":"6-3-78","palmas":31},"geometry":{"type":"LineString","coordinates":[[-72.992913,4.490832],[-72.994984,4.489551]]}},{"type":"Feature","properties":{"linea":"6-3-79","palmas":31},"geometry":{"type":"LineString","coordinates":[[-72.992915,4.490913],[-72.994986,4.489633]]}},{"type":"Feature","properties":{"linea":"6-3-8","palmas":8},"geometry":{"type":"LineString","coordinates":[[-72.992823,4.487659],[-72.993322,4.48793]]}},{"type":"Feature","properties":{"linea":"6-3-80","palmas":31},"geometry":{"type":"LineString","coordinates":[[-72.992917,4.490994],[-72.994988,4.489714]]}},{"type":"Feature","properties":{"linea":"6-3-81","palmas":31},"geometry":{"type":"LineString","coordinates":[[-72.992919,4.491076],[-72.99499,4.489796]]}},{"type":"Feature","properties":{"linea":"6-3-82","palmas":31},"geometry":{"type":"LineString","coordinates":[[-72.992922,4.491157],[-72.994993,4.489877]]}},{"type":"Feature","properties":{"linea":"6-3-83","palmas":31},"geometry":{"type":"LineString","coordinates":[[-72.992924,4.491239],[-72.994995,4.489958]]}},{"type":"Feature","properties":{"linea":"6-3-84","palmas":31},"geometry":{"type":"LineString","coordinates":[[-72.992926,4.49132],[-72.994997,4.490039]]}},{"type":"Feature","properties":{"linea":"6-3-85","palmas":31},"geometry":{"type":"LineString","coordinates":[[-72.992929,4.491401],[-72.995,4.490121]]}},{"type":"Feature","properties":{"linea":"6-3-86","palmas":31},"geometry":{"type":"LineString","coordinates":[[-72.992931,4.491483],[-72.995002,4.490202]]}},{"type":"Feature","properties":{"linea":"6-3-87","palmas":16},"geometry":{"type":"LineString","coordinates":[[-72.993041,4.492904],[-72.993007,4.491684]]}},{"type":"Feature","properties":{"linea":"6-3-88","palmas":16},"geometry":{"type":"LineString","coordinates":[[-72.993111,4.492861],[-72.993076,4.491641]]}},{"type":"Feature","properties":{"linea":"6-3-89","palmas":16},"geometry":{"type":"LineString","coordinates":[[-72.993179,4.492819],[-72.993145,4.491599]]}},{"type":"Feature","properties":{"linea":"6-3-9","palmas":9},"geometry":{"type":"LineString","coordinates":[[-72.99282,4.487578],[-72.993391,4.487888]]}},{"type":"Feature","properties":{"linea":"6-3-90","palmas":16},"geometry":{"type":"LineString","coordinates":[[-72.993249,4.492776],[-72.993214,4.491556]]}},{"type":"Feature","properties":{"linea":"6-3-91","palmas":16},"geometry":{"type":"LineString","coordinates":[[-72.993318,4.492733],[-72.993283,4.491513]]}},{"type":"Feature","properties":{"linea":"6-3-92","palmas":16},"geometry":{"type":"LineString","coordinates":[[-72.993387,4.492691],[-72.993352,4.491471]]}},{"type":"Feature","properties":{"linea":"6-3-93","palmas":16},"geometry":{"type":"LineString","coordinates":[[-72.993456,4.492648],[-72.993421,4.491428]]}},{"type":"Feature","properties":{"linea":"6-3-94","palmas":16},"geometry":{"type":"LineString","coordinates":[[-72.993525,4.492605],[-72.99349,4.491385]]}},{"type":"Feature","properties":{"linea":"6-3-95","palmas":16},"geometry":{"type":"LineString","coordinates":[[-72.993594,4.492563],[-72.993559,4.491343]]}},{"type":"Feature","properties":{"linea":"6-3-96","palmas":16},"geometry":{"type":"LineString","coordinates":[[-72.993663,4.49252],[-72.993628,4.4913]]}},{"type":"Feature","properties":{"linea":"6-3-97","palmas":16},"geometry":{"type":"LineString","coordinates":[[-72.993732,4.492477],[-72.993697,4.491257]]}},{"type":"Feature","properties":{"linea":"6-3-98","palmas":16},"geometry":{"type":"LineString","coordinates":[[-72.993801,4.492434],[-72.993766,4.491214]]}},{"type":"Feature","properties":{"linea":"6-3-99","palmas":16},"geometry":{"type":"LineString","coordinates":[[-72.99387,4.492392],[-72.993835,4.491172]]}},{"type":"Feature","properties":{"linea":"6-4-1","palmas":3},"geometry":{"type":"LineString","coordinates":[[-72.99265,4.486525],[-72.992507,4.486447]]}},{"type":"Feature","properties":{"linea":"6-4-10","palmas":16},"geometry":{"type":"LineString","coordinates":[[-72.992671,4.487257],[-72.9916,4.486677]]}},{"type":"Feature","properties":{"linea":"6-4-100","palmas":26},"geometry":{"type":"LineString","coordinates":[[-72.99295,4.494616],[-72.991166,4.493649]]}},{"type":"Feature","properties":{"linea":"6-4-101","palmas":26},"geometry":{"type":"LineString","coordinates":[[-72.992952,4.494698],[-72.991168,4.493731]]}},{"type":"Feature","properties":{"linea":"6-4-102","palmas":26},"geometry":{"type":"LineString","coordinates":[[-72.992954,4.494779],[-72.991171,4.493812]]}},{"type":"Feature","properties":{"linea":"6-4-103","palmas":26},"geometry":{"type":"LineString","coordinates":[[-72.992957,4.49486],[-72.991173,4.493894]]}},{"type":"Feature","properties":{"linea":"6-4-104","palmas":26},"geometry":{"type":"LineString","coordinates":[[-72.992959,4.494941],[-72.991175,4.493975]]}},{"type":"Feature","properties":{"linea":"6-4-105","palmas":26},"geometry":{"type":"LineString","coordinates":[[-72.992961,4.495023],[-72.991178,4.494056]]}},{"type":"Feature","properties":{"linea":"6-4-106","palmas":26},"geometry":{"type":"LineString","coordinates":[[-72.992964,4.495104],[-72.99118,4.494137]]}},{"type":"Feature","properties":{"linea":"6-4-107","palmas":26},"geometry":{"type":"LineString","coordinates":[[-72.992966,4.495186],[-72.991182,4.494219]]}},{"type":"Feature","properties":{"linea":"6-4-108","palmas":26},"geometry":{"type":"LineString","coordinates":[[-72.992968,4.495267],[-72.991184,4.4943]]}},{"type":"Feature","properties":{"linea":"6-4-109","palmas":25},"geometry":{"type":"LineString","coordinates":[[-72.992899,4.495309],[-72.991187,4.494382]]}},{"type":"Feature","properties":{"linea":"6-4-11","palmas":16},"geometry":{"type":"LineString","coordinates":[[-72.992673,4.487338],[-72.991602,4.486758]]}},{"type":"Feature","properties":{"linea":"6-4-110","palmas":24},"geometry":{"type":"LineString","coordinates":[[-72.99283,4.495352],[-72.991189,4.494463]]}},{"type":"Feature","properties":{"linea":"6-4-111","palmas":23},"geometry":{"type":"LineString","coordinates":[[-72.992761,4.495395],[-72.991191,4.494544]]}},{"type":"Feature","properties":{"linea":"6-4-112","palmas":22},"geometry":{"type":"LineString","coordinates":[[-72.992692,4.495438],[-72.991194,4.494626]]}},{"type":"Feature","properties":{"linea":"6-4-113","palmas":21},"geometry":{"type":"LineString","coordinates":[[-72.992623,4.49548],[-72.991196,4.494707]]}},{"type":"Feature","properties":{"linea":"6-4-114","palmas":20},"geometry":{"type":"LineString","coordinates":[[-72.992554,4.495523],[-72.991198,4.494788]]}},{"type":"Feature","properties":{"linea":"6-4-115","palmas":19},"geometry":{"type":"LineString","coordinates":[[-72.992485,4.495566],[-72.991201,4.49487]]}},{"type":"Feature","properties":{"linea":"6-4-116","palmas":18},"geometry":{"type":"LineString","coordinates":[[-72.992416,4.495608],[-72.991203,4.494951]]}},{"type":"Feature","properties":{"linea":"6-4-117","palmas":17},"geometry":{"type":"LineString","coordinates":[[-72.992347,4.495651],[-72.991205,4.495032]]}},{"type":"Feature","properties":{"linea":"6-4-118","palmas":16},"geometry":{"type":"LineString","coordinates":[[-72.992278,4.495694],[-72.991208,4.495114]]}},{"type":"Feature","properties":{"linea":"6-4-119","palmas":15},"geometry":{"type":"LineString","coordinates":[[-72.992209,4.495736],[-72.99121,4.495195]]}},{"type":"Feature","properties":{"linea":"6-4-12","palmas":16},"geometry":{"type":"LineString","coordinates":[[-72.992675,4.487419],[-72.991605,4.486839]]}},{"type":"Feature","properties":{"linea":"6-4-120","palmas":14},"geometry":{"type":"LineString","coordinates":[[-72.99214,4.495779],[-72.991212,4.495276]]}},{"type":"Feature","properties":{"linea":"6-4-121","palmas":13},"geometry":{"type":"LineString","coordinates":[[-72.992071,4.495822],[-72.991214,4.495358]]}},{"type":"Feature","properties":{"linea":"6-4-122","palmas":12},"geometry":{"type":"LineString","coordinates":[[-72.992002,4.495864],[-72.991217,4.495439]]}},{"type":"Feature","properties":{"linea":"6-4-123","palmas":11},"geometry":{"type":"LineString","coordinates":[[-72.991933,4.495907],[-72.991219,4.49552]]}},{"type":"Feature","properties":{"linea":"6-4-124","palmas":10},"geometry":{"type":"LineString","coordinates":[[-72.991864,4.49595],[-72.991221,4.495602]]}},{"type":"Feature","properties":{"linea":"6-4-125","palmas":9},"geometry":{"type":"LineString","coordinates":[[-72.991794,4.495992],[-72.991224,4.495683]]}},{"type":"Feature","properties":{"linea":"6-4-126","palmas":8},"geometry":{"type":"LineString","coordinates":[[-72.991726,4.496035],[-72.991226,4.495764]]}},{"type":"Feature","properties":{"linea":"6-4-127","palmas":7},"geometry":{"type":"LineString","coordinates":[[-72.991656,4.496078],[-72.991228,4.495846]]}},{"type":"Feature","properties":{"linea":"6-4-128","palmas":6},"geometry":{"type":"LineString","coordinates":[[-72.991587,4.496121],[-72.991231,4.495927]]}},{"type":"Feature","properties":{"linea":"6-4-129","palmas":5},"geometry":{"type":"LineString","coordinates":[[-72.991518,4.496163],[-72.991233,4.496008]]}},{"type":"Feature","properties":{"linea":"6-4-13","palmas":16},"geometry":{"type":"LineString","coordinates":[[-72.992677,4.487501],[-72.991607,4.486921]]}},{"type":"Feature","properties":{"linea":"6-4-130","palmas":4},"geometry":{"type":"LineString","coordinates":[[-72.991449,4.496206],[-72.991235,4.49609]]}},{"type":"Feature","properties":{"linea":"6-4-131","palmas":3},"geometry":{"type":"LineString","coordinates":[[-72.99138,4.496248],[-72.991237,4.496171]]}},{"type":"Feature","properties":{"linea":"6-4-132","palmas":2},"geometry":{"type":"LineString","coordinates":[[-72.991311,4.496291],[-72.99124,4.496252]]}},{"type":"Feature","properties":{"linea":"6-4-134","palmas":26},"geometry":{"type":"LineString","coordinates":[[-72.99297,4.495348],[-72.991244,4.496415]]}},{"type":"Feature","properties":{"linea":"6-4-135","palmas":26},"geometry":{"type":"LineString","coordinates":[[-72.992973,4.495429],[-72.991247,4.496496]]}},{"type":"Feature","properties":{"linea":"6-4-136","palmas":25},"geometry":{"type":"LineString","coordinates":[[-72.992975,4.495511],[-72.991318,4.496535]]}},{"type":"Feature","properties":{"linea":"6-4-137","palmas":24},"geometry":{"type":"LineString","coordinates":[[-72.992977,4.495592],[-72.991389,4.496574]]}},{"type":"Feature","properties":{"linea":"6-4-138","palmas":23},"geometry":{"type":"LineString","coordinates":[[-72.99298,4.495674],[-72.991461,4.496613]]}},{"type":"Feature","properties":{"linea":"6-4-139","palmas":22},"geometry":{"type":"LineString","coordinates":[[-72.992982,4.495755],[-72.991532,4.496651]]}},{"type":"Feature","properties":{"linea":"6-4-14","palmas":17},"geometry":{"type":"LineString","coordinates":[[-72.99268,4.487582],[-72.991538,4.486964]]}},{"type":"Feature","properties":{"linea":"6-4-140","palmas":20},"geometry":{"type":"LineString","coordinates":[[-72.992984,4.495836],[-72.991604,4.49669]]}},{"type":"Feature","properties":{"linea":"6-4-141","palmas":9},"geometry":{"type":"LineString","coordinates":[[-72.992227,4.496387],[-72.991675,4.496729]]}},{"type":"Feature","properties":{"linea":"6-4-142","palmas":6},"geometry":{"type":"LineString","coordinates":[[-72.992091,4.496554],[-72.991746,4.496767]]}},{"type":"Feature","properties":{"linea":"6-4-143","palmas":4},"geometry":{"type":"LineString","coordinates":[[-72.992025,4.496678],[-72.991817,4.496806]]}},{"type":"Feature","properties":{"linea":"6-4-144","palmas":13},"geometry":{"type":"LineString","coordinates":[[-72.993035,4.497626],[-72.992179,4.497162]]}},{"type":"Feature","properties":{"linea":"6-4-145","palmas":22},"geometry":{"type":"LineString","coordinates":[[-72.993037,4.497707],[-72.991468,4.496856]]}},{"type":"Feature","properties":{"linea":"6-4-146","palmas":23},"geometry":{"type":"LineString","coordinates":[[-72.99304,4.497788],[-72.99147,4.496938]]}},{"type":"Feature","properties":{"linea":"6-4-147","palmas":23},"geometry":{"type":"LineString","coordinates":[[-72.993042,4.49787],[-72.991473,4.497019]]}},{"type":"Feature","properties":{"linea":"6-4-148","palmas":23},"geometry":{"type":"LineString","coordinates":[[-72.993044,4.497951],[-72.991475,4.497101]]}},{"type":"Feature","properties":{"linea":"6-4-149","palmas":24},"geometry":{"type":"LineString","coordinates":[[-72.993047,4.498032],[-72.991406,4.497143]]}},{"type":"Feature","properties":{"linea":"6-4-15","palmas":17},"geometry":{"type":"LineString","coordinates":[[-72.992682,4.487664],[-72.991541,4.487045]]}},{"type":"Feature","properties":{"linea":"6-4-150","palmas":24},"geometry":{"type":"LineString","coordinates":[[-72.993049,4.498114],[-72.991408,4.497224]]}},{"type":"Feature","properties":{"linea":"6-4-151","palmas":24},"geometry":{"type":"LineString","coordinates":[[-72.993051,4.498195],[-72.99141,4.497306]]}},{"type":"Feature","properties":{"linea":"6-4-152","palmas":24},"geometry":{"type":"LineString","coordinates":[[-72.993054,4.498276],[-72.991412,4.497387]]}},{"type":"Feature","properties":{"linea":"6-4-153","palmas":24},"geometry":{"type":"LineString","coordinates":[[-72.993056,4.498358],[-72.991415,4.497469]]}},{"type":"Feature","properties":{"linea":"6-4-154","palmas":24},"geometry":{"type":"LineString","coordinates":[[-72.993058,4.498439],[-72.991417,4.49755]]}},{"type":"Feature","properties":{"linea":"6-4-155","palmas":24},"geometry":{"type":"LineString","coordinates":[[-72.993061,4.498521],[-72.991419,4.497631]]}},{"type":"Feature","properties":{"linea":"6-4-156","palmas":24},"geometry":{"type":"LineString","coordinates":[[-72.993063,4.498602],[-72.991422,4.497713]]}},{"type":"Feature","properties":{"linea":"6-4-157","palmas":24},"geometry":{"type":"LineString","coordinates":[[-72.993065,4.498683],[-72.991424,4.497794]]}},{"type":"Feature","properties":{"linea":"6-4-158","palmas":24},"geometry":{"type":"LineString","coordinates":[[-72.993067,4.498764],[-72.991426,4.497875]]}},{"type":"Feature","properties":{"linea":"6-4-159","palmas":24},"geometry":{"type":"LineString","coordinates":[[-72.99307,4.498846],[-72.991429,4.497957]]}},{"type":"Feature","properties":{"linea":"6-4-16","palmas":17},"geometry":{"type":"LineString","coordinates":[[-72.992684,4.487745],[-72.991543,4.487126]]}},{"type":"Feature","properties":{"linea":"6-4-160","palmas":23},"geometry":{"type":"LineString","coordinates":[[-72.993072,4.498927],[-72.991502,4.498077]]}},{"type":"Feature","properties":{"linea":"6-4-161","palmas":23},"geometry":{"type":"LineString","coordinates":[[-72.993074,4.499009],[-72.991505,4.498158]]}},{"type":"Feature","properties":{"linea":"6-4-162","palmas":23},"geometry":{"type":"LineString","coordinates":[[-72.993077,4.49909],[-72.991507,4.498239]]}},{"type":"Feature","properties":{"linea":"6-4-163","palmas":23},"geometry":{"type":"LineString","coordinates":[[-72.993079,4.499171],[-72.991509,4.498321]]}},{"type":"Feature","properties":{"linea":"6-4-164","palmas":23},"geometry":{"type":"LineString","coordinates":[[-72.993081,4.499252],[-72.991512,4.498402]]}},{"type":"Feature","properties":{"linea":"6-4-165","palmas":23},"geometry":{"type":"LineString","coordinates":[[-72.993084,4.499334],[-72.991514,4.498483]]}},{"type":"Feature","properties":{"linea":"6-4-166","palmas":23},"geometry":{"type":"LineString","coordinates":[[-72.993086,4.499415],[-72.991516,4.498565]]}},{"type":"Feature","properties":{"linea":"6-4-167","palmas":23},"geometry":{"type":"LineString","coordinates":[[-72.993088,4.499497],[-72.991519,4.498646]]}},{"type":"Feature","properties":{"linea":"6-4-168","palmas":23},"geometry":{"type":"LineString","coordinates":[[-72.993091,4.499578],[-72.991521,4.498727]]}},{"type":"Feature","properties":{"linea":"6-4-169","palmas":23},"geometry":{"type":"LineString","coordinates":[[-72.993093,4.499659],[-72.991523,4.498809]]}},{"type":"Feature","properties":{"linea":"6-4-17","palmas":18},"geometry":{"type":"LineString","coordinates":[[-72.992687,4.487826],[-72.991474,4.487169]]}},{"type":"Feature","properties":{"linea":"6-4-170","palmas":23},"geometry":{"type":"LineString","coordinates":[[-72.993095,4.499741],[-72.991526,4.49889]]}},{"type":"Feature","properties":{"linea":"6-4-171","palmas":23},"geometry":{"type":"LineString","coordinates":[[-72.993098,4.499822],[-72.991528,4.498971]]}},{"type":"Feature","properties":{"linea":"6-4-172","palmas":23},"geometry":{"type":"LineString","coordinates":[[-72.9931,4.499903],[-72.99153,4.499053]]}},{"type":"Feature","properties":{"linea":"6-4-173","palmas":23},"geometry":{"type":"LineString","coordinates":[[-72.993102,4.499985],[-72.991533,4.499134]]}},{"type":"Feature","properties":{"linea":"6-4-174","palmas":23},"geometry":{"type":"LineString","coordinates":[[-72.993104,4.500066],[-72.991535,4.499215]]}},{"type":"Feature","properties":{"linea":"6-4-175","palmas":23},"geometry":{"type":"LineString","coordinates":[[-72.993107,4.500147],[-72.991537,4.499297]]}},{"type":"Feature","properties":{"linea":"6-4-176","palmas":23},"geometry":{"type":"LineString","coordinates":[[-72.993109,4.500229],[-72.991539,4.499378]]}},{"type":"Feature","properties":{"linea":"6-4-177","palmas":23},"geometry":{"type":"LineString","coordinates":[[-72.993111,4.50031],[-72.991542,4.499459]]}},{"type":"Feature","properties":{"linea":"6-4-178","palmas":23},"geometry":{"type":"LineString","coordinates":[[-72.993114,4.500391],[-72.991544,4.499541]]}},{"type":"Feature","properties":{"linea":"6-4-179","palmas":23},"geometry":{"type":"LineString","coordinates":[[-72.993116,4.500473],[-72.991546,4.499622]]}},{"type":"Feature","properties":{"linea":"6-4-18","palmas":18},"geometry":{"type":"LineString","coordinates":[[-72.992689,4.487908],[-72.991476,4.48725]]}},{"type":"Feature","properties":{"linea":"6-4-180","palmas":23},"geometry":{"type":"LineString","coordinates":[[-72.993118,4.500554],[-72.991549,4.499703]]}},{"type":"Feature","properties":{"linea":"6-4-181","palmas":23},"geometry":{"type":"LineString","coordinates":[[-72.993121,4.500635],[-72.991551,4.499785]]}},{"type":"Feature","properties":{"linea":"6-4-182","palmas":23},"geometry":{"type":"LineString","coordinates":[[-72.993123,4.500717],[-72.991553,4.499866]]}},{"type":"Feature","properties":{"linea":"6-4-183","palmas":23},"geometry":{"type":"LineString","coordinates":[[-72.993125,4.500798],[-72.991556,4.499948]]}},{"type":"Feature","properties":{"linea":"6-4-184","palmas":23},"geometry":{"type":"LineString","coordinates":[[-72.993127,4.500879],[-72.991558,4.500029]]}},{"type":"Feature","properties":{"linea":"6-4-185","palmas":23},"geometry":{"type":"LineString","coordinates":[[-72.99313,4.500961],[-72.99156,4.50011]]}},{"type":"Feature","properties":{"linea":"6-4-186","palmas":23},"geometry":{"type":"LineString","coordinates":[[-72.993132,4.501042],[-72.991563,4.500191]]}},{"type":"Feature","properties":{"linea":"6-4-187","palmas":21},"geometry":{"type":"LineString","coordinates":[[-72.993134,4.501123],[-72.991708,4.50035]]}},{"type":"Feature","properties":{"linea":"6-4-188","palmas":20},"geometry":{"type":"LineString","coordinates":[[-72.993137,4.501205],[-72.991781,4.50047]]}},{"type":"Feature","properties":{"linea":"6-4-189","palmas":21},"geometry":{"type":"LineString","coordinates":[[-72.993139,4.501286],[-72.991712,4.500513]]}},{"type":"Feature","properties":{"linea":"6-4-19","palmas":18},"geometry":{"type":"LineString","coordinates":[[-72.992691,4.487989],[-72.991478,4.487332]]}},{"type":"Feature","properties":{"linea":"6-4-190","palmas":21},"geometry":{"type":"LineString","coordinates":[[-72.993141,4.501367],[-72.991714,4.500594]]}},{"type":"Feature","properties":{"linea":"6-4-191","palmas":21},"geometry":{"type":"LineString","coordinates":[[-72.993144,4.501449],[-72.991717,4.500676]]}},{"type":"Feature","properties":{"linea":"6-4-192","palmas":19},"geometry":{"type":"LineString","coordinates":[[-72.993146,4.50153],[-72.991862,4.500834]]}},{"type":"Feature","properties":{"linea":"6-4-193","palmas":20},"geometry":{"type":"LineString","coordinates":[[-72.993148,4.501611],[-72.991793,4.500877]]}},{"type":"Feature","properties":{"linea":"6-4-194","palmas":19},"geometry":{"type":"LineString","coordinates":[[-72.993151,4.501693],[-72.991866,4.500997]]}},{"type":"Feature","properties":{"linea":"6-4-195","palmas":20},"geometry":{"type":"LineString","coordinates":[[-72.993153,4.501774],[-72.991797,4.501039]]}},{"type":"Feature","properties":{"linea":"6-4-196","palmas":19},"geometry":{"type":"LineString","coordinates":[[-72.993155,4.501856],[-72.991871,4.501159]]}},{"type":"Feature","properties":{"linea":"6-4-197","palmas":20},"geometry":{"type":"LineString","coordinates":[[-72.993157,4.501937],[-72.991802,4.501202]]}},{"type":"Feature","properties":{"linea":"6-4-198","palmas":20},"geometry":{"type":"LineString","coordinates":[[-72.99316,4.502018],[-72.991804,4.501284]]}},{"type":"Feature","properties":{"linea":"6-4-199","palmas":20},"geometry":{"type":"LineString","coordinates":[[-72.993162,4.502099],[-72.991806,4.501365]]}},{"type":"Feature","properties":{"linea":"6-4-2","palmas":5},"geometry":{"type":"LineString","coordinates":[[-72.992652,4.486606],[-72.992367,4.486451]]}},{"type":"Feature","properties":{"linea":"6-4-20","palmas":19},"geometry":{"type":"LineString","coordinates":[[-72.992694,4.48807],[-72.991409,4.487374]]}},{"type":"Feature","properties":{"linea":"6-4-200","palmas":18},"geometry":{"type":"LineString","coordinates":[[-72.993167,4.502262],[-72.991954,4.501605]]}},{"type":"Feature","properties":{"linea":"6-4-201","palmas":18},"geometry":{"type":"LineString","coordinates":[[-72.993169,4.502344],[-72.991956,4.501686]]}},{"type":"Feature","properties":{"linea":"6-4-202","palmas":18},"geometry":{"type":"LineString","coordinates":[[-72.993171,4.502425],[-72.991958,4.501767]]}},{"type":"Feature","properties":{"linea":"6-4-203","palmas":18},"geometry":{"type":"LineString","coordinates":[[-72.993174,4.502506],[-72.991961,4.501849]]}},{"type":"Feature","properties":{"linea":"6-4-204","palmas":18},"geometry":{"type":"LineString","coordinates":[[-72.993176,4.502587],[-72.991963,4.50193]]}},{"type":"Feature","properties":{"linea":"6-4-205","palmas":19},"geometry":{"type":"LineString","coordinates":[[-72.993178,4.502669],[-72.991894,4.501973]]}},{"type":"Feature","properties":{"linea":"6-4-206","palmas":19},"geometry":{"type":"LineString","coordinates":[[-72.993181,4.50275],[-72.991896,4.502054]]}},{"type":"Feature","properties":{"linea":"6-4-207","palmas":19},"geometry":{"type":"LineString","coordinates":[[-72.993183,4.502832],[-72.991899,4.502136]]}},{"type":"Feature","properties":{"linea":"6-4-208","palmas":20},"geometry":{"type":"LineString","coordinates":[[-72.993185,4.502913],[-72.99183,4.502178]]}},{"type":"Feature","properties":{"linea":"6-4-209","palmas":20},"geometry":{"type":"LineString","coordinates":[[-72.993188,4.502994],[-72.991832,4.50226]]}},{"type":"Feature","properties":{"linea":"6-4-21","palmas":19},"geometry":{"type":"LineString","coordinates":[[-72.992696,4.488152],[-72.991412,4.487456]]}},{"type":"Feature","properties":{"linea":"6-4-210","palmas":20},"geometry":{"type":"LineString","coordinates":[[-72.99319,4.503076],[-72.991834,4.502341]]}},{"type":"Feature","properties":{"linea":"6-4-211","palmas":20},"geometry":{"type":"LineString","coordinates":[[-72.993192,4.503157],[-72.991836,4.502422]]}},{"type":"Feature","properties":{"linea":"6-4-212","palmas":20},"geometry":{"type":"LineString","coordinates":[[-72.993194,4.503238],[-72.991839,4.502504]]}},{"type":"Feature","properties":{"linea":"6-4-213","palmas":20},"geometry":{"type":"LineString","coordinates":[[-72.993197,4.50332],[-72.991841,4.502585]]}},{"type":"Feature","properties":{"linea":"6-4-214","palmas":20},"geometry":{"type":"LineString","coordinates":[[-72.993199,4.503401],[-72.991843,4.502666]]}},{"type":"Feature","properties":{"linea":"6-4-215","palmas":20},"geometry":{"type":"LineString","coordinates":[[-72.993201,4.503482],[-72.991846,4.502748]]}},{"type":"Feature","properties":{"linea":"6-4-216","palmas":20},"geometry":{"type":"LineString","coordinates":[[-72.993204,4.503564],[-72.991848,4.502829]]}},{"type":"Feature","properties":{"linea":"6-4-217","palmas":20},"geometry":{"type":"LineString","coordinates":[[-72.993206,4.503645],[-72.99185,4.50291]]}},{"type":"Feature","properties":{"linea":"6-4-218","palmas":20},"geometry":{"type":"LineString","coordinates":[[-72.993208,4.503726],[-72.991853,4.502992]]}},{"type":"Feature","properties":{"linea":"6-4-219","palmas":19},"geometry":{"type":"LineString","coordinates":[[-72.993211,4.503808],[-72.991926,4.503112]]}},{"type":"Feature","properties":{"linea":"6-4-22","palmas":19},"geometry":{"type":"LineString","coordinates":[[-72.992698,4.488233],[-72.991414,4.487537]]}},{"type":"Feature","properties":{"linea":"6-4-220","palmas":19},"geometry":{"type":"LineString","coordinates":[[-72.993213,4.503889],[-72.991929,4.503193]]}},{"type":"Feature","properties":{"linea":"6-4-221","palmas":17},"geometry":{"type":"LineString","coordinates":[[-72.993072,4.503893],[-72.991931,4.503274]]}},{"type":"Feature","properties":{"linea":"6-4-222","palmas":15},"geometry":{"type":"LineString","coordinates":[[-72.992932,4.503897],[-72.991933,4.503356]]}},{"type":"Feature","properties":{"linea":"6-4-223","palmas":12},"geometry":{"type":"LineString","coordinates":[[-72.992792,4.503901],[-72.992007,4.503476]]}},{"type":"Feature","properties":{"linea":"6-4-224","palmas":8},"geometry":{"type":"LineString","coordinates":[[-72.992651,4.503905],[-72.992152,4.503634]]}},{"type":"Feature","properties":{"linea":"6-4-225","palmas":6},"geometry":{"type":"LineString","coordinates":[[-72.992511,4.503909],[-72.992154,4.503716]]}},{"type":"Feature","properties":{"linea":"6-4-226","palmas":4},"geometry":{"type":"LineString","coordinates":[[-72.992371,4.503913],[-72.992157,4.503797]]}},{"type":"Feature","properties":{"linea":"6-4-227","palmas":2},"geometry":{"type":"LineString","coordinates":[[-72.99223,4.503917],[-72.992159,4.503878]]}},{"type":"Feature","properties":{"linea":"6-4-23","palmas":19},"geometry":{"type":"LineString","coordinates":[[-72.992701,4.488314],[-72.991416,4.487618]]}},{"type":"Feature","properties":{"linea":"6-4-24","palmas":20},"geometry":{"type":"LineString","coordinates":[[-72.992703,4.488396],[-72.991347,4.487661]]}},{"type":"Feature","properties":{"linea":"6-4-25","palmas":20},"geometry":{"type":"LineString","coordinates":[[-72.992705,4.488477],[-72.991349,4.487742]]}},{"type":"Feature","properties":{"linea":"6-4-26","palmas":20},"geometry":{"type":"LineString","coordinates":[[-72.992707,4.488558],[-72.991352,4.487824]]}},{"type":"Feature","properties":{"linea":"6-4-27","palmas":21},"geometry":{"type":"LineString","coordinates":[[-72.99271,4.48864],[-72.991283,4.487866]]}},{"type":"Feature","properties":{"linea":"6-4-28","palmas":21},"geometry":{"type":"LineString","coordinates":[[-72.992712,4.488721],[-72.991285,4.487948]]}},{"type":"Feature","properties":{"linea":"6-4-29","palmas":21},"geometry":{"type":"LineString","coordinates":[[-72.992714,4.488802],[-72.991287,4.488029]]}},{"type":"Feature","properties":{"linea":"6-4-3","palmas":7},"geometry":{"type":"LineString","coordinates":[[-72.992654,4.486688],[-72.992226,4.486456]]}},{"type":"Feature","properties":{"linea":"6-4-30","palmas":21},"geometry":{"type":"LineString","coordinates":[[-72.992717,4.488884],[-72.99129,4.48811]]}},{"type":"Feature","properties":{"linea":"6-4-31","palmas":22},"geometry":{"type":"LineString","coordinates":[[-72.992719,4.488965],[-72.991221,4.488153]]}},{"type":"Feature","properties":{"linea":"6-4-32","palmas":22},"geometry":{"type":"LineString","coordinates":[[-72.992721,4.489046],[-72.991223,4.488234]]}},{"type":"Feature","properties":{"linea":"6-4-33","palmas":22},"geometry":{"type":"LineString","coordinates":[[-72.992724,4.489128],[-72.991225,4.488316]]}},{"type":"Feature","properties":{"linea":"6-4-34","palmas":22},"geometry":{"type":"LineString","coordinates":[[-72.992726,4.489209],[-72.991228,4.488397]]}},{"type":"Feature","properties":{"linea":"6-4-35","palmas":23},"geometry":{"type":"LineString","coordinates":[[-72.992728,4.48929],[-72.991159,4.48844]]}},{"type":"Feature","properties":{"linea":"6-4-36","palmas":23},"geometry":{"type":"LineString","coordinates":[[-72.992731,4.489372],[-72.991161,4.488521]]}},{"type":"Feature","properties":{"linea":"6-4-37","palmas":23},"geometry":{"type":"LineString","coordinates":[[-72.992733,4.489453],[-72.991163,4.488602]]}},{"type":"Feature","properties":{"linea":"6-4-38","palmas":24},"geometry":{"type":"LineString","coordinates":[[-72.992735,4.489534],[-72.991094,4.488645]]}},{"type":"Feature","properties":{"linea":"6-4-39","palmas":24},"geometry":{"type":"LineString","coordinates":[[-72.992738,4.489616],[-72.991096,4.488726]]}},{"type":"Feature","properties":{"linea":"6-4-4","palmas":9},"geometry":{"type":"LineString","coordinates":[[-72.992657,4.486769],[-72.992086,4.486459]]}},{"type":"Feature","properties":{"linea":"6-4-40","palmas":24},"geometry":{"type":"LineString","coordinates":[[-72.99274,4.489697],[-72.991099,4.488808]]}},{"type":"Feature","properties":{"linea":"6-4-41","palmas":25},"geometry":{"type":"LineString","coordinates":[[-72.992742,4.489778],[-72.99103,4.488851]]}},{"type":"Feature","properties":{"linea":"6-4-42","palmas":25},"geometry":{"type":"LineString","coordinates":[[-72.992744,4.48986],[-72.991032,4.488932]]}},{"type":"Feature","properties":{"linea":"6-4-43","palmas":25},"geometry":{"type":"LineString","coordinates":[[-72.992747,4.489941],[-72.991034,4.489013]]}},{"type":"Feature","properties":{"linea":"6-4-44","palmas":25},"geometry":{"type":"LineString","coordinates":[[-72.992749,4.490023],[-72.991037,4.489094]]}},{"type":"Feature","properties":{"linea":"6-4-45","palmas":25},"geometry":{"type":"LineString","coordinates":[[-72.992751,4.490104],[-72.991039,4.489176]]}},{"type":"Feature","properties":{"linea":"6-4-46","palmas":25},"geometry":{"type":"LineString","coordinates":[[-72.992754,4.490185],[-72.991041,4.489257]]}},{"type":"Feature","properties":{"linea":"6-4-47","palmas":26},"geometry":{"type":"LineString","coordinates":[[-72.992756,4.490266],[-72.990972,4.4893]]}},{"type":"Feature","properties":{"linea":"6-4-48","palmas":26},"geometry":{"type":"LineString","coordinates":[[-72.992758,4.490348],[-72.990975,4.489381]]}},{"type":"Feature","properties":{"linea":"6-4-49","palmas":26},"geometry":{"type":"LineString","coordinates":[[-72.992761,4.490429],[-72.990977,4.489463]]}},{"type":"Feature","properties":{"linea":"6-4-5","palmas":11},"geometry":{"type":"LineString","coordinates":[[-72.992659,4.48685],[-72.991946,4.486464]]}},{"type":"Feature","properties":{"linea":"6-4-50","palmas":26},"geometry":{"type":"LineString","coordinates":[[-72.992763,4.490511],[-72.990979,4.489544]]}},{"type":"Feature","properties":{"linea":"6-4-51","palmas":26},"geometry":{"type":"LineString","coordinates":[[-72.992765,4.490592],[-72.990981,4.489625]]}},{"type":"Feature","properties":{"linea":"6-4-52","palmas":26},"geometry":{"type":"LineString","coordinates":[[-72.992767,4.490673],[-72.990984,4.489707]]}},{"type":"Feature","properties":{"linea":"6-4-53","palmas":26},"geometry":{"type":"LineString","coordinates":[[-72.99277,4.490754],[-72.990986,4.489788]]}},{"type":"Feature","properties":{"linea":"6-4-54","palmas":26},"geometry":{"type":"LineString","coordinates":[[-72.992772,4.490836],[-72.990988,4.489869]]}},{"type":"Feature","properties":{"linea":"6-4-55","palmas":26},"geometry":{"type":"LineString","coordinates":[[-72.992774,4.490917],[-72.990991,4.489951]]}},{"type":"Feature","properties":{"linea":"6-4-56","palmas":26},"geometry":{"type":"LineString","coordinates":[[-72.992777,4.490999],[-72.990993,4.490032]]}},{"type":"Feature","properties":{"linea":"6-4-57","palmas":26},"geometry":{"type":"LineString","coordinates":[[-72.992779,4.49108],[-72.990995,4.490113]]}},{"type":"Feature","properties":{"linea":"6-4-58","palmas":26},"geometry":{"type":"LineString","coordinates":[[-72.992781,4.491161],[-72.990998,4.490195]]}},{"type":"Feature","properties":{"linea":"6-4-59","palmas":26},"geometry":{"type":"LineString","coordinates":[[-72.992784,4.491243],[-72.991,4.490276]]}},{"type":"Feature","properties":{"linea":"6-4-6","palmas":13},"geometry":{"type":"LineString","coordinates":[[-72.992661,4.486931],[-72.991805,4.486467]]}},{"type":"Feature","properties":{"linea":"6-4-60","palmas":26},"geometry":{"type":"LineString","coordinates":[[-72.992786,4.491324],[-72.991002,4.490357]]}},{"type":"Feature","properties":{"linea":"6-4-61","palmas":26},"geometry":{"type":"LineString","coordinates":[[-72.992788,4.491405],[-72.991005,4.490439]]}},{"type":"Feature","properties":{"linea":"6-4-62","palmas":26},"geometry":{"type":"LineString","coordinates":[[-72.992791,4.491487],[-72.991007,4.49052]]}},{"type":"Feature","properties":{"linea":"6-4-63","palmas":26},"geometry":{"type":"LineString","coordinates":[[-72.992793,4.491568],[-72.991009,4.490601]]}},{"type":"Feature","properties":{"linea":"6-4-64","palmas":26},"geometry":{"type":"LineString","coordinates":[[-72.992795,4.491649],[-72.991012,4.490683]]}},{"type":"Feature","properties":{"linea":"6-4-65","palmas":26},"geometry":{"type":"LineString","coordinates":[[-72.992797,4.491731],[-72.991014,4.490764]]}},{"type":"Feature","properties":{"linea":"6-4-66","palmas":26},"geometry":{"type":"LineString","coordinates":[[-72.9928,4.491812],[-72.991016,4.490845]]}},{"type":"Feature","properties":{"linea":"6-4-67","palmas":26},"geometry":{"type":"LineString","coordinates":[[-72.992802,4.491893],[-72.991018,4.490927]]}},{"type":"Feature","properties":{"linea":"6-4-68","palmas":26},"geometry":{"type":"LineString","coordinates":[[-72.992804,4.491975],[-72.991021,4.491008]]}},{"type":"Feature","properties":{"linea":"6-4-69","palmas":26},"geometry":{"type":"LineString","coordinates":[[-72.992807,4.492056],[-72.991023,4.491089]]}},{"type":"Feature","properties":{"linea":"6-4-7","palmas":15},"geometry":{"type":"LineString","coordinates":[[-72.992664,4.487013],[-72.991665,4.486472]]}},{"type":"Feature","properties":{"linea":"6-4-70","palmas":27},"geometry":{"type":"LineString","coordinates":[[-72.99288,4.492176],[-72.991025,4.491171]]}},{"type":"Feature","properties":{"linea":"6-4-71","palmas":27},"geometry":{"type":"LineString","coordinates":[[-72.992883,4.492257],[-72.991028,4.491252]]}},{"type":"Feature","properties":{"linea":"6-4-72","palmas":27},"geometry":{"type":"LineString","coordinates":[[-72.992885,4.492339],[-72.99103,4.491333]]}},{"type":"Feature","properties":{"linea":"6-4-73","palmas":27},"geometry":{"type":"LineString","coordinates":[[-72.992887,4.49242],[-72.991032,4.491415]]}},{"type":"Feature","properties":{"linea":"6-4-74","palmas":27},"geometry":{"type":"LineString","coordinates":[[-72.99289,4.492501],[-72.991035,4.491496]]}},{"type":"Feature","properties":{"linea":"6-4-75","palmas":27},"geometry":{"type":"LineString","coordinates":[[-72.992892,4.492583],[-72.991037,4.491578]]}},{"type":"Feature","properties":{"linea":"6-4-76","palmas":27},"geometry":{"type":"LineString","coordinates":[[-72.992894,4.492664],[-72.991039,4.491659]]}},{"type":"Feature","properties":{"linea":"6-4-77","palmas":27},"geometry":{"type":"LineString","coordinates":[[-72.992896,4.492745],[-72.991042,4.49174]]}},{"type":"Feature","properties":{"linea":"6-4-78","palmas":27},"geometry":{"type":"LineString","coordinates":[[-72.992899,4.492827],[-72.991044,4.491821]]}},{"type":"Feature","properties":{"linea":"6-4-79","palmas":27},"geometry":{"type":"LineString","coordinates":[[-72.992901,4.492908],[-72.991046,4.491903]]}},{"type":"Feature","properties":{"linea":"6-4-8","palmas":15},"geometry":{"type":"LineString","coordinates":[[-72.992666,4.487094],[-72.991667,4.486553]]}},{"type":"Feature","properties":{"linea":"6-4-80","palmas":26},"geometry":{"type":"LineString","coordinates":[[-72.992832,4.492951],[-72.991049,4.491984]]}},{"type":"Feature","properties":{"linea":"6-4-81","palmas":26},"geometry":{"type":"LineString","coordinates":[[-72.992834,4.493032],[-72.991051,4.492066]]}},{"type":"Feature","properties":{"linea":"6-4-82","palmas":27},"geometry":{"type":"LineString","coordinates":[[-72.992908,4.493152],[-72.991053,4.492147]]}},{"type":"Feature","properties":{"linea":"6-4-83","palmas":27},"geometry":{"type":"LineString","coordinates":[[-72.99291,4.493233],[-72.991055,4.492228]]}},{"type":"Feature","properties":{"linea":"6-4-84","palmas":27},"geometry":{"type":"LineString","coordinates":[[-72.992913,4.493315],[-72.991058,4.492309]]}},{"type":"Feature","properties":{"linea":"6-4-85","palmas":27},"geometry":{"type":"LineString","coordinates":[[-72.992915,4.493396],[-72.99106,4.492391]]}},{"type":"Feature","properties":{"linea":"6-4-86","palmas":27},"geometry":{"type":"LineString","coordinates":[[-72.992917,4.493478],[-72.991062,4.492472]]}},{"type":"Feature","properties":{"linea":"6-4-87","palmas":27},"geometry":{"type":"LineString","coordinates":[[-72.99292,4.493559],[-72.991065,4.492554]]}},{"type":"Feature","properties":{"linea":"6-4-88","palmas":27},"geometry":{"type":"LineString","coordinates":[[-72.992922,4.49364],[-72.991067,4.492635]]}},{"type":"Feature","properties":{"linea":"6-4-89","palmas":27},"geometry":{"type":"LineString","coordinates":[[-72.992924,4.493721],[-72.991069,4.492716]]}},{"type":"Feature","properties":{"linea":"6-4-9","palmas":15},"geometry":{"type":"LineString","coordinates":[[-72.992668,4.487176],[-72.991669,4.486634]]}},{"type":"Feature","properties":{"linea":"6-4-90","palmas":27},"geometry":{"type":"LineString","coordinates":[[-72.992927,4.493803],[-72.991072,4.492797]]}},{"type":"Feature","properties":{"linea":"6-4-91","palmas":27},"geometry":{"type":"LineString","coordinates":[[-72.992929,4.493884],[-72.991074,4.492879]]}},{"type":"Feature","properties":{"linea":"6-4-92","palmas":27},"geometry":{"type":"LineString","coordinates":[[-72.992931,4.493966],[-72.991076,4.49296]]}},{"type":"Feature","properties":{"linea":"6-4-93","palmas":27},"geometry":{"type":"LineString","coordinates":[[-72.992933,4.494047],[-72.991079,4.493042]]}},{"type":"Feature","properties":{"linea":"6-4-94","palmas":27},"geometry":{"type":"LineString","coordinates":[[-72.992936,4.494128],[-72.991081,4.493123]]}},{"type":"Feature","properties":{"linea":"6-4-95","palmas":27},"geometry":{"type":"LineString","coordinates":[[-72.992938,4.494209],[-72.991083,4.493204]]}},{"type":"Feature","properties":{"linea":"6-4-96","palmas":27},"geometry":{"type":"LineString","coordinates":[[-72.99294,4.494291],[-72.991086,4.493286]]}},{"type":"Feature","properties":{"linea":"6-4-97","palmas":27},"geometry":{"type":"LineString","coordinates":[[-72.992943,4.494372],[-72.991088,4.493367]]}},{"type":"Feature","properties":{"linea":"6-4-98","palmas":26},"geometry":{"type":"LineString","coordinates":[[-72.992945,4.494454],[-72.991161,4.493487]]}},{"type":"Feature","properties":{"linea":"6-4-99","palmas":26},"geometry":{"type":"LineString","coordinates":[[-72.992947,4.494535],[-72.991164,4.493568]]}},{"type":"Feature","properties":{"linea":"6-5-10","palmas":5},"geometry":{"type":"LineString","coordinates":[[-72.9908,4.490648],[-72.990524,4.490819]]}},{"type":"Feature","properties":{"linea":"6-5-100","palmas":6},"geometry":{"type":"LineString","coordinates":[[-72.990319,4.498477],[-72.989974,4.49869]]}},{"type":"Feature","properties":{"linea":"6-5-101","palmas":7},"geometry":{"type":"LineString","coordinates":[[-72.990322,4.498558],[-72.989908,4.498814]]}},{"type":"Feature","properties":{"linea":"6-5-102","palmas":6},"geometry":{"type":"LineString","coordinates":[[-72.990255,4.498682],[-72.98991,4.498896]]}},{"type":"Feature","properties":{"linea":"6-5-103","palmas":6},"geometry":{"type":"LineString","coordinates":[[-72.990257,4.498763],[-72.989912,4.498977]]}},{"type":"Feature","properties":{"linea":"6-5-104","palmas":6},"geometry":{"type":"LineString","coordinates":[[-72.99026,4.498845],[-72.989915,4.499058]]}},{"type":"Feature","properties":{"linea":"6-5-105","palmas":6},"geometry":{"type":"LineString","coordinates":[[-72.990262,4.498926],[-72.989917,4.499139]]}},{"type":"Feature","properties":{"linea":"6-5-106","palmas":7},"geometry":{"type":"LineString","coordinates":[[-72.990333,4.498965],[-72.989919,4.499221]]}},{"type":"Feature","properties":{"linea":"6-5-107","palmas":8},"geometry":{"type":"LineString","coordinates":[[-72.990336,4.499046],[-72.989852,4.499345]]}},{"type":"Feature","properties":{"linea":"6-5-108","palmas":9},"geometry":{"type":"LineString","coordinates":[[-72.990407,4.499085],[-72.989855,4.499426]]}},{"type":"Feature","properties":{"linea":"6-5-109","palmas":10},"geometry":{"type":"LineString","coordinates":[[-72.990478,4.499124],[-72.989857,4.499507]]}},{"type":"Feature","properties":{"linea":"6-5-11","palmas":5},"geometry":{"type":"LineString","coordinates":[[-72.990802,4.490729],[-72.990526,4.4909]]}},{"type":"Feature","properties":{"linea":"6-5-110","palmas":12},"geometry":{"type":"LineString","coordinates":[[-72.990619,4.499119],[-72.989859,4.499589]]}},{"type":"Feature","properties":{"linea":"6-5-111","palmas":13},"geometry":{"type":"LineString","coordinates":[[-72.99069,4.499158],[-72.989862,4.49967]]}},{"type":"Feature","properties":{"linea":"6-5-112","palmas":14},"geometry":{"type":"LineString","coordinates":[[-72.990761,4.499197],[-72.989864,4.499752]]}},{"type":"Feature","properties":{"linea":"6-5-113","palmas":15},"geometry":{"type":"LineString","coordinates":[[-72.990833,4.499236],[-72.989866,4.499833]]}},{"type":"Feature","properties":{"linea":"6-5-114","palmas":15},"geometry":{"type":"LineString","coordinates":[[-72.990835,4.499317],[-72.989869,4.499914]]}},{"type":"Feature","properties":{"linea":"6-5-115","palmas":17},"geometry":{"type":"LineString","coordinates":[[-72.990906,4.499356],[-72.989802,4.500038]]}},{"type":"Feature","properties":{"linea":"6-5-116","palmas":17},"geometry":{"type":"LineString","coordinates":[[-72.990909,4.499437],[-72.989804,4.50012]]}},{"type":"Feature","properties":{"linea":"6-5-117","palmas":19},"geometry":{"type":"LineString","coordinates":[[-72.99098,4.499476],[-72.989738,4.500244]]}},{"type":"Feature","properties":{"linea":"6-5-118","palmas":19},"geometry":{"type":"LineString","coordinates":[[-72.990983,4.499557],[-72.98974,4.500325]]}},{"type":"Feature","properties":{"linea":"6-5-119","palmas":19},"geometry":{"type":"LineString","coordinates":[[-72.990985,4.499638],[-72.989742,4.500406]]}},{"type":"Feature","properties":{"linea":"6-5-12","palmas":6},"geometry":{"type":"LineString","coordinates":[[-72.990804,4.490811],[-72.990459,4.491024]]}},{"type":"Feature","properties":{"linea":"6-5-120","palmas":19},"geometry":{"type":"LineString","coordinates":[[-72.990987,4.499719],[-72.989744,4.500488]]}},{"type":"Feature","properties":{"linea":"6-5-121","palmas":19},"geometry":{"type":"LineString","coordinates":[[-72.990989,4.499801],[-72.989747,4.500569]]}},{"type":"Feature","properties":{"linea":"6-5-122","palmas":19},"geometry":{"type":"LineString","coordinates":[[-72.990992,4.499882],[-72.989749,4.50065]]}},{"type":"Feature","properties":{"linea":"6-5-123","palmas":20},"geometry":{"type":"LineString","coordinates":[[-72.990994,4.499964],[-72.989682,4.500774]]}},{"type":"Feature","properties":{"linea":"6-5-124","palmas":20},"geometry":{"type":"LineString","coordinates":[[-72.990996,4.500045],[-72.989685,4.500856]]}},{"type":"Feature","properties":{"linea":"6-5-125","palmas":20},"geometry":{"type":"LineString","coordinates":[[-72.990999,4.500126],[-72.989687,4.500937]]}},{"type":"Feature","properties":{"linea":"6-5-126","palmas":20},"geometry":{"type":"LineString","coordinates":[[-72.991001,4.500208],[-72.989689,4.501018]]}},{"type":"Feature","properties":{"linea":"6-5-127","palmas":21},"geometry":{"type":"LineString","coordinates":[[-72.991072,4.500246],[-72.989692,4.5011]]}},{"type":"Feature","properties":{"linea":"6-5-128","palmas":21},"geometry":{"type":"LineString","coordinates":[[-72.991075,4.500328],[-72.989694,4.501181]]}},{"type":"Feature","properties":{"linea":"6-5-129","palmas":21},"geometry":{"type":"LineString","coordinates":[[-72.991008,4.500452],[-72.989627,4.501305]]}},{"type":"Feature","properties":{"linea":"6-5-13","palmas":6},"geometry":{"type":"LineString","coordinates":[[-72.990807,4.490892],[-72.990462,4.491105]]}},{"type":"Feature","properties":{"linea":"6-5-130","palmas":21},"geometry":{"type":"LineString","coordinates":[[-72.99101,4.500533],[-72.989629,4.501386]]}},{"type":"Feature","properties":{"linea":"6-5-131","palmas":22},"geometry":{"type":"LineString","coordinates":[[-72.991012,4.500614],[-72.989563,4.501511]]}},{"type":"Feature","properties":{"linea":"6-5-132","palmas":22},"geometry":{"type":"LineString","coordinates":[[-72.991015,4.500696],[-72.989565,4.501592]]}},{"type":"Feature","properties":{"linea":"6-5-133","palmas":22},"geometry":{"type":"LineString","coordinates":[[-72.991017,4.500777],[-72.989567,4.501673]]}},{"type":"Feature","properties":{"linea":"6-5-134","palmas":22},"geometry":{"type":"LineString","coordinates":[[-72.991019,4.500858],[-72.98957,4.501754]]}},{"type":"Feature","properties":{"linea":"6-5-135","palmas":22},"geometry":{"type":"LineString","coordinates":[[-72.991022,4.50094],[-72.989572,4.501836]]}},{"type":"Feature","properties":{"linea":"6-5-136","palmas":22},"geometry":{"type":"LineString","coordinates":[[-72.991024,4.501021],[-72.989574,4.501917]]}},{"type":"Feature","properties":{"linea":"6-5-137","palmas":23},"geometry":{"type":"LineString","coordinates":[[-72.991026,4.501102],[-72.989508,4.502041]]}},{"type":"Feature","properties":{"linea":"6-5-138","palmas":23},"geometry":{"type":"LineString","coordinates":[[-72.991029,4.501184],[-72.98951,4.502122]]}},{"type":"Feature","properties":{"linea":"6-5-139","palmas":22},"geometry":{"type":"LineString","coordinates":[[-72.991031,4.501265],[-72.989581,4.502161]]}},{"type":"Feature","properties":{"linea":"6-5-14","palmas":7},"geometry":{"type":"LineString","coordinates":[[-72.990809,4.490973],[-72.990395,4.491229]]}},{"type":"Feature","properties":{"linea":"6-5-140","palmas":22},"geometry":{"type":"LineString","coordinates":[[-72.991033,4.501346],[-72.989584,4.502243]]}},{"type":"Feature","properties":{"linea":"6-5-141","palmas":20},"geometry":{"type":"LineString","coordinates":[[-72.991036,4.501428],[-72.989724,4.502239]]}},{"type":"Feature","properties":{"linea":"6-5-142","palmas":19},"geometry":{"type":"LineString","coordinates":[[-72.990969,4.501552],[-72.989726,4.50232]]}},{"type":"Feature","properties":{"linea":"6-5-143","palmas":17},"geometry":{"type":"LineString","coordinates":[[-72.990971,4.501633],[-72.989867,4.502316]]}},{"type":"Feature","properties":{"linea":"6-5-144","palmas":15},"geometry":{"type":"LineString","coordinates":[[-72.990973,4.501714],[-72.990007,4.502312]]}},{"type":"Feature","properties":{"linea":"6-5-145","palmas":15},"geometry":{"type":"LineString","coordinates":[[-72.991045,4.501753],[-72.990078,4.502351]]}},{"type":"Feature","properties":{"linea":"6-5-146","palmas":12},"geometry":{"type":"LineString","coordinates":[[-72.991047,4.501834],[-72.990288,4.502304]]}},{"type":"Feature","properties":{"linea":"6-5-147","palmas":12},"geometry":{"type":"LineString","coordinates":[[-72.991049,4.501916],[-72.99029,4.502385]]}},{"type":"Feature","properties":{"linea":"6-5-15","palmas":7},"geometry":{"type":"LineString","coordinates":[[-72.990811,4.491055],[-72.990397,4.491311]]}},{"type":"Feature","properties":{"linea":"6-5-16","palmas":8},"geometry":{"type":"LineString","coordinates":[[-72.990814,4.491136],[-72.990331,4.491435]]}},{"type":"Feature","properties":{"linea":"6-5-17","palmas":8},"geometry":{"type":"LineString","coordinates":[[-72.990816,4.491218],[-72.990333,4.491516]]}},{"type":"Feature","properties":{"linea":"6-5-18","palmas":8},"geometry":{"type":"LineString","coordinates":[[-72.990818,4.491299],[-72.990335,4.491598]]}},{"type":"Feature","properties":{"linea":"6-5-19","palmas":8},"geometry":{"type":"LineString","coordinates":[[-72.990821,4.49138],[-72.990337,4.491679]]}},{"type":"Feature","properties":{"linea":"6-5-20","palmas":9},"geometry":{"type":"LineString","coordinates":[[-72.990823,4.491461],[-72.990271,4.491803]]}},{"type":"Feature","properties":{"linea":"6-5-21","palmas":9},"geometry":{"type":"LineString","coordinates":[[-72.990825,4.491543],[-72.990273,4.491884]]}},{"type":"Feature","properties":{"linea":"6-5-22","palmas":9},"geometry":{"type":"LineString","coordinates":[[-72.990827,4.491624],[-72.990275,4.491966]]}},{"type":"Feature","properties":{"linea":"6-5-23","palmas":9},"geometry":{"type":"LineString","coordinates":[[-72.99083,4.491706],[-72.990278,4.492047]]}},{"type":"Feature","properties":{"linea":"6-5-24","palmas":9},"geometry":{"type":"LineString","coordinates":[[-72.990832,4.491787],[-72.99028,4.492128]]}},{"type":"Feature","properties":{"linea":"6-5-25","palmas":9},"geometry":{"type":"LineString","coordinates":[[-72.990834,4.491868],[-72.990282,4.492209]]}},{"type":"Feature","properties":{"linea":"6-5-26","palmas":9},"geometry":{"type":"LineString","coordinates":[[-72.990837,4.491949],[-72.990284,4.492291]]}},{"type":"Feature","properties":{"linea":"6-5-27","palmas":9},"geometry":{"type":"LineString","coordinates":[[-72.990839,4.492031],[-72.990287,4.492372]]}},{"type":"Feature","properties":{"linea":"6-5-28","palmas":10},"geometry":{"type":"LineString","coordinates":[[-72.99091,4.492069],[-72.990289,4.492454]]}},{"type":"Feature","properties":{"linea":"6-5-29","palmas":11},"geometry":{"type":"LineString","coordinates":[[-72.990913,4.492151],[-72.990223,4.492578]]}},{"type":"Feature","properties":{"linea":"6-5-3","palmas":2},"geometry":{"type":"LineString","coordinates":[[-72.990784,4.490079],[-72.990715,4.490121]]}},{"type":"Feature","properties":{"linea":"6-5-30","palmas":11},"geometry":{"type":"LineString","coordinates":[[-72.990915,4.492232],[-72.990225,4.492659]]}},{"type":"Feature","properties":{"linea":"6-5-31","palmas":11},"geometry":{"type":"LineString","coordinates":[[-72.990917,4.492314],[-72.990227,4.49274]]}},{"type":"Feature","properties":{"linea":"6-5-32","palmas":11},"geometry":{"type":"LineString","coordinates":[[-72.99092,4.492395],[-72.990229,4.492822]]}},{"type":"Feature","properties":{"linea":"6-5-33","palmas":11},"geometry":{"type":"LineString","coordinates":[[-72.990922,4.492476],[-72.990232,4.492903]]}},{"type":"Feature","properties":{"linea":"6-5-34","palmas":11},"geometry":{"type":"LineString","coordinates":[[-72.990924,4.492558],[-72.990234,4.492984]]}},{"type":"Feature","properties":{"linea":"6-5-35","palmas":11},"geometry":{"type":"LineString","coordinates":[[-72.990927,4.492639],[-72.990236,4.493066]]}},{"type":"Feature","properties":{"linea":"6-5-36","palmas":11},"geometry":{"type":"LineString","coordinates":[[-72.990929,4.49272],[-72.990239,4.493147]]}},{"type":"Feature","properties":{"linea":"6-5-37","palmas":11},"geometry":{"type":"LineString","coordinates":[[-72.990931,4.492801],[-72.990241,4.493228]]}},{"type":"Feature","properties":{"linea":"6-5-38","palmas":11},"geometry":{"type":"LineString","coordinates":[[-72.990934,4.492883],[-72.990243,4.49331]]}},{"type":"Feature","properties":{"linea":"6-5-39","palmas":11},"geometry":{"type":"LineString","coordinates":[[-72.990936,4.492964],[-72.990246,4.493391]]}},{"type":"Feature","properties":{"linea":"6-5-4","palmas":2},"geometry":{"type":"LineString","coordinates":[[-72.990786,4.49016],[-72.990717,4.490203]]}},{"type":"Feature","properties":{"linea":"6-5-40","palmas":11},"geometry":{"type":"LineString","coordinates":[[-72.990938,4.493046],[-72.990248,4.493472]]}},{"type":"Feature","properties":{"linea":"6-5-41","palmas":11},"geometry":{"type":"LineString","coordinates":[[-72.990941,4.493127],[-72.99025,4.493554]]}},{"type":"Feature","properties":{"linea":"6-5-42","palmas":11},"geometry":{"type":"LineString","coordinates":[[-72.990943,4.493208],[-72.990252,4.493635]]}},{"type":"Feature","properties":{"linea":"6-5-43","palmas":11},"geometry":{"type":"LineString","coordinates":[[-72.990945,4.493289],[-72.990255,4.493716]]}},{"type":"Feature","properties":{"linea":"6-5-44","palmas":11},"geometry":{"type":"LineString","coordinates":[[-72.990947,4.493371],[-72.990257,4.493798]]}},{"type":"Feature","properties":{"linea":"6-5-45","palmas":10},"geometry":{"type":"LineString","coordinates":[[-72.99095,4.493452],[-72.990328,4.493836]]}},{"type":"Feature","properties":{"linea":"6-5-46","palmas":10},"geometry":{"type":"LineString","coordinates":[[-72.990952,4.493534],[-72.990331,4.493918]]}},{"type":"Feature","properties":{"linea":"6-5-47","palmas":10},"geometry":{"type":"LineString","coordinates":[[-72.990954,4.493615],[-72.990333,4.493999]]}},{"type":"Feature","properties":{"linea":"6-5-48","palmas":10},"geometry":{"type":"LineString","coordinates":[[-72.990957,4.493696],[-72.990335,4.49408]]}},{"type":"Feature","properties":{"linea":"6-5-49","palmas":10},"geometry":{"type":"LineString","coordinates":[[-72.990959,4.493778],[-72.990337,4.494162]]}},{"type":"Feature","properties":{"linea":"6-5-5","palmas":3},"geometry":{"type":"LineString","coordinates":[[-72.990788,4.490241],[-72.99065,4.490327]]}},{"type":"Feature","properties":{"linea":"6-5-50","palmas":10},"geometry":{"type":"LineString","coordinates":[[-72.990961,4.493859],[-72.99034,4.494243]]}},{"type":"Feature","properties":{"linea":"6-5-51","palmas":10},"geometry":{"type":"LineString","coordinates":[[-72.990964,4.49394],[-72.990342,4.494324]]}},{"type":"Feature","properties":{"linea":"6-5-52","palmas":9},"geometry":{"type":"LineString","coordinates":[[-72.990966,4.494022],[-72.990414,4.494363]]}},{"type":"Feature","properties":{"linea":"6-5-53","palmas":9},"geometry":{"type":"LineString","coordinates":[[-72.990968,4.494103],[-72.990416,4.494444]]}},{"type":"Feature","properties":{"linea":"6-5-54","palmas":9},"geometry":{"type":"LineString","coordinates":[[-72.990971,4.494184],[-72.990418,4.494526]]}},{"type":"Feature","properties":{"linea":"6-5-55","palmas":9},"geometry":{"type":"LineString","coordinates":[[-72.990973,4.494266],[-72.990421,4.494607]]}},{"type":"Feature","properties":{"linea":"6-5-56","palmas":8},"geometry":{"type":"LineString","coordinates":[[-72.990975,4.494347],[-72.990492,4.494646]]}},{"type":"Feature","properties":{"linea":"6-5-57","palmas":8},"geometry":{"type":"LineString","coordinates":[[-72.990977,4.494428],[-72.990494,4.494727]]}},{"type":"Feature","properties":{"linea":"6-5-58","palmas":8},"geometry":{"type":"LineString","coordinates":[[-72.99098,4.49451],[-72.990496,4.494808]]}},{"type":"Feature","properties":{"linea":"6-5-59","palmas":7},"geometry":{"type":"LineString","coordinates":[[-72.990982,4.494591],[-72.990568,4.494847]]}},{"type":"Feature","properties":{"linea":"6-5-6","palmas":3},"geometry":{"type":"LineString","coordinates":[[-72.990791,4.490323],[-72.990652,4.490408]]}},{"type":"Feature","properties":{"linea":"6-5-60","palmas":8},"geometry":{"type":"LineString","coordinates":[[-72.990984,4.494672],[-72.990501,4.494971]]}},{"type":"Feature","properties":{"linea":"6-5-61","palmas":9},"geometry":{"type":"LineString","coordinates":[[-72.990987,4.494754],[-72.990434,4.495095]]}},{"type":"Feature","properties":{"linea":"6-5-62","palmas":9},"geometry":{"type":"LineString","coordinates":[[-72.990989,4.494835],[-72.990437,4.495176]]}},{"type":"Feature","properties":{"linea":"6-5-63","palmas":9},"geometry":{"type":"LineString","coordinates":[[-72.990991,4.494916],[-72.990439,4.495258]]}},{"type":"Feature","properties":{"linea":"6-5-64","palmas":10},"geometry":{"type":"LineString","coordinates":[[-72.990994,4.494998],[-72.990372,4.495382]]}},{"type":"Feature","properties":{"linea":"6-5-65","palmas":10},"geometry":{"type":"LineString","coordinates":[[-72.990996,4.495079],[-72.990374,4.495463]]}},{"type":"Feature","properties":{"linea":"6-5-66","palmas":10},"geometry":{"type":"LineString","coordinates":[[-72.990998,4.49516],[-72.990377,4.495544]]}},{"type":"Feature","properties":{"linea":"6-5-67","palmas":10},"geometry":{"type":"LineString","coordinates":[[-72.991001,4.495242],[-72.990379,4.495626]]}},{"type":"Feature","properties":{"linea":"6-5-68","palmas":11},"geometry":{"type":"LineString","coordinates":[[-72.991003,4.495323],[-72.990313,4.49575]]}},{"type":"Feature","properties":{"linea":"6-5-69","palmas":11},"geometry":{"type":"LineString","coordinates":[[-72.991005,4.495404],[-72.990315,4.495831]]}},{"type":"Feature","properties":{"linea":"6-5-7","palmas":4},"geometry":{"type":"LineString","coordinates":[[-72.990793,4.490404],[-72.990586,4.490532]]}},{"type":"Feature","properties":{"linea":"6-5-70","palmas":11},"geometry":{"type":"LineString","coordinates":[[-72.991007,4.495486],[-72.990317,4.495913]]}},{"type":"Feature","properties":{"linea":"6-5-71","palmas":11},"geometry":{"type":"LineString","coordinates":[[-72.99101,4.495567],[-72.990319,4.495994]]}},{"type":"Feature","properties":{"linea":"6-5-72","palmas":11},"geometry":{"type":"LineString","coordinates":[[-72.991012,4.495648],[-72.990322,4.496075]]}},{"type":"Feature","properties":{"linea":"6-5-73","palmas":12},"geometry":{"type":"LineString","coordinates":[[-72.991014,4.49573],[-72.990255,4.496199]]}},{"type":"Feature","properties":{"linea":"6-5-74","palmas":12},"geometry":{"type":"LineString","coordinates":[[-72.991017,4.495811],[-72.990257,4.496281]]}},{"type":"Feature","properties":{"linea":"6-5-75","palmas":12},"geometry":{"type":"LineString","coordinates":[[-72.991019,4.495893],[-72.990259,4.496362]]}},{"type":"Feature","properties":{"linea":"6-5-76","palmas":12},"geometry":{"type":"LineString","coordinates":[[-72.991021,4.495974],[-72.990262,4.496443]]}},{"type":"Feature","properties":{"linea":"6-5-77","palmas":12},"geometry":{"type":"LineString","coordinates":[[-72.991024,4.496055],[-72.990264,4.496525]]}},{"type":"Feature","properties":{"linea":"6-5-78","palmas":12},"geometry":{"type":"LineString","coordinates":[[-72.991026,4.496136],[-72.990266,4.496606]]}},{"type":"Feature","properties":{"linea":"6-5-79","palmas":13},"geometry":{"type":"LineString","coordinates":[[-72.991028,4.496218],[-72.9902,4.49673]]}},{"type":"Feature","properties":{"linea":"6-5-8","palmas":4},"geometry":{"type":"LineString","coordinates":[[-72.990795,4.490485],[-72.990588,4.490613]]}},{"type":"Feature","properties":{"linea":"6-5-80","palmas":13},"geometry":{"type":"LineString","coordinates":[[-72.991031,4.496299],[-72.990202,4.496811]]}},{"type":"Feature","properties":{"linea":"6-5-81","palmas":13},"geometry":{"type":"LineString","coordinates":[[-72.991033,4.496381],[-72.990204,4.496893]]}},{"type":"Feature","properties":{"linea":"6-5-82","palmas":14},"geometry":{"type":"LineString","coordinates":[[-72.991104,4.496419],[-72.990207,4.496974]]}},{"type":"Feature","properties":{"linea":"6-5-83","palmas":13},"geometry":{"type":"LineString","coordinates":[[-72.991038,4.496543],[-72.990209,4.497055]]}},{"type":"Feature","properties":{"linea":"6-5-84","palmas":12},"geometry":{"type":"LineString","coordinates":[[-72.99104,4.496624],[-72.99028,4.497094]]}},{"type":"Feature","properties":{"linea":"6-5-85","palmas":14},"geometry":{"type":"LineString","coordinates":[[-72.991044,4.496787],[-72.990147,4.497342]]}},{"type":"Feature","properties":{"linea":"6-5-86","palmas":15},"geometry":{"type":"LineString","coordinates":[[-72.991116,4.496826],[-72.990149,4.497423]]}},{"type":"Feature","properties":{"linea":"6-5-87","palmas":15},"geometry":{"type":"LineString","coordinates":[[-72.991049,4.49695],[-72.990082,4.497548]]}},{"type":"Feature","properties":{"linea":"6-5-88","palmas":13},"geometry":{"type":"LineString","coordinates":[[-72.990913,4.497117],[-72.990085,4.497629]]}},{"type":"Feature","properties":{"linea":"6-5-89","palmas":14},"geometry":{"type":"LineString","coordinates":[[-72.990984,4.497155],[-72.990087,4.49771]]}},{"type":"Feature","properties":{"linea":"6-5-9","palmas":5},"geometry":{"type":"LineString","coordinates":[[-72.990797,4.490567],[-72.990521,4.490737]]}},{"type":"Feature","properties":{"linea":"6-5-90","palmas":15},"geometry":{"type":"LineString","coordinates":[[-72.991056,4.497194],[-72.990089,4.497791]]}},{"type":"Feature","properties":{"linea":"6-5-91","palmas":16},"geometry":{"type":"LineString","coordinates":[[-72.991058,4.497275],[-72.990023,4.497915]]}},{"type":"Feature","properties":{"linea":"6-5-92","palmas":17},"geometry":{"type":"LineString","coordinates":[[-72.991129,4.497314],[-72.990025,4.497997]]}},{"type":"Feature","properties":{"linea":"6-5-93","palmas":17},"geometry":{"type":"LineString","coordinates":[[-72.991132,4.497395],[-72.990027,4.498078]]}},{"type":"Feature","properties":{"linea":"6-5-94","palmas":17},"geometry":{"type":"LineString","coordinates":[[-72.991134,4.497477],[-72.990029,4.498159]]}},{"type":"Feature","properties":{"linea":"6-5-95","palmas":11},"geometry":{"type":"LineString","coordinates":[[-72.990722,4.497814],[-72.990032,4.498241]]}},{"type":"Feature","properties":{"linea":"6-5-96","palmas":9},"geometry":{"type":"LineString","coordinates":[[-72.990517,4.498023],[-72.989965,4.498365]]}},{"type":"Feature","properties":{"linea":"6-5-97","palmas":7},"geometry":{"type":"LineString","coordinates":[[-72.990382,4.49819],[-72.989968,4.498446]]}},{"type":"Feature","properties":{"linea":"6-5-98","palmas":7},"geometry":{"type":"LineString","coordinates":[[-72.990384,4.498271],[-72.98997,4.498527]]}},{"type":"Feature","properties":{"linea":"6-5-99","palmas":6},"geometry":{"type":"LineString","coordinates":[[-72.990317,4.498396],[-72.989972,4.498609]]}},{"type":"Feature","properties":{"linea":"6-6-10","palmas":22},"geometry":{"type":"LineString","coordinates":[[-72.991105,4.502011],[-72.989404,4.503116]]}},{"type":"Feature","properties":{"linea":"6-6-11","palmas":26},"geometry":{"type":"LineString","coordinates":[[-72.991178,4.502047],[-72.989408,4.503198]]}},{"type":"Feature","properties":{"linea":"6-6-12","palmas":27},"geometry":{"type":"LineString","coordinates":[[-72.991182,4.502129],[-72.989412,4.503279]]}},{"type":"Feature","properties":{"linea":"6-6-13","palmas":27},"geometry":{"type":"LineString","coordinates":[[-72.991186,4.50221],[-72.989416,4.50336]]}},{"type":"Feature","properties":{"linea":"6-6-14","palmas":28},"geometry":{"type":"LineString","coordinates":[[-72.991258,4.502247],[-72.989421,4.503442]]}},{"type":"Feature","properties":{"linea":"6-6-15","palmas":27},"geometry":{"type":"LineString","coordinates":[[-72.991262,4.502328],[-72.989493,4.503479]]}},{"type":"Feature","properties":{"linea":"6-6-16","palmas":27},"geometry":{"type":"LineString","coordinates":[[-72.991266,4.50241],[-72.989497,4.50356]]}},{"type":"Feature","properties":{"linea":"6-6-17","palmas":25},"geometry":{"type":"LineString","coordinates":[[-72.99127,4.502491],[-72.989637,4.503553]]}},{"type":"Feature","properties":{"linea":"6-6-18","palmas":24},"geometry":{"type":"LineString","coordinates":[[-72.991274,4.502572],[-72.989709,4.50359]]}},{"type":"Feature","properties":{"linea":"6-6-19","palmas":23},"geometry":{"type":"LineString","coordinates":[[-72.991279,4.502654],[-72.989781,4.503627]]}},{"type":"Feature","properties":{"linea":"6-6-2","palmas":3},"geometry":{"type":"LineString","coordinates":[[-72.989643,4.502289],[-72.989507,4.502378]]}},{"type":"Feature","properties":{"linea":"6-6-20","palmas":22},"geometry":{"type":"LineString","coordinates":[[-72.991283,4.502735],[-72.989854,4.503664]]}},{"type":"Feature","properties":{"linea":"6-6-21","palmas":20},"geometry":{"type":"LineString","coordinates":[[-72.991287,4.502816],[-72.989994,4.503657]]}},{"type":"Feature","properties":{"linea":"6-6-22","palmas":19},"geometry":{"type":"LineString","coordinates":[[-72.991291,4.502897],[-72.990066,4.503694]]}},{"type":"Feature","properties":{"linea":"6-6-23","palmas":17},"geometry":{"type":"LineString","coordinates":[[-72.991295,4.502979],[-72.990206,4.503686]]}},{"type":"Feature","properties":{"linea":"6-6-24","palmas":16},"geometry":{"type":"LineString","coordinates":[[-72.991299,4.50306],[-72.990279,4.503723]]}},{"type":"Feature","properties":{"linea":"6-6-25","palmas":15},"geometry":{"type":"LineString","coordinates":[[-72.991304,4.503141],[-72.990351,4.503761]]}},{"type":"Feature","properties":{"linea":"6-6-26","palmas":13},"geometry":{"type":"LineString","coordinates":[[-72.99124,4.503267],[-72.990423,4.503798]]}},{"type":"Feature","properties":{"linea":"6-6-27","palmas":11},"geometry":{"type":"LineString","coordinates":[[-72.991244,4.503348],[-72.990563,4.50379]]}},{"type":"Feature","properties":{"linea":"6-6-28","palmas":10},"geometry":{"type":"LineString","coordinates":[[-72.991248,4.503429],[-72.990636,4.503827]]}},{"type":"Feature","properties":{"linea":"6-6-29","palmas":8},"geometry":{"type":"LineString","coordinates":[[-72.991184,4.503555],[-72.990708,4.503864]]}},{"type":"Feature","properties":{"linea":"6-6-3","palmas":4},"geometry":{"type":"LineString","coordinates":[[-72.9897,4.502336],[-72.989511,4.502459]]}},{"type":"Feature","properties":{"linea":"6-6-30","palmas":7},"geometry":{"type":"LineString","coordinates":[[-72.991188,4.503636],[-72.99078,4.503901]]}},{"type":"Feature","properties":{"linea":"6-6-31","palmas":4},"geometry":{"type":"LineString","coordinates":[[-72.991124,4.503761],[-72.99092,4.503894]]}},{"type":"Feature","properties":{"linea":"6-6-32","palmas":3},"geometry":{"type":"LineString","coordinates":[[-72.991128,4.503843],[-72.990992,4.503931]]}},{"type":"Feature","properties":{"linea":"6-6-4","palmas":6},"geometry":{"type":"LineString","coordinates":[[-72.989787,4.502364],[-72.989447,4.502585]]}},{"type":"Feature","properties":{"linea":"6-6-5","palmas":8},"geometry":{"type":"LineString","coordinates":[[-72.989928,4.502356],[-72.989451,4.502666]]}},{"type":"Feature","properties":{"linea":"6-6-6","palmas":10},"geometry":{"type":"LineString","coordinates":[[-72.990037,4.502369],[-72.989455,4.502747]]}},{"type":"Feature","properties":{"linea":"6-6-7","palmas":11},"geometry":{"type":"LineString","coordinates":[[-72.99014,4.502386],[-72.989459,4.502828]]}},{"type":"Feature","properties":{"linea":"6-6-8","palmas":13},"geometry":{"type":"LineString","coordinates":[[-72.990212,4.502423],[-72.989396,4.502954]]}},{"type":"Feature","properties":{"linea":"6-6-9","palmas":14},"geometry":{"type":"LineString","coordinates":[[-72.990216,4.502504],[-72.989332,4.503079]]}},{"type":"Feature","properties":{"linea":"7-1-1","palmas":24},"geometry":{"type":"LineString","coordinates":[[-72.995195,4.471217],[-72.996848,4.472084]]}},{"type":"Feature","properties":{"linea":"7-1-10","palmas":27},"geometry":{"type":"LineString","coordinates":[[-72.994723,4.471685],[-72.996591,4.472665]]}},{"type":"Feature","properties":{"linea":"7-1-100","palmas":48},"geometry":{"type":"LineString","coordinates":[[-72.994856,4.476526],[-72.998073,4.474476]]}},{"type":"Feature","properties":{"linea":"7-1-101","palmas":27},"geometry":{"type":"LineString","coordinates":[[-72.996228,4.475734],[-72.998008,4.4746]]}},{"type":"Feature","properties":{"linea":"7-1-102","palmas":41},"geometry":{"type":"LineString","coordinates":[[-72.994931,4.476645],[-72.997943,4.474725]]}},{"type":"Feature","properties":{"linea":"7-1-103","palmas":40},"geometry":{"type":"LineString","coordinates":[[-72.994866,4.47677],[-72.997878,4.47485]]}},{"type":"Feature","properties":{"linea":"7-1-104","palmas":38},"geometry":{"type":"LineString","coordinates":[[-72.99487,4.476851],[-72.997881,4.474932]]}},{"type":"Feature","properties":{"linea":"7-1-105","palmas":19},"geometry":{"type":"LineString","coordinates":[[-72.994873,4.476932],[-72.996105,4.476147]]}},{"type":"Feature","properties":{"linea":"7-1-106","palmas":19},"geometry":{"type":"LineString","coordinates":[[-72.994876,4.477014],[-72.996108,4.476228]]}},{"type":"Feature","properties":{"linea":"7-1-107","palmas":19},"geometry":{"type":"LineString","coordinates":[[-72.99488,4.477095],[-72.996112,4.47631]]}},{"type":"Feature","properties":{"linea":"7-1-108","palmas":19},"geometry":{"type":"LineString","coordinates":[[-72.994883,4.477176],[-72.996115,4.476391]]}},{"type":"Feature","properties":{"linea":"7-1-109","palmas":18},"geometry":{"type":"LineString","coordinates":[[-72.994887,4.477258],[-72.99605,4.476516]]}},{"type":"Feature","properties":{"linea":"7-1-11","palmas":26},"geometry":{"type":"LineString","coordinates":[[-72.994726,4.471767],[-72.996523,4.472709]]}},{"type":"Feature","properties":{"linea":"7-1-110","palmas":18},"geometry":{"type":"LineString","coordinates":[[-72.99489,4.477339],[-72.996054,4.476597]]}},{"type":"Feature","properties":{"linea":"7-1-111","palmas":13},"geometry":{"type":"LineString","coordinates":[[-72.994894,4.47742],[-72.996057,4.476678]]}},{"type":"Feature","properties":{"linea":"7-1-112","palmas":10},"geometry":{"type":"LineString","coordinates":[[-72.994897,4.477501],[-72.995513,4.477109]]}},{"type":"Feature","properties":{"linea":"7-1-113","palmas":10},"geometry":{"type":"LineString","coordinates":[[-72.9949,4.477583],[-72.995516,4.47719]]}},{"type":"Feature","properties":{"linea":"7-1-114","palmas":10},"geometry":{"type":"LineString","coordinates":[[-72.994904,4.477664],[-72.99552,4.477271]]}},{"type":"Feature","properties":{"linea":"7-1-115","palmas":10},"geometry":{"type":"LineString","coordinates":[[-72.994907,4.477745],[-72.995523,4.477353]]}},{"type":"Feature","properties":{"linea":"7-1-116","palmas":10},"geometry":{"type":"LineString","coordinates":[[-72.994911,4.477826],[-72.995527,4.477434]]}},{"type":"Feature","properties":{"linea":"7-1-117","palmas":10},"geometry":{"type":"LineString","coordinates":[[-72.994914,4.477908],[-72.99553,4.477515]]}},{"type":"Feature","properties":{"linea":"7-1-118","palmas":10},"geometry":{"type":"LineString","coordinates":[[-72.994917,4.477989],[-72.995533,4.477596]]}},{"type":"Feature","properties":{"linea":"7-1-119","palmas":9},"geometry":{"type":"LineString","coordinates":[[-72.994921,4.47807],[-72.995537,4.477678]]}},{"type":"Feature","properties":{"linea":"7-1-12","palmas":26},"geometry":{"type":"LineString","coordinates":[[-72.99473,4.471848],[-72.996526,4.47279]]}},{"type":"Feature","properties":{"linea":"7-1-120","palmas":10},"geometry":{"type":"LineString","coordinates":[[-72.994924,4.478152],[-72.99554,4.477759]]}},{"type":"Feature","properties":{"linea":"7-1-121","palmas":9},"geometry":{"type":"LineString","coordinates":[[-72.994928,4.478233],[-72.995544,4.477841]]}},{"type":"Feature","properties":{"linea":"7-1-122","palmas":10},"geometry":{"type":"LineString","coordinates":[[-72.994931,4.478314],[-72.995547,4.477922]]}},{"type":"Feature","properties":{"linea":"7-1-123","palmas":11},"geometry":{"type":"LineString","coordinates":[[-72.994866,4.478439],[-72.995551,4.478003]]}},{"type":"Feature","properties":{"linea":"7-1-124","palmas":11},"geometry":{"type":"LineString","coordinates":[[-72.994869,4.478521],[-72.995554,4.478084]]}},{"type":"Feature","properties":{"linea":"7-1-125","palmas":10},"geometry":{"type":"LineString","coordinates":[[-72.994873,4.478602],[-72.995489,4.478209]]}},{"type":"Feature","properties":{"linea":"7-1-126","palmas":10},"geometry":{"type":"LineString","coordinates":[[-72.994876,4.478683],[-72.995492,4.478291]]}},{"type":"Feature","properties":{"linea":"7-1-127","palmas":10},"geometry":{"type":"LineString","coordinates":[[-72.99488,4.478764],[-72.995496,4.478372]]}},{"type":"Feature","properties":{"linea":"7-1-128","palmas":12},"geometry":{"type":"LineString","coordinates":[[-72.994883,4.478846],[-72.995636,4.478366]]}},{"type":"Feature","properties":{"linea":"7-1-129","palmas":13},"geometry":{"type":"LineString","coordinates":[[-72.994887,4.478927],[-72.995708,4.478404]]}},{"type":"Feature","properties":{"linea":"7-1-13","palmas":25},"geometry":{"type":"LineString","coordinates":[[-72.994733,4.471929],[-72.996458,4.472834]]}},{"type":"Feature","properties":{"linea":"7-1-130","palmas":13},"geometry":{"type":"LineString","coordinates":[[-72.99489,4.479008],[-72.995711,4.478485]]}},{"type":"Feature","properties":{"linea":"7-1-131","palmas":14},"geometry":{"type":"LineString","coordinates":[[-72.994893,4.47909],[-72.995783,4.478523]]}},{"type":"Feature","properties":{"linea":"7-1-132","palmas":14},"geometry":{"type":"LineString","coordinates":[[-72.994897,4.479171],[-72.995787,4.478604]]}},{"type":"Feature","properties":{"linea":"7-1-133","palmas":14},"geometry":{"type":"LineString","coordinates":[[-72.9949,4.479252],[-72.99579,4.478685]]}},{"type":"Feature","properties":{"linea":"7-1-134","palmas":14},"geometry":{"type":"LineString","coordinates":[[-72.994904,4.479334],[-72.995794,4.478766]]}},{"type":"Feature","properties":{"linea":"7-1-135","palmas":15},"geometry":{"type":"LineString","coordinates":[[-72.994907,4.479415],[-72.995865,4.478804]]}},{"type":"Feature","properties":{"linea":"7-1-136","palmas":15},"geometry":{"type":"LineString","coordinates":[[-72.994911,4.479496],[-72.995869,4.478886]]}},{"type":"Feature","properties":{"linea":"7-1-137","palmas":16},"geometry":{"type":"LineString","coordinates":[[-72.994914,4.479578],[-72.995941,4.478923]]}},{"type":"Feature","properties":{"linea":"7-1-138","palmas":16},"geometry":{"type":"LineString","coordinates":[[-72.994917,4.479659],[-72.995944,4.479004]]}},{"type":"Feature","properties":{"linea":"7-1-139","palmas":16},"geometry":{"type":"LineString","coordinates":[[-72.994921,4.47974],[-72.995947,4.479086]]}},{"type":"Feature","properties":{"linea":"7-1-14","palmas":25},"geometry":{"type":"LineString","coordinates":[[-72.994736,4.472011],[-72.996461,4.472915]]}},{"type":"Feature","properties":{"linea":"7-1-140","palmas":16},"geometry":{"type":"LineString","coordinates":[[-72.994924,4.479821],[-72.995951,4.479167]]}},{"type":"Feature","properties":{"linea":"7-1-141","palmas":16},"geometry":{"type":"LineString","coordinates":[[-72.994928,4.479903],[-72.995954,4.479248]]}},{"type":"Feature","properties":{"linea":"7-1-142","palmas":16},"geometry":{"type":"LineString","coordinates":[[-72.994931,4.479984],[-72.995958,4.47933]]}},{"type":"Feature","properties":{"linea":"7-1-143","palmas":16},"geometry":{"type":"LineString","coordinates":[[-72.994934,4.480065],[-72.995961,4.479411]]}},{"type":"Feature","properties":{"linea":"7-1-144","palmas":15},"geometry":{"type":"LineString","coordinates":[[-72.994938,4.480147],[-72.995896,4.479536]]}},{"type":"Feature","properties":{"linea":"7-1-145","palmas":15},"geometry":{"type":"LineString","coordinates":[[-72.994941,4.480228],[-72.995899,4.479617]]}},{"type":"Feature","properties":{"linea":"7-1-146","palmas":15},"geometry":{"type":"LineString","coordinates":[[-72.994945,4.480309],[-72.995903,4.479699]]}},{"type":"Feature","properties":{"linea":"7-1-147","palmas":15},"geometry":{"type":"LineString","coordinates":[[-72.994948,4.480391],[-72.995906,4.47978]]}},{"type":"Feature","properties":{"linea":"7-1-148","palmas":15},"geometry":{"type":"LineString","coordinates":[[-72.994951,4.480472],[-72.99591,4.479861]]}},{"type":"Feature","properties":{"linea":"7-1-149","palmas":15},"geometry":{"type":"LineString","coordinates":[[-72.994955,4.480553],[-72.995913,4.479942]]}},{"type":"Feature","properties":{"linea":"7-1-15","palmas":24},"geometry":{"type":"LineString","coordinates":[[-72.99474,4.472092],[-72.996393,4.472958]]}},{"type":"Feature","properties":{"linea":"7-1-150","palmas":15},"geometry":{"type":"LineString","coordinates":[[-72.994958,4.480634],[-72.995917,4.480024]]}},{"type":"Feature","properties":{"linea":"7-1-151","palmas":15},"geometry":{"type":"LineString","coordinates":[[-72.994962,4.480716],[-72.99592,4.480105]]}},{"type":"Feature","properties":{"linea":"7-1-152","palmas":15},"geometry":{"type":"LineString","coordinates":[[-72.994965,4.480797],[-72.995923,4.480186]]}},{"type":"Feature","properties":{"linea":"7-1-153","palmas":15},"geometry":{"type":"LineString","coordinates":[[-72.994969,4.480878],[-72.995927,4.480268]]}},{"type":"Feature","properties":{"linea":"7-1-154","palmas":15},"geometry":{"type":"LineString","coordinates":[[-72.994972,4.480959],[-72.99593,4.480349]]}},{"type":"Feature","properties":{"linea":"7-1-155","palmas":15},"geometry":{"type":"LineString","coordinates":[[-72.994976,4.481041],[-72.995934,4.48043]]}},{"type":"Feature","properties":{"linea":"7-1-156","palmas":15},"geometry":{"type":"LineString","coordinates":[[-72.994979,4.481122],[-72.995937,4.480511]]}},{"type":"Feature","properties":{"linea":"7-1-157","palmas":15},"geometry":{"type":"LineString","coordinates":[[-72.994982,4.481204],[-72.995941,4.480593]]}},{"type":"Feature","properties":{"linea":"7-1-158","palmas":15},"geometry":{"type":"LineString","coordinates":[[-72.994986,4.481285],[-72.995944,4.480674]]}},{"type":"Feature","properties":{"linea":"7-1-159","palmas":15},"geometry":{"type":"LineString","coordinates":[[-72.994921,4.48141],[-72.995879,4.480799]]}},{"type":"Feature","properties":{"linea":"7-1-16","palmas":24},"geometry":{"type":"LineString","coordinates":[[-72.994743,4.472173],[-72.996396,4.47304]]}},{"type":"Feature","properties":{"linea":"7-1-161","palmas":2},"geometry":{"type":"LineString","coordinates":[[-72.995544,4.48118],[-72.995615,4.481218]]}},{"type":"Feature","properties":{"linea":"7-1-162","palmas":3},"geometry":{"type":"LineString","coordinates":[[-72.995475,4.481223],[-72.995619,4.481299]]}},{"type":"Feature","properties":{"linea":"7-1-163","palmas":4},"geometry":{"type":"LineString","coordinates":[[-72.995407,4.481267],[-72.995622,4.48138]]}},{"type":"Feature","properties":{"linea":"7-1-164","palmas":5},"geometry":{"type":"LineString","coordinates":[[-72.995338,4.481311],[-72.995626,4.481461]]}},{"type":"Feature","properties":{"linea":"7-1-165","palmas":6},"geometry":{"type":"LineString","coordinates":[[-72.99527,4.481354],[-72.995629,4.481542]]}},{"type":"Feature","properties":{"linea":"7-1-166","palmas":7},"geometry":{"type":"LineString","coordinates":[[-72.995201,4.481398],[-72.995632,4.481624]]}},{"type":"Feature","properties":{"linea":"7-1-167","palmas":8},"geometry":{"type":"LineString","coordinates":[[-72.995133,4.481441],[-72.995636,4.481705]]}},{"type":"Feature","properties":{"linea":"7-1-168","palmas":10},"geometry":{"type":"LineString","coordinates":[[-72.994992,4.481447],[-72.995639,4.481786]]}},{"type":"Feature","properties":{"linea":"7-1-169","palmas":11},"geometry":{"type":"LineString","coordinates":[[-72.994924,4.481491],[-72.995643,4.481868]]}},{"type":"Feature","properties":{"linea":"7-1-17","palmas":23},"geometry":{"type":"LineString","coordinates":[[-72.994747,4.472254],[-72.996328,4.473083]]}},{"type":"Feature","properties":{"linea":"7-1-170","palmas":11},"geometry":{"type":"LineString","coordinates":[[-72.994928,4.481572],[-72.995646,4.481949]]}},{"type":"Feature","properties":{"linea":"7-1-171","palmas":11},"geometry":{"type":"LineString","coordinates":[[-72.994931,4.481654],[-72.995649,4.48203]]}},{"type":"Feature","properties":{"linea":"7-1-172","palmas":11},"geometry":{"type":"LineString","coordinates":[[-72.994934,4.481735],[-72.995653,4.482112]]}},{"type":"Feature","properties":{"linea":"7-1-173","palmas":11},"geometry":{"type":"LineString","coordinates":[[-72.994938,4.481816],[-72.995656,4.482193]]}},{"type":"Feature","properties":{"linea":"7-1-174","palmas":11},"geometry":{"type":"LineString","coordinates":[[-72.994941,4.481898],[-72.99566,4.482274]]}},{"type":"Feature","properties":{"linea":"7-1-175","palmas":11},"geometry":{"type":"LineString","coordinates":[[-72.994944,4.481979],[-72.995663,4.482356]]}},{"type":"Feature","properties":{"linea":"7-1-176","palmas":11},"geometry":{"type":"LineString","coordinates":[[-72.994948,4.48206],[-72.995667,4.482437]]}},{"type":"Feature","properties":{"linea":"7-1-177","palmas":11},"geometry":{"type":"LineString","coordinates":[[-72.994951,4.482141],[-72.99567,4.482518]]}},{"type":"Feature","properties":{"linea":"7-1-178","palmas":11},"geometry":{"type":"LineString","coordinates":[[-72.994955,4.482223],[-72.995673,4.482599]]}},{"type":"Feature","properties":{"linea":"7-1-179","palmas":11},"geometry":{"type":"LineString","coordinates":[[-72.994958,4.482304],[-72.995677,4.482681]]}},{"type":"Feature","properties":{"linea":"7-1-18","palmas":23},"geometry":{"type":"LineString","coordinates":[[-72.99475,4.472336],[-72.996331,4.473165]]}},{"type":"Feature","properties":{"linea":"7-1-180","palmas":11},"geometry":{"type":"LineString","coordinates":[[-72.994962,4.482385],[-72.99568,4.482762]]}},{"type":"Feature","properties":{"linea":"7-1-181","palmas":11},"geometry":{"type":"LineString","coordinates":[[-72.994965,4.482467],[-72.995684,4.482843]]}},{"type":"Feature","properties":{"linea":"7-1-182","palmas":11},"geometry":{"type":"LineString","coordinates":[[-72.994969,4.482548],[-72.995687,4.482925]]}},{"type":"Feature","properties":{"linea":"7-1-183","palmas":11},"geometry":{"type":"LineString","coordinates":[[-72.994972,4.482629],[-72.995691,4.483006]]}},{"type":"Feature","properties":{"linea":"7-1-184","palmas":11},"geometry":{"type":"LineString","coordinates":[[-72.994975,4.482711],[-72.995694,4.483087]]}},{"type":"Feature","properties":{"linea":"7-1-185","palmas":11},"geometry":{"type":"LineString","coordinates":[[-72.994979,4.482792],[-72.995698,4.483169]]}},{"type":"Feature","properties":{"linea":"7-1-186","palmas":11},"geometry":{"type":"LineString","coordinates":[[-72.994982,4.482873],[-72.995701,4.48325]]}},{"type":"Feature","properties":{"linea":"7-1-187","palmas":11},"geometry":{"type":"LineString","coordinates":[[-72.994986,4.482954],[-72.995704,4.483333]]}},{"type":"Feature","properties":{"linea":"7-1-188","palmas":11},"geometry":{"type":"LineString","coordinates":[[-72.994989,4.483036],[-72.995707,4.483413]]}},{"type":"Feature","properties":{"linea":"7-1-189","palmas":11},"geometry":{"type":"LineString","coordinates":[[-72.994992,4.483117],[-72.995711,4.483494]]}},{"type":"Feature","properties":{"linea":"7-1-19","palmas":22},"geometry":{"type":"LineString","coordinates":[[-72.994754,4.472417],[-72.996263,4.473208]]}},{"type":"Feature","properties":{"linea":"7-1-190","palmas":11},"geometry":{"type":"LineString","coordinates":[[-72.994996,4.483198],[-72.995714,4.483575]]}},{"type":"Feature","properties":{"linea":"7-1-191","palmas":11},"geometry":{"type":"LineString","coordinates":[[-72.994999,4.48328],[-72.995718,4.483656]]}},{"type":"Feature","properties":{"linea":"7-1-192","palmas":11},"geometry":{"type":"LineString","coordinates":[[-72.995003,4.483361],[-72.995721,4.483738]]}},{"type":"Feature","properties":{"linea":"7-1-193","palmas":11},"geometry":{"type":"LineString","coordinates":[[-72.995006,4.483442],[-72.995725,4.483819]]}},{"type":"Feature","properties":{"linea":"7-1-194","palmas":11},"geometry":{"type":"LineString","coordinates":[[-72.995009,4.483524],[-72.995728,4.4839]]}},{"type":"Feature","properties":{"linea":"7-1-195","palmas":11},"geometry":{"type":"LineString","coordinates":[[-72.995013,4.483605],[-72.995732,4.483982]]}},{"type":"Feature","properties":{"linea":"7-1-196","palmas":11},"geometry":{"type":"LineString","coordinates":[[-72.995016,4.483686],[-72.995735,4.484063]]}},{"type":"Feature","properties":{"linea":"7-1-197","palmas":11},"geometry":{"type":"LineString","coordinates":[[-72.99502,4.483767],[-72.995738,4.484144]]}},{"type":"Feature","properties":{"linea":"7-1-198","palmas":11},"geometry":{"type":"LineString","coordinates":[[-72.995023,4.483849],[-72.995742,4.484226]]}},{"type":"Feature","properties":{"linea":"7-1-199","palmas":11},"geometry":{"type":"LineString","coordinates":[[-72.995027,4.48393],[-72.995745,4.484307]]}},{"type":"Feature","properties":{"linea":"7-1-2","palmas":26},"geometry":{"type":"LineString","coordinates":[[-72.995055,4.471223],[-72.996851,4.472165]]}},{"type":"Feature","properties":{"linea":"7-1-20","palmas":22},"geometry":{"type":"LineString","coordinates":[[-72.994757,4.472498],[-72.996266,4.473289]]}},{"type":"Feature","properties":{"linea":"7-1-200","palmas":11},"geometry":{"type":"LineString","coordinates":[[-72.99503,4.484011],[-72.995749,4.484388]]}},{"type":"Feature","properties":{"linea":"7-1-201","palmas":11},"geometry":{"type":"LineString","coordinates":[[-72.995033,4.484093],[-72.995752,4.484469]]}},{"type":"Feature","properties":{"linea":"7-1-202","palmas":11},"geometry":{"type":"LineString","coordinates":[[-72.995037,4.484174],[-72.995756,4.484551]]}},{"type":"Feature","properties":{"linea":"7-1-203","palmas":11},"geometry":{"type":"LineString","coordinates":[[-72.99504,4.484255],[-72.995759,4.484632]]}},{"type":"Feature","properties":{"linea":"7-1-204","palmas":11},"geometry":{"type":"LineString","coordinates":[[-72.995044,4.484337],[-72.995762,4.484713]]}},{"type":"Feature","properties":{"linea":"7-1-205","palmas":11},"geometry":{"type":"LineString","coordinates":[[-72.995047,4.484418],[-72.995766,4.484795]]}},{"type":"Feature","properties":{"linea":"7-1-206","palmas":11},"geometry":{"type":"LineString","coordinates":[[-72.995051,4.484499],[-72.995769,4.484876]]}},{"type":"Feature","properties":{"linea":"7-1-207","palmas":11},"geometry":{"type":"LineString","coordinates":[[-72.995054,4.484581],[-72.995773,4.484957]]}},{"type":"Feature","properties":{"linea":"7-1-208","palmas":11},"geometry":{"type":"LineString","coordinates":[[-72.995057,4.484662],[-72.995776,4.485039]]}},{"type":"Feature","properties":{"linea":"7-1-209","palmas":11},"geometry":{"type":"LineString","coordinates":[[-72.995061,4.484743],[-72.995779,4.48512]]}},{"type":"Feature","properties":{"linea":"7-1-21","palmas":21},"geometry":{"type":"LineString","coordinates":[[-72.99476,4.47258],[-72.996197,4.473333]]}},{"type":"Feature","properties":{"linea":"7-1-210","palmas":11},"geometry":{"type":"LineString","coordinates":[[-72.995064,4.484824],[-72.995783,4.485201]]}},{"type":"Feature","properties":{"linea":"7-1-211","palmas":11},"geometry":{"type":"LineString","coordinates":[[-72.995068,4.484906],[-72.995786,4.485283]]}},{"type":"Feature","properties":{"linea":"7-1-212","palmas":11},"geometry":{"type":"LineString","coordinates":[[-72.995071,4.484987],[-72.99579,4.485364]]}},{"type":"Feature","properties":{"linea":"7-1-213","palmas":11},"geometry":{"type":"LineString","coordinates":[[-72.995074,4.485068],[-72.995793,4.485445]]}},{"type":"Feature","properties":{"linea":"7-1-214","palmas":11},"geometry":{"type":"LineString","coordinates":[[-72.995078,4.485149],[-72.995796,4.485526]]}},{"type":"Feature","properties":{"linea":"7-1-215","palmas":11},"geometry":{"type":"LineString","coordinates":[[-72.995081,4.485231],[-72.9958,4.485608]]}},{"type":"Feature","properties":{"linea":"7-1-216","palmas":11},"geometry":{"type":"LineString","coordinates":[[-72.995085,4.485312],[-72.995803,4.485689]]}},{"type":"Feature","properties":{"linea":"7-1-217","palmas":11},"geometry":{"type":"LineString","coordinates":[[-72.995088,4.485394],[-72.995807,4.48577]]}},{"type":"Feature","properties":{"linea":"7-1-218","palmas":11},"geometry":{"type":"LineString","coordinates":[[-72.995091,4.485475],[-72.99581,4.485852]]}},{"type":"Feature","properties":{"linea":"7-1-219","palmas":11},"geometry":{"type":"LineString","coordinates":[[-72.995095,4.485556],[-72.995814,4.485933]]}},{"type":"Feature","properties":{"linea":"7-1-22","palmas":21},"geometry":{"type":"LineString","coordinates":[[-72.994764,4.472661],[-72.996201,4.473414]]}},{"type":"Feature","properties":{"linea":"7-1-220","palmas":11},"geometry":{"type":"LineString","coordinates":[[-72.995098,4.485638],[-72.995817,4.486014]]}},{"type":"Feature","properties":{"linea":"7-1-221","palmas":11},"geometry":{"type":"LineString","coordinates":[[-72.995102,4.485719],[-72.99582,4.486096]]}},{"type":"Feature","properties":{"linea":"7-1-222","palmas":11},"geometry":{"type":"LineString","coordinates":[[-72.995105,4.4858],[-72.995824,4.486177]]}},{"type":"Feature","properties":{"linea":"7-1-223","palmas":9},"geometry":{"type":"LineString","coordinates":[[-72.995109,4.485881],[-72.995684,4.486183]]}},{"type":"Feature","properties":{"linea":"7-1-224","palmas":7},"geometry":{"type":"LineString","coordinates":[[-72.995112,4.485963],[-72.995543,4.486189]]}},{"type":"Feature","properties":{"linea":"7-1-225","palmas":5},"geometry":{"type":"LineString","coordinates":[[-72.995116,4.486044],[-72.995403,4.486195]]}},{"type":"Feature","properties":{"linea":"7-1-226","palmas":2},"geometry":{"type":"LineString","coordinates":[[-72.995191,4.486163],[-72.995262,4.486201]]}},{"type":"Feature","properties":{"linea":"7-1-229","palmas":2},"geometry":{"type":"LineString","coordinates":[[-72.997049,4.486899],[-72.997118,4.486855]]}},{"type":"Feature","properties":{"linea":"7-1-23","palmas":20},"geometry":{"type":"LineString","coordinates":[[-72.994767,4.472742],[-72.996133,4.473458]]}},{"type":"Feature","properties":{"linea":"7-1-230","palmas":2},"geometry":{"type":"LineString","coordinates":[[-72.997046,4.486817],[-72.997114,4.486774]]}},{"type":"Feature","properties":{"linea":"7-1-231","palmas":2},"geometry":{"type":"LineString","coordinates":[[-72.996974,4.48678],[-72.997042,4.486736]]}},{"type":"Feature","properties":{"linea":"7-1-232","palmas":2},"geometry":{"type":"LineString","coordinates":[[-72.99697,4.486698],[-72.997039,4.486655]]}},{"type":"Feature","properties":{"linea":"7-1-233","palmas":2},"geometry":{"type":"LineString","coordinates":[[-72.996898,4.486661],[-72.996967,4.486617]]}},{"type":"Feature","properties":{"linea":"7-1-234","palmas":2},"geometry":{"type":"LineString","coordinates":[[-72.996895,4.486579],[-72.996963,4.486536]]}},{"type":"Feature","properties":{"linea":"7-1-235","palmas":2},"geometry":{"type":"LineString","coordinates":[[-72.996823,4.486542],[-72.996891,4.486498]]}},{"type":"Feature","properties":{"linea":"7-1-236","palmas":2},"geometry":{"type":"LineString","coordinates":[[-72.99682,4.48646],[-72.996888,4.486417]]}},{"type":"Feature","properties":{"linea":"7-1-237","palmas":2},"geometry":{"type":"LineString","coordinates":[[-72.996748,4.486423],[-72.996816,4.486379]]}},{"type":"Feature","properties":{"linea":"7-1-238","palmas":2},"geometry":{"type":"LineString","coordinates":[[-72.996676,4.486385],[-72.996744,4.486341]]}},{"type":"Feature","properties":{"linea":"7-1-24","palmas":20},"geometry":{"type":"LineString","coordinates":[[-72.994771,4.472824],[-72.996136,4.473539]]}},{"type":"Feature","properties":{"linea":"7-1-242","palmas":2},"geometry":{"type":"LineString","coordinates":[[-72.996525,4.486147],[-72.996594,4.486103]]}},{"type":"Feature","properties":{"linea":"7-1-243","palmas":3},"geometry":{"type":"LineString","coordinates":[[-72.996385,4.486153],[-72.996522,4.486066]]}},{"type":"Feature","properties":{"linea":"7-1-244","palmas":4},"geometry":{"type":"LineString","coordinates":[[-72.996313,4.486115],[-72.996519,4.485984]]}},{"type":"Feature","properties":{"linea":"7-1-245","palmas":6},"geometry":{"type":"LineString","coordinates":[[-72.996173,4.486121],[-72.996515,4.485903]]}},{"type":"Feature","properties":{"linea":"7-1-246","palmas":8},"geometry":{"type":"LineString","coordinates":[[-72.995964,4.486171],[-72.996443,4.485866]]}},{"type":"Feature","properties":{"linea":"7-1-247","palmas":9},"geometry":{"type":"LineString","coordinates":[[-72.995892,4.486133],[-72.99644,4.485784]]}},{"type":"Feature","properties":{"linea":"7-1-248","palmas":8},"geometry":{"type":"LineString","coordinates":[[-72.995889,4.486052],[-72.996368,4.485746]]}},{"type":"Feature","properties":{"linea":"7-1-249","palmas":8},"geometry":{"type":"LineString","coordinates":[[-72.995886,4.485971],[-72.996364,4.485665]]}},{"type":"Feature","properties":{"linea":"7-1-25","palmas":19},"geometry":{"type":"LineString","coordinates":[[-72.994774,4.472905],[-72.996067,4.473583]]}},{"type":"Feature","properties":{"linea":"7-1-250","palmas":8},"geometry":{"type":"LineString","coordinates":[[-72.995882,4.485889],[-72.996361,4.485584]]}},{"type":"Feature","properties":{"linea":"7-1-251","palmas":7},"geometry":{"type":"LineString","coordinates":[[-72.995879,4.485808],[-72.996289,4.485546]]}},{"type":"Feature","properties":{"linea":"7-1-252","palmas":7},"geometry":{"type":"LineString","coordinates":[[-72.995875,4.485727],[-72.996286,4.485465]]}},{"type":"Feature","properties":{"linea":"7-1-253","palmas":7},"geometry":{"type":"LineString","coordinates":[[-72.995872,4.485645],[-72.996283,4.485384]]}},{"type":"Feature","properties":{"linea":"7-1-254","palmas":7},"geometry":{"type":"LineString","coordinates":[[-72.995868,4.485564],[-72.996279,4.485302]]}},{"type":"Feature","properties":{"linea":"7-1-255","palmas":7},"geometry":{"type":"LineString","coordinates":[[-72.995865,4.485483],[-72.996276,4.485221]]}},{"type":"Feature","properties":{"linea":"7-1-256","palmas":7},"geometry":{"type":"LineString","coordinates":[[-72.995861,4.485401],[-72.996272,4.48514]]}},{"type":"Feature","properties":{"linea":"7-1-257","palmas":6},"geometry":{"type":"LineString","coordinates":[[-72.995858,4.48532],[-72.9962,4.485102]]}},{"type":"Feature","properties":{"linea":"7-1-258","palmas":6},"geometry":{"type":"LineString","coordinates":[[-72.995855,4.485239],[-72.996197,4.485021]]}},{"type":"Feature","properties":{"linea":"7-1-259","palmas":6},"geometry":{"type":"LineString","coordinates":[[-72.995851,4.485157],[-72.996194,4.484939]]}},{"type":"Feature","properties":{"linea":"7-1-26","palmas":19},"geometry":{"type":"LineString","coordinates":[[-72.994777,4.472986],[-72.996071,4.473664]]}},{"type":"Feature","properties":{"linea":"7-1-260","palmas":6},"geometry":{"type":"LineString","coordinates":[[-72.995848,4.485076],[-72.99619,4.484858]]}},{"type":"Feature","properties":{"linea":"7-1-261","palmas":6},"geometry":{"type":"LineString","coordinates":[[-72.995844,4.484995],[-72.996187,4.484777]]}},{"type":"Feature","properties":{"linea":"7-1-262","palmas":6},"geometry":{"type":"LineString","coordinates":[[-72.995841,4.484914],[-72.996183,4.484696]]}},{"type":"Feature","properties":{"linea":"7-1-263","palmas":7},"geometry":{"type":"LineString","coordinates":[[-72.995838,4.484832],[-72.996248,4.484571]]}},{"type":"Feature","properties":{"linea":"7-1-264","palmas":8},"geometry":{"type":"LineString","coordinates":[[-72.995834,4.484751],[-72.996313,4.484446]]}},{"type":"Feature","properties":{"linea":"7-1-265","palmas":9},"geometry":{"type":"LineString","coordinates":[[-72.995831,4.48467],[-72.996378,4.484321]]}},{"type":"Feature","properties":{"linea":"7-1-266","palmas":9},"geometry":{"type":"LineString","coordinates":[[-72.995827,4.484588],[-72.996375,4.484239]]}},{"type":"Feature","properties":{"linea":"7-1-267","palmas":9},"geometry":{"type":"LineString","coordinates":[[-72.995824,4.484507],[-72.996371,4.484158]]}},{"type":"Feature","properties":{"linea":"7-1-268","palmas":10},"geometry":{"type":"LineString","coordinates":[[-72.995821,4.484426],[-72.996368,4.484077]]}},{"type":"Feature","properties":{"linea":"7-1-269","palmas":9},"geometry":{"type":"LineString","coordinates":[[-72.995817,4.484344],[-72.996365,4.483996]]}},{"type":"Feature","properties":{"linea":"7-1-27","palmas":18},"geometry":{"type":"LineString","coordinates":[[-72.994781,4.473067],[-72.996003,4.473708]]}},{"type":"Feature","properties":{"linea":"7-1-270","palmas":9},"geometry":{"type":"LineString","coordinates":[[-72.995814,4.484263],[-72.996361,4.483914]]}},{"type":"Feature","properties":{"linea":"7-1-271","palmas":10},"geometry":{"type":"LineString","coordinates":[[-72.99581,4.484182],[-72.996426,4.483789]]}},{"type":"Feature","properties":{"linea":"7-1-272","palmas":11},"geometry":{"type":"LineString","coordinates":[[-72.995807,4.484101],[-72.996491,4.483664]]}},{"type":"Feature","properties":{"linea":"7-1-273","palmas":12},"geometry":{"type":"LineString","coordinates":[[-72.995803,4.484019],[-72.996556,4.483539]]}},{"type":"Feature","properties":{"linea":"7-1-274","palmas":12},"geometry":{"type":"LineString","coordinates":[[-72.9958,4.483938],[-72.996553,4.483458]]}},{"type":"Feature","properties":{"linea":"7-1-275","palmas":12},"geometry":{"type":"LineString","coordinates":[[-72.995797,4.483857],[-72.996549,4.483377]]}},{"type":"Feature","properties":{"linea":"7-1-276","palmas":12},"geometry":{"type":"LineString","coordinates":[[-72.995793,4.483776],[-72.996546,4.483296]]}},{"type":"Feature","properties":{"linea":"7-1-277","palmas":11},"geometry":{"type":"LineString","coordinates":[[-72.99579,4.483694],[-72.996474,4.483258]]}},{"type":"Feature","properties":{"linea":"7-1-278","palmas":11},"geometry":{"type":"LineString","coordinates":[[-72.995786,4.483613],[-72.996471,4.483177]]}},{"type":"Feature","properties":{"linea":"7-1-279","palmas":11},"geometry":{"type":"LineString","coordinates":[[-72.995783,4.483531],[-72.996467,4.483095]]}},{"type":"Feature","properties":{"linea":"7-1-28","palmas":18},"geometry":{"type":"LineString","coordinates":[[-72.994784,4.473149],[-72.996006,4.473789]]}},{"type":"Feature","properties":{"linea":"7-1-280","palmas":11},"geometry":{"type":"LineString","coordinates":[[-72.995779,4.48345],[-72.996464,4.483014]]}},{"type":"Feature","properties":{"linea":"7-1-281","palmas":11},"geometry":{"type":"LineString","coordinates":[[-72.995776,4.483369],[-72.996461,4.482933]]}},{"type":"Feature","properties":{"linea":"7-1-282","palmas":12},"geometry":{"type":"LineString","coordinates":[[-72.995773,4.483288],[-72.996526,4.482808]]}},{"type":"Feature","properties":{"linea":"7-1-283","palmas":12},"geometry":{"type":"LineString","coordinates":[[-72.995769,4.483206],[-72.996522,4.482726]]}},{"type":"Feature","properties":{"linea":"7-1-284","palmas":11},"geometry":{"type":"LineString","coordinates":[[-72.995766,4.483125],[-72.99645,4.482689]]}},{"type":"Feature","properties":{"linea":"7-1-285","palmas":11},"geometry":{"type":"LineString","coordinates":[[-72.995762,4.483044],[-72.996447,4.482608]]}},{"type":"Feature","properties":{"linea":"7-1-286","palmas":11},"geometry":{"type":"LineString","coordinates":[[-72.995759,4.482963],[-72.996443,4.482526]]}},{"type":"Feature","properties":{"linea":"7-1-287","palmas":11},"geometry":{"type":"LineString","coordinates":[[-72.995756,4.482881],[-72.99644,4.482445]]}},{"type":"Feature","properties":{"linea":"7-1-288","palmas":11},"geometry":{"type":"LineString","coordinates":[[-72.995752,4.4828],[-72.996437,4.482364]]}},{"type":"Feature","properties":{"linea":"7-1-289","palmas":11},"geometry":{"type":"LineString","coordinates":[[-72.995749,4.482719],[-72.996433,4.482282]]}},{"type":"Feature","properties":{"linea":"7-1-29","palmas":17},"geometry":{"type":"LineString","coordinates":[[-72.994788,4.47323],[-72.995937,4.473833]]}},{"type":"Feature","properties":{"linea":"7-1-290","palmas":11},"geometry":{"type":"LineString","coordinates":[[-72.995745,4.482637],[-72.99643,4.482201]]}},{"type":"Feature","properties":{"linea":"7-1-291","palmas":11},"geometry":{"type":"LineString","coordinates":[[-72.995742,4.482556],[-72.996426,4.48212]]}},{"type":"Feature","properties":{"linea":"7-1-292","palmas":11},"geometry":{"type":"LineString","coordinates":[[-72.995739,4.482475],[-72.996423,4.482038]]}},{"type":"Feature","properties":{"linea":"7-1-293","palmas":11},"geometry":{"type":"LineString","coordinates":[[-72.995735,4.482393],[-72.996419,4.481957]]}},{"type":"Feature","properties":{"linea":"7-1-294","palmas":11},"geometry":{"type":"LineString","coordinates":[[-72.995732,4.482312],[-72.996416,4.481876]]}},{"type":"Feature","properties":{"linea":"7-1-295","palmas":11},"geometry":{"type":"LineString","coordinates":[[-72.995728,4.482231],[-72.996413,4.481794]]}},{"type":"Feature","properties":{"linea":"7-1-296","palmas":10},"geometry":{"type":"LineString","coordinates":[[-72.995725,4.482149],[-72.996341,4.481757]]}},{"type":"Feature","properties":{"linea":"7-1-297","palmas":10},"geometry":{"type":"LineString","coordinates":[[-72.995721,4.482068],[-72.996337,4.481676]]}},{"type":"Feature","properties":{"linea":"7-1-298","palmas":9},"geometry":{"type":"LineString","coordinates":[[-72.995718,4.481987],[-72.996266,4.481638]]}},{"type":"Feature","properties":{"linea":"7-1-299","palmas":8},"geometry":{"type":"LineString","coordinates":[[-72.995714,4.481906],[-72.996194,4.4816]]}},{"type":"Feature","properties":{"linea":"7-1-3","palmas":28},"geometry":{"type":"LineString","coordinates":[[-72.994843,4.471191],[-72.996783,4.472209]]}},{"type":"Feature","properties":{"linea":"7-1-30","palmas":17},"geometry":{"type":"LineString","coordinates":[[-72.994791,4.473311],[-72.995941,4.473914]]}},{"type":"Feature","properties":{"linea":"7-1-300","palmas":8},"geometry":{"type":"LineString","coordinates":[[-72.995711,4.481824],[-72.99619,4.481519]]}},{"type":"Feature","properties":{"linea":"7-1-301","palmas":6},"geometry":{"type":"LineString","coordinates":[[-72.995708,4.481743],[-72.99605,4.481525]]}},{"type":"Feature","properties":{"linea":"7-1-302","palmas":4},"geometry":{"type":"LineString","coordinates":[[-72.995704,4.481662],[-72.99591,4.481531]]}},{"type":"Feature","properties":{"linea":"7-1-303","palmas":2},"geometry":{"type":"LineString","coordinates":[[-72.995701,4.48158],[-72.995769,4.481537]]}},{"type":"Feature","properties":{"linea":"7-1-307","palmas":2},"geometry":{"type":"LineString","coordinates":[[-72.995687,4.481255],[-72.995756,4.481211]]}},{"type":"Feature","properties":{"linea":"7-1-308","palmas":3},"geometry":{"type":"LineString","coordinates":[[-72.995684,4.481174],[-72.995821,4.481087]]}},{"type":"Feature","properties":{"linea":"7-1-309","palmas":3},"geometry":{"type":"LineString","coordinates":[[-72.99568,4.481092],[-72.995817,4.481005]]}},{"type":"Feature","properties":{"linea":"7-1-31","palmas":16},"geometry":{"type":"LineString","coordinates":[[-72.994794,4.473393],[-72.995873,4.473958]]}},{"type":"Feature","properties":{"linea":"7-1-32","palmas":16},"geometry":{"type":"LineString","coordinates":[[-72.994798,4.473474],[-72.995876,4.474039]]}},{"type":"Feature","properties":{"linea":"7-1-33","palmas":15},"geometry":{"type":"LineString","coordinates":[[-72.994801,4.473555],[-72.995807,4.474083]]}},{"type":"Feature","properties":{"linea":"7-1-34","palmas":15},"geometry":{"type":"LineString","coordinates":[[-72.994805,4.473636],[-72.995811,4.474164]]}},{"type":"Feature","properties":{"linea":"7-1-35","palmas":14},"geometry":{"type":"LineString","coordinates":[[-72.994808,4.473718],[-72.995743,4.474208]]}},{"type":"Feature","properties":{"linea":"7-1-36","palmas":15},"geometry":{"type":"LineString","coordinates":[[-72.99474,4.473761],[-72.995746,4.474289]]}},{"type":"Feature","properties":{"linea":"7-1-37","palmas":14},"geometry":{"type":"LineString","coordinates":[[-72.994743,4.473843],[-72.995677,4.474333]]}},{"type":"Feature","properties":{"linea":"7-1-38","palmas":14},"geometry":{"type":"LineString","coordinates":[[-72.994747,4.473924],[-72.995681,4.474414]]}},{"type":"Feature","properties":{"linea":"7-1-39","palmas":13},"geometry":{"type":"LineString","coordinates":[[-72.99475,4.474005],[-72.995613,4.474457]]}},{"type":"Feature","properties":{"linea":"7-1-4","palmas":29},"geometry":{"type":"LineString","coordinates":[[-72.994774,4.471235],[-72.996786,4.47229]]}},{"type":"Feature","properties":{"linea":"7-1-40","palmas":13},"geometry":{"type":"LineString","coordinates":[[-72.994753,4.474087],[-72.995616,4.474539]]}},{"type":"Feature","properties":{"linea":"7-1-41","palmas":12},"geometry":{"type":"LineString","coordinates":[[-72.994757,4.474168],[-72.995547,4.474583]]}},{"type":"Feature","properties":{"linea":"7-1-42","palmas":12},"geometry":{"type":"LineString","coordinates":[[-72.99476,4.474249],[-72.995551,4.474664]]}},{"type":"Feature","properties":{"linea":"7-1-43","palmas":10},"geometry":{"type":"LineString","coordinates":[[-72.994836,4.474368],[-72.995482,4.474707]]}},{"type":"Feature","properties":{"linea":"7-1-44","palmas":11},"geometry":{"type":"LineString","coordinates":[[-72.994767,4.474412],[-72.995486,4.474789]]}},{"type":"Feature","properties":{"linea":"7-1-45","palmas":10},"geometry":{"type":"LineString","coordinates":[[-72.994771,4.474493],[-72.995417,4.474832]]}},{"type":"Feature","properties":{"linea":"7-1-46","palmas":10},"geometry":{"type":"LineString","coordinates":[[-72.994774,4.474574],[-72.995421,4.474914]]}},{"type":"Feature","properties":{"linea":"7-1-47","palmas":9},"geometry":{"type":"LineString","coordinates":[[-72.994777,4.474656],[-72.995352,4.474957]]}},{"type":"Feature","properties":{"linea":"7-1-48","palmas":9},"geometry":{"type":"LineString","coordinates":[[-72.994781,4.474737],[-72.995356,4.475039]]}},{"type":"Feature","properties":{"linea":"7-1-49","palmas":8},"geometry":{"type":"LineString","coordinates":[[-72.994784,4.474818],[-72.995287,4.475082]]}},{"type":"Feature","properties":{"linea":"7-1-5","palmas":28},"geometry":{"type":"LineString","coordinates":[[-72.994777,4.471316],[-72.996718,4.472334]]}},{"type":"Feature","properties":{"linea":"7-1-50","palmas":8},"geometry":{"type":"LineString","coordinates":[[-72.994788,4.4749],[-72.995291,4.475163]]}},{"type":"Feature","properties":{"linea":"7-1-51","palmas":7},"geometry":{"type":"LineString","coordinates":[[-72.994791,4.474981],[-72.995222,4.475207]]}},{"type":"Feature","properties":{"linea":"7-1-52","palmas":7},"geometry":{"type":"LineString","coordinates":[[-72.994794,4.475062],[-72.995226,4.475288]]}},{"type":"Feature","properties":{"linea":"7-1-53","palmas":6},"geometry":{"type":"LineString","coordinates":[[-72.994798,4.475144],[-72.995157,4.475332]]}},{"type":"Feature","properties":{"linea":"7-1-54","palmas":6},"geometry":{"type":"LineString","coordinates":[[-72.994801,4.475225],[-72.995161,4.475413]]}},{"type":"Feature","properties":{"linea":"7-1-55","palmas":5},"geometry":{"type":"LineString","coordinates":[[-72.994805,4.475306],[-72.995092,4.475457]]}},{"type":"Feature","properties":{"linea":"7-1-56","palmas":5},"geometry":{"type":"LineString","coordinates":[[-72.994808,4.475388],[-72.995096,4.475538]]}},{"type":"Feature","properties":{"linea":"7-1-57","palmas":4},"geometry":{"type":"LineString","coordinates":[[-72.994811,4.475469],[-72.995027,4.475582]]}},{"type":"Feature","properties":{"linea":"7-1-58","palmas":4},"geometry":{"type":"LineString","coordinates":[[-72.994815,4.47555],[-72.995031,4.475663]]}},{"type":"Feature","properties":{"linea":"7-1-59","palmas":3},"geometry":{"type":"LineString","coordinates":[[-72.994818,4.475631],[-72.994962,4.475707]]}},{"type":"Feature","properties":{"linea":"7-1-6","palmas":29},"geometry":{"type":"LineString","coordinates":[[-72.994709,4.47136],[-72.996721,4.472415]]}},{"type":"Feature","properties":{"linea":"7-1-60","palmas":3},"geometry":{"type":"LineString","coordinates":[[-72.994822,4.475713],[-72.994966,4.475788]]}},{"type":"Feature","properties":{"linea":"7-1-61","palmas":2},"geometry":{"type":"LineString","coordinates":[[-72.994825,4.475794],[-72.994897,4.475832]]}},{"type":"Feature","properties":{"linea":"7-1-62","palmas":2},"geometry":{"type":"LineString","coordinates":[[-72.994829,4.475875],[-72.994901,4.475913]]}},{"type":"Feature","properties":{"linea":"7-1-64","palmas":2},"geometry":{"type":"LineString","coordinates":[[-72.996992,4.472159],[-72.99706,4.472116]]}},{"type":"Feature","properties":{"linea":"7-1-65","palmas":4},"geometry":{"type":"LineString","coordinates":[[-72.996927,4.472284],[-72.997132,4.472153]]}},{"type":"Feature","properties":{"linea":"7-1-66","palmas":6},"geometry":{"type":"LineString","coordinates":[[-72.996862,4.472409],[-72.997204,4.472191]]}},{"type":"Feature","properties":{"linea":"7-1-67","palmas":8},"geometry":{"type":"LineString","coordinates":[[-72.996797,4.472534],[-72.997276,4.472229]]}},{"type":"Feature","properties":{"linea":"7-1-68","palmas":10},"geometry":{"type":"LineString","coordinates":[[-72.996731,4.472659],[-72.997348,4.472266]]}},{"type":"Feature","properties":{"linea":"7-1-69","palmas":12},"geometry":{"type":"LineString","coordinates":[[-72.996666,4.472784],[-72.997419,4.472304]]}},{"type":"Feature","properties":{"linea":"7-1-7","palmas":27},"geometry":{"type":"LineString","coordinates":[[-72.994784,4.471479],[-72.996653,4.472459]]}},{"type":"Feature","properties":{"linea":"7-1-70","palmas":14},"geometry":{"type":"LineString","coordinates":[[-72.996601,4.472909],[-72.997491,4.472342]]}},{"type":"Feature","properties":{"linea":"7-1-71","palmas":16},"geometry":{"type":"LineString","coordinates":[[-72.996536,4.473034],[-72.997563,4.472379]]}},{"type":"Feature","properties":{"linea":"7-1-72","palmas":18},"geometry":{"type":"LineString","coordinates":[[-72.996471,4.473159],[-72.997635,4.472417]]}},{"type":"Feature","properties":{"linea":"7-1-73","palmas":27},"geometry":{"type":"LineString","coordinates":[[-72.996406,4.473284],[-72.998186,4.472149]]}},{"type":"Feature","properties":{"linea":"7-1-74","palmas":28},"geometry":{"type":"LineString","coordinates":[[-72.996341,4.473409],[-72.998189,4.472231]]}},{"type":"Feature","properties":{"linea":"7-1-75","palmas":30},"geometry":{"type":"LineString","coordinates":[[-72.996276,4.473534],[-72.998261,4.472268]]}},{"type":"Feature","properties":{"linea":"7-1-76","palmas":31},"geometry":{"type":"LineString","coordinates":[[-72.996211,4.473658],[-72.998265,4.47235]]}},{"type":"Feature","properties":{"linea":"7-1-77","palmas":32},"geometry":{"type":"LineString","coordinates":[[-72.996146,4.473783],[-72.998268,4.472431]]}},{"type":"Feature","properties":{"linea":"7-1-78","palmas":34},"geometry":{"type":"LineString","coordinates":[[-72.996081,4.473908],[-72.99834,4.472469]]}},{"type":"Feature","properties":{"linea":"7-1-79","palmas":36},"geometry":{"type":"LineString","coordinates":[[-72.996016,4.474033],[-72.998412,4.472506]]}},{"type":"Feature","properties":{"linea":"7-1-8","palmas":28},"geometry":{"type":"LineString","coordinates":[[-72.994716,4.471523],[-72.996656,4.47254]]}},{"type":"Feature","properties":{"linea":"7-1-80","palmas":37},"geometry":{"type":"LineString","coordinates":[[-72.995951,4.474158],[-72.998415,4.472588]]}},{"type":"Feature","properties":{"linea":"7-1-81","palmas":38},"geometry":{"type":"LineString","coordinates":[[-72.995886,4.474283],[-72.998419,4.472669]]}},{"type":"Feature","properties":{"linea":"7-1-82","palmas":39},"geometry":{"type":"LineString","coordinates":[[-72.995821,4.474408],[-72.998422,4.47275]]}},{"type":"Feature","properties":{"linea":"7-1-83","palmas":41},"geometry":{"type":"LineString","coordinates":[[-72.995756,4.474533],[-72.998494,4.472788]]}},{"type":"Feature","properties":{"linea":"7-1-84","palmas":42},"geometry":{"type":"LineString","coordinates":[[-72.995691,4.474658],[-72.998497,4.472869]]}},{"type":"Feature","properties":{"linea":"7-1-85","palmas":44},"geometry":{"type":"LineString","coordinates":[[-72.995626,4.474783],[-72.998569,4.472907]]}},{"type":"Feature","properties":{"linea":"7-1-86","palmas":45},"geometry":{"type":"LineString","coordinates":[[-72.995561,4.474908],[-72.998572,4.472988]]}},{"type":"Feature","properties":{"linea":"7-1-87","palmas":45},"geometry":{"type":"LineString","coordinates":[[-72.995496,4.475033],[-72.998508,4.473113]]}},{"type":"Feature","properties":{"linea":"7-1-88","palmas":46},"geometry":{"type":"LineString","coordinates":[[-72.995431,4.475157],[-72.998511,4.473194]]}},{"type":"Feature","properties":{"linea":"7-1-89","palmas":46},"geometry":{"type":"LineString","coordinates":[[-72.995366,4.475283],[-72.998446,4.473319]]}},{"type":"Feature","properties":{"linea":"7-1-9","palmas":27},"geometry":{"type":"LineString","coordinates":[[-72.994719,4.471604],[-72.996588,4.472584]]}},{"type":"Feature","properties":{"linea":"7-1-90","palmas":47},"geometry":{"type":"LineString","coordinates":[[-72.995301,4.475407],[-72.998449,4.473401]]}},{"type":"Feature","properties":{"linea":"7-1-91","palmas":47},"geometry":{"type":"LineString","coordinates":[[-72.995236,4.475532],[-72.998384,4.473526]]}},{"type":"Feature","properties":{"linea":"7-1-92","palmas":47},"geometry":{"type":"LineString","coordinates":[[-72.995171,4.475657],[-72.998319,4.473651]]}},{"type":"Feature","properties":{"linea":"7-1-93","palmas":48},"geometry":{"type":"LineString","coordinates":[[-72.995106,4.475782],[-72.998323,4.473732]]}},{"type":"Feature","properties":{"linea":"7-1-94","palmas":48},"geometry":{"type":"LineString","coordinates":[[-72.995041,4.475907],[-72.998258,4.473857]]}},{"type":"Feature","properties":{"linea":"7-1-95","palmas":48},"geometry":{"type":"LineString","coordinates":[[-72.994976,4.476032],[-72.998193,4.473982]]}},{"type":"Feature","properties":{"linea":"7-1-96","palmas":49},"geometry":{"type":"LineString","coordinates":[[-72.994911,4.476157],[-72.998196,4.474063]]}},{"type":"Feature","properties":{"linea":"7-1-97","palmas":49},"geometry":{"type":"LineString","coordinates":[[-72.994846,4.476282],[-72.998131,4.474188]]}},{"type":"Feature","properties":{"linea":"7-1-98","palmas":49},"geometry":{"type":"LineString","coordinates":[[-72.994849,4.476363],[-72.998134,4.474269]]}},{"type":"Feature","properties":{"linea":"7-1-99","palmas":48},"geometry":{"type":"LineString","coordinates":[[-72.994853,4.476444],[-72.998069,4.474394]]}},{"type":"Feature","properties":{"linea":"7-2-10","palmas":12},"geometry":{"type":"LineString","coordinates":[[-72.992031,4.470981],[-72.992783,4.470501]]}},{"type":"Feature","properties":{"linea":"7-2-100","palmas":15},"geometry":{"type":"LineString","coordinates":[[-72.992406,4.478255],[-72.993365,4.477644]]}},{"type":"Feature","properties":{"linea":"7-2-102","palmas":2},"geometry":{"type":"LineString","coordinates":[[-72.993502,4.477557],[-72.99343,4.477519]]}},{"type":"Feature","properties":{"linea":"7-2-103","palmas":3},"geometry":{"type":"LineString","coordinates":[[-72.99357,4.477513],[-72.993426,4.477438]]}},{"type":"Feature","properties":{"linea":"7-2-104","palmas":4},"geometry":{"type":"LineString","coordinates":[[-72.993639,4.47747],[-72.993423,4.477357]]}},{"type":"Feature","properties":{"linea":"7-2-105","palmas":5},"geometry":{"type":"LineString","coordinates":[[-72.993707,4.477426],[-72.993419,4.477275]]}},{"type":"Feature","properties":{"linea":"7-2-106","palmas":6},"geometry":{"type":"LineString","coordinates":[[-72.993776,4.477382],[-72.993416,4.477194]]}},{"type":"Feature","properties":{"linea":"7-2-107","palmas":7},"geometry":{"type":"LineString","coordinates":[[-72.993844,4.477339],[-72.993413,4.477113]]}},{"type":"Feature","properties":{"linea":"7-2-108","palmas":8},"geometry":{"type":"LineString","coordinates":[[-72.993912,4.477295],[-72.993409,4.477031]]}},{"type":"Feature","properties":{"linea":"7-2-109","palmas":9},"geometry":{"type":"LineString","coordinates":[[-72.993981,4.477251],[-72.993406,4.47695]]}},{"type":"Feature","properties":{"linea":"7-2-11","palmas":13},"geometry":{"type":"LineString","coordinates":[[-72.992034,4.471063],[-72.992855,4.470539]]}},{"type":"Feature","properties":{"linea":"7-2-110","palmas":10},"geometry":{"type":"LineString","coordinates":[[-72.994049,4.477208],[-72.993403,4.476869]]}},{"type":"Feature","properties":{"linea":"7-2-111","palmas":11},"geometry":{"type":"LineString","coordinates":[[-72.994118,4.477164],[-72.993399,4.476788]]}},{"type":"Feature","properties":{"linea":"7-2-112","palmas":12},"geometry":{"type":"LineString","coordinates":[[-72.994186,4.477121],[-72.993396,4.476706]]}},{"type":"Feature","properties":{"linea":"7-2-113","palmas":13},"geometry":{"type":"LineString","coordinates":[[-72.994254,4.477077],[-72.993392,4.476625]]}},{"type":"Feature","properties":{"linea":"7-2-114","palmas":14},"geometry":{"type":"LineString","coordinates":[[-72.994323,4.477033],[-72.993389,4.476544]]}},{"type":"Feature","properties":{"linea":"7-2-115","palmas":15},"geometry":{"type":"LineString","coordinates":[[-72.994391,4.47699],[-72.993385,4.476462]]}},{"type":"Feature","properties":{"linea":"7-2-116","palmas":16},"geometry":{"type":"LineString","coordinates":[[-72.99446,4.476946],[-72.993382,4.476381]]}},{"type":"Feature","properties":{"linea":"7-2-117","palmas":17},"geometry":{"type":"LineString","coordinates":[[-72.994528,4.476903],[-72.993379,4.4763]]}},{"type":"Feature","properties":{"linea":"7-2-118","palmas":18},"geometry":{"type":"LineString","coordinates":[[-72.994597,4.476859],[-72.993375,4.476218]]}},{"type":"Feature","properties":{"linea":"7-2-119","palmas":18},"geometry":{"type":"LineString","coordinates":[[-72.994593,4.476777],[-72.993372,4.476137]]}},{"type":"Feature","properties":{"linea":"7-2-12","palmas":14},"geometry":{"type":"LineString","coordinates":[[-72.992037,4.471144],[-72.992927,4.470577]]}},{"type":"Feature","properties":{"linea":"7-2-120","palmas":18},"geometry":{"type":"LineString","coordinates":[[-72.99459,4.476696],[-72.993368,4.476056]]}},{"type":"Feature","properties":{"linea":"7-2-121","palmas":18},"geometry":{"type":"LineString","coordinates":[[-72.994587,4.476615],[-72.993365,4.475974]]}},{"type":"Feature","properties":{"linea":"7-2-122","palmas":18},"geometry":{"type":"LineString","coordinates":[[-72.994583,4.476534],[-72.993361,4.475893]]}},{"type":"Feature","properties":{"linea":"7-2-123","palmas":18},"geometry":{"type":"LineString","coordinates":[[-72.99458,4.476452],[-72.993358,4.475812]]}},{"type":"Feature","properties":{"linea":"7-2-124","palmas":18},"geometry":{"type":"LineString","coordinates":[[-72.994576,4.476371],[-72.993355,4.475731]]}},{"type":"Feature","properties":{"linea":"7-2-125","palmas":17},"geometry":{"type":"LineString","coordinates":[[-72.994573,4.47629],[-72.993423,4.475687]]}},{"type":"Feature","properties":{"linea":"7-2-126","palmas":16},"geometry":{"type":"LineString","coordinates":[[-72.994569,4.476209],[-72.993491,4.475643]]}},{"type":"Feature","properties":{"linea":"7-2-127","palmas":15},"geometry":{"type":"LineString","coordinates":[[-72.994566,4.476127],[-72.99356,4.4756]]}},{"type":"Feature","properties":{"linea":"7-2-128","palmas":14},"geometry":{"type":"LineString","coordinates":[[-72.994563,4.476046],[-72.993628,4.475556]]}},{"type":"Feature","properties":{"linea":"7-2-129","palmas":14},"geometry":{"type":"LineString","coordinates":[[-72.994559,4.475965],[-72.993625,4.475475]]}},{"type":"Feature","properties":{"linea":"7-2-13","palmas":15},"geometry":{"type":"LineString","coordinates":[[-72.992041,4.471225],[-72.992999,4.470614]]}},{"type":"Feature","properties":{"linea":"7-2-130","palmas":14},"geometry":{"type":"LineString","coordinates":[[-72.994556,4.475883],[-72.993622,4.475393]]}},{"type":"Feature","properties":{"linea":"7-2-131","palmas":14},"geometry":{"type":"LineString","coordinates":[[-72.994552,4.475802],[-72.993618,4.475312]]}},{"type":"Feature","properties":{"linea":"7-2-132","palmas":14},"geometry":{"type":"LineString","coordinates":[[-72.994549,4.475721],[-72.993615,4.475231]]}},{"type":"Feature","properties":{"linea":"7-2-133","palmas":14},"geometry":{"type":"LineString","coordinates":[[-72.994546,4.475639],[-72.993611,4.475149]]}},{"type":"Feature","properties":{"linea":"7-2-134","palmas":14},"geometry":{"type":"LineString","coordinates":[[-72.994614,4.475596],[-72.99368,4.475106]]}},{"type":"Feature","properties":{"linea":"7-2-135","palmas":14},"geometry":{"type":"LineString","coordinates":[[-72.994611,4.475514],[-72.993676,4.475025]]}},{"type":"Feature","properties":{"linea":"7-2-136","palmas":13},"geometry":{"type":"LineString","coordinates":[[-72.994607,4.475433],[-72.993745,4.474981]]}},{"type":"Feature","properties":{"linea":"7-2-137","palmas":13},"geometry":{"type":"LineString","coordinates":[[-72.994604,4.475352],[-72.993741,4.4749]]}},{"type":"Feature","properties":{"linea":"7-2-138","palmas":12},"geometry":{"type":"LineString","coordinates":[[-72.9946,4.475271],[-72.99381,4.474856]]}},{"type":"Feature","properties":{"linea":"7-2-139","palmas":12},"geometry":{"type":"LineString","coordinates":[[-72.994597,4.475189],[-72.993806,4.474775]]}},{"type":"Feature","properties":{"linea":"7-2-14","palmas":16},"geometry":{"type":"LineString","coordinates":[[-72.992044,4.471306],[-72.993071,4.470652]]}},{"type":"Feature","properties":{"linea":"7-2-140","palmas":11},"geometry":{"type":"LineString","coordinates":[[-72.994594,4.475108],[-72.993875,4.474731]]}},{"type":"Feature","properties":{"linea":"7-2-141","palmas":11},"geometry":{"type":"LineString","coordinates":[[-72.99459,4.475027],[-72.993871,4.47465]]}},{"type":"Feature","properties":{"linea":"7-2-142","palmas":10},"geometry":{"type":"LineString","coordinates":[[-72.994587,4.474945],[-72.99394,4.474606]]}},{"type":"Feature","properties":{"linea":"7-2-143","palmas":10},"geometry":{"type":"LineString","coordinates":[[-72.994583,4.474864],[-72.993936,4.474525]]}},{"type":"Feature","properties":{"linea":"7-2-144","palmas":9},"geometry":{"type":"LineString","coordinates":[[-72.99458,4.474783],[-72.994005,4.474481]]}},{"type":"Feature","properties":{"linea":"7-2-145","palmas":9},"geometry":{"type":"LineString","coordinates":[[-72.994576,4.474701],[-72.994001,4.4744]]}},{"type":"Feature","properties":{"linea":"7-2-146","palmas":8},"geometry":{"type":"LineString","coordinates":[[-72.994573,4.47462],[-72.99407,4.474356]]}},{"type":"Feature","properties":{"linea":"7-2-147","palmas":8},"geometry":{"type":"LineString","coordinates":[[-72.994569,4.474539],[-72.994066,4.474275]]}},{"type":"Feature","properties":{"linea":"7-2-148","palmas":8},"geometry":{"type":"LineString","coordinates":[[-72.994566,4.474457],[-72.994063,4.474194]]}},{"type":"Feature","properties":{"linea":"7-2-149","palmas":8},"geometry":{"type":"LineString","coordinates":[[-72.994563,4.474376],[-72.99406,4.474113]]}},{"type":"Feature","properties":{"linea":"7-2-15","palmas":17},"geometry":{"type":"LineString","coordinates":[[-72.992047,4.471388],[-72.993143,4.47069]]}},{"type":"Feature","properties":{"linea":"7-2-150","palmas":8},"geometry":{"type":"LineString","coordinates":[[-72.994559,4.474295],[-72.994056,4.474031]]}},{"type":"Feature","properties":{"linea":"7-2-151","palmas":8},"geometry":{"type":"LineString","coordinates":[[-72.994556,4.474214],[-72.994053,4.47395]]}},{"type":"Feature","properties":{"linea":"7-2-152","palmas":8},"geometry":{"type":"LineString","coordinates":[[-72.994552,4.474132],[-72.994049,4.473869]]}},{"type":"Feature","properties":{"linea":"7-2-153","palmas":8},"geometry":{"type":"LineString","coordinates":[[-72.994549,4.474051],[-72.994046,4.473787]]}},{"type":"Feature","properties":{"linea":"7-2-154","palmas":8},"geometry":{"type":"LineString","coordinates":[[-72.994546,4.47397],[-72.994043,4.473706]]}},{"type":"Feature","properties":{"linea":"7-2-155","palmas":8},"geometry":{"type":"LineString","coordinates":[[-72.994542,4.473888],[-72.994039,4.473625]]}},{"type":"Feature","properties":{"linea":"7-2-156","palmas":8},"geometry":{"type":"LineString","coordinates":[[-72.994539,4.473807],[-72.994036,4.473543]]}},{"type":"Feature","properties":{"linea":"7-2-157","palmas":8},"geometry":{"type":"LineString","coordinates":[[-72.994535,4.473726],[-72.994032,4.473462]]}},{"type":"Feature","properties":{"linea":"7-2-158","palmas":8},"geometry":{"type":"LineString","coordinates":[[-72.994532,4.473644],[-72.994029,4.473381]]}},{"type":"Feature","properties":{"linea":"7-2-159","palmas":8},"geometry":{"type":"LineString","coordinates":[[-72.994529,4.473563],[-72.994026,4.473299]]}},{"type":"Feature","properties":{"linea":"7-2-16","palmas":18},"geometry":{"type":"LineString","coordinates":[[-72.992051,4.471469],[-72.993215,4.470727]]}},{"type":"Feature","properties":{"linea":"7-2-160","palmas":8},"geometry":{"type":"LineString","coordinates":[[-72.994525,4.473482],[-72.994022,4.473218]]}},{"type":"Feature","properties":{"linea":"7-2-161","palmas":8},"geometry":{"type":"LineString","coordinates":[[-72.994522,4.473401],[-72.994019,4.473137]]}},{"type":"Feature","properties":{"linea":"7-2-162","palmas":8},"geometry":{"type":"LineString","coordinates":[[-72.994518,4.473319],[-72.994015,4.473056]]}},{"type":"Feature","properties":{"linea":"7-2-163","palmas":8},"geometry":{"type":"LineString","coordinates":[[-72.994515,4.473238],[-72.994012,4.472974]]}},{"type":"Feature","properties":{"linea":"7-2-164","palmas":8},"geometry":{"type":"LineString","coordinates":[[-72.994511,4.473157],[-72.994008,4.472893]]}},{"type":"Feature","properties":{"linea":"7-2-165","palmas":8},"geometry":{"type":"LineString","coordinates":[[-72.994508,4.473075],[-72.994005,4.472812]]}},{"type":"Feature","properties":{"linea":"7-2-166","palmas":8},"geometry":{"type":"LineString","coordinates":[[-72.994505,4.472994],[-72.994002,4.47273]]}},{"type":"Feature","properties":{"linea":"7-2-167","palmas":8},"geometry":{"type":"LineString","coordinates":[[-72.994501,4.472913],[-72.993998,4.472649]]}},{"type":"Feature","properties":{"linea":"7-2-168","palmas":8},"geometry":{"type":"LineString","coordinates":[[-72.994498,4.472831],[-72.993995,4.472568]]}},{"type":"Feature","properties":{"linea":"7-2-169","palmas":8},"geometry":{"type":"LineString","coordinates":[[-72.994494,4.47275],[-72.993991,4.472486]]}},{"type":"Feature","properties":{"linea":"7-2-17","palmas":20},"geometry":{"type":"LineString","coordinates":[[-72.992054,4.47155],[-72.993355,4.470722]]}},{"type":"Feature","properties":{"linea":"7-2-170","palmas":8},"geometry":{"type":"LineString","coordinates":[[-72.994491,4.472669],[-72.993988,4.472405]]}},{"type":"Feature","properties":{"linea":"7-2-171","palmas":8},"geometry":{"type":"LineString","coordinates":[[-72.994488,4.472588],[-72.993984,4.472324]]}},{"type":"Feature","properties":{"linea":"7-2-172","palmas":7},"geometry":{"type":"LineString","coordinates":[[-72.994484,4.472506],[-72.994053,4.47228]]}},{"type":"Feature","properties":{"linea":"7-2-173","palmas":7},"geometry":{"type":"LineString","coordinates":[[-72.994481,4.472425],[-72.994049,4.472199]]}},{"type":"Feature","properties":{"linea":"7-2-174","palmas":6},"geometry":{"type":"LineString","coordinates":[[-72.994477,4.472344],[-72.994118,4.472155]]}},{"type":"Feature","properties":{"linea":"7-2-175","palmas":6},"geometry":{"type":"LineString","coordinates":[[-72.994474,4.472263],[-72.994114,4.472074]]}},{"type":"Feature","properties":{"linea":"7-2-176","palmas":5},"geometry":{"type":"LineString","coordinates":[[-72.994471,4.472181],[-72.994183,4.47203]]}},{"type":"Feature","properties":{"linea":"7-2-177","palmas":5},"geometry":{"type":"LineString","coordinates":[[-72.994467,4.4721],[-72.99418,4.471949]]}},{"type":"Feature","properties":{"linea":"7-2-178","palmas":4},"geometry":{"type":"LineString","coordinates":[[-72.994464,4.472019],[-72.994248,4.471906]]}},{"type":"Feature","properties":{"linea":"7-2-179","palmas":4},"geometry":{"type":"LineString","coordinates":[[-72.99446,4.471937],[-72.994245,4.471824]]}},{"type":"Feature","properties":{"linea":"7-2-18","palmas":21},"geometry":{"type":"LineString","coordinates":[[-72.992058,4.471632],[-72.993427,4.470759]]}},{"type":"Feature","properties":{"linea":"7-2-180","palmas":3},"geometry":{"type":"LineString","coordinates":[[-72.994457,4.471856],[-72.994313,4.471781]]}},{"type":"Feature","properties":{"linea":"7-2-181","palmas":2},"geometry":{"type":"LineString","coordinates":[[-72.994453,4.471775],[-72.994381,4.471737]]}},{"type":"Feature","properties":{"linea":"7-2-184","palmas":33},"geometry":{"type":"LineString","coordinates":[[-72.992413,4.478417],[-72.994604,4.477021]]}},{"type":"Feature","properties":{"linea":"7-2-185","palmas":33},"geometry":{"type":"LineString","coordinates":[[-72.992417,4.478499],[-72.994607,4.477103]]}},{"type":"Feature","properties":{"linea":"7-2-186","palmas":33},"geometry":{"type":"LineString","coordinates":[[-72.99242,4.47858],[-72.994611,4.477184]]}},{"type":"Feature","properties":{"linea":"7-2-187","palmas":33},"geometry":{"type":"LineString","coordinates":[[-72.992424,4.478661],[-72.994614,4.477265]]}},{"type":"Feature","properties":{"linea":"7-2-188","palmas":33},"geometry":{"type":"LineString","coordinates":[[-72.992427,4.478743],[-72.994617,4.477347]]}},{"type":"Feature","properties":{"linea":"7-2-189","palmas":33},"geometry":{"type":"LineString","coordinates":[[-72.992431,4.478824],[-72.994621,4.477428]]}},{"type":"Feature","properties":{"linea":"7-2-19","palmas":22},"geometry":{"type":"LineString","coordinates":[[-72.992061,4.471713],[-72.993499,4.470797]]}},{"type":"Feature","properties":{"linea":"7-2-190","palmas":30},"geometry":{"type":"LineString","coordinates":[[-72.992434,4.478905],[-72.994624,4.477509]]}},{"type":"Feature","properties":{"linea":"7-2-191","palmas":28},"geometry":{"type":"LineString","coordinates":[[-72.992437,4.478986],[-72.994628,4.477591]]}},{"type":"Feature","properties":{"linea":"7-2-192","palmas":26},"geometry":{"type":"LineString","coordinates":[[-72.992441,4.479068],[-72.994631,4.477672]]}},{"type":"Feature","properties":{"linea":"7-2-193","palmas":24},"geometry":{"type":"LineString","coordinates":[[-72.992444,4.479149],[-72.994634,4.477753]]}},{"type":"Feature","properties":{"linea":"7-2-194","palmas":22},"geometry":{"type":"LineString","coordinates":[[-72.992447,4.47923],[-72.994638,4.477834]]}},{"type":"Feature","properties":{"linea":"7-2-195","palmas":20},"geometry":{"type":"LineString","coordinates":[[-72.992451,4.479312],[-72.994641,4.477916]]}},{"type":"Feature","properties":{"linea":"7-2-196","palmas":18},"geometry":{"type":"LineString","coordinates":[[-72.992454,4.479393],[-72.993618,4.478651]]}},{"type":"Feature","properties":{"linea":"7-2-197","palmas":18},"geometry":{"type":"LineString","coordinates":[[-72.992458,4.479474],[-72.993621,4.478733]]}},{"type":"Feature","properties":{"linea":"7-2-198","palmas":18},"geometry":{"type":"LineString","coordinates":[[-72.992461,4.479556],[-72.993625,4.478814]]}},{"type":"Feature","properties":{"linea":"7-2-199","palmas":18},"geometry":{"type":"LineString","coordinates":[[-72.992465,4.479637],[-72.993628,4.478895]]}},{"type":"Feature","properties":{"linea":"7-2-2","palmas":2},"geometry":{"type":"LineString","coordinates":[[-72.992003,4.470331],[-72.992072,4.470287]]}},{"type":"Feature","properties":{"linea":"7-2-20","palmas":23},"geometry":{"type":"LineString","coordinates":[[-72.992065,4.471794],[-72.993571,4.470835]]}},{"type":"Feature","properties":{"linea":"7-2-200","palmas":18},"geometry":{"type":"LineString","coordinates":[[-72.992468,4.479718],[-72.993632,4.478977]]}},{"type":"Feature","properties":{"linea":"7-2-201","palmas":18},"geometry":{"type":"LineString","coordinates":[[-72.992471,4.479799],[-72.993635,4.479058]]}},{"type":"Feature","properties":{"linea":"7-2-202","palmas":18},"geometry":{"type":"LineString","coordinates":[[-72.992475,4.479881],[-72.993638,4.479139]]}},{"type":"Feature","properties":{"linea":"7-2-203","palmas":18},"geometry":{"type":"LineString","coordinates":[[-72.992478,4.479962],[-72.993642,4.479221]]}},{"type":"Feature","properties":{"linea":"7-2-204","palmas":18},"geometry":{"type":"LineString","coordinates":[[-72.992482,4.480043],[-72.993645,4.479302]]}},{"type":"Feature","properties":{"linea":"7-2-205","palmas":18},"geometry":{"type":"LineString","coordinates":[[-72.992485,4.480125],[-72.993649,4.479383]]}},{"type":"Feature","properties":{"linea":"7-2-206","palmas":18},"geometry":{"type":"LineString","coordinates":[[-72.992489,4.480206],[-72.993652,4.479464]]}},{"type":"Feature","properties":{"linea":"7-2-207","palmas":18},"geometry":{"type":"LineString","coordinates":[[-72.992492,4.480287],[-72.993656,4.479546]]}},{"type":"Feature","properties":{"linea":"7-2-208","palmas":18},"geometry":{"type":"LineString","coordinates":[[-72.992495,4.480369],[-72.993659,4.479627]]}},{"type":"Feature","properties":{"linea":"7-2-209","palmas":18},"geometry":{"type":"LineString","coordinates":[[-72.992499,4.48045],[-72.993662,4.479708]]}},{"type":"Feature","properties":{"linea":"7-2-21","palmas":24},"geometry":{"type":"LineString","coordinates":[[-72.992068,4.471876],[-72.993643,4.470872]]}},{"type":"Feature","properties":{"linea":"7-2-210","palmas":18},"geometry":{"type":"LineString","coordinates":[[-72.992502,4.480531],[-72.993666,4.47979]]}},{"type":"Feature","properties":{"linea":"7-2-211","palmas":18},"geometry":{"type":"LineString","coordinates":[[-72.992506,4.480613],[-72.993669,4.479871]]}},{"type":"Feature","properties":{"linea":"7-2-212","palmas":18},"geometry":{"type":"LineString","coordinates":[[-72.992509,4.480694],[-72.993673,4.479952]]}},{"type":"Feature","properties":{"linea":"7-2-213","palmas":18},"geometry":{"type":"LineString","coordinates":[[-72.992513,4.480775],[-72.993676,4.480034]]}},{"type":"Feature","properties":{"linea":"7-2-214","palmas":18},"geometry":{"type":"LineString","coordinates":[[-72.992516,4.480856],[-72.993679,4.480115]]}},{"type":"Feature","properties":{"linea":"7-2-215","palmas":18},"geometry":{"type":"LineString","coordinates":[[-72.992519,4.480938],[-72.993683,4.480196]]}},{"type":"Feature","properties":{"linea":"7-2-216","palmas":18},"geometry":{"type":"LineString","coordinates":[[-72.992523,4.481019],[-72.993686,4.480277]]}},{"type":"Feature","properties":{"linea":"7-2-217","palmas":18},"geometry":{"type":"LineString","coordinates":[[-72.992526,4.4811],[-72.99369,4.480359]]}},{"type":"Feature","properties":{"linea":"7-2-218","palmas":18},"geometry":{"type":"LineString","coordinates":[[-72.992529,4.481182],[-72.993693,4.48044]]}},{"type":"Feature","properties":{"linea":"7-2-219","palmas":18},"geometry":{"type":"LineString","coordinates":[[-72.992533,4.481263],[-72.993696,4.480521]]}},{"type":"Feature","properties":{"linea":"7-2-22","palmas":25},"geometry":{"type":"LineString","coordinates":[[-72.992072,4.471957],[-72.993714,4.47091]]}},{"type":"Feature","properties":{"linea":"7-2-220","palmas":18},"geometry":{"type":"LineString","coordinates":[[-72.992536,4.481344],[-72.9937,4.480603]]}},{"type":"Feature","properties":{"linea":"7-2-221","palmas":18},"geometry":{"type":"LineString","coordinates":[[-72.99254,4.481426],[-72.993703,4.480684]]}},{"type":"Feature","properties":{"linea":"7-2-222","palmas":18},"geometry":{"type":"LineString","coordinates":[[-72.992543,4.481507],[-72.993707,4.480765]]}},{"type":"Feature","properties":{"linea":"7-2-224","palmas":2},"geometry":{"type":"LineString","coordinates":[[-72.993912,4.480634],[-72.99384,4.480597]]}},{"type":"Feature","properties":{"linea":"7-2-225","palmas":3},"geometry":{"type":"LineString","coordinates":[[-72.993981,4.480591],[-72.993837,4.480516]]}},{"type":"Feature","properties":{"linea":"7-2-226","palmas":4},"geometry":{"type":"LineString","coordinates":[[-72.994049,4.480547],[-72.993833,4.480434]]}},{"type":"Feature","properties":{"linea":"7-2-227","palmas":5},"geometry":{"type":"LineString","coordinates":[[-72.994118,4.480504],[-72.99383,4.480353]]}},{"type":"Feature","properties":{"linea":"7-2-228","palmas":6},"geometry":{"type":"LineString","coordinates":[[-72.994186,4.48046],[-72.993827,4.480271]]}},{"type":"Feature","properties":{"linea":"7-2-229","palmas":7},"geometry":{"type":"LineString","coordinates":[[-72.994254,4.480416],[-72.993823,4.48019]]}},{"type":"Feature","properties":{"linea":"7-2-23","palmas":26},"geometry":{"type":"LineString","coordinates":[[-72.992075,4.472038],[-72.993786,4.470948]]}},{"type":"Feature","properties":{"linea":"7-2-230","palmas":8},"geometry":{"type":"LineString","coordinates":[[-72.994323,4.480373],[-72.99382,4.480109]]}},{"type":"Feature","properties":{"linea":"7-2-231","palmas":9},"geometry":{"type":"LineString","coordinates":[[-72.994391,4.480329],[-72.993816,4.480028]]}},{"type":"Feature","properties":{"linea":"7-2-232","palmas":10},"geometry":{"type":"LineString","coordinates":[[-72.99446,4.480286],[-72.993813,4.479946]]}},{"type":"Feature","properties":{"linea":"7-2-233","palmas":11},"geometry":{"type":"LineString","coordinates":[[-72.994528,4.480242],[-72.993809,4.479865]]}},{"type":"Feature","properties":{"linea":"7-2-234","palmas":12},"geometry":{"type":"LineString","coordinates":[[-72.994597,4.480198],[-72.993806,4.479784]]}},{"type":"Feature","properties":{"linea":"7-2-235","palmas":13},"geometry":{"type":"LineString","coordinates":[[-72.994665,4.480154],[-72.993803,4.479703]]}},{"type":"Feature","properties":{"linea":"7-2-236","palmas":13},"geometry":{"type":"LineString","coordinates":[[-72.994662,4.480073],[-72.993799,4.479621]]}},{"type":"Feature","properties":{"linea":"7-2-237","palmas":13},"geometry":{"type":"LineString","coordinates":[[-72.994658,4.479992],[-72.993796,4.47954]]}},{"type":"Feature","properties":{"linea":"7-2-238","palmas":13},"geometry":{"type":"LineString","coordinates":[[-72.994655,4.479911],[-72.993792,4.479459]]}},{"type":"Feature","properties":{"linea":"7-2-239","palmas":13},"geometry":{"type":"LineString","coordinates":[[-72.994651,4.479829],[-72.993789,4.479377]]}},{"type":"Feature","properties":{"linea":"7-2-24","palmas":28},"geometry":{"type":"LineString","coordinates":[[-72.992078,4.472119],[-72.993926,4.470942]]}},{"type":"Feature","properties":{"linea":"7-2-240","palmas":13},"geometry":{"type":"LineString","coordinates":[[-72.994648,4.479748],[-72.993786,4.479296]]}},{"type":"Feature","properties":{"linea":"7-2-241","palmas":13},"geometry":{"type":"LineString","coordinates":[[-72.994644,4.479667],[-72.993782,4.479215]]}},{"type":"Feature","properties":{"linea":"7-2-242","palmas":13},"geometry":{"type":"LineString","coordinates":[[-72.994641,4.479586],[-72.993779,4.479133]]}},{"type":"Feature","properties":{"linea":"7-2-243","palmas":13},"geometry":{"type":"LineString","coordinates":[[-72.994638,4.479504],[-72.993775,4.479052]]}},{"type":"Feature","properties":{"linea":"7-2-244","palmas":13},"geometry":{"type":"LineString","coordinates":[[-72.994634,4.479423],[-72.993772,4.478971]]}},{"type":"Feature","properties":{"linea":"7-2-245","palmas":13},"geometry":{"type":"LineString","coordinates":[[-72.994631,4.479342],[-72.993769,4.478889]]}},{"type":"Feature","properties":{"linea":"7-2-246","palmas":13},"geometry":{"type":"LineString","coordinates":[[-72.994628,4.47926],[-72.993765,4.478808]]}},{"type":"Feature","properties":{"linea":"7-2-247","palmas":13},"geometry":{"type":"LineString","coordinates":[[-72.994624,4.479179],[-72.993762,4.478727]]}},{"type":"Feature","properties":{"linea":"7-2-248","palmas":13},"geometry":{"type":"LineString","coordinates":[[-72.994621,4.479098],[-72.993758,4.478646]]}},{"type":"Feature","properties":{"linea":"7-2-249","palmas":13},"geometry":{"type":"LineString","coordinates":[[-72.994617,4.479016],[-72.993755,4.478564]]}},{"type":"Feature","properties":{"linea":"7-2-25","palmas":29},"geometry":{"type":"LineString","coordinates":[[-72.992082,4.472201],[-72.993998,4.470979]]}},{"type":"Feature","properties":{"linea":"7-2-250","palmas":13},"geometry":{"type":"LineString","coordinates":[[-72.994614,4.478935],[-72.993751,4.478483]]}},{"type":"Feature","properties":{"linea":"7-2-251","palmas":13},"geometry":{"type":"LineString","coordinates":[[-72.99461,4.478854],[-72.993748,4.478402]]}},{"type":"Feature","properties":{"linea":"7-2-252","palmas":13},"geometry":{"type":"LineString","coordinates":[[-72.994607,4.478772],[-72.993744,4.47832]]}},{"type":"Feature","properties":{"linea":"7-2-253","palmas":13},"geometry":{"type":"LineString","coordinates":[[-72.994604,4.478691],[-72.993741,4.478239]]}},{"type":"Feature","properties":{"linea":"7-2-254","palmas":14},"geometry":{"type":"LineString","coordinates":[[-72.994672,4.478648],[-72.993738,4.478158]]}},{"type":"Feature","properties":{"linea":"7-2-255","palmas":14},"geometry":{"type":"LineString","coordinates":[[-72.994669,4.478566],[-72.993734,4.478076]]}},{"type":"Feature","properties":{"linea":"7-2-256","palmas":12},"geometry":{"type":"LineString","coordinates":[[-72.994665,4.478485],[-72.993875,4.478071]]}},{"type":"Feature","properties":{"linea":"7-2-257","palmas":10},"geometry":{"type":"LineString","coordinates":[[-72.994662,4.478404],[-72.994015,4.478064]]}},{"type":"Feature","properties":{"linea":"7-2-258","palmas":8},"geometry":{"type":"LineString","coordinates":[[-72.994658,4.478322],[-72.994155,4.478059]]}},{"type":"Feature","properties":{"linea":"7-2-259","palmas":6},"geometry":{"type":"LineString","coordinates":[[-72.994655,4.478241],[-72.994296,4.478053]]}},{"type":"Feature","properties":{"linea":"7-2-26","palmas":30},"geometry":{"type":"LineString","coordinates":[[-72.992085,4.472282],[-72.99407,4.471017]]}},{"type":"Feature","properties":{"linea":"7-2-260","palmas":4},"geometry":{"type":"LineString","coordinates":[[-72.994651,4.47816],[-72.994436,4.478047]]}},{"type":"Feature","properties":{"linea":"7-2-261","palmas":2},"geometry":{"type":"LineString","coordinates":[[-72.994648,4.478078],[-72.994576,4.478041]]}},{"type":"Feature","properties":{"linea":"7-2-262","palmas":32},"geometry":{"type":"LineString","coordinates":[[-72.992547,4.481588],[-72.994668,4.480236]]}},{"type":"Feature","properties":{"linea":"7-2-263","palmas":32},"geometry":{"type":"LineString","coordinates":[[-72.99255,4.481669],[-72.994672,4.480317]]}},{"type":"Feature","properties":{"linea":"7-2-264","palmas":32},"geometry":{"type":"LineString","coordinates":[[-72.992553,4.481751],[-72.994675,4.480399]]}},{"type":"Feature","properties":{"linea":"7-2-265","palmas":32},"geometry":{"type":"LineString","coordinates":[[-72.992557,4.481832],[-72.994679,4.48048]]}},{"type":"Feature","properties":{"linea":"7-2-266","palmas":32},"geometry":{"type":"LineString","coordinates":[[-72.99256,4.481913],[-72.994682,4.480561]]}},{"type":"Feature","properties":{"linea":"7-2-267","palmas":32},"geometry":{"type":"LineString","coordinates":[[-72.992564,4.481995],[-72.994686,4.480643]]}},{"type":"Feature","properties":{"linea":"7-2-268","palmas":32},"geometry":{"type":"LineString","coordinates":[[-72.992567,4.482076],[-72.994689,4.480724]]}},{"type":"Feature","properties":{"linea":"7-2-269","palmas":32},"geometry":{"type":"LineString","coordinates":[[-72.992571,4.482157],[-72.994692,4.480805]]}},{"type":"Feature","properties":{"linea":"7-2-27","palmas":31},"geometry":{"type":"LineString","coordinates":[[-72.992089,4.472363],[-72.994142,4.471055]]}},{"type":"Feature","properties":{"linea":"7-2-270","palmas":32},"geometry":{"type":"LineString","coordinates":[[-72.992574,4.482239],[-72.994696,4.480886]]}},{"type":"Feature","properties":{"linea":"7-2-271","palmas":32},"geometry":{"type":"LineString","coordinates":[[-72.992577,4.48232],[-72.994699,4.480968]]}},{"type":"Feature","properties":{"linea":"7-2-272","palmas":32},"geometry":{"type":"LineString","coordinates":[[-72.992581,4.482401],[-72.994703,4.481049]]}},{"type":"Feature","properties":{"linea":"7-2-273","palmas":32},"geometry":{"type":"LineString","coordinates":[[-72.992584,4.482482],[-72.994706,4.48113]]}},{"type":"Feature","properties":{"linea":"7-2-274","palmas":32},"geometry":{"type":"LineString","coordinates":[[-72.992587,4.482564],[-72.994709,4.481211]]}},{"type":"Feature","properties":{"linea":"7-2-275","palmas":32},"geometry":{"type":"LineString","coordinates":[[-72.992591,4.482645],[-72.994713,4.481293]]}},{"type":"Feature","properties":{"linea":"7-2-276","palmas":32},"geometry":{"type":"LineString","coordinates":[[-72.992594,4.482726],[-72.994716,4.481374]]}},{"type":"Feature","properties":{"linea":"7-2-277","palmas":32},"geometry":{"type":"LineString","coordinates":[[-72.992598,4.482808],[-72.99472,4.481455]]}},{"type":"Feature","properties":{"linea":"7-2-278","palmas":32},"geometry":{"type":"LineString","coordinates":[[-72.992601,4.482889],[-72.994723,4.481537]]}},{"type":"Feature","properties":{"linea":"7-2-279","palmas":29},"geometry":{"type":"LineString","coordinates":[[-72.992605,4.48297],[-72.994521,4.481749]]}},{"type":"Feature","properties":{"linea":"7-2-28","palmas":32},"geometry":{"type":"LineString","coordinates":[[-72.992092,4.472445],[-72.994214,4.471093]]}},{"type":"Feature","properties":{"linea":"7-2-280","palmas":28},"geometry":{"type":"LineString","coordinates":[[-72.992608,4.483052],[-72.994456,4.481874]]}},{"type":"Feature","properties":{"linea":"7-2-281","palmas":28},"geometry":{"type":"LineString","coordinates":[[-72.992611,4.483133],[-72.994459,4.481955]]}},{"type":"Feature","properties":{"linea":"7-2-282","palmas":28},"geometry":{"type":"LineString","coordinates":[[-72.992615,4.483214],[-72.994463,4.482036]]}},{"type":"Feature","properties":{"linea":"7-2-283","palmas":28},"geometry":{"type":"LineString","coordinates":[[-72.992618,4.483296],[-72.994466,4.482118]]}},{"type":"Feature","properties":{"linea":"7-2-284","palmas":28},"geometry":{"type":"LineString","coordinates":[[-72.992622,4.483377],[-72.99447,4.482199]]}},{"type":"Feature","properties":{"linea":"7-2-285","palmas":28},"geometry":{"type":"LineString","coordinates":[[-72.992625,4.483458],[-72.994473,4.48228]]}},{"type":"Feature","properties":{"linea":"7-2-286","palmas":28},"geometry":{"type":"LineString","coordinates":[[-72.992629,4.483539],[-72.994477,4.482362]]}},{"type":"Feature","properties":{"linea":"7-2-287","palmas":28},"geometry":{"type":"LineString","coordinates":[[-72.992632,4.483621],[-72.99448,4.482443]]}},{"type":"Feature","properties":{"linea":"7-2-288","palmas":28},"geometry":{"type":"LineString","coordinates":[[-72.992636,4.483702],[-72.994484,4.482524]]}},{"type":"Feature","properties":{"linea":"7-2-289","palmas":28},"geometry":{"type":"LineString","coordinates":[[-72.992639,4.483783],[-72.994487,4.482606]]}},{"type":"Feature","properties":{"linea":"7-2-29","palmas":33},"geometry":{"type":"LineString","coordinates":[[-72.992096,4.472526],[-72.994286,4.47113]]}},{"type":"Feature","properties":{"linea":"7-2-290","palmas":28},"geometry":{"type":"LineString","coordinates":[[-72.992642,4.483864],[-72.99449,4.482687]]}},{"type":"Feature","properties":{"linea":"7-2-291","palmas":28},"geometry":{"type":"LineString","coordinates":[[-72.992646,4.483946],[-72.994494,4.482768]]}},{"type":"Feature","properties":{"linea":"7-2-292","palmas":28},"geometry":{"type":"LineString","coordinates":[[-72.992649,4.484027],[-72.994497,4.482849]]}},{"type":"Feature","properties":{"linea":"7-2-293","palmas":28},"geometry":{"type":"LineString","coordinates":[[-72.992653,4.484108],[-72.994501,4.482931]]}},{"type":"Feature","properties":{"linea":"7-2-294","palmas":28},"geometry":{"type":"LineString","coordinates":[[-72.992656,4.48419],[-72.994504,4.483012]]}},{"type":"Feature","properties":{"linea":"7-2-295","palmas":28},"geometry":{"type":"LineString","coordinates":[[-72.992659,4.484271],[-72.994507,4.483093]]}},{"type":"Feature","properties":{"linea":"7-2-296","palmas":28},"geometry":{"type":"LineString","coordinates":[[-72.992663,4.484352],[-72.994511,4.483175]]}},{"type":"Feature","properties":{"linea":"7-2-297","palmas":28},"geometry":{"type":"LineString","coordinates":[[-72.992666,4.484434],[-72.994514,4.483256]]}},{"type":"Feature","properties":{"linea":"7-2-298","palmas":28},"geometry":{"type":"LineString","coordinates":[[-72.99267,4.484515],[-72.994518,4.483337]]}},{"type":"Feature","properties":{"linea":"7-2-299","palmas":27},"geometry":{"type":"LineString","coordinates":[[-72.992673,4.484596],[-72.994452,4.483462]]}},{"type":"Feature","properties":{"linea":"7-2-3","palmas":3},"geometry":{"type":"LineString","coordinates":[[-72.992007,4.470412],[-72.992144,4.470325]]}},{"type":"Feature","properties":{"linea":"7-2-30","palmas":34},"geometry":{"type":"LineString","coordinates":[[-72.992099,4.472607],[-72.994358,4.471168]]}},{"type":"Feature","properties":{"linea":"7-2-300","palmas":26},"geometry":{"type":"LineString","coordinates":[[-72.992676,4.484678],[-72.994388,4.483587]]}},{"type":"Feature","properties":{"linea":"7-2-301","palmas":25},"geometry":{"type":"LineString","coordinates":[[-72.99268,4.484759],[-72.994322,4.483712]]}},{"type":"Feature","properties":{"linea":"7-2-302","palmas":24},"geometry":{"type":"LineString","coordinates":[[-72.992683,4.48484],[-72.994258,4.483837]]}},{"type":"Feature","properties":{"linea":"7-2-303","palmas":24},"geometry":{"type":"LineString","coordinates":[[-72.992687,4.484921],[-72.994261,4.483918]]}},{"type":"Feature","properties":{"linea":"7-2-304","palmas":23},"geometry":{"type":"LineString","coordinates":[[-72.992759,4.484959],[-72.994264,4.483999]]}},{"type":"Feature","properties":{"linea":"7-2-305","palmas":24},"geometry":{"type":"LineString","coordinates":[[-72.992694,4.485084],[-72.994268,4.484081]]}},{"type":"Feature","properties":{"linea":"7-2-306","palmas":24},"geometry":{"type":"LineString","coordinates":[[-72.992697,4.485165],[-72.994271,4.484162]]}},{"type":"Feature","properties":{"linea":"7-2-307","palmas":24},"geometry":{"type":"LineString","coordinates":[[-72.9927,4.485247],[-72.994275,4.484243]]}},{"type":"Feature","properties":{"linea":"7-2-308","palmas":24},"geometry":{"type":"LineString","coordinates":[[-72.992704,4.485328],[-72.994278,4.484325]]}},{"type":"Feature","properties":{"linea":"7-2-309","palmas":24},"geometry":{"type":"LineString","coordinates":[[-72.992707,4.485409],[-72.994281,4.484406]]}},{"type":"Feature","properties":{"linea":"7-2-31","palmas":35},"geometry":{"type":"LineString","coordinates":[[-72.992102,4.472689],[-72.994429,4.471206]]}},{"type":"Feature","properties":{"linea":"7-2-310","palmas":24},"geometry":{"type":"LineString","coordinates":[[-72.992711,4.485491],[-72.994285,4.484487]]}},{"type":"Feature","properties":{"linea":"7-2-311","palmas":24},"geometry":{"type":"LineString","coordinates":[[-72.992714,4.485572],[-72.994288,4.484569]]}},{"type":"Feature","properties":{"linea":"7-2-312","palmas":24},"geometry":{"type":"LineString","coordinates":[[-72.992717,4.485653],[-72.994292,4.48465]]}},{"type":"Feature","properties":{"linea":"7-2-313","palmas":24},"geometry":{"type":"LineString","coordinates":[[-72.992721,4.485734],[-72.994295,4.484731]]}},{"type":"Feature","properties":{"linea":"7-2-314","palmas":24},"geometry":{"type":"LineString","coordinates":[[-72.992724,4.485816],[-72.994299,4.484813]]}},{"type":"Feature","properties":{"linea":"7-2-315","palmas":24},"geometry":{"type":"LineString","coordinates":[[-72.992728,4.485897],[-72.994302,4.484894]]}},{"type":"Feature","properties":{"linea":"7-2-316","palmas":24},"geometry":{"type":"LineString","coordinates":[[-72.992731,4.485978],[-72.994305,4.484975]]}},{"type":"Feature","properties":{"linea":"7-2-317","palmas":24},"geometry":{"type":"LineString","coordinates":[[-72.992734,4.48606],[-72.994309,4.485056]]}},{"type":"Feature","properties":{"linea":"7-2-318","palmas":24},"geometry":{"type":"LineString","coordinates":[[-72.992738,4.486141],[-72.994312,4.485138]]}},{"type":"Feature","properties":{"linea":"7-2-319","palmas":24},"geometry":{"type":"LineString","coordinates":[[-72.992741,4.486222],[-72.994316,4.485219]]}},{"type":"Feature","properties":{"linea":"7-2-32","palmas":35},"geometry":{"type":"LineString","coordinates":[[-72.992106,4.47277],[-72.994433,4.471287]]}},{"type":"Feature","properties":{"linea":"7-2-320","palmas":24},"geometry":{"type":"LineString","coordinates":[[-72.992745,4.486304],[-72.994319,4.4853]]}},{"type":"Feature","properties":{"linea":"7-2-321","palmas":22},"geometry":{"type":"LineString","coordinates":[[-72.992885,4.486298],[-72.994322,4.485382]]}},{"type":"Feature","properties":{"linea":"7-2-322","palmas":20},"geometry":{"type":"LineString","coordinates":[[-72.993025,4.486292],[-72.994326,4.485463]]}},{"type":"Feature","properties":{"linea":"7-2-323","palmas":18},"geometry":{"type":"LineString","coordinates":[[-72.993166,4.486286],[-72.994329,4.485544]]}},{"type":"Feature","properties":{"linea":"7-2-324","palmas":16},"geometry":{"type":"LineString","coordinates":[[-72.993306,4.48628],[-72.994333,4.485626]]}},{"type":"Feature","properties":{"linea":"7-2-325","palmas":14},"geometry":{"type":"LineString","coordinates":[[-72.993446,4.486274],[-72.994336,4.485707]]}},{"type":"Feature","properties":{"linea":"7-2-326","palmas":11},"geometry":{"type":"LineString","coordinates":[[-72.993587,4.486268],[-72.994271,4.485832]]}},{"type":"Feature","properties":{"linea":"7-2-327","palmas":8},"geometry":{"type":"LineString","coordinates":[[-72.993727,4.486262],[-72.994206,4.485957]]}},{"type":"Feature","properties":{"linea":"7-2-328","palmas":5},"geometry":{"type":"LineString","coordinates":[[-72.993867,4.486256],[-72.994141,4.486082]]}},{"type":"Feature","properties":{"linea":"7-2-329","palmas":2},"geometry":{"type":"LineString","coordinates":[[-72.994007,4.48625],[-72.994076,4.486206]]}},{"type":"Feature","properties":{"linea":"7-2-33","palmas":35},"geometry":{"type":"LineString","coordinates":[[-72.992109,4.472851],[-72.994436,4.471368]]}},{"type":"Feature","properties":{"linea":"7-2-331","palmas":2},"geometry":{"type":"LineString","coordinates":[[-72.994216,4.486201],[-72.994288,4.486238]]}},{"type":"Feature","properties":{"linea":"7-2-332","palmas":4},"geometry":{"type":"LineString","coordinates":[[-72.994213,4.486119],[-72.994429,4.486232]]}},{"type":"Feature","properties":{"linea":"7-2-333","palmas":5},"geometry":{"type":"LineString","coordinates":[[-72.994281,4.486076],[-72.994569,4.486226]]}},{"type":"Feature","properties":{"linea":"7-2-334","palmas":7},"geometry":{"type":"LineString","coordinates":[[-72.994278,4.485994],[-72.994709,4.486221]]}},{"type":"Feature","properties":{"linea":"7-2-335","palmas":7},"geometry":{"type":"LineString","coordinates":[[-72.994346,4.485951],[-72.994777,4.486177]]}},{"type":"Feature","properties":{"linea":"7-2-336","palmas":8},"geometry":{"type":"LineString","coordinates":[[-72.994343,4.485869],[-72.994846,4.486133]]}},{"type":"Feature","properties":{"linea":"7-2-337","palmas":7},"geometry":{"type":"LineString","coordinates":[[-72.994411,4.485826],[-72.994843,4.486052]]}},{"type":"Feature","properties":{"linea":"7-2-338","palmas":7},"geometry":{"type":"LineString","coordinates":[[-72.994408,4.485744],[-72.994839,4.485971]]}},{"type":"Feature","properties":{"linea":"7-2-339","palmas":6},"geometry":{"type":"LineString","coordinates":[[-72.994476,4.485701],[-72.994836,4.485889]]}},{"type":"Feature","properties":{"linea":"7-2-34","palmas":34},"geometry":{"type":"LineString","coordinates":[[-72.992113,4.472932],[-72.994371,4.471493]]}},{"type":"Feature","properties":{"linea":"7-2-340","palmas":6},"geometry":{"type":"LineString","coordinates":[[-72.994473,4.48562],[-72.994832,4.485808]]}},{"type":"Feature","properties":{"linea":"7-2-341","palmas":6},"geometry":{"type":"LineString","coordinates":[[-72.99447,4.485538],[-72.994829,4.485727]]}},{"type":"Feature","properties":{"linea":"7-2-342","palmas":6},"geometry":{"type":"LineString","coordinates":[[-72.994466,4.485457],[-72.994826,4.485645]]}},{"type":"Feature","properties":{"linea":"7-2-343","palmas":7},"geometry":{"type":"LineString","coordinates":[[-72.994463,4.485376],[-72.994894,4.485602]]}},{"type":"Feature","properties":{"linea":"7-2-344","palmas":7},"geometry":{"type":"LineString","coordinates":[[-72.994459,4.485294],[-72.994891,4.485521]]}},{"type":"Feature","properties":{"linea":"7-2-345","palmas":7},"geometry":{"type":"LineString","coordinates":[[-72.994456,4.485213],[-72.994887,4.485439]]}},{"type":"Feature","properties":{"linea":"7-2-346","palmas":7},"geometry":{"type":"LineString","coordinates":[[-72.994452,4.485132],[-72.994884,4.485358]]}},{"type":"Feature","properties":{"linea":"7-2-347","palmas":7},"geometry":{"type":"LineString","coordinates":[[-72.994449,4.485051],[-72.99488,4.485277]]}},{"type":"Feature","properties":{"linea":"7-2-348","palmas":7},"geometry":{"type":"LineString","coordinates":[[-72.994446,4.484969],[-72.994877,4.485195]]}},{"type":"Feature","properties":{"linea":"7-2-349","palmas":7},"geometry":{"type":"LineString","coordinates":[[-72.994442,4.484888],[-72.994873,4.485114]]}},{"type":"Feature","properties":{"linea":"7-2-35","palmas":32},"geometry":{"type":"LineString","coordinates":[[-72.992116,4.473014],[-72.994238,4.471662]]}},{"type":"Feature","properties":{"linea":"7-2-350","palmas":7},"geometry":{"type":"LineString","coordinates":[[-72.994439,4.484807],[-72.99487,4.485033]]}},{"type":"Feature","properties":{"linea":"7-2-351","palmas":7},"geometry":{"type":"LineString","coordinates":[[-72.994436,4.484725],[-72.994867,4.484951]]}},{"type":"Feature","properties":{"linea":"7-2-352","palmas":7},"geometry":{"type":"LineString","coordinates":[[-72.994432,4.484644],[-72.994863,4.48487]]}},{"type":"Feature","properties":{"linea":"7-2-353","palmas":7},"geometry":{"type":"LineString","coordinates":[[-72.994429,4.484563],[-72.99486,4.484789]]}},{"type":"Feature","properties":{"linea":"7-2-354","palmas":7},"geometry":{"type":"LineString","coordinates":[[-72.994425,4.484481],[-72.994856,4.484707]]}},{"type":"Feature","properties":{"linea":"7-2-355","palmas":7},"geometry":{"type":"LineString","coordinates":[[-72.994422,4.4844],[-72.994853,4.484626]]}},{"type":"Feature","properties":{"linea":"7-2-356","palmas":7},"geometry":{"type":"LineString","coordinates":[[-72.994418,4.484319],[-72.994849,4.484545]]}},{"type":"Feature","properties":{"linea":"7-2-357","palmas":7},"geometry":{"type":"LineString","coordinates":[[-72.994415,4.484237],[-72.994846,4.484464]]}},{"type":"Feature","properties":{"linea":"7-2-358","palmas":7},"geometry":{"type":"LineString","coordinates":[[-72.994412,4.484156],[-72.994843,4.484382]]}},{"type":"Feature","properties":{"linea":"7-2-359","palmas":7},"geometry":{"type":"LineString","coordinates":[[-72.994408,4.484075],[-72.994839,4.484301]]}},{"type":"Feature","properties":{"linea":"7-2-36","palmas":31},"geometry":{"type":"LineString","coordinates":[[-72.992119,4.473095],[-72.994173,4.471786]]}},{"type":"Feature","properties":{"linea":"7-2-360","palmas":7},"geometry":{"type":"LineString","coordinates":[[-72.994405,4.483994],[-72.994836,4.48422]]}},{"type":"Feature","properties":{"linea":"7-2-361","palmas":7},"geometry":{"type":"LineString","coordinates":[[-72.994401,4.483912],[-72.994833,4.484138]]}},{"type":"Feature","properties":{"linea":"7-2-362","palmas":7},"geometry":{"type":"LineString","coordinates":[[-72.994398,4.483831],[-72.994829,4.484057]]}},{"type":"Feature","properties":{"linea":"7-2-363","palmas":7},"geometry":{"type":"LineString","coordinates":[[-72.994394,4.48375],[-72.994826,4.483976]]}},{"type":"Feature","properties":{"linea":"7-2-364","palmas":6},"geometry":{"type":"LineString","coordinates":[[-72.994463,4.483706],[-72.994822,4.483894]]}},{"type":"Feature","properties":{"linea":"7-2-365","palmas":6},"geometry":{"type":"LineString","coordinates":[[-72.994459,4.483625],[-72.994819,4.483813]]}},{"type":"Feature","properties":{"linea":"7-2-366","palmas":5},"geometry":{"type":"LineString","coordinates":[[-72.994528,4.483581],[-72.994815,4.483732]]}},{"type":"Feature","properties":{"linea":"7-2-367","palmas":5},"geometry":{"type":"LineString","coordinates":[[-72.994524,4.4835],[-72.994812,4.483651]]}},{"type":"Feature","properties":{"linea":"7-2-368","palmas":4},"geometry":{"type":"LineString","coordinates":[[-72.994593,4.483456],[-72.994809,4.483569]]}},{"type":"Feature","properties":{"linea":"7-2-369","palmas":4},"geometry":{"type":"LineString","coordinates":[[-72.994589,4.483375],[-72.994805,4.483488]]}},{"type":"Feature","properties":{"linea":"7-2-37","palmas":11},"geometry":{"type":"LineString","coordinates":[[-72.993423,4.472347],[-72.994108,4.471911]]}},{"type":"Feature","properties":{"linea":"7-2-370","palmas":3},"geometry":{"type":"LineString","coordinates":[[-72.994658,4.483333],[-72.994802,4.483407]]}},{"type":"Feature","properties":{"linea":"7-2-371","palmas":3},"geometry":{"type":"LineString","coordinates":[[-72.994654,4.48325],[-72.994798,4.483325]]}},{"type":"Feature","properties":{"linea":"7-2-372","palmas":3},"geometry":{"type":"LineString","coordinates":[[-72.994651,4.483169],[-72.994795,4.483244]]}},{"type":"Feature","properties":{"linea":"7-2-373","palmas":3},"geometry":{"type":"LineString","coordinates":[[-72.994648,4.483087],[-72.994791,4.483163]]}},{"type":"Feature","properties":{"linea":"7-2-374","palmas":3},"geometry":{"type":"LineString","coordinates":[[-72.994644,4.483006],[-72.994788,4.483081]]}},{"type":"Feature","properties":{"linea":"7-2-375","palmas":3},"geometry":{"type":"LineString","coordinates":[[-72.994641,4.482925],[-72.994785,4.483]]}},{"type":"Feature","properties":{"linea":"7-2-376","palmas":3},"geometry":{"type":"LineString","coordinates":[[-72.994637,4.482843],[-72.994781,4.482919]]}},{"type":"Feature","properties":{"linea":"7-2-377","palmas":3},"geometry":{"type":"LineString","coordinates":[[-72.994634,4.482762],[-72.994778,4.482838]]}},{"type":"Feature","properties":{"linea":"7-2-378","palmas":3},"geometry":{"type":"LineString","coordinates":[[-72.994631,4.482681],[-72.994774,4.482756]]}},{"type":"Feature","properties":{"linea":"7-2-379","palmas":3},"geometry":{"type":"LineString","coordinates":[[-72.994627,4.482599],[-72.994771,4.482675]]}},{"type":"Feature","properties":{"linea":"7-2-38","palmas":28},"geometry":{"type":"LineString","coordinates":[[-72.992126,4.473258],[-72.994043,4.472036]]}},{"type":"Feature","properties":{"linea":"7-2-380","palmas":3},"geometry":{"type":"LineString","coordinates":[[-72.994624,4.482518],[-72.994767,4.482594]]}},{"type":"Feature","properties":{"linea":"7-2-381","palmas":3},"geometry":{"type":"LineString","coordinates":[[-72.99462,4.482437],[-72.994764,4.482512]]}},{"type":"Feature","properties":{"linea":"7-2-382","palmas":3},"geometry":{"type":"LineString","coordinates":[[-72.994617,4.482356],[-72.994761,4.482431]]}},{"type":"Feature","properties":{"linea":"7-2-383","palmas":3},"geometry":{"type":"LineString","coordinates":[[-72.994614,4.482274],[-72.994757,4.48235]]}},{"type":"Feature","properties":{"linea":"7-2-384","palmas":3},"geometry":{"type":"LineString","coordinates":[[-72.99461,4.482193],[-72.994754,4.482268]]}},{"type":"Feature","properties":{"linea":"7-2-385","palmas":3},"geometry":{"type":"LineString","coordinates":[[-72.994607,4.482112],[-72.994751,4.482187]]}},{"type":"Feature","properties":{"linea":"7-2-386","palmas":3},"geometry":{"type":"LineString","coordinates":[[-72.994603,4.482031],[-72.994747,4.482106]]}},{"type":"Feature","properties":{"linea":"7-2-387","palmas":3},"geometry":{"type":"LineString","coordinates":[[-72.9946,4.481949],[-72.994744,4.482024]]}},{"type":"Feature","properties":{"linea":"7-2-388","palmas":3},"geometry":{"type":"LineString","coordinates":[[-72.994596,4.481868],[-72.99474,4.481943]]}},{"type":"Feature","properties":{"linea":"7-2-389","palmas":3},"geometry":{"type":"LineString","coordinates":[[-72.994593,4.481787],[-72.994737,4.481862]]}},{"type":"Feature","properties":{"linea":"7-2-39","palmas":26},"geometry":{"type":"LineString","coordinates":[[-72.99213,4.473339],[-72.993978,4.472161]]}},{"type":"Feature","properties":{"linea":"7-2-390","palmas":2},"geometry":{"type":"LineString","coordinates":[[-72.994661,4.481743],[-72.994733,4.481781]]}},{"type":"Feature","properties":{"linea":"7-2-4","palmas":5},"geometry":{"type":"LineString","coordinates":[[-72.99201,4.470493],[-72.992284,4.470319]]}},{"type":"Feature","properties":{"linea":"7-2-40","palmas":25},"geometry":{"type":"LineString","coordinates":[[-72.992133,4.47342],[-72.993844,4.47233]]}},{"type":"Feature","properties":{"linea":"7-2-41","palmas":26},"geometry":{"type":"LineString","coordinates":[[-72.992136,4.473502],[-72.993848,4.472411]]}},{"type":"Feature","properties":{"linea":"7-2-42","palmas":26},"geometry":{"type":"LineString","coordinates":[[-72.99214,4.473583],[-72.993851,4.472493]]}},{"type":"Feature","properties":{"linea":"7-2-43","palmas":26},"geometry":{"type":"LineString","coordinates":[[-72.992143,4.473664],[-72.993854,4.472574]]}},{"type":"Feature","properties":{"linea":"7-2-44","palmas":26},"geometry":{"type":"LineString","coordinates":[[-72.992147,4.473746],[-72.993858,4.472655]]}},{"type":"Feature","properties":{"linea":"7-2-45","palmas":26},"geometry":{"type":"LineString","coordinates":[[-72.99215,4.473827],[-72.993861,4.472736]]}},{"type":"Feature","properties":{"linea":"7-2-46","palmas":26},"geometry":{"type":"LineString","coordinates":[[-72.992154,4.473908],[-72.993865,4.472818]]}},{"type":"Feature","properties":{"linea":"7-2-47","palmas":26},"geometry":{"type":"LineString","coordinates":[[-72.992157,4.473989],[-72.993868,4.472899]]}},{"type":"Feature","properties":{"linea":"7-2-48","palmas":26},"geometry":{"type":"LineString","coordinates":[[-72.99216,4.474071],[-72.993872,4.47298]]}},{"type":"Feature","properties":{"linea":"7-2-49","palmas":26},"geometry":{"type":"LineString","coordinates":[[-72.992164,4.474152],[-72.993875,4.473061]]}},{"type":"Feature","properties":{"linea":"7-2-5","palmas":6},"geometry":{"type":"LineString","coordinates":[[-72.992013,4.470575],[-72.992356,4.470357]]}},{"type":"Feature","properties":{"linea":"7-2-50","palmas":26},"geometry":{"type":"LineString","coordinates":[[-72.992167,4.474233],[-72.993878,4.473143]]}},{"type":"Feature","properties":{"linea":"7-2-51","palmas":26},"geometry":{"type":"LineString","coordinates":[[-72.992171,4.474315],[-72.993882,4.473224]]}},{"type":"Feature","properties":{"linea":"7-2-52","palmas":26},"geometry":{"type":"LineString","coordinates":[[-72.992174,4.474396],[-72.993885,4.473305]]}},{"type":"Feature","properties":{"linea":"7-2-53","palmas":26},"geometry":{"type":"LineString","coordinates":[[-72.992177,4.474477],[-72.993889,4.473387]]}},{"type":"Feature","properties":{"linea":"7-2-54","palmas":26},"geometry":{"type":"LineString","coordinates":[[-72.992181,4.474559],[-72.993892,4.473468]]}},{"type":"Feature","properties":{"linea":"7-2-55","palmas":26},"geometry":{"type":"LineString","coordinates":[[-72.992184,4.47464],[-72.993896,4.473549]]}},{"type":"Feature","properties":{"linea":"7-2-56","palmas":26},"geometry":{"type":"LineString","coordinates":[[-72.992188,4.474721],[-72.993899,4.473631]]}},{"type":"Feature","properties":{"linea":"7-2-57","palmas":26},"geometry":{"type":"LineString","coordinates":[[-72.992191,4.474803],[-72.993902,4.473712]]}},{"type":"Feature","properties":{"linea":"7-2-58","palmas":25},"geometry":{"type":"LineString","coordinates":[[-72.992263,4.47484],[-72.993906,4.473793]]}},{"type":"Feature","properties":{"linea":"7-2-59","palmas":25},"geometry":{"type":"LineString","coordinates":[[-72.992266,4.474921],[-72.993909,4.473874]]}},{"type":"Feature","properties":{"linea":"7-2-6","palmas":7},"geometry":{"type":"LineString","coordinates":[[-72.992017,4.470656],[-72.992428,4.470394]]}},{"type":"Feature","properties":{"linea":"7-2-60","palmas":26},"geometry":{"type":"LineString","coordinates":[[-72.992201,4.475046],[-72.993913,4.473956]]}},{"type":"Feature","properties":{"linea":"7-2-61","palmas":26},"geometry":{"type":"LineString","coordinates":[[-72.992205,4.475128],[-72.993916,4.474037]]}},{"type":"Feature","properties":{"linea":"7-2-62","palmas":26},"geometry":{"type":"LineString","coordinates":[[-72.992208,4.475209],[-72.993919,4.474118]]}},{"type":"Feature","properties":{"linea":"7-2-63","palmas":26},"geometry":{"type":"LineString","coordinates":[[-72.992212,4.47529],[-72.993923,4.4742]]}},{"type":"Feature","properties":{"linea":"7-2-64","palmas":26},"geometry":{"type":"LineString","coordinates":[[-72.992215,4.475372],[-72.993926,4.474281]]}},{"type":"Feature","properties":{"linea":"7-2-65","palmas":25},"geometry":{"type":"LineString","coordinates":[[-72.992219,4.475453],[-72.993861,4.474406]]}},{"type":"Feature","properties":{"linea":"7-2-66","palmas":24},"geometry":{"type":"LineString","coordinates":[[-72.992222,4.475534],[-72.993796,4.474531]]}},{"type":"Feature","properties":{"linea":"7-2-67","palmas":24},"geometry":{"type":"LineString","coordinates":[[-72.992225,4.475616],[-72.993799,4.474612]]}},{"type":"Feature","properties":{"linea":"7-2-68","palmas":23},"geometry":{"type":"LineString","coordinates":[[-72.992229,4.475697],[-72.993734,4.474737]]}},{"type":"Feature","properties":{"linea":"7-2-69","palmas":22},"geometry":{"type":"LineString","coordinates":[[-72.992232,4.475778],[-72.993669,4.474862]]}},{"type":"Feature","properties":{"linea":"7-2-7","palmas":8},"geometry":{"type":"LineString","coordinates":[[-72.99202,4.470737],[-72.992499,4.470432]]}},{"type":"Feature","properties":{"linea":"7-2-70","palmas":21},"geometry":{"type":"LineString","coordinates":[[-72.992236,4.475859],[-72.993604,4.474987]]}},{"type":"Feature","properties":{"linea":"7-2-71","palmas":15},"geometry":{"type":"LineString","coordinates":[[-72.992239,4.475941],[-72.993471,4.475156]]}},{"type":"Feature","properties":{"linea":"7-2-72","palmas":13},"geometry":{"type":"LineString","coordinates":[[-72.992243,4.476022],[-72.993064,4.475499]]}},{"type":"Feature","properties":{"linea":"7-2-73","palmas":8},"geometry":{"type":"LineString","coordinates":[[-72.992246,4.476103],[-72.992725,4.475798]]}},{"type":"Feature","properties":{"linea":"7-2-74","palmas":8},"geometry":{"type":"LineString","coordinates":[[-72.992249,4.476184],[-72.992728,4.475879]]}},{"type":"Feature","properties":{"linea":"7-2-75","palmas":9},"geometry":{"type":"LineString","coordinates":[[-72.992253,4.476266],[-72.9928,4.475917]]}},{"type":"Feature","properties":{"linea":"7-2-76","palmas":11},"geometry":{"type":"LineString","coordinates":[[-72.992256,4.476347],[-72.992941,4.475911]]}},{"type":"Feature","properties":{"linea":"7-2-77","palmas":16},"geometry":{"type":"LineString","coordinates":[[-72.992259,4.476428],[-72.993286,4.475774]]}},{"type":"Feature","properties":{"linea":"7-2-78","palmas":16},"geometry":{"type":"LineString","coordinates":[[-72.992263,4.47651],[-72.99329,4.475856]]}},{"type":"Feature","properties":{"linea":"7-2-79","palmas":16},"geometry":{"type":"LineString","coordinates":[[-72.992266,4.476591],[-72.993293,4.475937]]}},{"type":"Feature","properties":{"linea":"7-2-8","palmas":9},"geometry":{"type":"LineString","coordinates":[[-72.992024,4.470819],[-72.992571,4.47047]]}},{"type":"Feature","properties":{"linea":"7-2-80","palmas":16},"geometry":{"type":"LineString","coordinates":[[-72.99227,4.476672],[-72.993296,4.476018]]}},{"type":"Feature","properties":{"linea":"7-2-81","palmas":16},"geometry":{"type":"LineString","coordinates":[[-72.992273,4.476754],[-72.9933,4.476099]]}},{"type":"Feature","properties":{"linea":"7-2-82","palmas":16},"geometry":{"type":"LineString","coordinates":[[-72.992277,4.476835],[-72.993303,4.476181]]}},{"type":"Feature","properties":{"linea":"7-2-83","palmas":16},"geometry":{"type":"LineString","coordinates":[[-72.99228,4.476916],[-72.993307,4.476262]]}},{"type":"Feature","properties":{"linea":"7-2-84","palmas":16},"geometry":{"type":"LineString","coordinates":[[-72.992283,4.476998],[-72.99331,4.476343]]}},{"type":"Feature","properties":{"linea":"7-2-85","palmas":16},"geometry":{"type":"LineString","coordinates":[[-72.992287,4.477079],[-72.993314,4.476424]]}},{"type":"Feature","properties":{"linea":"7-2-86","palmas":16},"geometry":{"type":"LineString","coordinates":[[-72.99229,4.47716],[-72.993317,4.476506]]}},{"type":"Feature","properties":{"linea":"7-2-87","palmas":16},"geometry":{"type":"LineString","coordinates":[[-72.992294,4.477241],[-72.99332,4.476587]]}},{"type":"Feature","properties":{"linea":"7-2-88","palmas":16},"geometry":{"type":"LineString","coordinates":[[-72.992297,4.477323],[-72.993324,4.476668]]}},{"type":"Feature","properties":{"linea":"7-2-89","palmas":16},"geometry":{"type":"LineString","coordinates":[[-72.992301,4.477404],[-72.993327,4.47675]]}},{"type":"Feature","properties":{"linea":"7-2-9","palmas":10},"geometry":{"type":"LineString","coordinates":[[-72.992027,4.4709],[-72.992643,4.470508]]}},{"type":"Feature","properties":{"linea":"7-2-90","palmas":14},"geometry":{"type":"LineString","coordinates":[[-72.992441,4.477398],[-72.993331,4.476831]]}},{"type":"Feature","properties":{"linea":"7-2-91","palmas":15},"geometry":{"type":"LineString","coordinates":[[-72.992376,4.477523],[-72.993334,4.476913]]}},{"type":"Feature","properties":{"linea":"7-2-92","palmas":15},"geometry":{"type":"LineString","coordinates":[[-72.992379,4.477604],[-72.993337,4.476994]]}},{"type":"Feature","properties":{"linea":"7-2-93","palmas":15},"geometry":{"type":"LineString","coordinates":[[-72.992383,4.477686],[-72.993341,4.477075]]}},{"type":"Feature","properties":{"linea":"7-2-94","palmas":15},"geometry":{"type":"LineString","coordinates":[[-72.992386,4.477767],[-72.993344,4.477156]]}},{"type":"Feature","properties":{"linea":"7-2-95","palmas":15},"geometry":{"type":"LineString","coordinates":[[-72.992389,4.477848],[-72.993348,4.477238]]}},{"type":"Feature","properties":{"linea":"7-2-96","palmas":15},"geometry":{"type":"LineString","coordinates":[[-72.992393,4.477929],[-72.993351,4.477319]]}},{"type":"Feature","properties":{"linea":"7-2-97","palmas":15},"geometry":{"type":"LineString","coordinates":[[-72.992396,4.478011],[-72.993354,4.4774]]}},{"type":"Feature","properties":{"linea":"7-2-98","palmas":15},"geometry":{"type":"LineString","coordinates":[[-72.9924,4.478092],[-72.993358,4.477481]]}},{"type":"Feature","properties":{"linea":"7-2-99","palmas":15},"geometry":{"type":"LineString","coordinates":[[-72.992403,4.478173],[-72.993361,4.477563]]}},{"type":"Feature","properties":{"linea":"7-3-10","palmas":11},"geometry":{"type":"LineString","coordinates":[[-72.990773,4.469772],[-72.990089,4.470208]]}},{"type":"Feature","properties":{"linea":"7-3-100","palmas":14},"geometry":{"type":"LineString","coordinates":[[-72.991245,4.475983],[-72.990311,4.475493]]}},{"type":"Feature","properties":{"linea":"7-3-101","palmas":14},"geometry":{"type":"LineString","coordinates":[[-72.991248,4.476064],[-72.990314,4.475574]]}},{"type":"Feature","properties":{"linea":"7-3-102","palmas":14},"geometry":{"type":"LineString","coordinates":[[-72.991252,4.476146],[-72.990318,4.475656]]}},{"type":"Feature","properties":{"linea":"7-3-103","palmas":14},"geometry":{"type":"LineString","coordinates":[[-72.991255,4.476227],[-72.990321,4.475737]]}},{"type":"Feature","properties":{"linea":"7-3-104","palmas":14},"geometry":{"type":"LineString","coordinates":[[-72.991259,4.476308],[-72.990324,4.475818]]}},{"type":"Feature","properties":{"linea":"7-3-105","palmas":14},"geometry":{"type":"LineString","coordinates":[[-72.991262,4.476389],[-72.990328,4.475899]]}},{"type":"Feature","properties":{"linea":"7-3-106","palmas":14},"geometry":{"type":"LineString","coordinates":[[-72.991266,4.476471],[-72.990331,4.475981]]}},{"type":"Feature","properties":{"linea":"7-3-107","palmas":14},"geometry":{"type":"LineString","coordinates":[[-72.991269,4.476552],[-72.990335,4.476062]]}},{"type":"Feature","properties":{"linea":"7-3-108","palmas":14},"geometry":{"type":"LineString","coordinates":[[-72.991272,4.476633],[-72.990338,4.476143]]}},{"type":"Feature","properties":{"linea":"7-3-109","palmas":14},"geometry":{"type":"LineString","coordinates":[[-72.991276,4.476714],[-72.990341,4.476225]]}},{"type":"Feature","properties":{"linea":"7-3-11","palmas":12},"geometry":{"type":"LineString","coordinates":[[-72.990845,4.46981],[-72.990092,4.47029]]}},{"type":"Feature","properties":{"linea":"7-3-110","palmas":14},"geometry":{"type":"LineString","coordinates":[[-72.991279,4.476796],[-72.990345,4.476306]]}},{"type":"Feature","properties":{"linea":"7-3-111","palmas":14},"geometry":{"type":"LineString","coordinates":[[-72.991282,4.476877],[-72.990348,4.476387]]}},{"type":"Feature","properties":{"linea":"7-3-112","palmas":14},"geometry":{"type":"LineString","coordinates":[[-72.991286,4.476959],[-72.990352,4.476469]]}},{"type":"Feature","properties":{"linea":"7-3-113","palmas":14},"geometry":{"type":"LineString","coordinates":[[-72.991289,4.47704],[-72.990355,4.47655]]}},{"type":"Feature","properties":{"linea":"7-3-114","palmas":14},"geometry":{"type":"LineString","coordinates":[[-72.991293,4.477121],[-72.990359,4.476631]]}},{"type":"Feature","properties":{"linea":"7-3-115","palmas":13},"geometry":{"type":"LineString","coordinates":[[-72.991224,4.477165],[-72.990362,4.476713]]}},{"type":"Feature","properties":{"linea":"7-3-116","palmas":13},"geometry":{"type":"LineString","coordinates":[[-72.991228,4.477246],[-72.990366,4.476794]]}},{"type":"Feature","properties":{"linea":"7-3-117","palmas":13},"geometry":{"type":"LineString","coordinates":[[-72.991231,4.477327],[-72.990369,4.476875]]}},{"type":"Feature","properties":{"linea":"7-3-118","palmas":11},"geometry":{"type":"LineString","coordinates":[[-72.991091,4.477333],[-72.990372,4.476956]]}},{"type":"Feature","properties":{"linea":"7-3-119","palmas":11},"geometry":{"type":"LineString","coordinates":[[-72.991094,4.477414],[-72.990376,4.477038]]}},{"type":"Feature","properties":{"linea":"7-3-12","palmas":14},"geometry":{"type":"LineString","coordinates":[[-72.990985,4.469804],[-72.990096,4.470371]]}},{"type":"Feature","properties":{"linea":"7-3-120","palmas":11},"geometry":{"type":"LineString","coordinates":[[-72.991098,4.477496],[-72.990379,4.477119]]}},{"type":"Feature","properties":{"linea":"7-3-121","palmas":11},"geometry":{"type":"LineString","coordinates":[[-72.991101,4.477577],[-72.990382,4.4772]]}},{"type":"Feature","properties":{"linea":"7-3-122","palmas":10},"geometry":{"type":"LineString","coordinates":[[-72.991033,4.477621],[-72.990386,4.477282]]}},{"type":"Feature","properties":{"linea":"7-3-123","palmas":10},"geometry":{"type":"LineString","coordinates":[[-72.991036,4.477702],[-72.990389,4.477363]]}},{"type":"Feature","properties":{"linea":"7-3-124","palmas":11},"geometry":{"type":"LineString","coordinates":[[-72.991111,4.477821],[-72.990393,4.477444]]}},{"type":"Feature","properties":{"linea":"7-3-125","palmas":11},"geometry":{"type":"LineString","coordinates":[[-72.991115,4.477902],[-72.990396,4.477526]]}},{"type":"Feature","properties":{"linea":"7-3-126","palmas":11},"geometry":{"type":"LineString","coordinates":[[-72.991118,4.477984],[-72.9904,4.477607]]}},{"type":"Feature","properties":{"linea":"7-3-127","palmas":11},"geometry":{"type":"LineString","coordinates":[[-72.991122,4.478065],[-72.990403,4.477688]]}},{"type":"Feature","properties":{"linea":"7-3-128","palmas":11},"geometry":{"type":"LineString","coordinates":[[-72.991125,4.478146],[-72.990406,4.477769]]}},{"type":"Feature","properties":{"linea":"7-3-129","palmas":11},"geometry":{"type":"LineString","coordinates":[[-72.991129,4.478228],[-72.99041,4.477851]]}},{"type":"Feature","properties":{"linea":"7-3-13","palmas":15},"geometry":{"type":"LineString","coordinates":[[-72.991057,4.469842],[-72.990099,4.470452]]}},{"type":"Feature","properties":{"linea":"7-3-130","palmas":10},"geometry":{"type":"LineString","coordinates":[[-72.99106,4.478271],[-72.990413,4.477932]]}},{"type":"Feature","properties":{"linea":"7-3-131","palmas":10},"geometry":{"type":"LineString","coordinates":[[-72.991063,4.478352],[-72.990417,4.478013]]}},{"type":"Feature","properties":{"linea":"7-3-132","palmas":10},"geometry":{"type":"LineString","coordinates":[[-72.991067,4.478434],[-72.99042,4.478095]]}},{"type":"Feature","properties":{"linea":"7-3-133","palmas":10},"geometry":{"type":"LineString","coordinates":[[-72.99107,4.478515],[-72.990424,4.478176]]}},{"type":"Feature","properties":{"linea":"7-3-134","palmas":10},"geometry":{"type":"LineString","coordinates":[[-72.991074,4.478596],[-72.990427,4.478257]]}},{"type":"Feature","properties":{"linea":"7-3-135","palmas":10},"geometry":{"type":"LineString","coordinates":[[-72.991077,4.478678],[-72.99043,4.478339]]}},{"type":"Feature","properties":{"linea":"7-3-136","palmas":10},"geometry":{"type":"LineString","coordinates":[[-72.991081,4.478759],[-72.990434,4.47842]]}},{"type":"Feature","properties":{"linea":"7-3-137","palmas":9},"geometry":{"type":"LineString","coordinates":[[-72.991012,4.478803],[-72.990437,4.478501]]}},{"type":"Feature","properties":{"linea":"7-3-138","palmas":9},"geometry":{"type":"LineString","coordinates":[[-72.991016,4.478884],[-72.990441,4.478582]]}},{"type":"Feature","properties":{"linea":"7-3-139","palmas":8},"geometry":{"type":"LineString","coordinates":[[-72.990947,4.478928],[-72.990444,4.478664]]}},{"type":"Feature","properties":{"linea":"7-3-14","palmas":16},"geometry":{"type":"LineString","coordinates":[[-72.991129,4.469879],[-72.990102,4.470534]]}},{"type":"Feature","properties":{"linea":"7-3-140","palmas":8},"geometry":{"type":"LineString","coordinates":[[-72.990951,4.479009],[-72.990448,4.478745]]}},{"type":"Feature","properties":{"linea":"7-3-141","palmas":8},"geometry":{"type":"LineString","coordinates":[[-72.990954,4.47909],[-72.990451,4.478826]]}},{"type":"Feature","properties":{"linea":"7-3-142","palmas":7},"geometry":{"type":"LineString","coordinates":[[-72.990886,4.479134],[-72.990454,4.478908]]}},{"type":"Feature","properties":{"linea":"7-3-143","palmas":7},"geometry":{"type":"LineString","coordinates":[[-72.990889,4.479215],[-72.990458,4.478989]]}},{"type":"Feature","properties":{"linea":"7-3-144","palmas":6},"geometry":{"type":"LineString","coordinates":[[-72.990821,4.479259],[-72.990461,4.47907]]}},{"type":"Feature","properties":{"linea":"7-3-145","palmas":6},"geometry":{"type":"LineString","coordinates":[[-72.990824,4.47934],[-72.990464,4.479152]]}},{"type":"Feature","properties":{"linea":"7-3-146","palmas":5},"geometry":{"type":"LineString","coordinates":[[-72.990755,4.479384],[-72.990468,4.479233]]}},{"type":"Feature","properties":{"linea":"7-3-147","palmas":5},"geometry":{"type":"LineString","coordinates":[[-72.990759,4.479465],[-72.990471,4.479314]]}},{"type":"Feature","properties":{"linea":"7-3-148","palmas":4},"geometry":{"type":"LineString","coordinates":[[-72.99069,4.479509],[-72.990475,4.479396]]}},{"type":"Feature","properties":{"linea":"7-3-149","palmas":3},"geometry":{"type":"LineString","coordinates":[[-72.990622,4.479552],[-72.990478,4.479477]]}},{"type":"Feature","properties":{"linea":"7-3-15","palmas":17},"geometry":{"type":"LineString","coordinates":[[-72.991201,4.469917],[-72.990106,4.470615]]}},{"type":"Feature","properties":{"linea":"7-3-150","palmas":3},"geometry":{"type":"LineString","coordinates":[[-72.990625,4.479633],[-72.990482,4.479558]]}},{"type":"Feature","properties":{"linea":"7-3-153","palmas":2},"geometry":{"type":"LineString","coordinates":[[-72.991978,4.473346],[-72.991906,4.473308]]}},{"type":"Feature","properties":{"linea":"7-3-154","palmas":2},"geometry":{"type":"LineString","coordinates":[[-72.991981,4.473427],[-72.991909,4.473389]]}},{"type":"Feature","properties":{"linea":"7-3-155","palmas":2},"geometry":{"type":"LineString","coordinates":[[-72.991984,4.473508],[-72.991912,4.473471]]}},{"type":"Feature","properties":{"linea":"7-3-156","palmas":2},"geometry":{"type":"LineString","coordinates":[[-72.991988,4.473589],[-72.991916,4.473552]]}},{"type":"Feature","properties":{"linea":"7-3-157","palmas":2},"geometry":{"type":"LineString","coordinates":[[-72.991991,4.473671],[-72.991919,4.473633]]}},{"type":"Feature","properties":{"linea":"7-3-158","palmas":2},"geometry":{"type":"LineString","coordinates":[[-72.991995,4.473752],[-72.991923,4.473714]]}},{"type":"Feature","properties":{"linea":"7-3-159","palmas":2},"geometry":{"type":"LineString","coordinates":[[-72.991998,4.473833],[-72.991926,4.473796]]}},{"type":"Feature","properties":{"linea":"7-3-16","palmas":18},"geometry":{"type":"LineString","coordinates":[[-72.991273,4.469955],[-72.990109,4.470696]]}},{"type":"Feature","properties":{"linea":"7-3-160","palmas":2},"geometry":{"type":"LineString","coordinates":[[-72.992001,4.473915],[-72.991929,4.473877]]}},{"type":"Feature","properties":{"linea":"7-3-161","palmas":2},"geometry":{"type":"LineString","coordinates":[[-72.992005,4.473996],[-72.991933,4.473958]]}},{"type":"Feature","properties":{"linea":"7-3-162","palmas":2},"geometry":{"type":"LineString","coordinates":[[-72.992008,4.474077],[-72.991936,4.47404]]}},{"type":"Feature","properties":{"linea":"7-3-163","palmas":2},"geometry":{"type":"LineString","coordinates":[[-72.992012,4.474159],[-72.99194,4.474121]]}},{"type":"Feature","properties":{"linea":"7-3-164","palmas":2},"geometry":{"type":"LineString","coordinates":[[-72.992015,4.47424],[-72.991943,4.474202]]}},{"type":"Feature","properties":{"linea":"7-3-165","palmas":3},"geometry":{"type":"LineString","coordinates":[[-72.992019,4.474321],[-72.991875,4.474246]]}},{"type":"Feature","properties":{"linea":"7-3-166","palmas":3},"geometry":{"type":"LineString","coordinates":[[-72.992022,4.474403],[-72.991878,4.474327]]}},{"type":"Feature","properties":{"linea":"7-3-167","palmas":4},"geometry":{"type":"LineString","coordinates":[[-72.992025,4.474484],[-72.99181,4.474371]]}},{"type":"Feature","properties":{"linea":"7-3-168","palmas":4},"geometry":{"type":"LineString","coordinates":[[-72.992029,4.474565],[-72.991813,4.474452]]}},{"type":"Feature","properties":{"linea":"7-3-169","palmas":4},"geometry":{"type":"LineString","coordinates":[[-72.992032,4.474646],[-72.991817,4.474533]]}},{"type":"Feature","properties":{"linea":"7-3-17","palmas":19},"geometry":{"type":"LineString","coordinates":[[-72.991345,4.469992],[-72.990112,4.470778]]}},{"type":"Feature","properties":{"linea":"7-3-170","palmas":5},"geometry":{"type":"LineString","coordinates":[[-72.992036,4.474728],[-72.991748,4.474577]]}},{"type":"Feature","properties":{"linea":"7-3-171","palmas":5},"geometry":{"type":"LineString","coordinates":[[-72.992039,4.474809],[-72.991752,4.474658]]}},{"type":"Feature","properties":{"linea":"7-3-172","palmas":5},"geometry":{"type":"LineString","coordinates":[[-72.992042,4.47489],[-72.991755,4.474739]]}},{"type":"Feature","properties":{"linea":"7-3-173","palmas":6},"geometry":{"type":"LineString","coordinates":[[-72.992046,4.474972],[-72.991686,4.474783]]}},{"type":"Feature","properties":{"linea":"7-3-174","palmas":6},"geometry":{"type":"LineString","coordinates":[[-72.992049,4.475053],[-72.99169,4.474864]]}},{"type":"Feature","properties":{"linea":"7-3-175","palmas":7},"geometry":{"type":"LineString","coordinates":[[-72.992053,4.475134],[-72.991621,4.474908]]}},{"type":"Feature","properties":{"linea":"7-3-176","palmas":7},"geometry":{"type":"LineString","coordinates":[[-72.992056,4.475216],[-72.991625,4.474989]]}},{"type":"Feature","properties":{"linea":"7-3-177","palmas":7},"geometry":{"type":"LineString","coordinates":[[-72.992059,4.475297],[-72.991628,4.475071]]}},{"type":"Feature","properties":{"linea":"7-3-178","palmas":8},"geometry":{"type":"LineString","coordinates":[[-72.992063,4.475378],[-72.99156,4.475114]]}},{"type":"Feature","properties":{"linea":"7-3-179","palmas":8},"geometry":{"type":"LineString","coordinates":[[-72.992066,4.475459],[-72.991563,4.475196]]}},{"type":"Feature","properties":{"linea":"7-3-18","palmas":20},"geometry":{"type":"LineString","coordinates":[[-72.991416,4.47003],[-72.990116,4.470859]]}},{"type":"Feature","properties":{"linea":"7-3-180","palmas":9},"geometry":{"type":"LineString","coordinates":[[-72.99207,4.475541],[-72.991495,4.475239]]}},{"type":"Feature","properties":{"linea":"7-3-181","palmas":9},"geometry":{"type":"LineString","coordinates":[[-72.992073,4.475622],[-72.991498,4.475321]]}},{"type":"Feature","properties":{"linea":"7-3-182","palmas":9},"geometry":{"type":"LineString","coordinates":[[-72.992077,4.475703],[-72.991502,4.475402]]}},{"type":"Feature","properties":{"linea":"7-3-183","palmas":10},"geometry":{"type":"LineString","coordinates":[[-72.99208,4.475785],[-72.991433,4.475446]]}},{"type":"Feature","properties":{"linea":"7-3-184","palmas":10},"geometry":{"type":"LineString","coordinates":[[-72.992083,4.475866],[-72.991437,4.475527]]}},{"type":"Feature","properties":{"linea":"7-3-185","palmas":11},"geometry":{"type":"LineString","coordinates":[[-72.992087,4.475947],[-72.991368,4.47557]]}},{"type":"Feature","properties":{"linea":"7-3-186","palmas":11},"geometry":{"type":"LineString","coordinates":[[-72.99209,4.476029],[-72.991372,4.475652]]}},{"type":"Feature","properties":{"linea":"7-3-187","palmas":11},"geometry":{"type":"LineString","coordinates":[[-72.992094,4.47611],[-72.991375,4.475733]]}},{"type":"Feature","properties":{"linea":"7-3-188","palmas":11},"geometry":{"type":"LineString","coordinates":[[-72.992097,4.476191],[-72.991378,4.475814]]}},{"type":"Feature","properties":{"linea":"7-3-189","palmas":11},"geometry":{"type":"LineString","coordinates":[[-72.992101,4.476273],[-72.991382,4.475896]]}},{"type":"Feature","properties":{"linea":"7-3-19","palmas":21},"geometry":{"type":"LineString","coordinates":[[-72.991488,4.470068],[-72.990119,4.47094]]}},{"type":"Feature","properties":{"linea":"7-3-190","palmas":11},"geometry":{"type":"LineString","coordinates":[[-72.992104,4.476354],[-72.991385,4.475977]]}},{"type":"Feature","properties":{"linea":"7-3-191","palmas":11},"geometry":{"type":"LineString","coordinates":[[-72.992107,4.476435],[-72.991389,4.476058]]}},{"type":"Feature","properties":{"linea":"7-3-192","palmas":11},"geometry":{"type":"LineString","coordinates":[[-72.992111,4.476516],[-72.991392,4.476139]]}},{"type":"Feature","properties":{"linea":"7-3-193","palmas":11},"geometry":{"type":"LineString","coordinates":[[-72.992114,4.476598],[-72.991396,4.476221]]}},{"type":"Feature","properties":{"linea":"7-3-194","palmas":11},"geometry":{"type":"LineString","coordinates":[[-72.992118,4.476679],[-72.991399,4.476302]]}},{"type":"Feature","properties":{"linea":"7-3-195","palmas":11},"geometry":{"type":"LineString","coordinates":[[-72.992121,4.47676],[-72.991403,4.476383]]}},{"type":"Feature","properties":{"linea":"7-3-196","palmas":11},"geometry":{"type":"LineString","coordinates":[[-72.992124,4.476842],[-72.991406,4.476465]]}},{"type":"Feature","properties":{"linea":"7-3-197","palmas":11},"geometry":{"type":"LineString","coordinates":[[-72.992128,4.476923],[-72.991409,4.476546]]}},{"type":"Feature","properties":{"linea":"7-3-198","palmas":11},"geometry":{"type":"LineString","coordinates":[[-72.992131,4.477004],[-72.991412,4.476627]]}},{"type":"Feature","properties":{"linea":"7-3-199","palmas":11},"geometry":{"type":"LineString","coordinates":[[-72.992135,4.477086],[-72.991416,4.476709]]}},{"type":"Feature","properties":{"linea":"7-3-2","palmas":2},"geometry":{"type":"LineString","coordinates":[[-72.99013,4.469514],[-72.990061,4.469558]]}},{"type":"Feature","properties":{"linea":"7-3-20","palmas":22},"geometry":{"type":"LineString","coordinates":[[-72.99156,4.470105],[-72.990123,4.471021]]}},{"type":"Feature","properties":{"linea":"7-3-200","palmas":11},"geometry":{"type":"LineString","coordinates":[[-72.992138,4.477167],[-72.991419,4.47679]]}},{"type":"Feature","properties":{"linea":"7-3-201","palmas":11},"geometry":{"type":"LineString","coordinates":[[-72.992141,4.477248],[-72.991423,4.476871]]}},{"type":"Feature","properties":{"linea":"7-3-202","palmas":11},"geometry":{"type":"LineString","coordinates":[[-72.992145,4.477329],[-72.991426,4.476953]]}},{"type":"Feature","properties":{"linea":"7-3-203","palmas":11},"geometry":{"type":"LineString","coordinates":[[-72.992148,4.477411],[-72.99143,4.477034]]}},{"type":"Feature","properties":{"linea":"7-3-204","palmas":11},"geometry":{"type":"LineString","coordinates":[[-72.992152,4.477492],[-72.991433,4.477115]]}},{"type":"Feature","properties":{"linea":"7-3-205","palmas":11},"geometry":{"type":"LineString","coordinates":[[-72.992155,4.477573],[-72.991437,4.477196]]}},{"type":"Feature","properties":{"linea":"7-3-206","palmas":10},"geometry":{"type":"LineString","coordinates":[[-72.992159,4.477654],[-72.991512,4.477316]]}},{"type":"Feature","properties":{"linea":"7-3-207","palmas":10},"geometry":{"type":"LineString","coordinates":[[-72.992162,4.477736],[-72.991515,4.477397]]}},{"type":"Feature","properties":{"linea":"7-3-208","palmas":10},"geometry":{"type":"LineString","coordinates":[[-72.992166,4.477817],[-72.991519,4.477478]]}},{"type":"Feature","properties":{"linea":"7-3-209","palmas":10},"geometry":{"type":"LineString","coordinates":[[-72.992169,4.477898],[-72.991522,4.477559]]}},{"type":"Feature","properties":{"linea":"7-3-21","palmas":23},"geometry":{"type":"LineString","coordinates":[[-72.991632,4.470143],[-72.990126,4.471103]]}},{"type":"Feature","properties":{"linea":"7-3-210","palmas":11},"geometry":{"type":"LineString","coordinates":[[-72.992244,4.478017],[-72.991526,4.477641]]}},{"type":"Feature","properties":{"linea":"7-3-211","palmas":11},"geometry":{"type":"LineString","coordinates":[[-72.992248,4.478099],[-72.991529,4.477722]]}},{"type":"Feature","properties":{"linea":"7-3-212","palmas":11},"geometry":{"type":"LineString","coordinates":[[-72.992251,4.47818],[-72.991532,4.477803]]}},{"type":"Feature","properties":{"linea":"7-3-213","palmas":11},"geometry":{"type":"LineString","coordinates":[[-72.992254,4.478261],[-72.991536,4.477884]]}},{"type":"Feature","properties":{"linea":"7-3-214","palmas":11},"geometry":{"type":"LineString","coordinates":[[-72.992258,4.478343],[-72.991539,4.477966]]}},{"type":"Feature","properties":{"linea":"7-3-215","palmas":11},"geometry":{"type":"LineString","coordinates":[[-72.992261,4.478424],[-72.991542,4.478047]]}},{"type":"Feature","properties":{"linea":"7-3-216","palmas":11},"geometry":{"type":"LineString","coordinates":[[-72.992265,4.478505],[-72.991546,4.478128]]}},{"type":"Feature","properties":{"linea":"7-3-217","palmas":10},"geometry":{"type":"LineString","coordinates":[[-72.992196,4.478549],[-72.991549,4.47821]]}},{"type":"Feature","properties":{"linea":"7-3-218","palmas":10},"geometry":{"type":"LineString","coordinates":[[-72.9922,4.47863],[-72.991553,4.478291]]}},{"type":"Feature","properties":{"linea":"7-3-219","palmas":10},"geometry":{"type":"LineString","coordinates":[[-72.992203,4.478711],[-72.991556,4.478372]]}},{"type":"Feature","properties":{"linea":"7-3-22","palmas":24},"geometry":{"type":"LineString","coordinates":[[-72.991704,4.470181],[-72.99013,4.471184]]}},{"type":"Feature","properties":{"linea":"7-3-220","palmas":10},"geometry":{"type":"LineString","coordinates":[[-72.992206,4.478793],[-72.99156,4.478454]]}},{"type":"Feature","properties":{"linea":"7-3-221","palmas":10},"geometry":{"type":"LineString","coordinates":[[-72.99221,4.478874],[-72.991563,4.478535]]}},{"type":"Feature","properties":{"linea":"7-3-222","palmas":10},"geometry":{"type":"LineString","coordinates":[[-72.992213,4.478955],[-72.991566,4.478616]]}},{"type":"Feature","properties":{"linea":"7-3-223","palmas":10},"geometry":{"type":"LineString","coordinates":[[-72.992217,4.479037],[-72.99157,4.478697]]}},{"type":"Feature","properties":{"linea":"7-3-224","palmas":11},"geometry":{"type":"LineString","coordinates":[[-72.99222,4.479118],[-72.991501,4.478741]]}},{"type":"Feature","properties":{"linea":"7-3-225","palmas":11},"geometry":{"type":"LineString","coordinates":[[-72.992224,4.479199],[-72.991505,4.478822]]}},{"type":"Feature","properties":{"linea":"7-3-226","palmas":11},"geometry":{"type":"LineString","coordinates":[[-72.992227,4.479281],[-72.991508,4.478904]]}},{"type":"Feature","properties":{"linea":"7-3-227","palmas":11},"geometry":{"type":"LineString","coordinates":[[-72.99223,4.479362],[-72.991512,4.478985]]}},{"type":"Feature","properties":{"linea":"7-3-228","palmas":12},"geometry":{"type":"LineString","coordinates":[[-72.992234,4.479443],[-72.991443,4.479029]]}},{"type":"Feature","properties":{"linea":"7-3-229","palmas":12},"geometry":{"type":"LineString","coordinates":[[-72.992237,4.479524],[-72.991447,4.47911]]}},{"type":"Feature","properties":{"linea":"7-3-23","palmas":25},"geometry":{"type":"LineString","coordinates":[[-72.991776,4.470218],[-72.990133,4.471265]]}},{"type":"Feature","properties":{"linea":"7-3-230","palmas":13},"geometry":{"type":"LineString","coordinates":[[-72.992241,4.479606],[-72.991378,4.479154]]}},{"type":"Feature","properties":{"linea":"7-3-231","palmas":13},"geometry":{"type":"LineString","coordinates":[[-72.992244,4.479687],[-72.991382,4.479235]]}},{"type":"Feature","properties":{"linea":"7-3-232","palmas":13},"geometry":{"type":"LineString","coordinates":[[-72.992248,4.479768],[-72.991385,4.479316]]}},{"type":"Feature","properties":{"linea":"7-3-233","palmas":13},"geometry":{"type":"LineString","coordinates":[[-72.992251,4.47985],[-72.991389,4.479398]]}},{"type":"Feature","properties":{"linea":"7-3-234","palmas":13},"geometry":{"type":"LineString","coordinates":[[-72.992254,4.479931],[-72.991392,4.479479]]}},{"type":"Feature","properties":{"linea":"7-3-235","palmas":13},"geometry":{"type":"LineString","coordinates":[[-72.992258,4.480012],[-72.991395,4.47956]]}},{"type":"Feature","properties":{"linea":"7-3-236","palmas":13},"geometry":{"type":"LineString","coordinates":[[-72.992261,4.480094],[-72.991399,4.479641]]}},{"type":"Feature","properties":{"linea":"7-3-237","palmas":13},"geometry":{"type":"LineString","coordinates":[[-72.992264,4.480175],[-72.991402,4.479723]]}},{"type":"Feature","properties":{"linea":"7-3-238","palmas":13},"geometry":{"type":"LineString","coordinates":[[-72.992268,4.480256],[-72.991406,4.479804]]}},{"type":"Feature","properties":{"linea":"7-3-239","palmas":13},"geometry":{"type":"LineString","coordinates":[[-72.992271,4.480338],[-72.991409,4.479885]]}},{"type":"Feature","properties":{"linea":"7-3-24","palmas":26},"geometry":{"type":"LineString","coordinates":[[-72.991848,4.470256],[-72.990136,4.471347]]}},{"type":"Feature","properties":{"linea":"7-3-240","palmas":13},"geometry":{"type":"LineString","coordinates":[[-72.992275,4.480419],[-72.991412,4.479967]]}},{"type":"Feature","properties":{"linea":"7-3-241","palmas":14},"geometry":{"type":"LineString","coordinates":[[-72.992278,4.4805],[-72.991344,4.48001]]}},{"type":"Feature","properties":{"linea":"7-3-242","palmas":14},"geometry":{"type":"LineString","coordinates":[[-72.992282,4.480581],[-72.991348,4.480092]]}},{"type":"Feature","properties":{"linea":"7-3-243","palmas":14},"geometry":{"type":"LineString","coordinates":[[-72.992285,4.480663],[-72.991351,4.480173]]}},{"type":"Feature","properties":{"linea":"7-3-244","palmas":14},"geometry":{"type":"LineString","coordinates":[[-72.992288,4.480744],[-72.991354,4.480254]]}},{"type":"Feature","properties":{"linea":"7-3-245","palmas":15},"geometry":{"type":"LineString","coordinates":[[-72.992292,4.480825],[-72.991286,4.480298]]}},{"type":"Feature","properties":{"linea":"7-3-246","palmas":15},"geometry":{"type":"LineString","coordinates":[[-72.992295,4.480907],[-72.991289,4.480379]]}},{"type":"Feature","properties":{"linea":"7-3-247","palmas":15},"geometry":{"type":"LineString","coordinates":[[-72.992299,4.480988],[-72.991293,4.48046]]}},{"type":"Feature","properties":{"linea":"7-3-248","palmas":16},"geometry":{"type":"LineString","coordinates":[[-72.992302,4.481069],[-72.991224,4.480504]]}},{"type":"Feature","properties":{"linea":"7-3-249","palmas":17},"geometry":{"type":"LineString","coordinates":[[-72.992306,4.481151],[-72.991156,4.480548]]}},{"type":"Feature","properties":{"linea":"7-3-25","palmas":26},"geometry":{"type":"LineString","coordinates":[[-72.991851,4.470338],[-72.99014,4.471428]]}},{"type":"Feature","properties":{"linea":"7-3-250","palmas":18},"geometry":{"type":"LineString","coordinates":[[-72.992309,4.481232],[-72.991087,4.480591]]}},{"type":"Feature","properties":{"linea":"7-3-251","palmas":19},"geometry":{"type":"LineString","coordinates":[[-72.992312,4.481313],[-72.991019,4.480635]]}},{"type":"Feature","properties":{"linea":"7-3-252","palmas":20},"geometry":{"type":"LineString","coordinates":[[-72.992316,4.481394],[-72.99095,4.480679]]}},{"type":"Feature","properties":{"linea":"7-3-253","palmas":21},"geometry":{"type":"LineString","coordinates":[[-72.992319,4.481476],[-72.990882,4.480722]]}},{"type":"Feature","properties":{"linea":"7-3-254","palmas":23},"geometry":{"type":"LineString","coordinates":[[-72.992323,4.481557],[-72.990742,4.480728]]}},{"type":"Feature","properties":{"linea":"7-3-255","palmas":24},"geometry":{"type":"LineString","coordinates":[[-72.992326,4.481638],[-72.990673,4.480772]]}},{"type":"Feature","properties":{"linea":"7-3-256","palmas":24},"geometry":{"type":"LineString","coordinates":[[-72.992329,4.48172],[-72.990677,4.480853]]}},{"type":"Feature","properties":{"linea":"7-3-257","palmas":25},"geometry":{"type":"LineString","coordinates":[[-72.992333,4.481801],[-72.990608,4.480897]]}},{"type":"Feature","properties":{"linea":"7-3-258","palmas":26},"geometry":{"type":"LineString","coordinates":[[-72.992408,4.48192],[-72.990612,4.480978]]}},{"type":"Feature","properties":{"linea":"7-3-259","palmas":26},"geometry":{"type":"LineString","coordinates":[[-72.992412,4.482001],[-72.990615,4.481059]]}},{"type":"Feature","properties":{"linea":"7-3-26","palmas":26},"geometry":{"type":"LineString","coordinates":[[-72.991854,4.470419],[-72.990143,4.471509]]}},{"type":"Feature","properties":{"linea":"7-3-260","palmas":26},"geometry":{"type":"LineString","coordinates":[[-72.992415,4.482082],[-72.990618,4.481141]]}},{"type":"Feature","properties":{"linea":"7-3-261","palmas":26},"geometry":{"type":"LineString","coordinates":[[-72.992418,4.482164],[-72.990622,4.481222]]}},{"type":"Feature","properties":{"linea":"7-3-262","palmas":26},"geometry":{"type":"LineString","coordinates":[[-72.992422,4.482245],[-72.990625,4.481303]]}},{"type":"Feature","properties":{"linea":"7-3-263","palmas":26},"geometry":{"type":"LineString","coordinates":[[-72.992425,4.482326],[-72.990629,4.481384]]}},{"type":"Feature","properties":{"linea":"7-3-264","palmas":26},"geometry":{"type":"LineString","coordinates":[[-72.992429,4.482408],[-72.990632,4.481466]]}},{"type":"Feature","properties":{"linea":"7-3-265","palmas":25},"geometry":{"type":"LineString","coordinates":[[-72.99236,4.482451],[-72.990636,4.481547]]}},{"type":"Feature","properties":{"linea":"7-3-266","palmas":26},"geometry":{"type":"LineString","coordinates":[[-72.992436,4.48257],[-72.990639,4.481628]]}},{"type":"Feature","properties":{"linea":"7-3-267","palmas":26},"geometry":{"type":"LineString","coordinates":[[-72.992439,4.482652],[-72.990642,4.48171]]}},{"type":"Feature","properties":{"linea":"7-3-268","palmas":26},"geometry":{"type":"LineString","coordinates":[[-72.992442,4.482733],[-72.990646,4.481791]]}},{"type":"Feature","properties":{"linea":"7-3-269","palmas":26},"geometry":{"type":"LineString","coordinates":[[-72.992446,4.482814],[-72.990649,4.481872]]}},{"type":"Feature","properties":{"linea":"7-3-27","palmas":26},"geometry":{"type":"LineString","coordinates":[[-72.991858,4.4705],[-72.990147,4.471591]]}},{"type":"Feature","properties":{"linea":"7-3-270","palmas":26},"geometry":{"type":"LineString","coordinates":[[-72.992449,4.482896],[-72.990652,4.481954]]}},{"type":"Feature","properties":{"linea":"7-3-271","palmas":26},"geometry":{"type":"LineString","coordinates":[[-72.992452,4.482977],[-72.990656,4.482035]]}},{"type":"Feature","properties":{"linea":"7-3-272","palmas":26},"geometry":{"type":"LineString","coordinates":[[-72.992456,4.483058],[-72.990659,4.482116]]}},{"type":"Feature","properties":{"linea":"7-3-273","palmas":25},"geometry":{"type":"LineString","coordinates":[[-72.992459,4.483139],[-72.990735,4.482235]]}},{"type":"Feature","properties":{"linea":"7-3-274","palmas":25},"geometry":{"type":"LineString","coordinates":[[-72.992463,4.483221],[-72.990666,4.482279]]}},{"type":"Feature","properties":{"linea":"7-3-275","palmas":25},"geometry":{"type":"LineString","coordinates":[[-72.992466,4.483302],[-72.99067,4.48236]]}},{"type":"Feature","properties":{"linea":"7-3-276","palmas":25},"geometry":{"type":"LineString","coordinates":[[-72.99247,4.483383],[-72.990673,4.482441]]}},{"type":"Feature","properties":{"linea":"7-3-277","palmas":25},"geometry":{"type":"LineString","coordinates":[[-72.992473,4.483465],[-72.990676,4.482522]]}},{"type":"Feature","properties":{"linea":"7-3-278","palmas":25},"geometry":{"type":"LineString","coordinates":[[-72.992476,4.483546],[-72.99068,4.482604]]}},{"type":"Feature","properties":{"linea":"7-3-279","palmas":25},"geometry":{"type":"LineString","coordinates":[[-72.99248,4.483627],[-72.990683,4.482685]]}},{"type":"Feature","properties":{"linea":"7-3-28","palmas":26},"geometry":{"type":"LineString","coordinates":[[-72.991861,4.470581],[-72.99015,4.471672]]}},{"type":"Feature","properties":{"linea":"7-3-280","palmas":25},"geometry":{"type":"LineString","coordinates":[[-72.992483,4.483709],[-72.990687,4.482766]]}},{"type":"Feature","properties":{"linea":"7-3-281","palmas":25},"geometry":{"type":"LineString","coordinates":[[-72.992487,4.48379],[-72.99069,4.482848]]}},{"type":"Feature","properties":{"linea":"7-3-282","palmas":25},"geometry":{"type":"LineString","coordinates":[[-72.99249,4.483871],[-72.990694,4.482929]]}},{"type":"Feature","properties":{"linea":"7-3-283","palmas":25},"geometry":{"type":"LineString","coordinates":[[-72.992494,4.483953],[-72.990697,4.48301]]}},{"type":"Feature","properties":{"linea":"7-3-284","palmas":24},"geometry":{"type":"LineString","coordinates":[[-72.992497,4.484034],[-72.9907,4.483092]]}},{"type":"Feature","properties":{"linea":"7-3-285","palmas":25},"geometry":{"type":"LineString","coordinates":[[-72.9925,4.484115],[-72.990704,4.483173]]}},{"type":"Feature","properties":{"linea":"7-3-286","palmas":25},"geometry":{"type":"LineString","coordinates":[[-72.992504,4.484196],[-72.990707,4.483254]]}},{"type":"Feature","properties":{"linea":"7-3-287","palmas":24},"geometry":{"type":"LineString","coordinates":[[-72.992507,4.484278],[-72.990711,4.483336]]}},{"type":"Feature","properties":{"linea":"7-3-288","palmas":24},"geometry":{"type":"LineString","coordinates":[[-72.992511,4.484359],[-72.990714,4.483417]]}},{"type":"Feature","properties":{"linea":"7-3-289","palmas":25},"geometry":{"type":"LineString","coordinates":[[-72.992514,4.48444],[-72.990718,4.483498]]}},{"type":"Feature","properties":{"linea":"7-3-29","palmas":26},"geometry":{"type":"LineString","coordinates":[[-72.991865,4.470663],[-72.990154,4.471753]]}},{"type":"Feature","properties":{"linea":"7-3-290","palmas":25},"geometry":{"type":"LineString","coordinates":[[-72.992518,4.484522],[-72.990721,4.483579]]}},{"type":"Feature","properties":{"linea":"7-3-291","palmas":25},"geometry":{"type":"LineString","coordinates":[[-72.992521,4.484603],[-72.990724,4.483661]]}},{"type":"Feature","properties":{"linea":"7-3-292","palmas":25},"geometry":{"type":"LineString","coordinates":[[-72.992524,4.484684],[-72.990728,4.483742]]}},{"type":"Feature","properties":{"linea":"7-3-293","palmas":25},"geometry":{"type":"LineString","coordinates":[[-72.992528,4.484766],[-72.990731,4.483823]]}},{"type":"Feature","properties":{"linea":"7-3-294","palmas":25},"geometry":{"type":"LineString","coordinates":[[-72.992531,4.484847],[-72.990734,4.483905]]}},{"type":"Feature","properties":{"linea":"7-3-295","palmas":25},"geometry":{"type":"LineString","coordinates":[[-72.992534,4.484928],[-72.990738,4.483986]]}},{"type":"Feature","properties":{"linea":"7-3-296","palmas":26},"geometry":{"type":"LineString","coordinates":[[-72.992538,4.485009],[-72.990741,4.484067]]}},{"type":"Feature","properties":{"linea":"7-3-297","palmas":26},"geometry":{"type":"LineString","coordinates":[[-72.992541,4.485091],[-72.990745,4.484149]]}},{"type":"Feature","properties":{"linea":"7-3-298","palmas":26},"geometry":{"type":"LineString","coordinates":[[-72.992545,4.485172],[-72.990748,4.48423]]}},{"type":"Feature","properties":{"linea":"7-3-299","palmas":26},"geometry":{"type":"LineString","coordinates":[[-72.992548,4.485253],[-72.990752,4.484311]]}},{"type":"Feature","properties":{"linea":"7-3-3","palmas":3},"geometry":{"type":"LineString","coordinates":[[-72.990202,4.469552],[-72.990065,4.469639]]}},{"type":"Feature","properties":{"linea":"7-3-30","palmas":26},"geometry":{"type":"LineString","coordinates":[[-72.991868,4.470744],[-72.990157,4.471834]]}},{"type":"Feature","properties":{"linea":"7-3-300","palmas":26},"geometry":{"type":"LineString","coordinates":[[-72.992552,4.485334],[-72.990755,4.484393]]}},{"type":"Feature","properties":{"linea":"7-3-301","palmas":26},"geometry":{"type":"LineString","coordinates":[[-72.992555,4.485416],[-72.990758,4.484474]]}},{"type":"Feature","properties":{"linea":"7-3-302","palmas":26},"geometry":{"type":"LineString","coordinates":[[-72.992558,4.485497],[-72.990762,4.484555]]}},{"type":"Feature","properties":{"linea":"7-3-303","palmas":26},"geometry":{"type":"LineString","coordinates":[[-72.992562,4.485578],[-72.990765,4.484636]]}},{"type":"Feature","properties":{"linea":"7-3-304","palmas":26},"geometry":{"type":"LineString","coordinates":[[-72.992565,4.48566],[-72.990769,4.484718]]}},{"type":"Feature","properties":{"linea":"7-3-305","palmas":26},"geometry":{"type":"LineString","coordinates":[[-72.992569,4.485741],[-72.990772,4.484799]]}},{"type":"Feature","properties":{"linea":"7-3-306","palmas":25},"geometry":{"type":"LineString","coordinates":[[-72.9925,4.485785],[-72.990776,4.48488]]}},{"type":"Feature","properties":{"linea":"7-3-307","palmas":26},"geometry":{"type":"LineString","coordinates":[[-72.992576,4.485904],[-72.990779,4.484962]]}},{"type":"Feature","properties":{"linea":"7-3-308","palmas":26},"geometry":{"type":"LineString","coordinates":[[-72.992579,4.485985],[-72.990782,4.485043]]}},{"type":"Feature","properties":{"linea":"7-3-309","palmas":27},"geometry":{"type":"LineString","coordinates":[[-72.992582,4.486066],[-72.990714,4.485087]]}},{"type":"Feature","properties":{"linea":"7-3-31","palmas":26},"geometry":{"type":"LineString","coordinates":[[-72.991872,4.470825],[-72.990161,4.471916]]}},{"type":"Feature","properties":{"linea":"7-3-310","palmas":27},"geometry":{"type":"LineString","coordinates":[[-72.992586,4.486148],[-72.990717,4.485168]]}},{"type":"Feature","properties":{"linea":"7-3-311","palmas":27},"geometry":{"type":"LineString","coordinates":[[-72.992589,4.486229],[-72.990721,4.485249]]}},{"type":"Feature","properties":{"linea":"7-3-312","palmas":26},"geometry":{"type":"LineString","coordinates":[[-72.992521,4.486273],[-72.990724,4.485331]]}},{"type":"Feature","properties":{"linea":"7-3-313","palmas":24},"geometry":{"type":"LineString","coordinates":[[-72.992381,4.486278],[-72.990728,4.485412]]}},{"type":"Feature","properties":{"linea":"7-3-314","palmas":23},"geometry":{"type":"LineString","coordinates":[[-72.992312,4.486322],[-72.990731,4.485493]]}},{"type":"Feature","properties":{"linea":"7-3-315","palmas":21},"geometry":{"type":"LineString","coordinates":[[-72.992172,4.486328],[-72.990734,4.485574]]}},{"type":"Feature","properties":{"linea":"7-3-316","palmas":19},"geometry":{"type":"LineString","coordinates":[[-72.992031,4.486334],[-72.990738,4.485656]]}},{"type":"Feature","properties":{"linea":"7-3-317","palmas":17},"geometry":{"type":"LineString","coordinates":[[-72.991891,4.48634],[-72.990741,4.485737]]}},{"type":"Feature","properties":{"linea":"7-3-318","palmas":15},"geometry":{"type":"LineString","coordinates":[[-72.991751,4.486346],[-72.990745,4.485818]]}},{"type":"Feature","properties":{"linea":"7-3-319","palmas":12},"geometry":{"type":"LineString","coordinates":[[-72.991539,4.486314],[-72.990748,4.485899]]}},{"type":"Feature","properties":{"linea":"7-3-32","palmas":26},"geometry":{"type":"LineString","coordinates":[[-72.991875,4.470907],[-72.990164,4.471997]]}},{"type":"Feature","properties":{"linea":"7-3-320","palmas":11},"geometry":{"type":"LineString","coordinates":[[-72.99147,4.486358],[-72.990751,4.485981]]}},{"type":"Feature","properties":{"linea":"7-3-321","palmas":9},"geometry":{"type":"LineString","coordinates":[[-72.99133,4.486364],[-72.990755,4.486062]]}},{"type":"Feature","properties":{"linea":"7-3-322","palmas":8},"geometry":{"type":"LineString","coordinates":[[-72.991261,4.486407],[-72.990758,4.486144]]}},{"type":"Feature","properties":{"linea":"7-3-323","palmas":6},"geometry":{"type":"LineString","coordinates":[[-72.991121,4.486413],[-72.990762,4.486225]]}},{"type":"Feature","properties":{"linea":"7-3-324","palmas":4},"geometry":{"type":"LineString","coordinates":[[-72.990981,4.486419],[-72.990765,4.486306]]}},{"type":"Feature","properties":{"linea":"7-3-325","palmas":2},"geometry":{"type":"LineString","coordinates":[[-72.990841,4.486425],[-72.990769,4.486388]]}},{"type":"Feature","properties":{"linea":"7-3-33","palmas":26},"geometry":{"type":"LineString","coordinates":[[-72.991878,4.470988],[-72.990167,4.472078]]}},{"type":"Feature","properties":{"linea":"7-3-34","palmas":26},"geometry":{"type":"LineString","coordinates":[[-72.991882,4.471069],[-72.990171,4.47216]]}},{"type":"Feature","properties":{"linea":"7-3-35","palmas":24},"geometry":{"type":"LineString","coordinates":[[-72.991885,4.471151],[-72.990311,4.472154]]}},{"type":"Feature","properties":{"linea":"7-3-36","palmas":26},"geometry":{"type":"LineString","coordinates":[[-72.991889,4.471232],[-72.990178,4.472322]]}},{"type":"Feature","properties":{"linea":"7-3-37","palmas":26},"geometry":{"type":"LineString","coordinates":[[-72.991892,4.471313],[-72.990181,4.472404]]}},{"type":"Feature","properties":{"linea":"7-3-38","palmas":26},"geometry":{"type":"LineString","coordinates":[[-72.991896,4.471394],[-72.990184,4.472485]]}},{"type":"Feature","properties":{"linea":"7-3-39","palmas":26},"geometry":{"type":"LineString","coordinates":[[-72.991899,4.471476],[-72.990188,4.472566]]}},{"type":"Feature","properties":{"linea":"7-3-4","palmas":4},"geometry":{"type":"LineString","coordinates":[[-72.990274,4.46959],[-72.990068,4.469721]]}},{"type":"Feature","properties":{"linea":"7-3-40","palmas":26},"geometry":{"type":"LineString","coordinates":[[-72.991902,4.471557],[-72.990191,4.472647]]}},{"type":"Feature","properties":{"linea":"7-3-41","palmas":26},"geometry":{"type":"LineString","coordinates":[[-72.991906,4.471638],[-72.990195,4.472729]]}},{"type":"Feature","properties":{"linea":"7-3-42","palmas":26},"geometry":{"type":"LineString","coordinates":[[-72.991909,4.471719],[-72.990198,4.47281]]}},{"type":"Feature","properties":{"linea":"7-3-43","palmas":26},"geometry":{"type":"LineString","coordinates":[[-72.991912,4.471801],[-72.990201,4.472891]]}},{"type":"Feature","properties":{"linea":"7-3-44","palmas":26},"geometry":{"type":"LineString","coordinates":[[-72.991916,4.471882],[-72.990205,4.472973]]}},{"type":"Feature","properties":{"linea":"7-3-45","palmas":26},"geometry":{"type":"LineString","coordinates":[[-72.991919,4.471963],[-72.990208,4.473054]]}},{"type":"Feature","properties":{"linea":"7-3-46","palmas":26},"geometry":{"type":"LineString","coordinates":[[-72.991923,4.472045],[-72.990212,4.473135]]}},{"type":"Feature","properties":{"linea":"7-3-47","palmas":26},"geometry":{"type":"LineString","coordinates":[[-72.991926,4.472126],[-72.990215,4.473217]]}},{"type":"Feature","properties":{"linea":"7-3-48","palmas":26},"geometry":{"type":"LineString","coordinates":[[-72.99193,4.472207],[-72.990219,4.473298]]}},{"type":"Feature","properties":{"linea":"7-3-49","palmas":26},"geometry":{"type":"LineString","coordinates":[[-72.991933,4.472289],[-72.990222,4.473379]]}},{"type":"Feature","properties":{"linea":"7-3-5","palmas":6},"geometry":{"type":"LineString","coordinates":[[-72.990414,4.469584],[-72.990072,4.469802]]}},{"type":"Feature","properties":{"linea":"7-3-50","palmas":26},"geometry":{"type":"LineString","coordinates":[[-72.991936,4.47237],[-72.990225,4.473461]]}},{"type":"Feature","properties":{"linea":"7-3-51","palmas":26},"geometry":{"type":"LineString","coordinates":[[-72.99194,4.472451],[-72.990229,4.473542]]}},{"type":"Feature","properties":{"linea":"7-3-52","palmas":26},"geometry":{"type":"LineString","coordinates":[[-72.991943,4.472532],[-72.990232,4.473623]]}},{"type":"Feature","properties":{"linea":"7-3-54","palmas":2},"geometry":{"type":"LineString","coordinates":[[-72.99195,4.472695],[-72.991878,4.472658]]}},{"type":"Feature","properties":{"linea":"7-3-55","palmas":3},"geometry":{"type":"LineString","coordinates":[[-72.991954,4.472776],[-72.99181,4.472701]]}},{"type":"Feature","properties":{"linea":"7-3-56","palmas":4},"geometry":{"type":"LineString","coordinates":[[-72.991957,4.472858],[-72.991741,4.472745]]}},{"type":"Feature","properties":{"linea":"7-3-57","palmas":5},"geometry":{"type":"LineString","coordinates":[[-72.991961,4.472939],[-72.991673,4.472788]]}},{"type":"Feature","properties":{"linea":"7-3-58","palmas":6},"geometry":{"type":"LineString","coordinates":[[-72.991964,4.47302],[-72.991604,4.472832]]}},{"type":"Feature","properties":{"linea":"7-3-59","palmas":7},"geometry":{"type":"LineString","coordinates":[[-72.991967,4.473102],[-72.991536,4.472876]]}},{"type":"Feature","properties":{"linea":"7-3-6","palmas":7},"geometry":{"type":"LineString","coordinates":[[-72.990486,4.469621],[-72.990075,4.469883]]}},{"type":"Feature","properties":{"linea":"7-3-60","palmas":7},"geometry":{"type":"LineString","coordinates":[[-72.991899,4.473145],[-72.991467,4.472919]]}},{"type":"Feature","properties":{"linea":"7-3-61","palmas":7},"geometry":{"type":"LineString","coordinates":[[-72.99183,4.473189],[-72.991399,4.472963]]}},{"type":"Feature","properties":{"linea":"7-3-62","palmas":7},"geometry":{"type":"LineString","coordinates":[[-72.991762,4.473232],[-72.991331,4.473006]]}},{"type":"Feature","properties":{"linea":"7-3-63","palmas":8},"geometry":{"type":"LineString","coordinates":[[-72.991765,4.473314],[-72.991262,4.47305]]}},{"type":"Feature","properties":{"linea":"7-3-64","palmas":9},"geometry":{"type":"LineString","coordinates":[[-72.991769,4.473395],[-72.991194,4.473094]]}},{"type":"Feature","properties":{"linea":"7-3-65","palmas":10},"geometry":{"type":"LineString","coordinates":[[-72.991772,4.473476],[-72.991125,4.473137]]}},{"type":"Feature","properties":{"linea":"7-3-66","palmas":11},"geometry":{"type":"LineString","coordinates":[[-72.991776,4.473558],[-72.991057,4.473181]]}},{"type":"Feature","properties":{"linea":"7-3-67","palmas":12},"geometry":{"type":"LineString","coordinates":[[-72.991779,4.473639],[-72.990989,4.473224]]}},{"type":"Feature","properties":{"linea":"7-3-68","palmas":13},"geometry":{"type":"LineString","coordinates":[[-72.991782,4.47372],[-72.99092,4.473268]]}},{"type":"Feature","properties":{"linea":"7-3-69","palmas":14},"geometry":{"type":"LineString","coordinates":[[-72.991786,4.473802],[-72.990852,4.473312]]}},{"type":"Feature","properties":{"linea":"7-3-7","palmas":8},"geometry":{"type":"LineString","coordinates":[[-72.990557,4.469659],[-72.990078,4.469964]]}},{"type":"Feature","properties":{"linea":"7-3-70","palmas":15},"geometry":{"type":"LineString","coordinates":[[-72.991789,4.473883],[-72.990783,4.473355]]}},{"type":"Feature","properties":{"linea":"7-3-71","palmas":16},"geometry":{"type":"LineString","coordinates":[[-72.991793,4.473964],[-72.990715,4.473399]]}},{"type":"Feature","properties":{"linea":"7-3-72","palmas":17},"geometry":{"type":"LineString","coordinates":[[-72.991796,4.474046],[-72.990646,4.473443]]}},{"type":"Feature","properties":{"linea":"7-3-73","palmas":18},"geometry":{"type":"LineString","coordinates":[[-72.991799,4.474127],[-72.990578,4.473486]]}},{"type":"Feature","properties":{"linea":"7-3-74","palmas":19},"geometry":{"type":"LineString","coordinates":[[-72.991803,4.474208],[-72.990509,4.47353]]}},{"type":"Feature","properties":{"linea":"7-3-75","palmas":19},"geometry":{"type":"LineString","coordinates":[[-72.991734,4.474252],[-72.990441,4.473574]]}},{"type":"Feature","properties":{"linea":"7-3-76","palmas":20},"geometry":{"type":"LineString","coordinates":[[-72.991738,4.474333],[-72.990373,4.473617]]}},{"type":"Feature","properties":{"linea":"7-3-77","palmas":21},"geometry":{"type":"LineString","coordinates":[[-72.991741,4.474414],[-72.990304,4.473661]]}},{"type":"Feature","properties":{"linea":"7-3-78","palmas":21},"geometry":{"type":"LineString","coordinates":[[-72.991673,4.474458],[-72.990236,4.473704]]}},{"type":"Feature","properties":{"linea":"7-3-79","palmas":21},"geometry":{"type":"LineString","coordinates":[[-72.991676,4.474539],[-72.990239,4.473786]]}},{"type":"Feature","properties":{"linea":"7-3-8","palmas":9},"geometry":{"type":"LineString","coordinates":[[-72.990629,4.469697],[-72.990082,4.470046]]}},{"type":"Feature","properties":{"linea":"7-3-80","palmas":20},"geometry":{"type":"LineString","coordinates":[[-72.991608,4.474583],[-72.990243,4.473867]]}},{"type":"Feature","properties":{"linea":"7-3-81","palmas":20},"geometry":{"type":"LineString","coordinates":[[-72.991611,4.474664],[-72.990246,4.473948]]}},{"type":"Feature","properties":{"linea":"7-3-82","palmas":20},"geometry":{"type":"LineString","coordinates":[[-72.991615,4.474746],[-72.990249,4.47403]]}},{"type":"Feature","properties":{"linea":"7-3-83","palmas":19},"geometry":{"type":"LineString","coordinates":[[-72.991546,4.474789],[-72.990253,4.474111]]}},{"type":"Feature","properties":{"linea":"7-3-84","palmas":19},"geometry":{"type":"LineString","coordinates":[[-72.99155,4.474871],[-72.990256,4.474192]]}},{"type":"Feature","properties":{"linea":"7-3-85","palmas":18},"geometry":{"type":"LineString","coordinates":[[-72.991481,4.474914],[-72.990259,4.474274]]}},{"type":"Feature","properties":{"linea":"7-3-86","palmas":18},"geometry":{"type":"LineString","coordinates":[[-72.991485,4.474995],[-72.990263,4.474355]]}},{"type":"Feature","properties":{"linea":"7-3-87","palmas":18},"geometry":{"type":"LineString","coordinates":[[-72.991488,4.475077],[-72.990266,4.474436]]}},{"type":"Feature","properties":{"linea":"7-3-88","palmas":17},"geometry":{"type":"LineString","coordinates":[[-72.991419,4.47512],[-72.99027,4.474518]]}},{"type":"Feature","properties":{"linea":"7-3-89","palmas":17},"geometry":{"type":"LineString","coordinates":[[-72.991423,4.475202],[-72.990273,4.474599]]}},{"type":"Feature","properties":{"linea":"7-3-9","palmas":10},"geometry":{"type":"LineString","coordinates":[[-72.990701,4.469734],[-72.990085,4.470127]]}},{"type":"Feature","properties":{"linea":"7-3-90","palmas":16},"geometry":{"type":"LineString","coordinates":[[-72.991354,4.475245],[-72.990277,4.47468]]}},{"type":"Feature","properties":{"linea":"7-3-91","palmas":16},"geometry":{"type":"LineString","coordinates":[[-72.991358,4.475326],[-72.99028,4.474761]]}},{"type":"Feature","properties":{"linea":"7-3-92","palmas":16},"geometry":{"type":"LineString","coordinates":[[-72.991361,4.475408],[-72.990283,4.474843]]}},{"type":"Feature","properties":{"linea":"7-3-93","palmas":15},"geometry":{"type":"LineString","coordinates":[[-72.991293,4.475451],[-72.990287,4.474924]]}},{"type":"Feature","properties":{"linea":"7-3-94","palmas":15},"geometry":{"type":"LineString","coordinates":[[-72.991296,4.475533],[-72.99029,4.475005]]}},{"type":"Feature","properties":{"linea":"7-3-95","palmas":14},"geometry":{"type":"LineString","coordinates":[[-72.991228,4.475576],[-72.990294,4.475086]]}},{"type":"Feature","properties":{"linea":"7-3-96","palmas":14},"geometry":{"type":"LineString","coordinates":[[-72.991231,4.475658],[-72.990297,4.475168]]}},{"type":"Feature","properties":{"linea":"7-3-97","palmas":14},"geometry":{"type":"LineString","coordinates":[[-72.991235,4.475739],[-72.990301,4.475249]]}},{"type":"Feature","properties":{"linea":"7-3-98","palmas":14},"geometry":{"type":"LineString","coordinates":[[-72.991238,4.47582],[-72.990304,4.47533]]}},{"type":"Feature","properties":{"linea":"7-3-99","palmas":14},"geometry":{"type":"LineString","coordinates":[[-72.991242,4.475902],[-72.990307,4.475412]]}},{"type":"Feature","properties":{"linea":"7-4-10","palmas":11},"geometry":{"type":"LineString","coordinates":[[-72.987889,4.469286],[-72.988574,4.46885]]}},{"type":"Feature","properties":{"linea":"7-4-100","palmas":11},"geometry":{"type":"LineString","coordinates":[[-72.988265,4.476559],[-72.988949,4.476123]]}},{"type":"Feature","properties":{"linea":"7-4-101","palmas":11},"geometry":{"type":"LineString","coordinates":[[-72.988268,4.476641],[-72.988953,4.476205]]}},{"type":"Feature","properties":{"linea":"7-4-102","palmas":11},"geometry":{"type":"LineString","coordinates":[[-72.988272,4.476722],[-72.988956,4.476286]]}},{"type":"Feature","properties":{"linea":"7-4-103","palmas":11},"geometry":{"type":"LineString","coordinates":[[-72.988275,4.476803],[-72.98896,4.476367]]}},{"type":"Feature","properties":{"linea":"7-4-104","palmas":11},"geometry":{"type":"LineString","coordinates":[[-72.988279,4.476885],[-72.988963,4.476449]]}},{"type":"Feature","properties":{"linea":"7-4-105","palmas":11},"geometry":{"type":"LineString","coordinates":[[-72.988282,4.476966],[-72.988967,4.47653]]}},{"type":"Feature","properties":{"linea":"7-4-106","palmas":11},"geometry":{"type":"LineString","coordinates":[[-72.988286,4.477047],[-72.98897,4.476611]]}},{"type":"Feature","properties":{"linea":"7-4-107","palmas":11},"geometry":{"type":"LineString","coordinates":[[-72.988289,4.477129],[-72.988973,4.476693]]}},{"type":"Feature","properties":{"linea":"7-4-108","palmas":11},"geometry":{"type":"LineString","coordinates":[[-72.988292,4.47721],[-72.988977,4.476774]]}},{"type":"Feature","properties":{"linea":"7-4-109","palmas":11},"geometry":{"type":"LineString","coordinates":[[-72.988296,4.477291],[-72.98898,4.476855]]}},{"type":"Feature","properties":{"linea":"7-4-11","palmas":12},"geometry":{"type":"LineString","coordinates":[[-72.987893,4.469367],[-72.988645,4.468888]]}},{"type":"Feature","properties":{"linea":"7-4-110","palmas":11},"geometry":{"type":"LineString","coordinates":[[-72.988299,4.477373],[-72.988984,4.476936]]}},{"type":"Feature","properties":{"linea":"7-4-111","palmas":11},"geometry":{"type":"LineString","coordinates":[[-72.988303,4.477454],[-72.988987,4.477018]]}},{"type":"Feature","properties":{"linea":"7-4-112","palmas":11},"geometry":{"type":"LineString","coordinates":[[-72.988306,4.477535],[-72.988991,4.477099]]}},{"type":"Feature","properties":{"linea":"7-4-113","palmas":11},"geometry":{"type":"LineString","coordinates":[[-72.988309,4.477616],[-72.988994,4.47718]]}},{"type":"Feature","properties":{"linea":"7-4-114","palmas":11},"geometry":{"type":"LineString","coordinates":[[-72.988313,4.477698],[-72.988997,4.477262]]}},{"type":"Feature","properties":{"linea":"7-4-115","palmas":11},"geometry":{"type":"LineString","coordinates":[[-72.988316,4.477779],[-72.989001,4.477343]]}},{"type":"Feature","properties":{"linea":"7-4-116","palmas":11},"geometry":{"type":"LineString","coordinates":[[-72.98832,4.47786],[-72.989004,4.477424]]}},{"type":"Feature","properties":{"linea":"7-4-117","palmas":11},"geometry":{"type":"LineString","coordinates":[[-72.988323,4.477942],[-72.989007,4.477506]]}},{"type":"Feature","properties":{"linea":"7-4-118","palmas":11},"geometry":{"type":"LineString","coordinates":[[-72.988326,4.478023],[-72.989011,4.477587]]}},{"type":"Feature","properties":{"linea":"7-4-119","palmas":11},"geometry":{"type":"LineString","coordinates":[[-72.98833,4.478104],[-72.989014,4.477668]]}},{"type":"Feature","properties":{"linea":"7-4-12","palmas":13},"geometry":{"type":"LineString","coordinates":[[-72.987896,4.469449],[-72.988717,4.468925]]}},{"type":"Feature","properties":{"linea":"7-4-120","palmas":11},"geometry":{"type":"LineString","coordinates":[[-72.988333,4.478186],[-72.989018,4.477749]]}},{"type":"Feature","properties":{"linea":"7-4-121","palmas":11},"geometry":{"type":"LineString","coordinates":[[-72.988337,4.478267],[-72.989021,4.477831]]}},{"type":"Feature","properties":{"linea":"7-4-122","palmas":11},"geometry":{"type":"LineString","coordinates":[[-72.98834,4.478348],[-72.989025,4.477912]]}},{"type":"Feature","properties":{"linea":"7-4-123","palmas":11},"geometry":{"type":"LineString","coordinates":[[-72.988344,4.478429],[-72.989028,4.477993]]}},{"type":"Feature","properties":{"linea":"7-4-124","palmas":11},"geometry":{"type":"LineString","coordinates":[[-72.988347,4.478511],[-72.989031,4.478074]]}},{"type":"Feature","properties":{"linea":"7-4-125","palmas":11},"geometry":{"type":"LineString","coordinates":[[-72.988351,4.478592],[-72.989035,4.478156]]}},{"type":"Feature","properties":{"linea":"7-4-126","palmas":11},"geometry":{"type":"LineString","coordinates":[[-72.988354,4.478673],[-72.989038,4.478237]]}},{"type":"Feature","properties":{"linea":"7-4-127","palmas":11},"geometry":{"type":"LineString","coordinates":[[-72.988357,4.478755],[-72.989042,4.478318]]}},{"type":"Feature","properties":{"linea":"7-4-128","palmas":11},"geometry":{"type":"LineString","coordinates":[[-72.988361,4.478836],[-72.989045,4.4784]]}},{"type":"Feature","properties":{"linea":"7-4-129","palmas":11},"geometry":{"type":"LineString","coordinates":[[-72.988364,4.478917],[-72.989049,4.478481]]}},{"type":"Feature","properties":{"linea":"7-4-13","palmas":14},"geometry":{"type":"LineString","coordinates":[[-72.987899,4.46953],[-72.988789,4.468963]]}},{"type":"Feature","properties":{"linea":"7-4-130","palmas":11},"geometry":{"type":"LineString","coordinates":[[-72.988367,4.478999],[-72.989052,4.478562]]}},{"type":"Feature","properties":{"linea":"7-4-131","palmas":11},"geometry":{"type":"LineString","coordinates":[[-72.988371,4.47908],[-72.989055,4.478644]]}},{"type":"Feature","properties":{"linea":"7-4-132","palmas":11},"geometry":{"type":"LineString","coordinates":[[-72.988374,4.479161],[-72.989059,4.478725]]}},{"type":"Feature","properties":{"linea":"7-4-133","palmas":11},"geometry":{"type":"LineString","coordinates":[[-72.988378,4.479242],[-72.989062,4.478806]]}},{"type":"Feature","properties":{"linea":"7-4-134","palmas":12},"geometry":{"type":"LineString","coordinates":[[-72.988381,4.479324],[-72.989134,4.478844]]}},{"type":"Feature","properties":{"linea":"7-4-135","palmas":12},"geometry":{"type":"LineString","coordinates":[[-72.988385,4.479405],[-72.989137,4.478925]]}},{"type":"Feature","properties":{"linea":"7-4-136","palmas":12},"geometry":{"type":"LineString","coordinates":[[-72.988388,4.479486],[-72.989141,4.479007]]}},{"type":"Feature","properties":{"linea":"7-4-137","palmas":12},"geometry":{"type":"LineString","coordinates":[[-72.988391,4.479568],[-72.989144,4.479088]]}},{"type":"Feature","properties":{"linea":"7-4-138","palmas":12},"geometry":{"type":"LineString","coordinates":[[-72.988395,4.479649],[-72.989148,4.479169]]}},{"type":"Feature","properties":{"linea":"7-4-139","palmas":12},"geometry":{"type":"LineString","coordinates":[[-72.988398,4.47973],[-72.989151,4.479251]]}},{"type":"Feature","properties":{"linea":"7-4-14","palmas":15},"geometry":{"type":"LineString","coordinates":[[-72.987903,4.469611],[-72.988861,4.469001]]}},{"type":"Feature","properties":{"linea":"7-4-140","palmas":12},"geometry":{"type":"LineString","coordinates":[[-72.988402,4.479812],[-72.989154,4.479332]]}},{"type":"Feature","properties":{"linea":"7-4-141","palmas":12},"geometry":{"type":"LineString","coordinates":[[-72.988405,4.479893],[-72.989158,4.479413]]}},{"type":"Feature","properties":{"linea":"7-4-142","palmas":12},"geometry":{"type":"LineString","coordinates":[[-72.988409,4.479974],[-72.989161,4.479494]]}},{"type":"Feature","properties":{"linea":"7-4-143","palmas":12},"geometry":{"type":"LineString","coordinates":[[-72.988412,4.480056],[-72.989165,4.479576]]}},{"type":"Feature","properties":{"linea":"7-4-144","palmas":12},"geometry":{"type":"LineString","coordinates":[[-72.988415,4.480137],[-72.989168,4.479657]]}},{"type":"Feature","properties":{"linea":"7-4-146","palmas":2},"geometry":{"type":"LineString","coordinates":[[-72.989305,4.47957],[-72.989233,4.479532]]}},{"type":"Feature","properties":{"linea":"7-4-147","palmas":3},"geometry":{"type":"LineString","coordinates":[[-72.989374,4.479526],[-72.98923,4.479451]]}},{"type":"Feature","properties":{"linea":"7-4-148","palmas":4},"geometry":{"type":"LineString","coordinates":[[-72.989442,4.479483],[-72.989226,4.479369]]}},{"type":"Feature","properties":{"linea":"7-4-149","palmas":5},"geometry":{"type":"LineString","coordinates":[[-72.989511,4.479439],[-72.989223,4.479288]]}},{"type":"Feature","properties":{"linea":"7-4-15","palmas":17},"geometry":{"type":"LineString","coordinates":[[-72.987906,4.469692],[-72.989001,4.468995]]}},{"type":"Feature","properties":{"linea":"7-4-150","palmas":6},"geometry":{"type":"LineString","coordinates":[[-72.989579,4.479395],[-72.98922,4.479207]]}},{"type":"Feature","properties":{"linea":"7-4-151","palmas":7},"geometry":{"type":"LineString","coordinates":[[-72.989648,4.479352],[-72.989216,4.479126]]}},{"type":"Feature","properties":{"linea":"7-4-152","palmas":8},"geometry":{"type":"LineString","coordinates":[[-72.989716,4.479308],[-72.989213,4.479044]]}},{"type":"Feature","properties":{"linea":"7-4-153","palmas":9},"geometry":{"type":"LineString","coordinates":[[-72.989784,4.479264],[-72.989209,4.478963]]}},{"type":"Feature","properties":{"linea":"7-4-154","palmas":10},"geometry":{"type":"LineString","coordinates":[[-72.989853,4.479221],[-72.989206,4.478882]]}},{"type":"Feature","properties":{"linea":"7-4-155","palmas":11},"geometry":{"type":"LineString","coordinates":[[-72.989921,4.479177],[-72.989203,4.4788]]}},{"type":"Feature","properties":{"linea":"7-4-156","palmas":12},"geometry":{"type":"LineString","coordinates":[[-72.98999,4.479134],[-72.989199,4.478719]]}},{"type":"Feature","properties":{"linea":"7-4-157","palmas":13},"geometry":{"type":"LineString","coordinates":[[-72.990058,4.47909],[-72.989196,4.478638]]}},{"type":"Feature","properties":{"linea":"7-4-158","palmas":14},"geometry":{"type":"LineString","coordinates":[[-72.990126,4.479046],[-72.989192,4.478556]]}},{"type":"Feature","properties":{"linea":"7-4-159","palmas":14},"geometry":{"type":"LineString","coordinates":[[-72.990123,4.478965],[-72.989189,4.478475]]}},{"type":"Feature","properties":{"linea":"7-4-16","palmas":18},"geometry":{"type":"LineString","coordinates":[[-72.98791,4.469774],[-72.989073,4.469032]]}},{"type":"Feature","properties":{"linea":"7-4-160","palmas":15},"geometry":{"type":"LineString","coordinates":[[-72.990191,4.478921],[-72.989186,4.478394]]}},{"type":"Feature","properties":{"linea":"7-4-161","palmas":15},"geometry":{"type":"LineString","coordinates":[[-72.990188,4.47884],[-72.989182,4.478313]]}},{"type":"Feature","properties":{"linea":"7-4-162","palmas":15},"geometry":{"type":"LineString","coordinates":[[-72.990185,4.478759],[-72.989179,4.478231]]}},{"type":"Feature","properties":{"linea":"7-4-163","palmas":15},"geometry":{"type":"LineString","coordinates":[[-72.990181,4.478677],[-72.989175,4.47815]]}},{"type":"Feature","properties":{"linea":"7-4-164","palmas":15},"geometry":{"type":"LineString","coordinates":[[-72.990178,4.478596],[-72.989172,4.478069]]}},{"type":"Feature","properties":{"linea":"7-4-165","palmas":15},"geometry":{"type":"LineString","coordinates":[[-72.990174,4.478515],[-72.989168,4.477987]]}},{"type":"Feature","properties":{"linea":"7-4-166","palmas":15},"geometry":{"type":"LineString","coordinates":[[-72.990171,4.478434],[-72.989165,4.477906]]}},{"type":"Feature","properties":{"linea":"7-4-167","palmas":15},"geometry":{"type":"LineString","coordinates":[[-72.990167,4.478352],[-72.989162,4.477825]]}},{"type":"Feature","properties":{"linea":"7-4-168","palmas":15},"geometry":{"type":"LineString","coordinates":[[-72.990164,4.478271],[-72.989158,4.477743]]}},{"type":"Feature","properties":{"linea":"7-4-169","palmas":15},"geometry":{"type":"LineString","coordinates":[[-72.990161,4.47819],[-72.989155,4.477662]]}},{"type":"Feature","properties":{"linea":"7-4-17","palmas":19},"geometry":{"type":"LineString","coordinates":[[-72.987913,4.469855],[-72.989145,4.46907]]}},{"type":"Feature","properties":{"linea":"7-4-170","palmas":15},"geometry":{"type":"LineString","coordinates":[[-72.990157,4.478108],[-72.989151,4.477581]]}},{"type":"Feature","properties":{"linea":"7-4-171","palmas":15},"geometry":{"type":"LineString","coordinates":[[-72.990154,4.478027],[-72.989148,4.477499]]}},{"type":"Feature","properties":{"linea":"7-4-172","palmas":15},"geometry":{"type":"LineString","coordinates":[[-72.990151,4.477946],[-72.989144,4.477418]]}},{"type":"Feature","properties":{"linea":"7-4-173","palmas":15},"geometry":{"type":"LineString","coordinates":[[-72.990147,4.477864],[-72.989141,4.477337]]}},{"type":"Feature","properties":{"linea":"7-4-174","palmas":15},"geometry":{"type":"LineString","coordinates":[[-72.990144,4.477783],[-72.989137,4.477256]]}},{"type":"Feature","properties":{"linea":"7-4-175","palmas":15},"geometry":{"type":"LineString","coordinates":[[-72.99014,4.477702],[-72.989134,4.477174]]}},{"type":"Feature","properties":{"linea":"7-4-176","palmas":15},"geometry":{"type":"LineString","coordinates":[[-72.990137,4.477621],[-72.989131,4.477093]]}},{"type":"Feature","properties":{"linea":"7-4-177","palmas":15},"geometry":{"type":"LineString","coordinates":[[-72.990133,4.477539],[-72.989127,4.477012]]}},{"type":"Feature","properties":{"linea":"7-4-178","palmas":15},"geometry":{"type":"LineString","coordinates":[[-72.99013,4.477458],[-72.989124,4.47693]]}},{"type":"Feature","properties":{"linea":"7-4-179","palmas":15},"geometry":{"type":"LineString","coordinates":[[-72.990127,4.477377],[-72.989121,4.476849]]}},{"type":"Feature","properties":{"linea":"7-4-18","palmas":20},"geometry":{"type":"LineString","coordinates":[[-72.987916,4.469936],[-72.989217,4.469108]]}},{"type":"Feature","properties":{"linea":"7-4-180","palmas":15},"geometry":{"type":"LineString","coordinates":[[-72.990123,4.477295],[-72.989117,4.476768]]}},{"type":"Feature","properties":{"linea":"7-4-181","palmas":15},"geometry":{"type":"LineString","coordinates":[[-72.99012,4.477214],[-72.989114,4.476686]]}},{"type":"Feature","properties":{"linea":"7-4-182","palmas":15},"geometry":{"type":"LineString","coordinates":[[-72.990116,4.477133],[-72.98911,4.476605]]}},{"type":"Feature","properties":{"linea":"7-4-183","palmas":15},"geometry":{"type":"LineString","coordinates":[[-72.990113,4.477051],[-72.989107,4.476524]]}},{"type":"Feature","properties":{"linea":"7-4-184","palmas":15},"geometry":{"type":"LineString","coordinates":[[-72.990109,4.47697],[-72.989103,4.476443]]}},{"type":"Feature","properties":{"linea":"7-4-185","palmas":15},"geometry":{"type":"LineString","coordinates":[[-72.990106,4.476889],[-72.9891,4.476361]]}},{"type":"Feature","properties":{"linea":"7-4-186","palmas":15},"geometry":{"type":"LineString","coordinates":[[-72.990103,4.476808],[-72.989097,4.47628]]}},{"type":"Feature","properties":{"linea":"7-4-187","palmas":15},"geometry":{"type":"LineString","coordinates":[[-72.990099,4.476726],[-72.989093,4.476199]]}},{"type":"Feature","properties":{"linea":"7-4-188","palmas":15},"geometry":{"type":"LineString","coordinates":[[-72.990096,4.476645],[-72.98909,4.476117]]}},{"type":"Feature","properties":{"linea":"7-4-189","palmas":15},"geometry":{"type":"LineString","coordinates":[[-72.990093,4.476564],[-72.989086,4.476036]]}},{"type":"Feature","properties":{"linea":"7-4-19","palmas":21},"geometry":{"type":"LineString","coordinates":[[-72.98792,4.470018],[-72.989289,4.469145]]}},{"type":"Feature","properties":{"linea":"7-4-190","palmas":15},"geometry":{"type":"LineString","coordinates":[[-72.990089,4.476482],[-72.989083,4.475955]]}},{"type":"Feature","properties":{"linea":"7-4-191","palmas":15},"geometry":{"type":"LineString","coordinates":[[-72.990086,4.476401],[-72.989079,4.475874]]}},{"type":"Feature","properties":{"linea":"7-4-192","palmas":15},"geometry":{"type":"LineString","coordinates":[[-72.990082,4.47632],[-72.989076,4.475792]]}},{"type":"Feature","properties":{"linea":"7-4-193","palmas":15},"geometry":{"type":"LineString","coordinates":[[-72.990079,4.476238],[-72.989073,4.475711]]}},{"type":"Feature","properties":{"linea":"7-4-194","palmas":15},"geometry":{"type":"LineString","coordinates":[[-72.990075,4.476157],[-72.989069,4.47563]]}},{"type":"Feature","properties":{"linea":"7-4-195","palmas":15},"geometry":{"type":"LineString","coordinates":[[-72.990072,4.476076],[-72.989066,4.475548]]}},{"type":"Feature","properties":{"linea":"7-4-196","palmas":15},"geometry":{"type":"LineString","coordinates":[[-72.990069,4.475994],[-72.989063,4.475467]]}},{"type":"Feature","properties":{"linea":"7-4-197","palmas":15},"geometry":{"type":"LineString","coordinates":[[-72.990065,4.475913],[-72.989059,4.475386]]}},{"type":"Feature","properties":{"linea":"7-4-198","palmas":15},"geometry":{"type":"LineString","coordinates":[[-72.990062,4.475832],[-72.989056,4.475304]]}},{"type":"Feature","properties":{"linea":"7-4-199","palmas":26},"geometry":{"type":"LineString","coordinates":[[-72.990058,4.475751],[-72.988262,4.474809]]}},{"type":"Feature","properties":{"linea":"7-4-2","palmas":2},"geometry":{"type":"LineString","coordinates":[[-72.987862,4.468636],[-72.98793,4.468592]]}},{"type":"Feature","properties":{"linea":"7-4-20","palmas":22},"geometry":{"type":"LineString","coordinates":[[-72.987923,4.470099],[-72.989361,4.469183]]}},{"type":"Feature","properties":{"linea":"7-4-200","palmas":27},"geometry":{"type":"LineString","coordinates":[[-72.990055,4.475669],[-72.988186,4.47469]]}},{"type":"Feature","properties":{"linea":"7-4-201","palmas":27},"geometry":{"type":"LineString","coordinates":[[-72.990051,4.475588],[-72.988183,4.474608]]}},{"type":"Feature","properties":{"linea":"7-4-202","palmas":27},"geometry":{"type":"LineString","coordinates":[[-72.990048,4.475507],[-72.98818,4.474527]]}},{"type":"Feature","properties":{"linea":"7-4-203","palmas":27},"geometry":{"type":"LineString","coordinates":[[-72.990045,4.475425],[-72.988176,4.474446]]}},{"type":"Feature","properties":{"linea":"7-4-204","palmas":27},"geometry":{"type":"LineString","coordinates":[[-72.990041,4.475344],[-72.988173,4.474364]]}},{"type":"Feature","properties":{"linea":"7-4-205","palmas":27},"geometry":{"type":"LineString","coordinates":[[-72.990038,4.475263],[-72.988169,4.474283]]}},{"type":"Feature","properties":{"linea":"7-4-206","palmas":27},"geometry":{"type":"LineString","coordinates":[[-72.990034,4.475181],[-72.988166,4.474202]]}},{"type":"Feature","properties":{"linea":"7-4-207","palmas":27},"geometry":{"type":"LineString","coordinates":[[-72.990031,4.4751],[-72.988163,4.474121]]}},{"type":"Feature","properties":{"linea":"7-4-208","palmas":27},"geometry":{"type":"LineString","coordinates":[[-72.990027,4.475019],[-72.988159,4.474039]]}},{"type":"Feature","properties":{"linea":"7-4-209","palmas":27},"geometry":{"type":"LineString","coordinates":[[-72.990024,4.474938],[-72.988156,4.473958]]}},{"type":"Feature","properties":{"linea":"7-4-21","palmas":23},"geometry":{"type":"LineString","coordinates":[[-72.987927,4.47018],[-72.989433,4.469221]]}},{"type":"Feature","properties":{"linea":"7-4-210","palmas":27},"geometry":{"type":"LineString","coordinates":[[-72.990021,4.474856],[-72.988152,4.473877]]}},{"type":"Feature","properties":{"linea":"7-4-211","palmas":27},"geometry":{"type":"LineString","coordinates":[[-72.990017,4.474775],[-72.988149,4.473795]]}},{"type":"Feature","properties":{"linea":"7-4-212","palmas":27},"geometry":{"type":"LineString","coordinates":[[-72.990014,4.474694],[-72.988146,4.473714]]}},{"type":"Feature","properties":{"linea":"7-4-213","palmas":27},"geometry":{"type":"LineString","coordinates":[[-72.990011,4.474613],[-72.988142,4.473633]]}},{"type":"Feature","properties":{"linea":"7-4-214","palmas":27},"geometry":{"type":"LineString","coordinates":[[-72.990007,4.474531],[-72.988139,4.473551]]}},{"type":"Feature","properties":{"linea":"7-4-215","palmas":26},"geometry":{"type":"LineString","coordinates":[[-72.990004,4.47445],[-72.988207,4.473508]]}},{"type":"Feature","properties":{"linea":"7-4-216","palmas":26},"geometry":{"type":"LineString","coordinates":[[-72.99,4.474369],[-72.988204,4.473426]]}},{"type":"Feature","properties":{"linea":"7-4-217","palmas":25},"geometry":{"type":"LineString","coordinates":[[-72.989997,4.474287],[-72.988272,4.473383]]}},{"type":"Feature","properties":{"linea":"7-4-218","palmas":25},"geometry":{"type":"LineString","coordinates":[[-72.989993,4.474206],[-72.988269,4.473302]]}},{"type":"Feature","properties":{"linea":"7-4-219","palmas":24},"geometry":{"type":"LineString","coordinates":[[-72.98999,4.474125],[-72.988337,4.473258]]}},{"type":"Feature","properties":{"linea":"7-4-22","palmas":24},"geometry":{"type":"LineString","coordinates":[[-72.98793,4.470262],[-72.989504,4.469258]]}},{"type":"Feature","properties":{"linea":"7-4-220","palmas":24},"geometry":{"type":"LineString","coordinates":[[-72.989987,4.474043],[-72.988334,4.473177]]}},{"type":"Feature","properties":{"linea":"7-4-221","palmas":23},"geometry":{"type":"LineString","coordinates":[[-72.989983,4.473962],[-72.988402,4.473133]]}},{"type":"Feature","properties":{"linea":"7-4-222","palmas":23},"geometry":{"type":"LineString","coordinates":[[-72.98998,4.473881],[-72.988399,4.473052]]}},{"type":"Feature","properties":{"linea":"7-4-223","palmas":22},"geometry":{"type":"LineString","coordinates":[[-72.989976,4.473799],[-72.988467,4.473008]]}},{"type":"Feature","properties":{"linea":"7-4-224","palmas":22},"geometry":{"type":"LineString","coordinates":[[-72.989973,4.473718],[-72.988464,4.472927]]}},{"type":"Feature","properties":{"linea":"7-4-225","palmas":21},"geometry":{"type":"LineString","coordinates":[[-72.989969,4.473637],[-72.988532,4.472883]]}},{"type":"Feature","properties":{"linea":"7-4-226","palmas":21},"geometry":{"type":"LineString","coordinates":[[-72.989966,4.473556],[-72.988529,4.472802]]}},{"type":"Feature","properties":{"linea":"7-4-227","palmas":20},"geometry":{"type":"LineString","coordinates":[[-72.989963,4.473474],[-72.988597,4.472758]]}},{"type":"Feature","properties":{"linea":"7-4-228","palmas":20},"geometry":{"type":"LineString","coordinates":[[-72.989959,4.473393],[-72.988594,4.472677]]}},{"type":"Feature","properties":{"linea":"7-4-229","palmas":19},"geometry":{"type":"LineString","coordinates":[[-72.989956,4.473312],[-72.988662,4.472633]]}},{"type":"Feature","properties":{"linea":"7-4-23","palmas":25},"geometry":{"type":"LineString","coordinates":[[-72.987934,4.470343],[-72.989576,4.469296]]}},{"type":"Feature","properties":{"linea":"7-4-230","palmas":19},"geometry":{"type":"LineString","coordinates":[[-72.989952,4.47323],[-72.988659,4.472552]]}},{"type":"Feature","properties":{"linea":"7-4-231","palmas":18},"geometry":{"type":"LineString","coordinates":[[-72.989949,4.473149],[-72.988727,4.472508]]}},{"type":"Feature","properties":{"linea":"7-4-232","palmas":18},"geometry":{"type":"LineString","coordinates":[[-72.989946,4.473068],[-72.988724,4.472427]]}},{"type":"Feature","properties":{"linea":"7-4-233","palmas":17},"geometry":{"type":"LineString","coordinates":[[-72.989942,4.472986],[-72.988792,4.472384]]}},{"type":"Feature","properties":{"linea":"7-4-234","palmas":17},"geometry":{"type":"LineString","coordinates":[[-72.989939,4.472905],[-72.988789,4.472302]]}},{"type":"Feature","properties":{"linea":"7-4-235","palmas":16},"geometry":{"type":"LineString","coordinates":[[-72.989935,4.472824],[-72.988857,4.472259]]}},{"type":"Feature","properties":{"linea":"7-4-236","palmas":16},"geometry":{"type":"LineString","coordinates":[[-72.989932,4.472742],[-72.988854,4.472177]]}},{"type":"Feature","properties":{"linea":"7-4-237","palmas":15},"geometry":{"type":"LineString","coordinates":[[-72.989928,4.472661],[-72.988923,4.472134]]}},{"type":"Feature","properties":{"linea":"7-4-238","palmas":15},"geometry":{"type":"LineString","coordinates":[[-72.989925,4.47258],[-72.988919,4.472052]]}},{"type":"Feature","properties":{"linea":"7-4-239","palmas":14},"geometry":{"type":"LineString","coordinates":[[-72.989922,4.472499],[-72.988988,4.472009]]}},{"type":"Feature","properties":{"linea":"7-4-24","palmas":26},"geometry":{"type":"LineString","coordinates":[[-72.987937,4.470424],[-72.989648,4.469334]]}},{"type":"Feature","properties":{"linea":"7-4-240","palmas":14},"geometry":{"type":"LineString","coordinates":[[-72.989918,4.472417],[-72.988984,4.471928]]}},{"type":"Feature","properties":{"linea":"7-4-241","palmas":13},"geometry":{"type":"LineString","coordinates":[[-72.989915,4.472336],[-72.989052,4.471884]]}},{"type":"Feature","properties":{"linea":"7-4-242","palmas":13},"geometry":{"type":"LineString","coordinates":[[-72.989911,4.472255],[-72.989049,4.471802]]}},{"type":"Feature","properties":{"linea":"7-4-243","palmas":12},"geometry":{"type":"LineString","coordinates":[[-72.989908,4.472173],[-72.989118,4.471759]]}},{"type":"Feature","properties":{"linea":"7-4-244","palmas":12},"geometry":{"type":"LineString","coordinates":[[-72.989904,4.472092],[-72.989114,4.471678]]}},{"type":"Feature","properties":{"linea":"7-4-245","palmas":11},"geometry":{"type":"LineString","coordinates":[[-72.989901,4.472011],[-72.989182,4.471634]]}},{"type":"Feature","properties":{"linea":"7-4-246","palmas":11},"geometry":{"type":"LineString","coordinates":[[-72.989898,4.471929],[-72.989179,4.471553]]}},{"type":"Feature","properties":{"linea":"7-4-247","palmas":10},"geometry":{"type":"LineString","coordinates":[[-72.989894,4.471848],[-72.989248,4.471509]]}},{"type":"Feature","properties":{"linea":"7-4-248","palmas":10},"geometry":{"type":"LineString","coordinates":[[-72.989891,4.471767],[-72.989244,4.471428]]}},{"type":"Feature","properties":{"linea":"7-4-249","palmas":9},"geometry":{"type":"LineString","coordinates":[[-72.989887,4.471686],[-72.989312,4.471384]]}},{"type":"Feature","properties":{"linea":"7-4-25","palmas":28},"geometry":{"type":"LineString","coordinates":[[-72.98794,4.470506],[-72.989788,4.469328]]}},{"type":"Feature","properties":{"linea":"7-4-250","palmas":9},"geometry":{"type":"LineString","coordinates":[[-72.989884,4.471604],[-72.989309,4.471303]]}},{"type":"Feature","properties":{"linea":"7-4-251","palmas":8},"geometry":{"type":"LineString","coordinates":[[-72.989881,4.471523],[-72.989378,4.471259]]}},{"type":"Feature","properties":{"linea":"7-4-252","palmas":8},"geometry":{"type":"LineString","coordinates":[[-72.989877,4.471442],[-72.989374,4.471178]]}},{"type":"Feature","properties":{"linea":"7-4-253","palmas":7},"geometry":{"type":"LineString","coordinates":[[-72.989874,4.47136],[-72.989442,4.471134]]}},{"type":"Feature","properties":{"linea":"7-4-254","palmas":7},"geometry":{"type":"LineString","coordinates":[[-72.98987,4.471279],[-72.989439,4.471053]]}},{"type":"Feature","properties":{"linea":"7-4-255","palmas":6},"geometry":{"type":"LineString","coordinates":[[-72.989867,4.471198],[-72.989508,4.471009]]}},{"type":"Feature","properties":{"linea":"7-4-256","palmas":6},"geometry":{"type":"LineString","coordinates":[[-72.989864,4.471116],[-72.989504,4.470928]]}},{"type":"Feature","properties":{"linea":"7-4-257","palmas":5},"geometry":{"type":"LineString","coordinates":[[-72.98986,4.471035],[-72.989573,4.470884]]}},{"type":"Feature","properties":{"linea":"7-4-258","palmas":5},"geometry":{"type":"LineString","coordinates":[[-72.989857,4.470954],[-72.989569,4.470803]]}},{"type":"Feature","properties":{"linea":"7-4-259","palmas":4},"geometry":{"type":"LineString","coordinates":[[-72.989853,4.470873],[-72.989638,4.470759]]}},{"type":"Feature","properties":{"linea":"7-4-26","palmas":29},"geometry":{"type":"LineString","coordinates":[[-72.987944,4.470587],[-72.98986,4.469366]]}},{"type":"Feature","properties":{"linea":"7-4-260","palmas":4},"geometry":{"type":"LineString","coordinates":[[-72.98985,4.470791],[-72.989634,4.470678]]}},{"type":"Feature","properties":{"linea":"7-4-261","palmas":3},"geometry":{"type":"LineString","coordinates":[[-72.989846,4.47071],[-72.989703,4.470634]]}},{"type":"Feature","properties":{"linea":"7-4-262","palmas":3},"geometry":{"type":"LineString","coordinates":[[-72.989843,4.470629],[-72.989699,4.470553]]}},{"type":"Feature","properties":{"linea":"7-4-263","palmas":2},"geometry":{"type":"LineString","coordinates":[[-72.98984,4.470547],[-72.989768,4.47051]]}},{"type":"Feature","properties":{"linea":"7-4-264","palmas":2},"geometry":{"type":"LineString","coordinates":[[-72.989836,4.470466],[-72.989764,4.470428]]}},{"type":"Feature","properties":{"linea":"7-4-268","palmas":2},"geometry":{"type":"LineString","coordinates":[[-72.990274,4.479203],[-72.990346,4.479241]]}},{"type":"Feature","properties":{"linea":"7-4-269","palmas":3},"geometry":{"type":"LineString","coordinates":[[-72.990205,4.479247],[-72.990349,4.479322]]}},{"type":"Feature","properties":{"linea":"7-4-27","palmas":29},"geometry":{"type":"LineString","coordinates":[[-72.987947,4.470668],[-72.989864,4.469447]]}},{"type":"Feature","properties":{"linea":"7-4-270","palmas":4},"geometry":{"type":"LineString","coordinates":[[-72.990137,4.47929],[-72.990352,4.479403]]}},{"type":"Feature","properties":{"linea":"7-4-271","palmas":5},"geometry":{"type":"LineString","coordinates":[[-72.990068,4.479334],[-72.990356,4.479484]]}},{"type":"Feature","properties":{"linea":"7-4-272","palmas":6},"geometry":{"type":"LineString","coordinates":[[-72.99,4.479378],[-72.990359,4.479566]]}},{"type":"Feature","properties":{"linea":"7-4-273","palmas":7},"geometry":{"type":"LineString","coordinates":[[-72.989931,4.479421],[-72.990363,4.479647]]}},{"type":"Feature","properties":{"linea":"7-4-274","palmas":8},"geometry":{"type":"LineString","coordinates":[[-72.989863,4.479465],[-72.990366,4.479728]]}},{"type":"Feature","properties":{"linea":"7-4-275","palmas":9},"geometry":{"type":"LineString","coordinates":[[-72.989794,4.479508],[-72.990369,4.47981]]}},{"type":"Feature","properties":{"linea":"7-4-276","palmas":10},"geometry":{"type":"LineString","coordinates":[[-72.989726,4.479552],[-72.990373,4.479891]]}},{"type":"Feature","properties":{"linea":"7-4-277","palmas":11},"geometry":{"type":"LineString","coordinates":[[-72.989658,4.479596],[-72.990376,4.479972]]}},{"type":"Feature","properties":{"linea":"7-4-278","palmas":11},"geometry":{"type":"LineString","coordinates":[[-72.989589,4.479639],[-72.990308,4.480016]]}},{"type":"Feature","properties":{"linea":"7-4-279","palmas":11},"geometry":{"type":"LineString","coordinates":[[-72.989521,4.479683],[-72.990239,4.480059]]}},{"type":"Feature","properties":{"linea":"7-4-28","palmas":29},"geometry":{"type":"LineString","coordinates":[[-72.987951,4.470749],[-72.989867,4.469528]]}},{"type":"Feature","properties":{"linea":"7-4-280","palmas":11},"geometry":{"type":"LineString","coordinates":[[-72.989452,4.479726],[-72.990171,4.480103]]}},{"type":"Feature","properties":{"linea":"7-4-281","palmas":11},"geometry":{"type":"LineString","coordinates":[[-72.989384,4.47977],[-72.990103,4.480147]]}},{"type":"Feature","properties":{"linea":"7-4-282","palmas":11},"geometry":{"type":"LineString","coordinates":[[-72.989315,4.479814],[-72.990034,4.480191]]}},{"type":"Feature","properties":{"linea":"7-4-283","palmas":11},"geometry":{"type":"LineString","coordinates":[[-72.989247,4.479857],[-72.989966,4.480234]]}},{"type":"Feature","properties":{"linea":"7-4-284","palmas":11},"geometry":{"type":"LineString","coordinates":[[-72.989179,4.479901],[-72.989897,4.480278]]}},{"type":"Feature","properties":{"linea":"7-4-285","palmas":11},"geometry":{"type":"LineString","coordinates":[[-72.98911,4.479944],[-72.989829,4.480321]]}},{"type":"Feature","properties":{"linea":"7-4-286","palmas":11},"geometry":{"type":"LineString","coordinates":[[-72.989042,4.479988],[-72.98976,4.480365]]}},{"type":"Feature","properties":{"linea":"7-4-287","palmas":11},"geometry":{"type":"LineString","coordinates":[[-72.988973,4.480032],[-72.989692,4.480409]]}},{"type":"Feature","properties":{"linea":"7-4-288","palmas":11},"geometry":{"type":"LineString","coordinates":[[-72.988905,4.480075],[-72.989623,4.480452]]}},{"type":"Feature","properties":{"linea":"7-4-289","palmas":11},"geometry":{"type":"LineString","coordinates":[[-72.988836,4.480119],[-72.989555,4.480496]]}},{"type":"Feature","properties":{"linea":"7-4-29","palmas":29},"geometry":{"type":"LineString","coordinates":[[-72.987954,4.470831],[-72.989871,4.469609]]}},{"type":"Feature","properties":{"linea":"7-4-290","palmas":11},"geometry":{"type":"LineString","coordinates":[[-72.988768,4.480163],[-72.989486,4.480539]]}},{"type":"Feature","properties":{"linea":"7-4-291","palmas":11},"geometry":{"type":"LineString","coordinates":[[-72.988699,4.480206],[-72.989418,4.480583]]}},{"type":"Feature","properties":{"linea":"7-4-292","palmas":11},"geometry":{"type":"LineString","coordinates":[[-72.988631,4.48025],[-72.989349,4.480627]]}},{"type":"Feature","properties":{"linea":"7-4-293","palmas":11},"geometry":{"type":"LineString","coordinates":[[-72.988563,4.480293],[-72.989281,4.48067]]}},{"type":"Feature","properties":{"linea":"7-4-294","palmas":11},"geometry":{"type":"LineString","coordinates":[[-72.988494,4.480337],[-72.989213,4.480714]]}},{"type":"Feature","properties":{"linea":"7-4-295","palmas":11},"geometry":{"type":"LineString","coordinates":[[-72.988426,4.480381],[-72.989144,4.480758]]}},{"type":"Feature","properties":{"linea":"7-4-296","palmas":10},"geometry":{"type":"LineString","coordinates":[[-72.988429,4.480462],[-72.989076,4.480801]]}},{"type":"Feature","properties":{"linea":"7-4-297","palmas":9},"geometry":{"type":"LineString","coordinates":[[-72.988433,4.480543],[-72.989007,4.480845]]}},{"type":"Feature","properties":{"linea":"7-4-298","palmas":8},"geometry":{"type":"LineString","coordinates":[[-72.988436,4.480625],[-72.988939,4.480888]]}},{"type":"Feature","properties":{"linea":"7-4-299","palmas":7},"geometry":{"type":"LineString","coordinates":[[-72.988439,4.480706],[-72.988871,4.480932]]}},{"type":"Feature","properties":{"linea":"7-4-3","palmas":4},"geometry":{"type":"LineString","coordinates":[[-72.987865,4.468717],[-72.988071,4.468586]]}},{"type":"Feature","properties":{"linea":"7-4-30","palmas":29},"geometry":{"type":"LineString","coordinates":[[-72.987958,4.470912],[-72.989874,4.469691]]}},{"type":"Feature","properties":{"linea":"7-4-300","palmas":6},"geometry":{"type":"LineString","coordinates":[[-72.988443,4.480787],[-72.988802,4.480976]]}},{"type":"Feature","properties":{"linea":"7-4-301","palmas":5},"geometry":{"type":"LineString","coordinates":[[-72.988446,4.480869],[-72.988734,4.481019]]}},{"type":"Feature","properties":{"linea":"7-4-302","palmas":4},"geometry":{"type":"LineString","coordinates":[[-72.988449,4.48095],[-72.988665,4.481063]]}},{"type":"Feature","properties":{"linea":"7-4-303","palmas":3},"geometry":{"type":"LineString","coordinates":[[-72.988453,4.481031],[-72.988597,4.481106]]}},{"type":"Feature","properties":{"linea":"7-4-304","palmas":2},"geometry":{"type":"LineString","coordinates":[[-72.988456,4.481113],[-72.988528,4.48115]]}},{"type":"Feature","properties":{"linea":"7-4-306","palmas":29},"geometry":{"type":"LineString","coordinates":[[-72.988467,4.481356],[-72.990383,4.480135]]}},{"type":"Feature","properties":{"linea":"7-4-307","palmas":29},"geometry":{"type":"LineString","coordinates":[[-72.98847,4.481438],[-72.990386,4.480216]]}},{"type":"Feature","properties":{"linea":"7-4-308","palmas":28},"geometry":{"type":"LineString","coordinates":[[-72.988473,4.481519],[-72.990321,4.480341]]}},{"type":"Feature","properties":{"linea":"7-4-309","palmas":28},"geometry":{"type":"LineString","coordinates":[[-72.988477,4.4816],[-72.990325,4.480423]]}},{"type":"Feature","properties":{"linea":"7-4-31","palmas":29},"geometry":{"type":"LineString","coordinates":[[-72.987961,4.470993],[-72.989877,4.469772]]}},{"type":"Feature","properties":{"linea":"7-4-310","palmas":26},"geometry":{"type":"LineString","coordinates":[[-72.98848,4.481681],[-72.990191,4.480591]]}},{"type":"Feature","properties":{"linea":"7-4-311","palmas":23},"geometry":{"type":"LineString","coordinates":[[-72.988484,4.481763],[-72.989989,4.480803]]}},{"type":"Feature","properties":{"linea":"7-4-312","palmas":22},"geometry":{"type":"LineString","coordinates":[[-72.988487,4.481844],[-72.989924,4.480928]]}},{"type":"Feature","properties":{"linea":"7-4-313","palmas":19},"geometry":{"type":"LineString","coordinates":[[-72.988491,4.481926],[-72.989722,4.48114]]}},{"type":"Feature","properties":{"linea":"7-4-314","palmas":19},"geometry":{"type":"LineString","coordinates":[[-72.988494,4.482007],[-72.989726,4.481222]]}},{"type":"Feature","properties":{"linea":"7-4-315","palmas":20},"geometry":{"type":"LineString","coordinates":[[-72.988497,4.482088],[-72.989798,4.481259]]}},{"type":"Feature","properties":{"linea":"7-4-316","palmas":19},"geometry":{"type":"LineString","coordinates":[[-72.988501,4.482169],[-72.989733,4.481384]]}},{"type":"Feature","properties":{"linea":"7-4-317","palmas":21},"geometry":{"type":"LineString","coordinates":[[-72.988504,4.482251],[-72.990421,4.481029]]}},{"type":"Feature","properties":{"linea":"7-4-318","palmas":21},"geometry":{"type":"LineString","coordinates":[[-72.988507,4.482332],[-72.990424,4.481111]]}},{"type":"Feature","properties":{"linea":"7-4-319","palmas":24},"geometry":{"type":"LineString","coordinates":[[-72.988511,4.482413],[-72.990427,4.481192]]}},{"type":"Feature","properties":{"linea":"7-4-32","palmas":29},"geometry":{"type":"LineString","coordinates":[[-72.987964,4.471075],[-72.989881,4.469853]]}},{"type":"Feature","properties":{"linea":"7-4-320","palmas":26},"geometry":{"type":"LineString","coordinates":[[-72.988514,4.482494],[-72.990431,4.481273]]}},{"type":"Feature","properties":{"linea":"7-4-321","palmas":26},"geometry":{"type":"LineString","coordinates":[[-72.988518,4.482576],[-72.990434,4.481354]]}},{"type":"Feature","properties":{"linea":"7-4-322","palmas":29},"geometry":{"type":"LineString","coordinates":[[-72.988521,4.482657],[-72.990438,4.481436]]}},{"type":"Feature","properties":{"linea":"7-4-323","palmas":29},"geometry":{"type":"LineString","coordinates":[[-72.988525,4.482738],[-72.990441,4.481517]]}},{"type":"Feature","properties":{"linea":"7-4-324","palmas":29},"geometry":{"type":"LineString","coordinates":[[-72.988528,4.48282],[-72.990444,4.481598]]}},{"type":"Feature","properties":{"linea":"7-4-325","palmas":29},"geometry":{"type":"LineString","coordinates":[[-72.988531,4.482901],[-72.990448,4.48168]]}},{"type":"Feature","properties":{"linea":"7-4-326","palmas":29},"geometry":{"type":"LineString","coordinates":[[-72.988535,4.482982],[-72.990451,4.481761]]}},{"type":"Feature","properties":{"linea":"7-4-327","palmas":29},"geometry":{"type":"LineString","coordinates":[[-72.988538,4.483064],[-72.990455,4.481842]]}},{"type":"Feature","properties":{"linea":"7-4-328","palmas":29},"geometry":{"type":"LineString","coordinates":[[-72.988542,4.483145],[-72.990458,4.481924]]}},{"type":"Feature","properties":{"linea":"7-4-329","palmas":29},"geometry":{"type":"LineString","coordinates":[[-72.988545,4.483226],[-72.990462,4.482005]]}},{"type":"Feature","properties":{"linea":"7-4-33","palmas":28},"geometry":{"type":"LineString","coordinates":[[-72.987968,4.471156],[-72.989816,4.469978]]}},{"type":"Feature","properties":{"linea":"7-4-330","palmas":28},"geometry":{"type":"LineString","coordinates":[[-72.988549,4.483308],[-72.990397,4.48213]]}},{"type":"Feature","properties":{"linea":"7-4-331","palmas":27},"geometry":{"type":"LineString","coordinates":[[-72.988552,4.483389],[-72.990332,4.482255]]}},{"type":"Feature","properties":{"linea":"7-4-332","palmas":26},"geometry":{"type":"LineString","coordinates":[[-72.988555,4.48347],[-72.990267,4.48238]]}},{"type":"Feature","properties":{"linea":"7-4-333","palmas":25},"geometry":{"type":"LineString","coordinates":[[-72.988559,4.483551],[-72.990202,4.482504]]}},{"type":"Feature","properties":{"linea":"7-4-334","palmas":24},"geometry":{"type":"LineString","coordinates":[[-72.988562,4.483633],[-72.990136,4.482629]]}},{"type":"Feature","properties":{"linea":"7-4-335","palmas":23},"geometry":{"type":"LineString","coordinates":[[-72.988566,4.483714],[-72.990071,4.482754]]}},{"type":"Feature","properties":{"linea":"7-4-336","palmas":22},"geometry":{"type":"LineString","coordinates":[[-72.988569,4.483795],[-72.990006,4.482879]]}},{"type":"Feature","properties":{"linea":"7-4-337","palmas":21},"geometry":{"type":"LineString","coordinates":[[-72.988573,4.483877],[-72.989941,4.483004]]}},{"type":"Feature","properties":{"linea":"7-4-338","palmas":20},"geometry":{"type":"LineString","coordinates":[[-72.988576,4.483958],[-72.989876,4.483129]]}},{"type":"Feature","properties":{"linea":"7-4-339","palmas":19},"geometry":{"type":"LineString","coordinates":[[-72.988668,4.486153],[-72.988607,4.48469]]}},{"type":"Feature","properties":{"linea":"7-4-34","palmas":28},"geometry":{"type":"LineString","coordinates":[[-72.987971,4.471237],[-72.989819,4.470059]]}},{"type":"Feature","properties":{"linea":"7-4-340","palmas":24},"geometry":{"type":"LineString","coordinates":[[-72.98873,4.485947],[-72.988651,4.484077]]}},{"type":"Feature","properties":{"linea":"7-4-341","palmas":23},"geometry":{"type":"LineString","coordinates":[[-72.988795,4.485822],[-72.98872,4.484033]]}},{"type":"Feature","properties":{"linea":"7-4-342","palmas":22},"geometry":{"type":"LineString","coordinates":[[-72.98886,4.485697],[-72.988788,4.48399]]}},{"type":"Feature","properties":{"linea":"7-4-343","palmas":21},"geometry":{"type":"LineString","coordinates":[[-72.988925,4.485572],[-72.988856,4.483946]]}},{"type":"Feature","properties":{"linea":"7-4-344","palmas":20},"geometry":{"type":"LineString","coordinates":[[-72.98899,4.485447],[-72.988925,4.483903]]}},{"type":"Feature","properties":{"linea":"7-4-345","palmas":19},"geometry":{"type":"LineString","coordinates":[[-72.989055,4.485322],[-72.988993,4.483859]]}},{"type":"Feature","properties":{"linea":"7-4-346","palmas":18},"geometry":{"type":"LineString","coordinates":[[-72.98912,4.485197],[-72.989062,4.483815]]}},{"type":"Feature","properties":{"linea":"7-4-347","palmas":17},"geometry":{"type":"LineString","coordinates":[[-72.989185,4.485073],[-72.98913,4.483772]]}},{"type":"Feature","properties":{"linea":"7-4-348","palmas":16},"geometry":{"type":"LineString","coordinates":[[-72.98925,4.484947],[-72.989199,4.483728]]}},{"type":"Feature","properties":{"linea":"7-4-349","palmas":15},"geometry":{"type":"LineString","coordinates":[[-72.989315,4.484822],[-72.989267,4.483684]]}},{"type":"Feature","properties":{"linea":"7-4-35","palmas":28},"geometry":{"type":"LineString","coordinates":[[-72.987974,4.471319],[-72.989823,4.470141]]}},{"type":"Feature","properties":{"linea":"7-4-350","palmas":14},"geometry":{"type":"LineString","coordinates":[[-72.98938,4.484698],[-72.989336,4.483641]]}},{"type":"Feature","properties":{"linea":"7-4-351","palmas":13},"geometry":{"type":"LineString","coordinates":[[-72.989445,4.484573],[-72.989404,4.483597]]}},{"type":"Feature","properties":{"linea":"7-4-352","palmas":12},"geometry":{"type":"LineString","coordinates":[[-72.98951,4.484448],[-72.989473,4.483554]]}},{"type":"Feature","properties":{"linea":"7-4-353","palmas":11},"geometry":{"type":"LineString","coordinates":[[-72.989575,4.484323],[-72.989541,4.48351]]}},{"type":"Feature","properties":{"linea":"7-4-354","palmas":10},"geometry":{"type":"LineString","coordinates":[[-72.98964,4.484198],[-72.989609,4.483466]]}},{"type":"Feature","properties":{"linea":"7-4-355","palmas":9},"geometry":{"type":"LineString","coordinates":[[-72.989705,4.484073],[-72.989678,4.483422]]}},{"type":"Feature","properties":{"linea":"7-4-356","palmas":8},"geometry":{"type":"LineString","coordinates":[[-72.98977,4.483948],[-72.989746,4.483379]]}},{"type":"Feature","properties":{"linea":"7-4-357","palmas":7},"geometry":{"type":"LineString","coordinates":[[-72.989835,4.483823],[-72.989815,4.483335]]}},{"type":"Feature","properties":{"linea":"7-4-358","palmas":6},"geometry":{"type":"LineString","coordinates":[[-72.9899,4.483698],[-72.989883,4.483292]]}},{"type":"Feature","properties":{"linea":"7-4-359","palmas":7},"geometry":{"type":"LineString","coordinates":[[-72.989969,4.483655],[-72.989948,4.483167]]}},{"type":"Feature","properties":{"linea":"7-4-36","palmas":27},"geometry":{"type":"LineString","coordinates":[[-72.987978,4.4714],[-72.989756,4.470267]]}},{"type":"Feature","properties":{"linea":"7-4-360","palmas":8},"geometry":{"type":"LineString","coordinates":[[-72.990037,4.483611],[-72.990013,4.483042]]}},{"type":"Feature","properties":{"linea":"7-4-361","palmas":9},"geometry":{"type":"LineString","coordinates":[[-72.990106,4.483568],[-72.990078,4.482917]]}},{"type":"Feature","properties":{"linea":"7-4-362","palmas":10},"geometry":{"type":"LineString","coordinates":[[-72.990174,4.483524],[-72.990143,4.482792]]}},{"type":"Feature","properties":{"linea":"7-4-363","palmas":11},"geometry":{"type":"LineString","coordinates":[[-72.990243,4.48348],[-72.990208,4.482667]]}},{"type":"Feature","properties":{"linea":"7-4-364","palmas":12},"geometry":{"type":"LineString","coordinates":[[-72.990311,4.483437],[-72.990273,4.482542]]}},{"type":"Feature","properties":{"linea":"7-4-365","palmas":12},"geometry":{"type":"LineString","coordinates":[[-72.990379,4.483393],[-72.990342,4.482499]]}},{"type":"Feature","properties":{"linea":"7-4-366","palmas":13},"geometry":{"type":"LineString","coordinates":[[-72.990448,4.483349],[-72.990407,4.482374]]}},{"type":"Feature","properties":{"linea":"7-4-367","palmas":14},"geometry":{"type":"LineString","coordinates":[[-72.990516,4.483306],[-72.990472,4.482249]]}},{"type":"Feature","properties":{"linea":"7-4-369","palmas":2},"geometry":{"type":"LineString","coordinates":[[-72.990458,4.483593],[-72.99053,4.483631]]}},{"type":"Feature","properties":{"linea":"7-4-37","palmas":27},"geometry":{"type":"LineString","coordinates":[[-72.987981,4.471481],[-72.989693,4.470391]]}},{"type":"Feature","properties":{"linea":"7-4-370","palmas":3},"geometry":{"type":"LineString","coordinates":[[-72.99039,4.483637],[-72.990533,4.483712]]}},{"type":"Feature","properties":{"linea":"7-4-371","palmas":4},"geometry":{"type":"LineString","coordinates":[[-72.990321,4.483681],[-72.990537,4.483794]]}},{"type":"Feature","properties":{"linea":"7-4-372","palmas":5},"geometry":{"type":"LineString","coordinates":[[-72.990253,4.483724],[-72.99054,4.483875]]}},{"type":"Feature","properties":{"linea":"7-4-373","palmas":6},"geometry":{"type":"LineString","coordinates":[[-72.990184,4.483768],[-72.990544,4.483956]]}},{"type":"Feature","properties":{"linea":"7-4-374","palmas":7},"geometry":{"type":"LineString","coordinates":[[-72.990116,4.483811],[-72.990547,4.484038]]}},{"type":"Feature","properties":{"linea":"7-4-375","palmas":8},"geometry":{"type":"LineString","coordinates":[[-72.990048,4.483855],[-72.990551,4.484119]]}},{"type":"Feature","properties":{"linea":"7-4-376","palmas":9},"geometry":{"type":"LineString","coordinates":[[-72.989979,4.483899],[-72.990554,4.4842]]}},{"type":"Feature","properties":{"linea":"7-4-377","palmas":10},"geometry":{"type":"LineString","coordinates":[[-72.989911,4.483942],[-72.990557,4.484281]]}},{"type":"Feature","properties":{"linea":"7-4-378","palmas":10},"geometry":{"type":"LineString","coordinates":[[-72.989914,4.484024],[-72.990561,4.484363]]}},{"type":"Feature","properties":{"linea":"7-4-379","palmas":11},"geometry":{"type":"LineString","coordinates":[[-72.989846,4.484067],[-72.990564,4.484444]]}},{"type":"Feature","properties":{"linea":"7-4-38","palmas":24},"geometry":{"type":"LineString","coordinates":[[-72.987985,4.471563],[-72.989559,4.470559]]}},{"type":"Feature","properties":{"linea":"7-4-380","palmas":11},"geometry":{"type":"LineString","coordinates":[[-72.989849,4.484148],[-72.990567,4.484525]]}},{"type":"Feature","properties":{"linea":"7-4-381","palmas":12},"geometry":{"type":"LineString","coordinates":[[-72.989781,4.484192],[-72.990571,4.484606]]}},{"type":"Feature","properties":{"linea":"7-4-382","palmas":12},"geometry":{"type":"LineString","coordinates":[[-72.989784,4.484273],[-72.990574,4.484688]]}},{"type":"Feature","properties":{"linea":"7-4-383","palmas":12},"geometry":{"type":"LineString","coordinates":[[-72.989716,4.484317],[-72.990506,4.484731]]}},{"type":"Feature","properties":{"linea":"7-4-384","palmas":10},"geometry":{"type":"LineString","coordinates":[[-72.989719,4.484398],[-72.990366,4.484738]]}},{"type":"Feature","properties":{"linea":"7-4-385","palmas":10},"geometry":{"type":"LineString","coordinates":[[-72.989651,4.484442],[-72.990297,4.484781]]}},{"type":"Feature","properties":{"linea":"7-4-386","palmas":9},"geometry":{"type":"LineString","coordinates":[[-72.989654,4.484523],[-72.990229,4.484825]]}},{"type":"Feature","properties":{"linea":"7-4-387","palmas":9},"geometry":{"type":"LineString","coordinates":[[-72.989585,4.484567],[-72.99016,4.484868]]}},{"type":"Feature","properties":{"linea":"7-4-388","palmas":9},"geometry":{"type":"LineString","coordinates":[[-72.989589,4.484648],[-72.990164,4.484949]]}},{"type":"Feature","properties":{"linea":"7-4-389","palmas":9},"geometry":{"type":"LineString","coordinates":[[-72.98952,4.484692],[-72.990095,4.484993]]}},{"type":"Feature","properties":{"linea":"7-4-39","palmas":24},"geometry":{"type":"LineString","coordinates":[[-72.987988,4.471644],[-72.989563,4.470641]]}},{"type":"Feature","properties":{"linea":"7-4-390","palmas":9},"geometry":{"type":"LineString","coordinates":[[-72.989524,4.484773],[-72.990099,4.485074]]}},{"type":"Feature","properties":{"linea":"7-4-391","palmas":10},"geometry":{"type":"LineString","coordinates":[[-72.989455,4.484817],[-72.990102,4.485156]]}},{"type":"Feature","properties":{"linea":"7-4-392","palmas":9},"geometry":{"type":"LineString","coordinates":[[-72.989459,4.484898],[-72.990034,4.485199]]}},{"type":"Feature","properties":{"linea":"7-4-393","palmas":10},"geometry":{"type":"LineString","coordinates":[[-72.98939,4.484942],[-72.990037,4.485281]]}},{"type":"Feature","properties":{"linea":"7-4-394","palmas":9},"geometry":{"type":"LineString","coordinates":[[-72.989394,4.485023],[-72.989969,4.485324]]}},{"type":"Feature","properties":{"linea":"7-4-395","palmas":10},"geometry":{"type":"LineString","coordinates":[[-72.989325,4.485066],[-72.989972,4.485406]]}},{"type":"Feature","properties":{"linea":"7-4-396","palmas":9},"geometry":{"type":"LineString","coordinates":[[-72.989329,4.485148],[-72.989904,4.485449]]}},{"type":"Feature","properties":{"linea":"7-4-397","palmas":10},"geometry":{"type":"LineString","coordinates":[[-72.98926,4.485191],[-72.989907,4.485531]]}},{"type":"Feature","properties":{"linea":"7-4-398","palmas":10},"geometry":{"type":"LineString","coordinates":[[-72.989264,4.485273],[-72.989911,4.485612]]}},{"type":"Feature","properties":{"linea":"7-4-399","palmas":10},"geometry":{"type":"LineString","coordinates":[[-72.989195,4.485316],[-72.989842,4.485656]]}},{"type":"Feature","properties":{"linea":"7-4-4","palmas":5},"geometry":{"type":"LineString","coordinates":[[-72.987869,4.468798],[-72.988142,4.468624]]}},{"type":"Feature","properties":{"linea":"7-4-40","palmas":23},"geometry":{"type":"LineString","coordinates":[[-72.987992,4.471725],[-72.989497,4.470766]]}},{"type":"Feature","properties":{"linea":"7-4-400","palmas":10},"geometry":{"type":"LineString","coordinates":[[-72.989199,4.485398],[-72.989845,4.485737]]}},{"type":"Feature","properties":{"linea":"7-4-401","palmas":10},"geometry":{"type":"LineString","coordinates":[[-72.98913,4.485441],[-72.989777,4.48578]]}},{"type":"Feature","properties":{"linea":"7-4-402","palmas":10},"geometry":{"type":"LineString","coordinates":[[-72.989134,4.485523],[-72.98978,4.485862]]}},{"type":"Feature","properties":{"linea":"7-4-403","palmas":10},"geometry":{"type":"LineString","coordinates":[[-72.989065,4.485566],[-72.989712,4.485905]]}},{"type":"Feature","properties":{"linea":"7-4-404","palmas":10},"geometry":{"type":"LineString","coordinates":[[-72.989069,4.485647],[-72.989715,4.485987]]}},{"type":"Feature","properties":{"linea":"7-4-405","palmas":11},"geometry":{"type":"LineString","coordinates":[[-72.989,4.485691],[-72.989719,4.486068]]}},{"type":"Feature","properties":{"linea":"7-4-406","palmas":10},"geometry":{"type":"LineString","coordinates":[[-72.989004,4.485773],[-72.98965,4.486111]]}},{"type":"Feature","properties":{"linea":"7-4-407","palmas":10},"geometry":{"type":"LineString","coordinates":[[-72.988935,4.485816],[-72.989582,4.486155]]}},{"type":"Feature","properties":{"linea":"7-4-408","palmas":10},"geometry":{"type":"LineString","coordinates":[[-72.988939,4.485897],[-72.989585,4.486236]]}},{"type":"Feature","properties":{"linea":"7-4-409","palmas":11},"geometry":{"type":"LineString","coordinates":[[-72.98887,4.485941],[-72.989589,4.486318]]}},{"type":"Feature","properties":{"linea":"7-4-41","palmas":22},"geometry":{"type":"LineString","coordinates":[[-72.987995,4.471806],[-72.989432,4.47089]]}},{"type":"Feature","properties":{"linea":"7-4-410","palmas":10},"geometry":{"type":"LineString","coordinates":[[-72.988874,4.486022],[-72.98952,4.486361]]}},{"type":"Feature","properties":{"linea":"7-4-411","palmas":9},"geometry":{"type":"LineString","coordinates":[[-72.988805,4.486066],[-72.98938,4.486367]]}},{"type":"Feature","properties":{"linea":"7-4-412","palmas":7},"geometry":{"type":"LineString","coordinates":[[-72.988808,4.486147],[-72.98924,4.486373]]}},{"type":"Feature","properties":{"linea":"7-4-413","palmas":7},"geometry":{"type":"LineString","coordinates":[[-72.98874,4.486191],[-72.989171,4.486417]]}},{"type":"Feature","properties":{"linea":"7-4-414","palmas":6},"geometry":{"type":"LineString","coordinates":[[-72.988743,4.486272],[-72.989103,4.486461]]}},{"type":"Feature","properties":{"linea":"7-4-415","palmas":6},"geometry":{"type":"LineString","coordinates":[[-72.988675,4.486316],[-72.989034,4.486504]]}},{"type":"Feature","properties":{"linea":"7-4-416","palmas":5},"geometry":{"type":"LineString","coordinates":[[-72.988678,4.486397],[-72.988966,4.486548]]}},{"type":"Feature","properties":{"linea":"7-4-417","palmas":4},"geometry":{"type":"LineString","coordinates":[[-72.988682,4.486478],[-72.988898,4.486591]]}},{"type":"Feature","properties":{"linea":"7-4-418","palmas":2},"geometry":{"type":"LineString","coordinates":[[-72.988685,4.48656],[-72.988757,4.486597]]}},{"type":"Feature","properties":{"linea":"7-4-42","palmas":21},"geometry":{"type":"LineString","coordinates":[[-72.987998,4.471888],[-72.989367,4.471015]]}},{"type":"Feature","properties":{"linea":"7-4-421","palmas":3},"geometry":{"type":"LineString","coordinates":[[-72.989808,4.486512],[-72.989664,4.486437]]}},{"type":"Feature","properties":{"linea":"7-4-422","palmas":4},"geometry":{"type":"LineString","coordinates":[[-72.989876,4.486468],[-72.989661,4.486356]]}},{"type":"Feature","properties":{"linea":"7-4-423","palmas":5},"geometry":{"type":"LineString","coordinates":[[-72.990016,4.486463],[-72.989729,4.486312]]}},{"type":"Feature","properties":{"linea":"7-4-424","palmas":6},"geometry":{"type":"LineString","coordinates":[[-72.990085,4.486419],[-72.989726,4.486231]]}},{"type":"Feature","properties":{"linea":"7-4-425","palmas":8},"geometry":{"type":"LineString","coordinates":[[-72.990225,4.486413],[-72.989722,4.486149]]}},{"type":"Feature","properties":{"linea":"7-4-426","palmas":10},"geometry":{"type":"LineString","coordinates":[[-72.990437,4.486445],[-72.989791,4.486106]]}},{"type":"Feature","properties":{"linea":"7-4-427","palmas":11},"geometry":{"type":"LineString","coordinates":[[-72.990506,4.486401],[-72.989787,4.486024]]}},{"type":"Feature","properties":{"linea":"7-4-428","palmas":11},"geometry":{"type":"LineString","coordinates":[[-72.990574,4.486358],[-72.989856,4.485981]]}},{"type":"Feature","properties":{"linea":"7-4-429","palmas":12},"geometry":{"type":"LineString","coordinates":[[-72.990643,4.486314],[-72.989852,4.485899]]}},{"type":"Feature","properties":{"linea":"7-4-43","palmas":20},"geometry":{"type":"LineString","coordinates":[[-72.988002,4.471969],[-72.989302,4.47114]]}},{"type":"Feature","properties":{"linea":"7-4-430","palmas":11},"geometry":{"type":"LineString","coordinates":[[-72.990639,4.486232],[-72.989921,4.485856]]}},{"type":"Feature","properties":{"linea":"7-4-431","palmas":11},"geometry":{"type":"LineString","coordinates":[[-72.990636,4.486151],[-72.989917,4.485774]]}},{"type":"Feature","properties":{"linea":"7-4-432","palmas":10},"geometry":{"type":"LineString","coordinates":[[-72.990633,4.48607],[-72.989986,4.485731]]}},{"type":"Feature","properties":{"linea":"7-4-433","palmas":10},"geometry":{"type":"LineString","coordinates":[[-72.990629,4.485989],[-72.989982,4.485649]]}},{"type":"Feature","properties":{"linea":"7-4-434","palmas":10},"geometry":{"type":"LineString","coordinates":[[-72.990626,4.485907],[-72.989979,4.485568]]}},{"type":"Feature","properties":{"linea":"7-4-435","palmas":9},"geometry":{"type":"LineString","coordinates":[[-72.990622,4.485826],[-72.990047,4.485525]]}},{"type":"Feature","properties":{"linea":"7-4-436","palmas":9},"geometry":{"type":"LineString","coordinates":[[-72.990619,4.485745],[-72.990044,4.485443]]}},{"type":"Feature","properties":{"linea":"7-4-437","palmas":8},"geometry":{"type":"LineString","coordinates":[[-72.990615,4.485663],[-72.990112,4.4854]]}},{"type":"Feature","properties":{"linea":"7-4-438","palmas":8},"geometry":{"type":"LineString","coordinates":[[-72.990612,4.485582],[-72.990109,4.485318]]}},{"type":"Feature","properties":{"linea":"7-4-439","palmas":7},"geometry":{"type":"LineString","coordinates":[[-72.990609,4.485501],[-72.990178,4.485275]]}},{"type":"Feature","properties":{"linea":"7-4-44","palmas":19},"geometry":{"type":"LineString","coordinates":[[-72.988005,4.47205],[-72.989237,4.471265]]}},{"type":"Feature","properties":{"linea":"7-4-440","palmas":7},"geometry":{"type":"LineString","coordinates":[[-72.990605,4.485419],[-72.990174,4.485193]]}},{"type":"Feature","properties":{"linea":"7-4-441","palmas":7},"geometry":{"type":"LineString","coordinates":[[-72.990602,4.485338],[-72.990171,4.485112]]}},{"type":"Feature","properties":{"linea":"7-4-442","palmas":6},"geometry":{"type":"LineString","coordinates":[[-72.990598,4.485257],[-72.990239,4.485069]]}},{"type":"Feature","properties":{"linea":"7-4-443","palmas":6},"geometry":{"type":"LineString","coordinates":[[-72.990595,4.485176],[-72.990236,4.484987]]}},{"type":"Feature","properties":{"linea":"7-4-444","palmas":5},"geometry":{"type":"LineString","coordinates":[[-72.990591,4.485094],[-72.990304,4.484944]]}},{"type":"Feature","properties":{"linea":"7-4-445","palmas":5},"geometry":{"type":"LineString","coordinates":[[-72.990588,4.485013],[-72.990301,4.484862]]}},{"type":"Feature","properties":{"linea":"7-4-446","palmas":3},"geometry":{"type":"LineString","coordinates":[[-72.990585,4.484932],[-72.990441,4.484856]]}},{"type":"Feature","properties":{"linea":"7-4-447","palmas":2},"geometry":{"type":"LineString","coordinates":[[-72.990581,4.484851],[-72.990509,4.484813]]}},{"type":"Feature","properties":{"linea":"7-4-45","palmas":18},"geometry":{"type":"LineString","coordinates":[[-72.988009,4.472132],[-72.989172,4.47139]]}},{"type":"Feature","properties":{"linea":"7-4-46","palmas":17},"geometry":{"type":"LineString","coordinates":[[-72.988012,4.472213],[-72.989107,4.471515]]}},{"type":"Feature","properties":{"linea":"7-4-47","palmas":16},"geometry":{"type":"LineString","coordinates":[[-72.988016,4.472294],[-72.989042,4.47164]]}},{"type":"Feature","properties":{"linea":"7-4-48","palmas":15},"geometry":{"type":"LineString","coordinates":[[-72.988019,4.472376],[-72.988977,4.471765]]}},{"type":"Feature","properties":{"linea":"7-4-49","palmas":13},"geometry":{"type":"LineString","coordinates":[[-72.988022,4.472457],[-72.988844,4.471933]]}},{"type":"Feature","properties":{"linea":"7-4-5","palmas":6},"geometry":{"type":"LineString","coordinates":[[-72.987872,4.468879],[-72.988214,4.468661]]}},{"type":"Feature","properties":{"linea":"7-4-50","palmas":12},"geometry":{"type":"LineString","coordinates":[[-72.988026,4.472538],[-72.988779,4.472058]]}},{"type":"Feature","properties":{"linea":"7-4-51","palmas":12},"geometry":{"type":"LineString","coordinates":[[-72.988029,4.472619],[-72.988782,4.472139]]}},{"type":"Feature","properties":{"linea":"7-4-52","palmas":11},"geometry":{"type":"LineString","coordinates":[[-72.988033,4.472701],[-72.988717,4.472264]]}},{"type":"Feature","properties":{"linea":"7-4-53","palmas":10},"geometry":{"type":"LineString","coordinates":[[-72.988036,4.472782],[-72.988652,4.472389]]}},{"type":"Feature","properties":{"linea":"7-4-54","palmas":9},"geometry":{"type":"LineString","coordinates":[[-72.988039,4.472863],[-72.988587,4.472514]]}},{"type":"Feature","properties":{"linea":"7-4-55","palmas":8},"geometry":{"type":"LineString","coordinates":[[-72.988043,4.472945],[-72.988522,4.472639]]}},{"type":"Feature","properties":{"linea":"7-4-56","palmas":7},"geometry":{"type":"LineString","coordinates":[[-72.988046,4.473026],[-72.988457,4.472764]]}},{"type":"Feature","properties":{"linea":"7-4-57","palmas":6},"geometry":{"type":"LineString","coordinates":[[-72.98805,4.473107],[-72.988392,4.472889]]}},{"type":"Feature","properties":{"linea":"7-4-58","palmas":5},"geometry":{"type":"LineString","coordinates":[[-72.988053,4.473189],[-72.988327,4.473014]]}},{"type":"Feature","properties":{"linea":"7-4-59","palmas":4},"geometry":{"type":"LineString","coordinates":[[-72.988056,4.47327],[-72.988262,4.473139]]}},{"type":"Feature","properties":{"linea":"7-4-6","palmas":7},"geometry":{"type":"LineString","coordinates":[[-72.987876,4.468961],[-72.988286,4.468699]]}},{"type":"Feature","properties":{"linea":"7-4-60","palmas":3},"geometry":{"type":"LineString","coordinates":[[-72.98806,4.473351],[-72.988197,4.473264]]}},{"type":"Feature","properties":{"linea":"7-4-7","palmas":8},"geometry":{"type":"LineString","coordinates":[[-72.987879,4.469042],[-72.988358,4.468737]]}},{"type":"Feature","properties":{"linea":"7-4-79","palmas":2},"geometry":{"type":"LineString","coordinates":[[-72.988125,4.474896],[-72.988193,4.474852]]}},{"type":"Feature","properties":{"linea":"7-4-8","palmas":9},"geometry":{"type":"LineString","coordinates":[[-72.987882,4.469123],[-72.98843,4.468774]]}},{"type":"Feature","properties":{"linea":"7-4-80","palmas":3},"geometry":{"type":"LineString","coordinates":[[-72.988128,4.474977],[-72.988265,4.47489]]}},{"type":"Feature","properties":{"linea":"7-4-81","palmas":4},"geometry":{"type":"LineString","coordinates":[[-72.988132,4.475058],[-72.988337,4.474927]]}},{"type":"Feature","properties":{"linea":"7-4-82","palmas":5},"geometry":{"type":"LineString","coordinates":[[-72.988135,4.47514],[-72.988409,4.474965]]}},{"type":"Feature","properties":{"linea":"7-4-83","palmas":6},"geometry":{"type":"LineString","coordinates":[[-72.988139,4.475221],[-72.988481,4.475003]]}},{"type":"Feature","properties":{"linea":"7-4-84","palmas":7},"geometry":{"type":"LineString","coordinates":[[-72.988142,4.475302],[-72.988552,4.475041]]}},{"type":"Feature","properties":{"linea":"7-4-85","palmas":8},"geometry":{"type":"LineString","coordinates":[[-72.988145,4.475384],[-72.988624,4.475078]]}},{"type":"Feature","properties":{"linea":"7-4-86","palmas":9},"geometry":{"type":"LineString","coordinates":[[-72.988149,4.475465],[-72.988696,4.475116]]}},{"type":"Feature","properties":{"linea":"7-4-87","palmas":9},"geometry":{"type":"LineString","coordinates":[[-72.988221,4.475503],[-72.988768,4.475154]]}},{"type":"Feature","properties":{"linea":"7-4-88","palmas":10},"geometry":{"type":"LineString","coordinates":[[-72.988224,4.475584],[-72.98884,4.475191]]}},{"type":"Feature","properties":{"linea":"7-4-89","palmas":11},"geometry":{"type":"LineString","coordinates":[[-72.988228,4.475665],[-72.988912,4.475229]]}},{"type":"Feature","properties":{"linea":"7-4-9","palmas":10},"geometry":{"type":"LineString","coordinates":[[-72.987886,4.469205],[-72.988502,4.468812]]}},{"type":"Feature","properties":{"linea":"7-4-90","palmas":11},"geometry":{"type":"LineString","coordinates":[[-72.988231,4.475746],[-72.988915,4.47531]]}},{"type":"Feature","properties":{"linea":"7-4-91","palmas":11},"geometry":{"type":"LineString","coordinates":[[-72.988234,4.475828],[-72.988919,4.475392]]}},{"type":"Feature","properties":{"linea":"7-4-92","palmas":11},"geometry":{"type":"LineString","coordinates":[[-72.988238,4.475909],[-72.988922,4.475473]]}},{"type":"Feature","properties":{"linea":"7-4-93","palmas":11},"geometry":{"type":"LineString","coordinates":[[-72.988241,4.475991],[-72.988926,4.475554]]}},{"type":"Feature","properties":{"linea":"7-4-94","palmas":11},"geometry":{"type":"LineString","coordinates":[[-72.988244,4.476072],[-72.988929,4.475636]]}},{"type":"Feature","properties":{"linea":"7-4-95","palmas":11},"geometry":{"type":"LineString","coordinates":[[-72.988248,4.476153],[-72.988933,4.475717]]}},{"type":"Feature","properties":{"linea":"7-4-96","palmas":11},"geometry":{"type":"LineString","coordinates":[[-72.988251,4.476234],[-72.988936,4.475798]]}},{"type":"Feature","properties":{"linea":"7-4-97","palmas":11},"geometry":{"type":"LineString","coordinates":[[-72.988255,4.476316],[-72.988939,4.475879]]}},{"type":"Feature","properties":{"linea":"7-4-98","palmas":11},"geometry":{"type":"LineString","coordinates":[[-72.988258,4.476397],[-72.988943,4.475961]]}},{"type":"Feature","properties":{"linea":"7-4-99","palmas":11},"geometry":{"type":"LineString","coordinates":[[-72.988262,4.476478],[-72.988946,4.476042]]}},{"type":"Feature","properties":{"linea":"7-5-10","palmas":9},"geometry":{"type":"LineString","coordinates":[[-72.987738,4.469218],[-72.987163,4.468916]]}},{"type":"Feature","properties":{"linea":"7-5-100","palmas":17},"geometry":{"type":"LineString","coordinates":[[-72.987183,4.476083],[-72.986034,4.47548]]}},{"type":"Feature","properties":{"linea":"7-5-101","palmas":16},"geometry":{"type":"LineString","coordinates":[[-72.987115,4.476126],[-72.986037,4.475561]]}},{"type":"Feature","properties":{"linea":"7-5-102","palmas":16},"geometry":{"type":"LineString","coordinates":[[-72.987046,4.47617],[-72.98604,4.475643],[-72.985968,4.475608]]}},{"type":"Feature","properties":{"linea":"7-5-103","palmas":15},"geometry":{"type":"LineString","coordinates":[[-72.986978,4.476214],[-72.985972,4.475686]]}},{"type":"Feature","properties":{"linea":"7-5-104","palmas":14},"geometry":{"type":"LineString","coordinates":[[-72.986909,4.476257],[-72.985975,4.475767]]}},{"type":"Feature","properties":{"linea":"7-5-105","palmas":13},"geometry":{"type":"LineString","coordinates":[[-72.986841,4.476301],[-72.985979,4.475849]]}},{"type":"Feature","properties":{"linea":"7-5-106","palmas":11},"geometry":{"type":"LineString","coordinates":[[-72.986773,4.476344],[-72.986054,4.475968]]}},{"type":"Feature","properties":{"linea":"7-5-107","palmas":10},"geometry":{"type":"LineString","coordinates":[[-72.986704,4.476388],[-72.986058,4.476049]]}},{"type":"Feature","properties":{"linea":"7-5-108","palmas":9},"geometry":{"type":"LineString","coordinates":[[-72.986636,4.476432],[-72.986061,4.47613]]}},{"type":"Feature","properties":{"linea":"7-5-109","palmas":8},"geometry":{"type":"LineString","coordinates":[[-72.986567,4.476475],[-72.986064,4.476212]]}},{"type":"Feature","properties":{"linea":"7-5-11","palmas":10},"geometry":{"type":"LineString","coordinates":[[-72.987742,4.469299],[-72.987095,4.46896]]}},{"type":"Feature","properties":{"linea":"7-5-110","palmas":7},"geometry":{"type":"LineString","coordinates":[[-72.986499,4.476519],[-72.986068,4.476293]]}},{"type":"Feature","properties":{"linea":"7-5-111","palmas":6},"geometry":{"type":"LineString","coordinates":[[-72.986431,4.476562],[-72.986071,4.476374]]}},{"type":"Feature","properties":{"linea":"7-5-112","palmas":5},"geometry":{"type":"LineString","coordinates":[[-72.986362,4.476606],[-72.986074,4.476456]]}},{"type":"Feature","properties":{"linea":"7-5-113","palmas":4},"geometry":{"type":"LineString","coordinates":[[-72.986294,4.47665],[-72.986078,4.476537]]}},{"type":"Feature","properties":{"linea":"7-5-114","palmas":3},"geometry":{"type":"LineString","coordinates":[[-72.986225,4.476693],[-72.986081,4.476618]]}},{"type":"Feature","properties":{"linea":"7-5-115","palmas":2},"geometry":{"type":"LineString","coordinates":[[-72.986157,4.476737],[-72.986085,4.476699]]}},{"type":"Feature","properties":{"linea":"7-5-117","palmas":7},"geometry":{"type":"LineString","coordinates":[[-72.986502,4.4766],[-72.986092,4.476862]]}},{"type":"Feature","properties":{"linea":"7-5-118","palmas":29},"geometry":{"type":"LineString","coordinates":[[-72.988011,4.475722],[-72.986095,4.476943]]}},{"type":"Feature","properties":{"linea":"7-5-119","palmas":29},"geometry":{"type":"LineString","coordinates":[[-72.988015,4.475803],[-72.986098,4.477025]]}},{"type":"Feature","properties":{"linea":"7-5-12","palmas":11},"geometry":{"type":"LineString","coordinates":[[-72.987745,4.469381],[-72.987026,4.469004]]}},{"type":"Feature","properties":{"linea":"7-5-120","palmas":29},"geometry":{"type":"LineString","coordinates":[[-72.988018,4.475884],[-72.986102,4.477106]]}},{"type":"Feature","properties":{"linea":"7-5-121","palmas":29},"geometry":{"type":"LineString","coordinates":[[-72.988022,4.475966],[-72.986105,4.477187]]}},{"type":"Feature","properties":{"linea":"7-5-122","palmas":29},"geometry":{"type":"LineString","coordinates":[[-72.988025,4.476047],[-72.986109,4.477269]]}},{"type":"Feature","properties":{"linea":"7-5-123","palmas":29},"geometry":{"type":"LineString","coordinates":[[-72.988029,4.476128],[-72.986112,4.47735]]}},{"type":"Feature","properties":{"linea":"7-5-124","palmas":29},"geometry":{"type":"LineString","coordinates":[[-72.988032,4.47621],[-72.986116,4.477431]]}},{"type":"Feature","properties":{"linea":"7-5-125","palmas":29},"geometry":{"type":"LineString","coordinates":[[-72.988036,4.476291],[-72.986119,4.477513]]}},{"type":"Feature","properties":{"linea":"7-5-126","palmas":29},"geometry":{"type":"LineString","coordinates":[[-72.988039,4.476372],[-72.986122,4.477594]]}},{"type":"Feature","properties":{"linea":"7-5-127","palmas":29},"geometry":{"type":"LineString","coordinates":[[-72.988042,4.476454],[-72.986126,4.477675]]}},{"type":"Feature","properties":{"linea":"7-5-128","palmas":29},"geometry":{"type":"LineString","coordinates":[[-72.988046,4.476535],[-72.986129,4.477756]]}},{"type":"Feature","properties":{"linea":"7-5-129","palmas":29},"geometry":{"type":"LineString","coordinates":[[-72.988049,4.476616],[-72.986132,4.477837]]}},{"type":"Feature","properties":{"linea":"7-5-13","palmas":11},"geometry":{"type":"LineString","coordinates":[[-72.987748,4.469462],[-72.98703,4.469085]]}},{"type":"Feature","properties":{"linea":"7-5-130","palmas":29},"geometry":{"type":"LineString","coordinates":[[-72.988052,4.476698],[-72.986136,4.477919]]}},{"type":"Feature","properties":{"linea":"7-5-131","palmas":29},"geometry":{"type":"LineString","coordinates":[[-72.988056,4.476779],[-72.986139,4.478]]}},{"type":"Feature","properties":{"linea":"7-5-132","palmas":29},"geometry":{"type":"LineString","coordinates":[[-72.988059,4.47686],[-72.986143,4.478082]]}},{"type":"Feature","properties":{"linea":"7-5-133","palmas":29},"geometry":{"type":"LineString","coordinates":[[-72.988063,4.476941],[-72.986146,4.478163]]}},{"type":"Feature","properties":{"linea":"7-5-134","palmas":29},"geometry":{"type":"LineString","coordinates":[[-72.988066,4.477023],[-72.98615,4.478244]]}},{"type":"Feature","properties":{"linea":"7-5-135","palmas":29},"geometry":{"type":"LineString","coordinates":[[-72.98807,4.477104],[-72.986153,4.478326]]}},{"type":"Feature","properties":{"linea":"7-5-136","palmas":29},"geometry":{"type":"LineString","coordinates":[[-72.988073,4.477185],[-72.986156,4.478407]]}},{"type":"Feature","properties":{"linea":"7-5-137","palmas":29},"geometry":{"type":"LineString","coordinates":[[-72.988076,4.477267],[-72.98616,4.478488]]}},{"type":"Feature","properties":{"linea":"7-5-138","palmas":29},"geometry":{"type":"LineString","coordinates":[[-72.98808,4.477348],[-72.986163,4.478569]]}},{"type":"Feature","properties":{"linea":"7-5-139","palmas":29},"geometry":{"type":"LineString","coordinates":[[-72.988083,4.477429],[-72.986167,4.478651]]}},{"type":"Feature","properties":{"linea":"7-5-14","palmas":12},"geometry":{"type":"LineString","coordinates":[[-72.987752,4.469543],[-72.986961,4.469129]]}},{"type":"Feature","properties":{"linea":"7-5-140","palmas":29},"geometry":{"type":"LineString","coordinates":[[-72.988087,4.477511],[-72.98617,4.478732]]}},{"type":"Feature","properties":{"linea":"7-5-141","palmas":29},"geometry":{"type":"LineString","coordinates":[[-72.98809,4.477592],[-72.986174,4.478813]]}},{"type":"Feature","properties":{"linea":"7-5-142","palmas":29},"geometry":{"type":"LineString","coordinates":[[-72.988094,4.477673],[-72.986177,4.478894]]}},{"type":"Feature","properties":{"linea":"7-5-143","palmas":29},"geometry":{"type":"LineString","coordinates":[[-72.988097,4.477754],[-72.986181,4.478976]]}},{"type":"Feature","properties":{"linea":"7-5-144","palmas":29},"geometry":{"type":"LineString","coordinates":[[-72.9881,4.477836],[-72.986184,4.479057]]}},{"type":"Feature","properties":{"linea":"7-5-145","palmas":29},"geometry":{"type":"LineString","coordinates":[[-72.988104,4.477917],[-72.986187,4.479138]]}},{"type":"Feature","properties":{"linea":"7-5-146","palmas":29},"geometry":{"type":"LineString","coordinates":[[-72.988107,4.477998],[-72.986191,4.47922]]}},{"type":"Feature","properties":{"linea":"7-5-147","palmas":29},"geometry":{"type":"LineString","coordinates":[[-72.988111,4.47808],[-72.986194,4.479301]]}},{"type":"Feature","properties":{"linea":"7-5-148","palmas":29},"geometry":{"type":"LineString","coordinates":[[-72.988114,4.478161],[-72.986198,4.479382]]}},{"type":"Feature","properties":{"linea":"7-5-149","palmas":29},"geometry":{"type":"LineString","coordinates":[[-72.988118,4.478242],[-72.986201,4.479464]]}},{"type":"Feature","properties":{"linea":"7-5-15","palmas":13},"geometry":{"type":"LineString","coordinates":[[-72.987755,4.469624],[-72.986893,4.469172]]}},{"type":"Feature","properties":{"linea":"7-5-150","palmas":29},"geometry":{"type":"LineString","coordinates":[[-72.988121,4.478324],[-72.986204,4.479545]]}},{"type":"Feature","properties":{"linea":"7-5-151","palmas":29},"geometry":{"type":"LineString","coordinates":[[-72.988124,4.478405],[-72.986208,4.479626]]}},{"type":"Feature","properties":{"linea":"7-5-152","palmas":29},"geometry":{"type":"LineString","coordinates":[[-72.988128,4.478486],[-72.986211,4.479707]]}},{"type":"Feature","properties":{"linea":"7-5-153","palmas":29},"geometry":{"type":"LineString","coordinates":[[-72.988131,4.478568],[-72.986215,4.479789]]}},{"type":"Feature","properties":{"linea":"7-5-154","palmas":29},"geometry":{"type":"LineString","coordinates":[[-72.988134,4.478649],[-72.986218,4.47987]]}},{"type":"Feature","properties":{"linea":"7-5-155","palmas":29},"geometry":{"type":"LineString","coordinates":[[-72.988138,4.47873],[-72.986221,4.479951]]}},{"type":"Feature","properties":{"linea":"7-5-156","palmas":29},"geometry":{"type":"LineString","coordinates":[[-72.988141,4.478811],[-72.986225,4.480033]]}},{"type":"Feature","properties":{"linea":"7-5-157","palmas":29},"geometry":{"type":"LineString","coordinates":[[-72.988145,4.478893],[-72.986228,4.480114]]}},{"type":"Feature","properties":{"linea":"7-5-158","palmas":29},"geometry":{"type":"LineString","coordinates":[[-72.988148,4.478974],[-72.986232,4.480195]]}},{"type":"Feature","properties":{"linea":"7-5-159","palmas":29},"geometry":{"type":"LineString","coordinates":[[-72.988152,4.479055],[-72.986235,4.480277]]}},{"type":"Feature","properties":{"linea":"7-5-16","palmas":14},"geometry":{"type":"LineString","coordinates":[[-72.987759,4.469706],[-72.986824,4.469216]]}},{"type":"Feature","properties":{"linea":"7-5-160","palmas":29},"geometry":{"type":"LineString","coordinates":[[-72.988155,4.479137],[-72.986239,4.480358]]}},{"type":"Feature","properties":{"linea":"7-5-161","palmas":29},"geometry":{"type":"LineString","coordinates":[[-72.988158,4.479218],[-72.986242,4.480439]]}},{"type":"Feature","properties":{"linea":"7-5-162","palmas":29},"geometry":{"type":"LineString","coordinates":[[-72.988162,4.479299],[-72.986245,4.480521]]}},{"type":"Feature","properties":{"linea":"7-5-163","palmas":29},"geometry":{"type":"LineString","coordinates":[[-72.988165,4.479381],[-72.986249,4.480602]]}},{"type":"Feature","properties":{"linea":"7-5-164","palmas":29},"geometry":{"type":"LineString","coordinates":[[-72.988169,4.479462],[-72.986252,4.480683]]}},{"type":"Feature","properties":{"linea":"7-5-165","palmas":29},"geometry":{"type":"LineString","coordinates":[[-72.988172,4.479543],[-72.986256,4.480764]]}},{"type":"Feature","properties":{"linea":"7-5-166","palmas":29},"geometry":{"type":"LineString","coordinates":[[-72.988176,4.479624],[-72.986259,4.480846]]}},{"type":"Feature","properties":{"linea":"7-5-167","palmas":29},"geometry":{"type":"LineString","coordinates":[[-72.988179,4.479706],[-72.986262,4.480927]]}},{"type":"Feature","properties":{"linea":"7-5-168","palmas":29},"geometry":{"type":"LineString","coordinates":[[-72.988182,4.479787],[-72.986266,4.481008]]}},{"type":"Feature","properties":{"linea":"7-5-169","palmas":29},"geometry":{"type":"LineString","coordinates":[[-72.988186,4.479868],[-72.986269,4.48109]]}},{"type":"Feature","properties":{"linea":"7-5-17","palmas":15},"geometry":{"type":"LineString","coordinates":[[-72.987762,4.469787],[-72.986756,4.469259]]}},{"type":"Feature","properties":{"linea":"7-5-170","palmas":29},"geometry":{"type":"LineString","coordinates":[[-72.988189,4.47995],[-72.986273,4.481171]]}},{"type":"Feature","properties":{"linea":"7-5-171","palmas":29},"geometry":{"type":"LineString","coordinates":[[-72.988192,4.480031],[-72.986276,4.481252]]}},{"type":"Feature","properties":{"linea":"7-5-172","palmas":29},"geometry":{"type":"LineString","coordinates":[[-72.988196,4.480112],[-72.986279,4.481334]]}},{"type":"Feature","properties":{"linea":"7-5-173","palmas":29},"geometry":{"type":"LineString","coordinates":[[-72.988199,4.480194],[-72.986283,4.481415]]}},{"type":"Feature","properties":{"linea":"7-5-174","palmas":29},"geometry":{"type":"LineString","coordinates":[[-72.988203,4.480275],[-72.986286,4.481496]]}},{"type":"Feature","properties":{"linea":"7-5-176","palmas":2},"geometry":{"type":"LineString","coordinates":[[-72.988278,4.480394],[-72.988206,4.480356]]}},{"type":"Feature","properties":{"linea":"7-5-177","palmas":3},"geometry":{"type":"LineString","coordinates":[[-72.988282,4.480475],[-72.988138,4.4804]]}},{"type":"Feature","properties":{"linea":"7-5-178","palmas":4},"geometry":{"type":"LineString","coordinates":[[-72.988285,4.480556],[-72.988069,4.480443]]}},{"type":"Feature","properties":{"linea":"7-5-179","palmas":5},"geometry":{"type":"LineString","coordinates":[[-72.988288,4.480638],[-72.988001,4.480487]]}},{"type":"Feature","properties":{"linea":"7-5-18","palmas":15},"geometry":{"type":"LineString","coordinates":[[-72.987766,4.469868],[-72.986759,4.469341]]}},{"type":"Feature","properties":{"linea":"7-5-180","palmas":6},"geometry":{"type":"LineString","coordinates":[[-72.988292,4.480719],[-72.987932,4.480531]]}},{"type":"Feature","properties":{"linea":"7-5-181","palmas":7},"geometry":{"type":"LineString","coordinates":[[-72.988295,4.4808],[-72.987864,4.480574]]}},{"type":"Feature","properties":{"linea":"7-5-182","palmas":8},"geometry":{"type":"LineString","coordinates":[[-72.988299,4.480882],[-72.987796,4.480618]]}},{"type":"Feature","properties":{"linea":"7-5-183","palmas":9},"geometry":{"type":"LineString","coordinates":[[-72.988302,4.480963],[-72.987727,4.480661]]}},{"type":"Feature","properties":{"linea":"7-5-184","palmas":10},"geometry":{"type":"LineString","coordinates":[[-72.988306,4.481044],[-72.987659,4.480705]]}},{"type":"Feature","properties":{"linea":"7-5-185","palmas":11},"geometry":{"type":"LineString","coordinates":[[-72.988309,4.481126],[-72.98759,4.480749]]}},{"type":"Feature","properties":{"linea":"7-5-186","palmas":12},"geometry":{"type":"LineString","coordinates":[[-72.988312,4.481207],[-72.987522,4.480792]]}},{"type":"Feature","properties":{"linea":"7-5-187","palmas":13},"geometry":{"type":"LineString","coordinates":[[-72.988316,4.481288],[-72.987453,4.480836]]}},{"type":"Feature","properties":{"linea":"7-5-188","palmas":13},"geometry":{"type":"LineString","coordinates":[[-72.988247,4.481332],[-72.987385,4.480879]]}},{"type":"Feature","properties":{"linea":"7-5-189","palmas":13},"geometry":{"type":"LineString","coordinates":[[-72.988179,4.481375],[-72.987316,4.480923]]}},{"type":"Feature","properties":{"linea":"7-5-19","palmas":16},"geometry":{"type":"LineString","coordinates":[[-72.987769,4.469949],[-72.986691,4.469384]]}},{"type":"Feature","properties":{"linea":"7-5-190","palmas":13},"geometry":{"type":"LineString","coordinates":[[-72.98811,4.481419],[-72.987248,4.480967]]}},{"type":"Feature","properties":{"linea":"7-5-191","palmas":13},"geometry":{"type":"LineString","coordinates":[[-72.988042,4.481463],[-72.987179,4.481011]]}},{"type":"Feature","properties":{"linea":"7-5-192","palmas":13},"geometry":{"type":"LineString","coordinates":[[-72.987973,4.481506],[-72.987111,4.481054]]}},{"type":"Feature","properties":{"linea":"7-5-193","palmas":13},"geometry":{"type":"LineString","coordinates":[[-72.987905,4.48155],[-72.987043,4.481098]]}},{"type":"Feature","properties":{"linea":"7-5-194","palmas":13},"geometry":{"type":"LineString","coordinates":[[-72.987837,4.481593],[-72.986974,4.481141]]}},{"type":"Feature","properties":{"linea":"7-5-195","palmas":13},"geometry":{"type":"LineString","coordinates":[[-72.987768,4.481637],[-72.986906,4.481185]]}},{"type":"Feature","properties":{"linea":"7-5-196","palmas":13},"geometry":{"type":"LineString","coordinates":[[-72.9877,4.481681],[-72.986837,4.481229]]}},{"type":"Feature","properties":{"linea":"7-5-197","palmas":13},"geometry":{"type":"LineString","coordinates":[[-72.987631,4.481724],[-72.986769,4.481272]]}},{"type":"Feature","properties":{"linea":"7-5-198","palmas":13},"geometry":{"type":"LineString","coordinates":[[-72.987563,4.481768],[-72.986701,4.481316]]}},{"type":"Feature","properties":{"linea":"7-5-199","palmas":13},"geometry":{"type":"LineString","coordinates":[[-72.987494,4.481812],[-72.986632,4.481359]]}},{"type":"Feature","properties":{"linea":"7-5-2","palmas":2},"geometry":{"type":"LineString","coordinates":[[-72.987711,4.468567],[-72.987639,4.46853]]}},{"type":"Feature","properties":{"linea":"7-5-20","palmas":17},"geometry":{"type":"LineString","coordinates":[[-72.987773,4.470031],[-72.986626,4.46943]]}},{"type":"Feature","properties":{"linea":"7-5-200","palmas":13},"geometry":{"type":"LineString","coordinates":[[-72.987426,4.481855],[-72.986564,4.481403]]}},{"type":"Feature","properties":{"linea":"7-5-201","palmas":13},"geometry":{"type":"LineString","coordinates":[[-72.987358,4.481899],[-72.986495,4.481447]]}},{"type":"Feature","properties":{"linea":"7-5-202","palmas":13},"geometry":{"type":"LineString","coordinates":[[-72.987289,4.481942],[-72.986427,4.48149]]}},{"type":"Feature","properties":{"linea":"7-5-203","palmas":13},"geometry":{"type":"LineString","coordinates":[[-72.987221,4.481986],[-72.986358,4.481534]]}},{"type":"Feature","properties":{"linea":"7-5-204","palmas":13},"geometry":{"type":"LineString","coordinates":[[-72.987152,4.48203],[-72.98629,4.481578]]}},{"type":"Feature","properties":{"linea":"7-5-205","palmas":12},"geometry":{"type":"LineString","coordinates":[[-72.987084,4.482073],[-72.986293,4.481659]]}},{"type":"Feature","properties":{"linea":"7-5-206","palmas":11},"geometry":{"type":"LineString","coordinates":[[-72.987015,4.482117],[-72.986297,4.48174]]}},{"type":"Feature","properties":{"linea":"7-5-207","palmas":10},"geometry":{"type":"LineString","coordinates":[[-72.986947,4.482161],[-72.9863,4.481821]]}},{"type":"Feature","properties":{"linea":"7-5-208","palmas":9},"geometry":{"type":"LineString","coordinates":[[-72.986878,4.482204],[-72.986303,4.481903]]}},{"type":"Feature","properties":{"linea":"7-5-209","palmas":8},"geometry":{"type":"LineString","coordinates":[[-72.98681,4.482248],[-72.986307,4.481984]]}},{"type":"Feature","properties":{"linea":"7-5-21","palmas":18},"geometry":{"type":"LineString","coordinates":[[-72.987776,4.470112],[-72.986558,4.469473]]}},{"type":"Feature","properties":{"linea":"7-5-210","palmas":8},"geometry":{"type":"LineString","coordinates":[[-72.986813,4.482329],[-72.98631,4.482065]]}},{"type":"Feature","properties":{"linea":"7-5-211","palmas":7},"geometry":{"type":"LineString","coordinates":[[-72.986745,4.482373],[-72.986314,4.482147]]}},{"type":"Feature","properties":{"linea":"7-5-212","palmas":6},"geometry":{"type":"LineString","coordinates":[[-72.986676,4.482416],[-72.986317,4.482228]]}},{"type":"Feature","properties":{"linea":"7-5-213","palmas":5},"geometry":{"type":"LineString","coordinates":[[-72.986608,4.48246],[-72.986321,4.482309]]}},{"type":"Feature","properties":{"linea":"7-5-214","palmas":4},"geometry":{"type":"LineString","coordinates":[[-72.986539,4.482504],[-72.986324,4.482391]]}},{"type":"Feature","properties":{"linea":"7-5-215","palmas":3},"geometry":{"type":"LineString","coordinates":[[-72.986471,4.482547],[-72.986327,4.482472]]}},{"type":"Feature","properties":{"linea":"7-5-216","palmas":2},"geometry":{"type":"LineString","coordinates":[[-72.986402,4.482591],[-72.986331,4.482553]]}},{"type":"Feature","properties":{"linea":"7-5-218","palmas":30},"geometry":{"type":"LineString","coordinates":[[-72.988322,4.481451],[-72.986338,4.482716]]}},{"type":"Feature","properties":{"linea":"7-5-219","palmas":30},"geometry":{"type":"LineString","coordinates":[[-72.988326,4.481532],[-72.986341,4.482797]]}},{"type":"Feature","properties":{"linea":"7-5-22","palmas":19},"geometry":{"type":"LineString","coordinates":[[-72.987779,4.470193],[-72.986489,4.469517]]}},{"type":"Feature","properties":{"linea":"7-5-220","palmas":30},"geometry":{"type":"LineString","coordinates":[[-72.988329,4.481613],[-72.986344,4.482878]]}},{"type":"Feature","properties":{"linea":"7-5-221","palmas":30},"geometry":{"type":"LineString","coordinates":[[-72.988333,4.481695],[-72.986348,4.48296]]}},{"type":"Feature","properties":{"linea":"7-5-222","palmas":30},"geometry":{"type":"LineString","coordinates":[[-72.988336,4.481776],[-72.986351,4.483041]]}},{"type":"Feature","properties":{"linea":"7-5-223","palmas":30},"geometry":{"type":"LineString","coordinates":[[-72.98834,4.481857],[-72.986355,4.483122]]}},{"type":"Feature","properties":{"linea":"7-5-224","palmas":30},"geometry":{"type":"LineString","coordinates":[[-72.988343,4.481939],[-72.986358,4.483204]]}},{"type":"Feature","properties":{"linea":"7-5-225","palmas":30},"geometry":{"type":"LineString","coordinates":[[-72.988346,4.48202],[-72.986361,4.483285]]}},{"type":"Feature","properties":{"linea":"7-5-226","palmas":30},"geometry":{"type":"LineString","coordinates":[[-72.98835,4.482101],[-72.986365,4.483366]]}},{"type":"Feature","properties":{"linea":"7-5-227","palmas":30},"geometry":{"type":"LineString","coordinates":[[-72.988353,4.482183],[-72.986368,4.483448]]}},{"type":"Feature","properties":{"linea":"7-5-228","palmas":30},"geometry":{"type":"LineString","coordinates":[[-72.988357,4.482264],[-72.986372,4.483529]]}},{"type":"Feature","properties":{"linea":"7-5-229","palmas":30},"geometry":{"type":"LineString","coordinates":[[-72.98836,4.482345],[-72.986375,4.48361]]}},{"type":"Feature","properties":{"linea":"7-5-23","palmas":20},"geometry":{"type":"LineString","coordinates":[[-72.987782,4.470275],[-72.986421,4.469561]]}},{"type":"Feature","properties":{"linea":"7-5-230","palmas":30},"geometry":{"type":"LineString","coordinates":[[-72.988364,4.482426],[-72.986379,4.483691]]}},{"type":"Feature","properties":{"linea":"7-5-231","palmas":30},"geometry":{"type":"LineString","coordinates":[[-72.988367,4.482508],[-72.986382,4.483772]]}},{"type":"Feature","properties":{"linea":"7-5-232","palmas":30},"geometry":{"type":"LineString","coordinates":[[-72.98837,4.482589],[-72.986385,4.483854]]}},{"type":"Feature","properties":{"linea":"7-5-233","palmas":30},"geometry":{"type":"LineString","coordinates":[[-72.988374,4.48267],[-72.986389,4.483935]]}},{"type":"Feature","properties":{"linea":"7-5-234","palmas":30},"geometry":{"type":"LineString","coordinates":[[-72.988377,4.482752],[-72.986392,4.484016]]}},{"type":"Feature","properties":{"linea":"7-5-235","palmas":30},"geometry":{"type":"LineString","coordinates":[[-72.988381,4.482833],[-72.986396,4.484098]]}},{"type":"Feature","properties":{"linea":"7-5-236","palmas":30},"geometry":{"type":"LineString","coordinates":[[-72.988384,4.482914],[-72.986399,4.484179]]}},{"type":"Feature","properties":{"linea":"7-5-237","palmas":30},"geometry":{"type":"LineString","coordinates":[[-72.988388,4.482996],[-72.986402,4.484261]]}},{"type":"Feature","properties":{"linea":"7-5-238","palmas":30},"geometry":{"type":"LineString","coordinates":[[-72.988391,4.483077],[-72.986406,4.484342]]}},{"type":"Feature","properties":{"linea":"7-5-239","palmas":30},"geometry":{"type":"LineString","coordinates":[[-72.988394,4.483158],[-72.986409,4.484423]]}},{"type":"Feature","properties":{"linea":"7-5-24","palmas":20},"geometry":{"type":"LineString","coordinates":[[-72.987786,4.470356],[-72.986421,4.46964]]}},{"type":"Feature","properties":{"linea":"7-5-240","palmas":30},"geometry":{"type":"LineString","coordinates":[[-72.988398,4.483239],[-72.986413,4.484504]]}},{"type":"Feature","properties":{"linea":"7-5-241","palmas":30},"geometry":{"type":"LineString","coordinates":[[-72.988401,4.483321],[-72.986416,4.484586]]}},{"type":"Feature","properties":{"linea":"7-5-242","palmas":30},"geometry":{"type":"LineString","coordinates":[[-72.988404,4.483402],[-72.986419,4.484667]]}},{"type":"Feature","properties":{"linea":"7-5-243","palmas":30},"geometry":{"type":"LineString","coordinates":[[-72.988408,4.483483],[-72.986423,4.484748]]}},{"type":"Feature","properties":{"linea":"7-5-244","palmas":30},"geometry":{"type":"LineString","coordinates":[[-72.988411,4.483564],[-72.986426,4.484829]]}},{"type":"Feature","properties":{"linea":"7-5-245","palmas":30},"geometry":{"type":"LineString","coordinates":[[-72.988415,4.483646],[-72.98643,4.484911]]}},{"type":"Feature","properties":{"linea":"7-5-246","palmas":30},"geometry":{"type":"LineString","coordinates":[[-72.988418,4.483727],[-72.986433,4.484992]]}},{"type":"Feature","properties":{"linea":"7-5-247","palmas":30},"geometry":{"type":"LineString","coordinates":[[-72.988422,4.483808],[-72.986437,4.485073]]}},{"type":"Feature","properties":{"linea":"7-5-248","palmas":30},"geometry":{"type":"LineString","coordinates":[[-72.988425,4.48389],[-72.98644,4.485155]]}},{"type":"Feature","properties":{"linea":"7-5-249","palmas":30},"geometry":{"type":"LineString","coordinates":[[-72.988428,4.483971],[-72.986443,4.485236]]}},{"type":"Feature","properties":{"linea":"7-5-25","palmas":21},"geometry":{"type":"LineString","coordinates":[[-72.987789,4.470438],[-72.986352,4.469684]]}},{"type":"Feature","properties":{"linea":"7-5-250","palmas":30},"geometry":{"type":"LineString","coordinates":[[-72.988432,4.484052],[-72.986447,4.485317]]}},{"type":"Feature","properties":{"linea":"7-5-251","palmas":30},"geometry":{"type":"LineString","coordinates":[[-72.988435,4.484134],[-72.98645,4.485399]]}},{"type":"Feature","properties":{"linea":"7-5-252","palmas":30},"geometry":{"type":"LineString","coordinates":[[-72.988439,4.484215],[-72.986454,4.48548]]}},{"type":"Feature","properties":{"linea":"7-5-253","palmas":30},"geometry":{"type":"LineString","coordinates":[[-72.988442,4.484296],[-72.986457,4.485561]]}},{"type":"Feature","properties":{"linea":"7-5-254","palmas":30},"geometry":{"type":"LineString","coordinates":[[-72.988446,4.484377],[-72.986461,4.485642]]}},{"type":"Feature","properties":{"linea":"7-5-255","palmas":30},"geometry":{"type":"LineString","coordinates":[[-72.988449,4.484459],[-72.986464,4.485724]]}},{"type":"Feature","properties":{"linea":"7-5-256","palmas":30},"geometry":{"type":"LineString","coordinates":[[-72.988452,4.48454],[-72.986468,4.485805]]}},{"type":"Feature","properties":{"linea":"7-5-257","palmas":30},"geometry":{"type":"LineString","coordinates":[[-72.988456,4.484621],[-72.986471,4.485886]]}},{"type":"Feature","properties":{"linea":"7-5-258","palmas":4},"geometry":{"type":"LineString","coordinates":[[-72.986679,4.485837],[-72.986474,4.485968]]}},{"type":"Feature","properties":{"linea":"7-5-259","palmas":30},"geometry":{"type":"LineString","coordinates":[[-72.988462,4.484784],[-72.986478,4.486049]]}},{"type":"Feature","properties":{"linea":"7-5-26","palmas":22},"geometry":{"type":"LineString","coordinates":[[-72.987793,4.470519],[-72.986284,4.469728]]}},{"type":"Feature","properties":{"linea":"7-5-260","palmas":30},"geometry":{"type":"LineString","coordinates":[[-72.988466,4.484865],[-72.986481,4.48613]]}},{"type":"Feature","properties":{"linea":"7-5-261","palmas":30},"geometry":{"type":"LineString","coordinates":[[-72.988469,4.484947],[-72.986484,4.486212]]}},{"type":"Feature","properties":{"linea":"7-5-262","palmas":30},"geometry":{"type":"LineString","coordinates":[[-72.988473,4.485028],[-72.986488,4.486293]]}},{"type":"Feature","properties":{"linea":"7-5-263","palmas":30},"geometry":{"type":"LineString","coordinates":[[-72.988476,4.485109],[-72.986491,4.486374]]}},{"type":"Feature","properties":{"linea":"7-5-264","palmas":30},"geometry":{"type":"LineString","coordinates":[[-72.98848,4.485191],[-72.986495,4.486456]]}},{"type":"Feature","properties":{"linea":"7-5-265","palmas":30},"geometry":{"type":"LineString","coordinates":[[-72.988483,4.485272],[-72.986498,4.486537]]}},{"type":"Feature","properties":{"linea":"7-5-266","palmas":30},"geometry":{"type":"LineString","coordinates":[[-72.988486,4.485353],[-72.986502,4.486618]]}},{"type":"Feature","properties":{"linea":"7-5-267","palmas":30},"geometry":{"type":"LineString","coordinates":[[-72.98849,4.485434],[-72.986505,4.486699]]}},{"type":"Feature","properties":{"linea":"7-5-268","palmas":30},"geometry":{"type":"LineString","coordinates":[[-72.988493,4.485516],[-72.986508,4.486781]]}},{"type":"Feature","properties":{"linea":"7-5-269","palmas":30},"geometry":{"type":"LineString","coordinates":[[-72.988497,4.485597],[-72.986512,4.486862]]}},{"type":"Feature","properties":{"linea":"7-5-27","palmas":23},"geometry":{"type":"LineString","coordinates":[[-72.987796,4.4706],[-72.986215,4.469771]]}},{"type":"Feature","properties":{"linea":"7-5-270","palmas":30},"geometry":{"type":"LineString","coordinates":[[-72.9885,4.485678],[-72.986515,4.486943]]}},{"type":"Feature","properties":{"linea":"7-5-271","palmas":30},"geometry":{"type":"LineString","coordinates":[[-72.988504,4.48576],[-72.986519,4.487025]]}},{"type":"Feature","properties":{"linea":"7-5-272","palmas":28},"geometry":{"type":"LineString","coordinates":[[-72.988507,4.485841],[-72.986659,4.487019]]}},{"type":"Feature","properties":{"linea":"7-5-273","palmas":26},"geometry":{"type":"LineString","coordinates":[[-72.988511,4.485922],[-72.986799,4.487013]]}},{"type":"Feature","properties":{"linea":"7-5-274","palmas":23},"geometry":{"type":"LineString","coordinates":[[-72.988514,4.486004],[-72.987008,4.486963]]}},{"type":"Feature","properties":{"linea":"7-5-275","palmas":21},"geometry":{"type":"LineString","coordinates":[[-72.988517,4.486085],[-72.987148,4.486957]]}},{"type":"Feature","properties":{"linea":"7-5-276","palmas":19},"geometry":{"type":"LineString","coordinates":[[-72.988521,4.486166],[-72.987289,4.486951]]}},{"type":"Feature","properties":{"linea":"7-5-277","palmas":16},"geometry":{"type":"LineString","coordinates":[[-72.988524,4.486248],[-72.987498,4.486902]]}},{"type":"Feature","properties":{"linea":"7-5-278","palmas":14},"geometry":{"type":"LineString","coordinates":[[-72.988528,4.486329],[-72.987638,4.486896]]}},{"type":"Feature","properties":{"linea":"7-5-279","palmas":11},"geometry":{"type":"LineString","coordinates":[[-72.988531,4.48641],[-72.987846,4.486846]]}},{"type":"Feature","properties":{"linea":"7-5-28","palmas":23},"geometry":{"type":"LineString","coordinates":[[-72.9878,4.470681],[-72.986219,4.469852]]}},{"type":"Feature","properties":{"linea":"7-5-280","palmas":9},"geometry":{"type":"LineString","coordinates":[[-72.988534,4.486491],[-72.987987,4.48684]]}},{"type":"Feature","properties":{"linea":"7-5-281","palmas":7},"geometry":{"type":"LineString","coordinates":[[-72.988538,4.486573],[-72.988127,4.486834]]}},{"type":"Feature","properties":{"linea":"7-5-282","palmas":4},"geometry":{"type":"LineString","coordinates":[[-72.988541,4.486654],[-72.988336,4.486785]]}},{"type":"Feature","properties":{"linea":"7-5-29","palmas":24},"geometry":{"type":"LineString","coordinates":[[-72.987803,4.470763],[-72.98615,4.469896]]}},{"type":"Feature","properties":{"linea":"7-5-3","palmas":3},"geometry":{"type":"LineString","coordinates":[[-72.987714,4.468649],[-72.987571,4.468573]]}},{"type":"Feature","properties":{"linea":"7-5-30","palmas":25},"geometry":{"type":"LineString","coordinates":[[-72.987807,4.470844],[-72.986082,4.469939]]}},{"type":"Feature","properties":{"linea":"7-5-31","palmas":26},"geometry":{"type":"LineString","coordinates":[[-72.98781,4.470925],[-72.986013,4.469983]]}},{"type":"Feature","properties":{"linea":"7-5-32","palmas":27},"geometry":{"type":"LineString","coordinates":[[-72.987813,4.471006],[-72.985945,4.470027]]}},{"type":"Feature","properties":{"linea":"7-5-33","palmas":28},"geometry":{"type":"LineString","coordinates":[[-72.987817,4.471088],[-72.985876,4.47007]]}},{"type":"Feature","properties":{"linea":"7-5-34","palmas":28},"geometry":{"type":"LineString","coordinates":[[-72.98782,4.471169],[-72.98588,4.470152]]}},{"type":"Feature","properties":{"linea":"7-5-35","palmas":29},"geometry":{"type":"LineString","coordinates":[[-72.987824,4.47125],[-72.985811,4.470195]]}},{"type":"Feature","properties":{"linea":"7-5-36","palmas":30},"geometry":{"type":"LineString","coordinates":[[-72.987827,4.471332],[-72.985743,4.470239]]}},{"type":"Feature","properties":{"linea":"7-5-37","palmas":28},"geometry":{"type":"LineString","coordinates":[[-72.987831,4.471413],[-72.985746,4.47032]]}},{"type":"Feature","properties":{"linea":"7-5-38","palmas":26},"geometry":{"type":"LineString","coordinates":[[-72.987834,4.471494],[-72.986037,4.470552]]}},{"type":"Feature","properties":{"linea":"7-5-39","palmas":28},"geometry":{"type":"LineString","coordinates":[[-72.987837,4.471576],[-72.985895,4.470557]]}},{"type":"Feature","properties":{"linea":"7-5-4","palmas":4},"geometry":{"type":"LineString","coordinates":[[-72.987718,4.46873],[-72.987502,4.468617]]}},{"type":"Feature","properties":{"linea":"7-5-40","palmas":29},"geometry":{"type":"LineString","coordinates":[[-72.987841,4.471657],[-72.985826,4.470601]]}},{"type":"Feature","properties":{"linea":"7-5-41","palmas":29},"geometry":{"type":"LineString","coordinates":[[-72.987844,4.471738],[-72.985832,4.470683]]}},{"type":"Feature","properties":{"linea":"7-5-42","palmas":30},"geometry":{"type":"LineString","coordinates":[[-72.987848,4.471819],[-72.985764,4.470727]]}},{"type":"Feature","properties":{"linea":"7-5-43","palmas":30},"geometry":{"type":"LineString","coordinates":[[-72.987851,4.471901],[-72.985767,4.470808]]}},{"type":"Feature","properties":{"linea":"7-5-44","palmas":30},"geometry":{"type":"LineString","coordinates":[[-72.987854,4.471982],[-72.98577,4.470889]]}},{"type":"Feature","properties":{"linea":"7-5-45","palmas":30},"geometry":{"type":"LineString","coordinates":[[-72.987858,4.472063],[-72.985774,4.470971]]}},{"type":"Feature","properties":{"linea":"7-5-46","palmas":30},"geometry":{"type":"LineString","coordinates":[[-72.987861,4.472145],[-72.985777,4.471052]]}},{"type":"Feature","properties":{"linea":"7-5-47","palmas":30},"geometry":{"type":"LineString","coordinates":[[-72.987865,4.472226],[-72.985781,4.471133]]}},{"type":"Feature","properties":{"linea":"7-5-48","palmas":30},"geometry":{"type":"LineString","coordinates":[[-72.987868,4.472307],[-72.985784,4.471214]]}},{"type":"Feature","properties":{"linea":"7-5-49","palmas":30},"geometry":{"type":"LineString","coordinates":[[-72.987871,4.472389],[-72.985788,4.471296]]}},{"type":"Feature","properties":{"linea":"7-5-5","palmas":5},"geometry":{"type":"LineString","coordinates":[[-72.987721,4.468811],[-72.987434,4.468661]]}},{"type":"Feature","properties":{"linea":"7-5-50","palmas":30},"geometry":{"type":"LineString","coordinates":[[-72.987875,4.47247],[-72.985791,4.471377]]}},{"type":"Feature","properties":{"linea":"7-5-51","palmas":30},"geometry":{"type":"LineString","coordinates":[[-72.987878,4.472551],[-72.985794,4.471458]]}},{"type":"Feature","properties":{"linea":"7-5-52","palmas":30},"geometry":{"type":"LineString","coordinates":[[-72.987882,4.472633],[-72.985798,4.47154]]}},{"type":"Feature","properties":{"linea":"7-5-53","palmas":30},"geometry":{"type":"LineString","coordinates":[[-72.987885,4.472714],[-72.985801,4.471621]]}},{"type":"Feature","properties":{"linea":"7-5-54","palmas":30},"geometry":{"type":"LineString","coordinates":[[-72.987889,4.472795],[-72.985804,4.471702]]}},{"type":"Feature","properties":{"linea":"7-5-55","palmas":30},"geometry":{"type":"LineString","coordinates":[[-72.987892,4.472876],[-72.985808,4.471784]]}},{"type":"Feature","properties":{"linea":"7-5-56","palmas":30},"geometry":{"type":"LineString","coordinates":[[-72.987895,4.472958],[-72.985811,4.471865]]}},{"type":"Feature","properties":{"linea":"7-5-57","palmas":30},"geometry":{"type":"LineString","coordinates":[[-72.987899,4.473039],[-72.985815,4.471946]]}},{"type":"Feature","properties":{"linea":"7-5-58","palmas":30},"geometry":{"type":"LineString","coordinates":[[-72.987902,4.47312],[-72.985818,4.472028]]}},{"type":"Feature","properties":{"linea":"7-5-59","palmas":30},"geometry":{"type":"LineString","coordinates":[[-72.987906,4.473202],[-72.985822,4.472109]]}},{"type":"Feature","properties":{"linea":"7-5-6","palmas":5},"geometry":{"type":"LineString","coordinates":[[-72.987724,4.468893],[-72.987437,4.468742]]}},{"type":"Feature","properties":{"linea":"7-5-60","palmas":30},"geometry":{"type":"LineString","coordinates":[[-72.987909,4.473283],[-72.985825,4.47219]]}},{"type":"Feature","properties":{"linea":"7-5-61","palmas":30},"geometry":{"type":"LineString","coordinates":[[-72.987913,4.473364],[-72.985828,4.472271]]}},{"type":"Feature","properties":{"linea":"7-5-62","palmas":30},"geometry":{"type":"LineString","coordinates":[[-72.987916,4.473446],[-72.985832,4.472353]]}},{"type":"Feature","properties":{"linea":"7-5-63","palmas":30},"geometry":{"type":"LineString","coordinates":[[-72.987919,4.473527],[-72.985835,4.472434]]}},{"type":"Feature","properties":{"linea":"7-5-64","palmas":30},"geometry":{"type":"LineString","coordinates":[[-72.987923,4.473608],[-72.985839,4.472515]]}},{"type":"Feature","properties":{"linea":"7-5-65","palmas":30},"geometry":{"type":"LineString","coordinates":[[-72.987926,4.473689],[-72.985842,4.472597]]}},{"type":"Feature","properties":{"linea":"7-5-66","palmas":30},"geometry":{"type":"LineString","coordinates":[[-72.987929,4.473771],[-72.985846,4.472678]]}},{"type":"Feature","properties":{"linea":"7-5-67","palmas":30},"geometry":{"type":"LineString","coordinates":[[-72.987933,4.473852],[-72.985849,4.472759]]}},{"type":"Feature","properties":{"linea":"7-5-68","palmas":30},"geometry":{"type":"LineString","coordinates":[[-72.987936,4.473933],[-72.985852,4.472841]]}},{"type":"Feature","properties":{"linea":"7-5-69","palmas":30},"geometry":{"type":"LineString","coordinates":[[-72.98794,4.474015],[-72.985856,4.472922]]}},{"type":"Feature","properties":{"linea":"7-5-7","palmas":6},"geometry":{"type":"LineString","coordinates":[[-72.987728,4.468974],[-72.987369,4.468786]]}},{"type":"Feature","properties":{"linea":"7-5-70","palmas":30},"geometry":{"type":"LineString","coordinates":[[-72.987943,4.474096],[-72.985859,4.473003]]}},{"type":"Feature","properties":{"linea":"7-5-71","palmas":30},"geometry":{"type":"LineString","coordinates":[[-72.987947,4.474177],[-72.985862,4.473084]]}},{"type":"Feature","properties":{"linea":"7-5-72","palmas":30},"geometry":{"type":"LineString","coordinates":[[-72.98795,4.474259],[-72.985866,4.473166]]}},{"type":"Feature","properties":{"linea":"7-5-73","palmas":30},"geometry":{"type":"LineString","coordinates":[[-72.987953,4.47434],[-72.985869,4.473247]]}},{"type":"Feature","properties":{"linea":"7-5-74","palmas":30},"geometry":{"type":"LineString","coordinates":[[-72.987957,4.474421],[-72.985873,4.473328]]}},{"type":"Feature","properties":{"linea":"7-5-75","palmas":30},"geometry":{"type":"LineString","coordinates":[[-72.98796,4.474502],[-72.985876,4.47341]]}},{"type":"Feature","properties":{"linea":"7-5-76","palmas":30},"geometry":{"type":"LineString","coordinates":[[-72.987964,4.474584],[-72.98588,4.473491]]}},{"type":"Feature","properties":{"linea":"7-5-77","palmas":30},"geometry":{"type":"LineString","coordinates":[[-72.987967,4.474665],[-72.985883,4.473572]]}},{"type":"Feature","properties":{"linea":"7-5-78","palmas":30},"geometry":{"type":"LineString","coordinates":[[-72.987971,4.474746],[-72.985886,4.473654]]}},{"type":"Feature","properties":{"linea":"7-5-79","palmas":30},"geometry":{"type":"LineString","coordinates":[[-72.987974,4.474827],[-72.98589,4.473735]]}},{"type":"Feature","properties":{"linea":"7-5-8","palmas":7},"geometry":{"type":"LineString","coordinates":[[-72.987731,4.469055],[-72.9873,4.468829]]}},{"type":"Feature","properties":{"linea":"7-5-80","palmas":30},"geometry":{"type":"LineString","coordinates":[[-72.987977,4.474909],[-72.985893,4.473816]]}},{"type":"Feature","properties":{"linea":"7-5-81","palmas":30},"geometry":{"type":"LineString","coordinates":[[-72.987981,4.47499],[-72.985897,4.473898]]}},{"type":"Feature","properties":{"linea":"7-5-82","palmas":30},"geometry":{"type":"LineString","coordinates":[[-72.987984,4.475072],[-72.9859,4.473979]]}},{"type":"Feature","properties":{"linea":"7-5-83","palmas":30},"geometry":{"type":"LineString","coordinates":[[-72.987988,4.475153],[-72.985904,4.47406]]}},{"type":"Feature","properties":{"linea":"7-5-84","palmas":30},"geometry":{"type":"LineString","coordinates":[[-72.987991,4.475234],[-72.985907,4.474141]]}},{"type":"Feature","properties":{"linea":"7-5-85","palmas":30},"geometry":{"type":"LineString","coordinates":[[-72.987994,4.475316],[-72.985911,4.474223]]}},{"type":"Feature","properties":{"linea":"7-5-86","palmas":30},"geometry":{"type":"LineString","coordinates":[[-72.987998,4.475397],[-72.985914,4.474304]]}},{"type":"Feature","properties":{"linea":"7-5-87","palmas":30},"geometry":{"type":"LineString","coordinates":[[-72.988001,4.475478],[-72.985917,4.474385]]}},{"type":"Feature","properties":{"linea":"7-5-88","palmas":30},"geometry":{"type":"LineString","coordinates":[[-72.988005,4.475559],[-72.985921,4.474467]]}},{"type":"Feature","properties":{"linea":"7-5-89","palmas":29},"geometry":{"type":"LineString","coordinates":[[-72.987936,4.475603],[-72.985924,4.474548]]}},{"type":"Feature","properties":{"linea":"7-5-9","palmas":8},"geometry":{"type":"LineString","coordinates":[[-72.987735,4.469137],[-72.987232,4.468873]]}},{"type":"Feature","properties":{"linea":"7-5-90","palmas":28},"geometry":{"type":"LineString","coordinates":[[-72.987868,4.475647],[-72.985928,4.474629]]}},{"type":"Feature","properties":{"linea":"7-5-91","palmas":27},"geometry":{"type":"LineString","coordinates":[[-72.987799,4.47569],[-72.985931,4.474711]]}},{"type":"Feature","properties":{"linea":"7-5-92","palmas":26},"geometry":{"type":"LineString","coordinates":[[-72.987731,4.475734],[-72.985934,4.474792]]}},{"type":"Feature","properties":{"linea":"7-5-93","palmas":25},"geometry":{"type":"LineString","coordinates":[[-72.987662,4.475778],[-72.985938,4.474873]]}},{"type":"Feature","properties":{"linea":"7-5-94","palmas":24},"geometry":{"type":"LineString","coordinates":[[-72.987594,4.475821],[-72.985941,4.474954]]}},{"type":"Feature","properties":{"linea":"7-5-95","palmas":23},"geometry":{"type":"LineString","coordinates":[[-72.987526,4.475865],[-72.985945,4.475036]]}},{"type":"Feature","properties":{"linea":"7-5-96","palmas":22},"geometry":{"type":"LineString","coordinates":[[-72.987457,4.475908],[-72.985948,4.475117]]}},{"type":"Feature","properties":{"linea":"7-5-97","palmas":21},"geometry":{"type":"LineString","coordinates":[[-72.987389,4.475952],[-72.985951,4.475198]]}},{"type":"Feature","properties":{"linea":"7-5-98","palmas":20},"geometry":{"type":"LineString","coordinates":[[-72.98732,4.475996],[-72.985955,4.47528]]}},{"type":"Feature","properties":{"linea":"7-5-99","palmas":19},"geometry":{"type":"LineString","coordinates":[[-72.987252,4.476039],[-72.985958,4.475361]]}},{"type":"Feature","properties":{"linea":"7-6-1","palmas":4},"geometry":{"type":"LineString","coordinates":[[-72.985131,4.470623],[-72.985336,4.470492]]}},{"type":"Feature","properties":{"linea":"7-6-10","palmas":29},"geometry":{"type":"LineString","coordinates":[[-72.983656,4.472314],[-72.985572,4.471093]]}},{"type":"Feature","properties":{"linea":"7-6-100","palmas":30},"geometry":{"type":"LineString","coordinates":[[-72.983864,4.477274],[-72.985948,4.478367]]}},{"type":"Feature","properties":{"linea":"7-6-101","palmas":30},"geometry":{"type":"LineString","coordinates":[[-72.983867,4.477355],[-72.985951,4.478448]]}},{"type":"Feature","properties":{"linea":"7-6-102","palmas":29},"geometry":{"type":"LineString","coordinates":[[-72.983942,4.477474],[-72.985955,4.478529]]}},{"type":"Feature","properties":{"linea":"7-6-103","palmas":29},"geometry":{"type":"LineString","coordinates":[[-72.983946,4.477556],[-72.985958,4.478611]]}},{"type":"Feature","properties":{"linea":"7-6-104","palmas":29},"geometry":{"type":"LineString","coordinates":[[-72.983949,4.477637],[-72.985962,4.478692]]}},{"type":"Feature","properties":{"linea":"7-6-105","palmas":29},"geometry":{"type":"LineString","coordinates":[[-72.983953,4.477718],[-72.985965,4.478773]]}},{"type":"Feature","properties":{"linea":"7-6-106","palmas":29},"geometry":{"type":"LineString","coordinates":[[-72.983956,4.477799],[-72.985968,4.478854]]}},{"type":"Feature","properties":{"linea":"7-6-107","palmas":29},"geometry":{"type":"LineString","coordinates":[[-72.98396,4.477881],[-72.985972,4.478936]]}},{"type":"Feature","properties":{"linea":"7-6-108","palmas":29},"geometry":{"type":"LineString","coordinates":[[-72.983963,4.477962],[-72.985975,4.479017]]}},{"type":"Feature","properties":{"linea":"7-6-109","palmas":29},"geometry":{"type":"LineString","coordinates":[[-72.983966,4.478043],[-72.985979,4.479098]]}},{"type":"Feature","properties":{"linea":"7-6-11","palmas":29},"geometry":{"type":"LineString","coordinates":[[-72.983659,4.472396],[-72.985576,4.471174]]}},{"type":"Feature","properties":{"linea":"7-6-110","palmas":29},"geometry":{"type":"LineString","coordinates":[[-72.98397,4.478124],[-72.985982,4.47918]]}},{"type":"Feature","properties":{"linea":"7-6-111","palmas":29},"geometry":{"type":"LineString","coordinates":[[-72.983973,4.478206],[-72.985986,4.479261]]}},{"type":"Feature","properties":{"linea":"7-6-112","palmas":26},"geometry":{"type":"LineString","coordinates":[[-72.983977,4.478287],[-72.985989,4.479342]]}},{"type":"Feature","properties":{"linea":"7-6-113","palmas":2},"geometry":{"type":"LineString","coordinates":[[-72.985921,4.479386],[-72.985992,4.479424]]}},{"type":"Feature","properties":{"linea":"7-6-114","palmas":2},"geometry":{"type":"LineString","coordinates":[[-72.985924,4.479467],[-72.985996,4.479505]]}},{"type":"Feature","properties":{"linea":"7-6-115","palmas":29},"geometry":{"type":"LineString","coordinates":[[-72.983987,4.478531],[-72.985999,4.479586]]}},{"type":"Feature","properties":{"linea":"7-6-116","palmas":29},"geometry":{"type":"LineString","coordinates":[[-72.983991,4.478613],[-72.986002,4.479667]]}},{"type":"Feature","properties":{"linea":"7-6-117","palmas":29},"geometry":{"type":"LineString","coordinates":[[-72.983994,4.478694],[-72.986006,4.479749]]}},{"type":"Feature","properties":{"linea":"7-6-118","palmas":29},"geometry":{"type":"LineString","coordinates":[[-72.983997,4.478775],[-72.986009,4.47983]]}},{"type":"Feature","properties":{"linea":"7-6-119","palmas":29},"geometry":{"type":"LineString","coordinates":[[-72.984001,4.478856],[-72.986013,4.479911]]}},{"type":"Feature","properties":{"linea":"7-6-12","palmas":29},"geometry":{"type":"LineString","coordinates":[[-72.983662,4.472477],[-72.985579,4.471256]]}},{"type":"Feature","properties":{"linea":"7-6-120","palmas":29},"geometry":{"type":"LineString","coordinates":[[-72.984004,4.478937],[-72.986016,4.479993]]}},{"type":"Feature","properties":{"linea":"7-6-121","palmas":29},"geometry":{"type":"LineString","coordinates":[[-72.984008,4.479019],[-72.98602,4.480074]]}},{"type":"Feature","properties":{"linea":"7-6-122","palmas":29},"geometry":{"type":"LineString","coordinates":[[-72.984011,4.4791],[-72.986023,4.480155]]}},{"type":"Feature","properties":{"linea":"7-6-123","palmas":29},"geometry":{"type":"LineString","coordinates":[[-72.984014,4.479181],[-72.986026,4.480237]]}},{"type":"Feature","properties":{"linea":"7-6-124","palmas":29},"geometry":{"type":"LineString","coordinates":[[-72.984018,4.479263],[-72.98603,4.480318]]}},{"type":"Feature","properties":{"linea":"7-6-125","palmas":29},"geometry":{"type":"LineString","coordinates":[[-72.984021,4.479344],[-72.986033,4.480399]]}},{"type":"Feature","properties":{"linea":"7-6-126","palmas":29},"geometry":{"type":"LineString","coordinates":[[-72.984025,4.479425],[-72.986037,4.480481]]}},{"type":"Feature","properties":{"linea":"7-6-127","palmas":29},"geometry":{"type":"LineString","coordinates":[[-72.984028,4.479507],[-72.98604,4.480562]]}},{"type":"Feature","properties":{"linea":"7-6-128","palmas":29},"geometry":{"type":"LineString","coordinates":[[-72.984031,4.479588],[-72.986044,4.480643]]}},{"type":"Feature","properties":{"linea":"7-6-129","palmas":29},"geometry":{"type":"LineString","coordinates":[[-72.984035,4.479669],[-72.986047,4.480724]]}},{"type":"Feature","properties":{"linea":"7-6-13","palmas":29},"geometry":{"type":"LineString","coordinates":[[-72.983666,4.472558],[-72.985582,4.471337]]}},{"type":"Feature","properties":{"linea":"7-6-130","palmas":29},"geometry":{"type":"LineString","coordinates":[[-72.984038,4.479751],[-72.98605,4.480806]]}},{"type":"Feature","properties":{"linea":"7-6-131","palmas":29},"geometry":{"type":"LineString","coordinates":[[-72.984042,4.479832],[-72.986054,4.480887]]}},{"type":"Feature","properties":{"linea":"7-6-132","palmas":29},"geometry":{"type":"LineString","coordinates":[[-72.984045,4.479913],[-72.986057,4.480968]]}},{"type":"Feature","properties":{"linea":"7-6-133","palmas":29},"geometry":{"type":"LineString","coordinates":[[-72.984049,4.479994],[-72.986061,4.481049]]}},{"type":"Feature","properties":{"linea":"7-6-134","palmas":29},"geometry":{"type":"LineString","coordinates":[[-72.984052,4.480076],[-72.986064,4.481131]]}},{"type":"Feature","properties":{"linea":"7-6-135","palmas":29},"geometry":{"type":"LineString","coordinates":[[-72.984055,4.480157],[-72.986068,4.481212]]}},{"type":"Feature","properties":{"linea":"7-6-136","palmas":29},"geometry":{"type":"LineString","coordinates":[[-72.984059,4.480238],[-72.986071,4.481293]]}},{"type":"Feature","properties":{"linea":"7-6-137","palmas":29},"geometry":{"type":"LineString","coordinates":[[-72.984062,4.48032],[-72.986074,4.481375]]}},{"type":"Feature","properties":{"linea":"7-6-138","palmas":29},"geometry":{"type":"LineString","coordinates":[[-72.984066,4.480401],[-72.986078,4.481456]]}},{"type":"Feature","properties":{"linea":"7-6-139","palmas":28},"geometry":{"type":"LineString","coordinates":[[-72.984069,4.480482],[-72.986009,4.4815]]}},{"type":"Feature","properties":{"linea":"7-6-14","palmas":29},"geometry":{"type":"LineString","coordinates":[[-72.983669,4.47264],[-72.985586,4.471418]]}},{"type":"Feature","properties":{"linea":"7-6-140","palmas":27},"geometry":{"type":"LineString","coordinates":[[-72.984072,4.480564],[-72.985941,4.481543]]}},{"type":"Feature","properties":{"linea":"7-6-141","palmas":26},"geometry":{"type":"LineString","coordinates":[[-72.984076,4.480645],[-72.985872,4.481587]]}},{"type":"Feature","properties":{"linea":"7-6-142","palmas":25},"geometry":{"type":"LineString","coordinates":[[-72.984079,4.480726],[-72.985804,4.481631]]}},{"type":"Feature","properties":{"linea":"7-6-143","palmas":25},"geometry":{"type":"LineString","coordinates":[[-72.984083,4.480808],[-72.985808,4.481712]]}},{"type":"Feature","properties":{"linea":"7-6-144","palmas":24},"geometry":{"type":"LineString","coordinates":[[-72.984086,4.480889],[-72.985739,4.481756]]}},{"type":"Feature","properties":{"linea":"7-6-145","palmas":23},"geometry":{"type":"LineString","coordinates":[[-72.984089,4.48097],[-72.985671,4.481799]]}},{"type":"Feature","properties":{"linea":"7-6-146","palmas":22},"geometry":{"type":"LineString","coordinates":[[-72.984093,4.481051],[-72.985602,4.481843]]}},{"type":"Feature","properties":{"linea":"7-6-147","palmas":21},"geometry":{"type":"LineString","coordinates":[[-72.984096,4.481133],[-72.985534,4.481886]]}},{"type":"Feature","properties":{"linea":"7-6-148","palmas":20},"geometry":{"type":"LineString","coordinates":[[-72.9841,4.481214],[-72.985465,4.48193]]}},{"type":"Feature","properties":{"linea":"7-6-149","palmas":19},"geometry":{"type":"LineString","coordinates":[[-72.984103,4.481295],[-72.985397,4.481974]]}},{"type":"Feature","properties":{"linea":"7-6-15","palmas":29},"geometry":{"type":"LineString","coordinates":[[-72.983672,4.472721],[-72.985589,4.4715]]}},{"type":"Feature","properties":{"linea":"7-6-150","palmas":18},"geometry":{"type":"LineString","coordinates":[[-72.984107,4.481377],[-72.985328,4.482017]]}},{"type":"Feature","properties":{"linea":"7-6-151","palmas":17},"geometry":{"type":"LineString","coordinates":[[-72.98411,4.481458],[-72.98526,4.482061]]}},{"type":"Feature","properties":{"linea":"7-6-152","palmas":16},"geometry":{"type":"LineString","coordinates":[[-72.984113,4.481539],[-72.985191,4.482104]]}},{"type":"Feature","properties":{"linea":"7-6-153","palmas":15},"geometry":{"type":"LineString","coordinates":[[-72.984117,4.481621],[-72.985123,4.482148]]}},{"type":"Feature","properties":{"linea":"7-6-154","palmas":14},"geometry":{"type":"LineString","coordinates":[[-72.98412,4.481702],[-72.985054,4.482192]]}},{"type":"Feature","properties":{"linea":"7-6-155","palmas":13},"geometry":{"type":"LineString","coordinates":[[-72.984124,4.481783],[-72.984986,4.482235]]}},{"type":"Feature","properties":{"linea":"7-6-156","palmas":13},"geometry":{"type":"LineString","coordinates":[[-72.984127,4.481864],[-72.984989,4.482317]]}},{"type":"Feature","properties":{"linea":"7-6-157","palmas":12},"geometry":{"type":"LineString","coordinates":[[-72.984131,4.481946],[-72.984921,4.48236]]}},{"type":"Feature","properties":{"linea":"7-6-158","palmas":11},"geometry":{"type":"LineString","coordinates":[[-72.984134,4.482027],[-72.984853,4.482404]]}},{"type":"Feature","properties":{"linea":"7-6-159","palmas":10},"geometry":{"type":"LineString","coordinates":[[-72.984137,4.482108],[-72.984784,4.482448]]}},{"type":"Feature","properties":{"linea":"7-6-16","palmas":29},"geometry":{"type":"LineString","coordinates":[[-72.983676,4.472802],[-72.985592,4.471581]]}},{"type":"Feature","properties":{"linea":"7-6-160","palmas":9},"geometry":{"type":"LineString","coordinates":[[-72.984141,4.48219],[-72.984716,4.482491]]}},{"type":"Feature","properties":{"linea":"7-6-161","palmas":8},"geometry":{"type":"LineString","coordinates":[[-72.984144,4.482271],[-72.984647,4.482535]]}},{"type":"Feature","properties":{"linea":"7-6-162","palmas":7},"geometry":{"type":"LineString","coordinates":[[-72.984148,4.482352],[-72.984579,4.482578]]}},{"type":"Feature","properties":{"linea":"7-6-163","palmas":6},"geometry":{"type":"LineString","coordinates":[[-72.984151,4.482434],[-72.98451,4.482622]]}},{"type":"Feature","properties":{"linea":"7-6-164","palmas":5},"geometry":{"type":"LineString","coordinates":[[-72.984154,4.482515],[-72.984442,4.482666]]}},{"type":"Feature","properties":{"linea":"7-6-165","palmas":5},"geometry":{"type":"LineString","coordinates":[[-72.984158,4.482596],[-72.984445,4.482747]]}},{"type":"Feature","properties":{"linea":"7-6-166","palmas":4},"geometry":{"type":"LineString","coordinates":[[-72.984161,4.482678],[-72.984377,4.482791]]}},{"type":"Feature","properties":{"linea":"7-6-167","palmas":3},"geometry":{"type":"LineString","coordinates":[[-72.984165,4.482759],[-72.984308,4.482834]]}},{"type":"Feature","properties":{"linea":"7-6-168","palmas":2},"geometry":{"type":"LineString","coordinates":[[-72.984168,4.48284],[-72.98424,4.482878]]}},{"type":"Feature","properties":{"linea":"7-6-17","palmas":28},"geometry":{"type":"LineString","coordinates":[[-72.983748,4.47284],[-72.985596,4.471662]]}},{"type":"Feature","properties":{"linea":"7-6-170","palmas":4},"geometry":{"type":"LineString","coordinates":[[-72.985876,4.481668],[-72.986081,4.481537]]}},{"type":"Feature","properties":{"linea":"7-6-171","palmas":16},"geometry":{"type":"LineString","coordinates":[[-72.985058,4.482273],[-72.986084,4.481619]]}},{"type":"Feature","properties":{"linea":"7-6-172","palmas":24},"geometry":{"type":"LineString","coordinates":[[-72.984514,4.482703],[-72.986088,4.4817]]}},{"type":"Feature","properties":{"linea":"7-6-173","palmas":29},"geometry":{"type":"LineString","coordinates":[[-72.984175,4.483003],[-72.986091,4.481781]]}},{"type":"Feature","properties":{"linea":"7-6-174","palmas":29},"geometry":{"type":"LineString","coordinates":[[-72.984178,4.483084],[-72.986095,4.481863]]}},{"type":"Feature","properties":{"linea":"7-6-175","palmas":29},"geometry":{"type":"LineString","coordinates":[[-72.984182,4.483165],[-72.986098,4.481944]]}},{"type":"Feature","properties":{"linea":"7-6-176","palmas":29},"geometry":{"type":"LineString","coordinates":[[-72.984185,4.483247],[-72.986102,4.482025]]}},{"type":"Feature","properties":{"linea":"7-6-177","palmas":29},"geometry":{"type":"LineString","coordinates":[[-72.984189,4.483328],[-72.986105,4.482106]]}},{"type":"Feature","properties":{"linea":"7-6-178","palmas":29},"geometry":{"type":"LineString","coordinates":[[-72.984192,4.483409],[-72.986109,4.482188]]}},{"type":"Feature","properties":{"linea":"7-6-179","palmas":29},"geometry":{"type":"LineString","coordinates":[[-72.984195,4.483491],[-72.986112,4.482269]]}},{"type":"Feature","properties":{"linea":"7-6-18","palmas":29},"geometry":{"type":"LineString","coordinates":[[-72.983683,4.472965],[-72.985599,4.471744]]}},{"type":"Feature","properties":{"linea":"7-6-180","palmas":29},"geometry":{"type":"LineString","coordinates":[[-72.984199,4.483572],[-72.986115,4.48235]]}},{"type":"Feature","properties":{"linea":"7-6-181","palmas":29},"geometry":{"type":"LineString","coordinates":[[-72.984202,4.483653],[-72.986119,4.482432]]}},{"type":"Feature","properties":{"linea":"7-6-182","palmas":29},"geometry":{"type":"LineString","coordinates":[[-72.984206,4.483734],[-72.986122,4.482513]]}},{"type":"Feature","properties":{"linea":"7-6-183","palmas":29},"geometry":{"type":"LineString","coordinates":[[-72.984209,4.483816],[-72.986126,4.482594]]}},{"type":"Feature","properties":{"linea":"7-6-184","palmas":29},"geometry":{"type":"LineString","coordinates":[[-72.984212,4.483897],[-72.986129,4.482676]]}},{"type":"Feature","properties":{"linea":"7-6-185","palmas":29},"geometry":{"type":"LineString","coordinates":[[-72.984216,4.483978],[-72.986132,4.482757]]}},{"type":"Feature","properties":{"linea":"7-6-186","palmas":29},"geometry":{"type":"LineString","coordinates":[[-72.984219,4.484059],[-72.986136,4.482838]]}},{"type":"Feature","properties":{"linea":"7-6-187","palmas":29},"geometry":{"type":"LineString","coordinates":[[-72.984223,4.484141],[-72.986139,4.482919]]}},{"type":"Feature","properties":{"linea":"7-6-188","palmas":29},"geometry":{"type":"LineString","coordinates":[[-72.984226,4.484222],[-72.986143,4.483001]]}},{"type":"Feature","properties":{"linea":"7-6-189","palmas":29},"geometry":{"type":"LineString","coordinates":[[-72.984229,4.484303],[-72.986146,4.483082]]}},{"type":"Feature","properties":{"linea":"7-6-19","palmas":29},"geometry":{"type":"LineString","coordinates":[[-72.983686,4.473046],[-72.985603,4.471825]]}},{"type":"Feature","properties":{"linea":"7-6-190","palmas":29},"geometry":{"type":"LineString","coordinates":[[-72.984233,4.484385],[-72.986149,4.483163]]}},{"type":"Feature","properties":{"linea":"7-6-191","palmas":29},"geometry":{"type":"LineString","coordinates":[[-72.984236,4.484466],[-72.986153,4.483245]]}},{"type":"Feature","properties":{"linea":"7-6-192","palmas":29},"geometry":{"type":"LineString","coordinates":[[-72.98424,4.484547],[-72.986156,4.483326]]}},{"type":"Feature","properties":{"linea":"7-6-193","palmas":29},"geometry":{"type":"LineString","coordinates":[[-72.984243,4.484629],[-72.98616,4.483407]]}},{"type":"Feature","properties":{"linea":"7-6-194","palmas":29},"geometry":{"type":"LineString","coordinates":[[-72.984247,4.48471],[-72.986163,4.483489]]}},{"type":"Feature","properties":{"linea":"7-6-195","palmas":29},"geometry":{"type":"LineString","coordinates":[[-72.98425,4.484791],[-72.986167,4.48357]]}},{"type":"Feature","properties":{"linea":"7-6-196","palmas":29},"geometry":{"type":"LineString","coordinates":[[-72.984253,4.484872],[-72.98617,4.483651]]}},{"type":"Feature","properties":{"linea":"7-6-197","palmas":29},"geometry":{"type":"LineString","coordinates":[[-72.984257,4.484954],[-72.986173,4.483733]]}},{"type":"Feature","properties":{"linea":"7-6-198","palmas":29},"geometry":{"type":"LineString","coordinates":[[-72.98426,4.485035],[-72.986177,4.483814]]}},{"type":"Feature","properties":{"linea":"7-6-199","palmas":29},"geometry":{"type":"LineString","coordinates":[[-72.984264,4.485116],[-72.98618,4.483895]]}},{"type":"Feature","properties":{"linea":"7-6-2","palmas":7},"geometry":{"type":"LineString","coordinates":[[-72.984997,4.470792],[-72.985408,4.47053]]}},{"type":"Feature","properties":{"linea":"7-6-20","palmas":29},"geometry":{"type":"LineString","coordinates":[[-72.98369,4.473128],[-72.985606,4.471906]]}},{"type":"Feature","properties":{"linea":"7-6-200","palmas":29},"geometry":{"type":"LineString","coordinates":[[-72.984267,4.485198],[-72.986184,4.483976]]}},{"type":"Feature","properties":{"linea":"7-6-201","palmas":29},"geometry":{"type":"LineString","coordinates":[[-72.984271,4.485279],[-72.986187,4.484058]]}},{"type":"Feature","properties":{"linea":"7-6-202","palmas":29},"geometry":{"type":"LineString","coordinates":[[-72.984274,4.48536],[-72.986191,4.484139]]}},{"type":"Feature","properties":{"linea":"7-6-203","palmas":28},"geometry":{"type":"LineString","coordinates":[[-72.984346,4.485398],[-72.986194,4.48422]]}},{"type":"Feature","properties":{"linea":"7-6-204","palmas":28},"geometry":{"type":"LineString","coordinates":[[-72.984349,4.485479],[-72.986197,4.484302]]}},{"type":"Feature","properties":{"linea":"7-6-205","palmas":27},"geometry":{"type":"LineString","coordinates":[[-72.984424,4.485598],[-72.986204,4.484464]]}},{"type":"Feature","properties":{"linea":"7-6-206","palmas":28},"geometry":{"type":"LineString","coordinates":[[-72.984359,4.485723],[-72.986208,4.484546]]}},{"type":"Feature","properties":{"linea":"7-6-207","palmas":29},"geometry":{"type":"LineString","coordinates":[[-72.984294,4.485848],[-72.986211,4.484627]]}},{"type":"Feature","properties":{"linea":"7-6-208","palmas":28},"geometry":{"type":"LineString","coordinates":[[-72.984366,4.485886],[-72.986214,4.484708]]}},{"type":"Feature","properties":{"linea":"7-6-209","palmas":29},"geometry":{"type":"LineString","coordinates":[[-72.984301,4.486011],[-72.986218,4.484789]]}},{"type":"Feature","properties":{"linea":"7-6-21","palmas":29},"geometry":{"type":"LineString","coordinates":[[-72.983693,4.473209],[-72.98561,4.471988]]}},{"type":"Feature","properties":{"linea":"7-6-210","palmas":30},"geometry":{"type":"LineString","coordinates":[[-72.984305,4.486092],[-72.98629,4.484827]]}},{"type":"Feature","properties":{"linea":"7-6-211","palmas":7},"geometry":{"type":"LineString","coordinates":[[-72.984308,4.486173],[-72.984719,4.485912]]}},{"type":"Feature","properties":{"linea":"7-6-212","palmas":29},"geometry":{"type":"LineString","coordinates":[[-72.984311,4.486255],[-72.986228,4.485033]]}},{"type":"Feature","properties":{"linea":"7-6-213","palmas":29},"geometry":{"type":"LineString","coordinates":[[-72.984315,4.486336],[-72.986231,4.485115]]}},{"type":"Feature","properties":{"linea":"7-6-214","palmas":29},"geometry":{"type":"LineString","coordinates":[[-72.984318,4.486417],[-72.986235,4.485196]]}},{"type":"Feature","properties":{"linea":"7-6-215","palmas":29},"geometry":{"type":"LineString","coordinates":[[-72.984322,4.486499],[-72.986238,4.485277]]}},{"type":"Feature","properties":{"linea":"7-6-216","palmas":29},"geometry":{"type":"LineString","coordinates":[[-72.984325,4.48658],[-72.986242,4.485359]]}},{"type":"Feature","properties":{"linea":"7-6-217","palmas":29},"geometry":{"type":"LineString","coordinates":[[-72.984329,4.486661],[-72.986245,4.48544]]}},{"type":"Feature","properties":{"linea":"7-6-218","palmas":29},"geometry":{"type":"LineString","coordinates":[[-72.984332,4.486743],[-72.986249,4.485521]]}},{"type":"Feature","properties":{"linea":"7-6-219","palmas":29},"geometry":{"type":"LineString","coordinates":[[-72.984336,4.486824],[-72.986252,4.485602]]}},{"type":"Feature","properties":{"linea":"7-6-22","palmas":29},"geometry":{"type":"LineString","coordinates":[[-72.983697,4.47329],[-72.985613,4.472069]]}},{"type":"Feature","properties":{"linea":"7-6-220","palmas":29},"geometry":{"type":"LineString","coordinates":[[-72.984339,4.486905],[-72.986255,4.485684]]}},{"type":"Feature","properties":{"linea":"7-6-221","palmas":29},"geometry":{"type":"LineString","coordinates":[[-72.984342,4.486986],[-72.986259,4.485765]]}},{"type":"Feature","properties":{"linea":"7-6-222","palmas":29},"geometry":{"type":"LineString","coordinates":[[-72.984346,4.487068],[-72.986262,4.485846]]}},{"type":"Feature","properties":{"linea":"7-6-223","palmas":29},"geometry":{"type":"LineString","coordinates":[[-72.984349,4.487149],[-72.986266,4.485927]]}},{"type":"Feature","properties":{"linea":"7-6-224","palmas":29},"geometry":{"type":"LineString","coordinates":[[-72.984352,4.48723],[-72.986269,4.486009]]}},{"type":"Feature","properties":{"linea":"7-6-225","palmas":28},"geometry":{"type":"LineString","coordinates":[[-72.984424,4.487268],[-72.986272,4.48609]]}},{"type":"Feature","properties":{"linea":"7-6-226","palmas":25},"geometry":{"type":"LineString","coordinates":[[-72.984633,4.487218],[-72.986276,4.486172]]}},{"type":"Feature","properties":{"linea":"7-6-227","palmas":22},"geometry":{"type":"LineString","coordinates":[[-72.984842,4.487169],[-72.986279,4.486253]]}},{"type":"Feature","properties":{"linea":"7-6-228","palmas":21},"geometry":{"type":"LineString","coordinates":[[-72.984914,4.487207],[-72.986283,4.486334]]}},{"type":"Feature","properties":{"linea":"7-6-229","palmas":18},"geometry":{"type":"LineString","coordinates":[[-72.985123,4.487157],[-72.986286,4.486416]]}},{"type":"Feature","properties":{"linea":"7-6-23","palmas":29},"geometry":{"type":"LineString","coordinates":[[-72.9837,4.473371],[-72.985616,4.47215]]}},{"type":"Feature","properties":{"linea":"7-6-230","palmas":15},"geometry":{"type":"LineString","coordinates":[[-72.985331,4.487108],[-72.986289,4.486497]]}},{"type":"Feature","properties":{"linea":"7-6-231","palmas":14},"geometry":{"type":"LineString","coordinates":[[-72.985472,4.487101],[-72.986361,4.486534]]}},{"type":"Feature","properties":{"linea":"7-6-232","palmas":11},"geometry":{"type":"LineString","coordinates":[[-72.985612,4.487096],[-72.986296,4.486659]]}},{"type":"Feature","properties":{"linea":"7-6-233","palmas":9},"geometry":{"type":"LineString","coordinates":[[-72.985752,4.48709],[-72.9863,4.486741]]}},{"type":"Feature","properties":{"linea":"7-6-234","palmas":8},"geometry":{"type":"LineString","coordinates":[[-72.985824,4.487127],[-72.986303,4.486822]]}},{"type":"Feature","properties":{"linea":"7-6-235","palmas":5},"geometry":{"type":"LineString","coordinates":[[-72.986033,4.487078],[-72.986307,4.486903]]}},{"type":"Feature","properties":{"linea":"7-6-236","palmas":4},"geometry":{"type":"LineString","coordinates":[[-72.986105,4.487115],[-72.98631,4.486984]]}},{"type":"Feature","properties":{"linea":"7-6-238","palmas":2},"geometry":{"type":"LineString","coordinates":[[-72.983863,4.487292],[-72.983791,4.487254]]}},{"type":"Feature","properties":{"linea":"7-6-239","palmas":4},"geometry":{"type":"LineString","coordinates":[[-72.984003,4.487286],[-72.983788,4.487173]]}},{"type":"Feature","properties":{"linea":"7-6-24","palmas":29},"geometry":{"type":"LineString","coordinates":[[-72.983703,4.473453],[-72.98562,4.472231]]}},{"type":"Feature","properties":{"linea":"7-6-240","palmas":6},"geometry":{"type":"LineString","coordinates":[[-72.984144,4.48728],[-72.983784,4.487091]]}},{"type":"Feature","properties":{"linea":"7-6-241","palmas":6},"geometry":{"type":"LineString","coordinates":[[-72.984212,4.487236],[-72.983853,4.487048]]}},{"type":"Feature","properties":{"linea":"7-6-242","palmas":6},"geometry":{"type":"LineString","coordinates":[[-72.984209,4.487155],[-72.983849,4.486966]]}},{"type":"Feature","properties":{"linea":"7-6-243","palmas":5},"geometry":{"type":"LineString","coordinates":[[-72.984205,4.487074],[-72.983918,4.486923]]}},{"type":"Feature","properties":{"linea":"7-6-244","palmas":5},"geometry":{"type":"LineString","coordinates":[[-72.984202,4.486992],[-72.983914,4.486842]]}},{"type":"Feature","properties":{"linea":"7-6-245","palmas":5},"geometry":{"type":"LineString","coordinates":[[-72.984199,4.486911],[-72.983911,4.48676]]}},{"type":"Feature","properties":{"linea":"7-6-246","palmas":4},"geometry":{"type":"LineString","coordinates":[[-72.984195,4.48683],[-72.983979,4.486717]]}},{"type":"Feature","properties":{"linea":"7-6-247","palmas":4},"geometry":{"type":"LineString","coordinates":[[-72.984192,4.486748],[-72.983976,4.486635]]}},{"type":"Feature","properties":{"linea":"7-6-248","palmas":3},"geometry":{"type":"LineString","coordinates":[[-72.984188,4.486667],[-72.984044,4.486592]]}},{"type":"Feature","properties":{"linea":"7-6-249","palmas":3},"geometry":{"type":"LineString","coordinates":[[-72.984185,4.486586],[-72.984041,4.486511]]}},{"type":"Feature","properties":{"linea":"7-6-25","palmas":29},"geometry":{"type":"LineString","coordinates":[[-72.983707,4.473534],[-72.985623,4.472313]]}},{"type":"Feature","properties":{"linea":"7-6-250","palmas":3},"geometry":{"type":"LineString","coordinates":[[-72.984181,4.486504],[-72.984038,4.486429]]}},{"type":"Feature","properties":{"linea":"7-6-251","palmas":2},"geometry":{"type":"LineString","coordinates":[[-72.984178,4.486423],[-72.984106,4.486386]]}},{"type":"Feature","properties":{"linea":"7-6-252","palmas":2},"geometry":{"type":"LineString","coordinates":[[-72.984175,4.486342],[-72.984103,4.486304]]}},{"type":"Feature","properties":{"linea":"7-6-26","palmas":29},"geometry":{"type":"LineString","coordinates":[[-72.98371,4.473615],[-72.985627,4.472394]]}},{"type":"Feature","properties":{"linea":"7-6-27","palmas":29},"geometry":{"type":"LineString","coordinates":[[-72.983714,4.473697],[-72.98563,4.472475]]}},{"type":"Feature","properties":{"linea":"7-6-28","palmas":29},"geometry":{"type":"LineString","coordinates":[[-72.983717,4.473778],[-72.985634,4.472557]]}},{"type":"Feature","properties":{"linea":"7-6-29","palmas":29},"geometry":{"type":"LineString","coordinates":[[-72.983721,4.473859],[-72.985637,4.472638]]}},{"type":"Feature","properties":{"linea":"7-6-3","palmas":10},"geometry":{"type":"LineString","coordinates":[[-72.984795,4.471004],[-72.985411,4.470611]]}},{"type":"Feature","properties":{"linea":"7-6-30","palmas":29},"geometry":{"type":"LineString","coordinates":[[-72.983724,4.473941],[-72.98564,4.472719]]}},{"type":"Feature","properties":{"linea":"7-6-31","palmas":29},"geometry":{"type":"LineString","coordinates":[[-72.983727,4.474022],[-72.985644,4.472801]]}},{"type":"Feature","properties":{"linea":"7-6-32","palmas":29},"geometry":{"type":"LineString","coordinates":[[-72.983731,4.474103],[-72.985647,4.472882]]}},{"type":"Feature","properties":{"linea":"7-6-33","palmas":29},"geometry":{"type":"LineString","coordinates":[[-72.983734,4.474184],[-72.985651,4.472963]]}},{"type":"Feature","properties":{"linea":"7-6-34","palmas":29},"geometry":{"type":"LineString","coordinates":[[-72.983738,4.474266],[-72.985654,4.473044]]}},{"type":"Feature","properties":{"linea":"7-6-35","palmas":29},"geometry":{"type":"LineString","coordinates":[[-72.983741,4.474347],[-72.985658,4.473126]]}},{"type":"Feature","properties":{"linea":"7-6-36","palmas":29},"geometry":{"type":"LineString","coordinates":[[-72.983744,4.474428],[-72.985661,4.473207]]}},{"type":"Feature","properties":{"linea":"7-6-37","palmas":29},"geometry":{"type":"LineString","coordinates":[[-72.983748,4.47451],[-72.985664,4.473288]]}},{"type":"Feature","properties":{"linea":"7-6-38","palmas":29},"geometry":{"type":"LineString","coordinates":[[-72.983751,4.474591],[-72.985668,4.473369]]}},{"type":"Feature","properties":{"linea":"7-6-39","palmas":29},"geometry":{"type":"LineString","coordinates":[[-72.983755,4.474672],[-72.985671,4.473451]]}},{"type":"Feature","properties":{"linea":"7-6-4","palmas":14},"geometry":{"type":"LineString","coordinates":[[-72.984525,4.47126],[-72.985415,4.470693]]}},{"type":"Feature","properties":{"linea":"7-6-40","palmas":29},"geometry":{"type":"LineString","coordinates":[[-72.983758,4.474754],[-72.985674,4.473532]]}},{"type":"Feature","properties":{"linea":"7-6-41","palmas":28},"geometry":{"type":"LineString","coordinates":[[-72.983761,4.474835],[-72.985678,4.473613]]}},{"type":"Feature","properties":{"linea":"7-6-42","palmas":29},"geometry":{"type":"LineString","coordinates":[[-72.983765,4.474916],[-72.985681,4.473695]]}},{"type":"Feature","properties":{"linea":"7-6-43","palmas":19},"geometry":{"type":"LineString","coordinates":[[-72.983768,4.474997],[-72.985,4.474212]]}},{"type":"Feature","properties":{"linea":"7-6-44","palmas":19},"geometry":{"type":"LineString","coordinates":[[-72.983772,4.475079],[-72.985004,4.474294]]}},{"type":"Feature","properties":{"linea":"7-6-45","palmas":19},"geometry":{"type":"LineString","coordinates":[[-72.983775,4.47516],[-72.985007,4.474375]]}},{"type":"Feature","properties":{"linea":"7-6-46","palmas":30},"geometry":{"type":"LineString","coordinates":[[-72.983779,4.475241],[-72.985763,4.473976]]}},{"type":"Feature","properties":{"linea":"7-6-47","palmas":30},"geometry":{"type":"LineString","coordinates":[[-72.983782,4.475322],[-72.985767,4.474058]]}},{"type":"Feature","properties":{"linea":"7-6-48","palmas":30},"geometry":{"type":"LineString","coordinates":[[-72.983785,4.475404],[-72.98577,4.474139]]}},{"type":"Feature","properties":{"linea":"7-6-49","palmas":30},"geometry":{"type":"LineString","coordinates":[[-72.983789,4.475485],[-72.985774,4.47422]]}},{"type":"Feature","properties":{"linea":"7-6-5","palmas":19},"geometry":{"type":"LineString","coordinates":[[-72.984252,4.471517],[-72.985486,4.47073]]}},{"type":"Feature","properties":{"linea":"7-6-50","palmas":30},"geometry":{"type":"LineString","coordinates":[[-72.983792,4.475567],[-72.985777,4.474302]]}},{"type":"Feature","properties":{"linea":"7-6-51","palmas":30},"geometry":{"type":"LineString","coordinates":[[-72.983796,4.475648],[-72.985781,4.474383]]}},{"type":"Feature","properties":{"linea":"7-6-52","palmas":30},"geometry":{"type":"LineString","coordinates":[[-72.983799,4.475729],[-72.985784,4.474464]]}},{"type":"Feature","properties":{"linea":"7-6-53","palmas":30},"geometry":{"type":"LineString","coordinates":[[-72.983802,4.475811],[-72.985788,4.474546]]}},{"type":"Feature","properties":{"linea":"7-6-54","palmas":30},"geometry":{"type":"LineString","coordinates":[[-72.983806,4.475892],[-72.985791,4.474627]]}},{"type":"Feature","properties":{"linea":"7-6-55","palmas":30},"geometry":{"type":"LineString","coordinates":[[-72.983809,4.475973],[-72.985794,4.474708]]}},{"type":"Feature","properties":{"linea":"7-6-56","palmas":30},"geometry":{"type":"LineString","coordinates":[[-72.983813,4.476054],[-72.985798,4.474789]]}},{"type":"Feature","properties":{"linea":"7-6-57","palmas":30},"geometry":{"type":"LineString","coordinates":[[-72.983816,4.476136],[-72.985801,4.474871]]}},{"type":"Feature","properties":{"linea":"7-6-58","palmas":30},"geometry":{"type":"LineString","coordinates":[[-72.983819,4.476217],[-72.985804,4.474952]]}},{"type":"Feature","properties":{"linea":"7-6-59","palmas":30},"geometry":{"type":"LineString","coordinates":[[-72.983823,4.476298],[-72.985808,4.475033]]}},{"type":"Feature","properties":{"linea":"7-6-6","palmas":23},"geometry":{"type":"LineString","coordinates":[[-72.983984,4.471771],[-72.98549,4.470812]]}},{"type":"Feature","properties":{"linea":"7-6-60","palmas":30},"geometry":{"type":"LineString","coordinates":[[-72.983826,4.476379],[-72.985811,4.475114]]}},{"type":"Feature","properties":{"linea":"7-6-61","palmas":29},"geometry":{"type":"LineString","coordinates":[[-72.983898,4.476417],[-72.985815,4.475196]]}},{"type":"Feature","properties":{"linea":"7-6-62","palmas":27},"geometry":{"type":"LineString","coordinates":[[-72.98397,4.476455],[-72.985818,4.475277]]}},{"type":"Feature","properties":{"linea":"7-6-63","palmas":26},"geometry":{"type":"LineString","coordinates":[[-72.984042,4.476492],[-72.985753,4.475402]]}},{"type":"Feature","properties":{"linea":"7-6-64","palmas":25},"geometry":{"type":"LineString","coordinates":[[-72.984114,4.47653],[-72.985756,4.475483]]}},{"type":"Feature","properties":{"linea":"7-6-65","palmas":25},"geometry":{"type":"LineString","coordinates":[[-72.984186,4.476568],[-72.985828,4.475521]]}},{"type":"Feature","properties":{"linea":"7-6-66","palmas":24},"geometry":{"type":"LineString","coordinates":[[-72.984257,4.476606],[-72.985832,4.475602]]}},{"type":"Feature","properties":{"linea":"7-6-67","palmas":23},"geometry":{"type":"LineString","coordinates":[[-72.984329,4.476643],[-72.985835,4.475684]]}},{"type":"Feature","properties":{"linea":"7-6-68","palmas":22},"geometry":{"type":"LineString","coordinates":[[-72.984401,4.476681],[-72.985839,4.475765]]}},{"type":"Feature","properties":{"linea":"7-6-69","palmas":21},"geometry":{"type":"LineString","coordinates":[[-72.984473,4.476719],[-72.985842,4.475846]]}},{"type":"Feature","properties":{"linea":"7-6-7","palmas":26},"geometry":{"type":"LineString","coordinates":[[-72.983782,4.471983],[-72.985493,4.470893]]}},{"type":"Feature","properties":{"linea":"7-6-70","palmas":20},"geometry":{"type":"LineString","coordinates":[[-72.984545,4.476756],[-72.985846,4.475928]]}},{"type":"Feature","properties":{"linea":"7-6-71","palmas":19},"geometry":{"type":"LineString","coordinates":[[-72.984617,4.476794],[-72.985849,4.476009]]}},{"type":"Feature","properties":{"linea":"7-6-72","palmas":18},"geometry":{"type":"LineString","coordinates":[[-72.984689,4.476832],[-72.985852,4.47609]]}},{"type":"Feature","properties":{"linea":"7-6-73","palmas":17},"geometry":{"type":"LineString","coordinates":[[-72.984761,4.476869],[-72.985856,4.476171]]}},{"type":"Feature","properties":{"linea":"7-6-74","palmas":16},"geometry":{"type":"LineString","coordinates":[[-72.984832,4.476907],[-72.985859,4.476253]]}},{"type":"Feature","properties":{"linea":"7-6-75","palmas":15},"geometry":{"type":"LineString","coordinates":[[-72.984904,4.476945],[-72.985862,4.476334]]}},{"type":"Feature","properties":{"linea":"7-6-76","palmas":14},"geometry":{"type":"LineString","coordinates":[[-72.984976,4.476983],[-72.985866,4.476415]]}},{"type":"Feature","properties":{"linea":"7-6-77","palmas":13},"geometry":{"type":"LineString","coordinates":[[-72.985048,4.47702],[-72.985869,4.476497]]}},{"type":"Feature","properties":{"linea":"7-6-78","palmas":12},"geometry":{"type":"LineString","coordinates":[[-72.98512,4.477058],[-72.985873,4.476578]]}},{"type":"Feature","properties":{"linea":"7-6-79","palmas":11},"geometry":{"type":"LineString","coordinates":[[-72.985192,4.477096],[-72.985876,4.476659]]}},{"type":"Feature","properties":{"linea":"7-6-8","palmas":28},"geometry":{"type":"LineString","coordinates":[[-72.983649,4.472152],[-72.985497,4.470974]]}},{"type":"Feature","properties":{"linea":"7-6-80","palmas":10},"geometry":{"type":"LineString","coordinates":[[-72.985264,4.477133],[-72.98588,4.476741]]}},{"type":"Feature","properties":{"linea":"7-6-81","palmas":9},"geometry":{"type":"LineString","coordinates":[[-72.985336,4.477171],[-72.985883,4.476822]]}},{"type":"Feature","properties":{"linea":"7-6-82","palmas":8},"geometry":{"type":"LineString","coordinates":[[-72.985407,4.477209],[-72.985886,4.476903]]}},{"type":"Feature","properties":{"linea":"7-6-83","palmas":7},"geometry":{"type":"LineString","coordinates":[[-72.985479,4.477246],[-72.98589,4.476984]]}},{"type":"Feature","properties":{"linea":"7-6-84","palmas":6},"geometry":{"type":"LineString","coordinates":[[-72.985551,4.477284],[-72.985893,4.477066]]}},{"type":"Feature","properties":{"linea":"7-6-85","palmas":5},"geometry":{"type":"LineString","coordinates":[[-72.985623,4.477322],[-72.985897,4.477147]]}},{"type":"Feature","properties":{"linea":"7-6-86","palmas":4},"geometry":{"type":"LineString","coordinates":[[-72.985695,4.477359],[-72.9859,4.477228]]}},{"type":"Feature","properties":{"linea":"7-6-87","palmas":3},"geometry":{"type":"LineString","coordinates":[[-72.985767,4.477397],[-72.985904,4.47731]]}},{"type":"Feature","properties":{"linea":"7-6-88","palmas":2},"geometry":{"type":"LineString","coordinates":[[-72.985839,4.477435],[-72.985907,4.477391]]}},{"type":"Feature","properties":{"linea":"7-6-9","palmas":28},"geometry":{"type":"LineString","coordinates":[[-72.983652,4.472233],[-72.9855,4.471056]]}},{"type":"Feature","properties":{"linea":"7-6-90","palmas":30},"geometry":{"type":"LineString","coordinates":[[-72.98383,4.476461],[-72.985914,4.477554]]}},{"type":"Feature","properties":{"linea":"7-6-91","palmas":30},"geometry":{"type":"LineString","coordinates":[[-72.983833,4.476542],[-72.985917,4.477635]]}},{"type":"Feature","properties":{"linea":"7-6-92","palmas":30},"geometry":{"type":"LineString","coordinates":[[-72.983837,4.476623],[-72.985921,4.477716]]}},{"type":"Feature","properties":{"linea":"7-6-93","palmas":30},"geometry":{"type":"LineString","coordinates":[[-72.98384,4.476705],[-72.985924,4.477798]]}},{"type":"Feature","properties":{"linea":"7-6-94","palmas":30},"geometry":{"type":"LineString","coordinates":[[-72.983843,4.476786],[-72.985928,4.477879]]}},{"type":"Feature","properties":{"linea":"7-6-95","palmas":30},"geometry":{"type":"LineString","coordinates":[[-72.983847,4.476867],[-72.985931,4.47796]]}},{"type":"Feature","properties":{"linea":"7-6-96","palmas":30},"geometry":{"type":"LineString","coordinates":[[-72.98385,4.476949],[-72.985934,4.478041]]}},{"type":"Feature","properties":{"linea":"7-6-97","palmas":30},"geometry":{"type":"LineString","coordinates":[[-72.983854,4.47703],[-72.985938,4.478123]]}},{"type":"Feature","properties":{"linea":"7-6-98","palmas":30},"geometry":{"type":"LineString","coordinates":[[-72.983857,4.477111],[-72.985941,4.478204]]}},{"type":"Feature","properties":{"linea":"7-6-99","palmas":30},"geometry":{"type":"LineString","coordinates":[[-72.983861,4.477193],[-72.985944,4.478285]]}},{"type":"Feature","properties":{"linea":"7-7-10","palmas":9},"geometry":{"type":"LineString","coordinates":[[-72.983546,4.473057],[-72.982971,4.472756]]}},{"type":"Feature","properties":{"linea":"7-7-100","palmas":21},"geometry":{"type":"LineString","coordinates":[[-72.982115,4.479144],[-72.982047,4.477518]]}},{"type":"Feature","properties":{"linea":"7-7-101","palmas":21},"geometry":{"type":"LineString","coordinates":[[-72.982043,4.479107],[-72.981975,4.477481]]}},{"type":"Feature","properties":{"linea":"7-7-102","palmas":20},"geometry":{"type":"LineString","coordinates":[[-72.981971,4.479069],[-72.981903,4.477443]]}},{"type":"Feature","properties":{"linea":"7-7-103","palmas":19},"geometry":{"type":"LineString","coordinates":[[-72.981899,4.479031],[-72.981838,4.477568]]}},{"type":"Feature","properties":{"linea":"7-7-104","palmas":15},"geometry":{"type":"LineString","coordinates":[[-72.981828,4.478994],[-72.98178,4.477856]]}},{"type":"Feature","properties":{"linea":"7-7-105","palmas":12},"geometry":{"type":"LineString","coordinates":[[-72.981756,4.478956],[-72.981718,4.478062]]}},{"type":"Feature","properties":{"linea":"7-7-106","palmas":9},"geometry":{"type":"LineString","coordinates":[[-72.981684,4.478918],[-72.981657,4.478268]]}},{"type":"Feature","properties":{"linea":"7-7-107","palmas":6},"geometry":{"type":"LineString","coordinates":[[-72.981612,4.478881],[-72.981595,4.478474]]}},{"type":"Feature","properties":{"linea":"7-7-108","palmas":2},"geometry":{"type":"LineString","coordinates":[[-72.98154,4.478843],[-72.981537,4.478762]]}},{"type":"Feature","properties":{"linea":"7-7-109","palmas":2},"geometry":{"type":"LineString","coordinates":[[-72.981544,4.478924],[-72.981475,4.478968]]}},{"type":"Feature","properties":{"linea":"7-7-11","palmas":9},"geometry":{"type":"LineString","coordinates":[[-72.983549,4.473138],[-72.982974,4.472837]]}},{"type":"Feature","properties":{"linea":"7-7-110","palmas":4},"geometry":{"type":"LineString","coordinates":[[-72.981616,4.478962],[-72.98141,4.479093]]}},{"type":"Feature","properties":{"linea":"7-7-111","palmas":5},"geometry":{"type":"LineString","coordinates":[[-72.981687,4.479],[-72.981414,4.479174]]}},{"type":"Feature","properties":{"linea":"7-7-112","palmas":6},"geometry":{"type":"LineString","coordinates":[[-72.981759,4.479038],[-72.981417,4.479256]]}},{"type":"Feature","properties":{"linea":"7-7-113","palmas":8},"geometry":{"type":"LineString","coordinates":[[-72.981831,4.479075],[-72.981352,4.47938]]}},{"type":"Feature","properties":{"linea":"7-7-114","palmas":9},"geometry":{"type":"LineString","coordinates":[[-72.981903,4.479113],[-72.981355,4.479462]]}},{"type":"Feature","properties":{"linea":"7-7-115","palmas":11},"geometry":{"type":"LineString","coordinates":[[-72.981975,4.47915],[-72.98129,4.479587]]}},{"type":"Feature","properties":{"linea":"7-7-116","palmas":12},"geometry":{"type":"LineString","coordinates":[[-72.982047,4.479188],[-72.981294,4.479668]]}},{"type":"Feature","properties":{"linea":"7-7-117","palmas":13},"geometry":{"type":"LineString","coordinates":[[-72.982118,4.479226],[-72.981297,4.479749]]}},{"type":"Feature","properties":{"linea":"7-7-118","palmas":13},"geometry":{"type":"LineString","coordinates":[[-72.98219,4.479263],[-72.981369,4.479787]]}},{"type":"Feature","properties":{"linea":"7-7-119","palmas":13},"geometry":{"type":"LineString","coordinates":[[-72.982262,4.479301],[-72.981441,4.479824]]}},{"type":"Feature","properties":{"linea":"7-7-12","palmas":10},"geometry":{"type":"LineString","coordinates":[[-72.983553,4.473219],[-72.982906,4.47288]]}},{"type":"Feature","properties":{"linea":"7-7-120","palmas":13},"geometry":{"type":"LineString","coordinates":[[-72.982334,4.479339],[-72.981513,4.479862]]}},{"type":"Feature","properties":{"linea":"7-7-121","palmas":14},"geometry":{"type":"LineString","coordinates":[[-72.982406,4.479376],[-72.981516,4.479944]]}},{"type":"Feature","properties":{"linea":"7-7-122","palmas":14},"geometry":{"type":"LineString","coordinates":[[-72.982478,4.479414],[-72.981588,4.479981]]}},{"type":"Feature","properties":{"linea":"7-7-123","palmas":14},"geometry":{"type":"LineString","coordinates":[[-72.98255,4.479452],[-72.98166,4.480019]]}},{"type":"Feature","properties":{"linea":"7-7-124","palmas":14},"geometry":{"type":"LineString","coordinates":[[-72.982621,4.479489],[-72.981732,4.480057]]}},{"type":"Feature","properties":{"linea":"7-7-125","palmas":14},"geometry":{"type":"LineString","coordinates":[[-72.982693,4.479527],[-72.981804,4.480094]]}},{"type":"Feature","properties":{"linea":"7-7-126","palmas":14},"geometry":{"type":"LineString","coordinates":[[-72.982765,4.479565],[-72.981875,4.480132]]}},{"type":"Feature","properties":{"linea":"7-7-127","palmas":14},"geometry":{"type":"LineString","coordinates":[[-72.982837,4.479603],[-72.981947,4.48017]]}},{"type":"Feature","properties":{"linea":"7-7-128","palmas":14},"geometry":{"type":"LineString","coordinates":[[-72.982909,4.47964],[-72.982019,4.480207]]}},{"type":"Feature","properties":{"linea":"7-7-129","palmas":14},"geometry":{"type":"LineString","coordinates":[[-72.982981,4.479678],[-72.982091,4.480245]]}},{"type":"Feature","properties":{"linea":"7-7-13","palmas":11},"geometry":{"type":"LineString","coordinates":[[-72.983556,4.473301],[-72.982838,4.472924]]}},{"type":"Feature","properties":{"linea":"7-7-130","palmas":14},"geometry":{"type":"LineString","coordinates":[[-72.983053,4.479716],[-72.982163,4.480283]]}},{"type":"Feature","properties":{"linea":"7-7-131","palmas":14},"geometry":{"type":"LineString","coordinates":[[-72.983124,4.479753],[-72.982235,4.48032]]}},{"type":"Feature","properties":{"linea":"7-7-132","palmas":14},"geometry":{"type":"LineString","coordinates":[[-72.983196,4.479791],[-72.982307,4.480358]]}},{"type":"Feature","properties":{"linea":"7-7-133","palmas":14},"geometry":{"type":"LineString","coordinates":[[-72.983268,4.479829],[-72.982378,4.480396]]}},{"type":"Feature","properties":{"linea":"7-7-134","palmas":14},"geometry":{"type":"LineString","coordinates":[[-72.98334,4.479866],[-72.98245,4.480433]]}},{"type":"Feature","properties":{"linea":"7-7-135","palmas":14},"geometry":{"type":"LineString","coordinates":[[-72.983412,4.479904],[-72.982522,4.480471]]}},{"type":"Feature","properties":{"linea":"7-7-136","palmas":14},"geometry":{"type":"LineString","coordinates":[[-72.983484,4.479942],[-72.982594,4.480509]]}},{"type":"Feature","properties":{"linea":"7-7-137","palmas":14},"geometry":{"type":"LineString","coordinates":[[-72.983556,4.479979],[-72.982666,4.480546]]}},{"type":"Feature","properties":{"linea":"7-7-138","palmas":14},"geometry":{"type":"LineString","coordinates":[[-72.983627,4.480017],[-72.982738,4.480584]]}},{"type":"Feature","properties":{"linea":"7-7-139","palmas":14},"geometry":{"type":"LineString","coordinates":[[-72.983699,4.480055],[-72.98281,4.480622]]}},{"type":"Feature","properties":{"linea":"7-7-14","palmas":12},"geometry":{"type":"LineString","coordinates":[[-72.98356,4.473382],[-72.982769,4.472968]]}},{"type":"Feature","properties":{"linea":"7-7-140","palmas":14},"geometry":{"type":"LineString","coordinates":[[-72.983771,4.480093],[-72.982881,4.480659]]}},{"type":"Feature","properties":{"linea":"7-7-141","palmas":14},"geometry":{"type":"LineString","coordinates":[[-72.983843,4.48013],[-72.982953,4.480697]]}},{"type":"Feature","properties":{"linea":"7-7-142","palmas":14},"geometry":{"type":"LineString","coordinates":[[-72.983915,4.480168],[-72.983025,4.480735]]}},{"type":"Feature","properties":{"linea":"7-7-143","palmas":13},"geometry":{"type":"LineString","coordinates":[[-72.983918,4.480249],[-72.983097,4.480773]]}},{"type":"Feature","properties":{"linea":"7-7-144","palmas":12},"geometry":{"type":"LineString","coordinates":[[-72.983922,4.48033],[-72.983169,4.48081]]}},{"type":"Feature","properties":{"linea":"7-7-145","palmas":11},"geometry":{"type":"LineString","coordinates":[[-72.983925,4.480412],[-72.983241,4.480848]]}},{"type":"Feature","properties":{"linea":"7-7-146","palmas":10},"geometry":{"type":"LineString","coordinates":[[-72.983929,4.480493],[-72.983313,4.480886]]}},{"type":"Feature","properties":{"linea":"7-7-147","palmas":9},"geometry":{"type":"LineString","coordinates":[[-72.983932,4.480574],[-72.983384,4.480923]]}},{"type":"Feature","properties":{"linea":"7-7-148","palmas":8},"geometry":{"type":"LineString","coordinates":[[-72.983936,4.480656],[-72.983456,4.480961]]}},{"type":"Feature","properties":{"linea":"7-7-149","palmas":7},"geometry":{"type":"LineString","coordinates":[[-72.983939,4.480737],[-72.983528,4.480999]]}},{"type":"Feature","properties":{"linea":"7-7-15","palmas":13},"geometry":{"type":"LineString","coordinates":[[-72.983563,4.473463],[-72.982701,4.473011]]}},{"type":"Feature","properties":{"linea":"7-7-150","palmas":6},"geometry":{"type":"LineString","coordinates":[[-72.983942,4.480818],[-72.9836,4.481036]]}},{"type":"Feature","properties":{"linea":"7-7-151","palmas":5},"geometry":{"type":"LineString","coordinates":[[-72.983946,4.480899],[-72.983672,4.481074]]}},{"type":"Feature","properties":{"linea":"7-7-152","palmas":4},"geometry":{"type":"LineString","coordinates":[[-72.983949,4.480981],[-72.983744,4.481112]]}},{"type":"Feature","properties":{"linea":"7-7-153","palmas":3},"geometry":{"type":"LineString","coordinates":[[-72.983953,4.481062],[-72.983816,4.481149]]}},{"type":"Feature","properties":{"linea":"7-7-154","palmas":2},"geometry":{"type":"LineString","coordinates":[[-72.983956,4.481143],[-72.983887,4.481187]]}},{"type":"Feature","properties":{"linea":"7-7-156","palmas":29},"geometry":{"type":"LineString","coordinates":[[-72.984062,4.483664],[-72.983966,4.481387]]}},{"type":"Feature","properties":{"linea":"7-7-157","palmas":29},"geometry":{"type":"LineString","coordinates":[[-72.98399,4.483626],[-72.983894,4.48135]]}},{"type":"Feature","properties":{"linea":"7-7-158","palmas":29},"geometry":{"type":"LineString","coordinates":[[-72.983918,4.483588],[-72.983823,4.481312]]}},{"type":"Feature","properties":{"linea":"7-7-159","palmas":29},"geometry":{"type":"LineString","coordinates":[[-72.983846,4.483551],[-72.983751,4.481274]]}},{"type":"Feature","properties":{"linea":"7-7-16","palmas":14},"geometry":{"type":"LineString","coordinates":[[-72.983566,4.473545],[-72.982632,4.473055]]}},{"type":"Feature","properties":{"linea":"7-7-160","palmas":29},"geometry":{"type":"LineString","coordinates":[[-72.983774,4.483513],[-72.983679,4.481237]]}},{"type":"Feature","properties":{"linea":"7-7-161","palmas":29},"geometry":{"type":"LineString","coordinates":[[-72.983703,4.483475],[-72.983607,4.481199]]}},{"type":"Feature","properties":{"linea":"7-7-162","palmas":29},"geometry":{"type":"LineString","coordinates":[[-72.983631,4.483438],[-72.983535,4.481161]]}},{"type":"Feature","properties":{"linea":"7-7-163","palmas":29},"geometry":{"type":"LineString","coordinates":[[-72.983559,4.4834],[-72.983463,4.481124]]}},{"type":"Feature","properties":{"linea":"7-7-164","palmas":29},"geometry":{"type":"LineString","coordinates":[[-72.983487,4.483362],[-72.983391,4.481086]]}},{"type":"Feature","properties":{"linea":"7-7-165","palmas":29},"geometry":{"type":"LineString","coordinates":[[-72.983415,4.483325],[-72.983319,4.481048]]}},{"type":"Feature","properties":{"linea":"7-7-166","palmas":27},"geometry":{"type":"LineString","coordinates":[[-72.983336,4.483124],[-72.983248,4.481011]]}},{"type":"Feature","properties":{"linea":"7-7-167","palmas":26},"geometry":{"type":"LineString","coordinates":[[-72.983261,4.483005],[-72.983176,4.480973]]}},{"type":"Feature","properties":{"linea":"7-7-168","palmas":25},"geometry":{"type":"LineString","coordinates":[[-72.983186,4.482886],[-72.983104,4.480935]]}},{"type":"Feature","properties":{"linea":"7-7-169","palmas":23},"geometry":{"type":"LineString","coordinates":[[-72.983107,4.482686],[-72.983032,4.480898]]}},{"type":"Feature","properties":{"linea":"7-7-17","palmas":14},"geometry":{"type":"LineString","coordinates":[[-72.98357,4.473626],[-72.982636,4.473136]]}},{"type":"Feature","properties":{"linea":"7-7-170","palmas":22},"geometry":{"type":"LineString","coordinates":[[-72.983032,4.482567],[-72.98296,4.48086]]}},{"type":"Feature","properties":{"linea":"7-7-171","palmas":20},"geometry":{"type":"LineString","coordinates":[[-72.982953,4.482367],[-72.982888,4.480822]]}},{"type":"Feature","properties":{"linea":"7-7-172","palmas":20},"geometry":{"type":"LineString","coordinates":[[-72.982881,4.482329],[-72.982816,4.480784]]}},{"type":"Feature","properties":{"linea":"7-7-173","palmas":20},"geometry":{"type":"LineString","coordinates":[[-72.982809,4.482291],[-72.982745,4.480747]]}},{"type":"Feature","properties":{"linea":"7-7-174","palmas":20},"geometry":{"type":"LineString","coordinates":[[-72.982737,4.482254],[-72.982673,4.480709]]}},{"type":"Feature","properties":{"linea":"7-7-175","palmas":20},"geometry":{"type":"LineString","coordinates":[[-72.982666,4.482216],[-72.982601,4.480671]]}},{"type":"Feature","properties":{"linea":"7-7-176","palmas":20},"geometry":{"type":"LineString","coordinates":[[-72.982594,4.482178],[-72.982529,4.480634]]}},{"type":"Feature","properties":{"linea":"7-7-177","palmas":20},"geometry":{"type":"LineString","coordinates":[[-72.982522,4.482141],[-72.982457,4.480596]]}},{"type":"Feature","properties":{"linea":"7-7-178","palmas":20},"geometry":{"type":"LineString","coordinates":[[-72.98245,4.482103],[-72.982385,4.480558]]}},{"type":"Feature","properties":{"linea":"7-7-179","palmas":20},"geometry":{"type":"LineString","coordinates":[[-72.982378,4.482065],[-72.982313,4.480521]]}},{"type":"Feature","properties":{"linea":"7-7-18","palmas":15},"geometry":{"type":"LineString","coordinates":[[-72.983573,4.473707],[-72.982567,4.47318]]}},{"type":"Feature","properties":{"linea":"7-7-180","palmas":20},"geometry":{"type":"LineString","coordinates":[[-72.982306,4.482028],[-72.982242,4.480483]]}},{"type":"Feature","properties":{"linea":"7-7-181","palmas":20},"geometry":{"type":"LineString","coordinates":[[-72.982235,4.48199],[-72.98217,4.480445]]}},{"type":"Feature","properties":{"linea":"7-7-182","palmas":20},"geometry":{"type":"LineString","coordinates":[[-72.982163,4.481952],[-72.982098,4.480408]]}},{"type":"Feature","properties":{"linea":"7-7-183","palmas":20},"geometry":{"type":"LineString","coordinates":[[-72.982091,4.481915],[-72.982026,4.48037]]}},{"type":"Feature","properties":{"linea":"7-7-184","palmas":20},"geometry":{"type":"LineString","coordinates":[[-72.982019,4.481877],[-72.981954,4.480332]]}},{"type":"Feature","properties":{"linea":"7-7-185","palmas":20},"geometry":{"type":"LineString","coordinates":[[-72.981947,4.481839],[-72.981882,4.480294]]}},{"type":"Feature","properties":{"linea":"7-7-186","palmas":20},"geometry":{"type":"LineString","coordinates":[[-72.981875,4.481802],[-72.98181,4.480257]]}},{"type":"Feature","properties":{"linea":"7-7-187","palmas":20},"geometry":{"type":"LineString","coordinates":[[-72.981803,4.481764],[-72.981739,4.480219]]}},{"type":"Feature","properties":{"linea":"7-7-188","palmas":20},"geometry":{"type":"LineString","coordinates":[[-72.981732,4.481726],[-72.981667,4.480181]]}},{"type":"Feature","properties":{"linea":"7-7-189","palmas":20},"geometry":{"type":"LineString","coordinates":[[-72.98166,4.481689],[-72.981595,4.480144]]}},{"type":"Feature","properties":{"linea":"7-7-19","palmas":16},"geometry":{"type":"LineString","coordinates":[[-72.983577,4.473789],[-72.982499,4.473223]]}},{"type":"Feature","properties":{"linea":"7-7-190","palmas":20},"geometry":{"type":"LineString","coordinates":[[-72.981588,4.481651],[-72.981523,4.480106]]}},{"type":"Feature","properties":{"linea":"7-7-191","palmas":20},"geometry":{"type":"LineString","coordinates":[[-72.981516,4.481613],[-72.981451,4.480068]]}},{"type":"Feature","properties":{"linea":"7-7-192","palmas":20},"geometry":{"type":"LineString","coordinates":[[-72.981444,4.481576],[-72.981379,4.480031]]}},{"type":"Feature","properties":{"linea":"7-7-193","palmas":20},"geometry":{"type":"LineString","coordinates":[[-72.981372,4.481538],[-72.981307,4.479993]]}},{"type":"Feature","properties":{"linea":"7-7-194","palmas":19},"geometry":{"type":"LineString","coordinates":[[-72.9813,4.4815],[-72.981239,4.480037]]}},{"type":"Feature","properties":{"linea":"7-7-195","palmas":20},"geometry":{"type":"LineString","coordinates":[[-72.981229,4.481463],[-72.981164,4.479918]]}},{"type":"Feature","properties":{"linea":"7-7-196","palmas":15},"geometry":{"type":"LineString","coordinates":[[-72.981157,4.481425],[-72.981109,4.480287]]}},{"type":"Feature","properties":{"linea":"7-7-197","palmas":12},"geometry":{"type":"LineString","coordinates":[[-72.981085,4.481387],[-72.981047,4.480493]]}},{"type":"Feature","properties":{"linea":"7-7-198","palmas":9},"geometry":{"type":"LineString","coordinates":[[-72.981013,4.481349],[-72.980986,4.480699]]}},{"type":"Feature","properties":{"linea":"7-7-199","palmas":6},"geometry":{"type":"LineString","coordinates":[[-72.980941,4.481312],[-72.980924,4.480905]]}},{"type":"Feature","properties":{"linea":"7-7-2","palmas":2},"geometry":{"type":"LineString","coordinates":[[-72.983519,4.472406],[-72.983447,4.472369]]}},{"type":"Feature","properties":{"linea":"7-7-20","palmas":17},"geometry":{"type":"LineString","coordinates":[[-72.98358,4.47387],[-72.98243,4.473267]]}},{"type":"Feature","properties":{"linea":"7-7-200","palmas":5},"geometry":{"type":"LineString","coordinates":[[-72.980873,4.481355],[-72.980859,4.48103]]}},{"type":"Feature","properties":{"linea":"7-7-201","palmas":3},"geometry":{"type":"LineString","coordinates":[[-72.980804,4.481399],[-72.980797,4.481236]]}},{"type":"Feature","properties":{"linea":"7-7-202","palmas":3},"geometry":{"type":"LineString","coordinates":[[-72.980879,4.481518],[-72.980743,4.481605]]}},{"type":"Feature","properties":{"linea":"7-7-203","palmas":5},"geometry":{"type":"LineString","coordinates":[[-72.980951,4.481556],[-72.980677,4.48173]]}},{"type":"Feature","properties":{"linea":"7-7-204","palmas":7},"geometry":{"type":"LineString","coordinates":[[-72.981023,4.481593],[-72.980613,4.481855]]}},{"type":"Feature","properties":{"linea":"7-7-205","palmas":8},"geometry":{"type":"LineString","coordinates":[[-72.981095,4.481631],[-72.980616,4.481936]]}},{"type":"Feature","properties":{"linea":"7-7-206","palmas":9},"geometry":{"type":"LineString","coordinates":[[-72.981167,4.481669],[-72.980619,4.482018]]}},{"type":"Feature","properties":{"linea":"7-7-207","palmas":10},"geometry":{"type":"LineString","coordinates":[[-72.981239,4.481706],[-72.980623,4.482099]]}},{"type":"Feature","properties":{"linea":"7-7-208","palmas":12},"geometry":{"type":"LineString","coordinates":[[-72.981311,4.481744],[-72.980558,4.482224]]}},{"type":"Feature","properties":{"linea":"7-7-209","palmas":13},"geometry":{"type":"LineString","coordinates":[[-72.981382,4.481782],[-72.980561,4.482305]]}},{"type":"Feature","properties":{"linea":"7-7-21","palmas":18},"geometry":{"type":"LineString","coordinates":[[-72.983584,4.473951],[-72.982362,4.473311]]}},{"type":"Feature","properties":{"linea":"7-7-210","palmas":15},"geometry":{"type":"LineString","coordinates":[[-72.981454,4.481819],[-72.980496,4.48243]]}},{"type":"Feature","properties":{"linea":"7-7-211","palmas":16},"geometry":{"type":"LineString","coordinates":[[-72.981526,4.481857],[-72.980499,4.482511]]}},{"type":"Feature","properties":{"linea":"7-7-212","palmas":18},"geometry":{"type":"LineString","coordinates":[[-72.981598,4.481895],[-72.980434,4.482636]]}},{"type":"Feature","properties":{"linea":"7-7-213","palmas":19},"geometry":{"type":"LineString","coordinates":[[-72.98167,4.481933],[-72.980438,4.482717]]}},{"type":"Feature","properties":{"linea":"7-7-214","palmas":20},"geometry":{"type":"LineString","coordinates":[[-72.981742,4.48197],[-72.980441,4.482799]]}},{"type":"Feature","properties":{"linea":"7-7-215","palmas":20},"geometry":{"type":"LineString","coordinates":[[-72.981814,4.482008],[-72.980513,4.482837]]}},{"type":"Feature","properties":{"linea":"7-7-216","palmas":20},"geometry":{"type":"LineString","coordinates":[[-72.981886,4.482046],[-72.980585,4.482874]]}},{"type":"Feature","properties":{"linea":"7-7-217","palmas":20},"geometry":{"type":"LineString","coordinates":[[-72.981958,4.482083],[-72.980657,4.482912]]}},{"type":"Feature","properties":{"linea":"7-7-218","palmas":20},"geometry":{"type":"LineString","coordinates":[[-72.982029,4.482121],[-72.980729,4.48295]]}},{"type":"Feature","properties":{"linea":"7-7-219","palmas":20},"geometry":{"type":"LineString","coordinates":[[-72.982101,4.482159],[-72.980801,4.482987]]}},{"type":"Feature","properties":{"linea":"7-7-22","palmas":19},"geometry":{"type":"LineString","coordinates":[[-72.983587,4.474032],[-72.982293,4.473354]]}},{"type":"Feature","properties":{"linea":"7-7-220","palmas":20},"geometry":{"type":"LineString","coordinates":[[-72.982173,4.482196],[-72.980873,4.483025]]}},{"type":"Feature","properties":{"linea":"7-7-221","palmas":20},"geometry":{"type":"LineString","coordinates":[[-72.982245,4.482234],[-72.980944,4.483063]]}},{"type":"Feature","properties":{"linea":"7-7-222","palmas":20},"geometry":{"type":"LineString","coordinates":[[-72.982317,4.482272],[-72.981016,4.4831]]}},{"type":"Feature","properties":{"linea":"7-7-223","palmas":20},"geometry":{"type":"LineString","coordinates":[[-72.982389,4.482309],[-72.981088,4.483138]]}},{"type":"Feature","properties":{"linea":"7-7-224","palmas":20},"geometry":{"type":"LineString","coordinates":[[-72.982461,4.482347],[-72.98116,4.483176]]}},{"type":"Feature","properties":{"linea":"7-7-225","palmas":20},"geometry":{"type":"LineString","coordinates":[[-72.982532,4.482385],[-72.981232,4.483213]]}},{"type":"Feature","properties":{"linea":"7-7-226","palmas":20},"geometry":{"type":"LineString","coordinates":[[-72.982604,4.482422],[-72.981304,4.483251]]}},{"type":"Feature","properties":{"linea":"7-7-227","palmas":20},"geometry":{"type":"LineString","coordinates":[[-72.982676,4.48246],[-72.981376,4.483289]]}},{"type":"Feature","properties":{"linea":"7-7-228","palmas":20},"geometry":{"type":"LineString","coordinates":[[-72.982748,4.482498],[-72.981448,4.483326]]}},{"type":"Feature","properties":{"linea":"7-7-229","palmas":20},"geometry":{"type":"LineString","coordinates":[[-72.98282,4.482535],[-72.981519,4.483364]]}},{"type":"Feature","properties":{"linea":"7-7-23","palmas":19},"geometry":{"type":"LineString","coordinates":[[-72.98359,4.474114],[-72.982297,4.473436]]}},{"type":"Feature","properties":{"linea":"7-7-230","palmas":20},"geometry":{"type":"LineString","coordinates":[[-72.982892,4.482573],[-72.981591,4.483402]]}},{"type":"Feature","properties":{"linea":"7-7-231","palmas":19},"geometry":{"type":"LineString","coordinates":[[-72.982895,4.482654],[-72.981663,4.483439]]}},{"type":"Feature","properties":{"linea":"7-7-232","palmas":18},"geometry":{"type":"LineString","coordinates":[[-72.982898,4.482736],[-72.981735,4.483477]]}},{"type":"Feature","properties":{"linea":"7-7-233","palmas":18},"geometry":{"type":"LineString","coordinates":[[-72.98297,4.482773],[-72.981807,4.483515]]}},{"type":"Feature","properties":{"linea":"7-7-234","palmas":17},"geometry":{"type":"LineString","coordinates":[[-72.982974,4.482855],[-72.981879,4.483553]]}},{"type":"Feature","properties":{"linea":"7-7-235","palmas":17},"geometry":{"type":"LineString","coordinates":[[-72.983046,4.482892],[-72.981951,4.48359]]}},{"type":"Feature","properties":{"linea":"7-7-236","palmas":16},"geometry":{"type":"LineString","coordinates":[[-72.983049,4.482974],[-72.982022,4.483628]]}},{"type":"Feature","properties":{"linea":"7-7-237","palmas":16},"geometry":{"type":"LineString","coordinates":[[-72.983121,4.483011],[-72.982094,4.483666]]}},{"type":"Feature","properties":{"linea":"7-7-238","palmas":15},"geometry":{"type":"LineString","coordinates":[[-72.983124,4.483092],[-72.982166,4.483703]]}},{"type":"Feature","properties":{"linea":"7-7-239","palmas":15},"geometry":{"type":"LineString","coordinates":[[-72.983196,4.48313],[-72.982238,4.483741]]}},{"type":"Feature","properties":{"linea":"7-7-24","palmas":20},"geometry":{"type":"LineString","coordinates":[[-72.983594,4.474195],[-72.982228,4.473479]]}},{"type":"Feature","properties":{"linea":"7-7-240","palmas":14},"geometry":{"type":"LineString","coordinates":[[-72.983199,4.483212],[-72.98231,4.483779]]}},{"type":"Feature","properties":{"linea":"7-7-241","palmas":13},"geometry":{"type":"LineString","coordinates":[[-72.983203,4.483293],[-72.982382,4.483816]]}},{"type":"Feature","properties":{"linea":"7-7-242","palmas":13},"geometry":{"type":"LineString","coordinates":[[-72.983275,4.483331],[-72.982453,4.483854]]}},{"type":"Feature","properties":{"linea":"7-7-243","palmas":12},"geometry":{"type":"LineString","coordinates":[[-72.983278,4.483412],[-72.982525,4.483892]]}},{"type":"Feature","properties":{"linea":"7-7-244","palmas":12},"geometry":{"type":"LineString","coordinates":[[-72.98335,4.483449],[-72.982597,4.483929]]}},{"type":"Feature","properties":{"linea":"7-7-245","palmas":12},"geometry":{"type":"LineString","coordinates":[[-72.983422,4.483487],[-72.982669,4.483967]]}},{"type":"Feature","properties":{"linea":"7-7-246","palmas":12},"geometry":{"type":"LineString","coordinates":[[-72.983494,4.483525],[-72.982741,4.484005]]}},{"type":"Feature","properties":{"linea":"7-7-247","palmas":12},"geometry":{"type":"LineString","coordinates":[[-72.983566,4.483562],[-72.982813,4.484043]]}},{"type":"Feature","properties":{"linea":"7-7-248","palmas":12},"geometry":{"type":"LineString","coordinates":[[-72.983638,4.4836],[-72.982885,4.48408]]}},{"type":"Feature","properties":{"linea":"7-7-249","palmas":12},"geometry":{"type":"LineString","coordinates":[[-72.983709,4.483638],[-72.982956,4.484118]]}},{"type":"Feature","properties":{"linea":"7-7-25","palmas":21},"geometry":{"type":"LineString","coordinates":[[-72.983597,4.474276],[-72.98216,4.473523]]}},{"type":"Feature","properties":{"linea":"7-7-250","palmas":12},"geometry":{"type":"LineString","coordinates":[[-72.983781,4.483676],[-72.983028,4.484156]]}},{"type":"Feature","properties":{"linea":"7-7-251","palmas":12},"geometry":{"type":"LineString","coordinates":[[-72.983853,4.483713],[-72.9831,4.484193]]}},{"type":"Feature","properties":{"linea":"7-7-252","palmas":12},"geometry":{"type":"LineString","coordinates":[[-72.983925,4.483751],[-72.983172,4.484231]]}},{"type":"Feature","properties":{"linea":"7-7-253","palmas":12},"geometry":{"type":"LineString","coordinates":[[-72.983997,4.483789],[-72.983244,4.484269]]}},{"type":"Feature","properties":{"linea":"7-7-254","palmas":12},"geometry":{"type":"LineString","coordinates":[[-72.984069,4.483826],[-72.983316,4.484306]]}},{"type":"Feature","properties":{"linea":"7-7-255","palmas":11},"geometry":{"type":"LineString","coordinates":[[-72.984072,4.483908],[-72.983388,4.484344]]}},{"type":"Feature","properties":{"linea":"7-7-256","palmas":10},"geometry":{"type":"LineString","coordinates":[[-72.984076,4.483989],[-72.983459,4.484382]]}},{"type":"Feature","properties":{"linea":"7-7-257","palmas":9},"geometry":{"type":"LineString","coordinates":[[-72.984079,4.48407],[-72.983531,4.484419]]}},{"type":"Feature","properties":{"linea":"7-7-258","palmas":8},"geometry":{"type":"LineString","coordinates":[[-72.984082,4.484152],[-72.983603,4.484457]]}},{"type":"Feature","properties":{"linea":"7-7-259","palmas":7},"geometry":{"type":"LineString","coordinates":[[-72.984086,4.484233],[-72.983675,4.484495]]}},{"type":"Feature","properties":{"linea":"7-7-26","palmas":21},"geometry":{"type":"LineString","coordinates":[[-72.983601,4.474358],[-72.982163,4.473604]]}},{"type":"Feature","properties":{"linea":"7-7-260","palmas":6},"geometry":{"type":"LineString","coordinates":[[-72.984089,4.484314],[-72.983747,4.484532]]}},{"type":"Feature","properties":{"linea":"7-7-261","palmas":5},"geometry":{"type":"LineString","coordinates":[[-72.984093,4.484396],[-72.983819,4.48457]]}},{"type":"Feature","properties":{"linea":"7-7-262","palmas":4},"geometry":{"type":"LineString","coordinates":[[-72.984096,4.484477],[-72.983891,4.484608]]}},{"type":"Feature","properties":{"linea":"7-7-263","palmas":3},"geometry":{"type":"LineString","coordinates":[[-72.984099,4.484558],[-72.983963,4.484645]]}},{"type":"Feature","properties":{"linea":"7-7-264","palmas":2},"geometry":{"type":"LineString","coordinates":[[-72.984103,4.484639],[-72.984034,4.484683]]}},{"type":"Feature","properties":{"linea":"7-7-266","palmas":20},"geometry":{"type":"LineString","coordinates":[[-72.984117,4.484964],[-72.982751,4.484249]]}},{"type":"Feature","properties":{"linea":"7-7-267","palmas":20},"geometry":{"type":"LineString","coordinates":[[-72.98412,4.485046],[-72.982754,4.48433]]}},{"type":"Feature","properties":{"linea":"7-7-268","palmas":20},"geometry":{"type":"LineString","coordinates":[[-72.984123,4.485127],[-72.982758,4.484411]]}},{"type":"Feature","properties":{"linea":"7-7-269","palmas":20},"geometry":{"type":"LineString","coordinates":[[-72.984127,4.485209],[-72.982761,4.484492]]}},{"type":"Feature","properties":{"linea":"7-7-27","palmas":22},"geometry":{"type":"LineString","coordinates":[[-72.983604,4.474439],[-72.982095,4.473648]]}},{"type":"Feature","properties":{"linea":"7-7-270","palmas":20},"geometry":{"type":"LineString","coordinates":[[-72.98413,4.48529],[-72.982765,4.484574]]}},{"type":"Feature","properties":{"linea":"7-7-271","palmas":20},"geometry":{"type":"LineString","coordinates":[[-72.984134,4.485371],[-72.982768,4.484655]]}},{"type":"Feature","properties":{"linea":"7-7-272","palmas":20},"geometry":{"type":"LineString","coordinates":[[-72.984137,4.485453],[-72.982772,4.484736]]}},{"type":"Feature","properties":{"linea":"7-7-273","palmas":20},"geometry":{"type":"LineString","coordinates":[[-72.984141,4.485534],[-72.982775,4.484818]]}},{"type":"Feature","properties":{"linea":"7-7-274","palmas":20},"geometry":{"type":"LineString","coordinates":[[-72.984144,4.485615],[-72.982779,4.484899]]}},{"type":"Feature","properties":{"linea":"7-7-275","palmas":20},"geometry":{"type":"LineString","coordinates":[[-72.984147,4.485696],[-72.982782,4.48498]]}},{"type":"Feature","properties":{"linea":"7-7-276","palmas":19},"geometry":{"type":"LineString","coordinates":[[-72.984079,4.48574],[-72.982785,4.485062]]}},{"type":"Feature","properties":{"linea":"7-7-277","palmas":19},"geometry":{"type":"LineString","coordinates":[[-72.984082,4.485821],[-72.982789,4.485143]]}},{"type":"Feature","properties":{"linea":"7-7-278","palmas":19},"geometry":{"type":"LineString","coordinates":[[-72.984086,4.485902],[-72.982792,4.485224]]}},{"type":"Feature","properties":{"linea":"7-7-279","palmas":18},"geometry":{"type":"LineString","coordinates":[[-72.984017,4.485946],[-72.982796,4.485306]]}},{"type":"Feature","properties":{"linea":"7-7-28","palmas":22},"geometry":{"type":"LineString","coordinates":[[-72.983608,4.47452],[-72.982098,4.473729]]}},{"type":"Feature","properties":{"linea":"7-7-280","palmas":18},"geometry":{"type":"LineString","coordinates":[[-72.984021,4.486028],[-72.982799,4.485387]]}},{"type":"Feature","properties":{"linea":"7-7-281","palmas":17},"geometry":{"type":"LineString","coordinates":[[-72.983952,4.486071],[-72.982803,4.485468]]}},{"type":"Feature","properties":{"linea":"7-7-282","palmas":17},"geometry":{"type":"LineString","coordinates":[[-72.983956,4.486152],[-72.982806,4.485549]]}},{"type":"Feature","properties":{"linea":"7-7-283","palmas":16},"geometry":{"type":"LineString","coordinates":[[-72.983887,4.486196],[-72.982809,4.485631]]}},{"type":"Feature","properties":{"linea":"7-7-284","palmas":16},"geometry":{"type":"LineString","coordinates":[[-72.983891,4.486277],[-72.982813,4.485712]]}},{"type":"Feature","properties":{"linea":"7-7-285","palmas":15},"geometry":{"type":"LineString","coordinates":[[-72.983822,4.486321],[-72.982816,4.485793]]}},{"type":"Feature","properties":{"linea":"7-7-286","palmas":15},"geometry":{"type":"LineString","coordinates":[[-72.983826,4.486402],[-72.982819,4.485875]]}},{"type":"Feature","properties":{"linea":"7-7-287","palmas":14},"geometry":{"type":"LineString","coordinates":[[-72.983757,4.486446],[-72.982823,4.485956]]}},{"type":"Feature","properties":{"linea":"7-7-288","palmas":14},"geometry":{"type":"LineString","coordinates":[[-72.983761,4.486527],[-72.982826,4.486037]]}},{"type":"Feature","properties":{"linea":"7-7-289","palmas":14},"geometry":{"type":"LineString","coordinates":[[-72.983764,4.486608],[-72.98283,4.486119]]}},{"type":"Feature","properties":{"linea":"7-7-29","palmas":23},"geometry":{"type":"LineString","coordinates":[[-72.983611,4.474602],[-72.98203,4.473773]]}},{"type":"Feature","properties":{"linea":"7-7-290","palmas":13},"geometry":{"type":"LineString","coordinates":[[-72.983696,4.486652],[-72.982833,4.4862]]}},{"type":"Feature","properties":{"linea":"7-7-291","palmas":13},"geometry":{"type":"LineString","coordinates":[[-72.983699,4.486733],[-72.982837,4.486281]]}},{"type":"Feature","properties":{"linea":"7-7-292","palmas":12},"geometry":{"type":"LineString","coordinates":[[-72.983631,4.486777],[-72.98284,4.486363]]}},{"type":"Feature","properties":{"linea":"7-7-293","palmas":12},"geometry":{"type":"LineString","coordinates":[[-72.983634,4.486858],[-72.982843,4.486444]]}},{"type":"Feature","properties":{"linea":"7-7-294","palmas":11},"geometry":{"type":"LineString","coordinates":[[-72.983566,4.486902],[-72.982847,4.486525]]}},{"type":"Feature","properties":{"linea":"7-7-295","palmas":11},"geometry":{"type":"LineString","coordinates":[[-72.983569,4.486983],[-72.98285,4.486606]]}},{"type":"Feature","properties":{"linea":"7-7-296","palmas":11},"geometry":{"type":"LineString","coordinates":[[-72.983572,4.487064],[-72.982854,4.486688]]}},{"type":"Feature","properties":{"linea":"7-7-297","palmas":10},"geometry":{"type":"LineString","coordinates":[[-72.983504,4.487108],[-72.982857,4.486769]]}},{"type":"Feature","properties":{"linea":"7-7-298","palmas":10},"geometry":{"type":"LineString","coordinates":[[-72.983507,4.487189],[-72.982861,4.48685]]}},{"type":"Feature","properties":{"linea":"7-7-299","palmas":9},"geometry":{"type":"LineString","coordinates":[[-72.983439,4.487233],[-72.982864,4.486932]]}},{"type":"Feature","properties":{"linea":"7-7-3","palmas":3},"geometry":{"type":"LineString","coordinates":[[-72.983522,4.472488],[-72.983378,4.472412]]}},{"type":"Feature","properties":{"linea":"7-7-30","palmas":24},"geometry":{"type":"LineString","coordinates":[[-72.983614,4.474683],[-72.981961,4.473816]]}},{"type":"Feature","properties":{"linea":"7-7-300","palmas":8},"geometry":{"type":"LineString","coordinates":[[-72.98337,4.487277],[-72.982867,4.487013]]}},{"type":"Feature","properties":{"linea":"7-7-301","palmas":7},"geometry":{"type":"LineString","coordinates":[[-72.983302,4.48732],[-72.982871,4.487094]]}},{"type":"Feature","properties":{"linea":"7-7-302","palmas":6},"geometry":{"type":"LineString","coordinates":[[-72.983233,4.487364],[-72.982874,4.487176]]}},{"type":"Feature","properties":{"linea":"7-7-303","palmas":5},"geometry":{"type":"LineString","coordinates":[[-72.983165,4.487407],[-72.982878,4.487257]]}},{"type":"Feature","properties":{"linea":"7-7-304","palmas":4},"geometry":{"type":"LineString","coordinates":[[-72.983097,4.487451],[-72.982881,4.487338]]}},{"type":"Feature","properties":{"linea":"7-7-305","palmas":2},"geometry":{"type":"LineString","coordinates":[[-72.982956,4.487457],[-72.982884,4.487419]]}},{"type":"Feature","properties":{"linea":"7-7-306","palmas":2},"geometry":{"type":"LineString","coordinates":[[-72.982676,4.487469],[-72.982744,4.487425]]}},{"type":"Feature","properties":{"linea":"7-7-307","palmas":4},"geometry":{"type":"LineString","coordinates":[[-72.982535,4.487475],[-72.982741,4.487344]]}},{"type":"Feature","properties":{"linea":"7-7-308","palmas":6},"geometry":{"type":"LineString","coordinates":[[-72.982395,4.487481],[-72.982737,4.487263]]}},{"type":"Feature","properties":{"linea":"7-7-309","palmas":9},"geometry":{"type":"LineString","coordinates":[[-72.982186,4.48753],[-72.982734,4.487181]]}},{"type":"Feature","properties":{"linea":"7-7-31","palmas":25},"geometry":{"type":"LineString","coordinates":[[-72.983618,4.474764],[-72.981893,4.47386]]}},{"type":"Feature","properties":{"linea":"7-7-310","palmas":11},"geometry":{"type":"LineString","coordinates":[[-72.982046,4.487536],[-72.98273,4.4871]]}},{"type":"Feature","properties":{"linea":"7-7-311","palmas":13},"geometry":{"type":"LineString","coordinates":[[-72.981906,4.487542],[-72.982727,4.487019]]}},{"type":"Feature","properties":{"linea":"7-7-312","palmas":14},"geometry":{"type":"LineString","coordinates":[[-72.981834,4.487504],[-72.982724,4.486937]]}},{"type":"Feature","properties":{"linea":"7-7-313","palmas":14},"geometry":{"type":"LineString","coordinates":[[-72.98183,4.487423],[-72.98272,4.486856]]}},{"type":"Feature","properties":{"linea":"7-7-314","palmas":14},"geometry":{"type":"LineString","coordinates":[[-72.981827,4.487342],[-72.982717,4.486775]]}},{"type":"Feature","properties":{"linea":"7-7-315","palmas":14},"geometry":{"type":"LineString","coordinates":[[-72.981824,4.487261],[-72.982713,4.486694]]}},{"type":"Feature","properties":{"linea":"7-7-316","palmas":14},"geometry":{"type":"LineString","coordinates":[[-72.98182,4.487179],[-72.98271,4.486612]]}},{"type":"Feature","properties":{"linea":"7-7-317","palmas":14},"geometry":{"type":"LineString","coordinates":[[-72.981817,4.487098],[-72.982706,4.486531]]}},{"type":"Feature","properties":{"linea":"7-7-318","palmas":14},"geometry":{"type":"LineString","coordinates":[[-72.981813,4.487017],[-72.982703,4.48645]]}},{"type":"Feature","properties":{"linea":"7-7-319","palmas":14},"geometry":{"type":"LineString","coordinates":[[-72.98181,4.486936],[-72.9827,4.486368]]}},{"type":"Feature","properties":{"linea":"7-7-32","palmas":26},"geometry":{"type":"LineString","coordinates":[[-72.983621,4.474846],[-72.98182,4.473901]]}},{"type":"Feature","properties":{"linea":"7-7-320","palmas":15},"geometry":{"type":"LineString","coordinates":[[-72.981738,4.486898],[-72.982696,4.486287]]}},{"type":"Feature","properties":{"linea":"7-7-321","palmas":15},"geometry":{"type":"LineString","coordinates":[[-72.981734,4.486816],[-72.982693,4.486206]]}},{"type":"Feature","properties":{"linea":"7-7-322","palmas":15},"geometry":{"type":"LineString","coordinates":[[-72.981731,4.486735],[-72.982689,4.486124]]}},{"type":"Feature","properties":{"linea":"7-7-323","palmas":16},"geometry":{"type":"LineString","coordinates":[[-72.981659,4.486698],[-72.982686,4.486043]]}},{"type":"Feature","properties":{"linea":"7-7-324","palmas":16},"geometry":{"type":"LineString","coordinates":[[-72.981656,4.486616],[-72.982682,4.485962]]}},{"type":"Feature","properties":{"linea":"7-7-325","palmas":16},"geometry":{"type":"LineString","coordinates":[[-72.981652,4.486535],[-72.982679,4.485881]]}},{"type":"Feature","properties":{"linea":"7-7-326","palmas":16},"geometry":{"type":"LineString","coordinates":[[-72.981649,4.486454],[-72.982676,4.485799]]}},{"type":"Feature","properties":{"linea":"7-7-327","palmas":17},"geometry":{"type":"LineString","coordinates":[[-72.981577,4.486416],[-72.982672,4.485718]]}},{"type":"Feature","properties":{"linea":"7-7-328","palmas":17},"geometry":{"type":"LineString","coordinates":[[-72.981574,4.486335],[-72.982669,4.485637]]}},{"type":"Feature","properties":{"linea":"7-7-329","palmas":17},"geometry":{"type":"LineString","coordinates":[[-72.98157,4.486253],[-72.982666,4.485555]]}},{"type":"Feature","properties":{"linea":"7-7-33","palmas":26},"geometry":{"type":"LineString","coordinates":[[-72.983624,4.474927],[-72.981823,4.473982]]}},{"type":"Feature","properties":{"linea":"7-7-330","palmas":17},"geometry":{"type":"LineString","coordinates":[[-72.981567,4.486172],[-72.982662,4.485474]]}},{"type":"Feature","properties":{"linea":"7-7-331","palmas":18},"geometry":{"type":"LineString","coordinates":[[-72.981495,4.486134],[-72.982659,4.485393]]}},{"type":"Feature","properties":{"linea":"7-7-332","palmas":18},"geometry":{"type":"LineString","coordinates":[[-72.981492,4.486053],[-72.982655,4.485311]]}},{"type":"Feature","properties":{"linea":"7-7-333","palmas":18},"geometry":{"type":"LineString","coordinates":[[-72.981488,4.485972],[-72.982652,4.48523]]}},{"type":"Feature","properties":{"linea":"7-7-334","palmas":19},"geometry":{"type":"LineString","coordinates":[[-72.981416,4.485934],[-72.982648,4.485149]]}},{"type":"Feature","properties":{"linea":"7-7-335","palmas":19},"geometry":{"type":"LineString","coordinates":[[-72.981413,4.485853],[-72.982645,4.485068]]}},{"type":"Feature","properties":{"linea":"7-7-336","palmas":19},"geometry":{"type":"LineString","coordinates":[[-72.981409,4.485771],[-72.982642,4.484986]]}},{"type":"Feature","properties":{"linea":"7-7-337","palmas":19},"geometry":{"type":"LineString","coordinates":[[-72.981406,4.48569],[-72.982638,4.484905]]}},{"type":"Feature","properties":{"linea":"7-7-338","palmas":19},"geometry":{"type":"LineString","coordinates":[[-72.981403,4.485609],[-72.982635,4.484824]]}},{"type":"Feature","properties":{"linea":"7-7-339","palmas":20},"geometry":{"type":"LineString","coordinates":[[-72.981331,4.485571],[-72.982631,4.484743]]}},{"type":"Feature","properties":{"linea":"7-7-34","palmas":27},"geometry":{"type":"LineString","coordinates":[[-72.983628,4.475008],[-72.98176,4.474029]]}},{"type":"Feature","properties":{"linea":"7-7-340","palmas":20},"geometry":{"type":"LineString","coordinates":[[-72.981328,4.48549],[-72.982628,4.484661]]}},{"type":"Feature","properties":{"linea":"7-7-341","palmas":21},"geometry":{"type":"LineString","coordinates":[[-72.981256,4.485452],[-72.982624,4.48458]]}},{"type":"Feature","properties":{"linea":"7-7-342","palmas":21},"geometry":{"type":"LineString","coordinates":[[-72.981252,4.485371],[-72.982621,4.484498]]}},{"type":"Feature","properties":{"linea":"7-7-343","palmas":21},"geometry":{"type":"LineString","coordinates":[[-72.981249,4.485289],[-72.982618,4.484417]]}},{"type":"Feature","properties":{"linea":"7-7-344","palmas":21},"geometry":{"type":"LineString","coordinates":[[-72.981245,4.485208],[-72.982614,4.484336]]}},{"type":"Feature","properties":{"linea":"7-7-345","palmas":22},"geometry":{"type":"LineString","coordinates":[[-72.981173,4.485171],[-72.982611,4.484254]]}},{"type":"Feature","properties":{"linea":"7-7-346","palmas":22},"geometry":{"type":"LineString","coordinates":[[-72.98117,4.485089],[-72.982608,4.484173]]}},{"type":"Feature","properties":{"linea":"7-7-347","palmas":21},"geometry":{"type":"LineString","coordinates":[[-72.981167,4.485008],[-72.982536,4.484136]]}},{"type":"Feature","properties":{"linea":"7-7-348","palmas":20},"geometry":{"type":"LineString","coordinates":[[-72.981163,4.484927],[-72.982464,4.484098]]}},{"type":"Feature","properties":{"linea":"7-7-349","palmas":20},"geometry":{"type":"LineString","coordinates":[[-72.981091,4.484889],[-72.982392,4.48406]]}},{"type":"Feature","properties":{"linea":"7-7-35","palmas":28},"geometry":{"type":"LineString","coordinates":[[-72.983631,4.475089],[-72.981691,4.474072]]}},{"type":"Feature","properties":{"linea":"7-7-350","palmas":19},"geometry":{"type":"LineString","coordinates":[[-72.981088,4.484808],[-72.98232,4.484023]]}},{"type":"Feature","properties":{"linea":"7-7-351","palmas":18},"geometry":{"type":"LineString","coordinates":[[-72.981084,4.484726],[-72.982248,4.483985]]}},{"type":"Feature","properties":{"linea":"7-7-352","palmas":17},"geometry":{"type":"LineString","coordinates":[[-72.981081,4.484645],[-72.982176,4.483947]]}},{"type":"Feature","properties":{"linea":"7-7-353","palmas":17},"geometry":{"type":"LineString","coordinates":[[-72.981009,4.484608],[-72.982104,4.483909]]}},{"type":"Feature","properties":{"linea":"7-7-354","palmas":16},"geometry":{"type":"LineString","coordinates":[[-72.981006,4.484526],[-72.982033,4.483872]]}},{"type":"Feature","properties":{"linea":"7-7-355","palmas":15},"geometry":{"type":"LineString","coordinates":[[-72.981003,4.484445],[-72.981961,4.483834]]}},{"type":"Feature","properties":{"linea":"7-7-356","palmas":15},"geometry":{"type":"LineString","coordinates":[[-72.980931,4.484407],[-72.981889,4.483796]]}},{"type":"Feature","properties":{"linea":"7-7-357","palmas":14},"geometry":{"type":"LineString","coordinates":[[-72.980927,4.484326],[-72.981817,4.483759]]}},{"type":"Feature","properties":{"linea":"7-7-358","palmas":13},"geometry":{"type":"LineString","coordinates":[[-72.980924,4.484244],[-72.981745,4.483721]]}},{"type":"Feature","properties":{"linea":"7-7-359","palmas":13},"geometry":{"type":"LineString","coordinates":[[-72.980852,4.484207],[-72.981673,4.483683]]}},{"type":"Feature","properties":{"linea":"7-7-36","palmas":29},"geometry":{"type":"LineString","coordinates":[[-72.983635,4.475171],[-72.981623,4.474116]]}},{"type":"Feature","properties":{"linea":"7-7-360","palmas":12},"geometry":{"type":"LineString","coordinates":[[-72.980848,4.484126],[-72.981601,4.483646]]}},{"type":"Feature","properties":{"linea":"7-7-361","palmas":12},"geometry":{"type":"LineString","coordinates":[[-72.980777,4.484088],[-72.981529,4.483608]]}},{"type":"Feature","properties":{"linea":"7-7-362","palmas":12},"geometry":{"type":"LineString","coordinates":[[-72.980704,4.484052],[-72.981458,4.48357]]}},{"type":"Feature","properties":{"linea":"7-7-363","palmas":11},"geometry":{"type":"LineString","coordinates":[[-72.980701,4.483969],[-72.981386,4.483533]]}},{"type":"Feature","properties":{"linea":"7-7-364","palmas":11},"geometry":{"type":"LineString","coordinates":[[-72.980629,4.483931],[-72.981314,4.483495]]}},{"type":"Feature","properties":{"linea":"7-7-365","palmas":10},"geometry":{"type":"LineString","coordinates":[[-72.980626,4.48385],[-72.981242,4.483457]]}},{"type":"Feature","properties":{"linea":"7-7-366","palmas":10},"geometry":{"type":"LineString","coordinates":[[-72.980554,4.483812],[-72.98117,4.48342]]}},{"type":"Feature","properties":{"linea":"7-7-367","palmas":9},"geometry":{"type":"LineString","coordinates":[[-72.980551,4.483731],[-72.981098,4.483382]]}},{"type":"Feature","properties":{"linea":"7-7-368","palmas":9},"geometry":{"type":"LineString","coordinates":[[-72.980479,4.483693],[-72.981026,4.483344]]}},{"type":"Feature","properties":{"linea":"7-7-369","palmas":8},"geometry":{"type":"LineString","coordinates":[[-72.980476,4.483612],[-72.980955,4.483307]]}},{"type":"Feature","properties":{"linea":"7-7-37","palmas":30},"geometry":{"type":"LineString","coordinates":[[-72.983638,4.475252],[-72.981552,4.474158]]}},{"type":"Feature","properties":{"linea":"7-7-370","palmas":9},"geometry":{"type":"LineString","coordinates":[[-72.980335,4.483618],[-72.980883,4.483269]]}},{"type":"Feature","properties":{"linea":"7-7-371","palmas":7},"geometry":{"type":"LineString","coordinates":[[-72.9804,4.483493],[-72.980811,4.483231]]}},{"type":"Feature","properties":{"linea":"7-7-372","palmas":8},"geometry":{"type":"LineString","coordinates":[[-72.98026,4.483499],[-72.980739,4.483194]]}},{"type":"Feature","properties":{"linea":"7-7-373","palmas":6},"geometry":{"type":"LineString","coordinates":[[-72.980325,4.483374],[-72.980667,4.483156]]}},{"type":"Feature","properties":{"linea":"7-7-374","palmas":7},"geometry":{"type":"LineString","coordinates":[[-72.980185,4.48338],[-72.980595,4.483118]]}},{"type":"Feature","properties":{"linea":"7-7-375","palmas":5},"geometry":{"type":"LineString","coordinates":[[-72.98025,4.483255],[-72.980523,4.483081]]}},{"type":"Feature","properties":{"linea":"7-7-376","palmas":3},"geometry":{"type":"LineString","coordinates":[[-72.980315,4.48313],[-72.980452,4.483043]]}},{"type":"Feature","properties":{"linea":"7-7-377","palmas":2},"geometry":{"type":"LineString","coordinates":[[-72.980311,4.483049],[-72.98038,4.483005]]}},{"type":"Feature","properties":{"linea":"7-7-38","palmas":29},"geometry":{"type":"LineString","coordinates":[[-72.983642,4.475333],[-72.981629,4.474278]]}},{"type":"Feature","properties":{"linea":"7-7-39","palmas":29},"geometry":{"type":"LineString","coordinates":[[-72.983645,4.475415],[-72.981633,4.474359]]}},{"type":"Feature","properties":{"linea":"7-7-4","palmas":4},"geometry":{"type":"LineString","coordinates":[[-72.983526,4.472569],[-72.98331,4.472456]]}},{"type":"Feature","properties":{"linea":"7-7-40","palmas":28},"geometry":{"type":"LineString","coordinates":[[-72.983648,4.475496],[-72.981708,4.474479]]}},{"type":"Feature","properties":{"linea":"7-7-41","palmas":26},"geometry":{"type":"LineString","coordinates":[[-72.983652,4.475577],[-72.981855,4.474635]]}},{"type":"Feature","properties":{"linea":"7-7-42","palmas":25},"geometry":{"type":"LineString","coordinates":[[-72.983655,4.475659],[-72.981931,4.474754]]}},{"type":"Feature","properties":{"linea":"7-7-43","palmas":24},"geometry":{"type":"LineString","coordinates":[[-72.983659,4.47574],[-72.982006,4.474873]]}},{"type":"Feature","properties":{"linea":"7-7-44","palmas":22},"geometry":{"type":"LineString","coordinates":[[-72.983662,4.475821],[-72.982153,4.47503]]}},{"type":"Feature","properties":{"linea":"7-7-45","palmas":19},"geometry":{"type":"LineString","coordinates":[[-72.983666,4.475903],[-72.982375,4.475226]]}},{"type":"Feature","properties":{"linea":"7-7-46","palmas":19},"geometry":{"type":"LineString","coordinates":[[-72.983669,4.475984],[-72.982378,4.475307]]}},{"type":"Feature","properties":{"linea":"7-7-47","palmas":18},"geometry":{"type":"LineString","coordinates":[[-72.983672,4.476065],[-72.982451,4.475424]]}},{"type":"Feature","properties":{"linea":"7-7-48","palmas":18},"geometry":{"type":"LineString","coordinates":[[-72.983676,4.476146],[-72.982454,4.475506]]}},{"type":"Feature","properties":{"linea":"7-7-49","palmas":17},"geometry":{"type":"LineString","coordinates":[[-72.983679,4.476228],[-72.982529,4.475625]]}},{"type":"Feature","properties":{"linea":"7-7-5","palmas":5},"geometry":{"type":"LineString","coordinates":[[-72.983529,4.472651],[-72.983241,4.4725]]}},{"type":"Feature","properties":{"linea":"7-7-50","palmas":17},"geometry":{"type":"LineString","coordinates":[[-72.983683,4.476309],[-72.982533,4.475706]]}},{"type":"Feature","properties":{"linea":"7-7-51","palmas":19},"geometry":{"type":"LineString","coordinates":[[-72.983756,4.476427],[-72.982464,4.47575]]}},{"type":"Feature","properties":{"linea":"7-7-52","palmas":19},"geometry":{"type":"LineString","coordinates":[[-72.983759,4.476508],[-72.982468,4.475831]]}},{"type":"Feature","properties":{"linea":"7-7-53","palmas":20},"geometry":{"type":"LineString","coordinates":[[-72.983762,4.476589],[-72.982399,4.475875]]}},{"type":"Feature","properties":{"linea":"7-7-54","palmas":20},"geometry":{"type":"LineString","coordinates":[[-72.983766,4.476671],[-72.982403,4.475956]]}},{"type":"Feature","properties":{"linea":"7-7-55","palmas":21},"geometry":{"type":"LineString","coordinates":[[-72.983769,4.476752],[-72.982334,4.475999]]}},{"type":"Feature","properties":{"linea":"7-7-56","palmas":21},"geometry":{"type":"LineString","coordinates":[[-72.983773,4.476833],[-72.982338,4.476081]]}},{"type":"Feature","properties":{"linea":"7-7-57","palmas":21},"geometry":{"type":"LineString","coordinates":[[-72.983776,4.476915],[-72.982341,4.476162]]}},{"type":"Feature","properties":{"linea":"7-7-58","palmas":21},"geometry":{"type":"LineString","coordinates":[[-72.983779,4.476996],[-72.982344,4.476243]]}},{"type":"Feature","properties":{"linea":"7-7-59","palmas":21},"geometry":{"type":"LineString","coordinates":[[-72.983783,4.477077],[-72.982348,4.476325]]}},{"type":"Feature","properties":{"linea":"7-7-6","palmas":5},"geometry":{"type":"LineString","coordinates":[[-72.983532,4.472732],[-72.983245,4.472581]]}},{"type":"Feature","properties":{"linea":"7-7-60","palmas":21},"geometry":{"type":"LineString","coordinates":[[-72.983786,4.477159],[-72.982351,4.476406]]}},{"type":"Feature","properties":{"linea":"7-7-61","palmas":21},"geometry":{"type":"LineString","coordinates":[[-72.98372,4.477203],[-72.982283,4.47645]]}},{"type":"Feature","properties":{"linea":"7-7-62","palmas":22},"geometry":{"type":"LineString","coordinates":[[-72.983796,4.477322],[-72.982286,4.476531]]}},{"type":"Feature","properties":{"linea":"7-7-63","palmas":22},"geometry":{"type":"LineString","coordinates":[[-72.983797,4.477403],[-72.98229,4.476612]]}},{"type":"Feature","properties":{"linea":"7-7-64","palmas":23},"geometry":{"type":"LineString","coordinates":[[-72.9838,4.477484],[-72.982221,4.476656]]}},{"type":"Feature","properties":{"linea":"7-7-65","palmas":24},"geometry":{"type":"LineString","coordinates":[[-72.983803,4.477565],[-72.982153,4.476699]]}},{"type":"Feature","properties":{"linea":"7-7-66","palmas":24},"geometry":{"type":"LineString","coordinates":[[-72.983809,4.477647],[-72.982156,4.476781]]}},{"type":"Feature","properties":{"linea":"7-7-67","palmas":25},"geometry":{"type":"LineString","coordinates":[[-72.983812,4.477729],[-72.982088,4.476824]]}},{"type":"Feature","properties":{"linea":"7-7-68","palmas":25},"geometry":{"type":"LineString","coordinates":[[-72.983816,4.47781],[-72.982091,4.476906]]}},{"type":"Feature","properties":{"linea":"7-7-69","palmas":26},"geometry":{"type":"LineString","coordinates":[[-72.983819,4.477891],[-72.982023,4.476949]]}},{"type":"Feature","properties":{"linea":"7-7-7","palmas":6},"geometry":{"type":"LineString","coordinates":[[-72.983536,4.472813],[-72.983176,4.472625]]}},{"type":"Feature","properties":{"linea":"7-7-70","palmas":26},"geometry":{"type":"LineString","coordinates":[[-72.983823,4.477973],[-72.982026,4.477031]]}},{"type":"Feature","properties":{"linea":"7-7-71","palmas":26},"geometry":{"type":"LineString","coordinates":[[-72.983826,4.478054],[-72.98203,4.477112]]}},{"type":"Feature","properties":{"linea":"7-7-72","palmas":26},"geometry":{"type":"LineString","coordinates":[[-72.98383,4.478135],[-72.982033,4.477193]]}},{"type":"Feature","properties":{"linea":"7-7-73","palmas":26},"geometry":{"type":"LineString","coordinates":[[-72.983833,4.478217],[-72.982036,4.477274]]}},{"type":"Feature","properties":{"linea":"7-7-74","palmas":26},"geometry":{"type":"LineString","coordinates":[[-72.983834,4.478297],[-72.98204,4.477356]]}},{"type":"Feature","properties":{"linea":"7-7-75","palmas":5},"geometry":{"type":"LineString","coordinates":[[-72.983912,4.480086],[-72.983898,4.479761]]}},{"type":"Feature","properties":{"linea":"7-7-76","palmas":21},"geometry":{"type":"LineString","coordinates":[[-72.98384,4.480049],[-72.983771,4.478423]]}},{"type":"Feature","properties":{"linea":"7-7-77","palmas":21},"geometry":{"type":"LineString","coordinates":[[-72.983768,4.480011],[-72.983699,4.478385]]}},{"type":"Feature","properties":{"linea":"7-7-78","palmas":21},"geometry":{"type":"LineString","coordinates":[[-72.983696,4.479973],[-72.983628,4.478347]]}},{"type":"Feature","properties":{"linea":"7-7-79","palmas":21},"geometry":{"type":"LineString","coordinates":[[-72.983624,4.479936],[-72.983556,4.47831]]}},{"type":"Feature","properties":{"linea":"7-7-8","palmas":7},"geometry":{"type":"LineString","coordinates":[[-72.983539,4.472894],[-72.983108,4.472668]]}},{"type":"Feature","properties":{"linea":"7-7-80","palmas":21},"geometry":{"type":"LineString","coordinates":[[-72.983552,4.479898],[-72.983484,4.478272]]}},{"type":"Feature","properties":{"linea":"7-7-81","palmas":21},"geometry":{"type":"LineString","coordinates":[[-72.983481,4.479861],[-72.983412,4.478234]]}},{"type":"Feature","properties":{"linea":"7-7-82","palmas":21},"geometry":{"type":"LineString","coordinates":[[-72.983409,4.479823],[-72.98334,4.478197]]}},{"type":"Feature","properties":{"linea":"7-7-83","palmas":21},"geometry":{"type":"LineString","coordinates":[[-72.983337,4.479785],[-72.983268,4.478159]]}},{"type":"Feature","properties":{"linea":"7-7-84","palmas":21},"geometry":{"type":"LineString","coordinates":[[-72.983265,4.479748],[-72.983196,4.478121]]}},{"type":"Feature","properties":{"linea":"7-7-85","palmas":21},"geometry":{"type":"LineString","coordinates":[[-72.983193,4.47971],[-72.983125,4.478084]]}},{"type":"Feature","properties":{"linea":"7-7-86","palmas":21},"geometry":{"type":"LineString","coordinates":[[-72.983121,4.479672],[-72.983053,4.478046]]}},{"type":"Feature","properties":{"linea":"7-7-87","palmas":20},"geometry":{"type":"LineString","coordinates":[[-72.983049,4.479634],[-72.982984,4.47809]]}},{"type":"Feature","properties":{"linea":"7-7-88","palmas":20},"geometry":{"type":"LineString","coordinates":[[-72.982978,4.479597],[-72.982909,4.477971]]}},{"type":"Feature","properties":{"linea":"7-7-89","palmas":20},"geometry":{"type":"LineString","coordinates":[[-72.982906,4.479559],[-72.982837,4.477933]]}},{"type":"Feature","properties":{"linea":"7-7-9","palmas":8},"geometry":{"type":"LineString","coordinates":[[-72.983542,4.472976],[-72.983039,4.472712]]}},{"type":"Feature","properties":{"linea":"7-7-90","palmas":20},"geometry":{"type":"LineString","coordinates":[[-72.982834,4.479521],[-72.982765,4.477895]]}},{"type":"Feature","properties":{"linea":"7-7-91","palmas":20},"geometry":{"type":"LineString","coordinates":[[-72.982762,4.479484],[-72.982694,4.477857]]}},{"type":"Feature","properties":{"linea":"7-7-92","palmas":20},"geometry":{"type":"LineString","coordinates":[[-72.98269,4.479446],[-72.982622,4.47782]]}},{"type":"Feature","properties":{"linea":"7-7-93","palmas":20},"geometry":{"type":"LineString","coordinates":[[-72.982618,4.479408],[-72.98255,4.477782]]}},{"type":"Feature","properties":{"linea":"7-7-94","palmas":21},"geometry":{"type":"LineString","coordinates":[[-72.982546,4.479371],[-72.982478,4.477744]]}},{"type":"Feature","properties":{"linea":"7-7-95","palmas":20},"geometry":{"type":"LineString","coordinates":[[-72.982474,4.479333],[-72.982406,4.477707]]}},{"type":"Feature","properties":{"linea":"7-7-96","palmas":21},"geometry":{"type":"LineString","coordinates":[[-72.982403,4.479295],[-72.982334,4.477669]]}},{"type":"Feature","properties":{"linea":"7-7-97","palmas":20},"geometry":{"type":"LineString","coordinates":[[-72.982331,4.479258],[-72.982262,4.477631]]}},{"type":"Feature","properties":{"linea":"7-7-98","palmas":21},"geometry":{"type":"LineString","coordinates":[[-72.982259,4.47922],[-72.982191,4.477594]]}},{"type":"Feature","properties":{"linea":"7-7-99","palmas":20},"geometry":{"type":"LineString","coordinates":[[-72.982187,4.479182],[-72.982119,4.477556]]}},{"type":"Feature","properties":{"linea":"7-8-1","palmas":2},"geometry":{"type":"LineString","coordinates":[[-72.980056,4.48371],[-72.979984,4.483672]]}},{"type":"Feature","properties":{"linea":"7-8-10","palmas":18},"geometry":{"type":"LineString","coordinates":[[-72.980805,4.484819],[-72.979584,4.484178]]}},{"type":"Feature","properties":{"linea":"7-8-11","palmas":18},"geometry":{"type":"LineString","coordinates":[[-72.980809,4.4849],[-72.979587,4.484259]]}},{"type":"Feature","properties":{"linea":"7-8-12","palmas":19},"geometry":{"type":"LineString","coordinates":[[-72.980884,4.485019],[-72.97959,4.484341]]}},{"type":"Feature","properties":{"linea":"7-8-13","palmas":21},"geometry":{"type":"LineString","coordinates":[[-72.980959,4.485138],[-72.979522,4.484384]]}},{"type":"Feature","properties":{"linea":"7-8-14","palmas":22},"geometry":{"type":"LineString","coordinates":[[-72.980963,4.485219],[-72.979453,4.484428]]}},{"type":"Feature","properties":{"linea":"7-8-15","palmas":24},"geometry":{"type":"LineString","coordinates":[[-72.981038,4.485338],[-72.979385,4.484471]]}},{"type":"Feature","properties":{"linea":"7-8-16","palmas":25},"geometry":{"type":"LineString","coordinates":[[-72.981041,4.485419],[-72.979317,4.484515]]}},{"type":"Feature","properties":{"linea":"7-8-17","palmas":26},"geometry":{"type":"LineString","coordinates":[[-72.981045,4.485501],[-72.979248,4.484559]]}},{"type":"Feature","properties":{"linea":"7-8-18","palmas":27},"geometry":{"type":"LineString","coordinates":[[-72.981048,4.485582],[-72.97918,4.484602]]}},{"type":"Feature","properties":{"linea":"7-8-19","palmas":29},"geometry":{"type":"LineString","coordinates":[[-72.981123,4.485701],[-72.979111,4.484646]]}},{"type":"Feature","properties":{"linea":"7-8-2","palmas":6},"geometry":{"type":"LineString","coordinates":[[-72.980275,4.483904],[-72.979916,4.483716]]}},{"type":"Feature","properties":{"linea":"7-8-20","palmas":29},"geometry":{"type":"LineString","coordinates":[[-72.981127,4.485782],[-72.979115,4.484727]]}},{"type":"Feature","properties":{"linea":"7-8-21","palmas":30},"geometry":{"type":"LineString","coordinates":[[-72.981202,4.485901],[-72.979118,4.484808]]}},{"type":"Feature","properties":{"linea":"7-8-22","palmas":30},"geometry":{"type":"LineString","coordinates":[[-72.981206,4.485983],[-72.979121,4.48489]]}},{"type":"Feature","properties":{"linea":"7-8-23","palmas":31},"geometry":{"type":"LineString","coordinates":[[-72.981209,4.486064],[-72.979053,4.484933]]}},{"type":"Feature","properties":{"linea":"7-8-24","palmas":32},"geometry":{"type":"LineString","coordinates":[[-72.981284,4.486183],[-72.979056,4.485015]]}},{"type":"Feature","properties":{"linea":"7-8-25","palmas":32},"geometry":{"type":"LineString","coordinates":[[-72.981288,4.486264],[-72.97906,4.485096]]}},{"type":"Feature","properties":{"linea":"7-8-26","palmas":33},"geometry":{"type":"LineString","coordinates":[[-72.981363,4.486383],[-72.979063,4.485177]]}},{"type":"Feature","properties":{"linea":"7-8-27","palmas":34},"geometry":{"type":"LineString","coordinates":[[-72.981366,4.486464],[-72.978995,4.485221]]}},{"type":"Feature","properties":{"linea":"7-8-28","palmas":33},"geometry":{"type":"LineString","coordinates":[[-72.981298,4.486508],[-72.978998,4.485302]]}},{"type":"Feature","properties":{"linea":"7-8-29","palmas":34},"geometry":{"type":"LineString","coordinates":[[-72.981373,4.486627],[-72.979002,4.485383]]}},{"type":"Feature","properties":{"linea":"7-8-3","palmas":9},"geometry":{"type":"LineString","coordinates":[[-72.980494,4.484099],[-72.979919,4.483797]]}},{"type":"Feature","properties":{"linea":"7-8-30","palmas":36},"geometry":{"type":"LineString","coordinates":[[-72.981448,4.486746],[-72.978933,4.485427]]}},{"type":"Feature","properties":{"linea":"7-8-31","palmas":36},"geometry":{"type":"LineString","coordinates":[[-72.981452,4.486827],[-72.978937,4.485508]]}},{"type":"Feature","properties":{"linea":"7-8-32","palmas":37},"geometry":{"type":"LineString","coordinates":[[-72.981527,4.486946],[-72.97894,4.48559]]}},{"type":"Feature","properties":{"linea":"7-8-33","palmas":37},"geometry":{"type":"LineString","coordinates":[[-72.981531,4.487027],[-72.978943,4.485671]]}},{"type":"Feature","properties":{"linea":"7-8-34","palmas":37},"geometry":{"type":"LineString","coordinates":[[-72.981534,4.487109],[-72.978947,4.485752]]}},{"type":"Feature","properties":{"linea":"7-8-35","palmas":37},"geometry":{"type":"LineString","coordinates":[[-72.981537,4.48719],[-72.97895,4.485834]]}},{"type":"Feature","properties":{"linea":"7-8-36","palmas":38},"geometry":{"type":"LineString","coordinates":[[-72.981541,4.487271],[-72.978882,4.485877]]}},{"type":"Feature","properties":{"linea":"7-8-37","palmas":38},"geometry":{"type":"LineString","coordinates":[[-72.981544,4.487353],[-72.978885,4.485959]]}},{"type":"Feature","properties":{"linea":"7-8-38","palmas":38},"geometry":{"type":"LineString","coordinates":[[-72.981548,4.487434],[-72.978889,4.48604]]}},{"type":"Feature","properties":{"linea":"7-8-39","palmas":38},"geometry":{"type":"LineString","coordinates":[[-72.981551,4.487515],[-72.978892,4.486121]]}},{"type":"Feature","properties":{"linea":"7-8-4","palmas":11},"geometry":{"type":"LineString","coordinates":[[-72.980569,4.484217],[-72.979851,4.483841]]}},{"type":"Feature","properties":{"linea":"7-8-40","palmas":38},"geometry":{"type":"LineString","coordinates":[[-72.981554,4.487597],[-72.978896,4.486203]]}},{"type":"Feature","properties":{"linea":"7-8-41","palmas":35},"geometry":{"type":"LineString","coordinates":[[-72.981486,4.48764],[-72.979043,4.486359]]}},{"type":"Feature","properties":{"linea":"7-8-42","palmas":32},"geometry":{"type":"LineString","coordinates":[[-72.981346,4.487646],[-72.979118,4.486478]]}},{"type":"Feature","properties":{"linea":"7-8-43","palmas":31},"geometry":{"type":"LineString","coordinates":[[-72.981277,4.48769],[-72.979121,4.486559]]}},{"type":"Feature","properties":{"linea":"7-8-44","palmas":30},"geometry":{"type":"LineString","coordinates":[[-72.981209,4.487733],[-72.979125,4.486641]]}},{"type":"Feature","properties":{"linea":"7-8-45","palmas":27},"geometry":{"type":"LineString","coordinates":[[-72.981068,4.487739],[-72.9792,4.48676]]}},{"type":"Feature","properties":{"linea":"7-8-46","palmas":25},"geometry":{"type":"LineString","coordinates":[[-72.980928,4.487745],[-72.979203,4.486841]]}},{"type":"Feature","properties":{"linea":"7-8-47","palmas":23},"geometry":{"type":"LineString","coordinates":[[-72.98086,4.487789],[-72.979279,4.48696]]}},{"type":"Feature","properties":{"linea":"7-8-48","palmas":21},"geometry":{"type":"LineString","coordinates":[[-72.980719,4.487795],[-72.979282,4.487041]]}},{"type":"Feature","properties":{"linea":"7-8-49","palmas":18},"geometry":{"type":"LineString","coordinates":[[-72.980579,4.487801],[-72.979358,4.48716]]}},{"type":"Feature","properties":{"linea":"7-8-5","palmas":12},"geometry":{"type":"LineString","coordinates":[[-72.980644,4.484337],[-72.979854,4.483922]]}},{"type":"Feature","properties":{"linea":"7-8-50","palmas":16},"geometry":{"type":"LineString","coordinates":[[-72.980439,4.487807],[-72.979361,4.487241]]}},{"type":"Feature","properties":{"linea":"7-8-51","palmas":14},"geometry":{"type":"LineString","coordinates":[[-72.980298,4.487813],[-72.979364,4.487323]]}},{"type":"Feature","properties":{"linea":"7-8-52","palmas":12},"geometry":{"type":"LineString","coordinates":[[-72.98023,4.487856],[-72.979439,4.487442]]}},{"type":"Feature","properties":{"linea":"7-8-53","palmas":10},"geometry":{"type":"LineString","coordinates":[[-72.98009,4.487862],[-72.979443,4.487523]]}},{"type":"Feature","properties":{"linea":"7-8-54","palmas":7},"geometry":{"type":"LineString","coordinates":[[-72.979949,4.487868],[-72.979518,4.487642]]}},{"type":"Feature","properties":{"linea":"7-8-55","palmas":6},"geometry":{"type":"LineString","coordinates":[[-72.979881,4.487912],[-72.979522,4.487723]]}},{"type":"Feature","properties":{"linea":"7-8-56","palmas":4},"geometry":{"type":"LineString","coordinates":[[-72.979741,4.487918],[-72.979525,4.487805]]}},{"type":"Feature","properties":{"linea":"7-8-57","palmas":3},"geometry":{"type":"LineString","coordinates":[[-72.979672,4.487961],[-72.979528,4.487886]]}},{"type":"Feature","properties":{"linea":"7-8-6","palmas":13},"geometry":{"type":"LineString","coordinates":[[-72.980648,4.484418],[-72.979786,4.483966]]}},{"type":"Feature","properties":{"linea":"7-8-7","palmas":15},"geometry":{"type":"LineString","coordinates":[[-72.980723,4.484537],[-72.979717,4.484009]]}},{"type":"Feature","properties":{"linea":"7-8-8","palmas":15},"geometry":{"type":"LineString","coordinates":[[-72.980726,4.484618],[-72.97972,4.484091]]}},{"type":"Feature","properties":{"linea":"7-8-9","palmas":17},"geometry":{"type":"LineString","coordinates":[[-72.980802,4.484737],[-72.979652,4.484134]]}}]}