{"type":"FeatureCollection","features":[{"type":"Feature","properties":{"cod_bp":"B.1-P.1","bloque":1,"tono":1,"ha":26.2},"geometry":{"type":"Polygon","coordinates":[[[-72.972128,4.520137],[-72.972108,4.519636],[-72.971701,4.511741],[-72.97186,4.511861],[-72.972278,4.512241],[-72.973193,4.513122],[-72.973531,4.513462],[-72.97375,4.513642],[-72.974108,4.513962],[-72.974386,4.514243],[-72.974486,4.514423],[-72.974565,4.514543],[-72.974565,4.514783],[-72.974525,4.514902],[-72.974544,4.514963],[-72.974584,4.515142],[-72.974643,4.515342],[-72.974723,4.515522],[-72.974882,4.515782],[-72.975081,4.515963],[-72.975359,4.516243],[-72.975618,4.516423],[-72.976095,4.517023],[-72.976214,4.517144],[-72.976254,4.517203],[-72.976294,4.517283],[-72.976293,4.517463],[-72.975894,4.517902],[-72.975495,4.518322],[-72.975257,4.518181],[-72.97426,4.519159],[-72.973661,4.519838],[-72.973162,4.520337],[-72.972783,4.520756],[-72.972128,4.520137]]]}},{"type":"Feature","properties":{"cod_bp":"B.1-P.2","bloque":1,"tono":1,"ha":24.4},"geometry":{"type":"Polygon","coordinates":[[[-72.968773,4.512276],[-72.968773,4.512116],[-72.969052,4.512136],[-72.969351,4.512177],[-72.969649,4.512157],[-72.970247,4.512058],[-72.971223,4.51182],[-72.971562,4.51164],[-72.971701,4.511741],[-72.972108,4.519636],[-72.971789,4.519435],[-72.971551,4.519115],[-72.971312,4.518855],[-72.971153,4.518695],[-72.971034,4.518475],[-72.970855,4.518055],[-72.970796,4.517875],[-72.970697,4.517695],[-72.970538,4.517495],[-72.970319,4.517355],[-72.970239,4.517355],[-72.97008,4.517254],[-72.96998,4.517274],[-72.969463,4.516974],[-72.969443,4.516914],[-72.969224,4.516793],[-72.969145,4.516653],[-72.968886,4.516413],[-72.968807,4.516273],[-72.968429,4.515893],[-72.96823,4.515733],[-72.968111,4.515593],[-72.968012,4.515353],[-72.967912,4.515193],[-72.967913,4.514833],[-72.967933,4.514733],[-72.967993,4.514733],[-72.967993,4.514613],[-72.968053,4.514573],[-72.968073,4.514493],[-72.968212,4.514254],[-72.968213,4.514174],[-72.968252,4.514154],[-72.968272,4.514154],[-72.968292,4.514074],[-72.968272,4.513994],[-72.968273,4.513414],[-72.968333,4.513395],[-72.968333,4.513294],[-72.968353,4.513195],[-72.968373,4.513195],[-72.968393,4.513035],[-72.968433,4.512975],[-72.968573,4.512715],[-72.968613,4.512655],[-72.968653,4.512615],[-72.968772,4.512596],[-72.968773,4.512276]]]}},{"type":"Feature","properties":{"cod_bp":"B.1-P.3","bloque":1,"tono":1,"ha":11.6},"geometry":{"type":"Polygon","coordinates":[[[-72.970199,4.517594],[-72.970279,4.517555],[-72.970418,4.517415],[-72.970538,4.517495],[-72.970697,4.517695],[-72.970796,4.517875],[-72.970855,4.518055],[-72.971034,4.518475],[-72.971153,4.518695],[-72.971312,4.518855],[-72.971789,4.519435],[-72.972108,4.519636],[-72.972185,4.521515],[-72.971427,4.522193],[-72.970849,4.522772],[-72.970769,4.522892],[-72.970689,4.523091],[-72.970709,4.523211],[-72.970748,4.523351],[-72.970788,4.523431],[-72.970489,4.523751],[-72.970229,4.52407],[-72.97013,4.52417],[-72.9698,4.517933],[-72.96982,4.517894],[-72.96992,4.517794],[-72.970079,4.517674],[-72.970199,4.517594]]]}},{"type":"Feature","properties":{"cod_bp":"B.1-P.4","bloque":1,"tono":1,"ha":31.3},"geometry":{"type":"Polygon","coordinates":[[[-72.96718,4.512034],[-72.9672,4.511934],[-72.967479,4.511854],[-72.967559,4.511854],[-72.968136,4.511995],[-72.968773,4.512116],[-72.968772,4.512596],[-72.968653,4.512615],[-72.968613,4.512655],[-72.968573,4.512715],[-72.968433,4.512975],[-72.968393,4.513035],[-72.968373,4.513195],[-72.968353,4.513195],[-72.968333,4.513274],[-72.968333,4.513395],[-72.968273,4.513414],[-72.968272,4.513994],[-72.968292,4.514074],[-72.968272,4.514154],[-72.968252,4.514154],[-72.968213,4.514174],[-72.968212,4.514254],[-72.968153,4.514334],[-72.968113,4.514413],[-72.968073,4.514493],[-72.968053,4.514573],[-72.967993,4.514613],[-72.967993,4.514733],[-72.967933,4.514733],[-72.967913,4.514833],[-72.967912,4.515193],[-72.968012,4.515353],[-72.968111,4.515593],[-72.96823,4.515733],[-72.968429,4.515893],[-72.968807,4.516273],[-72.968886,4.516413],[-72.969145,4.516653],[-72.969224,4.516793],[-72.969443,4.516914],[-72.969463,4.516974],[-72.96998,4.517274],[-72.97008,4.517254],[-72.970239,4.517355],[-72.970319,4.517355],[-72.970418,4.517415],[-72.970319,4.517515],[-72.970199,4.517594],[-72.970079,4.517654],[-72.970079,4.517674],[-72.96992,4.517794],[-72.96982,4.517894],[-72.9698,4.517933],[-72.97013,4.52417],[-72.968933,4.525467],[-72.968055,4.526465],[-72.967935,4.526545],[-72.967911,4.526241],[-72.967896,4.525945],[-72.967838,4.525286],[-72.967744,4.523275],[-72.967645,4.520708],[-72.967567,4.519549],[-72.967509,4.51845],[-72.967471,4.51747],[-72.967432,4.517091],[-72.967432,4.517011],[-72.967372,4.516531],[-72.967295,4.514852],[-72.967256,4.514252],[-72.967237,4.513653],[-72.967211,4.51342],[-72.967198,4.513193],[-72.967199,4.512733],[-72.967179,4.512633],[-72.96718,4.512034]]]}},{"type":"Feature","properties":{"cod_bp":"B.1-P.5","bloque":1,"tono":1,"ha":36.2},"geometry":{"type":"Polygon","coordinates":[[[-72.966998,4.527403],[-72.966938,4.527303],[-72.965807,4.524603],[-72.965796,4.524597],[-72.965631,4.524195],[-72.965609,4.524054],[-72.965589,4.523903],[-72.965589,4.523763],[-72.96557,4.523603],[-72.96557,4.523284],[-72.965551,4.523084],[-72.965551,4.522804],[-72.965532,4.522464],[-72.965492,4.522004],[-72.965493,4.521645],[-72.965473,4.521505],[-72.965474,4.521265],[-72.965442,4.520878],[-72.96541,4.52021],[-72.965377,4.519046],[-72.965302,4.51799],[-72.965261,4.517208],[-72.965261,4.516828],[-72.965164,4.514949],[-72.965145,4.51447],[-72.965146,4.514109],[-72.965126,4.513949],[-72.965126,4.51373],[-72.965107,4.51357],[-72.965162,4.513506],[-72.965226,4.51345],[-72.965465,4.51327],[-72.965464,4.513262],[-72.966203,4.512652],[-72.966602,4.512293],[-72.966841,4.512053],[-72.966941,4.511973],[-72.967001,4.511894],[-72.967061,4.511854],[-72.967121,4.511774],[-72.96718,4.511854],[-72.9672,4.511934],[-72.96718,4.512034],[-72.96718,4.512154],[-72.967179,4.512653],[-72.967199,4.512773],[-72.967198,4.513313],[-72.967237,4.513753],[-72.967237,4.513912],[-72.967256,4.514432],[-72.967295,4.514892],[-72.967353,4.516271],[-72.967392,4.516771],[-72.967417,4.516921],[-72.967432,4.517071],[-72.967431,4.517231],[-72.967471,4.51747],[-72.96747,4.51767],[-72.967509,4.51847],[-72.967625,4.520569],[-72.96776,4.523746],[-72.967838,4.525326],[-72.967935,4.526545],[-72.967716,4.526764],[-72.967357,4.527164],[-72.967066,4.527454],[-72.966998,4.527403]]]}},{"type":"Feature","properties":{"cod_bp":"B.1-P.6","bloque":1,"tono":1,"ha":18.3},"geometry":{"type":"Polygon","coordinates":[[[-72.965626,4.524184],[-72.963108,4.518084],[-72.96295,4.517624],[-72.96293,4.517504],[-72.96289,4.517344],[-72.962891,4.517164],[-72.962871,4.516864],[-72.962872,4.516384],[-72.962892,4.516344],[-72.962892,4.516085],[-72.962912,4.516045],[-72.962912,4.515945],[-72.962932,4.515845],[-72.962952,4.515785],[-72.962953,4.515705],[-72.963053,4.515285],[-72.963192,4.515206],[-72.963272,4.515126],[-72.96377,4.514727],[-72.964887,4.513749],[-72.965107,4.51357],[-72.965106,4.51365],[-72.965126,4.513769],[-72.965126,4.514029],[-72.965145,4.514569],[-72.965184,4.515348],[-72.965203,4.515888],[-72.965261,4.516848],[-72.96526,4.517387],[-72.965302,4.51799],[-72.965377,4.519286],[-72.965396,4.519906],[-72.965435,4.520785],[-72.965473,4.521505],[-72.965493,4.521725],[-72.965492,4.522004],[-72.965532,4.522464],[-72.965551,4.522904],[-72.96555,4.523184],[-72.96557,4.523423],[-72.96557,4.523603],[-72.965589,4.523943],[-72.965626,4.524184]]]}},{"type":"Feature","properties":{"cod_bp":"B.10-P.1","bloque":10,"tono":2,"ha":14.6},"geometry":{"type":"Polygon","coordinates":[[[-72.998828,4.46843],[-72.998828,4.468509],[-72.998808,4.468549],[-72.998808,4.468589],[-72.998748,4.468709],[-72.998748,4.468829],[-72.998807,4.469489],[-72.998807,4.469669],[-72.998826,4.469729],[-72.998966,4.469849],[-72.998985,4.469909],[-72.998985,4.470049],[-72.998945,4.470129],[-72.998786,4.470348],[-72.998706,4.470408],[-72.998666,4.470468],[-72.998646,4.470548],[-72.998606,4.470648],[-72.998506,4.470828],[-72.998446,4.470907],[-72.998406,4.471007],[-72.998366,4.471267],[-72.998226,4.471766],[-72.998226,4.471786],[-72.998266,4.471846],[-72.998345,4.471946],[-72.997727,4.472345],[-72.996991,4.471965],[-72.996971,4.472024],[-72.996374,4.471724],[-72.995518,4.471263],[-72.995379,4.471203],[-72.995101,4.471042],[-72.994722,4.471042],[-72.994565,4.471061],[-72.994563,4.470982],[-72.994623,4.471002],[-72.994623,4.470902],[-72.994643,4.470682],[-72.994743,4.470202],[-72.994943,4.469663],[-72.994963,4.469583],[-72.995602,4.468745],[-72.995642,4.468645],[-72.995642,4.468605],[-72.995741,4.468585],[-72.998828,4.46843]]]}},{"type":"Feature","properties":{"cod_bp":"B.10-P.10","bloque":10,"tono":2,"ha":68.7},"geometry":{"type":"Polygon","coordinates":[[[-73.000349,4.449285],[-72.994713,4.449556],[-72.994636,4.447638],[-72.992007,4.447973],[-72.991831,4.445835],[-72.991754,4.444196],[-72.991794,4.444096],[-72.991774,4.443956],[-72.991714,4.443876],[-72.991616,4.443036],[-72.991636,4.442756],[-72.991696,4.442517],[-72.991737,4.442117],[-72.991737,4.441797],[-72.991857,4.441678],[-72.991857,4.441418],[-72.991917,4.441198],[-72.991957,4.440998],[-72.991958,4.440618],[-72.991978,4.440499],[-72.991979,4.440199],[-72.992019,4.440119],[-72.992218,4.440079],[-72.992556,4.44004],[-72.993034,4.4403],[-72.993133,4.4404],[-72.993312,4.440461],[-72.993611,4.440321],[-72.993731,4.440361],[-72.99381,4.440421],[-72.99391,4.440581],[-72.993949,4.440941],[-72.993989,4.441041],[-72.994008,4.441181],[-72.994307,4.441201],[-72.994486,4.441162],[-72.994606,4.441222],[-72.994645,4.441542],[-72.994585,4.441622],[-72.994605,4.441861],[-72.994824,4.441982],[-72.994923,4.441962],[-72.995261,4.442142],[-72.995301,4.442282],[-72.99556,4.442462],[-72.995599,4.442522],[-72.995739,4.442583],[-72.995759,4.442683],[-72.996097,4.442863],[-72.996236,4.442983],[-72.996734,4.442684],[-72.996814,4.442664],[-72.996894,4.442664],[-72.996993,4.442724],[-72.997192,4.442825],[-72.997411,4.442905],[-72.997471,4.442965],[-72.99749,4.443205],[-72.99753,4.443285],[-72.997709,4.443465],[-72.997748,4.443765],[-72.997788,4.443745],[-72.997888,4.443765],[-72.997967,4.443845],[-72.997987,4.443985],[-72.998027,4.444025],[-72.998186,4.444105],[-72.998345,4.444125],[-72.998923,4.444326],[-72.999022,4.444386],[-72.999121,4.444666],[-72.999161,4.444586],[-72.999221,4.444506],[-72.999878,4.444867],[-72.999917,4.444787],[-73.000017,4.444727],[-73.000097,4.444727],[-73.000196,4.444748],[-73.000614,4.445428],[-73.000653,4.445787],[-73.00071,4.447287],[-73.000769,4.448426],[-73.000788,4.448586],[-73.000349,4.449285]]]}},{"type":"Feature","properties":{"cod_bp":"B.10-P.2","bloque":10,"tono":2,"ha":9.8},"geometry":{"type":"Polygon","coordinates":[[[-72.995741,4.468585],[-72.995642,4.468605],[-72.995506,4.466166],[-72.995586,4.466146],[-72.998792,4.465991],[-72.998911,4.465991],[-72.99895,4.467051],[-72.99869,4.46751],[-72.99869,4.46755],[-72.99871,4.46759],[-72.99877,4.46767],[-72.998769,4.46773],[-72.998789,4.46777],[-72.998828,4.46843],[-72.995741,4.468585]]]}},{"type":"Feature","properties":{"cod_bp":"B.10-P.3","bloque":10,"tono":2,"ha":11.0},"geometry":{"type":"Polygon","coordinates":[[[-72.995586,4.466146],[-72.995506,4.466166],[-72.995391,4.463728],[-72.995489,4.463708],[-72.999731,4.463494],[-72.999532,4.463714],[-72.999512,4.463814],[-72.999512,4.464073],[-72.999472,4.464093],[-72.999272,4.464293],[-72.999133,4.464453],[-72.999053,4.464573],[-72.998993,4.464712],[-72.998933,4.464892],[-72.998873,4.465212],[-72.998852,4.465372],[-72.998833,4.465412],[-72.998852,4.465492],[-72.998872,4.465631],[-72.998912,4.465931],[-72.998911,4.465991],[-72.998792,4.465991],[-72.995586,4.466146]]]}},{"type":"Feature","properties":{"cod_bp":"B.10-P.4","bloque":10,"tono":2,"ha":17.2},"geometry":{"type":"Polygon","coordinates":[[[-72.995293,4.461849],[-72.995276,4.461249],[-72.995354,4.461229],[-73.001667,4.460919],[-73.001027,4.462577],[-73.001007,4.462597],[-73.000987,4.462597],[-73.000987,4.462617],[-73.000449,4.462796],[-73.000429,4.462796],[-73.000429,4.462816],[-73.00021,4.462975],[-72.999731,4.463494],[-72.995489,4.463708],[-72.995391,4.463728],[-72.995312,4.462069],[-72.995293,4.461849]]]}},{"type":"Feature","properties":{"cod_bp":"B.10-P.5","bloque":10,"tono":2,"ha":20.3},"geometry":{"type":"Polygon","coordinates":[[[-72.995223,4.460105],[-72.995163,4.458751],[-73.001551,4.45842],[-73.001869,4.45896],[-73.002127,4.45942],[-73.002127,4.45952],[-73.002107,4.45956],[-73.001967,4.4597],[-73.001887,4.4601],[-73.001867,4.46014],[-73.001867,4.46018],[-73.001727,4.460759],[-73.001707,4.460799],[-73.001667,4.460919],[-72.995354,4.461229],[-72.995276,4.461249],[-72.995274,4.461109],[-72.995223,4.460105]]]}},{"type":"Feature","properties":{"cod_bp":"B.10-P.6","bloque":10,"tono":2,"ha":17.8},"geometry":{"type":"Polygon","coordinates":[[[-72.995119,4.457871],[-72.99512,4.457672],[-72.995028,4.456292],[-72.995122,4.456292],[-73.000678,4.456001],[-73.000698,4.455981],[-73.000738,4.455981],[-73.000738,4.455961],[-73.000758,4.455961],[-73.000778,4.455981],[-73.001017,4.455981],[-73.000997,4.456081],[-73.000716,4.45698],[-73.000736,4.45736],[-73.000816,4.45744],[-73.001074,4.45762],[-73.001094,4.45764],[-73.001551,4.45842],[-72.995163,4.458751],[-72.995119,4.457871]]]}},{"type":"Feature","properties":{"cod_bp":"B.10-P.7","bloque":10,"tono":2,"ha":19.8},"geometry":{"type":"Polygon","coordinates":[[[-72.995003,4.455493],[-72.994906,4.453994],[-72.994886,4.453814],[-72.995006,4.453794],[-73.001877,4.453444],[-73.002056,4.453444],[-73.002056,4.453584],[-73.002036,4.453624],[-73.001876,4.453864],[-73.001277,4.454702],[-73.001257,4.454722],[-73.001238,4.454762],[-73.001017,4.455981],[-73.000778,4.455981],[-73.000758,4.455961],[-73.000738,4.455961],[-73.000738,4.455981],[-73.000698,4.455981],[-73.000678,4.456001],[-72.995122,4.456292],[-72.995028,4.456292],[-72.995003,4.455493]]]}},{"type":"Feature","properties":{"cod_bp":"B.10-P.8","bloque":10,"tono":2,"ha":21.1},"geometry":{"type":"Polygon","coordinates":[[[-72.994806,4.451836],[-72.994793,4.451335],[-72.99489,4.451315],[-73.001263,4.450985],[-73.001362,4.450985],[-73.001322,4.451225],[-73.001322,4.451265],[-73.002037,4.452765],[-73.002056,4.453444],[-73.001877,4.453444],[-72.995006,4.453794],[-72.994886,4.453814],[-72.994848,4.453114],[-72.994806,4.451836]]]}},{"type":"Feature","properties":{"cod_bp":"B.10-P.9","bloque":10,"tono":2,"ha":14.3},"geometry":{"type":"Polygon","coordinates":[[[-72.994771,4.450736],[-72.994733,4.449756],[-72.994723,4.449752],[-72.994713,4.449556],[-73.000349,4.449285],[-73.000788,4.448586],[-73.000788,4.448626],[-73.000808,4.448706],[-73.001304,4.450185],[-73.001423,4.450605],[-73.001423,4.450685],[-73.001362,4.450985],[-73.001263,4.450985],[-72.99489,4.451315],[-72.994793,4.451335],[-72.994771,4.450736]]]}},{"type":"Feature","properties":{"cod_bp":"B.11-P.1","bloque":11,"tono":0,"ha":14.5},"geometry":{"type":"Polygon","coordinates":[[[-72.973243,4.451524],[-72.973006,4.451112],[-72.973045,4.450784],[-72.972866,4.450484],[-72.972767,4.450264],[-72.972608,4.450084],[-72.97237,4.449684],[-72.972351,4.449244],[-72.972053,4.448644],[-72.971973,4.448364],[-72.971854,4.448024],[-72.971616,4.447844],[-72.971476,4.447704],[-72.971397,4.447404],[-72.971358,4.447224],[-72.971059,4.447024],[-72.97104,4.446924],[-72.971139,4.446704],[-72.971279,4.446565],[-72.971279,4.446325],[-72.97126,4.445965],[-72.9713,4.445685],[-72.97144,4.445405],[-72.97154,4.445126],[-72.97164,4.444746],[-72.97172,4.444626],[-72.971919,4.444587],[-72.972078,4.445107],[-72.972117,4.445167],[-72.972117,4.445227],[-72.972256,4.445666],[-72.972315,4.445886],[-72.973029,4.448146],[-72.973148,4.448466],[-72.973406,4.449346],[-72.973802,4.450605],[-72.974436,4.452665],[-72.974754,4.453625],[-72.974674,4.453744],[-72.974335,4.453964],[-72.974335,4.454064],[-72.973936,4.454303],[-72.973737,4.454263],[-72.973578,4.454363],[-72.97304,4.454382],[-72.972582,4.454541],[-72.972403,4.454481],[-72.972243,4.454401],[-72.972763,4.453042],[-72.973283,4.451744],[-72.973283,4.451664],[-72.973243,4.451524]]]}},{"type":"Feature","properties":{"cod_bp":"B.11-P.10","bloque":11,"tono":0,"ha":19.7},"geometry":{"type":"Polygon","coordinates":[[[-72.980512,4.437524],[-72.98115,4.437125],[-72.981588,4.437407],[-72.981587,4.437985],[-72.981683,4.440424],[-72.98176,4.441843],[-72.98178,4.442502],[-72.981122,4.442141],[-72.980705,4.441901],[-72.980047,4.441558],[-72.979949,4.441501],[-72.9798,4.441429],[-72.97969,4.44136],[-72.979556,4.4413],[-72.979352,4.44118],[-72.978249,4.440565],[-72.977581,4.440178],[-72.977521,4.440158],[-72.977367,4.440075],[-72.976924,4.439817],[-72.976666,4.439677],[-72.976566,4.439637],[-72.976546,4.439577],[-72.976527,4.439577],[-72.976546,4.439537],[-72.976547,4.439497],[-72.976586,4.439437],[-72.976686,4.439357],[-72.976786,4.439237],[-72.976925,4.439098],[-72.977065,4.438998],[-72.977205,4.438858],[-72.977344,4.438739],[-72.977504,4.438559],[-72.977624,4.438439],[-72.977703,4.438379],[-72.977783,4.438359],[-72.978002,4.43836],[-72.978201,4.43816],[-72.978262,4.437881],[-72.978262,4.437441],[-72.978362,4.437361],[-72.978601,4.437441],[-72.97872,4.437341],[-72.979158,4.437322],[-72.979676,4.437403],[-72.979915,4.437503],[-72.979934,4.437883],[-72.979855,4.437923],[-72.979874,4.438343],[-72.980292,4.438323],[-72.980292,4.438143],[-72.980392,4.438123],[-72.980432,4.438104],[-72.980372,4.438083],[-72.980392,4.438044],[-72.980432,4.438023],[-72.980412,4.437704],[-72.980512,4.437524]]]}},{"type":"Feature","properties":{"cod_bp":"B.11-P.11","bloque":11,"tono":0,"ha":6.5},"geometry":{"type":"Polygon","coordinates":[[[-72.981866,4.444782],[-72.981298,4.4448],[-72.980449,4.444839],[-72.980243,4.444839],[-72.980024,4.444858],[-72.979927,4.442859],[-72.979917,4.442811],[-72.979892,4.442352],[-72.979888,4.4421],[-72.979849,4.44146],[-72.980047,4.441558],[-72.980188,4.441641],[-72.980665,4.441881],[-72.981003,4.442082],[-72.98178,4.442502],[-72.981779,4.442682],[-72.981799,4.442882],[-72.981798,4.443122],[-72.981818,4.443182],[-72.981818,4.443422],[-72.981838,4.443642],[-72.981837,4.443842],[-72.981857,4.443915],[-72.981857,4.444221],[-72.981874,4.444256],[-72.981876,4.444308],[-72.981876,4.444621],[-72.981896,4.444721],[-72.981896,4.444781],[-72.981866,4.444782]]]}},{"type":"Feature","properties":{"cod_bp":"B.11-P.12","bloque":11,"tono":0,"ha":11.3},"geometry":{"type":"Polygon","coordinates":[[[-72.979556,4.4413],[-72.979849,4.44146],[-72.979907,4.44276],[-72.979917,4.442811],[-72.979946,4.443339],[-72.979965,4.443959],[-72.979985,4.444099],[-72.980004,4.444598],[-72.980022,4.444838],[-72.978681,4.444896],[-72.97849,4.444896],[-72.978231,4.444916],[-72.978172,4.444936],[-72.978092,4.444835],[-72.977993,4.444675],[-72.977874,4.444515],[-72.977595,4.444095],[-72.977603,4.444083],[-72.977615,4.444095],[-72.977655,4.444015],[-72.977675,4.443956],[-72.977676,4.443736],[-72.977522,4.440163],[-72.97873,4.440833],[-72.979411,4.441217],[-72.979511,4.44128],[-72.979556,4.4413]]]}},{"type":"Feature","properties":{"cod_bp":"B.11-P.13","bloque":11,"tono":0,"ha":10.7},"geometry":{"type":"Polygon","coordinates":[[[-72.977367,4.440075],[-72.977522,4.440163],[-72.977598,4.442117],[-72.977675,4.443796],[-72.977675,4.443936],[-72.977655,4.443995],[-72.977603,4.444083],[-72.977396,4.443875],[-72.977178,4.443575],[-72.977118,4.443475],[-72.977059,4.443455],[-72.976959,4.443435],[-72.97668,4.443454],[-72.976461,4.443514],[-72.976342,4.443514],[-72.976083,4.443554],[-72.975943,4.443493],[-72.975744,4.443353],[-72.975585,4.443213],[-72.975412,4.443086],[-72.975287,4.442973],[-72.975207,4.442913],[-72.975168,4.442813],[-72.975069,4.442233],[-72.974951,4.441333],[-72.974892,4.440974],[-72.974932,4.440874],[-72.975071,4.440774],[-72.97557,4.440315],[-72.975688,4.440196],[-72.975909,4.439996],[-72.976008,4.439916],[-72.976008,4.439899],[-72.976347,4.439597],[-72.976367,4.439597],[-72.976387,4.439577],[-72.976527,4.439577],[-72.976566,4.439637],[-72.976666,4.439697],[-72.976836,4.439774],[-72.977367,4.440075]]]}},{"type":"Feature","properties":{"cod_bp":"B.11-P.14","bloque":11,"tono":0,"ha":8.0},"geometry":{"type":"Polygon","coordinates":[[[-72.976083,4.443554],[-72.976342,4.443524],[-72.976379,4.444993],[-72.975563,4.445012],[-72.974567,4.44505],[-72.974529,4.443531],[-72.974484,4.442398],[-72.974434,4.440613],[-72.97441,4.440266],[-72.974395,4.439874],[-72.974378,4.439752],[-72.975196,4.439245],[-72.975352,4.439155],[-72.975497,4.439056],[-72.97591,4.438796],[-72.97595,4.439036],[-72.976029,4.439376],[-72.976009,4.439676],[-72.976008,4.439899],[-72.975849,4.440035],[-72.975688,4.440196],[-72.975251,4.440594],[-72.975091,4.440754],[-72.974932,4.440874],[-72.974892,4.440974],[-72.974976,4.441536],[-72.975128,4.442673],[-72.975168,4.442813],[-72.975207,4.442913],[-72.975367,4.443053],[-72.975764,4.443373],[-72.975943,4.443493],[-72.976083,4.443554]]]}},{"type":"Feature","properties":{"cod_bp":"B.11-P.15","bloque":11,"tono":0,"ha":16.2},"geometry":{"type":"Polygon","coordinates":[[[-72.972317,4.445107],[-72.972078,4.445107],[-72.972038,4.444927],[-72.971998,4.444847],[-72.971919,4.444587],[-72.971919,4.444547],[-72.971582,4.443487],[-72.971067,4.441767],[-72.971067,4.441727],[-72.971585,4.441448],[-72.971839,4.441283],[-72.974377,4.439744],[-72.974434,4.440653],[-72.974434,4.441033],[-72.974452,4.441672],[-72.974466,4.441846],[-72.974491,4.442772],[-72.974529,4.443591],[-72.974529,4.444131],[-72.974548,4.444291],[-72.974548,4.444731],[-72.974567,4.44497],[-72.974567,4.44505],[-72.974109,4.44505],[-72.972854,4.445088],[-72.972357,4.445087],[-72.972317,4.445107]]]}},{"type":"Feature","properties":{"cod_bp":"B.11-P.16","bloque":11,"tono":0,"ha":8.4},"geometry":{"type":"Polygon","coordinates":[[[-72.975497,4.439056],[-72.974754,4.439514],[-72.974695,4.439294],[-72.974655,4.439194],[-72.974219,4.437695],[-72.972326,4.438891],[-72.972068,4.437932],[-72.973942,4.436735],[-72.97416,4.437455],[-72.976073,4.436218],[-72.976213,4.436698],[-72.976291,4.436998],[-72.97637,4.437237],[-72.97641,4.437398],[-72.976549,4.437858],[-72.976608,4.438138],[-72.97664,4.438218],[-72.976648,4.438258],[-72.976648,4.438318],[-72.97601,4.438737],[-72.975671,4.438936],[-72.975497,4.439056]]]}},{"type":"Feature","properties":{"cod_bp":"B.11-P.16","bloque":11,"tono":0,"ha":15.5},"geometry":{"type":"Polygon","coordinates":[[[-72.974377,4.439744],[-72.974376,4.439734],[-72.974156,4.439873],[-72.973678,4.440152],[-72.97314,4.440491],[-72.972662,4.44077],[-72.971565,4.441448],[-72.971147,4.441668],[-72.971067,4.441727],[-72.971008,4.441528],[-72.970849,4.441088],[-72.97069,4.440608],[-72.970155,4.438888],[-72.969997,4.438348],[-72.969671,4.437348],[-72.96962,4.437169],[-72.9696,4.437138],[-72.9696,4.437108],[-72.970497,4.43655],[-72.970756,4.436711],[-72.970995,4.436791],[-72.971134,4.436931],[-72.971213,4.437151],[-72.971273,4.437411],[-72.971272,4.437691],[-72.971292,4.43795],[-72.971351,4.43805],[-72.971908,4.438371],[-72.972148,4.438211],[-72.972326,4.438891],[-72.974219,4.437695],[-72.974655,4.439194],[-72.974695,4.439294],[-72.974754,4.439514],[-72.974377,4.439744]]]}},{"type":"Feature","properties":{"cod_bp":"B.11-P.17","bloque":11,"tono":0,"ha":27.0},"geometry":{"type":"Polygon","coordinates":[[[-72.975654,4.434741],[-72.975222,4.433219],[-72.975019,4.432532],[-72.974806,4.43176],[-72.974736,4.431549],[-72.974627,4.43112],[-72.974581,4.431027],[-72.974568,4.43098],[-72.974548,4.43096],[-72.974688,4.43042],[-72.974768,4.430221],[-72.974808,4.430061],[-72.974788,4.429941],[-72.974527,4.429265],[-72.97453,4.429261],[-72.974471,4.429121],[-72.974431,4.428981],[-72.974431,4.428947],[-72.975844,4.429363],[-72.97676,4.429644],[-72.977457,4.429845],[-72.978213,4.430086],[-72.978691,4.430226],[-72.979726,4.430588],[-72.979965,4.430648],[-72.980084,4.430748],[-72.980164,4.430788],[-72.980223,4.430828],[-72.980004,4.431128],[-72.979964,4.431167],[-72.979804,4.431367],[-72.979525,4.431407],[-72.978489,4.432065],[-72.97819,4.431925],[-72.977912,4.432124],[-72.977812,4.432224],[-72.977572,4.432743],[-72.977492,4.432963],[-72.977511,4.433542],[-72.977431,4.433702],[-72.97749,4.434322],[-72.97743,4.434442],[-72.97737,4.434621],[-72.977409,4.435361],[-72.977428,4.436121],[-72.977527,4.436161],[-72.977547,4.4366],[-72.977745,4.436761],[-72.977745,4.43714],[-72.977778,4.437623],[-72.977206,4.437979],[-72.977007,4.438118],[-72.976827,4.438218],[-72.976728,4.438298],[-72.976648,4.438318],[-72.976648,4.438238],[-72.976569,4.437918],[-72.975654,4.434741]]]}},{"type":"Feature","properties":{"cod_bp":"B.11-P.19","bloque":11,"tono":0,"ha":16.0},"geometry":{"type":"Polygon","coordinates":[[[-72.970662,4.432333],[-72.970167,4.432074],[-72.970376,4.431713],[-72.970505,4.431514],[-72.970564,4.431374],[-72.970644,4.431234],[-72.970724,4.431154],[-72.971761,4.430536],[-72.97186,4.430456],[-72.97198,4.430317],[-72.97208,4.430157],[-72.972439,4.429538],[-72.972489,4.429438],[-72.972639,4.429178],[-72.972818,4.428899],[-72.972858,4.428819],[-72.972958,4.428679],[-72.972981,4.428622],[-72.972998,4.428599],[-72.972998,4.428579],[-72.973038,4.428519],[-72.973058,4.428439],[-72.973158,4.4283],[-72.973218,4.42818],[-72.973297,4.42812],[-72.973377,4.42804],[-72.973457,4.428],[-72.9735,4.427966],[-72.973955,4.427681],[-72.974134,4.428161],[-72.974355,4.428717],[-72.974392,4.428841],[-72.974411,4.428941],[-72.974431,4.428981],[-72.974431,4.429021],[-72.974527,4.429265],[-72.974231,4.4296],[-72.974311,4.4297],[-72.97433,4.42998],[-72.97435,4.43004],[-72.97441,4.43016],[-72.974449,4.43028],[-72.974509,4.43038],[-72.974628,4.43044],[-72.974668,4.43048],[-72.974548,4.43096],[-72.974448,4.431299],[-72.974358,4.431639],[-72.974228,4.432059],[-72.973987,4.432918],[-72.973897,4.433277],[-72.973867,4.433377],[-72.973827,4.433477],[-72.973698,4.433942],[-72.973468,4.434076],[-72.973428,4.434076],[-72.973368,4.434096],[-72.973289,4.434096],[-72.97307,4.434036],[-72.97303,4.433816],[-72.972951,4.433576],[-72.972871,4.433396],[-72.972673,4.432636],[-72.972495,4.432016],[-72.972416,4.431836],[-72.972336,4.431736],[-72.971519,4.432634],[-72.971459,4.432714],[-72.971419,4.432734],[-72.970662,4.432333]]]}},{"type":"Feature","properties":{"cod_bp":"B.11-P.2","bloque":11,"tono":0,"ha":13.7},"geometry":{"type":"Polygon","coordinates":[[[-72.972117,4.445167],[-72.972078,4.445107],[-72.972317,4.445107],[-72.972357,4.445087],[-72.972854,4.445088],[-72.974109,4.44505],[-72.974567,4.44505],[-72.974625,4.446409],[-72.974643,4.447429],[-72.97472,4.449388],[-72.974719,4.449887],[-72.974739,4.450107],[-72.974816,4.451766],[-72.974816,4.452166],[-72.974834,4.452945],[-72.974854,4.453325],[-72.974853,4.453465],[-72.974834,4.453485],[-72.974754,4.453625],[-72.974436,4.452665],[-72.973802,4.450605],[-72.973406,4.449346],[-72.973148,4.448466],[-72.973029,4.448146],[-72.972315,4.445886],[-72.972256,4.445666],[-72.972117,4.445227],[-72.972117,4.445167]]]}},{"type":"Feature","properties":{"cod_bp":"B.11-P.20","bloque":11,"tono":0,"ha":17.5},"geometry":{"type":"Polygon","coordinates":[[[-72.968987,4.43411],[-72.968928,4.434189],[-72.968768,4.434489],[-72.968748,4.434449],[-72.968669,4.434209],[-72.968589,4.433909],[-72.96851,4.433669],[-72.96863,4.43349],[-72.96881,4.43319],[-72.968889,4.43307],[-72.969149,4.432631],[-72.969209,4.432511],[-72.969249,4.432451],[-72.969402,4.432171],[-72.969568,4.431912],[-72.969628,4.431792],[-72.969668,4.431672],[-72.969768,4.431273],[-72.969808,4.431053],[-72.970209,4.429475],[-72.970289,4.429135],[-72.970369,4.428855],[-72.970429,4.428596],[-72.970569,4.428056],[-72.970662,4.42762],[-72.97071,4.427477],[-72.97071,4.427417],[-72.97079,4.427017],[-72.970827,4.426889],[-72.973062,4.425441],[-72.973089,4.425508],[-72.973122,4.425641],[-72.973133,4.425647],[-72.97326,4.425941],[-72.973459,4.426442],[-72.973539,4.426661],[-72.973578,4.426741],[-72.973645,4.426908],[-72.973658,4.426961],[-72.973697,4.427041],[-72.973817,4.427342],[-72.973856,4.427461],[-72.973935,4.427641],[-72.973935,4.427661],[-72.973955,4.427681],[-72.973796,4.427761],[-72.973656,4.427861],[-72.973557,4.42792],[-72.9735,4.427966],[-72.973377,4.42804],[-72.973277,4.42812],[-72.973218,4.42818],[-72.973058,4.428439],[-72.972981,4.428622],[-72.972938,4.428679],[-72.972918,4.428739],[-72.972878,4.428779],[-72.972798,4.428899],[-72.972679,4.429098],[-72.972639,4.429178],[-72.972579,4.429258],[-72.972539,4.429338],[-72.972519,4.429358],[-72.972489,4.429438],[-72.972389,4.429618],[-72.97216,4.429997],[-72.97208,4.430157],[-72.972005,4.430277],[-72.97186,4.430456],[-72.971761,4.430536],[-72.971143,4.430895],[-72.970884,4.431055],[-72.970704,4.431154],[-72.970604,4.431294],[-72.970525,4.431454],[-72.970325,4.431793],[-72.970233,4.431964],[-72.970065,4.432232],[-72.969905,4.432532],[-72.969706,4.432852],[-72.969487,4.433251],[-72.969387,4.433411],[-72.969267,4.43363],[-72.969087,4.43391],[-72.968987,4.43411]]]}},{"type":"Feature","properties":{"cod_bp":"B.11-P.21","bloque":11,"tono":0,"ha":15.2},"geometry":{"type":"Polygon","coordinates":[[[-72.96863,4.43349],[-72.96853,4.433629],[-72.96851,4.433669],[-72.96849,4.433629],[-72.968214,4.432967],[-72.967558,4.43133],[-72.967062,4.43013],[-72.966996,4.429986],[-72.966982,4.42993],[-72.966824,4.42959],[-72.966804,4.42953],[-72.966784,4.42951],[-72.966784,4.42947],[-72.966804,4.42945],[-72.967621,4.428931],[-72.968578,4.428333],[-72.970068,4.42737],[-72.970352,4.427196],[-72.970827,4.426889],[-72.97079,4.427017],[-72.97071,4.427417],[-72.970569,4.427996],[-72.970529,4.428195],[-72.970289,4.429095],[-72.970229,4.429375],[-72.970129,4.429754],[-72.969919,4.430613],[-72.969888,4.430713],[-72.969788,4.431133],[-72.969708,4.431513],[-72.969648,4.431692],[-72.969628,4.431792],[-72.969535,4.431959],[-72.969468,4.432052],[-72.969249,4.432431],[-72.969209,4.432511],[-72.969129,4.432631],[-72.96863,4.43349]]]}},{"type":"Feature","properties":{"cod_bp":"B.11-P.22","bloque":11,"tono":0,"ha":39.7},"geometry":{"type":"Polygon","coordinates":[[[-72.968946,4.435128],[-72.969243,4.436049],[-72.969422,4.436629],[-72.96958,4.437108],[-72.9696,4.437138],[-72.969671,4.437348],[-72.969739,4.437588],[-72.970155,4.438888],[-72.970215,4.439108],[-72.970235,4.439148],[-72.970353,4.439588],[-72.970413,4.439768],[-72.970413,4.439788],[-72.970353,4.439848],[-72.970213,4.439908],[-72.970034,4.439947],[-72.969975,4.439907],[-72.969895,4.439847],[-72.969796,4.439747],[-72.969656,4.439627],[-72.969358,4.439247],[-72.96906,4.439026],[-72.968304,4.438446],[-72.967787,4.438145],[-72.96715,4.437665],[-72.966832,4.437464],[-72.966513,4.437324],[-72.966354,4.437364],[-72.966215,4.437383],[-72.966075,4.437383],[-72.965916,4.437343],[-72.965697,4.437303],[-72.965438,4.437282],[-72.96514,4.437202],[-72.96496,4.437262],[-72.964801,4.437261],[-72.964701,4.437221],[-72.964562,4.437181],[-72.964443,4.437221],[-72.964263,4.437341],[-72.964144,4.43744],[-72.964084,4.43762],[-72.963944,4.4377],[-72.963844,4.4377],[-72.963725,4.43764],[-72.963327,4.437399],[-72.96279,4.437119],[-72.962611,4.437038],[-72.962472,4.436918],[-72.962392,4.436758],[-72.962412,4.436618],[-72.962492,4.436559],[-72.962632,4.436479],[-72.962791,4.436399],[-72.96309,4.4362],[-72.96313,4.43602],[-72.96321,4.4359],[-72.963549,4.435741],[-72.963648,4.435661],[-72.963748,4.435601],[-72.963907,4.435521],[-72.963947,4.435481],[-72.964087,4.435262],[-72.964247,4.435062],[-72.964307,4.434962],[-72.964307,4.434563],[-72.964287,4.434423],[-72.964308,4.434263],[-72.964407,4.434083],[-72.964487,4.433963],[-72.964527,4.433823],[-72.964567,4.433544],[-72.964607,4.433404],[-72.964647,4.433304],[-72.964727,4.433204],[-72.965006,4.433025],[-72.965445,4.432766],[-72.965485,4.432666],[-72.965505,4.432586],[-72.965585,4.432486],[-72.965644,4.432366],[-72.965765,4.432006],[-72.965825,4.431647],[-72.965925,4.431467],[-72.966005,4.431247],[-72.966005,4.431127],[-72.965886,4.430847],[-72.965866,4.430648],[-72.965866,4.430548],[-72.965886,4.430428],[-72.966225,4.429989],[-72.966385,4.429849],[-72.966544,4.429689],[-72.966744,4.42953],[-72.966784,4.42947],[-72.966784,4.42951],[-72.966863,4.42967],[-72.967202,4.430474],[-72.967439,4.43107],[-72.967558,4.43133],[-72.967736,4.431789],[-72.968292,4.433169],[-72.968403,4.433421],[-72.968451,4.433549],[-72.96851,4.433669],[-72.96857,4.433849],[-72.968748,4.434469],[-72.968768,4.434489],[-72.968788,4.434609],[-72.968827,4.434749],[-72.968827,4.434769],[-72.968946,4.435128]]]}},{"type":"Feature","properties":{"cod_bp":"B.11-P.23","bloque":11,"tono":0,"ha":6.9},"geometry":{"type":"Polygon","coordinates":[[[-72.973328,4.434636],[-72.973308,4.434576],[-72.973304,4.43458],[-72.973288,4.434516],[-72.973408,4.434416],[-72.973467,4.434376],[-72.973547,4.434276],[-72.973607,4.434156],[-72.973647,4.434116],[-72.973698,4.433942],[-72.973707,4.433937],[-72.973767,4.433697],[-72.973927,4.433177],[-72.974102,4.432514],[-72.974187,4.432258],[-72.974228,4.432059],[-72.974288,4.431859],[-72.974328,4.431759],[-72.974358,4.431639],[-72.974428,4.431419],[-72.974548,4.43096],[-72.974581,4.431027],[-72.974607,4.43112],[-72.974627,4.43114],[-72.974687,4.4314],[-72.974825,4.43184],[-72.975083,4.432779],[-72.975152,4.432999],[-72.975408,4.43389],[-72.975519,4.434299],[-72.975654,4.434741],[-72.973764,4.435935],[-72.973724,4.435975],[-72.973546,4.435395],[-72.973546,4.435355],[-72.973387,4.434856],[-72.973347,4.434755],[-72.973328,4.434636]]]}},{"type":"Feature","properties":{"cod_bp":"B.11-P.24","bloque":11,"tono":0,"ha":4.4},"geometry":{"type":"Polygon","coordinates":[[[-72.968946,4.435128],[-72.968926,4.435049],[-72.968827,4.434769],[-72.968768,4.434489],[-72.968828,4.434389],[-72.968908,4.434229],[-72.968987,4.43411],[-72.969087,4.43391],[-72.969107,4.43389],[-72.969247,4.43367],[-72.969447,4.433331],[-72.969586,4.433071],[-72.969726,4.432852],[-72.969746,4.432792],[-72.969826,4.432652],[-72.969866,4.432612],[-72.970167,4.432074],[-72.970265,4.432133],[-72.970662,4.432333],[-72.971419,4.432734],[-72.971239,4.432954],[-72.9709,4.433333],[-72.9708,4.433493],[-72.97078,4.433513],[-72.97078,4.433653],[-72.97082,4.433813],[-72.97086,4.433912],[-72.970401,4.434192],[-72.968946,4.435128]]]}},{"type":"Feature","properties":{"cod_bp":"B.11-P.25","bloque":11,"tono":0,"ha":5.0},"geometry":{"type":"Polygon","coordinates":[[[-72.973304,4.43458],[-72.973268,4.434615],[-72.973248,4.434655],[-72.972909,4.435075],[-72.97245,4.435414],[-72.972351,4.435514],[-72.972051,4.435873],[-72.971892,4.436033],[-72.971872,4.436152],[-72.971891,4.436272],[-72.971931,4.436372],[-72.971931,4.436432],[-72.97209,4.436932],[-72.972109,4.437072],[-72.972149,4.437192],[-72.972149,4.437292],[-72.972029,4.437472],[-72.971969,4.437612],[-72.972148,4.438211],[-72.971908,4.438371],[-72.971351,4.43805],[-72.971292,4.43795],[-72.971272,4.437691],[-72.971273,4.437411],[-72.971213,4.437151],[-72.971134,4.436931],[-72.970995,4.436791],[-72.970756,4.436711],[-72.970497,4.43655],[-72.970517,4.43645],[-72.970458,4.43637],[-72.970279,4.43619],[-72.970219,4.43609],[-72.970259,4.43601],[-72.970299,4.43599],[-72.970339,4.43595],[-72.970339,4.435731],[-72.970459,4.435651],[-72.970538,4.435611],[-72.970658,4.435571],[-72.970718,4.435531],[-72.970797,4.435531],[-72.970837,4.435571],[-72.970917,4.435611],[-72.971176,4.435692],[-72.971255,4.435732],[-72.971374,4.435852],[-72.971394,4.435892],[-72.971454,4.435952],[-72.971494,4.435972],[-72.971573,4.435972],[-72.971733,4.435753],[-72.971793,4.435653],[-72.971853,4.435593],[-72.971893,4.435533],[-72.972112,4.435313],[-72.972172,4.435193],[-72.972172,4.435114],[-72.972152,4.435034],[-72.972152,4.434974],[-72.972133,4.434914],[-72.972133,4.434854],[-72.972153,4.434794],[-72.972252,4.434634],[-72.972492,4.434394],[-72.972611,4.434295],[-72.972731,4.434215],[-72.972811,4.434135],[-72.97297,4.434056],[-72.97303,4.434036],[-72.97307,4.434036],[-72.973289,4.434096],[-72.973368,4.434096],[-72.973428,4.434076],[-72.973468,4.434076],[-72.973698,4.433942],[-72.973647,4.434116],[-72.973607,4.434156],[-72.973547,4.434276],[-72.973467,4.434376],[-72.973408,4.434416],[-72.973288,4.434516],[-72.973304,4.43458]]]}},{"type":"Feature","properties":{"cod_bp":"B.11-P.26","bloque":11,"tono":0,"ha":24.9},"geometry":{"type":"Polygon","coordinates":[[[-72.974,4.427802],[-72.973645,4.426908],[-72.973618,4.426821],[-72.973578,4.426741],[-72.973147,4.425655],[-72.975291,4.426784],[-72.976865,4.425807],[-72.977184,4.425707],[-72.977363,4.425608],[-72.977503,4.425408],[-72.977722,4.425188],[-72.977782,4.425069],[-72.977882,4.424929],[-72.978002,4.424829],[-72.978101,4.424769],[-72.978181,4.424709],[-72.97836,4.42461],[-72.97846,4.42461],[-72.978679,4.42457],[-72.978819,4.42453],[-72.978958,4.424471],[-72.979078,4.424431],[-72.979197,4.424411],[-72.979277,4.424491],[-72.979336,4.424631],[-72.979395,4.424911],[-72.979475,4.425171],[-72.979495,4.425271],[-72.979613,4.425691],[-72.979653,4.425791],[-72.979673,4.425931],[-72.979732,4.426131],[-72.979832,4.426391],[-72.979931,4.426551],[-72.97999,4.426691],[-72.98011,4.426871],[-72.980209,4.427111],[-72.980249,4.427171],[-72.980328,4.427331],[-72.980388,4.427391],[-72.980467,4.427451],[-72.976979,4.429704],[-72.976939,4.429684],[-72.97682,4.429644],[-72.976581,4.429584],[-72.976223,4.429463],[-72.975884,4.429363],[-72.975785,4.429343],[-72.975327,4.429202],[-72.975168,4.429162],[-72.975009,4.429102],[-72.974431,4.428947],[-72.974392,4.428841],[-72.974332,4.428641],[-72.974252,4.428453],[-72.974,4.427802]]]}},{"type":"Feature","properties":{"cod_bp":"B.11-P.27","bloque":11,"tono":0,"ha":43.0},"geometry":{"type":"Polygon","coordinates":[[[-72.988143,4.448548],[-72.988189,4.447765],[-72.989898,4.446531],[-72.989858,4.446691],[-72.989838,4.446851],[-72.989838,4.446911],[-72.989798,4.446991],[-72.989758,4.447131],[-72.989698,4.447251],[-72.989678,4.447351],[-72.989618,4.44755],[-72.989638,4.44761],[-72.989638,4.44765],[-72.989698,4.44773],[-72.989777,4.44781],[-72.990115,4.448071],[-72.99107,4.448752],[-72.99111,4.448832],[-72.991109,4.449071],[-72.991129,4.449231],[-72.990989,4.449511],[-72.991009,4.449571],[-72.991009,4.449711],[-72.991069,4.449811],[-72.991168,4.449831],[-72.991248,4.449831],[-72.991467,4.449891],[-72.991586,4.449912],[-72.991765,4.449912],[-72.991925,4.449892],[-72.992104,4.449832],[-72.992662,4.449493],[-72.993061,4.449274],[-72.993439,4.449215],[-72.993539,4.449155],[-72.993559,4.449055],[-72.994037,4.449296],[-72.994275,4.449496],[-72.994414,4.449596],[-72.994593,4.449696],[-72.994723,4.449752],[-72.994771,4.450736],[-72.994806,4.451836],[-72.99467,4.451895],[-72.99461,4.452015],[-72.99457,4.452114],[-72.99451,4.452194],[-72.99447,4.452314],[-72.99441,4.452434],[-72.994331,4.452494],[-72.994271,4.452574],[-72.994211,4.452733],[-72.994191,4.452853],[-72.994111,4.453053],[-72.994071,4.453173],[-72.993991,4.453273],[-72.993891,4.453373],[-72.993772,4.453452],[-72.993612,4.453532],[-72.993512,4.453632],[-72.993373,4.453692],[-72.993234,4.453771],[-72.993154,4.453831],[-72.993094,4.453891],[-72.992974,4.453991],[-72.992895,4.454031],[-72.992795,4.45413],[-72.992496,4.45429],[-72.992416,4.45435],[-72.992157,4.454449],[-72.992037,4.454649],[-72.991958,4.454729],[-72.991818,4.454949],[-72.991738,4.455048],[-72.991518,4.455488],[-72.991478,4.455588],[-72.991518,4.455748],[-72.991597,4.455947],[-72.991557,4.456087],[-72.991557,4.456167],[-72.991477,4.456367],[-72.991477,4.456447],[-72.991437,4.456547],[-72.991417,4.456647],[-72.991337,4.456727],[-72.991278,4.456766],[-72.991099,4.456706],[-72.991039,4.456766],[-72.990979,4.456806],[-72.990919,4.456886],[-72.990879,4.456966],[-72.990859,4.457026],[-72.990846,4.457039],[-72.990082,4.457124],[-72.989983,4.457144],[-72.989983,4.456865],[-72.990023,4.456785],[-72.990043,4.456665],[-72.990043,4.456565],[-72.990063,4.456425],[-72.990064,4.456285],[-72.990144,4.455806],[-72.990323,4.455626],[-72.990423,4.455546],[-72.990483,4.455446],[-72.990543,4.455386],[-72.990623,4.455287],[-72.990683,4.455187],[-72.990782,4.455087],[-72.990842,4.454987],[-72.990902,4.454907],[-72.990942,4.454807],[-72.991022,4.454727],[-72.991082,4.454608],[-72.991101,4.454608],[-72.991221,4.454468],[-72.991361,4.454348],[-72.991461,4.454229],[-72.99178,4.453909],[-72.992019,4.45369],[-72.992168,4.45354],[-72.992278,4.45345],[-72.992372,4.453346],[-72.992517,4.453211],[-72.992936,4.452792],[-72.990309,4.451609],[-72.990207,4.453607],[-72.990207,4.453767],[-72.988193,4.455243],[-72.987795,4.455023],[-72.987918,4.452545],[-72.987959,4.452185],[-72.98798,4.451325],[-72.988061,4.450046],[-72.988143,4.448548]]]}},{"type":"Feature","properties":{"cod_bp":"B.11-P.3","bloque":11,"tono":0,"ha":19.6},"geometry":{"type":"Polygon","coordinates":[[[-72.974972,4.454085],[-72.974952,4.454105],[-72.974892,4.453965],[-72.974853,4.453925],[-72.974773,4.453785],[-72.974773,4.453745],[-72.974754,4.453705],[-72.974754,4.453625],[-72.974834,4.453485],[-72.974853,4.453465],[-72.974854,4.453325],[-72.974834,4.452945],[-72.974816,4.452166],[-72.974816,4.451766],[-72.974739,4.450107],[-72.974719,4.449887],[-72.97472,4.449388],[-72.974643,4.447429],[-72.974625,4.446409],[-72.974567,4.44505],[-72.976379,4.444993],[-72.976398,4.446112],[-72.976418,4.446537],[-72.976455,4.447711],[-72.976455,4.448011],[-72.976473,4.44871],[-72.976607,4.452788],[-72.976665,4.453827],[-72.976247,4.453887],[-72.975928,4.453946],[-72.974972,4.454085]]]}},{"type":"Feature","properties":{"cod_bp":"B.11-P.37","bloque":11,"tono":0,"ha":9.6},"geometry":{"type":"Polygon","coordinates":[[[-72.978213,4.430086],[-72.977457,4.429845],[-72.976979,4.429704],[-72.978813,4.428528],[-72.980467,4.427451],[-72.980467,4.427471],[-72.980626,4.427591],[-72.980865,4.427751],[-72.980885,4.427771],[-72.981144,4.427951],[-72.981283,4.428032],[-72.981442,4.428112],[-72.981581,4.428232],[-72.981681,4.428352],[-72.98174,4.428452],[-72.980742,4.430049],[-72.980283,4.430748],[-72.980223,4.430828],[-72.980164,4.430788],[-72.980084,4.430748],[-72.979965,4.430648],[-72.979726,4.430588],[-72.978691,4.430226],[-72.978213,4.430086]]]}},{"type":"Feature","properties":{"cod_bp":"B.11-P.4","bloque":11,"tono":0,"ha":24.8},"geometry":{"type":"Polygon","coordinates":[[[-72.977163,4.453748],[-72.976844,4.453788],[-72.976665,4.453827],[-72.976607,4.452768],[-72.976495,4.449335],[-72.976455,4.447891],[-72.976456,4.447311],[-72.976418,4.446537],[-72.976398,4.445892],[-72.976379,4.444793],[-72.97636,4.444254],[-72.976361,4.443734],[-72.976342,4.443524],[-72.976481,4.443514],[-72.97668,4.443454],[-72.976959,4.443435],[-72.977059,4.443455],[-72.977118,4.443475],[-72.977218,4.443635],[-72.977396,4.443875],[-72.977556,4.444035],[-72.977854,4.444495],[-72.977993,4.444675],[-72.978132,4.444896],[-72.978291,4.445116],[-72.978887,4.445996],[-72.978924,4.448054],[-72.978962,4.448834],[-72.978962,4.449134],[-72.978942,4.449414],[-72.978902,4.449613],[-72.978802,4.449773],[-72.978263,4.450172],[-72.978224,4.450212],[-72.978338,4.45343],[-72.978338,4.453557],[-72.977163,4.453748]]]}},{"type":"Feature","properties":{"cod_bp":"B.11-P.5","bloque":11,"tono":0,"ha":9.7},"geometry":{"type":"Polygon","coordinates":[[[-72.978378,4.45355],[-72.978338,4.453557],[-72.978338,4.45343],[-72.978224,4.450212],[-72.978263,4.450172],[-72.978802,4.449773],[-72.978902,4.449613],[-72.978942,4.449414],[-72.978962,4.449134],[-72.978962,4.449014],[-72.980195,4.448298],[-72.980197,4.449156],[-72.980255,4.450075],[-72.980255,4.450275],[-72.980293,4.451054],[-72.980293,4.451274],[-72.980332,4.451774],[-72.980352,4.452134],[-72.979594,4.452832],[-72.978916,4.453431],[-72.978836,4.453491],[-72.978637,4.45353],[-72.978378,4.45355]]]}},{"type":"Feature","properties":{"cod_bp":"B.11-P.6","bloque":11,"tono":0,"ha":15.4},"geometry":{"type":"Polygon","coordinates":[[[-72.980024,4.444858],[-72.9809,4.44482],[-72.981079,4.44482],[-72.981358,4.4448],[-72.981696,4.444801],[-72.981896,4.444781],[-72.981973,4.44602],[-72.982032,4.44722],[-72.982073,4.447823],[-72.982206,4.450557],[-72.982206,4.450698],[-72.981468,4.451216],[-72.981209,4.451376],[-72.981109,4.451475],[-72.98093,4.451595],[-72.980431,4.452034],[-72.980352,4.452134],[-72.980255,4.450275],[-72.980255,4.450075],[-72.980197,4.449156],[-72.980198,4.448296],[-72.980139,4.447617],[-72.980081,4.446157],[-72.980024,4.444978],[-72.980024,4.444858]]]}},{"type":"Feature","properties":{"cod_bp":"B.11-P.60","bloque":11,"tono":0,"ha":14.4},"geometry":{"type":"Polygon","coordinates":[[[-72.987775,4.455362],[-72.987795,4.455023],[-72.988193,4.455243],[-72.990207,4.453767],[-72.990207,4.453607],[-72.990309,4.451609],[-72.992936,4.452792],[-72.992657,4.453051],[-72.992458,4.453251],[-72.992372,4.453346],[-72.992168,4.45354],[-72.992059,4.45363],[-72.991859,4.453829],[-72.99178,4.453889],[-72.99168,4.454009],[-72.991421,4.454268],[-72.991361,4.454348],[-72.991281,4.454408],[-72.991082,4.454608],[-72.991022,4.454707],[-72.990942,4.454807],[-72.990902,4.454907],[-72.990842,4.454987],[-72.990782,4.455087],[-72.990683,4.455187],[-72.990623,4.455287],[-72.990483,4.455446],[-72.990423,4.455546],[-72.990323,4.455626],[-72.990144,4.455806],[-72.990104,4.456005],[-72.990043,4.456445],[-72.990043,4.456665],[-72.990023,4.456785],[-72.989983,4.456865],[-72.989983,4.457144],[-72.989764,4.457164],[-72.98941,4.457212],[-72.989186,4.457223],[-72.988996,4.457258],[-72.98831,4.457322],[-72.98811,4.457362],[-72.987832,4.457401],[-72.987692,4.457401],[-72.987652,4.457361],[-72.987653,4.457161],[-72.987713,4.456542],[-72.987713,4.456422],[-72.987734,4.456282],[-72.987775,4.455362]]]}},{"type":"Feature","properties":{"cod_bp":"B.11-P.7","bloque":11,"tono":0,"ha":14.4},"geometry":{"type":"Polygon","coordinates":[[[-72.982058,4.447598],[-72.982032,4.44718],[-72.981954,4.445601],[-72.981896,4.444781],[-72.982154,4.444781],[-72.982428,4.444767],[-72.982792,4.444762],[-72.983289,4.444743],[-72.983588,4.444744],[-72.983748,4.444764],[-72.983807,4.444804],[-72.983827,4.444864],[-72.983827,4.445323],[-72.983846,4.445443],[-72.983966,4.445524],[-72.984105,4.445584],[-72.984184,4.445644],[-72.984503,4.445804],[-72.984602,4.446124],[-72.984681,4.446324],[-72.984899,4.446944],[-72.984939,4.447084],[-72.984939,4.447184],[-72.984899,4.447284],[-72.98438,4.448102],[-72.984001,4.448641],[-72.983941,4.448761],[-72.983222,4.449999],[-72.983142,4.450079],[-72.983063,4.450139],[-72.982744,4.450338],[-72.982206,4.450698],[-72.982206,4.450538],[-72.98209,4.448019],[-72.982058,4.447598]]]}},{"type":"Feature","properties":{"cod_bp":"B.11-P.9","bloque":11,"tono":0,"ha":26.2},"geometry":{"type":"Polygon","coordinates":[[[-72.982428,4.444767],[-72.981896,4.444781],[-72.981876,4.444261],[-72.98178,4.442502],[-72.98178,4.442263],[-72.981741,4.441343],[-72.981664,4.439844],[-72.981588,4.437565],[-72.981606,4.437419],[-72.982669,4.438104],[-72.982941,4.438287],[-72.983557,4.438668],[-72.983736,4.438788],[-72.983796,4.438988],[-72.983895,4.439188],[-72.983994,4.439428],[-72.983954,4.439648],[-72.983775,4.439827],[-72.983874,4.440027],[-72.984033,4.440187],[-72.984112,4.440487],[-72.984191,4.440867],[-72.984271,4.441027],[-72.984151,4.441287],[-72.984171,4.441407],[-72.98431,4.441547],[-72.984429,4.441507],[-72.984708,4.441447],[-72.984828,4.441508],[-72.985007,4.441528],[-72.985086,4.441688],[-72.985186,4.441848],[-72.985265,4.442028],[-72.985424,4.442328],[-72.985483,4.442508],[-72.985583,4.442728],[-72.985761,4.443088],[-72.98588,4.443388],[-72.98592,4.443668],[-72.985939,4.443987],[-72.98582,4.444087],[-72.985799,4.444287],[-72.98562,4.444467],[-72.985421,4.444586],[-72.98556,4.444706],[-72.9856,4.444846],[-72.985619,4.445006],[-72.985479,4.445166],[-72.98526,4.445346],[-72.985061,4.445405],[-72.984623,4.445584],[-72.984563,4.445664],[-72.984503,4.445724],[-72.984503,4.445804],[-72.984184,4.445624],[-72.983846,4.445443],[-72.983827,4.445244],[-72.983827,4.444864],[-72.983807,4.444804],[-72.983748,4.444764],[-72.983588,4.444744],[-72.98313,4.444743],[-72.982428,4.444767]]]}},{"type":"Feature","properties":{"cod_bp":"B.12-P.1","bloque":12,"tono":1,"ha":8.5},"geometry":{"type":"Polygon","coordinates":[[[-72.988088,4.44525],[-72.98773,4.445149],[-72.987371,4.445109],[-72.986854,4.445028],[-72.986774,4.445028],[-72.986814,4.444928],[-72.986874,4.444868],[-72.986954,4.444808],[-72.986974,4.444748],[-72.987253,4.444269],[-72.987752,4.44391],[-72.98817,4.443411],[-72.98819,4.443351],[-72.988191,4.443251],[-72.988171,4.443171],[-72.987714,4.442071],[-72.987655,4.441871],[-72.990781,4.441876],[-72.990043,4.443054],[-72.989364,4.444072],[-72.989244,4.444272],[-72.988965,4.444691],[-72.988666,4.445131],[-72.988466,4.44541],[-72.988446,4.44543],[-72.988406,4.44545],[-72.988367,4.44545],[-72.988247,4.44537],[-72.988168,4.44529],[-72.988088,4.44525]]]}},{"type":"Feature","properties":{"cod_bp":"B.12-P.2","bloque":12,"tono":1,"ha":5.3},"geometry":{"type":"Polygon","coordinates":[[[-72.987457,4.441292],[-72.987457,4.440992],[-72.987517,4.440692],[-72.987517,4.440632],[-72.991022,4.440637],[-72.991022,4.441057],[-72.991041,4.441237],[-72.991021,4.441377],[-72.990921,4.441596],[-72.990841,4.441796],[-72.990781,4.441876],[-72.987655,4.441871],[-72.987457,4.441292]]]}},{"type":"Feature","properties":{"cod_bp":"B.12-P.3","bloque":12,"tono":1,"ha":5.2},"geometry":{"type":"Polygon","coordinates":[[[-72.990904,4.439438],[-72.990964,4.439438],[-72.990984,4.439478],[-72.991004,4.439618],[-72.991003,4.440357],[-72.991022,4.440637],[-72.987517,4.440632],[-72.987597,4.440332],[-72.987597,4.440312],[-72.98728,4.439432],[-72.990904,4.439438]]]}},{"type":"Feature","properties":{"cod_bp":"B.12-P.4","bloque":12,"tono":1,"ha":7.2},"geometry":{"type":"Polygon","coordinates":[[[-72.986723,4.438932],[-72.985887,4.438631],[-72.985848,4.438611],[-72.985828,4.438611],[-72.985708,4.438651],[-72.984911,4.439089],[-72.984472,4.439349],[-72.984374,4.438429],[-72.984335,4.438269],[-72.990567,4.438278],[-72.990587,4.438398],[-72.990647,4.438618],[-72.990646,4.438698],[-72.990686,4.438798],[-72.990706,4.438938],[-72.990746,4.439038],[-72.990805,4.439158],[-72.990904,4.439318],[-72.990964,4.439398],[-72.990964,4.439438],[-72.98728,4.439432],[-72.987181,4.439192],[-72.987022,4.439072],[-72.986902,4.439012],[-72.986783,4.438972],[-72.986723,4.438932]]]}},{"type":"Feature","properties":{"cod_bp":"B.12-P.5","bloque":12,"tono":1,"ha":25.4},"geometry":{"type":"Polygon","coordinates":[[[-72.980076,4.436304],[-72.980296,4.435825],[-72.988639,4.435837],[-72.988679,4.435857],[-72.989256,4.436257],[-72.989276,4.436278],[-72.989296,4.436318],[-72.989454,4.436817],[-72.989494,4.436917],[-72.989534,4.436977],[-72.989574,4.437017],[-72.989753,4.437158],[-72.989812,4.437218],[-72.989832,4.437298],[-72.989872,4.437358],[-72.989892,4.437478],[-72.989931,4.437598],[-72.99011,4.437778],[-72.990508,4.438218],[-72.990548,4.438278],[-72.982921,4.438267],[-72.982165,4.437766],[-72.981606,4.437417],[-72.981608,4.437406],[-72.98115,4.437125],[-72.980394,4.436644],[-72.980155,4.436504],[-72.980096,4.436444],[-72.980076,4.436384],[-72.980076,4.436304]]]}},{"type":"Feature","properties":{"cod_bp":"B.12-P.6","bloque":12,"tono":1,"ha":20.3},"geometry":{"type":"Polygon","coordinates":[[[-72.981434,4.433548],[-72.981414,4.433408],[-72.986154,4.433415],[-72.986413,4.433255],[-72.986592,4.433156],[-72.987627,4.433957],[-72.987666,4.434037],[-72.987863,4.435556],[-72.987863,4.435596],[-72.987883,4.435636],[-72.987983,4.435676],[-72.988122,4.435696],[-72.988401,4.435717],[-72.98848,4.435737],[-72.988639,4.435837],[-72.980296,4.435825],[-72.980655,4.435086],[-72.981294,4.433928],[-72.981334,4.433848],[-72.981434,4.433548]]]}},{"type":"Feature","properties":{"cod_bp":"B.12-P.7","bloque":12,"tono":1,"ha":4.8},"geometry":{"type":"Polygon","coordinates":[[[-72.986154,4.433415],[-72.984401,4.433412],[-72.985102,4.430715],[-72.985202,4.430735],[-72.986117,4.431256],[-72.986177,4.431296],[-72.986216,4.431376],[-72.986236,4.431456],[-72.986433,4.432896],[-72.986453,4.432996],[-72.986473,4.433056],[-72.986513,4.433116],[-72.986592,4.433156],[-72.986413,4.433255],[-72.986154,4.433415]]]}},{"type":"Feature","properties":{"cod_bp":"B.12-P.8","bloque":12,"tono":1,"ha":9.9},"geometry":{"type":"Polygon","coordinates":[[[-72.984401,4.433412],[-72.981594,4.433408],[-72.981597,4.43099],[-72.984226,4.430994],[-72.983868,4.430554],[-72.983768,4.430414],[-72.983729,4.430373],[-72.983689,4.430274],[-72.983649,4.430213],[-72.985102,4.430715],[-72.984401,4.433412]]]}},{"type":"Feature","properties":{"cod_bp":"B.12-P.9","bloque":12,"tono":1,"ha":10.4},"geometry":{"type":"Polygon","coordinates":[[[-72.981396,4.432389],[-72.979968,4.431171],[-72.980283,4.430748],[-72.980742,4.430049],[-72.98198,4.428092],[-72.982478,4.428073],[-72.983094,4.428454],[-72.983174,4.428654],[-72.983253,4.428794],[-72.983312,4.429094],[-72.983292,4.429573],[-72.983332,4.429594],[-72.983649,4.430213],[-72.983689,4.430274],[-72.983729,4.430373],[-72.983768,4.430414],[-72.983868,4.430554],[-72.984226,4.430994],[-72.981597,4.43099],[-72.981594,4.433408],[-72.981414,4.433408],[-72.981395,4.433168],[-72.981396,4.432389]]]}},{"type":"Feature","properties":{"cod_bp":"B.13-P.1","bloque":13,"tono":3,"ha":26.4},"geometry":{"type":"Polygon","coordinates":[[[-72.994623,4.470902],[-72.994623,4.471002],[-72.989965,4.469216],[-72.989946,4.468636],[-72.990006,4.468577],[-72.990013,4.46358],[-72.992642,4.463584],[-72.99328,4.463245],[-72.993277,4.465324],[-72.9924,4.465842],[-72.992398,4.466681],[-72.992418,4.466701],[-72.992458,4.466722],[-72.992637,4.466682],[-72.992996,4.466682],[-72.992993,4.468541],[-72.994936,4.469659],[-72.994743,4.470202],[-72.994643,4.470682],[-72.994623,4.470902]]]}},{"type":"Feature","properties":{"cod_bp":"B.13-P.10","bloque":13,"tono":3,"ha":15.7},"geometry":{"type":"Polygon","coordinates":[[[-72.988307,4.44547],[-72.988327,4.44551],[-72.988327,4.44561],[-72.988306,4.44569],[-72.988265,4.446589],[-72.988184,4.447768],[-72.98798,4.451325],[-72.987959,4.452185],[-72.987918,4.452545],[-72.987734,4.456282],[-72.987713,4.456422],[-72.987634,4.456341],[-72.987575,4.456062],[-72.987495,4.455782],[-72.987495,4.455722],[-72.987396,4.455801],[-72.987336,4.455762],[-72.987256,4.455801],[-72.987157,4.455741],[-72.987098,4.455541],[-72.987058,4.455361],[-72.986959,4.455061],[-72.986919,4.454742],[-72.98686,4.454542],[-72.986801,4.454302],[-72.986741,4.454142],[-72.986642,4.453942],[-72.986542,4.453802],[-72.986443,4.453702],[-72.986224,4.453501],[-72.986026,4.453161],[-72.985966,4.453001],[-72.985927,4.452801],[-72.985928,4.451522],[-72.985949,4.451342],[-72.985949,4.451203],[-72.985909,4.450903],[-72.985969,4.450623],[-72.986009,4.450483],[-72.986089,4.450323],[-72.986189,4.450164],[-72.986309,4.450024],[-72.986389,4.449904],[-72.986469,4.449744],[-72.986548,4.449605],[-72.986648,4.449505],[-72.986788,4.449405],[-72.986927,4.449405],[-72.987086,4.449425],[-72.987226,4.449326],[-72.987346,4.449186],[-72.987565,4.449046],[-72.987525,4.448827],[-72.987526,4.448647],[-72.987586,4.448487],[-72.987665,4.448347],[-72.987745,4.448147],[-72.987766,4.447907],[-72.987806,4.447768],[-72.987746,4.447588],[-72.987707,4.447368],[-72.987548,4.447088],[-72.987588,4.446588],[-72.987589,4.446368],[-72.98753,4.445649],[-72.98755,4.445509],[-72.98765,4.445249],[-72.98771,4.445149],[-72.988088,4.44525],[-72.988168,4.44529],[-72.988247,4.44537],[-72.988264,4.445396],[-72.988247,4.44539],[-72.988287,4.44543],[-72.988307,4.44547]]]}},{"type":"Feature","properties":{"cod_bp":"B.13-P.2","bloque":13,"tono":3,"ha":19.6},"geometry":{"type":"Polygon","coordinates":[[[-72.994963,4.469583],[-72.994936,4.469659],[-72.992993,4.468541],[-72.992996,4.466682],[-72.992637,4.466682],[-72.992458,4.466722],[-72.992418,4.466701],[-72.992398,4.466681],[-72.9924,4.465842],[-72.993277,4.465324],[-72.99328,4.463245],[-72.995304,4.462073],[-72.995525,4.466566],[-72.995642,4.468565],[-72.995642,4.468645],[-72.995602,4.468745],[-72.994963,4.469583]]]}},{"type":"Feature","properties":{"cod_bp":"B.13-P.3","bloque":13,"tono":3,"ha":13.5},"geometry":{"type":"Polygon","coordinates":[[[-72.993362,4.461107],[-72.995268,4.461109],[-72.995304,4.462073],[-72.99328,4.463245],[-72.992642,4.463584],[-72.990013,4.46358],[-72.990017,4.461122],[-72.993163,4.461126],[-72.993223,4.461106],[-72.993362,4.461107]]]}},{"type":"Feature","properties":{"cod_bp":"B.13-P.4","bloque":13,"tono":3,"ha":8.7},"geometry":{"type":"Polygon","coordinates":[[[-72.995223,4.460105],[-72.995268,4.461109],[-72.993223,4.461106],[-72.993228,4.457329],[-72.994622,4.457591],[-72.995107,4.457669],[-72.995223,4.460105]]]}},{"type":"Feature","properties":{"cod_bp":"B.13-P.5","bloque":13,"tono":3,"ha":12.1},"geometry":{"type":"Polygon","coordinates":[[[-72.990022,4.457624],[-72.990081,4.457133],[-72.990839,4.457046],[-72.990846,4.457039],[-72.990959,4.457026],[-72.991118,4.457186],[-72.991197,4.457286],[-72.991197,4.457686],[-72.991216,4.457846],[-72.991216,4.457966],[-72.991196,4.458106],[-72.991136,4.458185],[-72.991076,4.458325],[-72.991096,4.458425],[-72.991135,4.458765],[-72.991175,4.458885],[-72.991175,4.459005],[-72.991195,4.459165],[-72.991174,4.459305],[-72.991174,4.459465],[-72.991035,4.459544],[-72.990855,4.459624],[-72.990218,4.459863],[-72.990038,4.459903],[-72.990038,4.460122],[-72.990197,4.460063],[-72.990237,4.460143],[-72.990297,4.460203],[-72.990337,4.460283],[-72.990396,4.460343],[-72.990536,4.460343],[-72.990635,4.460363],[-72.990735,4.460423],[-72.991033,4.460424],[-72.991572,4.460125],[-72.99217,4.459746],[-72.99211,4.459526],[-72.99211,4.459246],[-72.992071,4.459066],[-72.991972,4.458886],[-72.991892,4.458686],[-72.991853,4.458426],[-72.991773,4.458326],[-72.991714,4.458186],[-72.991695,4.457427],[-72.991695,4.457167],[-72.991735,4.457067],[-72.993228,4.457329],[-72.993223,4.461106],[-72.993044,4.461126],[-72.990017,4.461122],[-72.990022,4.457624]]]}},{"type":"Feature","properties":{"cod_bp":"B.13-P.6","bloque":13,"tono":3,"ha":23.7},"geometry":{"type":"Polygon","coordinates":[[[-72.989422,4.459122],[-72.99002,4.458643],[-72.990006,4.468577],[-72.989946,4.468636],[-72.98721,4.466939],[-72.986982,4.466214],[-72.986798,4.465666],[-72.98796,4.464996],[-72.987987,4.460159],[-72.989024,4.459461],[-72.989422,4.459122]]]}},{"type":"Feature","properties":{"cod_bp":"B.13-P.7","bloque":13,"tono":3,"ha":10.3},"geometry":{"type":"Polygon","coordinates":[[[-72.98695,4.461057],[-72.987987,4.460159],[-72.98796,4.464996],[-72.986798,4.465666],[-72.986586,4.465034],[-72.986255,4.464155],[-72.986209,4.464014],[-72.98609,4.463714],[-72.985753,4.462714],[-72.985576,4.462168],[-72.985674,4.461855],[-72.985675,4.461835],[-72.986073,4.461616],[-72.986551,4.461336],[-72.98695,4.461057]]]}},{"type":"Feature","properties":{"cod_bp":"B.13-P.8","bloque":13,"tono":3,"ha":18.2},"geometry":{"type":"Polygon","coordinates":[[[-72.987674,4.456381],[-72.987713,4.456422],[-72.987713,4.456542],[-72.987653,4.457161],[-72.987652,4.457361],[-72.987692,4.457401],[-72.987832,4.457401],[-72.98813,4.457362],[-72.988329,4.457322],[-72.988389,4.457322],[-72.988553,4.4573],[-72.989525,4.457204],[-72.989643,4.457184],[-72.990081,4.457133],[-72.990022,4.457624],[-72.99002,4.458643],[-72.989422,4.459122],[-72.989024,4.459461],[-72.987987,4.460159],[-72.98695,4.461057],[-72.986551,4.461336],[-72.986073,4.461616],[-72.985675,4.461835],[-72.985674,4.461855],[-72.985576,4.462168],[-72.985436,4.461715],[-72.985277,4.461255],[-72.98498,4.460295],[-72.984603,4.459195],[-72.984703,4.459115],[-72.985161,4.458916],[-72.98534,4.458916],[-72.985559,4.458877],[-72.985759,4.458817],[-72.985998,4.458678],[-72.986297,4.458338],[-72.986476,4.458179],[-72.986656,4.458059],[-72.986795,4.457899],[-72.986816,4.457659],[-72.986876,4.4573],[-72.986896,4.45696],[-72.986936,4.45682],[-72.987076,4.456501],[-72.987077,4.455961],[-72.987157,4.455741],[-72.987256,4.455801],[-72.987336,4.455762],[-72.987396,4.455801],[-72.987495,4.455722],[-72.987495,4.455782],[-72.987575,4.456062],[-72.987634,4.456341],[-72.987674,4.456381]]]}},{"type":"Feature","properties":{"cod_bp":"B.13-P.9","bloque":13,"tono":3,"ha":11.3},"geometry":{"type":"Polygon","coordinates":[[[-72.994622,4.457591],[-72.993228,4.457329],[-72.991735,4.457067],[-72.991715,4.456987],[-72.991716,4.456667],[-72.991776,4.456527],[-72.991776,4.456108],[-72.991817,4.455888],[-72.991817,4.455588],[-72.991917,4.455408],[-72.992136,4.455209],[-72.992375,4.455089],[-72.992874,4.45475],[-72.993372,4.454451],[-72.99383,4.454212],[-72.994408,4.453953],[-72.994767,4.453834],[-72.994886,4.453834],[-72.994906,4.453994],[-72.995003,4.455493],[-72.995022,4.456292],[-72.995107,4.457669],[-72.994622,4.457591]]]}},{"type":"Feature","properties":{"cod_bp":"B.14-P.1","bloque":14,"tono":2,"ha":5.3},"geometry":{"type":"Polygon","coordinates":[[[-72.978561,4.532716],[-72.980773,4.53232],[-72.980531,4.534438],[-72.980531,4.534518],[-72.98051,4.534538],[-72.98051,4.534558],[-72.980451,4.534618],[-72.980331,4.534658],[-72.980172,4.534697],[-72.980032,4.534717],[-72.979813,4.534777],[-72.979295,4.534896],[-72.978956,4.534955],[-72.978601,4.532978],[-72.978561,4.532716]]]}},{"type":"Feature","properties":{"cod_bp":"B.14-P.10","bloque":14,"tono":2,"ha":8.8},"geometry":{"type":"Polygon","coordinates":[[[-72.978186,4.530717],[-72.974979,4.531312],[-72.974959,4.531292],[-72.97482,4.531032],[-72.974502,4.530332],[-72.974105,4.529432],[-72.974085,4.529412],[-72.97783,4.528718],[-72.978186,4.530717]]]}},{"type":"Feature","properties":{"cod_bp":"B.14-P.11","bloque":14,"tono":2,"ha":9.9},"geometry":{"type":"Polygon","coordinates":[[[-72.977475,4.526719],[-72.97783,4.528718],[-72.974085,4.529412],[-72.973926,4.529032],[-72.973827,4.528832],[-72.973748,4.528432],[-72.973689,4.528212],[-72.97361,4.527493],[-72.97363,4.527453],[-72.97363,4.527413],[-72.977475,4.526719]]]}},{"type":"Feature","properties":{"cod_bp":"B.14-P.12","bloque":14,"tono":2,"ha":12.6},"geometry":{"type":"Polygon","coordinates":[[[-72.976426,4.52214],[-72.976546,4.522001],[-72.976625,4.521981],[-72.976764,4.522721],[-72.977475,4.526719],[-72.97363,4.527413],[-72.97363,4.527313],[-72.97365,4.527233],[-72.97367,4.527093],[-72.97375,4.526873],[-72.97389,4.526534],[-72.97403,4.526014],[-72.97441,4.525295],[-72.97445,4.525255],[-72.97451,4.525136],[-72.97457,4.524916],[-72.97467,4.524776],[-72.975208,4.524317],[-72.975328,4.524197],[-72.975387,4.524077],[-72.975428,4.523898],[-72.975547,4.523738],[-72.975687,4.523658],[-72.975926,4.523659],[-72.976005,4.523639],[-72.976085,4.523579],[-72.976125,4.523519],[-72.976145,4.523439],[-72.976125,4.523359],[-72.976126,4.523219],[-72.976086,4.523019],[-72.976106,4.522879],[-72.976126,4.522819],[-72.976126,4.522799],[-72.976166,4.5227],[-72.976166,4.52266],[-72.976206,4.52254],[-72.976346,4.52224],[-72.976426,4.52214]]]}},{"type":"Feature","properties":{"cod_bp":"B.14-P.13","bloque":14,"tono":2,"ha":6.5},"geometry":{"type":"Polygon","coordinates":[[[-72.973803,4.53155],[-72.973465,4.53161],[-72.97289,4.52963],[-72.972295,4.527651],[-72.97363,4.527413],[-72.97363,4.527453],[-72.97361,4.527493],[-72.973689,4.528212],[-72.973748,4.528432],[-72.973827,4.528832],[-72.973926,4.529032],[-72.974085,4.529412],[-72.974105,4.529432],[-72.974502,4.530332],[-72.97482,4.531032],[-72.974959,4.531292],[-72.974979,4.531312],[-72.974919,4.531332],[-72.974839,4.531372],[-72.974799,4.531372],[-72.974162,4.531491],[-72.973803,4.53155]]]}},{"type":"Feature","properties":{"cod_bp":"B.14-P.14","bloque":14,"tono":2,"ha":15.1},"geometry":{"type":"Polygon","coordinates":[[[-72.97363,4.527313],[-72.97363,4.527413],[-72.972295,4.527651],[-72.971155,4.52373],[-72.976121,4.52282],[-72.976086,4.523019],[-72.976126,4.523219],[-72.976125,4.523359],[-72.976145,4.523439],[-72.976125,4.523519],[-72.976085,4.523579],[-72.976005,4.523639],[-72.975926,4.523659],[-72.975687,4.523658],[-72.975547,4.523738],[-72.975428,4.523898],[-72.975387,4.524077],[-72.975328,4.524197],[-72.975208,4.524317],[-72.97467,4.524776],[-72.97457,4.524916],[-72.97451,4.525136],[-72.97445,4.525255],[-72.97441,4.525295],[-72.97403,4.526014],[-72.97389,4.526534],[-72.97375,4.526873],[-72.97367,4.527093],[-72.97363,4.527313]]]}},{"type":"Feature","properties":{"cod_bp":"B.14-P.15","bloque":14,"tono":2,"ha":14.2},"geometry":{"type":"Polygon","coordinates":[[[-72.977801,4.521243],[-72.977104,4.521722],[-72.976884,4.521861],[-72.976665,4.521941],[-72.976546,4.522001],[-72.976346,4.52224],[-72.976206,4.52254],[-72.976166,4.52266],[-72.976166,4.5227],[-72.976121,4.52282],[-72.971149,4.523711],[-72.971027,4.523292],[-72.971107,4.523192],[-72.971346,4.522952],[-72.971925,4.522314],[-72.972204,4.521994],[-72.972523,4.521655],[-72.972763,4.521376],[-72.979297,4.520206],[-72.977801,4.521243]]]}},{"type":"Feature","properties":{"cod_bp":"B.14-P.16","bloque":14,"tono":2,"ha":20.3},"geometry":{"type":"Polygon","coordinates":[[[-72.979297,4.520206],[-72.972763,4.521376],[-72.973181,4.520936],[-72.9737,4.520378],[-72.9739,4.520138],[-72.974378,4.519659],[-72.975415,4.518501],[-72.975675,4.518222],[-72.975814,4.518082],[-72.976094,4.517743],[-72.976313,4.517543],[-72.976413,4.517404],[-72.976792,4.517004],[-72.977688,4.517126],[-72.977867,4.517266],[-72.978006,4.517286],[-72.978405,4.517287],[-72.978544,4.517327],[-72.978723,4.517427],[-72.978902,4.517647],[-72.97924,4.517887],[-72.979737,4.518308],[-72.980473,4.519388],[-72.980433,4.519408],[-72.979297,4.520206]]]}},{"type":"Feature","properties":{"cod_bp":"B.14-P.17","bloque":14,"tono":2,"ha":15.8},"geometry":{"type":"Polygon","coordinates":[[[-72.974733,4.535869],[-72.974753,4.535948],[-72.973179,4.536326],[-72.97294,4.536086],[-72.9729,4.536026],[-72.972722,4.535806],[-72.972622,4.535745],[-72.972144,4.535405],[-72.971926,4.535105],[-72.971727,4.534885],[-72.971429,4.534585],[-72.97129,4.534285],[-72.971051,4.533984],[-72.970912,4.533784],[-72.970693,4.533584],[-72.970554,4.533424],[-72.970395,4.533224],[-72.970256,4.533084],[-72.970157,4.532964],[-72.969998,4.532744],[-72.969878,4.532524],[-72.969799,4.532284],[-72.973465,4.53161],[-72.974733,4.535869]]]}},{"type":"Feature","properties":{"cod_bp":"B.14-P.18","bloque":14,"tono":2,"ha":9.6},"geometry":{"type":"Polygon","coordinates":[[[-72.969343,4.530984],[-72.969303,4.530804],[-72.969264,4.530724],[-72.969224,4.530564],[-72.969145,4.530304],[-72.97288,4.529632],[-72.973465,4.53161],[-72.969816,4.532281],[-72.969719,4.532184],[-72.969561,4.531744],[-72.969541,4.531644],[-72.969541,4.531564],[-72.969501,4.531504],[-72.969482,4.531404],[-72.969422,4.531244],[-72.969343,4.530984]]]}},{"type":"Feature","properties":{"cod_bp":"B.14-P.19","bloque":14,"tono":2,"ha":10.5},"geometry":{"type":"Polygon","coordinates":[[[-72.97288,4.529632],[-72.969145,4.530304],[-72.969085,4.530204],[-72.968986,4.529964],[-72.968767,4.529644],[-72.968608,4.529444],[-72.968389,4.529304],[-72.968193,4.529225],[-72.967844,4.528479],[-72.967933,4.528444],[-72.972295,4.527651],[-72.97288,4.529632]]]}},{"type":"Feature","properties":{"cod_bp":"B.14-P.2","bloque":14,"tono":2,"ha":6.4},"geometry":{"type":"Polygon","coordinates":[[[-72.980773,4.53232],[-72.978561,4.532716],[-72.978186,4.530717],[-72.980995,4.530202],[-72.980773,4.53232]]]}},{"type":"Feature","properties":{"cod_bp":"B.14-P.20","bloque":14,"tono":2,"ha":16.4},"geometry":{"type":"Polygon","coordinates":[[[-72.971027,4.523292],[-72.971155,4.52373],[-72.971146,4.523732],[-72.972295,4.527651],[-72.967933,4.528444],[-72.967844,4.528479],[-72.967734,4.528243],[-72.967555,4.527804],[-72.967436,4.527444],[-72.967456,4.527164],[-72.967536,4.527084],[-72.967636,4.526964],[-72.967935,4.526665],[-72.968115,4.526445],[-72.969152,4.525328],[-72.969312,4.525168],[-72.969571,4.524868],[-72.96999,4.524429],[-72.970628,4.523711],[-72.971027,4.523292]]]}},{"type":"Feature","properties":{"cod_bp":"B.14-P.3","bloque":14,"tono":2,"ha":10.7},"geometry":{"type":"Polygon","coordinates":[[[-72.980995,4.530202],[-72.978186,4.530717],[-72.97783,4.528718],[-72.983787,4.527647],[-72.983727,4.527867],[-72.983707,4.527887],[-72.983687,4.527887],[-72.983567,4.527927],[-72.983368,4.528106],[-72.983268,4.528286],[-72.983168,4.528386],[-72.983128,4.528406],[-72.983069,4.528406],[-72.982989,4.528366],[-72.982909,4.528346],[-72.98287,4.528366],[-72.98279,4.528425],[-72.98271,4.528405],[-72.982611,4.528425],[-72.982551,4.528485],[-72.982491,4.528605],[-72.982431,4.528705],[-72.982391,4.528845],[-72.982311,4.528944],[-72.982251,4.529084],[-72.982211,4.529204],[-72.981235,4.529522],[-72.981135,4.529582],[-72.981115,4.529602],[-72.981075,4.529682],[-72.981075,4.529722],[-72.981055,4.529762],[-72.980995,4.530202]]]}},{"type":"Feature","properties":{"cod_bp":"B.14-P.4","bloque":14,"tono":2,"ha":16.4},"geometry":{"type":"Polygon","coordinates":[[[-72.983787,4.527647],[-72.97783,4.528718],[-72.977475,4.526719],[-72.984547,4.52543],[-72.984566,4.52551],[-72.984546,4.52563],[-72.984506,4.52571],[-72.984426,4.52595],[-72.984327,4.526049],[-72.984247,4.526169],[-72.984127,4.526269],[-72.984087,4.526369],[-72.984047,4.526509],[-72.984007,4.526808],[-72.983967,4.526848],[-72.983947,4.526908],[-72.983907,4.526988],[-72.983867,4.527108],[-72.983787,4.527647]]]}},{"type":"Feature","properties":{"cod_bp":"B.14-P.5","bloque":14,"tono":2,"ha":18.5},"geometry":{"type":"Polygon","coordinates":[[[-72.984547,4.52543],[-72.977475,4.526719],[-72.977119,4.52472],[-72.98457,4.523371],[-72.984649,4.523611],[-72.984689,4.523811],[-72.984688,4.523911],[-72.984648,4.524311],[-72.984527,4.52523],[-72.984547,4.52543]]]}},{"type":"Feature","properties":{"cod_bp":"B.14-P.6","bloque":14,"tono":2,"ha":17.4},"geometry":{"type":"Polygon","coordinates":[[[-72.98457,4.523371],[-72.977119,4.52472],[-72.976764,4.522721],[-72.983198,4.521551],[-72.983218,4.521731],[-72.983218,4.521811],[-72.983277,4.521911],[-72.983337,4.522031],[-72.983575,4.522351],[-72.983734,4.522531],[-72.983953,4.522611],[-72.984033,4.522651],[-72.984093,4.522691],[-72.984311,4.522911],[-72.984371,4.523011],[-72.98447,4.523151],[-72.98455,4.523292],[-72.98457,4.523371]]]}},{"type":"Feature","properties":{"cod_bp":"B.14-P.7","bloque":14,"tono":2,"ha":13.3},"geometry":{"type":"Polygon","coordinates":[[[-72.977104,4.521722],[-72.979297,4.520206],[-72.980433,4.519408],[-72.980473,4.519388],[-72.980612,4.519408],[-72.980692,4.519408],[-72.980891,4.519429],[-72.981249,4.519509],[-72.981349,4.519569],[-72.981528,4.519789],[-72.981647,4.51989],[-72.981946,4.52007],[-72.982025,4.52009],[-72.982184,4.52015],[-72.982264,4.52019],[-72.982284,4.52027],[-72.982363,4.52071],[-72.982422,4.52085],[-72.982462,4.52091],[-72.982541,4.52109],[-72.982621,4.52113],[-72.98276,4.52117],[-72.98284,4.521171],[-72.98294,4.521211],[-72.983059,4.521231],[-72.983198,4.521331],[-72.983198,4.521551],[-72.976764,4.522721],[-72.976625,4.521961],[-72.976884,4.521861],[-72.977104,4.521722]]]}},{"type":"Feature","properties":{"cod_bp":"B.14-P.8","bloque":14,"tono":2,"ha":12.7},"geometry":{"type":"Polygon","coordinates":[[[-72.978601,4.532978],[-72.97868,4.533496],[-72.978837,4.534291],[-72.978956,4.534955],[-72.977163,4.535352],[-72.976884,4.535432],[-72.976825,4.535412],[-72.976785,4.535412],[-72.976725,4.535432],[-72.976625,4.535492],[-72.976566,4.535512],[-72.974753,4.535948],[-72.974059,4.533589],[-72.978561,4.532756],[-72.978601,4.532978]]]}},{"type":"Feature","properties":{"cod_bp":"B.14-P.9","bloque":14,"tono":2,"ha":11.9},"geometry":{"type":"Polygon","coordinates":[[[-72.978561,4.532756],[-72.974059,4.533589],[-72.973465,4.53161],[-72.973524,4.53161],[-72.973803,4.53155],[-72.97454,4.531431],[-72.974735,4.531386],[-72.974839,4.531372],[-72.974979,4.531312],[-72.978186,4.530717],[-72.978561,4.532756]]]}},{"type":"Feature","properties":{"cod_bp":"B.15-P.1","bloque":15,"tono":0,"ha":17.1},"geometry":{"type":"Polygon","coordinates":[[[-72.962556,4.527718],[-72.962519,4.526077],[-72.962139,4.525145],[-72.96254,4.525318],[-72.966739,4.527762],[-72.966499,4.527962],[-72.96624,4.528161],[-72.965562,4.52876],[-72.965243,4.529019],[-72.964924,4.529299],[-72.964445,4.529638],[-72.964206,4.529817],[-72.963887,4.530076],[-72.96315,4.530635],[-72.962711,4.530954],[-72.962671,4.530994],[-72.961517,4.530313],[-72.961457,4.530213],[-72.961457,4.530113],[-72.961876,4.529894],[-72.961956,4.529754],[-72.961976,4.529674],[-72.962115,4.529594],[-72.962217,4.527996],[-72.962497,4.527816],[-72.962536,4.527776],[-72.962556,4.527736],[-72.962556,4.527718]]]}},{"type":"Feature","properties":{"cod_bp":"B.15-P.2","bloque":15,"tono":0,"ha":15.1},"geometry":{"type":"Polygon","coordinates":[[[-72.962556,4.527718],[-72.962536,4.527776],[-72.962497,4.527816],[-72.962217,4.527996],[-72.962115,4.529594],[-72.961976,4.529674],[-72.961956,4.529754],[-72.961876,4.529874],[-72.961457,4.530113],[-72.961437,4.530213],[-72.961517,4.530333],[-72.962671,4.530994],[-72.960677,4.53253],[-72.960684,4.528253],[-72.960723,4.528213],[-72.961082,4.527974],[-72.961102,4.527974],[-72.961109,4.523152],[-72.961149,4.523117],[-72.961169,4.523077],[-72.961428,4.522898],[-72.961528,4.522838],[-72.961708,4.522658],[-72.961847,4.522479],[-72.961927,4.522299],[-72.962226,4.52194],[-72.962323,4.524198],[-72.962063,4.524957],[-72.962139,4.525145],[-72.962122,4.525137],[-72.962519,4.526077],[-72.962556,4.527718]]]}},{"type":"Feature","properties":{"cod_bp":"B.15-P.3","bloque":15,"tono":0,"ha":13.9},"geometry":{"type":"Polygon","coordinates":[[[-72.960683,4.528293],[-72.960677,4.53253],[-72.960358,4.532769],[-72.959261,4.533627],[-72.959243,4.532348],[-72.959284,4.532048],[-72.959288,4.52925],[-72.959308,4.52923],[-72.960066,4.528092],[-72.959949,4.526773],[-72.959909,4.526493],[-72.959932,4.524834],[-72.960072,4.524555],[-72.960451,4.524016],[-72.96069,4.523696],[-72.96099,4.523257],[-72.961109,4.523152],[-72.961102,4.527974],[-72.961082,4.527974],[-72.960723,4.528213],[-72.960684,4.528253],[-72.960683,4.528293]]]}},{"type":"Feature","properties":{"cod_bp":"B.15-P.4","bloque":15,"tono":0,"ha":16.0},"geometry":{"type":"Polygon","coordinates":[[[-72.959308,4.52923],[-72.959288,4.52925],[-72.959284,4.532048],[-72.959243,4.532348],[-72.959261,4.533627],[-72.959042,4.533787],[-72.958604,4.534086],[-72.958245,4.534265],[-72.958006,4.534405],[-72.957826,4.534524],[-72.957727,4.534624],[-72.957419,4.527269],[-72.957698,4.527269],[-72.959191,4.527232],[-72.959936,4.526781],[-72.960066,4.528092],[-72.959308,4.52923]]]}},{"type":"Feature","properties":{"cod_bp":"B.15-P.5","bloque":15,"tono":0,"ha":17.6},"geometry":{"type":"Polygon","coordinates":[[[-72.957419,4.527269],[-72.957727,4.534624],[-72.957527,4.534824],[-72.957288,4.535083],[-72.957068,4.535303],[-72.956729,4.535682],[-72.956669,4.535702],[-72.956354,4.533483],[-72.955265,4.529145],[-72.955067,4.528405],[-72.954968,4.527985],[-72.954869,4.527645],[-72.95479,4.527325],[-72.957419,4.527269]]]}},{"type":"Feature","properties":{"cod_bp":"B.15-P.6","bloque":15,"tono":0,"ha":13.4},"geometry":{"type":"Polygon","coordinates":[[[-72.96656,4.527662],[-72.96254,4.525318],[-72.962142,4.525137],[-72.962063,4.524957],[-72.962323,4.524198],[-72.962265,4.522579],[-72.962385,4.522619],[-72.965729,4.524578],[-72.965827,4.524743],[-72.966363,4.526043],[-72.966859,4.527203],[-72.966998,4.527403],[-72.967038,4.527483],[-72.967066,4.527454],[-72.967078,4.527463],[-72.966739,4.527762],[-72.96656,4.527662]]]}},{"type":"Feature","properties":{"cod_bp":"B.15-P.7","bloque":15,"tono":0,"ha":10.2},"geometry":{"type":"Polygon","coordinates":[[[-72.962385,4.522619],[-72.962265,4.522579],[-72.962226,4.52192],[-72.962286,4.52182],[-72.962346,4.5217],[-72.962426,4.52158],[-72.962526,4.52134],[-72.962526,4.52132],[-72.962546,4.521261],[-72.962546,4.521221],[-72.962546,4.521201],[-72.962526,4.521141],[-72.962526,4.521061],[-72.962746,4.520441],[-72.962907,4.519922],[-72.962907,4.519862],[-72.962927,4.519782],[-72.962927,4.519662],[-72.962907,4.519622],[-72.962907,4.519582],[-72.962867,4.519462],[-72.962748,4.519242],[-72.962331,4.518402],[-72.96269,4.518143],[-72.96283,4.517943],[-72.96293,4.517524],[-72.962949,4.517744],[-72.962989,4.517963],[-72.963048,4.518263],[-72.963088,4.518383],[-72.965529,4.524323],[-72.965648,4.524463],[-72.965706,4.524544],[-72.962385,4.522619]]]}},{"type":"Feature","properties":{"cod_bp":"B.15-P.8","bloque":15,"tono":0,"ha":12.8},"geometry":{"type":"Polygon","coordinates":[[[-72.962346,4.5217],[-72.962274,4.521832],[-72.962246,4.52186],[-72.962226,4.52192],[-72.962226,4.52194],[-72.961927,4.522299],[-72.961847,4.522479],[-72.961708,4.522658],[-72.961428,4.522898],[-72.961169,4.523077],[-72.961149,4.523117],[-72.961109,4.523137],[-72.96099,4.523257],[-72.96091,4.523357],[-72.96069,4.523676],[-72.960451,4.523996],[-72.960072,4.524555],[-72.959992,4.524694],[-72.959932,4.524834],[-72.959873,4.524494],[-72.959713,4.524354],[-72.959614,4.524234],[-72.959574,4.524114],[-72.959536,4.523475],[-72.959476,4.523395],[-72.959496,4.523155],[-72.959636,4.522855],[-72.959636,4.522775],[-72.959676,4.522695],[-72.959756,4.522336],[-72.960036,4.521677],[-72.960096,4.521437],[-72.960296,4.521017],[-72.960496,4.520498],[-72.960616,4.520298],[-72.960654,4.519877],[-72.961514,4.518941],[-72.962331,4.518402],[-72.962708,4.519182],[-72.962867,4.519462],[-72.962887,4.519582],[-72.962907,4.519622],[-72.962907,4.519682],[-72.962927,4.519782],[-72.962907,4.519842],[-72.962886,4.519982],[-72.962526,4.521061],[-72.962526,4.521181],[-72.962546,4.521221],[-72.962546,4.521261],[-72.962526,4.5213],[-72.962526,4.52132],[-72.962486,4.52144],[-72.962346,4.5217]]]}},{"type":"Feature","properties":{"cod_bp":"B.16-P.1","bloque":16,"tono":2,"ha":3.6},"geometry":{"type":"Polygon","coordinates":[[[-72.967085,4.428051],[-72.968976,4.428054],[-72.96796,4.428712],[-72.966764,4.42947],[-72.966545,4.42927],[-72.965093,4.428288],[-72.964783,4.428068],[-72.965412,4.428069],[-72.965969,4.42805],[-72.967085,4.428051]]]}},{"type":"Feature","properties":{"cod_bp":"B.16-P.2","bloque":16,"tono":2,"ha":1.8},"geometry":{"type":"Polygon","coordinates":[[[-72.969058,4.426755],[-72.969056,4.427994],[-72.968976,4.428054],[-72.967941,4.428052],[-72.967943,4.426753],[-72.969058,4.426755]]]}},{"type":"Feature","properties":{"cod_bp":"B.16-P.3 / P.4 / P.8","bloque":16,"tono":2,"varios":true,"ha":8.8},"geometry":{"type":"Polygon","coordinates":[[[-72.96906,4.425456],[-72.965913,4.425451],[-72.966293,4.424912],[-72.966532,4.424613],[-72.966851,4.424153],[-72.97165,4.42416],[-72.971809,4.42458],[-72.971814,4.424576],[-72.972067,4.42522],[-72.972186,4.42546],[-72.96906,4.425456]]]}},{"type":"Feature","properties":{"cod_bp":"B.16-P.6","bloque":16,"tono":2,"ha":0.4},"geometry":{"type":"Polygon","coordinates":[[[-72.970479,4.42154],[-72.970478,4.42284],[-72.970199,4.422839],[-72.970201,4.42154],[-72.970479,4.42154]]]}},{"type":"Feature","properties":{"cod_bp":"B.16-P.7","bloque":16,"tono":2,"ha":7.9},"geometry":{"type":"Polygon","coordinates":[[[-72.971141,4.423007],[-72.971075,4.42284],[-72.970499,4.42154],[-72.970499,4.4215],[-72.970282,4.421022],[-72.970003,4.420321],[-72.969884,4.419981],[-72.969825,4.419861],[-72.969964,4.419681],[-72.970284,4.419222],[-72.970343,4.419262],[-72.970363,4.419322],[-72.970363,4.419402],[-72.970383,4.419442],[-72.970383,4.419482],[-72.970462,4.419542],[-72.970622,4.419642],[-72.970701,4.419682],[-72.970741,4.419722],[-72.9709,4.420062],[-72.971079,4.420382],[-72.971118,4.420422],[-72.971198,4.420482],[-72.971457,4.420623],[-72.971496,4.420662],[-72.971536,4.420682],[-72.971636,4.420783],[-72.971634,4.421442],[-72.971615,4.421462],[-72.971615,4.421502],[-72.971674,4.421542],[-72.971694,4.421662],[-72.971794,4.421642],[-72.97239,4.422003],[-72.974045,4.421026],[-72.974084,4.421146],[-72.974084,4.421466],[-72.973864,4.421665],[-72.973087,4.422164],[-72.972429,4.422663],[-72.97229,4.422842],[-72.97223,4.423002],[-72.972269,4.423342],[-72.972309,4.423482],[-72.972328,4.423522],[-72.972288,4.423861],[-72.972049,4.424201],[-72.972028,4.424361],[-72.971814,4.424576],[-72.971571,4.42396],[-72.971141,4.423007]]]}},{"type":"Feature","properties":{"cod_bp":"B.17-P.1","bloque":17,"tono":1,"ha":13.1},"geometry":{"type":"Polygon","coordinates":[[[-72.955496,4.534581],[-72.955516,4.534681],[-72.954778,4.535399],[-72.954877,4.53552],[-72.95595,4.5374],[-72.95583,4.537619],[-72.95559,4.537999],[-72.955551,4.538079],[-72.955191,4.538698],[-72.955111,4.538818],[-72.955051,4.538937],[-72.950836,4.534574],[-72.955496,4.534581]]]}},{"type":"Feature","properties":{"cod_bp":"B.17-P.2","bloque":17,"tono":1,"ha":17.2},"geometry":{"type":"Polygon","coordinates":[[[-72.955516,4.534681],[-72.955496,4.534581],[-72.955456,4.534441],[-72.955357,4.534161],[-72.955198,4.534001],[-72.954681,4.533601],[-72.953746,4.53254],[-72.95364,4.532392],[-72.953409,4.53204],[-72.953369,4.53152],[-72.95333,4.5314],[-72.95325,4.53124],[-72.953139,4.531142],[-72.953111,4.5311],[-72.953091,4.53104],[-72.953091,4.531],[-72.953131,4.53096],[-72.953516,4.530711],[-72.953769,4.530561],[-72.953783,4.530535],[-72.953809,4.530521],[-72.95381,4.530122],[-72.95379,4.529822],[-72.95381,4.529762],[-72.95393,4.529522],[-72.95395,4.529462],[-72.95397,4.529322],[-72.953991,4.528863],[-72.954031,4.528463],[-72.954031,4.528383],[-72.954172,4.527564],[-72.954172,4.527324],[-72.954193,4.527164],[-72.954233,4.527044],[-72.95434,4.526951],[-72.954432,4.526885],[-72.954472,4.526965],[-72.954611,4.527345],[-72.95467,4.527485],[-72.954927,4.528564],[-72.955026,4.528924],[-72.955086,4.529184],[-72.955383,4.530344],[-72.95562,4.531244],[-72.955719,4.531703],[-72.956056,4.533103],[-72.956115,4.533383],[-72.956135,4.533563],[-72.956253,4.534242],[-72.956312,4.534622],[-72.956352,4.534962],[-72.956372,4.535042],[-72.956431,4.535382],[-72.95649,4.535782],[-72.956529,4.536142],[-72.956588,4.536481],[-72.956588,4.536621],[-72.956529,4.536661],[-72.956489,4.536721],[-72.956429,4.536761],[-72.956329,4.536901],[-72.956269,4.536961],[-72.95601,4.53734],[-72.95595,4.5374],[-72.954877,4.53552],[-72.954778,4.535399],[-72.955516,4.534681]]]}},{"type":"Feature","properties":{"cod_bp":"B.17-P.3","bloque":17,"tono":1,"ha":6.4},"geometry":{"type":"Polygon","coordinates":[[[-72.955496,4.534581],[-72.950836,4.534574],[-72.950319,4.534034],[-72.95018,4.533874],[-72.95004,4.533694],[-72.95006,4.533694],[-72.949981,4.533554],[-72.950638,4.533555],[-72.951295,4.533536],[-72.951933,4.533517],[-72.952729,4.533458],[-72.954521,4.53342],[-72.954681,4.533601],[-72.955019,4.533861],[-72.955198,4.534021],[-72.955258,4.534061],[-72.955317,4.534121],[-72.955456,4.534441],[-72.955496,4.534581]]]}},{"type":"Feature","properties":{"cod_bp":"B.17-P.4","bloque":17,"tono":1,"ha":6.9},"geometry":{"type":"Polygon","coordinates":[[[-72.954512,4.533411],[-72.954521,4.53342],[-72.952709,4.533458],[-72.951833,4.533516],[-72.951106,4.53354],[-72.95042,4.533554],[-72.949981,4.533554],[-72.949644,4.532414],[-72.949558,4.532154],[-72.953477,4.53216],[-72.95364,4.532392],[-72.953746,4.53256],[-72.954343,4.53324],[-72.954512,4.533411]]]}},{"type":"Feature","properties":{"cod_bp":"B.17-P.5","bloque":17,"tono":1,"ha":12.1},"geometry":{"type":"Polygon","coordinates":[[[-72.953409,4.53204],[-72.953477,4.53216],[-72.949565,4.532154],[-72.948871,4.529915],[-72.948861,4.529855],[-72.95379,4.529862],[-72.95381,4.530282],[-72.953809,4.530481],[-72.953783,4.530535],[-72.953516,4.530711],[-72.953271,4.53086],[-72.953131,4.53096],[-72.953091,4.531],[-72.953091,4.5311],[-72.953151,4.53116],[-72.95325,4.53124],[-72.95333,4.5314],[-72.95335,4.53146],[-72.953369,4.53154],[-72.953409,4.53204]]]}},{"type":"Feature","properties":{"cod_bp":"B.17-P.6","bloque":17,"tono":1,"ha":18.5},"geometry":{"type":"Polygon","coordinates":[[[-72.95395,4.529462],[-72.9539,4.529574],[-72.95385,4.529662],[-72.95379,4.529802],[-72.95379,4.529862],[-72.948861,4.529855],[-72.948851,4.529795],[-72.948653,4.529295],[-72.948733,4.529235],[-72.948872,4.529195],[-72.949451,4.528396],[-72.94959,4.528297],[-72.950268,4.527878],[-72.950687,4.527579],[-72.950866,4.527399],[-72.951126,4.52712],[-72.951245,4.52702],[-72.951425,4.5269],[-72.951704,4.526681],[-72.952122,4.526422],[-72.952262,4.526322],[-72.952382,4.526222],[-72.95278,4.525983],[-72.953777,4.525365],[-72.954114,4.526145],[-72.954273,4.526545],[-72.954372,4.526745],[-72.954432,4.526885],[-72.954292,4.526985],[-72.954233,4.527044],[-72.954193,4.527164],[-72.954172,4.527304],[-72.954172,4.527524],[-72.954072,4.528163],[-72.954031,4.528363],[-72.95395,4.529462]]]}},{"type":"Feature","properties":{"cod_bp":"B.17-P.7","bloque":17,"tono":1,"ha":25.8},"geometry":{"type":"Polygon","coordinates":[[[-72.949981,4.533554],[-72.95004,4.533693],[-72.947232,4.533629],[-72.945323,4.531748],[-72.945144,4.531608],[-72.944746,4.531387],[-72.944368,4.531127],[-72.944309,4.531067],[-72.944289,4.531027],[-72.944329,4.530867],[-72.944368,4.530847],[-72.944408,4.530747],[-72.944448,4.530708],[-72.944508,4.530588],[-72.944588,4.530548],[-72.944788,4.530188],[-72.944868,4.530129],[-72.945007,4.529889],[-72.94503,4.529872],[-72.945087,4.529849],[-72.945125,4.52974],[-72.945207,4.529609],[-72.945287,4.52949],[-72.945346,4.52945],[-72.945606,4.52901],[-72.945726,4.528831],[-72.945749,4.528803],[-72.945786,4.528791],[-72.945846,4.528671],[-72.947083,4.526914],[-72.947123,4.526874],[-72.947163,4.526854],[-72.947183,4.526834],[-72.947222,4.526834],[-72.947242,4.526854],[-72.9476,4.527454],[-72.947858,4.527934],[-72.948057,4.528255],[-72.948514,4.529035],[-72.948653,4.529295],[-72.948772,4.529615],[-72.948831,4.529755],[-72.948851,4.529854],[-72.949049,4.530494],[-72.949208,4.531034],[-72.949558,4.532154],[-72.949545,4.532154],[-72.949981,4.533554]]]}},{"type":"Feature","properties":{"cod_bp":"B.18-P.1","bloque":18,"tono":1,"ha":17.3},"geometry":{"type":"Polygon","coordinates":[[[-72.981034,4.51715],[-72.980994,4.517031],[-72.980995,4.516591],[-72.980836,4.516331],[-72.980756,4.516331],[-72.980657,4.516271],[-72.980537,4.51623],[-72.980398,4.51629],[-72.980159,4.51643],[-72.980039,4.516489],[-72.979919,4.516469],[-72.97976,4.516489],[-72.979601,4.516469],[-72.979422,4.516349],[-72.979063,4.516128],[-72.978904,4.516128],[-72.978685,4.516108],[-72.978566,4.516128],[-72.978506,4.516088],[-72.978507,4.515648],[-72.978587,4.515428],[-72.978706,4.515328],[-72.978707,4.514789],[-72.978727,4.514589],[-72.978767,4.514569],[-72.979624,4.51443],[-72.980381,4.514272],[-72.98042,4.514272],[-72.98048,4.514252],[-72.980739,4.514192],[-72.980859,4.514192],[-72.981376,4.514433],[-72.981635,4.514573],[-72.982077,4.514789],[-72.98269,4.515114],[-72.982829,4.515155],[-72.982889,4.515135],[-72.982968,4.515095],[-72.983048,4.515035],[-72.983108,4.514975],[-72.983527,4.514496],[-72.983627,4.514456],[-72.983886,4.514377],[-72.983965,4.514377],[-72.984583,4.514298],[-72.984936,4.517156],[-72.981034,4.51715]]]}},{"type":"Feature","properties":{"cod_bp":"B.18-P.2","bloque":18,"tono":1,"ha":7.4},"geometry":{"type":"Polygon","coordinates":[[[-72.981034,4.51715],[-72.984936,4.517156],[-72.985154,4.518915],[-72.982565,4.518912],[-72.982485,4.518931],[-72.982405,4.518911],[-72.982266,4.518851],[-72.982127,4.518771],[-72.982107,4.518691],[-72.982067,4.518611],[-72.982007,4.518571],[-72.981928,4.518551],[-72.981868,4.518471],[-72.981868,4.518371],[-72.981849,4.518211],[-72.981809,4.518071],[-72.981769,4.518011],[-72.98161,4.517931],[-72.981411,4.517891],[-72.981272,4.51783],[-72.981212,4.51775],[-72.981172,4.51763],[-72.981153,4.517511],[-72.981113,4.517351],[-72.981034,4.51715]]]}},{"type":"Feature","properties":{"cod_bp":"B.18-P.3","bloque":18,"tono":1,"ha":6.3},"geometry":{"type":"Polygon","coordinates":[[[-72.982565,4.518912],[-72.985154,4.518915],[-72.985311,4.520195],[-72.985591,4.522633],[-72.985527,4.522633],[-72.985348,4.522333],[-72.984593,4.521353],[-72.983996,4.520493],[-72.983937,4.520453],[-72.983578,4.520492],[-72.983479,4.520412],[-72.983399,4.520332],[-72.98332,4.520072],[-72.98324,4.519992],[-72.983101,4.519872],[-72.982982,4.519732],[-72.982842,4.519611],[-72.982624,4.519491],[-72.982584,4.519391],[-72.982545,4.519012],[-72.982565,4.518912]]]}},{"type":"Feature","properties":{"cod_bp":"B.18-P.4","bloque":18,"tono":1,"ha":5.0},"geometry":{"type":"Polygon","coordinates":[[[-72.985527,4.522633],[-72.985591,4.522633],[-72.986118,4.527211],[-72.986157,4.527511],[-72.986157,4.527691],[-72.986117,4.527791],[-72.986077,4.527831],[-72.986037,4.527891],[-72.985539,4.52807],[-72.9854,4.52779],[-72.98532,4.52761],[-72.985301,4.52737],[-72.985321,4.52711],[-72.985281,4.52699],[-72.985282,4.52683],[-72.985262,4.52653],[-72.985163,4.52639],[-72.985143,4.52623],[-72.985145,4.524591],[-72.985206,4.524372],[-72.985305,4.524192],[-72.985306,4.523772],[-72.985227,4.523333],[-72.985108,4.523132],[-72.984949,4.522932],[-72.98477,4.522652],[-72.98479,4.522273],[-72.98485,4.522173],[-72.984891,4.521833],[-72.98491,4.521793],[-72.985129,4.522073],[-72.985348,4.522333],[-72.985527,4.522633]]]}},{"type":"Feature","properties":{"cod_bp":"B.18-P.5","bloque":18,"tono":1,"ha":11.3},"geometry":{"type":"Polygon","coordinates":[[[-72.984937,4.517156],[-72.984583,4.514298],[-72.984981,4.514238],[-72.985877,4.514759],[-72.986035,4.515159],[-72.986055,4.515419],[-72.986354,4.515519],[-72.986533,4.51548],[-72.986751,4.51588],[-72.986891,4.51586],[-72.987309,4.51612],[-72.987408,4.51638],[-72.987328,4.5167],[-72.986949,4.517019],[-72.986589,4.517758],[-72.986607,4.518957],[-72.986527,4.519237],[-72.986527,4.519517],[-72.985311,4.520195],[-72.984937,4.517156]]]}},{"type":"Feature","properties":{"cod_bp":"B.19-P.1 / P.3","bloque":19,"tono":1,"varios":true,"ha":10.4},"geometry":{"type":"Polygon","coordinates":[[[-73.003011,4.509608],[-73.003051,4.509428],[-73.003112,4.509008],[-73.003152,4.509029],[-73.006398,4.509033],[-73.006398,4.509133],[-73.006298,4.509313],[-73.006298,4.509433],[-73.006556,4.509953],[-73.006556,4.510133],[-73.006495,4.510252],[-73.006495,4.510452],[-73.006395,4.510632],[-73.006336,4.510772],[-73.006136,4.510932],[-73.005877,4.511091],[-73.005877,4.511211],[-73.005757,4.511311],[-73.001734,4.511305],[-73.002053,4.510986],[-73.002253,4.510806],[-73.002293,4.510706],[-73.002552,4.510347],[-73.002871,4.509927],[-73.002951,4.509788],[-73.003011,4.509608]]]}},{"type":"Feature","properties":{"cod_bp":"B.19-P.2","bloque":19,"tono":1,"ha":12.1},"geometry":{"type":"Polygon","coordinates":[[[-72.999581,4.513141],[-72.999581,4.51324],[-72.999162,4.51328],[-72.998684,4.513339],[-72.997469,4.513457],[-72.995398,4.513694],[-72.994601,4.513773],[-72.994601,4.513715],[-72.994621,4.513713],[-72.994641,4.513593],[-72.994673,4.513513],[-72.994721,4.513433],[-72.994841,4.513064],[-72.994961,4.512754],[-72.995061,4.512454],[-72.995161,4.512235],[-72.99534,4.512055],[-72.99548,4.511935],[-72.995859,4.511556],[-72.996099,4.511297],[-72.999683,4.511302],[-72.999683,4.511362],[-72.999742,4.511822],[-72.999761,4.512161],[-72.999761,4.512341],[-72.999661,4.513061],[-72.999581,4.513141]]]}},{"type":"Feature","properties":{"cod_bp":"B.19-P.4","bloque":19,"tono":1,"ha":8.3},"geometry":{"type":"Polygon","coordinates":[[[-72.999683,4.511222],[-72.999683,4.511302],[-72.996099,4.511297],[-72.996796,4.510638],[-72.996996,4.510419],[-72.997415,4.510019],[-72.997734,4.50968],[-72.998252,4.509161],[-72.998252,4.509147],[-72.998372,4.509022],[-73.0011,4.509025],[-73.00104,4.509125],[-73.00098,4.509245],[-73.000921,4.509325],[-73.000881,4.509365],[-73.000422,4.509624],[-73.000362,4.509704],[-73.000282,4.509844],[-73.000083,4.510043],[-73.000023,4.510363],[-72.999963,4.510583],[-72.999923,4.510623],[-72.999823,4.510882],[-72.999723,4.511042],[-72.999683,4.511162],[-72.999683,4.511222]]]}},{"type":"Feature","properties":{"cod_bp":"B.19-P.5","bloque":19,"tono":1,"ha":11.0},"geometry":{"type":"Polygon","coordinates":[[[-73.003292,4.508449],[-73.003352,4.508069],[-73.003393,4.50755],[-73.003433,4.50733],[-73.003453,4.50705],[-73.003493,4.50675],[-73.006839,4.506755],[-73.007396,4.507116],[-73.007414,4.508535],[-73.007314,4.508675],[-73.007155,4.508854],[-73.006398,4.509033],[-73.003112,4.509008],[-73.003192,4.508749],[-73.003252,4.508589],[-73.003292,4.508449]]]}},{"type":"Feature","properties":{"cod_bp":"B.19-P.6","bloque":19,"tono":1,"ha":5.0},"geometry":{"type":"Polygon","coordinates":[[[-73.002219,4.506749],[-73.002338,4.506749],[-73.002239,4.506889],[-73.00186,4.507108],[-73.001521,4.507327],[-73.001302,4.507447],[-73.001242,4.507567],[-73.001221,4.507986],[-73.000882,4.508206],[-73.000783,4.508325],[-73.000723,4.508445],[-73.000742,4.508545],[-73.001001,4.508786],[-73.0011,4.509025],[-72.998372,4.509022],[-73.000606,4.506746],[-73.002219,4.506749]]]}},{"type":"Feature","properties":{"cod_bp":"B.19-P.7","bloque":19,"tono":1,"ha":5.5},"geometry":{"type":"Polygon","coordinates":[[[-73.00668,4.506755],[-73.003493,4.50675],[-73.003494,4.506651],[-73.003534,4.506151],[-73.003554,4.506091],[-73.003614,4.505791],[-73.003614,4.505691],[-73.003515,4.505272],[-73.003456,4.505092],[-73.003317,4.504572],[-73.003277,4.504472],[-73.00493,4.504474],[-73.00493,4.504974],[-73.004969,4.505174],[-73.005148,4.505474],[-73.005188,4.505634],[-73.005566,4.505874],[-73.005844,4.506114],[-73.006063,4.506394],[-73.006361,4.506515],[-73.00654,4.506615],[-73.00668,4.506755]]]}},{"type":"Feature","properties":{"cod_bp":"B.19-P.8","bloque":19,"tono":1,"ha":2.1},"geometry":{"type":"Polygon","coordinates":[[[-73.00236,4.50515],[-73.0024,4.50521],[-73.0024,4.50559],[-73.002479,4.50565],[-73.002478,4.506529],[-73.002338,4.506749],[-73.000606,4.506746],[-73.001583,4.505768],[-73.002141,4.50517],[-73.00236,4.50515]]]}},{"type":"Feature","properties":{"cod_bp":"B.19-P.9","bloque":19,"tono":1,"ha":8.3},"geometry":{"type":"Polygon","coordinates":[[[-73.004891,4.504474],[-73.003277,4.504472],[-73.003238,4.504352],[-73.003159,4.504032],[-73.00306,4.503692],[-73.003,4.503412],[-73.002603,4.502492],[-73.002385,4.502072],[-73.002325,4.501932],[-73.002246,4.501792],[-73.002664,4.501753],[-73.002863,4.501713],[-73.003023,4.501713],[-73.003501,4.501634],[-73.003879,4.501595],[-73.005034,4.501436],[-73.005034,4.501956],[-73.004894,4.502316],[-73.005013,4.502496],[-73.005192,4.502656],[-73.005351,4.502856],[-73.00545,4.502996],[-73.00549,4.503096],[-73.005489,4.503536],[-73.005449,4.503616],[-73.005409,4.503675],[-73.00519,4.503895],[-73.00513,4.503975],[-73.004991,4.504254],[-73.004951,4.504354],[-73.004951,4.504394],[-73.00493,4.504474],[-73.004891,4.504474]]]}},{"type":"Feature","properties":{"cod_bp":"B.2-P.1","bloque":2,"tono":2,"ha":25.0},"geometry":{"type":"Polygon","coordinates":[[[-72.967465,4.4856],[-72.966622,4.485551],[-72.966084,4.48553],[-72.966264,4.485231],[-72.966383,4.485111],[-72.966503,4.484891],[-72.966663,4.484732],[-72.966703,4.484572],[-72.966822,4.484392],[-72.966902,4.484232],[-72.966942,4.484093],[-72.967082,4.483893],[-72.967321,4.483753],[-72.967381,4.483613],[-72.967461,4.483514],[-72.9676,4.483494],[-72.9677,4.483554],[-72.967739,4.483714],[-72.967739,4.483894],[-72.967759,4.483994],[-72.967759,4.484174],[-72.967779,4.484194],[-72.967898,4.484134],[-72.967978,4.484074],[-72.967998,4.483974],[-72.968098,4.483894],[-72.968118,4.483814],[-72.968178,4.483734],[-72.968258,4.483575],[-72.968417,4.483415],[-72.968836,4.483096],[-72.969234,4.482757],[-72.969514,4.482457],[-72.969594,4.482038],[-72.969993,4.481719],[-72.970172,4.481459],[-72.97099,4.48094],[-72.971428,4.480681],[-72.971568,4.480662],[-72.971767,4.480702],[-72.972225,4.480403],[-72.972544,4.480303],[-72.972823,4.480284],[-72.973002,4.480324],[-72.97334,4.480524],[-72.97346,4.480644],[-72.973619,4.480844],[-72.973957,4.481065],[-72.974076,4.481205],[-72.974195,4.481385],[-72.974255,4.481485],[-72.974275,4.481625],[-72.974274,4.481745],[-72.974234,4.481865],[-72.974115,4.481964],[-72.973955,4.482044],[-72.973816,4.482084],[-72.973557,4.482104],[-72.973238,4.482163],[-72.972999,4.482283],[-72.97282,4.482382],[-72.97264,4.482542],[-72.972481,4.482781],[-72.97246,4.482861],[-72.972361,4.483041],[-72.972241,4.483181],[-72.972121,4.48338],[-72.972002,4.48354],[-72.971782,4.48388],[-72.971642,4.484059],[-72.971343,4.484579],[-72.971342,4.484818],[-72.971421,4.485318],[-72.971341,4.485658],[-72.968354,4.485653],[-72.968215,4.485633],[-72.967976,4.485633],[-72.967465,4.4856]]]}},{"type":"Feature","properties":{"cod_bp":"B.2-P.2","bloque":2,"tono":2,"ha":25.9},"geometry":{"type":"Polygon","coordinates":[[[-72.968454,4.485654],[-72.971341,4.485658],[-72.971341,4.485958],[-72.970284,4.486536],[-72.970284,4.486935],[-72.970621,4.487695],[-72.97072,4.488075],[-72.97082,4.488135],[-72.970959,4.488435],[-72.971078,4.488615],[-72.971237,4.488836],[-72.971476,4.489056],[-72.971575,4.489236],[-72.971694,4.489396],[-72.971813,4.489476],[-72.971933,4.489616],[-72.972112,4.489736],[-72.972191,4.489856],[-72.972311,4.489996],[-72.972529,4.490137],[-72.972649,4.490197],[-72.972808,4.490337],[-72.972888,4.490417],[-72.972887,4.490477],[-72.972927,4.490497],[-72.973106,4.490757],[-72.973225,4.491097],[-72.973304,4.491297],[-72.973463,4.491497],[-72.973523,4.491597],[-72.973483,4.491637],[-72.973483,4.491997],[-72.973124,4.492236],[-72.973024,4.492216],[-72.972905,4.492276],[-72.972904,4.492815],[-72.972764,4.492835],[-72.972645,4.492875],[-72.972386,4.492914],[-72.972167,4.492914],[-72.97151,4.492793],[-72.971291,4.492713],[-72.970992,4.492573],[-72.970714,4.492332],[-72.970257,4.491972],[-72.970117,4.491832],[-72.9696,4.491351],[-72.969421,4.491111],[-72.969163,4.490671],[-72.968726,4.489971],[-72.967971,4.48913],[-72.967871,4.489031],[-72.967871,4.48899],[-72.967851,4.48895],[-72.967851,4.48887],[-72.967891,4.488771],[-72.967972,4.488471],[-72.968032,4.488131],[-72.968072,4.487971],[-72.968132,4.487772],[-72.968352,4.487252],[-72.968412,4.487093],[-72.968572,4.486573],[-72.968572,4.486493],[-72.968612,4.486213],[-72.968612,4.486054],[-72.968573,4.485854],[-72.968454,4.485654]]]}},{"type":"Feature","properties":{"cod_bp":"B.2-P.3","bloque":2,"tono":2,"ha":26.5},"geometry":{"type":"Polygon","coordinates":[[[-72.968354,4.485653],[-72.968454,4.485654],[-72.968573,4.485854],[-72.968592,4.485934],[-72.968612,4.486054],[-72.968612,4.486213],[-72.968572,4.486493],[-72.968572,4.486573],[-72.968412,4.487093],[-72.968332,4.487252],[-72.968132,4.487772],[-72.968032,4.488131],[-72.967972,4.488471],[-72.967891,4.488771],[-72.967851,4.48887],[-72.967851,4.48895],[-72.967871,4.48899],[-72.967871,4.489031],[-72.967911,4.489071],[-72.967871,4.48911],[-72.967871,4.48919],[-72.967909,4.49015],[-72.967928,4.490929],[-72.967967,4.491729],[-72.968285,4.492069],[-72.968543,4.492689],[-72.96894,4.493529],[-72.969019,4.493649],[-72.969018,4.494768],[-72.968918,4.495048],[-72.968838,4.495387],[-72.968457,4.496886],[-72.966264,4.498182],[-72.966025,4.498361],[-72.966006,4.497782],[-72.966166,4.497522],[-72.966306,4.497203],[-72.966366,4.496783],[-72.966286,4.496703],[-72.966288,4.495504],[-72.966428,4.495124],[-72.966529,4.494605],[-72.966808,4.494026],[-72.967008,4.493706],[-72.967208,4.493307],[-72.967228,4.492867],[-72.967348,4.492287],[-72.967329,4.492048],[-72.967429,4.491808],[-72.967529,4.491608],[-72.967609,4.491409],[-72.967609,4.490889],[-72.96751,4.490789],[-72.966914,4.490008],[-72.966795,4.489748],[-72.966715,4.489469],[-72.966616,4.489348],[-72.966079,4.488948],[-72.96592,4.488288],[-72.965922,4.486989],[-72.966003,4.486549],[-72.966083,4.48641],[-72.966063,4.48597],[-72.966064,4.48573],[-72.966084,4.48553],[-72.966622,4.485551],[-72.967338,4.485592],[-72.967816,4.485633],[-72.968195,4.485633],[-72.968354,4.485653]]]}},{"type":"Feature","properties":{"cod_bp":"B.2-P.4","bloque":2,"tono":2,"ha":14.2},"geometry":{"type":"Polygon","coordinates":[[[-72.969421,4.491111],[-72.9696,4.491351],[-72.970177,4.491912],[-72.970515,4.492192],[-72.970754,4.492372],[-72.970792,4.493412],[-72.970889,4.495111],[-72.969454,4.495948],[-72.969503,4.497282],[-72.969233,4.497127],[-72.969154,4.497047],[-72.968517,4.496666],[-72.968918,4.495048],[-72.969018,4.494768],[-72.969019,4.493649],[-72.96894,4.493529],[-72.968582,4.492749],[-72.968285,4.492069],[-72.967967,4.491729],[-72.967928,4.490929],[-72.967929,4.49053],[-72.96789,4.489632],[-72.96789,4.48943],[-72.967871,4.48911],[-72.967911,4.489071],[-72.968726,4.489971],[-72.969163,4.490671],[-72.969421,4.491111]]]}},{"type":"Feature","properties":{"cod_bp":"B.2-P.5","bloque":2,"tono":2,"ha":32.0},"geometry":{"type":"Polygon","coordinates":[[[-72.972764,4.492835],[-72.972904,4.492815],[-72.973581,4.492756],[-72.973641,4.492756],[-72.973741,4.492737],[-72.9738,4.492757],[-72.973882,4.492886],[-72.9739,4.492977],[-72.974406,4.494492],[-72.974494,4.494776],[-72.974554,4.494936],[-72.974574,4.495016],[-72.974613,4.495096],[-72.974613,4.495216],[-72.974593,4.495296],[-72.974573,4.495456],[-72.974553,4.495516],[-72.974493,4.495656],[-72.974373,4.495755],[-72.974234,4.495955],[-72.974193,4.496215],[-72.974133,4.496395],[-72.973196,4.497372],[-72.972857,4.497672],[-72.971163,4.498769],[-72.971202,4.499228],[-72.971779,4.499689],[-72.971818,4.499729],[-72.971818,4.499809],[-72.971838,4.499869],[-72.971798,4.499989],[-72.971698,4.500168],[-72.971519,4.500428],[-72.971279,4.500707],[-72.971279,4.501067],[-72.969824,4.501665],[-72.969784,4.501665],[-72.969785,4.501505],[-72.969765,4.501485],[-72.969725,4.501485],[-72.969647,4.499966],[-72.969608,4.499366],[-72.96957,4.498467],[-72.969556,4.498341],[-72.969512,4.497527],[-72.969512,4.497287],[-72.969454,4.495948],[-72.970889,4.495111],[-72.970754,4.492372],[-72.970814,4.492432],[-72.970992,4.492573],[-72.971291,4.492713],[-72.97151,4.492793],[-72.971908,4.492874],[-72.972167,4.492914],[-72.972386,4.492914],[-72.972645,4.492875],[-72.972764,4.492835]]]}},{"type":"Feature","properties":{"cod_bp":"B.2-P.6","bloque":2,"tono":2,"ha":16.0},"geometry":{"type":"Polygon","coordinates":[[[-72.966264,4.498182],[-72.968457,4.496886],[-72.968517,4.496666],[-72.969154,4.497047],[-72.969233,4.497127],[-72.969503,4.497282],[-72.969511,4.497607],[-72.969589,4.498986],[-72.969628,4.499906],[-72.969678,4.500608],[-72.969725,4.501485],[-72.968749,4.501483],[-72.96863,4.501443],[-72.967595,4.500842],[-72.967097,4.500561],[-72.966799,4.500501],[-72.966699,4.500761],[-72.966579,4.500761],[-72.966261,4.50046],[-72.966042,4.50014],[-72.966023,4.49982],[-72.965844,4.49962],[-72.965825,4.499021],[-72.965905,4.498741],[-72.966025,4.498361],[-72.966264,4.498182]]]}},{"type":"Feature","properties":{"cod_bp":"B.2-P.7","bloque":2,"tono":2,"ha":19.5},"geometry":{"type":"Polygon","coordinates":[[[-72.969466,4.501484],[-72.969765,4.501485],[-72.969784,4.501545],[-72.969784,4.501665],[-72.969824,4.501665],[-72.97108,4.501167],[-72.971279,4.501067],[-72.971298,4.501487],[-72.971418,4.501527],[-72.971517,4.501547],[-72.971756,4.501528],[-72.971856,4.501508],[-72.971975,4.501528],[-72.972334,4.501468],[-72.972413,4.501489],[-72.972453,4.501509],[-72.972533,4.501589],[-72.972552,4.501689],[-72.972572,4.501888],[-72.972511,4.502588],[-72.972451,4.502768],[-72.972411,4.502928],[-72.972311,4.503207],[-72.972191,4.503467],[-72.972092,4.503627],[-72.971912,4.503806],[-72.971773,4.503906],[-72.971653,4.504006],[-72.971354,4.504165],[-72.971373,4.504425],[-72.971194,4.504785],[-72.970994,4.505104],[-72.970735,4.505344],[-72.970475,4.505683],[-72.970176,4.505862],[-72.970037,4.505862],[-72.969977,4.505782],[-72.969838,4.505662],[-72.96954,4.505182],[-72.969461,4.505022],[-72.969302,4.504862],[-72.969083,4.504682],[-72.968406,4.504241],[-72.968187,4.504061],[-72.96793,4.503161],[-72.967791,4.502761],[-72.967613,4.502041],[-72.967235,4.501441],[-72.966818,4.501001],[-72.966699,4.500761],[-72.966799,4.500501],[-72.967097,4.500561],[-72.967853,4.501002],[-72.96863,4.501443],[-72.968729,4.501483],[-72.969466,4.501484]]]}},{"type":"Feature","properties":{"cod_bp":"B.2-P.8","bloque":2,"tono":2,"ha":5.2},"geometry":{"type":"Polygon","coordinates":[[[-72.973483,4.491997],[-72.973483,4.491797],[-72.973602,4.491757],[-72.973682,4.491717],[-72.973742,4.491697],[-72.973782,4.491697],[-72.973901,4.491777],[-72.97414,4.491778],[-72.97416,4.491618],[-72.97418,4.491558],[-72.974081,4.491458],[-72.974001,4.491318],[-72.974102,4.490838],[-72.974361,4.490679],[-72.97446,4.490699],[-72.97458,4.490759],[-72.97466,4.490719],[-72.974759,4.490719],[-72.974819,4.490759],[-72.974992,4.494997],[-72.974912,4.495037],[-72.974852,4.495056],[-72.974773,4.495036],[-72.974673,4.494996],[-72.974554,4.494936],[-72.974494,4.494776],[-72.974435,4.494576],[-72.974157,4.493756],[-72.973932,4.493064],[-72.9739,4.492917],[-72.9738,4.492757],[-72.973741,4.492737],[-72.973581,4.492756],[-72.972904,4.492815],[-72.972905,4.492276],[-72.972965,4.492256],[-72.973024,4.492216],[-72.973124,4.492236],[-72.973483,4.491997]]]}},{"type":"Feature","properties":{"cod_bp":"B.20-P.1","bloque":20,"tono":0,"ha":13.7},"geometry":{"type":"Polygon","coordinates":[[[-72.944329,4.530867],[-72.944289,4.531027],[-72.944189,4.531087],[-72.944109,4.531147],[-72.94399,4.531266],[-72.94387,4.531366],[-72.94377,4.531486],[-72.94367,4.531566],[-72.943571,4.531625],[-72.943531,4.531586],[-72.943511,4.531485],[-72.943511,4.531346],[-72.943492,4.531266],[-72.943452,4.531166],[-72.943333,4.531046],[-72.943273,4.530946],[-72.943234,4.530486],[-72.943194,4.530366],[-72.943175,4.530166],[-72.943175,4.530006],[-72.943076,4.529886],[-72.942996,4.529826],[-72.942956,4.529826],[-72.942876,4.529926],[-72.942757,4.529946],[-72.942717,4.529945],[-72.942677,4.530085],[-72.942637,4.530165],[-72.942537,4.530125],[-72.942438,4.530145],[-72.942358,4.530105],[-72.942239,4.530085],[-72.94208,4.530005],[-72.94198,4.529964],[-72.9419,4.529984],[-72.941761,4.529984],[-72.941602,4.529924],[-72.941502,4.529904],[-72.941402,4.529943],[-72.941581,4.530384],[-72.941621,4.530463],[-72.94174,4.530364],[-72.94184,4.530384],[-72.94192,4.530344],[-72.942059,4.530364],[-72.942119,4.530404],[-72.942198,4.530364],[-72.942338,4.530405],[-72.942417,4.530465],[-72.942497,4.530445],[-72.942557,4.530465],[-72.942616,4.530545],[-72.942676,4.530685],[-72.942756,4.530765],[-72.942815,4.530845],[-72.943034,4.531065],[-72.943074,4.531125],[-72.943113,4.531205],[-72.943193,4.531325],[-72.943272,4.531385],[-72.943292,4.531445],[-72.943312,4.531545],[-72.943312,4.531725],[-72.943351,4.531785],[-72.943371,4.531905],[-72.943431,4.532005],[-72.94349,4.532065],[-72.94359,4.532065],[-72.94369,4.532085],[-72.943789,4.532165],[-72.943829,4.532246],[-72.943908,4.532366],[-72.943948,4.532506],[-72.944007,4.532565],[-72.944087,4.532486],[-72.944207,4.532466],[-72.944406,4.532506],[-72.944446,4.532606],[-72.944525,4.532666],[-72.944644,4.532746],[-72.944724,4.532786],[-72.944804,4.532846],[-72.944863,4.532927],[-72.944923,4.532987],[-72.944943,4.533067],[-72.945002,4.533127],[-72.945042,4.533207],[-72.945062,4.533287],[-72.945102,4.533327],[-72.945121,4.533447],[-72.94512,4.534266],[-72.944782,4.534205],[-72.944364,4.534105],[-72.943985,4.534045],[-72.943747,4.533944],[-72.942117,4.531843],[-72.941799,4.531463],[-72.941719,4.531303],[-72.94166,4.531003],[-72.94164,4.530803],[-72.941601,4.530563],[-72.941541,4.530363],[-72.941521,4.530264],[-72.941502,4.530203],[-72.941363,4.529884],[-72.941323,4.529844],[-72.941263,4.529724],[-72.941204,4.529564],[-72.941065,4.529024],[-72.942997,4.529026],[-72.945275,4.52901],[-72.945586,4.52903],[-72.945599,4.52901],[-72.945606,4.52901],[-72.945446,4.52927],[-72.945346,4.52945],[-72.945287,4.52949],[-72.945147,4.529689],[-72.945107,4.529769],[-72.945087,4.529829],[-72.94503,4.529872],[-72.944987,4.529889],[-72.944868,4.530129],[-72.944788,4.530188],[-72.944588,4.530548],[-72.944508,4.530588],[-72.944408,4.530747],[-72.944369,4.530827],[-72.944329,4.530867]]]}},{"type":"Feature","properties":{"cod_bp":"B.20-P.10","bloque":20,"tono":0,"ha":29.5},"geometry":{"type":"Polygon","coordinates":[[[-72.937807,4.510771],[-72.937767,4.510771],[-72.939323,4.509115],[-72.939821,4.508556],[-72.940101,4.508257],[-72.94024,4.508117],[-72.94038,4.507957],[-72.94052,4.507817],[-72.9406,4.507718],[-72.940659,4.507658],[-72.940759,4.507598],[-72.940799,4.507558],[-72.940978,4.507459],[-72.941177,4.507359],[-72.941198,4.507359],[-72.941197,4.507399],[-72.941614,4.508499],[-72.949022,4.508509],[-72.94878,4.510788],[-72.937807,4.510771]]]}},{"type":"Feature","properties":{"cod_bp":"B.20-P.11","bloque":20,"tono":0,"ha":20.5},"geometry":{"type":"Polygon","coordinates":[[[-72.941197,4.507399],[-72.941198,4.507359],[-72.941257,4.507299],[-72.941297,4.507279],[-72.941337,4.507239],[-72.941357,4.507199],[-72.941417,4.507179],[-72.941457,4.507139],[-72.941736,4.50698],[-72.942852,4.506262],[-72.949265,4.506271],[-72.949022,4.508509],[-72.941614,4.508499],[-72.941416,4.507979],[-72.941217,4.507419],[-72.941197,4.507399]]]}},{"type":"Feature","properties":{"cod_bp":"B.20-P.12","bloque":20,"tono":0,"ha":17.0},"geometry":{"type":"Polygon","coordinates":[[[-72.943111,4.506262],[-72.942852,4.506262],[-72.943331,4.505963],[-72.945822,4.504448],[-72.94648,4.504029],[-72.947497,4.503431],[-72.948593,4.502753],[-72.949769,4.501995],[-72.949849,4.501955],[-72.950107,4.502116],[-72.950068,4.502195],[-72.949528,4.503654],[-72.949265,4.506271],[-72.943111,4.506262]]]}},{"type":"Feature","properties":{"cod_bp":"B.20-P.13","bloque":20,"tono":0,"ha":12.1},"geometry":{"type":"Polygon","coordinates":[[[-72.94735,4.525237],[-72.947425,4.524556],[-72.947425,4.524476],[-72.947486,4.523937],[-72.947506,4.523677],[-72.947566,4.523197],[-72.947668,4.522198],[-72.948165,4.522179],[-72.950097,4.522182],[-72.950416,4.522382],[-72.950575,4.522562],[-72.950814,4.522562],[-72.951053,4.522583],[-72.951073,4.522603],[-72.951271,4.523203],[-72.95133,4.523542],[-72.95127,4.523582],[-72.951191,4.523602],[-72.951031,4.523662],[-72.950892,4.523762],[-72.950752,4.523822],[-72.950593,4.523841],[-72.950453,4.523841],[-72.950294,4.523861],[-72.950115,4.524],[-72.949915,4.5242],[-72.949736,4.52434],[-72.949596,4.524379],[-72.949417,4.524559],[-72.949397,4.524699],[-72.949337,4.524839],[-72.949217,4.524998],[-72.949038,4.525058],[-72.948998,4.525138],[-72.948996,4.526257],[-72.948896,4.526257],[-72.948777,4.526137],[-72.948598,4.525777],[-72.948579,4.525657],[-72.948499,4.525637],[-72.948399,4.525677],[-72.94832,4.525697],[-72.9482,4.525796],[-72.9481,4.525816],[-72.948001,4.525816],[-72.947881,4.525756],[-72.947662,4.526095],[-72.947522,4.526295],[-72.947383,4.526335],[-72.947283,4.526315],[-72.947223,4.526275],[-72.947284,4.525875],[-72.94735,4.525237]]]}},{"type":"Feature","properties":{"cod_bp":"B.20-P.14","bloque":20,"tono":0,"ha":8.0},"geometry":{"type":"Polygon","coordinates":[[[-72.947796,4.520883],[-72.94789,4.51992],[-72.9503,4.519923],[-72.95028,4.520043],[-72.950279,4.520303],[-72.950299,4.520423],[-72.950359,4.520543],[-72.950378,4.520603],[-72.950438,4.520663],[-72.950498,4.520763],[-72.950538,4.520743],[-72.950637,4.520723],[-72.950717,4.520744],[-72.950777,4.520684],[-72.950877,4.520544],[-72.950897,4.520384],[-72.951056,4.520224],[-72.951096,4.520105],[-72.951176,4.520045],[-72.951236,4.520085],[-72.951235,4.520444],[-72.951135,4.520564],[-72.951036,4.520644],[-72.950956,4.520844],[-72.950956,4.521004],[-72.950896,4.521084],[-72.950895,4.521623],[-72.950815,4.521663],[-72.950815,4.521923],[-72.950775,4.521983],[-72.950655,4.521943],[-72.950656,4.521783],[-72.950556,4.521743],[-72.950377,4.521862],[-72.950197,4.522002],[-72.950157,4.522022],[-72.950097,4.522102],[-72.950018,4.522182],[-72.947668,4.522178],[-72.947769,4.521279],[-72.947796,4.520883]]]}},{"type":"Feature","properties":{"cod_bp":"B.20-P.15","bloque":20,"tono":0,"ha":7.7},"geometry":{"type":"Polygon","coordinates":[[[-72.947942,4.519471],[-72.947991,4.519041],[-72.948027,4.518517],[-72.948072,4.518141],[-72.948113,4.517642],[-72.950383,4.517625],[-72.950959,4.518885],[-72.950978,4.519105],[-72.950977,4.519645],[-72.950918,4.519685],[-72.950818,4.519604],[-72.950699,4.519604],[-72.950579,4.519704],[-72.950519,4.519724],[-72.950459,4.519724],[-72.95038,4.519704],[-72.95036,4.519724],[-72.95032,4.519884],[-72.9503,4.519923],[-72.94789,4.51992],[-72.94793,4.51962],[-72.947942,4.519471]]]}},{"type":"Feature","properties":{"cod_bp":"B.20-P.16","bloque":20,"tono":0,"ha":6.5},"geometry":{"type":"Polygon","coordinates":[[[-72.948293,4.515944],[-72.948577,4.513126],[-72.948699,4.511847],[-72.948818,4.511787],[-72.948938,4.511907],[-72.948716,4.513526],[-72.948716,4.513666],[-72.948736,4.513765],[-72.948795,4.513885],[-72.948974,4.514305],[-72.949173,4.514725],[-72.94953,4.515545],[-72.950383,4.517625],[-72.948611,4.517623],[-72.948113,4.517642],[-72.948213,4.516743],[-72.948293,4.515944]]]}},{"type":"Feature","properties":{"cod_bp":"B.20-P.17","bloque":20,"tono":0,"ha":26.3},"geometry":{"type":"Polygon","coordinates":[[[-72.950662,4.517666],[-72.952872,4.517569],[-72.956457,4.517474],[-72.956418,4.517514],[-72.956278,4.517794],[-72.956198,4.517994],[-72.956058,4.518493],[-72.956017,4.518913],[-72.955398,4.520051],[-72.955139,4.52049],[-72.954798,4.521629],[-72.954657,4.523048],[-72.954637,4.523168],[-72.954676,4.523707],[-72.954636,4.523807],[-72.954556,4.523887],[-72.954476,4.524007],[-72.954277,4.524206],[-72.953678,4.524725],[-72.952746,4.522485],[-72.951992,4.520765],[-72.950662,4.517666]]]}},{"type":"Feature","properties":{"cod_bp":"B.20-P.18","bloque":20,"tono":0,"ha":4.1},"geometry":{"type":"Polygon","coordinates":[[[-72.950107,4.502116],[-72.950346,4.502296],[-72.950226,4.502955],[-72.950045,4.504234],[-72.949964,4.504734],[-72.949823,4.505952],[-72.949742,4.506472],[-72.949682,4.506991],[-72.949622,4.507331],[-72.949581,4.507711],[-72.949541,4.508011],[-72.949461,4.50843],[-72.94942,4.50875],[-72.94932,4.509269],[-72.948982,4.509229],[-72.949123,4.50797],[-72.949285,4.506271],[-72.949366,4.505312],[-72.949507,4.503933],[-72.949528,4.503654],[-72.949808,4.502935],[-72.950107,4.502116]]]}},{"type":"Feature","properties":{"cod_bp":"B.20-P.2","bloque":20,"tono":0,"ha":13.5},"geometry":{"type":"Polygon","coordinates":[[[-72.945834,4.528695],[-72.945749,4.528803],[-72.945726,4.528811],[-72.945599,4.52901],[-72.941065,4.529024],[-72.940927,4.528444],[-72.940927,4.528364],[-72.940947,4.528324],[-72.941027,4.528264],[-72.941305,4.528185],[-72.941624,4.528125],[-72.941804,4.528105],[-72.941963,4.528106],[-72.941964,4.527366],[-72.941985,4.526727],[-72.947203,4.526734],[-72.947223,4.526774],[-72.947222,4.526834],[-72.947163,4.526834],[-72.947123,4.526854],[-72.947103,4.526894],[-72.947043,4.526954],[-72.945985,4.528471],[-72.945866,4.528631],[-72.945834,4.528695]]]}},{"type":"Feature","properties":{"cod_bp":"B.20-P.3","bloque":20,"tono":0,"ha":17.2},"geometry":{"type":"Polygon","coordinates":[[[-72.947203,4.526734],[-72.941985,4.526727],[-72.941985,4.526647],[-72.941886,4.526527],[-72.941706,4.526406],[-72.941528,4.526266],[-72.941229,4.525886],[-72.94103,4.525686],[-72.940891,4.525526],[-72.940812,4.525386],[-72.940792,4.525266],[-72.940713,4.525106],[-72.940613,4.524966],[-72.940554,4.524866],[-72.940434,4.524706],[-72.940474,4.524646],[-72.940674,4.524586],[-72.940952,4.524527],[-72.94149,4.524467],[-72.947425,4.524476],[-72.947304,4.525655],[-72.947264,4.525995],[-72.947203,4.526414],[-72.947183,4.526614],[-72.947203,4.526694],[-72.947203,4.526734]]]}},{"type":"Feature","properties":{"cod_bp":"B.20-P.4","bloque":20,"tono":0,"ha":18.0},"geometry":{"type":"Polygon","coordinates":[[[-72.947425,4.524476],[-72.94163,4.524468],[-72.941391,4.524088],[-72.941253,4.523688],[-72.941133,4.523448],[-72.941034,4.523408],[-72.940954,4.523307],[-72.940956,4.522328],[-72.941095,4.522208],[-72.941215,4.522149],[-72.941255,4.522169],[-72.947668,4.522178],[-72.947603,4.52283],[-72.947506,4.523657],[-72.947486,4.523917],[-72.947425,4.524476]]]}},{"type":"Feature","properties":{"cod_bp":"B.20-P.5","bloque":20,"tono":0,"ha":18.7},"geometry":{"type":"Polygon","coordinates":[[[-72.941255,4.522169],[-72.941215,4.522149],[-72.941217,4.52091],[-72.941118,4.520809],[-72.941018,4.520569],[-72.940879,4.520149],[-72.94086,4.51997],[-72.940621,4.51957],[-72.940622,4.51939],[-72.940662,4.51931],[-72.94104,4.51953],[-72.941039,4.51979],[-72.941298,4.51991],[-72.94789,4.51992],[-72.947809,4.520699],[-72.947749,4.521399],[-72.947668,4.522118],[-72.947668,4.522178],[-72.941255,4.522169]]]}},{"type":"Feature","properties":{"cod_bp":"B.20-P.6","bloque":20,"tono":0,"ha":24.0},"geometry":{"type":"Polygon","coordinates":[[[-72.940662,4.51931],[-72.940622,4.51939],[-72.940622,4.51943],[-72.940502,4.519529],[-72.940342,4.519689],[-72.940143,4.519809],[-72.940063,4.519928],[-72.939904,4.520108],[-72.939804,4.520068],[-72.939725,4.519988],[-72.939685,4.519908],[-72.939686,4.519428],[-72.939606,4.519168],[-72.939448,4.518788],[-72.93913,4.518188],[-72.939011,4.517928],[-72.938732,4.517608],[-72.948113,4.517622],[-72.947971,4.519081],[-72.947942,4.519471],[-72.94789,4.51992],[-72.941298,4.51991],[-72.941039,4.51979],[-72.94104,4.51953],[-72.940662,4.51931]]]}},{"type":"Feature","properties":{"cod_bp":"B.20-P.7","bloque":20,"tono":0,"ha":30.1},"geometry":{"type":"Polygon","coordinates":[[[-72.948113,4.517622],[-72.938732,4.517608],[-72.938335,4.517108],[-72.938295,4.517068],[-72.937957,4.516807],[-72.937539,4.516627],[-72.9374,4.516507],[-72.937161,4.516387],[-72.936882,4.516326],[-72.936424,4.516286],[-72.936465,4.515926],[-72.936485,4.515846],[-72.936505,4.515626],[-72.936565,4.515346],[-72.94835,4.515364],[-72.948113,4.517622]]]}},{"type":"Feature","properties":{"cod_bp":"B.20-P.8","bloque":20,"tono":0,"ha":32.9},"geometry":{"type":"Polygon","coordinates":[[[-72.94835,4.515364],[-72.936565,4.515346],[-72.936605,4.515127],[-72.936746,4.514487],[-72.937046,4.513049],[-72.948577,4.513066],[-72.94835,4.515364]]]}},{"type":"Feature","properties":{"cod_bp":"B.20-P.9","bloque":20,"tono":0,"ha":31.8},"geometry":{"type":"Polygon","coordinates":[[[-72.948577,4.513066],[-72.937046,4.513049],[-72.937287,4.51185],[-72.937428,4.511251],[-72.937448,4.511191],[-72.937547,4.511051],[-72.937587,4.510971],[-72.937627,4.510911],[-72.937767,4.510771],[-72.94878,4.510788],[-72.9488,4.510788],[-72.948577,4.513066]]]}},{"type":"Feature","properties":{"cod_bp":"B.21-P.1","bloque":21,"tono":4,"ha":4.8},"geometry":{"type":"Polygon","coordinates":[[[-72.974733,4.454364],[-72.974712,4.454724],[-72.974692,4.454844],[-72.974631,4.455623],[-72.974631,4.455783],[-72.974571,4.456243],[-72.97455,4.456462],[-72.972758,4.45646],[-72.972758,4.45614],[-72.972819,4.456],[-72.972938,4.45598],[-72.972958,4.455881],[-72.972958,4.455721],[-72.973018,4.455601],[-72.973058,4.455481],[-72.973038,4.455401],[-72.972959,4.455361],[-72.972839,4.455361],[-72.97272,4.455341],[-72.972561,4.45536],[-72.972461,4.45536],[-72.972123,4.45494],[-72.972083,4.45486],[-72.972442,4.454781],[-72.972701,4.454741],[-72.973039,4.454662],[-72.973318,4.454582],[-72.973936,4.454443],[-72.974414,4.454324],[-72.974554,4.454244],[-72.974574,4.454244],[-72.974852,4.454144],[-72.974872,4.454165],[-72.974852,4.454184],[-72.974832,4.454224],[-72.974793,4.454264],[-72.974733,4.454364]]]}},{"type":"Feature","properties":{"cod_bp":"B.21-P.10","bloque":21,"tono":4,"ha":12.7},"geometry":{"type":"Polygon","coordinates":[[[-72.979746,4.457989],[-72.976121,4.457984],[-72.976442,4.456805],[-72.976662,4.456026],[-72.976762,4.455626],[-72.981083,4.455633],[-72.981063,4.455672],[-72.981063,4.455692],[-72.981043,4.455752],[-72.981043,4.455812],[-72.980983,4.456012],[-72.980923,4.456252],[-72.980843,4.456412],[-72.980783,4.456551],[-72.980723,4.456851],[-72.980703,4.457051],[-72.980703,4.457211],[-72.980722,4.457351],[-72.980802,4.457591],[-72.980881,4.457711],[-72.980961,4.457731],[-72.981023,4.457731],[-72.980659,4.45799],[-72.979746,4.457989]]]}},{"type":"Feature","properties":{"cod_bp":"B.21-P.11","bloque":21,"tono":4,"ha":14.3},"geometry":{"type":"Polygon","coordinates":[[[-72.981083,4.455633],[-72.976762,4.455626],[-72.976765,4.453807],[-72.976844,4.453788],[-72.977163,4.453748],[-72.9779,4.453629],[-72.978338,4.45357],[-72.978378,4.45355],[-72.978637,4.45353],[-72.978836,4.453491],[-72.979175,4.453451],[-72.979374,4.453411],[-72.979513,4.453372],[-72.979613,4.453352],[-72.980091,4.453273],[-72.98037,4.453213],[-72.980669,4.453174],[-72.981027,4.453094],[-72.981485,4.453015],[-72.981625,4.453115],[-72.981843,4.453315],[-72.982122,4.453575],[-72.98246,4.453916],[-72.9825,4.453976],[-72.982539,4.454056],[-72.982559,4.454156],[-72.982559,4.454336],[-72.982539,4.454415],[-72.982479,4.454535],[-72.982419,4.454575],[-72.982419,4.454595],[-72.98226,4.454715],[-72.98212,4.454775],[-72.981881,4.454894],[-72.981861,4.454914],[-72.981582,4.455054],[-72.981442,4.455113],[-72.981243,4.455213],[-72.981223,4.455233],[-72.981163,4.455373],[-72.981083,4.455633]]]}},{"type":"Feature","properties":{"cod_bp":"B.21-P.12","bloque":21,"tono":4,"ha":10.8},"geometry":{"type":"Polygon","coordinates":[[[-72.981063,4.455672],[-72.981083,4.455633],[-72.986141,4.45564],[-72.98632,4.45594],[-72.98632,4.45602],[-72.9863,4.45606],[-72.9862,4.45614],[-72.986141,4.456219],[-72.986101,4.456379],[-72.98608,4.456539],[-72.986,4.456879],[-72.98598,4.457079],[-72.98598,4.457338],[-72.98594,4.457598],[-72.985481,4.457817],[-72.985461,4.457837],[-72.985162,4.457957],[-72.984923,4.457977],[-72.984844,4.457976],[-72.984644,4.458036],[-72.984425,4.458136],[-72.984244,4.458191],[-72.983532,4.456096],[-72.982974,4.456455],[-72.9828,4.456579],[-72.982516,4.456754],[-72.982046,4.457062],[-72.981917,4.457133],[-72.981579,4.457372],[-72.98116,4.457631],[-72.981023,4.457731],[-72.980961,4.457731],[-72.980881,4.457711],[-72.980802,4.457591],[-72.980722,4.457351],[-72.980703,4.457211],[-72.980703,4.457051],[-72.980723,4.456851],[-72.980783,4.456551],[-72.980843,4.456412],[-72.980923,4.456252],[-72.980983,4.456012],[-72.981043,4.455812],[-72.981043,4.455752],[-72.981063,4.455692],[-72.981063,4.455672]]]}},{"type":"Feature","properties":{"cod_bp":"B.21-P.13","bloque":21,"tono":4,"ha":11.0},"geometry":{"type":"Polygon","coordinates":[[[-72.981625,4.453115],[-72.981485,4.453015],[-72.983199,4.452698],[-72.984115,4.452539],[-72.984155,4.452599],[-72.984253,4.453079],[-72.984312,4.453559],[-72.984312,4.453639],[-72.984651,4.453839],[-72.984929,4.454019],[-72.985068,4.454099],[-72.985307,4.45432],[-72.985366,4.45444],[-72.985406,4.454599],[-72.985446,4.454699],[-72.985565,4.45486],[-72.985684,4.45498],[-72.986141,4.45564],[-72.981083,4.455633],[-72.981163,4.455373],[-72.981223,4.455233],[-72.981243,4.455213],[-72.981442,4.455113],[-72.981582,4.455054],[-72.981861,4.454914],[-72.981881,4.454894],[-72.98212,4.454775],[-72.98226,4.454715],[-72.982419,4.454595],[-72.982419,4.454575],[-72.982479,4.454535],[-72.982539,4.454415],[-72.982559,4.454336],[-72.982559,4.454156],[-72.982539,4.454056],[-72.9825,4.453976],[-72.98246,4.453916],[-72.982122,4.453575],[-72.981625,4.453115]]]}},{"type":"Feature","properties":{"cod_bp":"B.21-P.14","bloque":21,"tono":4,"ha":6.8},"geometry":{"type":"Polygon","coordinates":[[[-72.970103,4.460973],[-72.973668,4.460978],[-72.973767,4.461218],[-72.973846,4.461298],[-72.973906,4.461318],[-72.973946,4.461298],[-72.973966,4.461278],[-72.974046,4.461258],[-72.973906,4.461458],[-72.973746,4.461658],[-72.973347,4.462217],[-72.972728,4.463295],[-72.972449,4.463714],[-72.972449,4.463515],[-72.972429,4.463515],[-72.972349,4.463594],[-72.97225,4.463634],[-72.97219,4.463614],[-72.97213,4.463554],[-72.972133,4.461955],[-72.972053,4.461915],[-72.971993,4.461895],[-72.971874,4.461895],[-72.971774,4.462035],[-72.971434,4.462814],[-72.971295,4.462833],[-72.971156,4.462733],[-72.970997,4.462553],[-72.970838,4.462433],[-72.970718,4.462273],[-72.970699,4.461973],[-72.97054,4.461873],[-72.970421,4.461653],[-72.970261,4.461533],[-72.970182,4.461433],[-72.970102,4.461273],[-72.970103,4.460973]]]}},{"type":"Feature","properties":{"cod_bp":"B.21-P.15","bloque":21,"tono":4,"ha":8.0},"geometry":{"type":"Polygon","coordinates":[[[-72.970103,4.460533],[-72.970264,4.460114],[-72.970265,4.458755],[-72.972695,4.458758],[-72.972715,4.458798],[-72.972774,4.458978],[-72.973191,4.459918],[-72.973648,4.460978],[-72.970103,4.460973],[-72.970103,4.460533]]]}},{"type":"Feature","properties":{"cod_bp":"B.21-P.16","bloque":21,"tono":4,"ha":4.9},"geometry":{"type":"Polygon","coordinates":[[[-72.972695,4.458758],[-72.970265,4.458755],[-72.970246,4.458635],[-72.970305,4.458575],[-72.970365,4.458555],[-72.970425,4.458375],[-72.970465,4.458295],[-72.970486,4.457596],[-72.970506,4.457556],[-72.970566,4.457536],[-72.970626,4.457556],[-72.970745,4.457616],[-72.970844,4.457676],[-72.970924,4.457656],[-72.971004,4.457676],[-72.971163,4.457597],[-72.971165,4.456797],[-72.971284,4.456418],[-72.972161,4.456419],[-72.9722,4.456539],[-72.97224,4.456619],[-72.97232,4.456659],[-72.972379,4.456699],[-72.972459,4.456899],[-72.972538,4.456959],[-72.972538,4.457299],[-72.972636,4.458398],[-72.972695,4.458758]]]}},{"type":"Feature","properties":{"cod_bp":"B.21-P.2","bloque":21,"tono":4,"ha":5.2},"geometry":{"type":"Polygon","coordinates":[[[-72.972715,4.458798],[-72.972695,4.458758],[-72.972636,4.458398],[-72.972538,4.457299],[-72.972538,4.456959],[-72.972678,4.45684],[-72.972718,4.45676],[-72.972758,4.45658],[-72.972758,4.45646],[-72.97455,4.456462],[-72.974429,4.457462],[-72.974389,4.457981],[-72.974368,4.458421],[-72.974308,4.4588],[-72.972715,4.458798]]]}},{"type":"Feature","properties":{"cod_bp":"B.21-P.3","bloque":21,"tono":4,"ha":2.8},"geometry":{"type":"Polygon","coordinates":[[[-72.972735,4.458858],[-72.972715,4.458798],[-72.974308,4.4588],[-72.974147,4.460199],[-72.974046,4.461258],[-72.973966,4.461278],[-72.973946,4.461298],[-72.973906,4.461318],[-72.973846,4.461298],[-72.973787,4.461238],[-72.973668,4.460978],[-72.973648,4.460978],[-72.973191,4.459918],[-72.972774,4.458978],[-72.972735,4.458858]]]}},{"type":"Feature","properties":{"cod_bp":"B.21-P.4","bloque":21,"tono":4,"ha":4.2},"geometry":{"type":"Polygon","coordinates":[[[-72.974712,4.454724],[-72.974733,4.454364],[-72.974793,4.454264],[-72.974832,4.454224],[-72.974852,4.454184],[-72.974872,4.454165],[-72.974852,4.454144],[-72.974952,4.454105],[-72.974972,4.454085],[-72.975928,4.453946],[-72.976247,4.453887],[-72.976765,4.453807],[-72.976762,4.455626],[-72.974631,4.455623],[-72.974692,4.454844],[-72.974712,4.454724]]]}},{"type":"Feature","properties":{"cod_bp":"B.21-P.5","bloque":21,"tono":4,"ha":5.6},"geometry":{"type":"Polygon","coordinates":[[[-72.974631,4.455783],[-72.974631,4.455623],[-72.976762,4.455626],[-72.976662,4.456026],[-72.976442,4.456805],[-72.976121,4.457984],[-72.974389,4.457981],[-72.974429,4.457462],[-72.97455,4.456462],[-72.974571,4.456243],[-72.974631,4.455783]]]}},{"type":"Feature","properties":{"cod_bp":"B.21-P.6","bloque":21,"tono":4,"ha":4.1},"geometry":{"type":"Polygon","coordinates":[[[-72.974368,4.458421],[-72.974389,4.457981],[-72.976121,4.457984],[-72.975681,4.459462],[-72.975501,4.460101],[-72.975461,4.460201],[-72.974147,4.460199],[-72.974288,4.45894],[-72.974368,4.458421]]]}},{"type":"Feature","properties":{"cod_bp":"B.21-P.7","bloque":21,"tono":4,"ha":3.1},"geometry":{"type":"Polygon","coordinates":[[[-72.974046,4.461258],[-72.974147,4.460199],[-72.975401,4.460201],[-72.975399,4.46166],[-72.974841,4.462039],[-72.974064,4.462498],[-72.974065,4.461438],[-72.974046,4.461258]]]}},{"type":"Feature","properties":{"cod_bp":"B.21-P.8","bloque":21,"tono":4,"ha":1.9},"geometry":{"type":"Polygon","coordinates":[[[-72.975399,4.4614],[-72.975401,4.460201],[-72.977512,4.460204],[-72.977432,4.460244],[-72.977173,4.460444],[-72.976914,4.460603],[-72.976794,4.460703],[-72.976515,4.460882],[-72.976236,4.461082],[-72.976137,4.461142],[-72.975997,4.461241],[-72.975957,4.461281],[-72.975678,4.461461],[-72.975399,4.46166],[-72.975399,4.4614]]]}},{"type":"Feature","properties":{"cod_bp":"B.21-P.9","bloque":21,"tono":4,"ha":8.6},"geometry":{"type":"Polygon","coordinates":[[[-72.977512,4.460204],[-72.975461,4.460201],[-72.975501,4.460101],[-72.975681,4.459462],[-72.976121,4.457984],[-72.979746,4.457989],[-72.979745,4.458628],[-72.977512,4.460204]]]}},{"type":"Feature","properties":{"cod_bp":"B.231-P.1","bloque":231,"tono":1,"ha":32.8},"geometry":{"type":"Polygon","coordinates":[[[-72.893422,4.39233],[-72.894876,4.392132],[-72.895812,4.391994],[-72.89615,4.391934],[-72.898401,4.391618],[-72.898441,4.391818],[-72.898453,4.391818],[-72.89852,4.392078],[-72.898619,4.392397],[-72.898718,4.392777],[-72.898856,4.393257],[-72.898995,4.393817],[-72.899351,4.395037],[-72.899767,4.396656],[-72.893873,4.396648],[-72.893478,4.394888],[-72.893161,4.393549],[-72.893163,4.39237],[-72.893422,4.39233]]]}},{"type":"Feature","properties":{"cod_bp":"B.231-P.10","bloque":231,"tono":1,"ha":17.2},"geometry":{"type":"Polygon","coordinates":[[[-72.892897,4.409477],[-72.897477,4.409484],[-72.89747,4.41418],[-72.897191,4.414],[-72.897151,4.41394],[-72.897012,4.41384],[-72.896555,4.41354],[-72.896356,4.413339],[-72.895799,4.412839],[-72.895799,4.413059],[-72.893094,4.411096],[-72.892897,4.409477]]]}},{"type":"Feature","properties":{"cod_bp":"B.231-P.11","bloque":231,"tono":1,"ha":24.5},"geometry":{"type":"Polygon","coordinates":[[[-72.89747,4.413941],[-72.897477,4.409484],[-72.89915,4.409486],[-72.899627,4.410066],[-72.899786,4.410227],[-72.899905,4.410307],[-72.900164,4.410447],[-72.900462,4.410627],[-72.90084,4.411227],[-72.902312,4.412129],[-72.902551,4.412249],[-72.902889,4.41235],[-72.903506,4.41257],[-72.903804,4.412631],[-72.904362,4.412871],[-72.904401,4.412911],[-72.904421,4.412991],[-72.90442,4.413671],[-72.90446,4.413771],[-72.904539,4.413851],[-72.904698,4.413951],[-72.89747,4.413941]]]}},{"type":"Feature","properties":{"cod_bp":"B.231-P.12","bloque":231,"tono":1,"ha":24.9},"geometry":{"type":"Polygon","coordinates":[[[-72.89747,4.41418],[-72.89747,4.413941],[-72.904698,4.413951],[-72.907324,4.415813],[-72.907404,4.415914],[-72.907164,4.416053],[-72.906865,4.416332],[-72.906745,4.416472],[-72.906646,4.416572],[-72.906566,4.416632],[-72.906486,4.416672],[-72.906427,4.416692],[-72.905929,4.416691],[-72.904137,4.416748],[-72.90338,4.416787],[-72.901886,4.416785],[-72.901528,4.416844],[-72.901269,4.416844],[-72.901189,4.416804],[-72.900553,4.416423],[-72.900075,4.416063],[-72.899797,4.415843],[-72.899638,4.415743],[-72.899021,4.415302],[-72.898404,4.414881],[-72.897887,4.414481],[-72.897569,4.414261],[-72.89747,4.41418]]]}},{"type":"Feature","properties":{"cod_bp":"B.231-P.13","bloque":231,"tono":1,"ha":39.2},"geometry":{"type":"Polygon","coordinates":[[[-72.896833,4.41372],[-72.897012,4.41384],[-72.897191,4.414],[-72.897887,4.414481],[-72.898404,4.414881],[-72.899021,4.415302],[-72.899638,4.415743],[-72.899797,4.415843],[-72.900075,4.416063],[-72.900553,4.416423],[-72.901189,4.416804],[-72.901269,4.416844],[-72.901528,4.416844],[-72.901886,4.416785],[-72.90338,4.416787],[-72.904137,4.416748],[-72.905929,4.416691],[-72.906427,4.416692],[-72.906486,4.416672],[-72.906566,4.416632],[-72.906646,4.416572],[-72.906745,4.416472],[-72.906865,4.416332],[-72.907164,4.416053],[-72.909337,4.414777],[-72.905683,4.421067],[-72.905583,4.421067],[-72.898301,4.417379],[-72.895799,4.413059],[-72.895799,4.412839],[-72.896356,4.413339],[-72.896555,4.41354],[-72.896833,4.41372]]]}},{"type":"Feature","properties":{"cod_bp":"B.231-P.2","bloque":231,"tono":1,"ha":32.5},"geometry":{"type":"Polygon","coordinates":[[[-72.894071,4.397567],[-72.893873,4.396648],[-72.899767,4.396656],[-72.90052,4.399195],[-72.900936,4.400735],[-72.893588,4.400724],[-72.893588,4.400624],[-72.893608,4.400425],[-72.893789,4.399625],[-72.89391,4.398566],[-72.89393,4.398267],[-72.89407,4.397687],[-72.894071,4.397567]]]}},{"type":"Feature","properties":{"cod_bp":"B.231-P.3","bloque":231,"tono":1,"ha":37.1},"geometry":{"type":"Polygon","coordinates":[[[-72.893588,4.400784],[-72.893588,4.400724],[-72.900936,4.400735],[-72.901391,4.402374],[-72.902104,4.405014],[-72.895752,4.405004],[-72.895573,4.404764],[-72.89452,4.403424],[-72.89438,4.403164],[-72.894301,4.402984],[-72.894163,4.402324],[-72.894084,4.402044],[-72.894024,4.401664],[-72.893925,4.401464],[-72.893786,4.401244],[-72.893687,4.401064],[-72.893687,4.400944],[-72.893647,4.400904],[-72.893588,4.400884],[-72.893588,4.400784]]]}},{"type":"Feature","properties":{"cod_bp":"B.231-P.4","bloque":231,"tono":1,"ha":30.1},"geometry":{"type":"Polygon","coordinates":[[[-72.897659,4.407545],[-72.895752,4.405004],[-72.902104,4.405014],[-72.902896,4.407933],[-72.902896,4.407953],[-72.902955,4.408013],[-72.902975,4.408013],[-72.903831,4.408294],[-72.903829,4.409493],[-72.903809,4.409493],[-72.903769,4.409513],[-72.90373,4.409513],[-72.90365,4.409493],[-72.89915,4.409486],[-72.898494,4.408606],[-72.898156,4.408166],[-72.897659,4.407545]]]}},{"type":"Feature","properties":{"cod_bp":"B.231-P.5","bloque":231,"tono":1,"ha":40.5},"geometry":{"type":"Polygon","coordinates":[[[-72.899269,4.409626],[-72.89915,4.409486],[-72.90365,4.409493],[-72.90373,4.409513],[-72.903769,4.409513],[-72.903809,4.409493],[-72.903829,4.409493],[-72.903831,4.408294],[-72.906677,4.409217],[-72.906677,4.409637],[-72.906736,4.409697],[-72.906756,4.409857],[-72.906875,4.409717],[-72.907035,4.409717],[-72.907174,4.409797],[-72.907172,4.411077],[-72.907012,4.411396],[-72.906932,4.411536],[-72.906813,4.411696],[-72.906812,4.411916],[-72.906932,4.412016],[-72.90709,4.412356],[-72.90709,4.412595],[-72.907229,4.412675],[-72.907508,4.412596],[-72.907727,4.412636],[-72.907966,4.412497],[-72.908066,4.412317],[-72.908067,4.411757],[-72.908346,4.411698],[-72.908505,4.411618],[-72.908816,4.412846],[-72.908842,4.412978],[-72.909059,4.413817],[-72.909198,4.414317],[-72.909198,4.414597],[-72.909237,4.414757],[-72.909257,4.414797],[-72.909238,4.414835],[-72.907404,4.415914],[-72.907324,4.415813],[-72.904698,4.413951],[-72.904539,4.413851],[-72.90446,4.413771],[-72.90442,4.413671],[-72.904421,4.412991],[-72.904401,4.412911],[-72.904362,4.412871],[-72.903804,4.412631],[-72.903506,4.41257],[-72.902889,4.41235],[-72.902551,4.412249],[-72.902312,4.412129],[-72.90084,4.411227],[-72.900462,4.410627],[-72.900164,4.410447],[-72.899905,4.410307],[-72.899786,4.410227],[-72.899627,4.410066],[-72.899269,4.409626]]]}},{"type":"Feature","properties":{"cod_bp":"B.231-P.6","bloque":231,"tono":1,"ha":5.7},"geometry":{"type":"Polygon","coordinates":[[[-72.893873,4.396648],[-72.892041,4.396645],[-72.892625,4.392429],[-72.892705,4.392429],[-72.893163,4.39237],[-72.893161,4.393549],[-72.893873,4.396648]]]}},{"type":"Feature","properties":{"cod_bp":"B.231-P.7","bloque":231,"tono":1,"ha":10.5},"geometry":{"type":"Polygon","coordinates":[[[-72.891537,4.400641],[-72.892041,4.396645],[-72.893873,4.396648],[-72.894071,4.397567],[-72.89407,4.397687],[-72.89393,4.398267],[-72.893789,4.399625],[-72.893608,4.400425],[-72.893588,4.400624],[-72.893588,4.400884],[-72.893548,4.400864],[-72.891537,4.400641]]]}},{"type":"Feature","properties":{"cod_bp":"B.231-P.8","bloque":231,"tono":1,"ha":11.6},"geometry":{"type":"Polygon","coordinates":[[[-72.893548,4.400864],[-72.893647,4.400904],[-72.893687,4.400944],[-72.893687,4.401064],[-72.893786,4.401244],[-72.893925,4.401464],[-72.894024,4.401664],[-72.894084,4.402044],[-72.894163,4.402324],[-72.894301,4.402984],[-72.89438,4.403164],[-72.89452,4.403424],[-72.895573,4.404764],[-72.895752,4.405004],[-72.894139,4.405002],[-72.89412,4.404363],[-72.89406,4.404243],[-72.893961,4.404142],[-72.893802,4.404062],[-72.893682,4.404022],[-72.893543,4.404042],[-72.893463,4.404042],[-72.893224,4.404001],[-72.892826,4.404201],[-72.892707,4.403961],[-72.892708,4.403261],[-72.892628,4.403221],[-72.892429,4.403141],[-72.89231,4.403141],[-72.89209,4.40322],[-72.891831,4.40334],[-72.891592,4.40348],[-72.891572,4.403499],[-72.891275,4.40266],[-72.891275,4.40256],[-72.891537,4.400641],[-72.893548,4.400864]]]}},{"type":"Feature","properties":{"cod_bp":"B.231-P.9","bloque":231,"tono":1,"ha":25.5},"geometry":{"type":"Polygon","coordinates":[[[-72.894139,4.405002],[-72.895752,4.405004],[-72.897659,4.407545],[-72.898156,4.408166],[-72.898494,4.408606],[-72.89915,4.409486],[-72.892897,4.409477],[-72.892465,4.405959],[-72.892466,4.40532],[-72.892645,4.4054],[-72.892764,4.40548],[-72.892824,4.4056],[-72.892983,4.40564],[-72.893082,4.40568],[-72.893242,4.40568],[-72.893361,4.40566],[-72.893441,4.405621],[-72.8936,4.405501],[-72.89376,4.405361],[-72.893919,4.405162],[-72.894139,4.405002]]]}},{"type":"Feature","properties":{"cod_bp":"B.3-P.1","bloque":3,"tono":0,"ha":26.7},"geometry":{"type":"Polygon","coordinates":[[[-72.977357,4.484747],[-72.976799,4.485086],[-72.97646,4.485326],[-72.976201,4.485485],[-72.976081,4.485745],[-72.975941,4.486024],[-72.975761,4.486364],[-72.975721,4.486464],[-72.975721,4.486644],[-72.975779,4.487743],[-72.97558,4.487883],[-72.97558,4.487863],[-72.9755,4.487802],[-72.975321,4.487722],[-72.974644,4.487381],[-72.974306,4.487201],[-72.974286,4.487181],[-72.974266,4.487141],[-72.974267,4.486941],[-72.974247,4.486681],[-72.974247,4.486601],[-72.974227,4.486601],[-72.974168,4.486561],[-72.974068,4.486521],[-72.973491,4.486221],[-72.972894,4.48592],[-72.972894,4.4859],[-72.972874,4.48586],[-72.972875,4.48564],[-72.972836,4.48496],[-72.972996,4.484661],[-72.973215,4.484222],[-72.973494,4.484042],[-72.973574,4.484002],[-72.973634,4.483982],[-72.973733,4.484042],[-72.973793,4.484023],[-72.973873,4.483983],[-72.973953,4.483923],[-72.974012,4.483863],[-72.974032,4.483803],[-72.974073,4.483623],[-72.974132,4.483463],[-72.974153,4.483324],[-72.974193,4.483184],[-72.974213,4.483144],[-72.974233,4.483064],[-72.974272,4.483004],[-72.974293,4.482924],[-72.974333,4.482864],[-72.974373,4.482724],[-72.974393,4.482624],[-72.974412,4.482604],[-72.974413,4.482444],[-72.974433,4.482365],[-72.974453,4.482325],[-72.974532,4.482285],[-72.974572,4.482245],[-72.974612,4.482225],[-72.974632,4.482185],[-72.974652,4.482165],[-72.974692,4.482085],[-72.974792,4.481865],[-72.974872,4.481766],[-72.974892,4.481726],[-72.974932,4.481686],[-72.974971,4.481666],[-72.975011,4.481626],[-72.97535,4.481407],[-72.975649,4.481187],[-72.975649,4.481107],[-72.975629,4.481087],[-72.97565,4.481067],[-72.975849,4.480968],[-72.975968,4.480928],[-72.976028,4.480888],[-72.976068,4.480848],[-72.976088,4.480808],[-72.976148,4.480748],[-72.976367,4.480609],[-72.976447,4.480509],[-72.976626,4.480229],[-72.976866,4.48011],[-72.977065,4.48009],[-72.977304,4.48021],[-72.977363,4.48039],[-72.977403,4.48047],[-72.977542,4.48057],[-72.977661,4.48067],[-72.977761,4.48085],[-72.977761,4.48103],[-72.97782,4.48139],[-72.977839,4.48159],[-72.977839,4.48167],[-72.977799,4.48183],[-72.977799,4.48199],[-72.977819,4.48215],[-72.977818,4.48225],[-72.977838,4.48233],[-72.977917,4.482989],[-72.977996,4.483109],[-72.978136,4.483249],[-72.978295,4.483429],[-72.978294,4.483589],[-72.978274,4.483649],[-72.977955,4.484069],[-72.977855,4.484268],[-72.977795,4.484408],[-72.977716,4.484528],[-72.977436,4.484707],[-72.977357,4.484747]]]}},{"type":"Feature","properties":{"cod_bp":"B.3-P.10","bloque":3,"tono":0,"ha":24.6},"geometry":{"type":"Polygon","coordinates":[[[-72.978767,4.514569],[-72.978647,4.514629],[-72.978588,4.514629],[-72.978508,4.514648],[-72.978368,4.514808],[-72.978169,4.515088],[-72.978069,4.515248],[-72.978069,4.515167],[-72.978089,4.515088],[-72.978089,4.514908],[-72.97807,4.514848],[-72.97807,4.514368],[-72.978051,4.513748],[-72.978052,4.513549],[-72.978028,4.513149],[-72.977994,4.512169],[-72.977871,4.509368],[-72.977744,4.506173],[-72.979438,4.505076],[-72.979478,4.505016],[-72.979956,4.504797],[-72.979976,4.505057],[-72.980055,4.505157],[-72.979995,4.505437],[-72.979935,4.505817],[-72.979953,4.506956],[-72.979992,4.507436],[-72.980089,4.509554],[-72.980088,4.510174],[-72.980127,4.510814],[-72.980218,4.512601],[-72.980281,4.514051],[-72.980301,4.514291],[-72.979624,4.51443],[-72.978767,4.514569]]]}},{"type":"Feature","properties":{"cod_bp":"B.3-P.2","bloque":3,"tono":0,"ha":17.0},"geometry":{"type":"Polygon","coordinates":[[[-72.97556,4.487843],[-72.97558,4.487863],[-72.975579,4.488062],[-72.975696,4.490421],[-72.975715,4.490441],[-72.975656,4.490441],[-72.975437,4.490361],[-72.975218,4.4903],[-72.975039,4.49022],[-72.974959,4.49016],[-72.974959,4.49004],[-72.974939,4.48998],[-72.974919,4.48996],[-72.97484,4.48994],[-72.97476,4.4899],[-72.97474,4.4899],[-72.974701,4.48988],[-72.974621,4.48986],[-72.974581,4.48986],[-72.974422,4.4898],[-72.974342,4.489779],[-72.974263,4.489739],[-72.974124,4.489619],[-72.974044,4.489579],[-72.973984,4.489539],[-72.973924,4.489519],[-72.973706,4.489379],[-72.973546,4.489299],[-72.973387,4.489238],[-72.973268,4.489178],[-72.973089,4.489118],[-72.973049,4.489098],[-72.97273,4.489097],[-72.972651,4.489057],[-72.972591,4.488997],[-72.972551,4.488977],[-72.972511,4.488937],[-72.972472,4.488837],[-72.972392,4.488677],[-72.972373,4.488577],[-72.972293,4.488397],[-72.972174,4.488157],[-72.972134,4.488017],[-72.972095,4.487937],[-72.972055,4.487877],[-72.971936,4.487817],[-72.971697,4.487717],[-72.971637,4.487677],[-72.971577,4.487657],[-72.971557,4.487617],[-72.971557,4.487577],[-72.971538,4.487517],[-72.971538,4.487477],[-72.971498,4.487357],[-72.971478,4.487317],[-72.971478,4.487257],[-72.971458,4.487217],[-72.971458,4.487157],[-72.971419,4.487077],[-72.971379,4.486957],[-72.9713,4.486797],[-72.97128,4.486737],[-72.9713,4.486717],[-72.9713,4.486677],[-72.97134,4.486577],[-72.9714,4.486517],[-72.97146,4.486298],[-72.9715,4.486218],[-72.97152,4.486138],[-72.97158,4.485998],[-72.97158,4.485898],[-72.97154,4.485818],[-72.97148,4.485738],[-72.97154,4.485638],[-72.97154,4.485598],[-72.971501,4.485458],[-72.971481,4.485298],[-72.971382,4.484819],[-72.971382,4.484758],[-72.971482,4.484619],[-72.971701,4.484399],[-72.971841,4.484339],[-72.97196,4.48432],[-72.97204,4.48432],[-72.9721,4.48436],[-72.972319,4.48436],[-72.972379,4.48432],[-72.972419,4.48422],[-72.972439,4.4842],[-72.972598,4.484121],[-72.972797,4.484001],[-72.972917,4.483941],[-72.973017,4.483841],[-72.973096,4.483782],[-72.973176,4.483742],[-72.973236,4.483702],[-72.973336,4.483662],[-72.973435,4.483662],[-72.973495,4.483702],[-72.973515,4.483722],[-72.973535,4.483762],[-72.973534,4.483802],[-72.973554,4.483862],[-72.973594,4.483942],[-72.973634,4.483982],[-72.973574,4.484002],[-72.973494,4.484042],[-72.973215,4.484222],[-72.972996,4.484661],[-72.972836,4.48496],[-72.972875,4.48564],[-72.972874,4.48586],[-72.972894,4.4859],[-72.972894,4.48592],[-72.973491,4.486221],[-72.974068,4.486521],[-72.974168,4.486561],[-72.974227,4.486601],[-72.974247,4.486601],[-72.974247,4.486681],[-72.974267,4.486941],[-72.974266,4.487141],[-72.974286,4.487181],[-72.974306,4.487201],[-72.974644,4.487381],[-72.975321,4.487722],[-72.9755,4.487802],[-72.97556,4.487843]]]}},{"type":"Feature","properties":{"cod_bp":"B.3-P.3","bloque":3,"tono":0,"ha":31.6},"geometry":{"type":"Polygon","coordinates":[[[-72.976164,4.497017],[-72.976144,4.496997],[-72.976204,4.496917],[-72.976264,4.496857],[-72.976523,4.496538],[-72.976643,4.496418],[-72.976743,4.496298],[-72.976802,4.496199],[-72.976822,4.496119],[-72.976823,4.495999],[-72.976863,4.495759],[-72.976863,4.495639],[-72.976903,4.495479],[-72.976903,4.495379],[-72.976943,4.4952],[-72.976983,4.49508],[-72.977063,4.49474],[-72.977084,4.4945],[-72.977104,4.49438],[-72.977104,4.494001],[-72.977084,4.493961],[-72.977064,4.49394],[-72.977005,4.49394],[-72.976985,4.49396],[-72.976945,4.49398],[-72.976905,4.49398],[-72.976845,4.49396],[-72.976766,4.49392],[-72.976726,4.49388],[-72.976666,4.4938],[-72.976587,4.49366],[-72.976547,4.49362],[-72.976527,4.49356],[-72.976488,4.4935],[-72.976448,4.49338],[-72.976448,4.49334],[-72.976428,4.49324],[-72.976428,4.49308],[-72.976449,4.49302],[-72.976449,4.493],[-72.976489,4.49294],[-72.976529,4.492801],[-72.976529,4.492661],[-72.976509,4.492601],[-72.976489,4.492581],[-72.976449,4.492481],[-72.97641,4.492441],[-72.97639,4.492381],[-72.97635,4.492301],[-72.976251,4.492141],[-72.976211,4.492061],[-72.976191,4.492001],[-72.976191,4.491941],[-72.976211,4.491881],[-72.976251,4.491801],[-72.976271,4.491701],[-72.976291,4.491661],[-72.976291,4.491621],[-72.976271,4.491581],[-72.976232,4.491441],[-72.976132,4.491261],[-72.976113,4.491181],[-72.976073,4.491121],[-72.976073,4.491081],[-72.976053,4.491021],[-72.976053,4.490981],[-72.975994,4.490801],[-72.975894,4.490641],[-72.975875,4.490581],[-72.975775,4.490481],[-72.975696,4.490421],[-72.975579,4.488062],[-72.97558,4.487883],[-72.975779,4.487743],[-72.975721,4.486644],[-72.975721,4.486464],[-72.975761,4.486364],[-72.975941,4.486024],[-72.976081,4.485745],[-72.976201,4.485485],[-72.97646,4.485326],[-72.976799,4.485086],[-72.977357,4.484747],[-72.977416,4.484967],[-72.977496,4.485187],[-72.977595,4.485227],[-72.977695,4.485207],[-72.977774,4.485247],[-72.977834,4.485328],[-72.977833,4.485927],[-72.977852,4.486207],[-72.977892,4.486467],[-72.977951,4.486687],[-72.97815,4.487087],[-72.978249,4.487327],[-72.978368,4.487527],[-72.978487,4.487787],[-72.978726,4.488067],[-72.979004,4.488367],[-72.979064,4.488447],[-72.979223,4.488707],[-72.979362,4.489147],[-72.979361,4.489327],[-72.979421,4.489587],[-72.97954,4.489747],[-72.979659,4.489847],[-72.97954,4.489907],[-72.978882,4.490326],[-72.978683,4.490445],[-72.978643,4.490485],[-72.978643,4.490605],[-72.97874,4.492324],[-72.978759,4.492864],[-72.978778,4.493164],[-72.978778,4.493463],[-72.978798,4.493503],[-72.978778,4.493523],[-72.978778,4.493543],[-72.978319,4.493823],[-72.977362,4.494461],[-72.977362,4.49462],[-72.97744,4.496259],[-72.977439,4.496379],[-72.977497,4.497539],[-72.977517,4.497739],[-72.976184,4.497037],[-72.976164,4.497017]]]}},{"type":"Feature","properties":{"cod_bp":"B.3-P.4","bloque":3,"tono":0,"ha":27.1},"geometry":{"type":"Polygon","coordinates":[[[-72.978631,4.49832],[-72.977517,4.497739],[-72.977497,4.497539],[-72.977439,4.496379],[-72.97744,4.496259],[-72.977362,4.49462],[-72.977362,4.494461],[-72.978319,4.493823],[-72.978778,4.493543],[-72.978778,4.493523],[-72.978798,4.493503],[-72.978778,4.493463],[-72.978778,4.493164],[-72.978759,4.492864],[-72.97874,4.492324],[-72.978643,4.490605],[-72.978643,4.490485],[-72.978683,4.490445],[-72.978882,4.490326],[-72.97954,4.489907],[-72.979659,4.489847],[-72.979838,4.489987],[-72.980177,4.490228],[-72.980515,4.490448],[-72.980754,4.490628],[-72.981092,4.490849],[-72.981569,4.491209],[-72.982027,4.491569],[-72.982186,4.491709],[-72.982225,4.491949],[-72.982285,4.492409],[-72.982284,4.492709],[-72.982264,4.492869],[-72.982224,4.493049],[-72.982184,4.493348],[-72.982183,4.493948],[-72.982202,4.494228],[-72.982182,4.494428],[-72.981923,4.494647],[-72.981464,4.494886],[-72.981026,4.495086],[-72.980348,4.495444],[-72.97995,4.495664],[-72.979611,4.495883],[-72.979391,4.496103],[-72.979112,4.496282],[-72.979013,4.496402],[-72.978893,4.496302],[-72.978913,4.496222],[-72.978854,4.495702],[-72.978675,4.495822],[-72.978713,4.496781],[-72.978791,4.49822],[-72.978791,4.49834],[-72.978631,4.49832]]]}},{"type":"Feature","properties":{"cod_bp":"B.3-P.5","bloque":3,"tono":0,"ha":12.9},"geometry":{"type":"Polygon","coordinates":[[[-72.974369,4.498773],[-72.974548,4.498554],[-72.974588,4.498514],[-72.974628,4.498494],[-72.974688,4.498434],[-72.975007,4.498155],[-72.975206,4.497995],[-72.975386,4.497815],[-72.975446,4.497776],[-72.975506,4.497716],[-72.975645,4.497616],[-72.975705,4.497516],[-72.975925,4.497217],[-72.975984,4.497157],[-72.976064,4.497097],[-72.976144,4.496997],[-72.976184,4.497037],[-72.978631,4.49832],[-72.978791,4.49834],[-72.97885,4.49842],[-72.97899,4.49854],[-72.979089,4.49874],[-72.979148,4.49888],[-72.979168,4.49902],[-72.979168,4.4992],[-72.979187,4.49942],[-72.979264,4.501299],[-72.974389,4.498813],[-72.974369,4.498773]]]}},{"type":"Feature","properties":{"cod_bp":"B.3-P.6","bloque":3,"tono":0,"ha":19.1},"geometry":{"type":"Polygon","coordinates":[[[-72.973549,4.50121],[-72.973509,4.50115],[-72.97351,4.500691],[-72.973491,4.500031],[-72.973511,4.499971],[-72.973511,4.499931],[-72.973651,4.499732],[-72.97383,4.499512],[-72.97395,4.499352],[-72.974309,4.498833],[-72.974369,4.498773],[-72.974389,4.498813],[-72.979264,4.501299],[-72.979362,4.502898],[-72.978743,4.503776],[-72.978663,4.503876],[-72.973549,4.50121]]]}},{"type":"Feature","properties":{"cod_bp":"B.3-P.7","bloque":3,"tono":0,"ha":32.1},"geometry":{"type":"Polygon","coordinates":[[[-72.972168,4.505925],[-72.972248,4.505785],[-72.972288,4.505686],[-72.972368,4.505546],[-72.972447,4.505366],[-72.972567,4.505166],[-72.972667,4.504947],[-72.972687,4.504867],[-72.972727,4.504787],[-72.972747,4.504687],[-72.972867,4.504487],[-72.972967,4.504268],[-72.973067,4.504108],[-72.973187,4.503788],[-72.973267,4.503528],[-72.973267,4.503388],[-72.973366,4.503369],[-72.973406,4.503249],[-72.973486,4.503069],[-72.973527,4.502769],[-72.973527,4.502629],[-72.973547,4.50243],[-72.973527,4.50227],[-72.973529,4.50149],[-72.973509,4.50115],[-72.973549,4.50121],[-72.978663,4.503876],[-72.977685,4.505174],[-72.977724,4.505973],[-72.977741,4.506147],[-72.977821,4.508112],[-72.977839,4.508851],[-72.972168,4.505925]]]}},{"type":"Feature","properties":{"cod_bp":"B.3-P.8","bloque":3,"tono":0,"ha":31.1},"geometry":{"type":"Polygon","coordinates":[[[-72.972168,4.505925],[-72.977839,4.508851],[-72.977871,4.509368],[-72.977975,4.511744],[-72.978013,4.512889],[-72.978051,4.513748],[-72.978051,4.514028],[-72.97807,4.514368],[-72.97807,4.514708],[-72.977711,4.514907],[-72.977253,4.514627],[-72.977174,4.514487],[-72.977075,4.514347],[-72.977015,4.514187],[-72.976936,4.514027],[-72.976837,4.513747],[-72.976737,4.513347],[-72.976718,4.513107],[-72.976678,4.513047],[-72.97626,4.512847],[-72.975823,4.512606],[-72.975584,4.512406],[-72.975484,4.512266],[-72.975405,4.512186],[-72.975305,4.512066],[-72.975246,4.511946],[-72.975207,4.511426],[-72.974809,4.511205],[-72.97463,4.511205],[-72.97455,4.511225],[-72.97449,4.511225],[-72.97443,4.511185],[-72.974132,4.510945],[-72.974092,4.510905],[-72.973953,4.510605],[-72.973894,4.510525],[-72.973456,4.510284],[-72.973356,4.510184],[-72.973297,4.510104],[-72.973158,4.509824],[-72.973039,4.509604],[-72.972999,4.509504],[-72.97284,4.509184],[-72.972801,4.509084],[-72.972741,4.509004],[-72.972721,4.508924],[-72.972542,4.508544],[-72.972463,4.508344],[-72.972324,4.508064],[-72.972264,4.507924],[-72.972126,4.507644],[-72.972046,4.507504],[-72.972026,4.507444],[-72.971907,4.507224],[-72.971848,4.506884],[-72.971868,4.506644],[-72.971908,4.506504],[-72.971988,4.506285],[-72.972048,4.506145],[-72.972088,4.506085],[-72.972168,4.505925]]]}},{"type":"Feature","properties":{"cod_bp":"B.3-P.9","bloque":3,"tono":0,"ha":15.9},"geometry":{"type":"Polygon","coordinates":[[[-72.977741,4.506147],[-72.977724,4.505733],[-72.977685,4.505174],[-72.978743,4.503776],[-72.979362,4.502898],[-72.979187,4.49942],[-72.979168,4.4992],[-72.979168,4.49902],[-72.979148,4.49888],[-72.979089,4.49874],[-72.97899,4.49854],[-72.97885,4.49842],[-72.978791,4.49834],[-72.978791,4.49822],[-72.978713,4.496781],[-72.978675,4.495822],[-72.978854,4.495702],[-72.978913,4.496222],[-72.978893,4.496302],[-72.979013,4.496402],[-72.979072,4.496702],[-72.979072,4.496901],[-72.979131,4.497081],[-72.979191,4.497161],[-72.97927,4.497222],[-72.97935,4.497262],[-72.97945,4.497282],[-72.979509,4.497322],[-72.979847,4.498062],[-72.980025,4.498362],[-72.980184,4.498522],[-72.980304,4.498582],[-72.980383,4.498702],[-72.979765,4.499681],[-72.979665,4.49978],[-72.979665,4.4999],[-72.979784,4.50014],[-72.979844,4.50016],[-72.979943,4.50016],[-72.980003,4.500101],[-72.980163,4.499981],[-72.980342,4.499921],[-72.980461,4.499901],[-72.98082,4.499962],[-72.980939,4.500002],[-72.981078,4.500082],[-72.981178,4.500122],[-72.981377,4.500163],[-72.981516,4.500183],[-72.981596,4.500203],[-72.981616,4.500383],[-72.981217,4.500662],[-72.980997,4.501101],[-72.980976,4.501781],[-72.980935,4.50272],[-72.979956,4.504797],[-72.979478,4.505016],[-72.979438,4.505076],[-72.977843,4.506113],[-72.977744,4.506173],[-72.977741,4.506147]]]}},{"type":"Feature","properties":{"cod_bp":"B.30-P.1","bloque":30,"tono":0,"ha":7.6},"geometry":{"type":"Polygon","coordinates":[[[-72.971122,4.417924],[-72.968993,4.416702],[-72.968317,4.415721],[-72.968079,4.415181],[-72.967961,4.414662],[-72.968339,4.414442],[-72.968419,4.414442],[-72.969891,4.415344],[-72.971821,4.416446],[-72.97202,4.416566],[-72.971262,4.417664],[-72.971262,4.417724],[-72.971122,4.417924]]]}},{"type":"Feature","properties":{"cod_bp":"B.30-P.2","bloque":30,"tono":0,"ha":39.3},"geometry":{"type":"Polygon","coordinates":[[[-72.964045,4.409919],[-72.964005,4.409879],[-72.966016,4.409662],[-72.966036,4.409642],[-72.966076,4.409642],[-72.966096,4.409662],[-72.966156,4.409662],[-72.966196,4.409682],[-72.966235,4.409682],[-72.966255,4.409702],[-72.966514,4.409723],[-72.966554,4.409743],[-72.966574,4.409743],[-72.966594,4.409723],[-72.966614,4.409723],[-72.966713,4.409663],[-72.966773,4.409663],[-72.966833,4.409643],[-72.967151,4.409624],[-72.973856,4.413551],[-72.973816,4.41387],[-72.973816,4.41395],[-72.973776,4.41405],[-72.973118,4.415009],[-72.97202,4.416566],[-72.971821,4.416446],[-72.969891,4.415344],[-72.968419,4.414442],[-72.968339,4.414442],[-72.967961,4.414662],[-72.967961,4.414642],[-72.967405,4.413641],[-72.96655,4.412361],[-72.965514,4.412979],[-72.965494,4.412979],[-72.965474,4.412999],[-72.965454,4.412979],[-72.965454,4.412959],[-72.964163,4.410799],[-72.964124,4.410279],[-72.964045,4.409919]]]}},{"type":"Feature","properties":{"cod_bp":"B.30-P.3","bloque":30,"tono":0,"ha":23.2},"geometry":{"type":"Polygon","coordinates":[[[-72.967151,4.409624],[-72.970477,4.409409],[-72.972748,4.409212],[-72.974879,4.409055],[-72.975018,4.409056],[-72.975197,4.409076],[-72.975237,4.409176],[-72.975475,4.409975],[-72.975474,4.410135],[-72.975454,4.410195],[-72.975454,4.410255],[-72.975414,4.410375],[-72.975334,4.410495],[-72.975314,4.410515],[-72.975175,4.410834],[-72.975175,4.410875],[-72.974596,4.411913],[-72.974576,4.411933],[-72.974536,4.412013],[-72.974216,4.412472],[-72.974077,4.412752],[-72.973977,4.413011],[-72.973856,4.413551],[-72.967151,4.409624]]]}},{"type":"Feature","properties":{"cod_bp":"B.31-P.1","bloque":31,"tono":0,"ha":68.6},"geometry":{"type":"Polygon","coordinates":[[[-73.06044,4.396766],[-73.0608,4.396167],[-73.061456,4.396628],[-73.06251,4.397349],[-73.063127,4.397749],[-73.063784,4.39821],[-73.058374,4.407796],[-73.057736,4.408894],[-73.056617,4.411251],[-73.056617,4.411271],[-73.054817,4.410249],[-73.053175,4.409308],[-73.053016,4.409227],[-73.053175,4.409208],[-73.053255,4.409168],[-73.053534,4.408669],[-73.053714,4.408369],[-73.06044,4.396766]]]}},{"type":"Feature","properties":{"cod_bp":"B.31-P.10","bloque":31,"tono":0,"ha":74.9},"geometry":{"type":"Polygon","coordinates":[[[-73.076654,4.423012],[-73.076614,4.423012],[-73.076614,4.423032],[-73.075737,4.423531],[-73.075677,4.423591],[-73.075578,4.42371],[-73.075498,4.42377],[-73.075299,4.42375],[-73.075259,4.42401],[-73.074661,4.424349],[-73.074641,4.424549],[-73.074541,4.424648],[-73.074202,4.424848],[-73.074123,4.424748],[-73.073943,4.424807],[-73.073943,4.424927],[-73.073744,4.425187],[-73.072628,4.425645],[-73.072528,4.425665],[-73.072369,4.425624],[-73.07223,4.425744],[-73.071911,4.425864],[-73.071811,4.425864],[-73.071293,4.426223],[-73.071014,4.426462],[-73.070416,4.426881],[-73.070256,4.426941],[-73.069758,4.4273],[-73.069519,4.427399],[-73.06936,4.427399],[-73.069221,4.427279],[-73.068683,4.427278],[-73.068504,4.427198],[-73.068384,4.427158],[-73.067947,4.426837],[-73.067091,4.426157],[-73.066733,4.425856],[-73.066515,4.425656],[-73.066336,4.425436],[-73.066216,4.425596],[-73.065579,4.425375],[-73.064882,4.425214],[-73.064644,4.424874],[-73.064405,4.424714],[-73.063709,4.423753],[-73.063709,4.423733],[-73.064427,4.423275],[-73.064527,4.423155],[-73.064547,4.423095],[-73.064448,4.422615],[-73.064468,4.422455],[-73.064568,4.422136],[-73.064628,4.422056],[-73.064887,4.421976],[-73.065185,4.421897],[-73.065325,4.421837],[-73.065385,4.421777],[-73.065445,4.421697],[-73.065465,4.421457],[-73.065485,4.421437],[-73.067876,4.420262],[-73.070585,4.419806],[-73.069826,4.421464],[-73.070682,4.421884],[-73.070841,4.421505],[-73.070901,4.421545],[-73.070961,4.421405],[-73.071478,4.421566],[-73.071737,4.421666],[-73.073051,4.422128],[-73.07373,4.42081],[-73.072038,4.420128],[-73.071938,4.420327],[-73.071719,4.420207],[-73.072039,4.419248],[-73.072339,4.418629],[-73.072398,4.418649],[-73.076676,4.421194],[-73.076674,4.422992],[-73.076654,4.423012]]]}},{"type":"Feature","properties":{"cod_bp":"B.31-P.11","bloque":31,"tono":0,"ha":22.5},"geometry":{"type":"Polygon","coordinates":[[[-73.079183,4.422656],[-73.076676,4.421194],[-73.072398,4.418649],[-73.072339,4.418629],[-73.072439,4.418409],[-73.073696,4.415893],[-73.073776,4.415953],[-73.073775,4.416812],[-73.073795,4.416892],[-73.073934,4.417172],[-73.073993,4.417232],[-73.074073,4.417352],[-73.074132,4.417412],[-73.074331,4.417553],[-73.075207,4.417994],[-73.075565,4.418154],[-73.075764,4.418214],[-73.075884,4.418214],[-73.076322,4.418135],[-73.077596,4.417977],[-73.077676,4.417957],[-73.077716,4.417937],[-73.077816,4.417977],[-73.077875,4.417977],[-73.078234,4.417798],[-73.078274,4.417758],[-73.078274,4.417818],[-73.078294,4.417818],[-73.078314,4.417838],[-73.078353,4.417858],[-73.07833,4.420257],[-73.080001,4.42124],[-73.079183,4.422656]]]}},{"type":"Feature","properties":{"cod_bp":"B.31-P.12","bloque":31,"tono":0,"ha":28.0},"geometry":{"type":"Polygon","coordinates":[[[-73.085016,4.424204],[-73.083419,4.42696],[-73.083379,4.426999],[-73.080017,4.425016],[-73.076634,4.423032],[-73.076634,4.423012],[-73.076654,4.423012],[-73.076674,4.422992],[-73.076676,4.421194],[-73.079183,4.422656],[-73.080001,4.42124],[-73.083404,4.423242],[-73.085016,4.424204]]]}},{"type":"Feature","properties":{"cod_bp":"B.31-P.13","bloque":31,"tono":0,"ha":39.7},"geometry":{"type":"Polygon","coordinates":[[[-73.076634,4.423032],[-73.080017,4.425016],[-73.079857,4.425275],[-73.077342,4.429589],[-73.076904,4.429589],[-73.076526,4.429648],[-73.075848,4.429947],[-73.07549,4.429906],[-73.074972,4.430005],[-73.074693,4.429925],[-73.074255,4.430144],[-73.073837,4.430164],[-73.073697,4.430084],[-73.073439,4.429703],[-73.07336,4.429503],[-73.073181,4.428943],[-73.073141,4.428884],[-73.072883,4.428663],[-73.072326,4.428263],[-73.072067,4.428202],[-73.071549,4.428062],[-73.07147,4.427882],[-73.071689,4.427582],[-73.07185,4.426783],[-73.07193,4.426623],[-73.072388,4.426384],[-73.072925,4.426585],[-73.073124,4.427045],[-73.073124,4.427145],[-73.073104,4.427225],[-73.073104,4.427284],[-73.073203,4.427325],[-73.073323,4.427325],[-73.073661,4.427285],[-73.073801,4.427146],[-73.073682,4.426506],[-73.073722,4.426306],[-73.073842,4.425966],[-73.073902,4.425747],[-73.073962,4.425647],[-73.074062,4.425567],[-73.074201,4.425667],[-73.074579,4.426207],[-73.074599,4.426227],[-73.074678,4.426267],[-73.074699,4.425468],[-73.075138,4.424729],[-73.075118,4.424629],[-73.075019,4.424489],[-73.075199,4.42427],[-73.075557,4.42397],[-73.075558,4.42379],[-73.075498,4.42377],[-73.075578,4.42371],[-73.075677,4.423591],[-73.075737,4.423531],[-73.076614,4.423032],[-73.076614,4.423012],[-73.076634,4.423012],[-73.076634,4.423032]]]}},{"type":"Feature","properties":{"cod_bp":"B.31-P.14","bloque":31,"tono":0,"ha":15.8},"geometry":{"type":"Polygon","coordinates":[[[-73.08318,4.426879],[-73.083379,4.426999],[-73.083319,4.427139],[-73.082461,4.428557],[-73.082322,4.428697],[-73.081923,4.428916],[-73.081923,4.428936],[-73.081843,4.428936],[-73.081107,4.428715],[-73.080928,4.428575],[-73.080609,4.428515],[-73.080271,4.428494],[-73.080231,4.428454],[-73.080151,4.428394],[-73.079952,4.428394],[-73.078916,4.428792],[-73.078737,4.428911],[-73.078597,4.429071],[-73.078497,4.429271],[-73.078218,4.42955],[-73.0778,4.42967],[-73.077541,4.429629],[-73.077342,4.429589],[-73.079857,4.425275],[-73.080017,4.425016],[-73.08318,4.426879]]]}},{"type":"Feature","properties":{"cod_bp":"B.31-P.15","bloque":31,"tono":0,"ha":28.5},"geometry":{"type":"Polygon","coordinates":[[[-73.084198,4.425622],[-73.085016,4.424204],[-73.086608,4.425145],[-73.088259,4.426107],[-73.089931,4.427109],[-73.089112,4.428527],[-73.088953,4.428606],[-73.088873,4.428746],[-73.088873,4.428826],[-73.088793,4.428886],[-73.088793,4.428966],[-73.088713,4.429106],[-73.088693,4.429166],[-73.088494,4.429205],[-73.088016,4.429325],[-73.087876,4.429464],[-73.087279,4.429683],[-73.087219,4.429923],[-73.08702,4.429903],[-73.086363,4.429362],[-73.086164,4.429342],[-73.085567,4.429001],[-73.08513,4.428441],[-73.084432,4.42882],[-73.084193,4.428999],[-73.083834,4.429159],[-73.083177,4.429118],[-73.082959,4.428938],[-73.082481,4.428997],[-73.081923,4.428936],[-73.081923,4.428916],[-73.082322,4.428697],[-73.082461,4.428557],[-73.083319,4.427139],[-73.084198,4.425622]]]}},{"type":"Feature","properties":{"cod_bp":"B.31-P.16","bloque":31,"tono":0,"ha":79.9},"geometry":{"type":"Polygon","coordinates":[[[-73.09265,4.418638],[-73.093468,4.41718],[-73.096174,4.418863],[-73.096572,4.419104],[-73.098303,4.420205],[-73.098502,4.420426],[-73.098382,4.420685],[-73.098302,4.421425],[-73.098501,4.421565],[-73.097043,4.424541],[-73.096744,4.42512],[-73.096464,4.42526],[-73.096225,4.425339],[-73.095987,4.425199],[-73.095828,4.424919],[-73.09551,4.424459],[-73.095291,4.424318],[-73.094972,4.424498],[-73.094872,4.424478],[-73.094474,4.424717],[-73.094434,4.424897],[-73.093876,4.425176],[-73.093597,4.425235],[-73.093278,4.425335],[-73.092979,4.425814],[-73.092979,4.426034],[-73.093038,4.426134],[-73.093218,4.426094],[-73.094033,4.426575],[-73.093954,4.426635],[-73.093456,4.426834],[-73.093495,4.427394],[-73.092657,4.428572],[-73.092716,4.429132],[-73.092497,4.429231],[-73.092257,4.429791],[-73.091938,4.42993],[-73.091679,4.430309],[-73.091101,4.430169],[-73.090823,4.429709],[-73.090764,4.429628],[-73.090664,4.429608],[-73.089967,4.429767],[-73.089828,4.429647],[-73.089171,4.429246],[-73.088813,4.429146],[-73.088693,4.429166],[-73.088713,4.429106],[-73.088793,4.428966],[-73.088793,4.428886],[-73.088873,4.428826],[-73.088873,4.428746],[-73.088953,4.428606],[-73.089112,4.428527],[-73.089931,4.427109],[-73.088259,4.426107],[-73.09265,4.418638]]]}},{"type":"Feature","properties":{"cod_bp":"B.31-P.17","bloque":31,"tono":0,"ha":48.3},"geometry":{"type":"Polygon","coordinates":[[[-73.093468,4.41718],[-73.09265,4.418638],[-73.088259,4.426107],[-73.086608,4.425145],[-73.085016,4.424204],[-73.085435,4.423385],[-73.086673,4.421288],[-73.087451,4.41995],[-73.088189,4.418752],[-73.090265,4.415297],[-73.090583,4.415377],[-73.091618,4.416018],[-73.093468,4.41718]]]}},{"type":"Feature","properties":{"cod_bp":"B.31-P.18","bloque":31,"tono":0,"ha":47.8},"geometry":{"type":"Polygon","coordinates":[[[-73.083404,4.423242],[-73.081733,4.42226],[-73.08307,4.419964],[-73.084806,4.417008],[-73.086642,4.413853],[-73.086861,4.413495],[-73.088513,4.414475],[-73.088633,4.414275],[-73.090265,4.415297],[-73.088189,4.418752],[-73.087451,4.41995],[-73.086673,4.421288],[-73.085435,4.423385],[-73.085016,4.424204],[-73.083404,4.423242]]]}},{"type":"Feature","properties":{"cod_bp":"B.31-P.19","bloque":31,"tono":0,"ha":30.4},"geometry":{"type":"Polygon","coordinates":[[[-73.081733,4.42226],[-73.07833,4.420257],[-73.078353,4.417858],[-73.078314,4.417838],[-73.078294,4.417818],[-73.078274,4.417818],[-73.078274,4.417758],[-73.078971,4.417339],[-73.07963,4.416461],[-73.079849,4.416261],[-73.080347,4.416496],[-73.080347,4.416502],[-73.080685,4.416642],[-73.080924,4.416703],[-73.081103,4.416763],[-73.081182,4.416743],[-73.082657,4.416026],[-73.082836,4.415966],[-73.082936,4.415966],[-73.083194,4.416186],[-73.083413,4.416347],[-73.083493,4.416467],[-73.083552,4.416527],[-73.083811,4.416707],[-73.08409,4.416887],[-73.084627,4.417308],[-73.081733,4.42226]]]}},{"type":"Feature","properties":{"cod_bp":"B.31-P.2","bloque":31,"tono":0,"ha":68.8},"geometry":{"type":"Polygon","coordinates":[[[-73.0608,4.396167],[-73.06044,4.396766],[-73.053714,4.408369],[-73.053534,4.408669],[-73.053255,4.409168],[-73.053175,4.409208],[-73.053016,4.409227],[-73.049892,4.407444],[-73.055621,4.397499],[-73.056138,4.396663],[-73.056617,4.396981],[-73.056637,4.396981],[-73.056637,4.396961],[-73.058253,4.394465],[-73.058273,4.394445],[-73.058293,4.394445],[-73.058313,4.394465],[-73.059387,4.395206],[-73.0608,4.396167]]]}},{"type":"Feature","properties":{"cod_bp":"B.31-P.20","bloque":31,"tono":0,"ha":33.8},"geometry":{"type":"Polygon","coordinates":[[[-73.08527,4.412552],[-73.086861,4.413495],[-73.086642,4.413853],[-73.084627,4.417308],[-73.08409,4.416887],[-73.083811,4.416707],[-73.083552,4.416527],[-73.083493,4.416467],[-73.083413,4.416347],[-73.083194,4.416186],[-73.082936,4.415966],[-73.082836,4.415966],[-73.082657,4.416026],[-73.081182,4.416743],[-73.081103,4.416763],[-73.080924,4.416703],[-73.080685,4.416642],[-73.080347,4.416496],[-73.080367,4.416242],[-73.080348,4.415303],[-73.08037,4.413904],[-73.08031,4.413704],[-73.08039,4.413344],[-73.080231,4.413244],[-73.080291,4.413024],[-73.080511,4.412665],[-73.081808,4.410448],[-73.085031,4.412371],[-73.085151,4.412452],[-73.08527,4.412552]]]}},{"type":"Feature","properties":{"cod_bp":"B.31-P.21","bloque":31,"tono":0,"ha":28.0},"geometry":{"type":"Polygon","coordinates":[[[-73.081868,4.410348],[-73.080511,4.412665],[-73.080291,4.413024],[-73.080291,4.412944],[-73.080272,4.412904],[-73.079157,4.412243],[-73.078281,4.412781],[-73.077344,4.41342],[-73.077224,4.41346],[-73.077065,4.413439],[-73.076408,4.413318],[-73.075373,4.412677],[-73.075214,4.412397],[-73.075633,4.411938],[-73.076211,4.411619],[-73.076391,4.4112],[-73.077329,4.409242],[-73.07733,4.408923],[-73.07727,4.408902],[-73.077271,4.408483],[-73.077889,4.407724],[-73.078048,4.407724],[-73.080177,4.409107],[-73.080217,4.409127],[-73.080257,4.409127],[-73.080316,4.409107],[-73.081174,4.408229],[-73.082606,4.40907],[-73.081868,4.410348]]]}},{"type":"Feature","properties":{"cod_bp":"B.31-P.22","bloque":31,"tono":0,"ha":40.5},"geometry":{"type":"Polygon","coordinates":[[[-73.090583,4.415377],[-73.090265,4.415297],[-73.088633,4.414275],[-73.088513,4.414475],[-73.08527,4.412552],[-73.085151,4.412452],[-73.085031,4.412371],[-73.081808,4.410448],[-73.082606,4.40907],[-73.081174,4.408229],[-73.082869,4.406572],[-73.082909,4.406552],[-73.082948,4.406552],[-73.083525,4.406813],[-73.083545,4.406813],[-73.084322,4.406454],[-73.084661,4.406375],[-73.084721,4.406415],[-73.084761,4.406455],[-73.08478,4.406515],[-73.08478,4.406855],[-73.0848,4.406895],[-73.084581,4.407034],[-73.084521,4.407094],[-73.084481,4.407174],[-73.084461,4.407254],[-73.084381,4.407314],[-73.084341,4.407394],[-73.084321,4.407494],[-73.084321,4.407693],[-73.084361,4.407773],[-73.08438,4.407793],[-73.08446,4.407734],[-73.084739,4.407574],[-73.084978,4.407455],[-73.085078,4.407515],[-73.085256,4.407975],[-73.085375,4.408235],[-73.085455,4.408375],[-73.085475,4.408435],[-73.085474,4.409234],[-73.085812,4.409474],[-73.086011,4.409595],[-73.086329,4.409815],[-73.086488,4.409895],[-73.086528,4.409895],[-73.086727,4.409835],[-73.086767,4.409855],[-73.086807,4.409856],[-73.087046,4.409976],[-73.087523,4.410256],[-73.087563,4.410316],[-73.087582,4.410716],[-73.087622,4.410756],[-73.087941,4.410977],[-73.08798,4.410977],[-73.08802,4.410997],[-73.08806,4.410977],[-73.08812,4.410977],[-73.088399,4.410797],[-73.088538,4.410658],[-73.088598,4.410618],[-73.088698,4.410618],[-73.088777,4.410658],[-73.088897,4.410698],[-73.088956,4.410738],[-73.089175,4.410798],[-73.089275,4.410838],[-73.089414,4.410899],[-73.089474,4.410939],[-73.089633,4.411019],[-73.089693,4.411039],[-73.089753,4.411039],[-73.089991,4.411139],[-73.090148,4.413338],[-73.090267,4.413778],[-73.090305,4.414817],[-73.090583,4.415377]]]}},{"type":"Feature","properties":{"cod_bp":"B.31-P.23","bloque":31,"tono":0,"ha":35.4},"geometry":{"type":"Polygon","coordinates":[[[-73.098501,4.421565],[-73.098441,4.421523],[-73.098561,4.421265],[-73.09882,4.420646],[-73.098821,4.420486],[-73.098761,4.420366],[-73.098662,4.420246],[-73.098542,4.420166],[-73.098363,4.419926],[-73.098264,4.419666],[-73.098205,4.419386],[-73.097807,4.419125],[-73.097747,4.419005],[-73.097051,4.418605],[-73.096891,4.418584],[-73.096613,4.418504],[-73.096374,4.418364],[-73.096315,4.418144],[-73.096335,4.417804],[-73.096375,4.417744],[-73.096395,4.417644],[-73.096335,4.417624],[-73.096315,4.417604],[-73.096315,4.417464],[-73.096256,4.417404],[-73.096216,4.417344],[-73.096216,4.417204],[-73.096157,4.417144],[-73.096157,4.416844],[-73.096197,4.416785],[-73.096237,4.416705],[-73.096257,4.416545],[-73.096277,4.416465],[-73.096456,4.416365],[-73.096615,4.416346],[-73.096974,4.416166],[-73.097652,4.415767],[-73.097891,4.415768],[-73.098209,4.415968],[-73.098448,4.416048],[-73.098488,4.416108],[-73.098507,4.416508],[-73.098527,4.416648],[-73.098566,4.416768],[-73.098646,4.416908],[-73.098726,4.416948],[-73.098865,4.417068],[-73.098984,4.417128],[-73.099064,4.417188],[-73.099143,4.417288],[-73.099322,4.417369],[-73.099621,4.417589],[-73.09984,4.417629],[-73.099959,4.417669],[-73.100138,4.41769],[-73.100278,4.41769],[-73.100417,4.41767],[-73.100616,4.41769],[-73.100775,4.41781],[-73.100955,4.417891],[-73.100954,4.418051],[-73.100974,4.418171],[-73.101014,4.418271],[-73.101093,4.418371],[-73.101193,4.418391],[-73.101292,4.418391],[-73.101472,4.418491],[-73.101571,4.418531],[-73.10167,4.418551],[-73.10173,4.418591],[-73.100966,4.424526],[-73.100468,4.424566],[-73.099611,4.425004],[-73.099233,4.424844],[-73.098855,4.424663],[-73.098556,4.424783],[-73.098237,4.424882],[-73.097979,4.424682],[-73.097043,4.424541],[-73.098501,4.421565]]]}},{"type":"Feature","properties":{"cod_bp":"B.31-P.24","bloque":31,"tono":0,"ha":74.1},"geometry":{"type":"Polygon","coordinates":[[[-73.096763,4.41009],[-73.096843,4.41013],[-73.096942,4.41011],[-73.097102,4.41001],[-73.097201,4.40999],[-73.09738,4.410051],[-73.09756,4.410131],[-73.097659,4.410271],[-73.097718,4.410371],[-73.097778,4.410431],[-73.097878,4.410431],[-73.098037,4.410411],[-73.098196,4.410512],[-73.098296,4.410612],[-73.098435,4.410792],[-73.098514,4.410932],[-73.098594,4.411012],[-73.098634,4.411092],[-73.098693,4.411132],[-73.099311,4.411133],[-73.09947,4.411233],[-73.099609,4.411353],[-73.099728,4.411473],[-73.099947,4.411633],[-73.100007,4.411693],[-73.100047,4.411773],[-73.100106,4.411833],[-73.100126,4.411933],[-73.100185,4.412053],[-73.100145,4.412173],[-73.100086,4.412233],[-73.100105,4.412713],[-73.100045,4.412793],[-73.100005,4.412893],[-73.100005,4.413132],[-73.100025,4.413172],[-73.100104,4.413193],[-73.100244,4.413173],[-73.100642,4.412954],[-73.100662,4.412954],[-73.100762,4.412994],[-73.100861,4.413054],[-73.100901,4.413054],[-73.10104,4.413014],[-73.101419,4.413015],[-73.101459,4.413094],[-73.101518,4.413175],[-73.101498,4.413394],[-73.101518,4.413434],[-73.101597,4.413534],[-73.101677,4.413654],[-73.101757,4.413655],[-73.101836,4.413715],[-73.101896,4.413735],[-73.102095,4.413615],[-73.102175,4.413555],[-73.102354,4.413635],[-73.102072,4.415954],[-73.102012,4.415973],[-73.101813,4.416193],[-73.101634,4.416333],[-73.101514,4.416453],[-73.101414,4.416572],[-73.101295,4.416652],[-73.101095,4.416812],[-73.100956,4.416871],[-73.100876,4.416891],[-73.100797,4.416831],[-73.100757,4.416791],[-73.100757,4.416671],[-73.100717,4.416611],[-73.100598,4.416471],[-73.100459,4.416371],[-73.100319,4.416291],[-73.10012,4.416251],[-73.099981,4.41623],[-73.099842,4.41619],[-73.099762,4.41609],[-73.099722,4.41589],[-73.099663,4.41581],[-73.099663,4.41573],[-73.099643,4.41559],[-73.099504,4.41547],[-73.099046,4.41523],[-73.098827,4.415149],[-73.098668,4.415069],[-73.098589,4.414989],[-73.098489,4.414869],[-73.09829,4.414769],[-73.098191,4.414709],[-73.098071,4.414669],[-73.097713,4.414688],[-73.097494,4.414688],[-73.097374,4.414708],[-73.097115,4.414827],[-73.096876,4.414827],[-73.096697,4.414807],[-73.096558,4.414786],[-73.096458,4.414746],[-73.096379,4.414846],[-73.096259,4.414926],[-73.096139,4.414946],[-73.095462,4.414945],[-73.095184,4.414964],[-73.095064,4.414984],[-73.095004,4.414944],[-73.094925,4.414944],[-73.094924,4.415244],[-73.094904,4.415304],[-73.094486,4.415503],[-73.094267,4.415523],[-73.094068,4.415402],[-73.093988,4.415382],[-73.093789,4.415402],[-73.09365,4.415402],[-73.09353,4.415362],[-73.093451,4.415302],[-73.093351,4.415142],[-73.093272,4.415042],[-73.092874,4.414801],[-73.092635,4.414641],[-73.092615,4.414561],[-73.092038,4.4142],[-73.091601,4.41396],[-73.091581,4.41388],[-73.091461,4.4138],[-73.091442,4.41366],[-73.091442,4.41352],[-73.091382,4.41344],[-73.091343,4.41328],[-73.091223,4.4132],[-73.091164,4.41308],[-73.091144,4.41284],[-73.091144,4.41264],[-73.091065,4.41248],[-73.091065,4.41234],[-73.091025,4.41228],[-73.090986,4.41216],[-73.090986,4.41186],[-73.090966,4.41166],[-73.090987,4.411381],[-73.091086,4.411241],[-73.091246,4.411061],[-73.091386,4.410921],[-73.091465,4.410862],[-73.091485,4.410762],[-73.091486,4.410562],[-73.091406,4.410502],[-73.091287,4.410482],[-73.091167,4.410442],[-73.091088,4.410381],[-73.091088,4.410341],[-73.090988,4.410321],[-73.090868,4.410361],[-73.09059,4.410361],[-73.090331,4.41024],[-73.090291,4.41018],[-73.090291,4.41012],[-73.090112,4.41002],[-73.089874,4.40986],[-73.089814,4.4098],[-73.089834,4.4097],[-73.089794,4.40964],[-73.089655,4.40958],[-73.089595,4.40952],[-73.089536,4.40942],[-73.089337,4.40916],[-73.089277,4.40904],[-73.089258,4.40892],[-73.089218,4.40886],[-73.089198,4.40878],[-73.089198,4.4086],[-73.089298,4.40844],[-73.089278,4.40826],[-73.089279,4.407741],[-73.089239,4.4077],[-73.08912,4.40768],[-73.08896,4.40764],[-73.088901,4.40758],[-73.088841,4.4075],[-73.088821,4.40738],[-73.088842,4.40716],[-73.088981,4.406941],[-73.089001,4.406821],[-73.089041,4.406761],[-73.089061,4.406601],[-73.089221,4.406361],[-73.089341,4.406222],[-73.0895,4.406142],[-73.0896,4.406002],[-73.0897,4.405882],[-73.089998,4.405683],[-73.090118,4.405723],[-73.090198,4.405703],[-73.090297,4.405723],[-73.090377,4.405663],[-73.090516,4.405644],[-73.090676,4.405684],[-73.091073,4.405924],[-73.091133,4.405964],[-73.091153,4.406044],[-73.091372,4.406165],[-73.091432,4.406165],[-73.091571,4.406205],[-73.09173,4.406205],[-73.092108,4.406425],[-73.092208,4.406525],[-73.092267,4.406686],[-73.092347,4.406826],[-73.092426,4.406945],[-73.092506,4.407026],[-73.092545,4.407206],[-73.092605,4.407246],[-73.092625,4.407406],[-73.092704,4.407666],[-73.092764,4.407705],[-73.092763,4.408185],[-73.092683,4.408305],[-73.092683,4.408665],[-73.092742,4.408685],[-73.092762,4.408765],[-73.092782,4.408965],[-73.092822,4.409065],[-73.092742,4.409264],[-73.092781,4.409425],[-73.092861,4.409484],[-73.09302,4.409565],[-73.0931,4.409665],[-73.093179,4.409785],[-73.093239,4.409985],[-73.093298,4.410045],[-73.093398,4.410045],[-73.093478,4.410065],[-73.093557,4.410005],[-73.093776,4.409966],[-73.093936,4.409866],[-73.094055,4.409846],[-73.094234,4.409846],[-73.094354,4.409886],[-73.094573,4.410007],[-73.094652,4.409987],[-73.094792,4.409867],[-73.094852,4.409787],[-73.094912,4.409787],[-73.094991,4.409807],[-73.095091,4.409808],[-73.095111,4.409788],[-73.095131,4.409788],[-73.09519,4.409768],[-73.09537,4.409848],[-73.095389,4.409888],[-73.095429,4.410068],[-73.095469,4.410108],[-73.095488,4.410368],[-73.095349,4.410448],[-73.095269,4.410507],[-73.095289,4.410607],[-73.095349,4.410667],[-73.095567,4.410788],[-73.095647,4.410788],[-73.095747,4.410808],[-73.095786,4.410848],[-73.095846,4.411048],[-73.095906,4.411148],[-73.095965,4.411228],[-73.095965,4.411608],[-73.095945,4.411668],[-73.095845,4.411767],[-73.095825,4.411767],[-73.095805,4.411867],[-73.095825,4.411947],[-73.095884,4.411987],[-73.095964,4.412027],[-73.096083,4.412187],[-73.096282,4.412308],[-73.096382,4.412308],[-73.096422,4.412288],[-73.096501,4.412268],[-73.096601,4.411948],[-73.096621,4.411848],[-73.096642,4.411409],[-73.096682,4.411349],[-73.096682,4.411209],[-73.096662,4.410989],[-73.096543,4.410749],[-73.096544,4.410369],[-73.096564,4.410289],[-73.096663,4.410209],[-73.096703,4.41011],[-73.096763,4.41009]]]}},{"type":"Feature","properties":{"cod_bp":"B.31-P.25","bloque":31,"tono":0,"ha":47.4},"geometry":{"type":"Polygon","coordinates":[[[-73.087949,4.404481],[-73.087889,4.404481],[-73.08781,4.404421],[-73.08777,4.404401],[-73.08773,4.404361],[-73.087671,4.40428],[-73.087631,4.40418],[-73.087611,4.40406],[-73.087631,4.404001],[-73.087631,4.403901],[-73.087611,4.403861],[-73.087333,4.403401],[-73.087174,4.40334],[-73.086916,4.40304],[-73.086876,4.40298],[-73.086816,4.40262],[-73.086777,4.4026],[-73.086777,4.40252],[-73.087335,4.401942],[-73.087375,4.401942],[-73.094081,4.405089],[-73.098559,4.407174],[-73.102937,4.409239],[-73.102434,4.413036],[-73.102355,4.412996],[-73.101937,4.412736],[-73.101897,4.412636],[-73.101778,4.412595],[-73.101519,4.412435],[-73.10138,4.412435],[-73.101181,4.412335],[-73.100982,4.412414],[-73.100922,4.412554],[-73.100822,4.412534],[-73.100703,4.412434],[-73.100623,4.412314],[-73.100604,4.412214],[-73.100663,4.412114],[-73.100684,4.411874],[-73.100525,4.411614],[-73.100505,4.411474],[-73.100465,4.411454],[-73.100405,4.411334],[-73.100047,4.411074],[-73.100008,4.410994],[-73.09951,4.410673],[-73.099471,4.410513],[-73.099431,4.410413],[-73.099192,4.410273],[-73.099093,4.410193],[-73.098556,4.409872],[-73.098317,4.409712],[-73.098317,4.409632],[-73.097899,4.409372],[-73.097819,4.409292],[-73.0978,4.409212],[-73.09788,4.409072],[-73.097899,4.409012],[-73.097999,4.409032],[-73.098099,4.409012],[-73.098178,4.408932],[-73.098119,4.408873],[-73.098099,4.408773],[-73.097999,4.408732],[-73.09794,4.408772],[-73.09782,4.408912],[-73.09768,4.409012],[-73.09764,4.409112],[-73.097302,4.409291],[-73.097122,4.409371],[-73.096744,4.40941],[-73.096465,4.40937],[-73.096207,4.409269],[-73.095888,4.409209],[-73.09547,4.408989],[-73.09547,4.408969],[-73.095331,4.408968],[-73.095211,4.408948],[-73.095112,4.408948],[-73.094913,4.408908],[-73.094316,4.408587],[-73.094197,4.408347],[-73.093998,4.408167],[-73.093918,4.408067],[-73.093898,4.407967],[-73.093899,4.407847],[-73.093859,4.407767],[-73.093779,4.407707],[-73.09372,4.407367],[-73.09366,4.407147],[-73.093621,4.407027],[-73.093542,4.406847],[-73.093303,4.406707],[-73.093283,4.406667],[-73.093283,4.406627],[-73.093343,4.406567],[-73.093542,4.406487],[-73.093542,4.406388],[-73.093423,4.406307],[-73.093363,4.406247],[-73.093363,4.406207],[-73.093443,4.406148],[-73.093622,4.406148],[-73.093702,4.406208],[-73.093781,4.406248],[-73.093821,4.406328],[-73.09398,4.406428],[-73.094159,4.406428],[-73.094318,4.406489],[-73.094398,4.406429],[-73.094657,4.406309],[-73.094817,4.40621],[-73.095135,4.40621],[-73.095334,4.40631],[-73.095374,4.40629],[-73.095374,4.40621],[-73.095315,4.40613],[-73.095295,4.40607],[-73.095275,4.40595],[-73.095175,4.40593],[-73.094916,4.40609],[-73.094817,4.40605],[-73.094657,4.406129],[-73.094558,4.406129],[-73.094359,4.406229],[-73.09404,4.406068],[-73.093941,4.406068],[-73.093563,4.405888],[-73.093403,4.405948],[-73.093244,4.405967],[-73.092965,4.405847],[-73.092806,4.405807],[-73.092189,4.405446],[-73.091851,4.405346],[-73.091672,4.405326],[-73.091313,4.405125],[-73.091254,4.405145],[-73.091094,4.405065],[-73.090796,4.404884],[-73.090756,4.404825],[-73.090776,4.404705],[-73.090398,4.404484],[-73.090299,4.404324],[-73.090239,4.404164],[-73.09024,4.403964],[-73.090379,4.403745],[-73.09038,4.403585],[-73.09034,4.403565],[-73.09028,4.403605],[-73.09016,4.403664],[-73.090061,4.403844],[-73.089821,4.404024],[-73.089742,4.404024],[-73.089523,4.404063],[-73.089463,4.404083],[-73.089423,4.404123],[-73.089264,4.404323],[-73.089224,4.404363],[-73.089224,4.404403],[-73.089123,4.404862],[-73.089123,4.404902],[-73.088924,4.405022],[-73.088864,4.405002],[-73.088685,4.404981],[-73.088626,4.404921],[-73.088606,4.404841],[-73.088646,4.404762],[-73.088686,4.404722],[-73.088686,4.404622],[-73.088666,4.404582],[-73.088626,4.404542],[-73.088507,4.404502],[-73.088009,4.404501],[-73.087949,4.404481]]]}},{"type":"Feature","properties":{"cod_bp":"B.31-P.3","bloque":31,"tono":0,"ha":59.8},"geometry":{"type":"Polygon","coordinates":[[[-73.055621,4.397499],[-73.049892,4.407444],[-73.046516,4.405534],[-73.046529,4.405521],[-73.049763,4.399929],[-73.050062,4.39939],[-73.05134,4.397173],[-73.052891,4.394507],[-73.056138,4.396663],[-73.055621,4.397499]]]}},{"type":"Feature","properties":{"cod_bp":"B.31-P.4","bloque":31,"tono":0,"ha":64.9},"geometry":{"type":"Polygon","coordinates":[[[-73.046529,4.405521],[-73.046516,4.405534],[-73.046032,4.40526],[-73.04442,4.404438],[-73.043206,4.403777],[-73.042749,4.403237],[-73.045463,4.399003],[-73.04691,4.39678],[-73.047937,4.395229],[-73.049614,4.392633],[-73.049693,4.392494],[-73.049713,4.392474],[-73.049733,4.392474],[-73.049753,4.392494],[-73.05039,4.392874],[-73.051046,4.393295],[-73.052857,4.394477],[-73.052891,4.394507],[-73.05134,4.397173],[-73.050062,4.39939],[-73.049763,4.399929],[-73.046529,4.405521]]]}},{"type":"Feature","properties":{"cod_bp":"B.31-P.5","bloque":31,"tono":0,"ha":36.7},"geometry":{"type":"Polygon","coordinates":[[[-73.046509,4.40554],[-73.049892,4.407444],[-73.049892,4.407484],[-73.049872,4.407524],[-73.049872,4.407544],[-73.049792,4.407684],[-73.049233,4.408622],[-73.048635,4.409681],[-73.046902,4.409678],[-73.046743,4.409658],[-73.046464,4.409498],[-73.044229,4.413372],[-73.044069,4.413372],[-73.043552,4.412812],[-73.043473,4.412671],[-73.043455,4.411552],[-73.043177,4.411072],[-73.043157,4.410692],[-73.042779,4.410392],[-73.04276,4.409912],[-73.042422,4.409392],[-73.042402,4.409292],[-73.042403,4.409072],[-73.04332,4.408334],[-73.044056,4.408755],[-73.044037,4.407935],[-73.043858,4.407795],[-73.043759,4.407535],[-73.043759,4.407235],[-73.043461,4.406635],[-73.043462,4.406056],[-73.044299,4.405617],[-73.044519,4.405198],[-73.044917,4.405199],[-73.045235,4.405279],[-73.045633,4.405579],[-73.046032,4.40526],[-73.046509,4.40554]]]}},{"type":"Feature","properties":{"cod_bp":"B.31-P.6","bloque":31,"tono":0,"ha":20.3},"geometry":{"type":"Polygon","coordinates":[[[-73.046902,4.409678],[-73.048635,4.409681],[-73.04859,4.412819],[-73.048849,4.412959],[-73.048789,4.413059],[-73.048769,4.413139],[-73.04813,4.414237],[-73.04801,4.414677],[-73.047811,4.414636],[-73.047413,4.414376],[-73.046875,4.414655],[-73.046776,4.414595],[-73.046696,4.414475],[-73.046517,4.414435],[-73.046099,4.414414],[-73.04588,4.414514],[-73.045422,4.414273],[-73.045104,4.414313],[-73.044845,4.414332],[-73.044606,4.414252],[-73.044228,4.413592],[-73.044229,4.413372],[-73.046464,4.409498],[-73.046743,4.409658],[-73.046902,4.409678]]]}},{"type":"Feature","properties":{"cod_bp":"B.31-P.7","bloque":31,"tono":0,"ha":26.5},"geometry":{"type":"Polygon","coordinates":[[[-73.049892,4.407444],[-73.053171,4.409315],[-73.049442,4.415798],[-73.049104,4.415578],[-73.048945,4.415377],[-73.048826,4.415138],[-73.04801,4.414677],[-73.04813,4.414237],[-73.048769,4.413139],[-73.048789,4.413059],[-73.048849,4.412959],[-73.04859,4.412819],[-73.048635,4.409681],[-73.049233,4.408622],[-73.049872,4.407544],[-73.049872,4.407524],[-73.049892,4.407484],[-73.049892,4.407444]]]}},{"type":"Feature","properties":{"cod_bp":"B.31-P.8","bloque":31,"tono":0,"ha":51.5},"geometry":{"type":"Polygon","coordinates":[[[-73.051308,4.420138],[-73.05063,4.421276],[-73.050371,4.421156],[-73.049874,4.420775],[-73.049456,4.420355],[-73.049297,4.420135],[-73.049059,4.419855],[-73.04882,4.419655],[-73.048661,4.419374],[-73.048522,4.419214],[-73.048522,4.418915],[-73.048602,4.418575],[-73.048543,4.418315],[-73.048444,4.418075],[-73.048425,4.417575],[-73.053171,4.409315],[-73.056458,4.411191],[-73.05546,4.412968],[-73.054901,4.413907],[-73.054442,4.414726],[-73.052845,4.417462],[-73.052546,4.418001],[-73.051308,4.420138]]]}},{"type":"Feature","properties":{"cod_bp":"B.31-P.9","bloque":31,"tono":0,"ha":37.8},"geometry":{"type":"Polygon","coordinates":[[[-73.056617,4.411251],[-73.058667,4.412414],[-73.054974,4.419224],[-73.054954,4.419244],[-73.054894,4.419263],[-73.054755,4.419263],[-73.054752,4.420962],[-73.054553,4.421242],[-73.054453,4.421322],[-73.054334,4.421301],[-73.053935,4.421601],[-73.053756,4.42172],[-73.053417,4.4217],[-73.053198,4.421659],[-73.052959,4.421699],[-73.052003,4.421698],[-73.051466,4.421657],[-73.051227,4.421617],[-73.05063,4.421276],[-73.051308,4.420138],[-73.052546,4.418001],[-73.052845,4.417462],[-73.054442,4.414726],[-73.054901,4.413907],[-73.05546,4.412968],[-73.056458,4.411191],[-73.056617,4.411271],[-73.056617,4.411251]]]}},{"type":"Feature","properties":{"cod_bp":"B.323-P.1","bloque":323,"tono":2,"ha":19.8},"geometry":{"type":"Polygon","coordinates":[[[-72.985515,4.461977],[-72.985678,4.462484],[-72.985693,4.462574],[-72.985753,4.462714],[-72.985872,4.463094],[-72.985969,4.463356],[-72.98605,4.463614],[-72.986255,4.464155],[-72.986308,4.464314],[-72.986476,4.464742],[-72.986784,4.465674],[-72.987101,4.466594],[-72.987201,4.466934],[-72.98721,4.466939],[-72.987637,4.468313],[-72.987637,4.46832],[-72.987617,4.468313],[-72.987636,4.468373],[-72.985643,4.470089],[-72.985463,4.470229],[-72.985377,4.470307],[-72.984587,4.470048],[-72.984598,4.462813],[-72.984857,4.462513],[-72.984997,4.462374],[-72.985395,4.461914],[-72.985475,4.461855],[-72.985515,4.461977]]]}},{"type":"Feature","properties":{"cod_bp":"B.323-P.10","bloque":323,"tono":2,"ha":8.4},"geometry":{"type":"Polygon","coordinates":[[[-72.984587,4.470048],[-72.985377,4.470307],[-72.983569,4.471945],[-72.98301,4.472464],[-72.981589,4.473869],[-72.981555,4.473881],[-72.981335,4.47412],[-72.980938,4.47362],[-72.980898,4.47344],[-72.980898,4.47328],[-72.980938,4.47312],[-72.982136,4.471483],[-72.983153,4.470146],[-72.983572,4.469607],[-72.984587,4.470048]]]}},{"type":"Feature","properties":{"cod_bp":"B.323-P.11","bloque":323,"tono":2,"ha":8.9},"geometry":{"type":"Polygon","coordinates":[[[-72.979162,4.475976],[-72.979257,4.478794],[-72.977188,4.477612],[-72.977188,4.477552],[-72.977208,4.477512],[-72.977208,4.477472],[-72.977228,4.477452],[-72.977228,4.477372],[-72.977248,4.477372],[-72.977268,4.477352],[-72.977268,4.477272],[-72.977228,4.477192],[-72.977228,4.477092],[-72.977209,4.476992],[-72.977189,4.476952],[-72.977189,4.476932],[-72.977149,4.476852],[-72.977169,4.476812],[-72.977169,4.476772],[-72.977189,4.476752],[-72.977189,4.476673],[-72.977209,4.476653],[-72.977229,4.476653],[-72.977269,4.476593],[-72.977229,4.476553],[-72.977189,4.476533],[-72.97705,4.476532],[-72.97697,4.476492],[-72.976951,4.476492],[-72.976752,4.476372],[-72.976692,4.476372],[-72.976632,4.476312],[-72.976632,4.476272],[-72.976612,4.476252],[-72.976613,4.476212],[-72.976593,4.476192],[-72.976593,4.476152],[-72.976593,4.475952],[-72.976613,4.475932],[-72.976633,4.475892],[-72.976554,4.475592],[-72.976554,4.475472],[-72.976514,4.475412],[-72.976514,4.475392],[-72.976534,4.475372],[-72.976534,4.475333],[-72.976514,4.475252],[-72.976395,4.475152],[-72.977431,4.474754],[-72.977491,4.474814],[-72.97765,4.474834],[-72.977909,4.474755],[-72.979163,4.475536],[-72.979162,4.475976]]]}},{"type":"Feature","properties":{"cod_bp":"B.323-P.11","bloque":323,"tono":2,"ha":8.6},"geometry":{"type":"Polygon","coordinates":[[[-72.977188,4.477612],[-72.979257,4.478794],[-72.979314,4.480993],[-72.979354,4.481013],[-72.979373,4.481053],[-72.979354,4.481093],[-72.979314,4.481133],[-72.979352,4.482072],[-72.978934,4.482311],[-72.978854,4.482271],[-72.978635,4.482391],[-72.978038,4.48205],[-72.978038,4.48191],[-72.978018,4.48187],[-72.977998,4.48187],[-72.977998,4.48183],[-72.977978,4.48183],[-72.977979,4.481191],[-72.977959,4.481131],[-72.97794,4.481111],[-72.97794,4.481031],[-72.97792,4.480911],[-72.9779,4.480891],[-72.9779,4.480871],[-72.97788,4.480831],[-72.97788,4.480771],[-72.977861,4.480731],[-72.977861,4.480691],[-72.977801,4.480591],[-72.977801,4.480571],[-72.977781,4.480551],[-72.977821,4.480491],[-72.977801,4.480451],[-72.977781,4.480311],[-72.977702,4.480231],[-72.977702,4.480111],[-72.977682,4.479991],[-72.977702,4.479971],[-72.977703,4.479591],[-72.977643,4.479551],[-72.977583,4.479531],[-72.977484,4.479511],[-72.977424,4.479451],[-72.977325,4.479371],[-72.977265,4.479351],[-72.977165,4.479371],[-72.977126,4.479391],[-72.977106,4.479391],[-72.977026,4.47935],[-72.976986,4.47931],[-72.976927,4.47921],[-72.976867,4.47919],[-72.976807,4.47919],[-72.976728,4.47921],[-72.976668,4.47921],[-72.976568,4.47917],[-72.976568,4.47913],[-72.976509,4.47907],[-72.976529,4.47905],[-72.976568,4.47905],[-72.976588,4.47903],[-72.976688,4.47903],[-72.976728,4.47901],[-72.976748,4.47901],[-72.976867,4.478851],[-72.976907,4.478811],[-72.976927,4.478811],[-72.976967,4.478791],[-72.976967,4.478771],[-72.976987,4.478771],[-72.976987,4.478751],[-72.977007,4.478711],[-72.977007,4.478551],[-72.977027,4.478511],[-72.977028,4.478371],[-72.977008,4.478351],[-72.977028,4.478331],[-72.977047,4.478331],[-72.977068,4.478291],[-72.977068,4.478271],[-72.977087,4.478251],[-72.977088,4.478111],[-72.977108,4.478091],[-72.977108,4.477991],[-72.977128,4.477951],[-72.977128,4.477912],[-72.977148,4.477892],[-72.977148,4.477812],[-72.977168,4.477792],[-72.977168,4.477692],[-72.977188,4.477652],[-72.977188,4.477612]]]}},{"type":"Feature","properties":{"cod_bp":"B.323-P.2","bloque":323,"tono":2,"ha":9.7},"geometry":{"type":"Polygon","coordinates":[[[-72.984588,4.469608],[-72.984587,4.470048],[-72.983572,4.469607],[-72.983991,4.468928],[-72.983991,4.468908],[-72.984011,4.468888],[-72.984011,4.468848],[-72.984031,4.468828],[-72.984032,4.468648],[-72.984012,4.468628],[-72.984012,4.468608],[-72.98286,4.466428],[-72.98286,4.466368],[-72.98284,4.466348],[-72.982841,4.465968],[-72.982841,4.465908],[-72.982861,4.465888],[-72.982861,4.465748],[-72.982881,4.465728],[-72.982881,4.465648],[-72.982901,4.465628],[-72.982901,4.465568],[-72.982921,4.465548],[-72.982921,4.465488],[-72.982941,4.465469],[-72.982941,4.465408],[-72.982961,4.465389],[-72.982961,4.465349],[-72.982981,4.465329],[-72.982981,4.465289],[-72.983001,4.465269],[-72.983001,4.465249],[-72.983021,4.465229],[-72.983021,4.465189],[-72.983041,4.465169],[-72.983041,4.465149],[-72.983061,4.465129],[-72.983061,4.465109],[-72.983081,4.465089],[-72.983081,4.465069],[-72.983101,4.465049],[-72.983101,4.465029],[-72.983121,4.465009],[-72.983121,4.464989],[-72.98388,4.463291],[-72.984598,4.462813],[-72.984588,4.469608]]]}},{"type":"Feature","properties":{"cod_bp":"B.323-P.3","bloque":323,"tono":2,"ha":29.7},"geometry":{"type":"Polygon","coordinates":[[[-72.984644,4.458036],[-72.984724,4.458016],[-72.984703,4.458516],[-72.984624,4.458596],[-72.984564,4.458676],[-72.984544,4.458675],[-72.984066,4.458875],[-72.983149,4.459393],[-72.98281,4.459492],[-72.98281,4.459512],[-72.98275,4.459572],[-72.98275,4.459592],[-72.98273,4.459612],[-72.98273,4.459632],[-72.98271,4.459652],[-72.98271,4.459672],[-72.98269,4.459692],[-72.98269,4.459752],[-72.98267,4.459772],[-72.98267,4.459972],[-72.98269,4.459992],[-72.98269,4.460052],[-72.98271,4.460072],[-72.98271,4.460092],[-72.98275,4.460132],[-72.982749,4.460172],[-72.982769,4.460192],[-72.982769,4.460212],[-72.982789,4.460232],[-72.982789,4.460252],[-72.982809,4.460272],[-72.982809,4.460292],[-72.982829,4.460312],[-72.982829,4.460332],[-72.982869,4.460372],[-72.982869,4.460392],[-72.982908,4.460432],[-72.982908,4.460452],[-72.982968,4.460512],[-72.982968,4.460532],[-72.983008,4.460572],[-72.983863,4.461353],[-72.983863,4.461373],[-72.983883,4.461393],[-72.983883,4.461413],[-72.983903,4.461433],[-72.983903,4.461473],[-72.983923,4.461493],[-72.983922,4.461652],[-72.983881,4.462352],[-72.983881,4.462412],[-72.983901,4.462432],[-72.983901,4.462592],[-72.983921,4.462612],[-72.98392,4.463032],[-72.9839,4.463051],[-72.9839,4.463211],[-72.98388,4.463231],[-72.98388,4.463291],[-72.983121,4.464989],[-72.983121,4.465009],[-72.983101,4.465029],[-72.983101,4.465049],[-72.983081,4.465069],[-72.983081,4.465089],[-72.983061,4.465109],[-72.983061,4.465129],[-72.983041,4.465149],[-72.983041,4.465169],[-72.983021,4.465189],[-72.983021,4.465229],[-72.983001,4.465249],[-72.983001,4.465269],[-72.982981,4.465289],[-72.982981,4.465329],[-72.982961,4.465349],[-72.982961,4.465389],[-72.982941,4.465408],[-72.982941,4.465469],[-72.982921,4.465488],[-72.982921,4.465548],[-72.982901,4.465568],[-72.982901,4.465628],[-72.982881,4.465648],[-72.982881,4.465728],[-72.982861,4.465748],[-72.982861,4.465888],[-72.982841,4.465908],[-72.98284,4.466348],[-72.98286,4.466368],[-72.98286,4.466428],[-72.984012,4.468608],[-72.984012,4.468628],[-72.984032,4.468648],[-72.984031,4.468828],[-72.984011,4.468848],[-72.984011,4.468888],[-72.983991,4.468908],[-72.983991,4.468928],[-72.983572,4.469607],[-72.983153,4.470146],[-72.981658,4.470983],[-72.981718,4.470743],[-72.981739,4.470503],[-72.98172,4.469744],[-72.9818,4.469564],[-72.981817,4.457812],[-72.981857,4.457632],[-72.981838,4.457205],[-72.982046,4.457062],[-72.982137,4.457013],[-72.982416,4.456834],[-72.982516,4.456754],[-72.982695,4.456654],[-72.9828,4.456579],[-72.982974,4.456475],[-72.983253,4.456275],[-72.983333,4.456235],[-72.983532,4.456096],[-72.984087,4.457735],[-72.984226,4.458195],[-72.984326,4.458176],[-72.984644,4.458036]]]}},{"type":"Feature","properties":{"cod_bp":"B.323-P.4","bloque":323,"tono":2,"ha":33.6},"geometry":{"type":"Polygon","coordinates":[[[-72.980941,4.457791],[-72.98104,4.457731],[-72.98116,4.457631],[-72.981519,4.457412],[-72.981838,4.457205],[-72.981837,4.457672],[-72.981817,4.457812],[-72.9818,4.469564],[-72.98172,4.469744],[-72.981739,4.470503],[-72.981718,4.470743],[-72.981658,4.470983],[-72.98078,4.472341],[-72.979943,4.472859],[-72.979844,4.472879],[-72.979784,4.472779],[-72.979784,4.472599],[-72.979864,4.472439],[-72.979884,4.458549],[-72.979924,4.458509],[-72.980941,4.457791]]]}},{"type":"Feature","properties":{"cod_bp":"B.323-P.5","bloque":323,"tono":2,"ha":36.5},"geometry":{"type":"Polygon","coordinates":[[[-72.977931,4.459907],[-72.979884,4.458549],[-72.979864,4.472439],[-72.979784,4.472599],[-72.979784,4.472779],[-72.979844,4.472879],[-72.979823,4.472919],[-72.979822,4.474098],[-72.979802,4.474138],[-72.979164,4.474517],[-72.979164,4.474537],[-72.978447,4.474636],[-72.977909,4.474755],[-72.977931,4.459907]]]}},{"type":"Feature","properties":{"cod_bp":"B.323-P.6","bloque":323,"tono":2,"ha":32.4},"geometry":{"type":"Polygon","coordinates":[[[-72.976794,4.460703],[-72.977173,4.460444],[-72.977931,4.459907],[-72.977909,4.474755],[-72.97765,4.474834],[-72.977491,4.474814],[-72.977272,4.474594],[-72.975979,4.473433],[-72.975997,4.461241],[-72.976137,4.461142],[-72.976236,4.461082],[-72.976515,4.460882],[-72.976794,4.460703]]]}},{"type":"Feature","properties":{"cod_bp":"B.323-P.7","bloque":323,"tono":2,"ha":25.7},"geometry":{"type":"Polygon","coordinates":[[[-72.974064,4.462498],[-72.974562,4.462218],[-72.97512,4.46186],[-72.975399,4.46166],[-72.975678,4.461481],[-72.975957,4.461281],[-72.975997,4.461241],[-72.975979,4.473433],[-72.975741,4.473253],[-72.975164,4.472712],[-72.974806,4.472392],[-72.974706,4.472352],[-72.974627,4.472332],[-72.974208,4.472571],[-72.974089,4.472571],[-72.974049,4.472531],[-72.974064,4.462498]]]}},{"type":"Feature","properties":{"cod_bp":"B.323-P.8","bloque":323,"tono":2,"ha":32.2},"geometry":{"type":"Polygon","coordinates":[[[-72.973906,4.461458],[-72.974046,4.461258],[-72.974065,4.461438],[-72.974049,4.472531],[-72.974089,4.472571],[-72.974208,4.472571],[-72.974627,4.472332],[-72.974706,4.472352],[-72.974806,4.472392],[-72.975164,4.472712],[-72.975741,4.473253],[-72.975979,4.473433],[-72.977272,4.474594],[-72.977431,4.474754],[-72.976355,4.475172],[-72.976176,4.475132],[-72.975977,4.475132],[-72.975837,4.475052],[-72.975818,4.474812],[-72.975719,4.474652],[-72.975659,4.474612],[-72.975579,4.474652],[-72.975499,4.474651],[-72.97546,4.474671],[-72.97534,4.474671],[-72.9753,4.474691],[-72.975221,4.474711],[-72.975181,4.474731],[-72.975021,4.474771],[-72.974922,4.47477],[-72.974882,4.47479],[-72.974782,4.47481],[-72.974703,4.47485],[-72.974623,4.47485],[-72.974603,4.47487],[-72.974484,4.47487],[-72.974344,4.47483],[-72.974245,4.474789],[-72.973986,4.474649],[-72.973847,4.474649],[-72.973787,4.474629],[-72.973767,4.474589],[-72.973727,4.474569],[-72.973668,4.474509],[-72.973648,4.474509],[-72.973648,4.474489],[-72.973628,4.474449],[-72.973628,4.474349],[-72.973648,4.474329],[-72.973648,4.474289],[-72.973668,4.474269],[-72.973668,4.474249],[-72.973688,4.474249],[-72.973708,4.474229],[-72.973708,4.474149],[-72.973748,4.474049],[-72.973688,4.473949],[-72.973549,4.473829],[-72.97339,4.473669],[-72.97335,4.473589],[-72.973331,4.473509],[-72.973231,4.473349],[-72.973211,4.473329],[-72.973211,4.473309],[-72.973191,4.473309],[-72.973191,4.473289],[-72.973172,4.473229],[-72.973152,4.473189],[-72.973132,4.473169],[-72.973132,4.473149],[-72.973092,4.473149],[-72.973032,4.473089],[-72.973012,4.473089],[-72.972993,4.473069],[-72.972993,4.472869],[-72.972973,4.472849],[-72.972993,4.472829],[-72.972993,4.472809],[-72.972973,4.472789],[-72.972973,4.472729],[-72.972993,4.472709],[-72.972993,4.472689],[-72.972973,4.472669],[-72.972974,4.472389],[-72.972994,4.472369],[-72.972994,4.472329],[-72.973014,4.472329],[-72.973014,4.472289],[-72.973034,4.47227],[-72.973034,4.47213],[-72.972994,4.47209],[-72.972994,4.472069],[-72.972974,4.472069],[-72.972974,4.472029],[-72.972954,4.47201],[-72.972954,4.47199],[-72.972934,4.47199],[-72.972934,4.47197],[-72.972915,4.471929],[-72.972895,4.471909],[-72.972895,4.47183],[-72.972855,4.47173],[-72.972776,4.471609],[-72.972776,4.47151],[-72.972796,4.47151],[-72.972796,4.47149],[-72.972855,4.47149],[-72.972876,4.47147],[-72.972895,4.47147],[-72.972915,4.47145],[-72.972995,4.47145],[-72.973015,4.47143],[-72.973035,4.47143],[-72.973055,4.47141],[-72.973075,4.47137],[-72.973075,4.47135],[-72.973095,4.47133],[-72.973095,4.47131],[-72.973075,4.47131],[-72.973075,4.47123],[-72.973055,4.47123],[-72.973055,4.47117],[-72.973075,4.47115],[-72.973075,4.47105],[-72.973055,4.47103],[-72.973056,4.47095],[-72.973036,4.47093],[-72.973036,4.47083],[-72.973016,4.470751],[-72.972996,4.47073],[-72.972976,4.47073],[-72.972976,4.47071],[-72.972917,4.47059],[-72.972897,4.47057],[-72.972897,4.470491],[-72.972877,4.470471],[-72.972857,4.47043],[-72.972797,4.47037],[-72.972758,4.47035],[-72.972678,4.47035],[-72.972678,4.47037],[-72.972658,4.47039],[-72.972658,4.47041],[-72.972638,4.47043],[-72.972638,4.47045],[-72.972618,4.47045],[-72.972618,4.47047],[-72.972598,4.47047],[-72.972598,4.47051],[-72.972578,4.47051],[-72.972578,4.47061],[-72.972558,4.47065],[-72.972538,4.47067],[-72.972538,4.47073],[-72.972518,4.47073],[-72.972518,4.47075],[-72.972399,4.47075],[-72.972379,4.47073],[-72.972359,4.47073],[-72.972319,4.470709],[-72.972299,4.470709],[-72.972259,4.470669],[-72.972239,4.470669],[-72.97224,4.470629],[-72.97222,4.470609],[-72.97222,4.470589],[-72.97214,4.470509],[-72.97212,4.470509],[-72.97208,4.470489],[-72.97208,4.470469],[-72.97206,4.470449],[-72.972061,4.470389],[-72.972081,4.470389],[-72.972081,4.470369],[-72.9721,4.470349],[-72.9721,4.470329],[-72.97212,4.470309],[-72.972121,4.47025],[-72.972081,4.47021],[-72.972081,4.47019],[-72.972061,4.470169],[-72.972041,4.470169],[-72.972001,4.470129],[-72.971961,4.470109],[-72.971922,4.470069],[-72.971902,4.470069],[-72.971882,4.470049],[-72.971862,4.470049],[-72.971862,4.470029],[-72.971822,4.470029],[-72.971802,4.470009],[-72.971802,4.469989],[-72.971782,4.469989],[-72.971723,4.469929],[-72.971703,4.469929],[-72.971703,4.469909],[-72.971683,4.469909],[-72.971663,4.469889],[-72.971643,4.469889],[-72.971524,4.469769],[-72.971524,4.469749],[-72.971504,4.469749],[-72.971484,4.469729],[-72.971484,4.469709],[-72.971464,4.469709],[-72.971444,4.469689],[-72.971405,4.469669],[-72.971285,4.469669],[-72.971186,4.469609],[-72.971186,4.469549],[-72.971166,4.469529],[-72.971166,4.469409],[-72.971146,4.469389],[-72.971146,4.469349],[-72.971126,4.469329],[-72.971126,4.469309],[-72.971146,4.469289],[-72.971146,4.469269],[-72.971186,4.469229],[-72.971206,4.469189],[-72.971206,4.469129],[-72.971147,4.469009],[-72.971107,4.468969],[-72.971107,4.468949],[-72.971027,4.468889],[-72.971027,4.468769],[-72.971067,4.468729],[-72.971067,4.468709],[-72.971107,4.468669],[-72.971107,4.468649],[-72.971167,4.468529],[-72.971187,4.468429],[-72.971227,4.46835],[-72.971187,4.468229],[-72.971168,4.46819],[-72.971168,4.46817],[-72.971148,4.468149],[-72.971148,4.46811],[-72.971128,4.46803],[-72.971108,4.46801],[-72.971088,4.46797],[-72.971088,4.46785],[-72.971208,4.46773],[-72.971248,4.46771],[-72.971288,4.46767],[-72.971308,4.46763],[-72.971348,4.46763],[-72.971427,4.46759],[-72.971447,4.46755],[-72.971467,4.46755],[-72.971507,4.46753],[-72.971547,4.467491],[-72.971567,4.467491],[-72.971687,4.467431],[-72.971706,4.467431],[-72.971826,4.467311],[-72.971886,4.467291],[-72.971906,4.467291],[-72.971926,4.467271],[-72.971966,4.467271],[-72.971986,4.467231],[-72.972005,4.467211],[-72.972005,4.467191],[-72.972045,4.467092],[-72.972085,4.467052],[-72.972105,4.467012],[-72.972125,4.466992],[-72.972185,4.466972],[-72.972185,4.466952],[-72.972225,4.466932],[-72.972265,4.466892],[-72.972305,4.466792],[-72.972305,4.466712],[-72.972285,4.466652],[-72.972245,4.466592],[-72.972225,4.466572],[-72.972206,4.466572],[-72.972166,4.466552],[-72.972146,4.466552],[-72.972106,4.466532],[-72.972086,4.466532],[-72.972066,4.466512],[-72.972066,4.466432],[-72.972047,4.466392],[-72.972047,4.466292],[-72.972067,4.466272],[-72.972067,4.466232],[-72.972127,4.466172],[-72.972186,4.466073],[-72.972187,4.465973],[-72.972206,4.465913],[-72.972207,4.465893],[-72.972227,4.465853],[-72.972246,4.465833],[-72.972286,4.465813],[-72.972306,4.465813],[-72.972386,4.465773],[-72.972406,4.465753],[-72.972406,4.465673],[-72.972366,4.465633],[-72.972307,4.465553],[-72.972307,4.465393],[-72.972327,4.465373],[-72.972347,4.465313],[-72.972347,4.465233],[-72.972327,4.465193],[-72.972327,4.465113],[-72.972248,4.464853],[-72.972228,4.464813],[-72.972208,4.464793],[-72.972208,4.464773],[-72.972149,4.464653],[-72.972089,4.464573],[-72.972049,4.464473],[-72.97195,4.464373],[-72.97195,4.464313],[-72.972389,4.463794],[-72.972449,4.463714],[-72.972728,4.463295],[-72.973347,4.462217],[-72.973746,4.461658],[-72.973906,4.461458]]]}},{"type":"Feature","properties":{"cod_bp":"B.323-P.9","bloque":323,"tono":2,"ha":6.8},"geometry":{"type":"Polygon","coordinates":[[[-72.981559,4.471143],[-72.981658,4.470983],[-72.983153,4.470146],[-72.982136,4.471483],[-72.980938,4.47312],[-72.980898,4.47328],[-72.980898,4.47344],[-72.980938,4.47362],[-72.981335,4.47412],[-72.980896,4.474579],[-72.979441,4.475876],[-72.979162,4.476096],[-72.979164,4.474517],[-72.979742,4.474178],[-72.979802,4.474138],[-72.979822,4.474098],[-72.979823,4.472919],[-72.979844,4.472879],[-72.979943,4.472859],[-72.98078,4.472341],[-72.981559,4.471143]]]}},{"type":"Feature","properties":{"cod_bp":"B.324-P.1","bloque":324,"tono":2,"ha":6.2},"geometry":{"type":"Polygon","coordinates":[[[-72.957518,4.527267],[-72.95479,4.527325],[-72.954532,4.526825],[-72.95499,4.526366],[-72.955349,4.525927],[-72.955449,4.525727],[-72.955489,4.525667],[-72.955769,4.525148],[-72.955829,4.525088],[-72.955909,4.524988],[-72.955988,4.524928],[-72.956048,4.524849],[-72.957481,4.52563],[-72.957521,4.52567],[-72.957518,4.527267]]]}},{"type":"Feature","properties":{"cod_bp":"B.324-P.2","bloque":324,"tono":2,"ha":4.1},"geometry":{"type":"Polygon","coordinates":[[[-72.955139,4.52049],[-72.955398,4.520051],[-72.955718,4.519472],[-72.955737,4.520131],[-72.955775,4.520831],[-72.955814,4.52177],[-72.955853,4.52231],[-72.955852,4.52261],[-72.955832,4.52265],[-72.955753,4.52271],[-72.955494,4.522869],[-72.955454,4.522909],[-72.955434,4.522909],[-72.955453,4.523289],[-72.955453,4.523589],[-72.955213,4.523768],[-72.954815,4.524027],[-72.954676,4.523707],[-72.954637,4.523168],[-72.954657,4.523108],[-72.954798,4.521629],[-72.955139,4.52049]]]}},{"type":"Feature","properties":{"cod_bp":"B.324-P.3","bloque":324,"tono":2,"ha":14.7},"geometry":{"type":"Polygon","coordinates":[[[-72.956198,4.517994],[-72.956278,4.517794],[-72.956418,4.517534],[-72.956457,4.517474],[-72.95823,4.517437],[-72.957811,4.517656],[-72.957493,4.517855],[-72.957493,4.517875],[-72.957472,4.517895],[-72.957531,4.518935],[-72.957551,4.518955],[-72.957789,4.519075],[-72.957809,4.519075],[-72.957829,4.519095],[-72.957849,4.519275],[-72.957868,4.519735],[-72.957848,4.519755],[-72.957549,4.519934],[-72.95717,4.520193],[-72.95715,4.520213],[-72.95717,4.520433],[-72.957305,4.523411],[-72.957325,4.523471],[-72.956048,4.524849],[-72.955988,4.524928],[-72.955909,4.524988],[-72.955829,4.525088],[-72.955769,4.525148],[-72.955489,4.525667],[-72.955449,4.525727],[-72.95545,4.525587],[-72.95539,4.525407],[-72.954815,4.524027],[-72.955213,4.523768],[-72.955453,4.523589],[-72.955453,4.523289],[-72.955434,4.522909],[-72.955454,4.522909],[-72.955494,4.522869],[-72.955753,4.52271],[-72.955832,4.52265],[-72.955852,4.52261],[-72.955853,4.52231],[-72.955814,4.52177],[-72.955775,4.520831],[-72.955737,4.520131],[-72.955718,4.519472],[-72.956017,4.518913],[-72.956078,4.518493],[-72.956118,4.518273],[-72.956198,4.517994]]]}},{"type":"Feature","properties":{"cod_bp":"B.324-P.4","bloque":324,"tono":2,"ha":12.2},"geometry":{"type":"Polygon","coordinates":[[[-72.9605,4.51738],[-72.9605,4.51762],[-72.960539,4.51804],[-72.960539,4.51818],[-72.960519,4.5182],[-72.960459,4.51822],[-72.959183,4.519057],[-72.959183,4.519077],[-72.959164,4.519097],[-72.959183,4.519157],[-72.959241,4.520576],[-72.958643,4.520975],[-72.958681,4.521994],[-72.957325,4.523471],[-72.957305,4.523411],[-72.95717,4.520433],[-72.95715,4.520213],[-72.95717,4.520193],[-72.957549,4.519934],[-72.957848,4.519755],[-72.957868,4.519735],[-72.957849,4.519275],[-72.957829,4.519095],[-72.957809,4.519075],[-72.957789,4.519075],[-72.957551,4.518955],[-72.957531,4.518935],[-72.957472,4.517895],[-72.957493,4.517875],[-72.957493,4.517855],[-72.957811,4.517656],[-72.95823,4.517437],[-72.9605,4.51738]]]}},{"type":"Feature","properties":{"cod_bp":"B.324-P.5","bloque":324,"tono":2,"ha":8.5},"geometry":{"type":"Polygon","coordinates":[[[-72.96269,4.518143],[-72.962331,4.518402],[-72.961514,4.518941],[-72.960656,4.519859],[-72.960616,4.519919],[-72.958681,4.521994],[-72.958643,4.520975],[-72.959241,4.520576],[-72.959183,4.519157],[-72.959164,4.519097],[-72.959183,4.519077],[-72.959183,4.519057],[-72.960459,4.51822],[-72.960519,4.5182],[-72.960539,4.51818],[-72.960539,4.51804],[-72.9605,4.51762],[-72.9605,4.51738],[-72.96289,4.517344],[-72.96293,4.517524],[-72.96283,4.517943],[-72.96269,4.518143]]]}},{"type":"Feature","properties":{"cod_bp":"B.324-P.7","bloque":324,"tono":2,"ha":4.6},"geometry":{"type":"Polygon","coordinates":[[[-72.959496,4.523155],[-72.959476,4.523395],[-72.959376,4.523414],[-72.959297,4.523414],[-72.959217,4.523434],[-72.959058,4.523434],[-72.958739,4.523453],[-72.958679,4.523473],[-72.95848,4.523473],[-72.95836,4.523453],[-72.958281,4.523453],[-72.958161,4.523473],[-72.957584,4.523472],[-72.957564,4.523492],[-72.957424,4.523572],[-72.957404,4.523571],[-72.957404,4.523551],[-72.957365,4.523511],[-72.957345,4.523451],[-72.960654,4.519877],[-72.960616,4.520298],[-72.960496,4.520498],[-72.960296,4.521017],[-72.960096,4.521437],[-72.960036,4.521677],[-72.959756,4.522336],[-72.959676,4.522695],[-72.959636,4.522775],[-72.959616,4.522855],[-72.959496,4.523155]]]}},{"type":"Feature","properties":{"cod_bp":"B.324-P.8","bloque":324,"tono":2,"ha":12.7},"geometry":{"type":"Polygon","coordinates":[[[-72.959909,4.526493],[-72.959936,4.526781],[-72.959191,4.527232],[-72.957518,4.527267],[-72.957521,4.52567],[-72.957481,4.52563],[-72.956048,4.524849],[-72.957345,4.523451],[-72.957365,4.523511],[-72.957404,4.523551],[-72.957404,4.523571],[-72.957424,4.523572],[-72.957564,4.523492],[-72.957584,4.523472],[-72.958161,4.523473],[-72.958281,4.523453],[-72.95836,4.523453],[-72.95848,4.523473],[-72.958679,4.523473],[-72.958799,4.523454],[-72.959058,4.523434],[-72.959217,4.523434],[-72.959297,4.523414],[-72.959376,4.523414],[-72.959476,4.523395],[-72.959536,4.523475],[-72.959574,4.524114],[-72.959614,4.524234],[-72.959713,4.524354],[-72.959873,4.524494],[-72.959932,4.524834],[-72.959909,4.526493]]]}},{"type":"Feature","properties":{"cod_bp":"B.325-P.1","bloque":325,"tono":1,"ha":23.7},"geometry":{"type":"Polygon","coordinates":[[[-72.950365,4.503355],[-72.952376,4.503318],[-72.953571,4.50328],[-72.954149,4.503281],[-72.953468,4.505258],[-72.952868,4.506916],[-72.952708,4.507336],[-72.952629,4.507595],[-72.952289,4.508494],[-72.952229,4.508714],[-72.952168,4.508894],[-72.952089,4.509034],[-72.952088,4.509493],[-72.949499,4.50955],[-72.949599,4.50887],[-72.950204,4.504474],[-72.950365,4.503355]]]}},{"type":"Feature","properties":{"cod_bp":"B.325-P.2","bloque":325,"tono":1,"ha":16.5},"geometry":{"type":"Polygon","coordinates":[[[-72.953488,4.505198],[-72.954149,4.503281],[-72.956279,4.503224],[-72.960143,4.50315],[-72.96082,4.503131],[-72.960819,4.50421],[-72.959045,4.505227],[-72.958985,4.505266],[-72.953468,4.505258],[-72.953488,4.505198]]]}},{"type":"Feature","properties":{"cod_bp":"B.325-P.3","bloque":325,"tono":1,"ha":20.9},"geometry":{"type":"Polygon","coordinates":[[[-72.952868,4.506916],[-72.953468,4.505258],[-72.958985,4.505266],[-72.959045,4.505227],[-72.960819,4.50421],[-72.960814,4.507328],[-72.960794,4.507328],[-72.960794,4.507348],[-72.952708,4.507336],[-72.952868,4.506916]]]}},{"type":"Feature","properties":{"cod_bp":"B.325-P.4","bloque":325,"tono":1,"ha":22.1},"geometry":{"type":"Polygon","coordinates":[[[-72.952629,4.507595],[-72.952708,4.507336],[-72.960794,4.507348],[-72.960794,4.507328],[-72.960814,4.507328],[-72.960894,4.507368],[-72.961132,4.507548],[-72.961112,4.507608],[-72.961072,4.508047],[-72.961072,4.508107],[-72.961092,4.508167],[-72.961131,4.508387],[-72.961151,4.508447],[-72.961211,4.508547],[-72.96125,4.508667],[-72.96125,4.508767],[-72.96123,4.508807],[-72.96123,4.508847],[-72.96119,4.509007],[-72.96119,4.509207],[-72.96117,4.509267],[-72.96117,4.509287],[-72.955095,4.509418],[-72.953303,4.509475],[-72.952088,4.509493],[-72.952089,4.509034],[-72.952168,4.508894],[-72.952229,4.508714],[-72.952289,4.508494],[-72.952629,4.507595]]]}},{"type":"Feature","properties":{"cod_bp":"B.325-P.5","bloque":325,"tono":1,"ha":25.8},"geometry":{"type":"Polygon","coordinates":[[[-72.960819,4.50421],[-72.96082,4.503131],[-72.964505,4.503056],[-72.965042,4.503037],[-72.965062,4.503077],[-72.965042,4.503117],[-72.965062,4.503157],[-72.96536,4.503977],[-72.965558,4.504277],[-72.965598,4.504317],[-72.965638,4.504377],[-72.966195,4.505037],[-72.966234,4.505117],[-72.966213,4.505757],[-72.966193,4.505837],[-72.965993,4.506336],[-72.964857,4.507493],[-72.964797,4.507513],[-72.96402,4.507652],[-72.96396,4.507652],[-72.9639,4.507632],[-72.963284,4.507291],[-72.963224,4.507291],[-72.962687,4.507071],[-72.962288,4.50719],[-72.962129,4.50729],[-72.962049,4.507329],[-72.961611,4.507389],[-72.961471,4.507389],[-72.961312,4.507408],[-72.961212,4.507448],[-72.961172,4.507508],[-72.961132,4.507548],[-72.960894,4.507368],[-72.960814,4.507328],[-72.960819,4.50421]]]}},{"type":"Feature","properties":{"cod_bp":"B.326-P.1","bloque":326,"tono":2,"ha":8.7},"geometry":{"type":"Polygon","coordinates":[[[-72.970581,4.446963],[-72.972806,4.450764],[-72.973006,4.451112],[-72.973005,4.451124],[-72.973243,4.451524],[-72.973283,4.451664],[-72.973283,4.451744],[-72.973058,4.452306],[-72.972764,4.452483],[-72.972366,4.452482],[-72.972146,4.452622],[-72.972146,4.452701],[-72.971887,4.452881],[-72.971628,4.452981],[-72.971569,4.452821],[-72.97115,4.452189],[-72.97072,4.447903],[-72.97066,4.447603],[-72.970581,4.446963]]]}},{"type":"Feature","properties":{"cod_bp":"B.326-P.2","bloque":326,"tono":2,"ha":32.1},"geometry":{"type":"Polygon","coordinates":[[[-72.971112,4.451821],[-72.97115,4.452189],[-72.971052,4.45206],[-72.971012,4.45202],[-72.970714,4.45186],[-72.970535,4.45174],[-72.970316,4.45166],[-72.970097,4.451639],[-72.969898,4.451679],[-72.969559,4.451778],[-72.969439,4.451858],[-72.9693,4.451918],[-72.96918,4.452118],[-72.96908,4.452257],[-72.968961,4.452337],[-72.968861,4.452417],[-72.968781,4.452457],[-72.968383,4.452576],[-72.968164,4.452596],[-72.967825,4.452655],[-72.967606,4.452715],[-72.967327,4.452695],[-72.967128,4.452734],[-72.966769,4.452714],[-72.966531,4.452653],[-72.966352,4.452593],[-72.966073,4.452473],[-72.965675,4.452233],[-72.965516,4.452072],[-72.965377,4.451593],[-72.965198,4.451332],[-72.9649,4.450872],[-72.964881,4.450213],[-72.965001,4.450113],[-72.965379,4.450313],[-72.965538,4.450553],[-72.965797,4.450554],[-72.965877,4.450394],[-72.965917,4.450014],[-72.966156,4.449955],[-72.966236,4.449535],[-72.966396,4.449356],[-72.966695,4.449156],[-72.966795,4.448936],[-72.967115,4.447997],[-72.967674,4.447199],[-72.967953,4.446939],[-72.968232,4.44676],[-72.968332,4.44678],[-72.968531,4.44664],[-72.96867,4.446621],[-72.96871,4.446421],[-72.968969,4.446521],[-72.969069,4.446361],[-72.969228,4.446262],[-72.969328,4.446282],[-72.969607,4.446102],[-72.969687,4.446142],[-72.969926,4.446143],[-72.970045,4.446063],[-72.970125,4.446123],[-72.970581,4.446963],[-72.97066,4.447603],[-72.97072,4.447903],[-72.971112,4.451821]]]}},{"type":"Feature","properties":{"cod_bp":"B.327-P.1","bloque":327,"tono":0,"ha":43.9},"geometry":{"type":"Polygon","coordinates":[[[-72.943962,4.456958],[-72.944141,4.456958],[-72.94414,4.457937],[-72.944158,4.459017],[-72.942744,4.459294],[-72.94111,4.459652],[-72.940792,4.459471],[-72.940214,4.45955],[-72.940115,4.45947],[-72.940116,4.458671],[-72.93922,4.45867],[-72.939219,4.459209],[-72.939079,4.459349],[-72.938999,4.459529],[-72.938939,4.459769],[-72.938919,4.460108],[-72.932245,4.461478],[-72.932247,4.460738],[-72.932266,4.460698],[-72.932426,4.460598],[-72.932446,4.460578],[-72.932466,4.460539],[-72.932446,4.460319],[-72.932467,4.460099],[-72.932467,4.459539],[-72.932508,4.4593],[-72.932548,4.45918],[-72.932548,4.45912],[-72.932627,4.45904],[-72.932687,4.45892],[-72.932708,4.45884],[-72.932767,4.45876],[-72.932827,4.4587],[-72.932847,4.458601],[-72.932907,4.458561],[-72.933008,4.457661],[-72.933228,4.457282],[-72.933368,4.456962],[-72.933387,4.456942],[-72.943962,4.456958]]]}},{"type":"Feature","properties":{"cod_bp":"B.327-P.2","bloque":327,"tono":0,"ha":46.3},"geometry":{"type":"Polygon","coordinates":[[[-72.944147,4.453221],[-72.944141,4.456958],[-72.933387,4.456942],[-72.933507,4.456743],[-72.933568,4.456043],[-72.933629,4.455464],[-72.933629,4.455344],[-72.933669,4.455304],[-72.933669,4.455124],[-72.933611,4.454225],[-72.93369,4.454165],[-72.93391,4.454045],[-72.933949,4.454065],[-72.934128,4.454185],[-72.934407,4.454326],[-72.934546,4.454246],[-72.934746,4.454206],[-72.935104,4.454187],[-72.935264,4.454187],[-72.935383,4.454227],[-72.935443,4.454227],[-72.935502,4.454207],[-72.935483,4.454167],[-72.935264,4.454047],[-72.935284,4.453847],[-72.935284,4.453588],[-72.935424,4.453388],[-72.935504,4.453208],[-72.944147,4.453221]]]}},{"type":"Feature","properties":{"cod_bp":"B.327-P.3","bloque":327,"tono":0,"ha":44.4},"geometry":{"type":"Polygon","coordinates":[[[-72.938538,4.448576],[-72.938558,4.448656],[-72.943098,4.448662],[-72.943138,4.448682],[-72.943178,4.448662],[-72.944134,4.448664],[-72.944131,4.450043],[-72.944147,4.453221],[-72.935524,4.453208],[-72.935584,4.453148],[-72.935624,4.453088],[-72.935624,4.452828],[-72.935644,4.452709],[-72.935664,4.452649],[-72.935704,4.452569],[-72.935864,4.452309],[-72.935884,4.451969],[-72.935885,4.45177],[-72.936064,4.45149],[-72.936184,4.45137],[-72.936204,4.45131],[-72.936244,4.451231],[-72.936324,4.451151],[-72.936363,4.451091],[-72.936423,4.451031],[-72.936483,4.450911],[-72.936643,4.450831],[-72.936643,4.450771],[-72.936623,4.450632],[-72.936624,4.450232],[-72.936604,4.450172],[-72.936624,4.450132],[-72.936624,4.449752],[-72.936684,4.449532],[-72.936764,4.449413],[-72.936904,4.449153],[-72.936984,4.449033],[-72.937024,4.448933],[-72.937044,4.448753],[-72.936885,4.448553],[-72.937224,4.448314],[-72.937423,4.448154],[-72.937503,4.448135],[-72.937563,4.448095],[-72.937702,4.448095],[-72.938518,4.448556],[-72.938538,4.448576]]]}},{"type":"Feature","properties":{"cod_bp":"B.327-P.4","bloque":327,"tono":0,"ha":37.1},"geometry":{"type":"Polygon","coordinates":[[[-72.944159,4.444786],[-72.944156,4.446745],[-72.940014,4.446739],[-72.939991,4.448658],[-72.938558,4.448656],[-72.938538,4.448576],[-72.938518,4.448556],[-72.937702,4.448095],[-72.937563,4.448095],[-72.937503,4.448135],[-72.937423,4.448154],[-72.937224,4.448314],[-72.936885,4.448553],[-72.936865,4.448513],[-72.936527,4.448533],[-72.936427,4.448493],[-72.936268,4.448392],[-72.936049,4.448452],[-72.935929,4.448452],[-72.93583,4.448512],[-72.93577,4.448572],[-72.93573,4.448652],[-72.93571,4.448711],[-72.93567,4.448771],[-72.93559,4.448811],[-72.935271,4.448891],[-72.935052,4.44885],[-72.934854,4.44873],[-72.934754,4.44855],[-72.934755,4.44827],[-72.934476,4.44807],[-72.934477,4.44791],[-72.934417,4.44785],[-72.934397,4.44767],[-72.934337,4.44761],[-72.934298,4.44751],[-72.934258,4.44749],[-72.934198,4.44749],[-72.934158,4.44751],[-72.934119,4.44751],[-72.934119,4.44737],[-72.934299,4.447031],[-72.934319,4.446971],[-72.934319,4.446931],[-72.934279,4.446811],[-72.934239,4.446751],[-72.9342,4.446731],[-72.93416,4.446691],[-72.9341,4.446591],[-72.933981,4.446351],[-72.933922,4.446091],[-72.933902,4.445711],[-72.933863,4.445631],[-72.933724,4.444991],[-72.933685,4.444751],[-72.933764,4.444771],[-72.944159,4.444786]]]}},{"type":"Feature","properties":{"cod_bp":"B.327-P.5","bloque":327,"tono":0,"ha":48.3},"geometry":{"type":"Polygon","coordinates":[[[-72.933764,4.444771],[-72.933685,4.444751],[-72.933666,4.443812],[-72.933627,4.443752],[-72.933607,4.443632],[-72.933627,4.443532],[-72.933667,4.443392],[-72.933607,4.443192],[-72.933608,4.443072],[-72.933548,4.442952],[-72.933549,4.442193],[-72.93343,4.442093],[-72.933152,4.441693],[-72.932953,4.441353],[-72.932655,4.441192],[-72.932456,4.441152],[-72.932356,4.441152],[-72.932117,4.441012],[-72.931958,4.440851],[-72.931819,4.440512],[-72.931799,4.440492],[-72.93176,4.440472],[-72.9317,4.440471],[-72.931839,4.440332],[-72.938405,4.440341],[-72.939465,4.440922],[-72.940003,4.441203],[-72.940799,4.441644],[-72.941535,4.442064],[-72.942191,4.442445],[-72.942589,4.442706],[-72.943902,4.443487],[-72.944121,4.443547],[-72.944123,4.443538],[-72.944161,4.443547],[-72.944159,4.444786],[-72.933764,4.444771]]]}},{"type":"Feature","properties":{"cod_bp":"B.327-P.6","bloque":327,"tono":0,"ha":29.8},"geometry":{"type":"Polygon","coordinates":[[[-72.934213,4.437837],[-72.93469,4.438177],[-72.935486,4.438718],[-72.935484,4.440337],[-72.931839,4.440332],[-72.9317,4.440471],[-72.931401,4.440411],[-72.931242,4.440331],[-72.930904,4.44027],[-72.930844,4.44027],[-72.930744,4.44029],[-72.930665,4.44027],[-72.930505,4.44019],[-72.930147,4.440189],[-72.929888,4.440149],[-72.929371,4.440108],[-72.929132,4.440008],[-72.929052,4.439948],[-72.929052,4.439928],[-72.929032,4.439868],[-72.928993,4.439788],[-72.928953,4.439648],[-72.928754,4.439528],[-72.928635,4.439308],[-72.928436,4.439188],[-72.928357,4.439048],[-72.928357,4.438828],[-72.928218,4.438608],[-72.928138,4.438468],[-72.928039,4.438368],[-72.928099,4.438068],[-72.928159,4.437928],[-72.928817,4.437569],[-72.928857,4.437489],[-72.928877,4.437349],[-72.928996,4.43729],[-72.929096,4.43723],[-72.929196,4.43715],[-72.929216,4.43709],[-72.929415,4.436931],[-72.929435,4.436791],[-72.929475,4.436731],[-72.929496,4.436491],[-72.929555,4.436411],[-72.929595,4.436251],[-72.929755,4.435992],[-72.929795,4.435892],[-72.929815,4.435872],[-72.929855,4.435752],[-72.929915,4.435712],[-72.929935,4.435532],[-72.930015,4.435352],[-72.930035,4.435153],[-72.930055,4.435033],[-72.930115,4.434953],[-72.930175,4.434793],[-72.931806,4.436155],[-72.932681,4.436795],[-72.934213,4.437837]]]}},{"type":"Feature","properties":{"cod_bp":"B.327-P.7","bloque":327,"tono":0,"ha":9.8},"geometry":{"type":"Polygon","coordinates":[[[-72.940014,4.446739],[-72.944156,4.446745],[-72.944134,4.448664],[-72.943178,4.448662],[-72.943138,4.448682],[-72.943098,4.448662],[-72.939991,4.448658],[-72.940014,4.446739]]]}},{"type":"Feature","properties":{"cod_bp":"B.328-P.1","bloque":328,"tono":2,"ha":5.6},"geometry":{"type":"Polygon","coordinates":[[[-72.979804,4.431367],[-72.979525,4.431846],[-72.978746,4.433005],[-72.978647,4.433184],[-72.978146,4.435122],[-72.978046,4.435462],[-72.977745,4.436761],[-72.977547,4.4366],[-72.977527,4.436161],[-72.977428,4.436121],[-72.977409,4.435361],[-72.97737,4.434621],[-72.97743,4.434442],[-72.97749,4.434322],[-72.977431,4.433702],[-72.977511,4.433542],[-72.977492,4.432963],[-72.977572,4.432743],[-72.977812,4.432224],[-72.977912,4.432124],[-72.97819,4.431925],[-72.978489,4.432065],[-72.979525,4.431407],[-72.979804,4.431367]]]}},{"type":"Feature","properties":{"cod_bp":"B.328-P.2","bloque":328,"tono":2,"ha":18.9},"geometry":{"type":"Polygon","coordinates":[[[-72.979525,4.431846],[-72.979804,4.431367],[-72.979968,4.431171],[-72.981396,4.432389],[-72.981395,4.433168],[-72.981414,4.433408],[-72.981434,4.433548],[-72.981334,4.433848],[-72.980655,4.435086],[-72.980296,4.435825],[-72.980076,4.436304],[-72.980076,4.436384],[-72.980096,4.436444],[-72.980155,4.436504],[-72.980394,4.436644],[-72.98115,4.437125],[-72.980512,4.437524],[-72.980412,4.437704],[-72.980432,4.438023],[-72.980392,4.438044],[-72.980352,4.438083],[-72.980432,4.438104],[-72.980392,4.438123],[-72.980292,4.438143],[-72.980292,4.438323],[-72.979874,4.438343],[-72.979855,4.437923],[-72.979934,4.437883],[-72.979915,4.437503],[-72.979676,4.437403],[-72.979158,4.437322],[-72.97872,4.437341],[-72.978601,4.437441],[-72.978362,4.437361],[-72.978262,4.437441],[-72.978262,4.437881],[-72.978201,4.43816],[-72.978002,4.43836],[-72.977803,4.438359],[-72.977723,4.438199],[-72.977783,4.43808],[-72.977784,4.4377],[-72.977778,4.437623],[-72.977784,4.43762],[-72.977745,4.43714],[-72.977745,4.436761],[-72.978046,4.435462],[-72.978166,4.435082],[-72.978647,4.433184],[-72.978746,4.433005],[-72.979525,4.431846]]]}},{"type":"Feature","properties":{"cod_bp":"B.329-P.1","bloque":329,"tono":0,"ha":28.6},"geometry":{"type":"Polygon","coordinates":[[[-72.934016,4.422907],[-72.934713,4.423468],[-72.933896,4.423726],[-72.933677,4.423786],[-72.933218,4.423945],[-72.9328,4.424064],[-72.932481,4.424184],[-72.932422,4.424184],[-72.932302,4.424204],[-72.931923,4.424363],[-72.931764,4.424363],[-72.931744,4.424383],[-72.931684,4.424403],[-72.931625,4.424462],[-72.931545,4.424502],[-72.931465,4.424442],[-72.931146,4.424622],[-72.931067,4.424582],[-72.930848,4.424701],[-72.930768,4.424681],[-72.930609,4.424761],[-72.93033,4.42486],[-72.930171,4.4247],[-72.930171,4.42456],[-72.930151,4.424181],[-72.929952,4.42402],[-72.929913,4.42396],[-72.929893,4.42374],[-72.929237,4.42346],[-72.929177,4.42314],[-72.928899,4.423139],[-72.9286,4.423039],[-72.928561,4.422719],[-72.928222,4.422579],[-72.927844,4.422438],[-72.927585,4.422398],[-72.927565,4.422738],[-72.927485,4.422818],[-72.927366,4.422618],[-72.926671,4.421597],[-72.926452,4.421237],[-72.926134,4.420777],[-72.925896,4.420417],[-72.925856,4.420377],[-72.92526,4.419477],[-72.925121,4.419277],[-72.924644,4.418636],[-72.924644,4.418397],[-72.924664,4.418317],[-72.924704,4.418277],[-72.924724,4.418237],[-72.924864,4.418097],[-72.924884,4.418057],[-72.924944,4.418017],[-72.925023,4.417937],[-72.925043,4.417937],[-72.925063,4.417878],[-72.925441,4.418298],[-72.9256,4.418458],[-72.925699,4.418598],[-72.925799,4.418698],[-72.925878,4.418818],[-72.925958,4.418918],[-72.926017,4.418978],[-72.926077,4.419058],[-72.926415,4.419239],[-72.926594,4.419399],[-72.926714,4.419519],[-72.926813,4.419579],[-72.92735,4.41984],[-72.927529,4.41988],[-72.927569,4.4199],[-72.927589,4.4199],[-72.927629,4.41988],[-72.927689,4.41988],[-72.927788,4.41982],[-72.927848,4.4198],[-72.927868,4.41978],[-72.927908,4.41978],[-72.927948,4.41976],[-72.928027,4.41976],[-72.928047,4.419741],[-72.928087,4.419721],[-72.928187,4.419681],[-72.928247,4.419641],[-72.928267,4.419641],[-72.928286,4.419621],[-72.928306,4.419641],[-72.928625,4.419642],[-72.928665,4.419621],[-72.928685,4.419622],[-72.928705,4.419602],[-72.928745,4.419602],[-72.928824,4.419562],[-72.928964,4.419542],[-72.929183,4.419542],[-72.929282,4.419523],[-72.929281,4.420662],[-72.9293,4.420682],[-72.92936,4.420722],[-72.929519,4.420802],[-72.929639,4.420842],[-72.929698,4.420882],[-72.929718,4.420882],[-72.929758,4.420902],[-72.929917,4.420902],[-72.930017,4.420962],[-72.930037,4.420983],[-72.930136,4.421003],[-72.930216,4.421003],[-72.930276,4.421023],[-72.930316,4.421023],[-72.930395,4.421003],[-72.930455,4.421003],[-72.930535,4.420983],[-72.930575,4.420983],[-72.930734,4.420924],[-72.931013,4.420924],[-72.931172,4.420844],[-72.931192,4.420824],[-72.931232,4.420824],[-72.931232,4.420844],[-72.931272,4.420864],[-72.931291,4.420904],[-72.931431,4.421024],[-72.93147,4.421065],[-72.93149,4.421105],[-72.93159,4.421165],[-72.931649,4.421225],[-72.931809,4.421325],[-72.931888,4.421405],[-72.931908,4.421445],[-72.932007,4.421505],[-72.932067,4.421565],[-72.932107,4.421625],[-72.932147,4.421665],[-72.932226,4.421705],[-72.932266,4.421745],[-72.932326,4.421785],[-72.932365,4.421845],[-72.932445,4.421925],[-72.932485,4.421945],[-72.932604,4.422066],[-72.932862,4.422266],[-72.932902,4.422286],[-72.932982,4.422346],[-72.933042,4.422426],[-72.933061,4.422466],[-72.933081,4.422486],[-72.933141,4.422506],[-72.93328,4.422586],[-72.93332,4.422626],[-72.93338,4.422706],[-72.933459,4.422786],[-72.933499,4.422806],[-72.933519,4.422806],[-72.933539,4.422786],[-72.933638,4.422746],[-72.933718,4.422747],[-72.933778,4.422767],[-72.933897,4.422827],[-72.934016,4.422907]]]}},{"type":"Feature","properties":{"cod_bp":"B.329-P.10","bloque":329,"tono":0,"ha":14.0},"geometry":{"type":"Polygon","coordinates":[[[-72.922732,4.392572],[-72.921996,4.392451],[-72.92104,4.39217],[-72.920284,4.392029],[-72.919826,4.391868],[-72.919827,4.391129],[-72.919907,4.391029],[-72.919908,4.390249],[-72.919968,4.39015],[-72.919909,4.38963],[-72.91981,4.38945],[-72.91981,4.38921],[-72.919671,4.38929],[-72.919233,4.389129],[-72.919114,4.388989],[-72.918975,4.388789],[-72.918895,4.388569],[-72.918796,4.388349],[-72.918717,4.388109],[-72.918658,4.387789],[-72.918499,4.387429],[-72.91842,4.387209],[-72.91834,4.386889],[-72.918281,4.38657],[-72.918103,4.38611],[-72.918083,4.38561],[-72.918323,4.385351],[-72.918801,4.385111],[-72.919,4.385571],[-72.919218,4.385951],[-72.919417,4.386272],[-72.919794,4.386991],[-72.920052,4.387511],[-72.92035,4.388012],[-72.921025,4.389312],[-72.921501,4.390252],[-72.92172,4.390592],[-72.922355,4.391752],[-72.922772,4.392572],[-72.922732,4.392572]]]}},{"type":"Feature","properties":{"cod_bp":"B.329-P.11","bloque":329,"tono":0,"ha":23.0},"geometry":{"type":"Polygon","coordinates":[[[-72.91086,4.369991],[-72.911554,4.371311],[-72.912249,4.372651],[-72.914036,4.376151],[-72.914413,4.376851],[-72.915565,4.379111],[-72.916001,4.379951],[-72.91624,4.380471],[-72.914567,4.380469],[-72.914448,4.380428],[-72.914209,4.380288],[-72.91407,4.379828],[-72.913911,4.379568],[-72.913772,4.379408],[-72.913593,4.379348],[-72.913414,4.379368],[-72.913056,4.379167],[-72.913036,4.379047],[-72.912658,4.378847],[-72.912578,4.378707],[-72.912499,4.378367],[-72.91242,4.378167],[-72.912402,4.377288],[-72.912481,4.377148],[-72.912721,4.376988],[-72.912682,4.376309],[-72.912582,4.376169],[-72.912503,4.376029],[-72.912444,4.375849],[-72.912344,4.375689],[-72.912305,4.375489],[-72.912205,4.375409],[-72.912166,4.375309],[-72.911987,4.375209],[-72.911788,4.374909],[-72.911789,4.374449],[-72.911649,4.374369],[-72.91157,4.374249],[-72.91149,4.374069],[-72.911431,4.374009],[-72.911053,4.373768],[-72.910775,4.373428],[-72.910676,4.373148],[-72.910676,4.372828],[-72.910617,4.372748],[-72.910537,4.372548],[-72.910498,4.372269],[-72.910399,4.372009],[-72.910379,4.371749],[-72.910319,4.371709],[-72.9103,4.371509],[-72.910161,4.371429],[-72.910002,4.371229],[-72.910002,4.371049],[-72.909445,4.370708],[-72.909525,4.370528],[-72.909904,4.370149],[-72.910023,4.370169],[-72.910421,4.37011],[-72.910601,4.37007],[-72.91084,4.370051],[-72.91086,4.369991]]]}},{"type":"Feature","properties":{"cod_bp":"B.329-P.12","bloque":329,"tono":0,"ha":35.1},"geometry":{"type":"Polygon","coordinates":[[[-72.915731,4.413267],[-72.924015,4.413279],[-72.924012,4.415298],[-72.923793,4.415477],[-72.923055,4.416136],[-72.922157,4.416914],[-72.922098,4.416974],[-72.922078,4.416974],[-72.921819,4.416894],[-72.921361,4.416713],[-72.920804,4.416512],[-72.920386,4.416352],[-72.920048,4.416212],[-72.920008,4.416211],[-72.919789,4.416171],[-72.919331,4.416051],[-72.918853,4.41595],[-72.918654,4.41593],[-72.917938,4.415829],[-72.916464,4.415667],[-72.915847,4.415586],[-72.914931,4.415485],[-72.914374,4.415404],[-72.913657,4.415323],[-72.913597,4.415323],[-72.913678,4.414963],[-72.913738,4.414624],[-72.913858,4.414024],[-72.913938,4.413704],[-72.913978,4.413485],[-72.913979,4.413345],[-72.913999,4.413305],[-72.913999,4.413225],[-72.913979,4.413185],[-72.91398,4.412805],[-72.91396,4.412725],[-72.91404,4.412545],[-72.914119,4.412526],[-72.914418,4.412526],[-72.914876,4.412647],[-72.915155,4.412647],[-72.915214,4.412687],[-72.915353,4.412887],[-72.915393,4.412967],[-72.915492,4.413207],[-72.915492,4.413247],[-72.915612,4.413247],[-72.915731,4.413267]]]}},{"type":"Feature","properties":{"cod_bp":"B.329-P.13","bloque":329,"tono":0,"ha":33.7},"geometry":{"type":"Polygon","coordinates":[[[-72.92511,4.413281],[-72.915731,4.413267],[-72.915732,4.412688],[-72.916111,4.412329],[-72.916191,4.412209],[-72.916231,4.412089],[-72.916232,4.411469],[-72.916033,4.411209],[-72.916034,4.41049],[-72.916094,4.41031],[-72.916174,4.41011],[-72.916394,4.409711],[-72.916613,4.409511],[-72.917012,4.408852],[-72.917013,4.408532],[-72.917332,4.408213],[-72.917631,4.408034],[-72.91789,4.408154],[-72.918128,4.408374],[-72.918307,4.408594],[-72.918387,4.408714],[-72.918466,4.408814],[-72.918486,4.408954],[-72.918465,4.409634],[-72.918624,4.409734],[-72.918624,4.409894],[-72.918803,4.409994],[-72.919161,4.410294],[-72.919519,4.410495],[-72.919618,4.410475],[-72.920096,4.410735],[-72.920176,4.410716],[-72.920832,4.411096],[-72.920931,4.411256],[-72.92121,4.411397],[-72.921469,4.411317],[-72.921668,4.411177],[-72.921788,4.411018],[-72.921908,4.410838],[-72.922127,4.410938],[-72.922266,4.410898],[-72.922406,4.410939],[-72.922505,4.410919],[-72.922605,4.411039],[-72.922844,4.410879],[-72.922983,4.410879],[-72.923182,4.4109],[-72.923183,4.41052],[-72.922845,4.41032],[-72.922785,4.41032],[-72.922387,4.410139],[-72.922228,4.410079],[-72.921869,4.410038],[-72.92163,4.409998],[-72.921451,4.409958],[-72.921391,4.409938],[-72.921312,4.409718],[-72.921313,4.409478],[-72.921233,4.409438],[-72.921113,4.409518],[-72.920835,4.409477],[-72.920836,4.408578],[-72.920876,4.408538],[-72.921274,4.408779],[-72.921473,4.408979],[-72.921632,4.409079],[-72.922527,4.40976],[-72.922746,4.40988],[-72.923541,4.410481],[-72.923581,4.410521],[-72.923939,4.411141],[-72.924137,4.411561],[-72.924296,4.411861],[-72.924494,4.412161],[-72.924653,4.412441],[-72.924733,4.412601],[-72.924792,4.412681],[-72.924931,4.412961],[-72.92511,4.413281]]]}},{"type":"Feature","properties":{"cod_bp":"B.329-P.14","bloque":329,"tono":0,"ha":8.8},"geometry":{"type":"Polygon","coordinates":[[[-72.923541,4.410481],[-72.923244,4.41026],[-72.92623,4.410265],[-72.926349,4.410545],[-72.926488,4.410925],[-72.926726,4.411484],[-72.926746,4.411584],[-72.926805,4.411744],[-72.926805,4.411844],[-72.926765,4.412004],[-72.926485,4.412583],[-72.926086,4.413282],[-72.925906,4.413542],[-72.925806,4.413662],[-72.925547,4.414001],[-72.925507,4.414021],[-72.925467,4.413941],[-72.925448,4.413861],[-72.925428,4.413821],[-72.925329,4.413681],[-72.925269,4.413541],[-72.92511,4.413281],[-72.924931,4.412961],[-72.924792,4.412681],[-72.924494,4.412161],[-72.924296,4.411861],[-72.924137,4.411561],[-72.923939,4.411141],[-72.923581,4.410521],[-72.923541,4.410481]]]}},{"type":"Feature","properties":{"cod_bp":"B.329-P.15","bloque":329,"tono":0,"ha":13.7},"geometry":{"type":"Polygon","coordinates":[[[-72.921274,4.408779],[-72.920876,4.408538],[-72.920559,4.407578],[-72.920858,4.407439],[-72.921156,4.407459],[-72.924422,4.407464],[-72.924581,4.407604],[-72.924919,4.407924],[-72.925178,4.408205],[-72.925357,4.408385],[-72.925516,4.408565],[-72.925535,4.408605],[-72.925615,4.408685],[-72.925674,4.408805],[-72.925774,4.409045],[-72.926091,4.409865],[-72.92623,4.410265],[-72.923244,4.41026],[-72.922746,4.40988],[-72.922527,4.40976],[-72.921632,4.409079],[-72.921473,4.408979],[-72.921274,4.408779]]]}},{"type":"Feature","properties":{"cod_bp":"B.329-P.16","bloque":329,"tono":0,"ha":47.6},"geometry":{"type":"Polygon","coordinates":[[[-72.920858,4.407439],[-72.920559,4.407578],[-72.92032,4.407358],[-72.920221,4.407278],[-72.920141,4.407198],[-72.919365,4.406737],[-72.919147,4.406357],[-72.919027,4.406277],[-72.917992,4.406415],[-72.917076,4.406374],[-72.91624,4.406373],[-72.91612,4.406293],[-72.916101,4.406153],[-72.915882,4.406073],[-72.915324,4.405912],[-72.915026,4.405851],[-72.914807,4.405771],[-72.914369,4.405511],[-72.91415,4.405291],[-72.913972,4.405091],[-72.913953,4.404151],[-72.914033,4.403811],[-72.914094,4.403252],[-72.914174,4.402892],[-72.914314,4.402573],[-72.914593,4.402133],[-72.914594,4.401674],[-72.914734,4.401454],[-72.914736,4.399855],[-72.914756,4.399815],[-72.914936,4.399716],[-72.914995,4.399756],[-72.915115,4.399696],[-72.915115,4.399596],[-72.915155,4.399596],[-72.915294,4.399676],[-72.915334,4.399656],[-72.915334,4.399576],[-72.915454,4.399497],[-72.915454,4.399417],[-72.915494,4.399397],[-72.915573,4.399437],[-72.915673,4.399377],[-72.915674,4.398587],[-72.915734,4.398658],[-72.915833,4.398798],[-72.915913,4.398858],[-72.916251,4.399218],[-72.91639,4.399438],[-72.916529,4.399638],[-72.916747,4.399998],[-72.917164,4.400658],[-72.917443,4.401078],[-72.917542,4.401258],[-72.9178,4.401658],[-72.917919,4.401819],[-72.918118,4.402019],[-72.918496,4.402419],[-72.918973,4.402859],[-72.919172,4.40302],[-72.919788,4.40348],[-72.920246,4.40384],[-72.921698,4.404922],[-72.922672,4.405743],[-72.922871,4.405883],[-72.923706,4.406723],[-72.924422,4.407464],[-72.921156,4.407459],[-72.920858,4.407439]]]}},{"type":"Feature","properties":{"cod_bp":"B.329-P.17","bloque":329,"tono":0,"ha":9.7},"geometry":{"type":"Polygon","coordinates":[[[-72.916926,4.400278],[-72.916751,4.399995],[-72.916867,4.399898],[-72.917086,4.399499],[-72.917186,4.399439],[-72.917187,4.399039],[-72.917107,4.398939],[-72.917108,4.398779],[-72.917207,4.39864],[-72.918104,4.398081],[-72.918283,4.398301],[-72.918402,4.398461],[-72.918641,4.398742],[-72.9187,4.398942],[-72.91878,4.399102],[-72.918799,4.399222],[-72.918919,4.399342],[-72.918938,4.399701],[-72.919197,4.399882],[-72.919316,4.400102],[-72.919395,4.400342],[-72.919395,4.400501],[-72.919315,4.400621],[-72.919215,4.400681],[-72.919175,4.400861],[-72.919135,4.400901],[-72.919175,4.401121],[-72.919254,4.401481],[-72.919333,4.401681],[-72.919412,4.402061],[-72.919392,4.40244],[-72.919591,4.40258],[-72.91973,4.402741],[-72.919809,4.402881],[-72.920048,4.403141],[-72.920227,4.403381],[-72.919888,4.40356],[-72.919172,4.40302],[-72.918973,4.402859],[-72.918496,4.402419],[-72.918118,4.402019],[-72.917919,4.401819],[-72.9178,4.401658],[-72.917542,4.401258],[-72.917443,4.401078],[-72.917164,4.400658],[-72.916926,4.400278]]]}},{"type":"Feature","properties":{"cod_bp":"B.329-P.18","bloque":329,"tono":0,"ha":13.1},"geometry":{"type":"Polygon","coordinates":[[[-72.915734,4.398658],[-72.915674,4.398578],[-72.915197,4.398017],[-72.914899,4.397617],[-72.9147,4.397397],[-72.914502,4.397077],[-72.914243,4.396617],[-72.914065,4.396337],[-72.913747,4.395737],[-72.913528,4.395397],[-72.913529,4.395277],[-72.913569,4.395137],[-72.917571,4.395143],[-72.91757,4.395762],[-72.91765,4.395842],[-72.917649,4.396422],[-72.917569,4.396562],[-72.917429,4.396881],[-72.917429,4.397081],[-72.917488,4.397201],[-72.917688,4.397101],[-72.917787,4.397182],[-72.917787,4.397421],[-72.917607,4.397621],[-72.917148,4.398],[-72.91669,4.398439],[-72.91635,4.399158],[-72.916251,4.399218],[-72.915913,4.398858],[-72.915833,4.398798],[-72.915734,4.398658]]]}},{"type":"Feature","properties":{"cod_bp":"B.329-P.19","bloque":329,"tono":0,"ha":18.1},"geometry":{"type":"Polygon","coordinates":[[[-72.917531,4.395143],[-72.913569,4.395137],[-72.91383,4.393918],[-72.91397,4.393459],[-72.91401,4.393399],[-72.914049,4.393319],[-72.915207,4.391442],[-72.918672,4.391427],[-72.918572,4.391846],[-72.918471,4.392406],[-72.91839,4.393285],[-72.918191,4.393685],[-72.918111,4.393744],[-72.917692,4.394303],[-72.917632,4.394623],[-72.917571,4.395143],[-72.917531,4.395143]]]}},{"type":"Feature","properties":{"cod_bp":"B.329-P.2","bloque":329,"tono":0,"ha":27.3},"geometry":{"type":"Polygon","coordinates":[[[-72.934713,4.423468],[-72.934016,4.422907],[-72.933897,4.422827],[-72.933778,4.422767],[-72.933718,4.422747],[-72.933638,4.422746],[-72.933539,4.422786],[-72.933519,4.422806],[-72.933499,4.422806],[-72.933459,4.422786],[-72.93338,4.422706],[-72.93332,4.422626],[-72.93328,4.422586],[-72.933141,4.422506],[-72.933081,4.422486],[-72.933061,4.422466],[-72.933042,4.422426],[-72.932982,4.422346],[-72.932902,4.422286],[-72.932862,4.422266],[-72.932604,4.422066],[-72.932485,4.421945],[-72.932445,4.421925],[-72.932365,4.421845],[-72.932326,4.421785],[-72.932266,4.421745],[-72.932226,4.421705],[-72.932147,4.421665],[-72.932107,4.421625],[-72.932067,4.421565],[-72.932007,4.421505],[-72.931908,4.421445],[-72.931888,4.421405],[-72.931809,4.421325],[-72.931649,4.421225],[-72.93159,4.421165],[-72.93149,4.421105],[-72.93147,4.421065],[-72.931431,4.421024],[-72.931291,4.420904],[-72.931272,4.420864],[-72.931232,4.420844],[-72.931232,4.420824],[-72.931192,4.420824],[-72.931172,4.420844],[-72.931013,4.420924],[-72.930734,4.420924],[-72.930575,4.420983],[-72.930535,4.420983],[-72.930455,4.421003],[-72.930395,4.421003],[-72.930316,4.421023],[-72.930276,4.421023],[-72.930216,4.421003],[-72.930136,4.421003],[-72.930037,4.420983],[-72.930017,4.420962],[-72.929917,4.420902],[-72.929758,4.420902],[-72.929718,4.420882],[-72.929698,4.420882],[-72.929639,4.420842],[-72.929519,4.420802],[-72.92936,4.420722],[-72.9293,4.420682],[-72.929281,4.420662],[-72.929282,4.419523],[-72.929183,4.419542],[-72.928964,4.419542],[-72.928824,4.419562],[-72.928745,4.419602],[-72.928705,4.419602],[-72.928685,4.419622],[-72.928665,4.419621],[-72.928625,4.419642],[-72.928306,4.419641],[-72.928286,4.419621],[-72.928267,4.419641],[-72.928247,4.419641],[-72.928187,4.419681],[-72.928087,4.419721],[-72.928047,4.419741],[-72.928027,4.41976],[-72.927948,4.41976],[-72.927908,4.41978],[-72.927868,4.41978],[-72.927848,4.4198],[-72.927828,4.4198],[-72.927788,4.41982],[-72.927689,4.41988],[-72.927629,4.41988],[-72.927569,4.4199],[-72.927529,4.41988],[-72.92735,4.41984],[-72.926813,4.419579],[-72.926714,4.419519],[-72.926594,4.419399],[-72.926415,4.419239],[-72.926077,4.419058],[-72.926037,4.418998],[-72.925958,4.418918],[-72.925878,4.418818],[-72.925799,4.418698],[-72.925699,4.418598],[-72.9256,4.418458],[-72.925461,4.418318],[-72.925481,4.418078],[-72.925541,4.418058],[-72.925859,4.418239],[-72.925939,4.418179],[-72.92594,4.417279],[-72.925721,4.417159],[-72.925722,4.416619],[-72.925802,4.41646],[-72.925942,4.4164],[-72.925962,4.4162],[-72.926121,4.41602],[-72.926181,4.415821],[-72.926261,4.415661],[-72.926501,4.415501],[-72.927157,4.416242],[-72.927654,4.416782],[-72.928151,4.417402],[-72.929085,4.418443],[-72.929184,4.418463],[-72.929961,4.418504],[-72.931176,4.418226],[-72.931415,4.418146],[-72.931734,4.417967],[-72.931814,4.417947],[-72.931814,4.417967],[-72.931992,4.418287],[-72.932489,4.419147],[-72.934376,4.422288],[-72.934654,4.422708],[-72.93541,4.423269],[-72.934713,4.423468]]]}},{"type":"Feature","properties":{"cod_bp":"B.329-P.20","bloque":329,"tono":0,"ha":10.7},"geometry":{"type":"Polygon","coordinates":[[[-72.918672,4.391427],[-72.915207,4.391442],[-72.917762,4.387308],[-72.917862,4.387508],[-72.917981,4.387569],[-72.91802,4.388368],[-72.918099,4.388688],[-72.918218,4.388888],[-72.918337,4.389008],[-72.918377,4.389108],[-72.918715,4.389308],[-72.919093,4.389609],[-72.919252,4.389789],[-72.919351,4.389989],[-72.919431,4.390189],[-72.91943,4.390309],[-72.919331,4.390508],[-72.918812,4.390847],[-72.918832,4.391027],[-72.918752,4.391207],[-72.918672,4.391427]]]}},{"type":"Feature","properties":{"cod_bp":"B.329-P.21","bloque":329,"tono":0,"ha":13.2},"geometry":{"type":"Polygon","coordinates":[[[-72.914936,4.399716],[-72.914756,4.399815],[-72.914716,4.399875],[-72.914039,4.400254],[-72.913879,4.400274],[-72.91376,4.400214],[-72.913422,4.399913],[-72.912845,4.399533],[-72.912686,4.399353],[-72.912687,4.398953],[-72.912567,4.398773],[-72.912369,4.398573],[-72.912371,4.396874],[-72.912431,4.396614],[-72.912492,4.395815],[-72.912632,4.395755],[-72.912652,4.395515],[-72.912712,4.395236],[-72.912792,4.394976],[-72.913106,4.394839],[-72.913409,4.395237],[-72.913489,4.395317],[-72.913528,4.395397],[-72.913747,4.395737],[-72.914065,4.396337],[-72.914502,4.397077],[-72.9147,4.397397],[-72.914899,4.397617],[-72.915197,4.398017],[-72.915674,4.398587],[-72.915673,4.399377],[-72.915573,4.399437],[-72.915494,4.399397],[-72.915454,4.399417],[-72.915454,4.399497],[-72.915334,4.399576],[-72.915334,4.399656],[-72.915294,4.399676],[-72.915155,4.399596],[-72.915115,4.399596],[-72.915115,4.399696],[-72.914995,4.399756],[-72.914936,4.399716]]]}},{"type":"Feature","properties":{"cod_bp":"B.329-P.22","bloque":329,"tono":0,"ha":14.8},"geometry":{"type":"Polygon","coordinates":[[[-72.913529,4.395337],[-72.913528,4.395397],[-72.913489,4.395317],[-72.913409,4.395237],[-72.913111,4.394837],[-72.913106,4.394839],[-72.912952,4.394636],[-72.912933,4.394077],[-72.912934,4.393417],[-72.913034,4.393257],[-72.913213,4.393078],[-72.913333,4.392978],[-72.913393,4.392798],[-72.913473,4.392698],[-72.913613,4.392419],[-72.913773,4.392039],[-72.913873,4.3917],[-72.913913,4.39148],[-72.914013,4.39108],[-72.914093,4.390661],[-72.914293,4.390261],[-72.914752,4.389443],[-72.915152,4.388784],[-72.91597,4.387326],[-72.916449,4.386687],[-72.916449,4.386407],[-72.916509,4.386287],[-72.916589,4.386068],[-72.916828,4.386008],[-72.916988,4.386108],[-72.917068,4.385968],[-72.917068,4.385689],[-72.917227,4.385629],[-72.917367,4.385709],[-72.917366,4.385809],[-72.917665,4.385969],[-72.917664,4.386869],[-72.917823,4.386969],[-72.917802,4.387169],[-72.917762,4.387308],[-72.916145,4.389904],[-72.915207,4.391442],[-72.914049,4.393319],[-72.91401,4.393399],[-72.91397,4.393459],[-72.91383,4.393918],[-72.913569,4.395137],[-72.913529,4.395277],[-72.913529,4.395337]]]}},{"type":"Feature","properties":{"cod_bp":"B.329-P.23","bloque":329,"tono":0,"ha":26.9},"geometry":{"type":"Polygon","coordinates":[[[-72.913678,4.414963],[-72.913597,4.415323],[-72.912781,4.415242],[-72.911089,4.415039],[-72.911109,4.415019],[-72.911109,4.41478],[-72.91117,4.41422],[-72.91119,4.41414],[-72.91123,4.41408],[-72.91125,4.414],[-72.91125,4.413681],[-72.91129,4.413581],[-72.91129,4.413461],[-72.911271,4.413381],[-72.911231,4.413281],[-72.911231,4.413221],[-72.911251,4.413181],[-72.911271,4.413061],[-72.911291,4.413001],[-72.911291,4.412941],[-72.911271,4.412881],[-72.911271,4.412821],[-72.911232,4.412661],[-72.911232,4.412581],[-72.911252,4.412521],[-72.911252,4.412462],[-72.911312,4.412322],[-72.911312,4.412282],[-72.911272,4.412162],[-72.911272,4.412102],[-72.911293,4.412042],[-72.911352,4.411942],[-72.911372,4.411882],[-72.911412,4.411842],[-72.911452,4.411742],[-72.911453,4.411562],[-72.911433,4.411322],[-72.911413,4.411183],[-72.911394,4.410903],[-72.911374,4.410723],[-72.911354,4.410623],[-72.911335,4.410563],[-72.911255,4.410463],[-72.911176,4.410343],[-72.911136,4.410263],[-72.911037,4.410103],[-72.910997,4.409983],[-72.910838,4.409623],[-72.910779,4.409443],[-72.91068,4.409223],[-72.91068,4.409163],[-72.91066,4.409123],[-72.91066,4.409083],[-72.91068,4.409063],[-72.9107,4.409023],[-72.910839,4.408923],[-72.911019,4.408744],[-72.911039,4.408704],[-72.911059,4.408684],[-72.911059,4.408564],[-72.91102,4.408224],[-72.91098,4.407964],[-72.91098,4.407804],[-72.911001,4.407685],[-72.911021,4.407604],[-72.91138,4.406766],[-72.91138,4.406706],[-72.9114,4.406646],[-72.911401,4.406406],[-72.911421,4.406386],[-72.91164,4.406066],[-72.91168,4.405947],[-72.91168,4.405887],[-72.9117,4.405707],[-72.911702,4.404748],[-72.911682,4.404687],[-72.911682,4.404648],[-72.911543,4.404508],[-72.911483,4.404467],[-72.911404,4.404467],[-72.911324,4.404447],[-72.911284,4.404427],[-72.911225,4.404347],[-72.912021,4.404428],[-72.912698,4.404509],[-72.912698,4.404709],[-72.912737,4.405169],[-72.912657,4.405448],[-72.912637,4.405488],[-72.912597,4.405528],[-72.912577,4.405608],[-72.912337,4.406207],[-72.912297,4.406367],[-72.911997,4.407146],[-72.911817,4.407666],[-72.911797,4.407706],[-72.911817,4.407726],[-72.911837,4.407766],[-72.911877,4.407806],[-72.912354,4.408066],[-72.913011,4.408407],[-72.913269,4.408567],[-72.913329,4.408667],[-72.913408,4.408767],[-72.913448,4.408847],[-72.913448,4.408947],[-72.913488,4.409047],[-72.913507,4.409167],[-72.913507,4.409387],[-72.913625,4.409967],[-72.913685,4.410147],[-72.913725,4.410327],[-72.913744,4.410486],[-72.913744,4.410546],[-72.914201,4.411287],[-72.91438,4.411607],[-72.91438,4.411666],[-72.91422,4.412106],[-72.91412,4.412286],[-72.914119,4.412526],[-72.91404,4.412545],[-72.91396,4.412725],[-72.91398,4.412805],[-72.913979,4.413185],[-72.913999,4.413225],[-72.913999,4.413265],[-72.913979,4.413345],[-72.913978,4.413485],[-72.913938,4.413704],[-72.913858,4.414024],[-72.913738,4.414624],[-72.913678,4.414963]]]}},{"type":"Feature","properties":{"cod_bp":"B.329-P.24","bloque":329,"tono":0,"ha":17.7},"geometry":{"type":"Polygon","coordinates":[[[-72.912021,4.404428],[-72.911225,4.404347],[-72.911165,4.404287],[-72.911105,4.404247],[-72.911086,4.404187],[-72.911086,4.404127],[-72.911106,4.403947],[-72.911166,4.403647],[-72.911186,4.403628],[-72.911246,4.403508],[-72.911506,4.403068],[-72.911426,4.402768],[-72.911307,4.402389],[-72.91105,4.401689],[-72.910831,4.401149],[-72.910713,4.400789],[-72.910593,4.400649],[-72.910474,4.400469],[-72.910236,4.400149],[-72.910236,4.399929],[-72.910256,4.399709],[-72.910276,4.399609],[-72.910297,4.399349],[-72.910357,4.39903],[-72.910358,4.39847],[-72.910319,4.39797],[-72.910301,4.396691],[-72.910442,4.395772],[-72.910502,4.395412],[-72.910542,4.395232],[-72.910582,4.394913],[-72.910703,4.394153],[-72.910783,4.393714],[-72.910944,4.392915],[-72.911242,4.392975],[-72.912098,4.393576],[-72.912197,4.393736],[-72.912176,4.394216],[-72.911997,4.394515],[-72.911877,4.394615],[-72.911857,4.394775],[-72.911677,4.395094],[-72.911657,4.395254],[-72.911557,4.395494],[-72.911497,4.395714],[-72.911437,4.395813],[-72.911435,4.396953],[-72.911336,4.396953],[-72.911334,4.398352],[-72.911393,4.398432],[-72.911392,4.399411],[-72.911451,4.399431],[-72.911768,4.400371],[-72.911848,4.400491],[-72.911888,4.400691],[-72.911987,4.400751],[-72.912026,4.400931],[-72.912404,4.401171],[-72.912603,4.401531],[-72.912722,4.401631],[-72.912721,4.402531],[-72.912801,4.402551],[-72.912839,4.40339],[-72.912819,4.40345],[-72.912719,4.40403],[-72.912698,4.404509],[-72.912021,4.404428]]]}},{"type":"Feature","properties":{"cod_bp":"B.329-P.25","bloque":329,"tono":0,"ha":16.9},"geometry":{"type":"Polygon","coordinates":[[[-72.912098,4.393576],[-72.911242,4.392975],[-72.911263,4.392815],[-72.911243,4.392615],[-72.911243,4.392196],[-72.911264,4.391976],[-72.911265,4.391296],[-72.911306,4.390637],[-72.911306,4.390357],[-72.911426,4.390157],[-72.911745,4.389558],[-72.911925,4.389239],[-72.912085,4.388879],[-72.912165,4.388779],[-72.912544,4.38808],[-72.912604,4.387941],[-72.912684,4.387821],[-72.912784,4.387621],[-72.912943,4.387341],[-72.913083,4.387062],[-72.913323,4.386642],[-72.913403,4.386463],[-72.913722,4.385904],[-72.913882,4.385544],[-72.913942,4.385444],[-72.91432,4.385465],[-72.914559,4.385505],[-72.915396,4.385027],[-72.915556,4.385047],[-72.915595,4.385127],[-72.915594,4.385886],[-72.915454,4.386026],[-72.915454,4.386266],[-72.915295,4.386366],[-72.915294,4.386525],[-72.915155,4.386665],[-72.914975,4.386965],[-72.914955,4.387105],[-72.914596,4.387724],[-72.914057,4.388462],[-72.913518,4.389381],[-72.913418,4.389581],[-72.913418,4.38978],[-72.913338,4.38986],[-72.913298,4.39018],[-72.913258,4.39024],[-72.913237,4.390879],[-72.913117,4.390939],[-72.913097,4.391039],[-72.912918,4.391159],[-72.912878,4.391239],[-72.912818,4.391318],[-72.912738,4.391578],[-72.912857,4.391838],[-72.912856,4.392338],[-72.912596,4.393037],[-72.912098,4.393576]]]}},{"type":"Feature","properties":{"cod_bp":"B.329-P.26","bloque":329,"tono":0,"ha":29.3},"geometry":{"type":"Polygon","coordinates":[[[-72.908604,4.411998],[-72.908505,4.411618],[-72.908486,4.411358],[-72.908805,4.410759],[-72.908926,4.41026],[-72.909026,4.40976],[-72.909006,4.40952],[-72.908987,4.40946],[-72.908947,4.4094],[-72.908887,4.40934],[-72.908828,4.4093],[-72.908788,4.4093],[-72.908808,4.40916],[-72.908808,4.40902],[-72.908789,4.408401],[-72.90877,4.408241],[-72.908393,4.407081],[-72.908393,4.407041],[-72.908373,4.407001],[-72.908373,4.406821],[-72.908415,4.405782],[-72.909592,4.404225],[-72.909612,4.404225],[-72.909652,4.404205],[-72.909712,4.404205],[-72.909751,4.404225],[-72.910309,4.404266],[-72.910286,4.405945],[-72.911103,4.405946],[-72.911262,4.405966],[-72.911341,4.406366],[-72.911401,4.406406],[-72.9114,4.406646],[-72.91138,4.406706],[-72.91138,4.406766],[-72.911021,4.407604],[-72.91098,4.407804],[-72.91098,4.407964],[-72.91102,4.408224],[-72.911059,4.408564],[-72.911059,4.408684],[-72.911039,4.408704],[-72.911019,4.408744],[-72.910839,4.408923],[-72.9107,4.409023],[-72.91068,4.409063],[-72.91066,4.409083],[-72.91066,4.409123],[-72.91068,4.409163],[-72.91068,4.409223],[-72.910779,4.409443],[-72.910838,4.409623],[-72.910997,4.409983],[-72.911037,4.410103],[-72.911136,4.410263],[-72.911176,4.410343],[-72.911255,4.410463],[-72.911335,4.410563],[-72.911354,4.410623],[-72.911374,4.410723],[-72.911394,4.410903],[-72.911413,4.411183],[-72.911433,4.411322],[-72.911453,4.411562],[-72.911452,4.411742],[-72.911412,4.411842],[-72.911372,4.411882],[-72.911352,4.411942],[-72.911293,4.412042],[-72.911272,4.412102],[-72.911272,4.412162],[-72.911312,4.412282],[-72.911312,4.412322],[-72.911252,4.412462],[-72.911252,4.412521],[-72.911232,4.412581],[-72.911232,4.412661],[-72.911271,4.412821],[-72.911271,4.412881],[-72.911291,4.412941],[-72.911291,4.413001],[-72.911271,4.413061],[-72.911251,4.413181],[-72.911231,4.413221],[-72.911231,4.413281],[-72.911271,4.413381],[-72.91129,4.413461],[-72.91129,4.413581],[-72.91125,4.413681],[-72.91125,4.41392],[-72.91117,4.41422],[-72.911109,4.41478],[-72.911089,4.415039],[-72.91085,4.415019],[-72.909914,4.414878],[-72.909337,4.414777],[-72.909198,4.414317],[-72.909059,4.413817],[-72.908816,4.412846],[-72.908783,4.412678],[-72.908703,4.412398],[-72.908604,4.411998]]]}},{"type":"Feature","properties":{"cod_bp":"B.329-P.27","bloque":329,"tono":0,"ha":35.0},"geometry":{"type":"Polygon","coordinates":[[[-72.911242,4.392975],[-72.910944,4.392915],[-72.90744,4.39237],[-72.90744,4.39235],[-72.90742,4.39235],[-72.90742,4.39233],[-72.9074,4.39233],[-72.906527,4.39069],[-72.906606,4.39065],[-72.906686,4.39059],[-72.906766,4.390471],[-72.906886,4.390171],[-72.907006,4.389951],[-72.907106,4.389791],[-72.907285,4.389672],[-72.907683,4.389473],[-72.908381,4.389154],[-72.908739,4.388974],[-72.908879,4.388775],[-72.908979,4.388555],[-72.909338,4.388216],[-72.909339,4.387896],[-72.909678,4.387337],[-72.909798,4.387217],[-72.910157,4.386598],[-72.910297,4.386498],[-72.910297,4.386158],[-72.910537,4.385659],[-72.910816,4.3854],[-72.911334,4.385061],[-72.911534,4.384701],[-72.911793,4.384562],[-72.91245,4.384843],[-72.913544,4.385224],[-72.913942,4.385444],[-72.913882,4.385544],[-72.913722,4.385904],[-72.913403,4.386463],[-72.913323,4.386642],[-72.913083,4.387062],[-72.912943,4.387341],[-72.912784,4.387621],[-72.912684,4.387821],[-72.912604,4.387941],[-72.912544,4.38808],[-72.912165,4.388779],[-72.912085,4.388879],[-72.911925,4.389239],[-72.911745,4.389558],[-72.911426,4.390157],[-72.911306,4.390357],[-72.911306,4.390637],[-72.911265,4.391296],[-72.911264,4.391976],[-72.911243,4.392196],[-72.911243,4.392615],[-72.911263,4.392815],[-72.911242,4.392975]]]}},{"type":"Feature","properties":{"cod_bp":"B.329-P.28","bloque":329,"tono":0,"ha":30.7},"geometry":{"type":"Polygon","coordinates":[[[-72.903819,4.403497],[-72.903958,4.403317],[-72.904137,4.403498],[-72.904237,4.403518],[-72.904276,4.403558],[-72.904336,4.403578],[-72.904416,4.403618],[-72.904455,4.403658],[-72.904495,4.403658],[-72.904694,4.403698],[-72.904754,4.403718],[-72.904794,4.403758],[-72.905291,4.404359],[-72.90539,4.404519],[-72.905489,4.404839],[-72.905569,4.404939],[-72.905608,4.405039],[-72.907062,4.405041],[-72.908435,4.405762],[-72.908415,4.405782],[-72.908373,4.406821],[-72.908373,4.407001],[-72.908393,4.407041],[-72.908393,4.407081],[-72.90877,4.408241],[-72.908789,4.408401],[-72.908808,4.40902],[-72.908808,4.40916],[-72.908788,4.4093],[-72.907672,4.409458],[-72.907573,4.409438],[-72.903035,4.407973],[-72.902995,4.407953],[-72.902975,4.407933],[-72.902975,4.407893],[-72.902203,4.404954],[-72.902164,4.404834],[-72.902224,4.404654],[-72.902363,4.404654],[-72.902702,4.404515],[-72.902782,4.404435],[-72.90322,4.404056],[-72.903779,4.403557],[-72.903819,4.403497]]]}},{"type":"Feature","properties":{"cod_bp":"B.329-P.29","bloque":329,"tono":0,"ha":29.5},"geometry":{"type":"Polygon","coordinates":[[[-72.906387,4.39079],[-72.906527,4.39069],[-72.9074,4.39233],[-72.90742,4.39233],[-72.90742,4.39235],[-72.90744,4.39235],[-72.90744,4.39237],[-72.910944,4.392915],[-72.910723,4.393994],[-72.910582,4.394913],[-72.910542,4.395232],[-72.910502,4.395412],[-72.910442,4.395772],[-72.910301,4.396691],[-72.9103,4.397231],[-72.910313,4.397748],[-72.909702,4.39749],[-72.909483,4.39741],[-72.909244,4.397349],[-72.908986,4.397229],[-72.908926,4.397209],[-72.908687,4.397268],[-72.908567,4.397388],[-72.908408,4.397568],[-72.908288,4.397628],[-72.908228,4.397627],[-72.908149,4.397607],[-72.90783,4.397427],[-72.907751,4.397367],[-72.907711,4.397307],[-72.907711,4.397187],[-72.907691,4.397127],[-72.907652,4.397047],[-72.907632,4.396947],[-72.907094,4.396946],[-72.907035,4.396926],[-72.906995,4.396926],[-72.906915,4.396866],[-72.906836,4.396846],[-72.906756,4.396786],[-72.906696,4.396766],[-72.906677,4.396706],[-72.906637,4.396666],[-72.906558,4.396326],[-72.906558,4.396226],[-72.906519,4.395946],[-72.906459,4.395746],[-72.9064,4.395606],[-72.90636,4.395406],[-72.90632,4.395286],[-72.906281,4.395226],[-72.906142,4.395086],[-72.905963,4.394886],[-72.905267,4.394186],[-72.905207,4.394106],[-72.905187,4.394066],[-72.905248,4.393626],[-72.905328,4.393206],[-72.905348,4.392987],[-72.905408,4.392687],[-72.905468,4.392507],[-72.905468,4.392467],[-72.905489,4.392447],[-72.905489,4.392127],[-72.905509,4.391948],[-72.905589,4.391688],[-72.905769,4.391448],[-72.905968,4.391209],[-72.906148,4.391009],[-72.906267,4.39089],[-72.906387,4.39079]]]}},{"type":"Feature","properties":{"cod_bp":"B.329-P.3","bloque":329,"tono":0,"ha":17.1},"geometry":{"type":"Polygon","coordinates":[[[-72.928151,4.417402],[-72.927654,4.416782],[-72.926361,4.415341],[-72.92668,4.415262],[-72.927098,4.415502],[-72.927138,4.415702],[-72.927416,4.415782],[-72.934406,4.415793],[-72.934465,4.416372],[-72.934484,4.416412],[-72.934444,4.416412],[-72.934145,4.416592],[-72.933548,4.41691],[-72.933109,4.41717],[-72.932671,4.417409],[-72.932651,4.417429],[-72.932332,4.417608],[-72.932093,4.417768],[-72.931834,4.417927],[-72.931734,4.417967],[-72.931415,4.418146],[-72.931176,4.418226],[-72.929961,4.418504],[-72.929184,4.418463],[-72.929085,4.418443],[-72.928151,4.417402]]]}},{"type":"Feature","properties":{"cod_bp":"B.329-P.30","bloque":329,"tono":0,"ha":20.0},"geometry":{"type":"Polygon","coordinates":[[[-72.911165,4.404287],[-72.911225,4.404347],[-72.910309,4.404266],[-72.909751,4.404225],[-72.909712,4.404205],[-72.909712,4.404105],[-72.909652,4.404025],[-72.909453,4.403685],[-72.909036,4.403045],[-72.908858,4.402745],[-72.908798,4.402665],[-72.908659,4.402365],[-72.908541,4.401765],[-72.908422,4.401025],[-72.908383,4.400746],[-72.908383,4.400706],[-72.908304,4.400286],[-72.908244,4.400106],[-72.908185,4.399766],[-72.908106,4.399406],[-72.908086,4.399346],[-72.908086,4.399306],[-72.907768,4.398866],[-72.90761,4.398446],[-72.90757,4.398246],[-72.907511,4.398046],[-72.907471,4.397966],[-72.907432,4.397786],[-72.907372,4.397646],[-72.907174,4.397246],[-72.907114,4.397106],[-72.907015,4.396946],[-72.906995,4.396926],[-72.907035,4.396926],[-72.907094,4.396946],[-72.907632,4.396947],[-72.907652,4.397047],[-72.907691,4.397127],[-72.907711,4.397187],[-72.907711,4.397307],[-72.907751,4.397367],[-72.90783,4.397427],[-72.908149,4.397607],[-72.908228,4.397627],[-72.908288,4.397628],[-72.908408,4.397568],[-72.908567,4.397388],[-72.908687,4.397268],[-72.908926,4.397209],[-72.908986,4.397229],[-72.909244,4.397349],[-72.909483,4.39741],[-72.909702,4.39749],[-72.910313,4.397748],[-72.910319,4.39797],[-72.910358,4.39847],[-72.910357,4.39903],[-72.910297,4.399349],[-72.910276,4.399609],[-72.910256,4.399709],[-72.910236,4.399929],[-72.910236,4.400149],[-72.910474,4.400469],[-72.910593,4.400649],[-72.910713,4.400789],[-72.910831,4.401149],[-72.91105,4.401689],[-72.911307,4.402389],[-72.911426,4.402768],[-72.911506,4.403068],[-72.911246,4.403508],[-72.911186,4.403628],[-72.911166,4.403647],[-72.911106,4.403947],[-72.911086,4.404127],[-72.911086,4.404187],[-72.911105,4.404247],[-72.911165,4.404287]]]}},{"type":"Feature","properties":{"cod_bp":"B.329-P.31","bloque":329,"tono":0,"ha":22.4},"geometry":{"type":"Polygon","coordinates":[[[-72.905255,4.401541],[-72.905275,4.401521],[-72.905275,4.401501],[-72.905255,4.401461],[-72.904819,4.400741],[-72.908383,4.400746],[-72.908541,4.401765],[-72.908659,4.402365],[-72.908798,4.402665],[-72.908858,4.402745],[-72.909036,4.403045],[-72.909453,4.403685],[-72.909652,4.404025],[-72.909712,4.404105],[-72.909712,4.404205],[-72.909652,4.404205],[-72.909592,4.404225],[-72.908435,4.405762],[-72.907062,4.405041],[-72.905608,4.405039],[-72.905569,4.404939],[-72.905489,4.404839],[-72.90539,4.404519],[-72.905291,4.404359],[-72.904794,4.403758],[-72.904754,4.403718],[-72.904694,4.403698],[-72.904495,4.403658],[-72.904455,4.403658],[-72.904416,4.403618],[-72.904336,4.403578],[-72.904276,4.403558],[-72.904237,4.403518],[-72.904137,4.403498],[-72.904097,4.403458],[-72.904038,4.403378],[-72.903958,4.403317],[-72.904417,4.402718],[-72.904976,4.40194],[-72.905175,4.40172],[-72.905235,4.40164],[-72.905255,4.40158],[-72.905255,4.401541]]]}},{"type":"Feature","properties":{"cod_bp":"B.329-P.32","bloque":329,"tono":0,"ha":32.5},"geometry":{"type":"Polygon","coordinates":[[[-72.905368,4.392747],[-72.905408,4.392687],[-72.905348,4.392987],[-72.905208,4.393886],[-72.905187,4.394066],[-72.905207,4.394106],[-72.905267,4.394186],[-72.905963,4.394886],[-72.906142,4.395086],[-72.906281,4.395226],[-72.90632,4.395286],[-72.90636,4.395406],[-72.9064,4.395606],[-72.906459,4.395746],[-72.906519,4.395946],[-72.906558,4.396226],[-72.906558,4.396326],[-72.906637,4.396666],[-72.906677,4.396706],[-72.906696,4.396766],[-72.906756,4.396786],[-72.906836,4.396846],[-72.906915,4.396866],[-72.906975,4.396906],[-72.906975,4.396926],[-72.906995,4.396946],[-72.907015,4.396946],[-72.907114,4.397106],[-72.907174,4.397246],[-72.907372,4.397646],[-72.907432,4.397786],[-72.907471,4.397966],[-72.907511,4.398046],[-72.90757,4.398246],[-72.90761,4.398446],[-72.907768,4.398866],[-72.908086,4.399306],[-72.908086,4.399346],[-72.908106,4.399406],[-72.908185,4.399766],[-72.908244,4.400106],[-72.908304,4.400286],[-72.908383,4.400706],[-72.908383,4.400746],[-72.904819,4.400741],[-72.904779,4.4007],[-72.904381,4.40008],[-72.90311,4.39822],[-72.902891,4.39794],[-72.902291,4.39724],[-72.902136,4.397039],[-72.902064,4.396979],[-72.901937,4.396819],[-72.901878,4.396679],[-72.901878,4.396619],[-72.901958,4.396299],[-72.901958,4.39626],[-72.901978,4.39622],[-72.902018,4.3962],[-72.903434,4.394963],[-72.904251,4.394084],[-72.904511,4.393825],[-72.904989,4.393246],[-72.905368,4.392747]]]}},{"type":"Feature","properties":{"cod_bp":"B.329-P.33","bloque":329,"tono":0,"ha":13.6},"geometry":{"type":"Polygon","coordinates":[[[-72.912457,4.405908],[-72.912517,4.405748],[-72.912836,4.405648],[-72.913034,4.405989],[-72.913094,4.405989],[-72.913313,4.406109],[-72.913611,4.406429],[-72.91383,4.406749],[-72.914008,4.407329],[-72.914346,4.407369],[-72.914645,4.40745],[-72.915799,4.408111],[-72.915817,4.40917],[-72.915478,4.40951],[-72.915378,4.409829],[-72.915396,4.410789],[-72.915237,4.411168],[-72.914878,4.411447],[-72.91436,4.411727],[-72.91438,4.411666],[-72.91438,4.411607],[-72.91436,4.411567],[-72.914201,4.411287],[-72.913744,4.410546],[-72.913744,4.410486],[-72.913725,4.410327],[-72.913685,4.410147],[-72.913625,4.409967],[-72.913507,4.409387],[-72.913507,4.409167],[-72.913488,4.409047],[-72.913448,4.408947],[-72.913448,4.408847],[-72.913408,4.408767],[-72.913329,4.408667],[-72.913269,4.408567],[-72.913011,4.408407],[-72.912354,4.408066],[-72.911877,4.407806],[-72.911837,4.407766],[-72.911817,4.407726],[-72.911797,4.407706],[-72.911817,4.407666],[-72.911997,4.407146],[-72.912297,4.406367],[-72.912337,4.406207],[-72.912457,4.405908]]]}},{"type":"Feature","properties":{"cod_bp":"B.329-P.4","bloque":329,"tono":0,"ha":27.1},"geometry":{"type":"Polygon","coordinates":[[[-72.934406,4.415793],[-72.927416,4.415782],[-72.927417,4.415543],[-72.927636,4.415363],[-72.927815,4.415143],[-72.927895,4.414984],[-72.927955,4.414884],[-72.927976,4.414324],[-72.928036,4.414204],[-72.928036,4.414104],[-72.928116,4.413865],[-72.928196,4.413705],[-72.928276,4.413625],[-72.928276,4.413225],[-72.928436,4.413046],[-72.928516,4.412806],[-72.928656,4.412466],[-72.928676,4.412087],[-72.933495,4.412094],[-72.933575,4.412254],[-72.934011,4.413034],[-72.93413,4.413893],[-72.934268,4.414753],[-72.934386,4.415692],[-72.934406,4.415793]]]}},{"type":"Feature","properties":{"cod_bp":"B.329-P.5","bloque":329,"tono":0,"ha":27.9},"geometry":{"type":"Polygon","coordinates":[[[-72.933495,4.412094],[-72.928676,4.412087],[-72.928676,4.412007],[-72.928736,4.411887],[-72.928777,4.411407],[-72.928697,4.411347],[-72.928678,4.411107],[-72.928598,4.411047],[-72.928599,4.410548],[-72.928539,4.410468],[-72.92852,4.410208],[-72.92844,4.410148],[-72.928441,4.409968],[-72.928381,4.409908],[-72.928302,4.409768],[-72.928282,4.409608],[-72.928143,4.409408],[-72.927905,4.408728],[-72.927885,4.408488],[-72.927826,4.408408],[-72.927828,4.407069],[-72.927689,4.406969],[-72.927609,4.406829],[-72.92745,4.406469],[-72.927432,4.40557],[-72.927651,4.40553],[-72.92779,4.40561],[-72.92781,4.40571],[-72.928248,4.40595],[-72.928327,4.406091],[-72.928506,4.406031],[-72.928686,4.406031],[-72.928964,4.406171],[-72.929064,4.406151],[-72.929322,4.406232],[-72.929581,4.406112],[-72.929721,4.406152],[-72.930139,4.405913],[-72.931271,4.408013],[-72.932244,4.409753],[-72.9328,4.410814],[-72.933058,4.411274],[-72.933078,4.411294],[-72.933495,4.412094]]]}},{"type":"Feature","properties":{"cod_bp":"B.329-P.6","bloque":329,"tono":0,"ha":10.3},"geometry":{"type":"Polygon","coordinates":[[[-72.928968,4.403813],[-72.928609,4.403753],[-72.928092,4.403692],[-72.927714,4.403471],[-72.925868,4.399631],[-72.925233,4.398291],[-72.9242,4.396171],[-72.922652,4.393371],[-72.922473,4.393051],[-72.922373,4.392891],[-72.922374,4.392511],[-72.922732,4.392572],[-72.922772,4.392572],[-72.923547,4.393932],[-72.923646,4.394092],[-72.92585,4.398092],[-72.926247,4.398833],[-72.926506,4.399273],[-72.927558,4.401233],[-72.927796,4.401713],[-72.928253,4.402493],[-72.928531,4.403033],[-72.92871,4.403333],[-72.928908,4.403713],[-72.928968,4.403813]]]}},{"type":"Feature","properties":{"cod_bp":"B.329-P.7","bloque":329,"tono":0,"ha":26.1},"geometry":{"type":"Polygon","coordinates":[[[-72.927495,4.403011],[-72.927714,4.403471],[-72.927375,4.403531],[-72.927196,4.403531],[-72.926738,4.40351],[-72.925782,4.403549],[-72.925185,4.403188],[-72.924728,4.402848],[-72.923733,4.402047],[-72.923256,4.401706],[-72.922858,4.401386],[-72.922142,4.400885],[-72.921546,4.400365],[-72.921048,4.399984],[-72.92067,4.399664],[-72.920432,4.399444],[-72.920353,4.399284],[-72.920273,4.399064],[-72.920095,4.398684],[-72.919975,4.398524],[-72.919856,4.398344],[-72.925252,4.398351],[-72.927495,4.403011]]]}},{"type":"Feature","properties":{"cod_bp":"B.329-P.8","bloque":329,"tono":0,"ha":23.4},"geometry":{"type":"Polygon","coordinates":[[[-72.9242,4.396171],[-72.925233,4.398291],[-72.925252,4.398351],[-72.919856,4.398344],[-72.919816,4.398244],[-72.919657,4.398064],[-72.919578,4.397924],[-72.919359,4.397703],[-72.91926,4.397483],[-72.91926,4.397363],[-72.918883,4.396704],[-72.918704,4.396523],[-72.918705,4.396104],[-72.918785,4.395884],[-72.918865,4.395564],[-72.919064,4.395325],[-72.919005,4.395065],[-72.919025,4.394845],[-72.919045,4.394725],[-72.923404,4.394731],[-72.9242,4.396171]]]}},{"type":"Feature","properties":{"cod_bp":"B.329-P.9","bloque":329,"tono":0,"ha":10.6},"geometry":{"type":"Polygon","coordinates":[[[-72.923227,4.394411],[-72.923404,4.394731],[-72.919045,4.394725],[-72.919085,4.394525],[-72.919185,4.394206],[-72.919265,4.393986],[-72.919346,4.393566],[-72.919506,4.392587],[-72.919587,4.392168],[-72.919687,4.391988],[-72.919826,4.391868],[-72.920284,4.392029],[-72.92104,4.39217],[-72.921996,4.392451],[-72.922374,4.392511],[-72.922373,4.392891],[-72.922473,4.393051],[-72.923227,4.394411]]]}},{"type":"Feature","properties":{"cod_bp":"B.330-P.1","bloque":330,"tono":2,"ha":42.4},"geometry":{"type":"Polygon","coordinates":[[[-72.906527,4.39069],[-72.906387,4.39079],[-72.906267,4.39089],[-72.906148,4.391009],[-72.905769,4.391428],[-72.905589,4.391688],[-72.905509,4.391948],[-72.905489,4.392127],[-72.905489,4.392427],[-72.905468,4.392467],[-72.905468,4.392507],[-72.905408,4.392667],[-72.905368,4.392747],[-72.904989,4.393246],[-72.904511,4.393805],[-72.903434,4.394963],[-72.902018,4.3962],[-72.901978,4.39622],[-72.901958,4.39626],[-72.901958,4.396299],[-72.901878,4.396619],[-72.901878,4.396679],[-72.901937,4.396819],[-72.902017,4.396939],[-72.902064,4.396979],[-72.902291,4.39724],[-72.902414,4.397399],[-72.902951,4.39802],[-72.90311,4.39822],[-72.903925,4.39942],[-72.904381,4.40008],[-72.905096,4.4012],[-72.905255,4.401461],[-72.905271,4.401509],[-72.905255,4.401541],[-72.905255,4.40158],[-72.905235,4.40164],[-72.905175,4.40172],[-72.904976,4.40194],[-72.903779,4.403557],[-72.90322,4.404056],[-72.902782,4.404435],[-72.902702,4.404515],[-72.902363,4.404654],[-72.902224,4.404654],[-72.902125,4.404234],[-72.901887,4.403534],[-72.901788,4.403374],[-72.901649,4.402914],[-72.90149,4.402455],[-72.901391,4.402075],[-72.900639,4.399435],[-72.900144,4.397736],[-72.899946,4.397116],[-72.899926,4.397016],[-72.900006,4.396976],[-72.900006,4.396756],[-72.899966,4.396656],[-72.899946,4.396636],[-72.899946,4.396596],[-72.899966,4.396556],[-72.900286,4.396157],[-72.900525,4.395878],[-72.901083,4.395259],[-72.901263,4.395039],[-72.90222,4.393922],[-72.904255,4.391566],[-72.905911,4.38967],[-72.906288,4.39027],[-72.906527,4.39069]]]}},{"type":"Feature","properties":{"cod_bp":"B.330-P.2","bloque":330,"tono":2,"ha":70.3},"geometry":{"type":"Polygon","coordinates":[[[-72.90222,4.393922],[-72.901263,4.395039],[-72.901084,4.395239],[-72.901088,4.392481],[-72.902402,4.392483],[-72.902404,4.391324],[-72.902046,4.391183],[-72.901866,4.391183],[-72.901707,4.391123],[-72.901707,4.391203],[-72.901588,4.391262],[-72.901428,4.391202],[-72.901269,4.391282],[-72.901269,4.391462],[-72.901089,4.391502],[-72.901094,4.388684],[-72.899979,4.388702],[-72.8996,4.388701],[-72.899501,4.388721],[-72.899401,4.388761],[-72.899361,4.388701],[-72.899321,4.388721],[-72.899222,4.388721],[-72.899083,4.388741],[-72.898784,4.38874],[-72.898684,4.38872],[-72.898625,4.3887],[-72.898605,4.38868],[-72.898565,4.38866],[-72.898505,4.3886],[-72.895921,4.385638],[-72.89447,4.383997],[-72.89445,4.383957],[-72.894451,4.383838],[-72.894532,4.382998],[-72.894656,4.381859],[-72.896704,4.381862],[-72.896764,4.381882],[-72.898257,4.381884],[-72.898217,4.382104],[-72.898216,4.382304],[-72.898355,4.382884],[-72.898394,4.383084],[-72.898394,4.383284],[-72.898414,4.383483],[-72.898414,4.383543],[-72.898314,4.383883],[-72.898313,4.384223],[-72.898292,4.384682],[-72.89821,4.386121],[-72.89825,4.386141],[-72.89827,4.386161],[-72.901834,4.386166],[-72.901834,4.386466],[-72.901754,4.386506],[-72.901615,4.386606],[-72.901276,4.386885],[-72.901274,4.387804],[-72.901772,4.387705],[-72.904561,4.38703],[-72.904581,4.38701],[-72.904581,4.38695],[-72.904462,4.38637],[-72.908843,4.386376],[-72.908983,4.386157],[-72.909202,4.385837],[-72.909203,4.385757],[-72.909363,4.385158],[-72.910059,4.385679],[-72.909899,4.385898],[-72.90976,4.385938],[-72.90958,4.386238],[-72.9095,4.386477],[-72.90948,4.386597],[-72.9094,4.386857],[-72.90934,4.387017],[-72.90924,4.387176],[-72.90914,4.387256],[-72.9091,4.387336],[-72.90906,4.387496],[-72.909041,4.387536],[-72.909,4.387716],[-72.90896,4.387776],[-72.90892,4.387915],[-72.908781,4.388035],[-72.908721,4.388135],[-72.908601,4.388235],[-72.908441,4.388534],[-72.907764,4.388913],[-72.907664,4.388933],[-72.907624,4.388933],[-72.907485,4.389012],[-72.907425,4.389092],[-72.907246,4.389232],[-72.907166,4.389352],[-72.907046,4.389412],[-72.907026,4.389492],[-72.906747,4.389671],[-72.906747,4.389831],[-72.906727,4.389851],[-72.906667,4.389811],[-72.905911,4.38967],[-72.904255,4.391566],[-72.90222,4.393922]]]}},{"type":"Feature","properties":{"cod_bp":"B.330-P.3","bloque":330,"tono":2,"ha":70.3},"geometry":{"type":"Polygon","coordinates":[[[-72.898257,4.381884],[-72.911239,4.381903],[-72.91118,4.382063],[-72.91104,4.382302],[-72.910979,4.382622],[-72.91092,4.382662],[-72.910919,4.383141],[-72.910959,4.383182],[-72.910998,4.383342],[-72.911078,4.383442],[-72.911118,4.383522],[-72.911117,4.383981],[-72.910737,4.38478],[-72.910538,4.38506],[-72.910318,4.385259],[-72.910079,4.385379],[-72.90988,4.385419],[-72.909661,4.385378],[-72.909363,4.385158],[-72.909203,4.385757],[-72.909202,4.385837],[-72.908983,4.386157],[-72.908843,4.386376],[-72.904462,4.38637],[-72.904581,4.38695],[-72.904581,4.38701],[-72.904561,4.38703],[-72.901772,4.387705],[-72.901274,4.387804],[-72.901276,4.386885],[-72.901615,4.386606],[-72.901754,4.386506],[-72.901834,4.386466],[-72.901834,4.386166],[-72.89827,4.386161],[-72.89825,4.386141],[-72.89821,4.386121],[-72.898292,4.384682],[-72.898313,4.384223],[-72.898314,4.383883],[-72.898414,4.383543],[-72.898414,4.383483],[-72.898394,4.383284],[-72.898394,4.383084],[-72.898355,4.382884],[-72.898216,4.382304],[-72.898217,4.382104],[-72.898257,4.381884]]]}},{"type":"Feature","properties":{"cod_bp":"B.330-P.4","bloque":330,"tono":2,"ha":92.1},"geometry":{"type":"Polygon","coordinates":[[[-72.912954,4.380346],[-72.912895,4.380346],[-72.912278,4.380246],[-72.911859,4.380465],[-72.91164,4.380504],[-72.911461,4.380604],[-72.91146,4.380824],[-72.91144,4.380864],[-72.91138,4.381044],[-72.91134,4.381244],[-72.91134,4.381343],[-72.91132,4.381623],[-72.9113,4.381683],[-72.911299,4.381743],[-72.911239,4.381903],[-72.896764,4.381882],[-72.896704,4.381862],[-72.894656,4.381859],[-72.894895,4.379621],[-72.894916,4.379341],[-72.895037,4.378242],[-72.895057,4.377903],[-72.895117,4.377883],[-72.895157,4.377863],[-72.895177,4.377843],[-72.895197,4.377723],[-72.895237,4.377663],[-72.895277,4.377623],[-72.895516,4.377583],[-72.895715,4.377564],[-72.897109,4.37731],[-72.897109,4.377326],[-72.897069,4.377406],[-72.910968,4.377446],[-72.911187,4.377446],[-72.911226,4.377426],[-72.911246,4.377446],[-72.911346,4.377426],[-72.911386,4.377426],[-72.911446,4.377406],[-72.911505,4.377366],[-72.911485,4.377426],[-72.911485,4.377566],[-72.911485,4.377886],[-72.911503,4.378606],[-72.911901,4.379066],[-72.912119,4.379426],[-72.912119,4.379666],[-72.912397,4.379866],[-72.912397,4.379946],[-72.912557,4.380006],[-72.912616,4.379966],[-72.912696,4.380006],[-72.912895,4.379887],[-72.912955,4.379927],[-72.912954,4.380346]]]}},{"type":"Feature","properties":{"cod_bp":"B.330-P.5","bloque":330,"tono":2,"ha":58.9},"geometry":{"type":"Polygon","coordinates":[[[-72.904364,4.372959],[-72.90978,4.372967],[-72.909779,4.373207],[-72.9096,4.373327],[-72.909599,4.373866],[-72.90948,4.373986],[-72.9091,4.374525],[-72.9091,4.374745],[-72.90916,4.374805],[-72.909159,4.375285],[-72.90894,4.375564],[-72.90888,4.375604],[-72.908899,4.375844],[-72.909337,4.375864],[-72.909676,4.375905],[-72.909875,4.375885],[-72.910174,4.375786],[-72.910532,4.375806],[-72.910532,4.375866],[-72.910571,4.376106],[-72.91069,4.376666],[-72.91071,4.376706],[-72.910948,4.376986],[-72.911127,4.377326],[-72.911127,4.377446],[-72.897069,4.377406],[-72.897109,4.377326],[-72.897109,4.37731],[-72.897627,4.377207],[-72.897707,4.377207],[-72.897766,4.377187],[-72.897846,4.377147],[-72.898404,4.376908],[-72.898524,4.376848],[-72.898464,4.376768],[-72.898444,4.376708],[-72.898445,4.376328],[-72.898425,4.376189],[-72.898445,4.376089],[-72.898485,4.376029],[-72.898665,4.375829],[-72.898784,4.375629],[-72.898964,4.37541],[-72.899084,4.37529],[-72.899263,4.375171],[-72.899363,4.375091],[-72.899423,4.375011],[-72.899502,4.374931],[-72.899642,4.374731],[-72.899742,4.374532],[-72.899802,4.374452],[-72.899862,4.374192],[-72.899862,4.373772],[-72.899883,4.373572],[-72.899883,4.373413],[-72.899903,4.373093],[-72.899923,4.372953],[-72.901815,4.372936],[-72.903906,4.372939],[-72.904364,4.372959]]]}},{"type":"Feature","properties":{"cod_bp":"B.330-P.6","bloque":330,"tono":2,"ha":57.6},"geometry":{"type":"Polygon","coordinates":[[[-72.909501,4.372867],[-72.909461,4.372967],[-72.904364,4.372959],[-72.903906,4.372939],[-72.901815,4.372936],[-72.899923,4.372953],[-72.899963,4.372813],[-72.900024,4.372693],[-72.900083,4.372593],[-72.900123,4.372554],[-72.900163,4.372494],[-72.900243,4.372434],[-72.900263,4.372394],[-72.900283,4.372374],[-72.900283,4.372334],[-72.900363,4.372034],[-72.900483,4.371735],[-72.900663,4.371395],[-72.900882,4.371096],[-72.900902,4.371056],[-72.900922,4.371036],[-72.900922,4.370976],[-72.900942,4.370856],[-72.900962,4.370796],[-72.901082,4.370676],[-72.901222,4.370477],[-72.901262,4.370297],[-72.901282,4.370157],[-72.901342,4.370057],[-72.901402,4.369917],[-72.901521,4.369797],[-72.901561,4.369738],[-72.90196,4.369478],[-72.902119,4.369419],[-72.902199,4.369379],[-72.902219,4.369359],[-72.902219,4.369299],[-72.90214,4.368939],[-72.90212,4.368819],[-72.90212,4.368759],[-72.90214,4.368739],[-72.90218,4.368719],[-72.90236,4.3686],[-72.902604,4.368428],[-72.902659,4.3684],[-72.902997,4.368161],[-72.903655,4.367762],[-72.903675,4.367722],[-72.903695,4.367702],[-72.903616,4.367522],[-72.903477,4.367142],[-72.903417,4.367002],[-72.903397,4.366922],[-72.903398,4.366802],[-72.903438,4.366742],[-72.903557,4.366603],[-72.904156,4.366024],[-72.904834,4.365325],[-72.904854,4.365285],[-72.904854,4.365126],[-72.904914,4.365066],[-72.905033,4.365146],[-72.905252,4.365426],[-72.90555,4.365666],[-72.90555,4.365846],[-72.906067,4.366027],[-72.906147,4.365867],[-72.906307,4.365587],[-72.906407,4.365448],[-72.906466,4.365408],[-72.906566,4.365388],[-72.906725,4.365528],[-72.908634,4.36703],[-72.908853,4.36719],[-72.908912,4.36755],[-72.908972,4.36759],[-72.908992,4.36763],[-72.908991,4.368089],[-72.908931,4.368109],[-72.908871,4.368109],[-72.908712,4.367989],[-72.908613,4.368009],[-72.908493,4.368049],[-72.908294,4.368128],[-72.908154,4.368228],[-72.908134,4.368348],[-72.908094,4.368448],[-72.908074,4.368528],[-72.908074,4.368608],[-72.908054,4.368688],[-72.908054,4.368887],[-72.907954,4.369167],[-72.907914,4.369207],[-72.907595,4.369366],[-72.907575,4.369406],[-72.907575,4.369606],[-72.907614,4.369686],[-72.907654,4.369806],[-72.907754,4.369906],[-72.907813,4.369946],[-72.907833,4.369986],[-72.907873,4.370206],[-72.907912,4.370366],[-72.907912,4.370466],[-72.907972,4.370526],[-72.908011,4.370726],[-72.90813,4.370846],[-72.90819,4.370986],[-72.90821,4.371126],[-72.908289,4.371186],[-72.908329,4.371146],[-72.908429,4.371106],[-72.908548,4.371107],[-72.908827,4.371267],[-72.909006,4.371347],[-72.909125,4.371367],[-72.909284,4.371427],[-72.909344,4.371527],[-72.909523,4.371568],[-72.909682,4.371588],[-72.909742,4.371568],[-72.909822,4.371528],[-72.910001,4.371708],[-72.91006,4.371968],[-72.91004,4.372048],[-72.91002,4.372348],[-72.91,4.372388],[-72.909502,4.372607],[-72.909462,4.372647],[-72.909461,4.372847],[-72.909501,4.372867]]]}},{"type":"Feature","properties":{"cod_bp":"B.332-P.1","bloque":332,"tono":1,"ha":36.2},"geometry":{"type":"Polygon","coordinates":[[[-72.95036,4.440039],[-72.950339,4.440079],[-72.95002,4.440498],[-72.949342,4.441296],[-72.947489,4.441753],[-72.94729,4.441853],[-72.94719,4.441933],[-72.946971,4.442172],[-72.946871,4.442552],[-72.946871,4.442792],[-72.94691,4.443052],[-72.94691,4.443291],[-72.946989,4.443452],[-72.947088,4.443531],[-72.947566,4.444012],[-72.947784,4.444212],[-72.947864,4.444272],[-72.947884,4.444512],[-72.944478,4.444867],[-72.944378,4.444887],[-72.944379,4.444387],[-72.94436,4.443747],[-72.94438,4.443468],[-72.944401,4.442828],[-72.944405,4.44037],[-72.942856,4.43733],[-72.942976,4.43723],[-72.943175,4.43709],[-72.943793,4.436751],[-72.944211,4.436532],[-72.944291,4.436712],[-72.944311,4.436772],[-72.94439,4.436812],[-72.94445,4.436872],[-72.94445,4.436952],[-72.94443,4.437092],[-72.94439,4.437172],[-72.94435,4.437232],[-72.94435,4.437312],[-72.944329,4.437472],[-72.944329,4.437692],[-72.944369,4.437792],[-72.944429,4.437852],[-72.944448,4.437912],[-72.944428,4.437952],[-72.944368,4.438011],[-72.944508,4.438131],[-72.944587,4.438232],[-72.944567,4.438312],[-72.944587,4.438391],[-72.944687,4.438452],[-72.944806,4.438492],[-72.945164,4.438492],[-72.945562,4.438633],[-72.945761,4.438713],[-72.946,4.438733],[-72.94608,4.438773],[-72.946259,4.438934],[-72.946398,4.438954],[-72.946637,4.439074],[-72.946697,4.439014],[-72.946717,4.438974],[-72.946737,4.438894],[-72.946737,4.438614],[-72.946698,4.438534],[-72.946618,4.438434],[-72.946558,4.438394],[-72.946618,4.438334],[-72.946719,4.437875],[-72.946858,4.437655],[-72.947137,4.437436],[-72.947436,4.437276],[-72.947556,4.437316],[-72.947655,4.437357],[-72.947655,4.437796],[-72.947714,4.437876],[-72.947774,4.437976],[-72.948271,4.438257],[-72.94855,4.438477],[-72.94857,4.438537],[-72.948569,4.438757],[-72.948768,4.438877],[-72.948927,4.438957],[-72.949007,4.438957],[-72.949127,4.438938],[-72.949266,4.438878],[-72.949426,4.438758],[-72.949485,4.438638],[-72.949645,4.438559],[-72.949685,4.438559],[-72.949864,4.438639],[-72.949943,4.438799],[-72.949943,4.438919],[-72.949983,4.439039],[-72.950082,4.439179],[-72.950162,4.439179],[-72.950215,4.439161],[-72.950379,4.439979],[-72.950379,4.440019],[-72.95036,4.440039]]]}},{"type":"Feature","properties":{"cod_bp":"B.332-P.10","bloque":332,"tono":1,"ha":23.1},"geometry":{"type":"Polygon","coordinates":[[[-72.95568,4.424257],[-72.9556,4.424357],[-72.9556,4.424577],[-72.95542,4.424736],[-72.9554,4.425216],[-72.953965,4.425974],[-72.952929,4.426512],[-72.949364,4.426507],[-72.949444,4.426427],[-72.949444,4.426387],[-72.949464,4.426347],[-72.949585,4.425548],[-72.949605,4.425328],[-72.949645,4.425128],[-72.949665,4.424988],[-72.949705,4.424868],[-72.949725,4.424828],[-72.949725,4.424788],[-72.949765,4.424748],[-72.949845,4.424709],[-72.950104,4.424549],[-72.950642,4.42417],[-72.95112,4.423891],[-72.9512,4.423831],[-72.95136,4.423671],[-72.951519,4.423552],[-72.951659,4.423472],[-72.951858,4.423372],[-72.952017,4.423273],[-72.952077,4.423253],[-72.952635,4.422914],[-72.952834,4.422814],[-72.953014,4.422695],[-72.953672,4.422316],[-72.953811,4.422256],[-72.955027,4.421598],[-72.955126,4.421618],[-72.955445,4.421858],[-72.955464,4.422258],[-72.955523,4.422378],[-72.955523,4.422758],[-72.955284,4.422798],[-72.955264,4.423117],[-72.955423,4.423198],[-72.955502,4.423178],[-72.955582,4.423218],[-72.955582,4.423418],[-72.955522,4.423477],[-72.955522,4.423617],[-72.955681,4.423738],[-72.95568,4.424257]]]}},{"type":"Feature","properties":{"cod_bp":"B.332-P.11","bloque":332,"tono":1,"ha":8.7},"geometry":{"type":"Polygon","coordinates":[[[-72.955268,4.43325],[-72.953534,4.434287],[-72.953495,4.434227],[-72.952202,4.432666],[-72.952143,4.432546],[-72.952143,4.432506],[-72.952123,4.432406],[-72.952123,4.432307],[-72.952363,4.432247],[-72.95286,4.432088],[-72.953359,4.431909],[-72.953657,4.431829],[-72.953976,4.43171],[-72.954215,4.43163],[-72.954315,4.43161],[-72.954375,4.43159],[-72.954454,4.43159],[-72.954574,4.431651],[-72.954693,4.431771],[-72.954872,4.431991],[-72.954932,4.432091],[-72.955011,4.432131],[-72.955051,4.432171],[-72.955091,4.432171],[-72.95515,4.432191],[-72.95519,4.432191],[-72.95523,4.432171],[-72.95531,4.432151],[-72.955589,4.432032],[-72.955808,4.431952],[-72.955927,4.431952],[-72.956226,4.432133],[-72.956266,4.432173],[-72.956445,4.432293],[-72.956942,4.432613],[-72.957061,4.432653],[-72.957101,4.432673],[-72.957161,4.432674],[-72.957201,4.432694],[-72.957241,4.432674],[-72.95728,4.432674],[-72.95738,4.432654],[-72.95744,4.432634],[-72.957539,4.432614],[-72.957579,4.432614],[-72.957718,4.432654],[-72.957818,4.432695],[-72.957917,4.432755],[-72.957957,4.432795],[-72.957997,4.432815],[-72.958017,4.432935],[-72.958116,4.433035],[-72.957917,4.433114],[-72.957399,4.433094],[-72.95724,4.433153],[-72.95712,4.433133],[-72.956444,4.433072],[-72.956165,4.432972],[-72.955926,4.432772],[-72.955886,4.432772],[-72.955408,4.433091],[-72.955328,4.433131],[-72.955268,4.433171],[-72.955268,4.43325]]]}},{"type":"Feature","properties":{"cod_bp":"B.332-P.12","bloque":332,"tono":1,"ha":14.6},"geometry":{"type":"Polygon","coordinates":[[[-72.951864,4.432386],[-72.952123,4.432307],[-72.952123,4.432467],[-72.952143,4.432506],[-72.952143,4.432546],[-72.952202,4.432666],[-72.953455,4.434207],[-72.953952,4.434807],[-72.953991,4.434888],[-72.954011,4.434947],[-72.954011,4.435027],[-72.954031,4.435107],[-72.954011,4.435147],[-72.954011,4.435287],[-72.95387,4.435927],[-72.95357,4.437225],[-72.952391,4.439642],[-72.952052,4.440301],[-72.951992,4.440441],[-72.951912,4.440581],[-72.951911,4.44104],[-72.951639,4.441215],[-72.951255,4.44048],[-72.951215,4.44036],[-72.951195,4.44024],[-72.951196,4.44],[-72.951356,4.439221],[-72.951978,4.436024],[-72.95212,4.434545],[-72.95212,4.434425],[-72.952101,4.434325],[-72.951863,4.433525],[-72.951446,4.432525],[-72.951864,4.432386]]]}},{"type":"Feature","properties":{"cod_bp":"B.332-P.13","bloque":332,"tono":1,"ha":21.9},"geometry":{"type":"Polygon","coordinates":[[[-72.958156,4.433035],[-72.959111,4.433576],[-72.959051,4.433736],[-72.959051,4.433756],[-72.959031,4.433815],[-72.959031,4.433876],[-72.959011,4.433955],[-72.959011,4.434015],[-72.958991,4.434075],[-72.958931,4.434215],[-72.958851,4.434455],[-72.958571,4.435194],[-72.958531,4.435374],[-72.958231,4.436153],[-72.957551,4.43807],[-72.95387,4.435927],[-72.954011,4.435287],[-72.954011,4.435147],[-72.954031,4.435107],[-72.954011,4.435027],[-72.954011,4.434947],[-72.953991,4.434888],[-72.953952,4.434807],[-72.953534,4.434287],[-72.955268,4.43325],[-72.955268,4.433171],[-72.955328,4.433131],[-72.955408,4.433091],[-72.955886,4.432772],[-72.955926,4.432772],[-72.956165,4.432972],[-72.956444,4.433072],[-72.95712,4.433133],[-72.95724,4.433153],[-72.957399,4.433094],[-72.957917,4.433114],[-72.958116,4.433035],[-72.958156,4.433035]]]}},{"type":"Feature","properties":{"cod_bp":"B.332-P.14","bloque":332,"tono":1,"ha":20.7},"geometry":{"type":"Polygon","coordinates":[[[-72.957372,4.43797],[-72.957551,4.43807],[-72.957491,4.43823],[-72.957431,4.43845],[-72.957371,4.43859],[-72.957291,4.438849],[-72.956891,4.439928],[-72.956691,4.440527],[-72.956531,4.440827],[-72.95653,4.441806],[-72.95651,4.441866],[-72.95649,4.441886],[-72.95647,4.441926],[-72.95645,4.441926],[-72.95645,4.441946],[-72.95641,4.441966],[-72.95639,4.441966],[-72.956311,4.441906],[-72.956211,4.441846],[-72.956003,4.441741],[-72.952391,4.439642],[-72.95357,4.437225],[-72.95387,4.435927],[-72.957372,4.43797]]]}},{"type":"Feature","properties":{"cod_bp":"B.332-P.15","bloque":332,"tono":1,"ha":25.5},"geometry":{"type":"Polygon","coordinates":[[[-72.956531,4.440827],[-72.956552,4.440787],[-72.956671,4.440847],[-72.95675,4.440847],[-72.95679,4.440827],[-72.95687,4.440868],[-72.957348,4.440988],[-72.957467,4.441023],[-72.957467,4.441028],[-72.957626,4.441069],[-72.957885,4.441189],[-72.957945,4.441229],[-72.958004,4.441289],[-72.95864,4.442269],[-72.95864,4.442289],[-72.95866,4.442329],[-72.958659,4.443009],[-72.958639,4.443208],[-72.958579,4.443308],[-72.958599,4.443388],[-72.957264,4.443526],[-72.956627,4.443605],[-72.955034,4.443763],[-72.950672,4.444216],[-72.950772,4.444077],[-72.951031,4.443517],[-72.951171,4.443098],[-72.951511,4.442199],[-72.951671,4.441799],[-72.951731,4.44162],[-72.951731,4.44144],[-72.951692,4.44136],[-72.951639,4.441215],[-72.951911,4.44104],[-72.951912,4.440581],[-72.951992,4.440441],[-72.952391,4.439642],[-72.95639,4.441966],[-72.95641,4.441966],[-72.95645,4.441946],[-72.95645,4.441926],[-72.95647,4.441926],[-72.95649,4.441886],[-72.95651,4.441866],[-72.95653,4.441806],[-72.956531,4.440827]]]}},{"type":"Feature","properties":{"cod_bp":"B.332-P.16","bloque":332,"tono":1,"ha":14.0},"geometry":{"type":"Polygon","coordinates":[[[-72.957626,4.441069],[-72.957467,4.441023],[-72.957467,4.440868],[-72.957448,4.440828],[-72.957547,4.440669],[-72.957607,4.440609],[-72.957607,4.440569],[-72.957587,4.440509],[-72.957388,4.440369],[-72.957468,4.440289],[-72.957508,4.440229],[-72.957528,4.440169],[-72.957548,4.440069],[-72.957608,4.439969],[-72.957807,4.43997],[-72.958165,4.44017],[-72.958424,4.44015],[-72.958623,4.440151],[-72.958842,4.440331],[-72.959141,4.440331],[-72.959062,4.440111],[-72.959062,4.439911],[-72.959102,4.439652],[-72.959103,4.439232],[-72.959143,4.439132],[-72.959302,4.438892],[-72.959482,4.438673],[-72.959582,4.438513],[-72.959821,4.438533],[-72.96,4.438494],[-72.960558,4.438155],[-72.961255,4.438416],[-72.961234,4.438935],[-72.961153,4.439495],[-72.961133,4.439755],[-72.961332,4.439895],[-72.961351,4.440554],[-72.960453,4.442112],[-72.960153,4.442531],[-72.959874,4.44295],[-72.959674,4.44327],[-72.959654,4.44327],[-72.959634,4.44329],[-72.958599,4.443388],[-72.958599,4.443348],[-72.958579,4.443308],[-72.958639,4.443208],[-72.958659,4.443009],[-72.95866,4.442329],[-72.95864,4.442289],[-72.95864,4.442269],[-72.958004,4.441289],[-72.957925,4.441209],[-72.957626,4.441069]]]}},{"type":"Feature","properties":{"cod_bp":"B.332-P.17","bloque":332,"tono":1,"ha":24.9},"geometry":{"type":"Polygon","coordinates":[[[-72.959071,4.433676],[-72.959231,4.433236],[-72.959431,4.432757],[-72.959451,4.432697],[-72.959451,4.432657],[-72.95969,4.432557],[-72.960009,4.432738],[-72.960267,4.432918],[-72.960347,4.432958],[-72.960406,4.432998],[-72.960446,4.433038],[-72.960566,4.433038],[-72.960605,4.433018],[-72.960625,4.433018],[-72.960645,4.432978],[-72.960725,4.432899],[-72.960825,4.432699],[-72.960865,4.432659],[-72.961147,4.432228],[-72.961164,4.43222],[-72.961204,4.43222],[-72.961563,4.432],[-72.961642,4.432041],[-72.961882,4.431921],[-72.962101,4.431881],[-72.96228,4.431882],[-72.962339,4.431922],[-72.963196,4.431423],[-72.963256,4.431483],[-72.963276,4.431563],[-72.963356,4.431603],[-72.963435,4.431563],[-72.963495,4.431623],[-72.963495,4.431703],[-72.963634,4.431764],[-72.963634,4.431923],[-72.963494,4.432023],[-72.963474,4.432083],[-72.963474,4.432463],[-72.963334,4.432563],[-72.963314,4.432643],[-72.963214,4.432782],[-72.962995,4.433202],[-72.962855,4.433281],[-72.962855,4.433461],[-72.962556,4.433641],[-72.962536,4.433821],[-72.962237,4.434],[-72.962217,4.4341],[-72.962137,4.43424],[-72.961758,4.434439],[-72.961758,4.434559],[-72.961579,4.434738],[-72.961339,4.435058],[-72.96116,4.435178],[-72.96104,4.435397],[-72.96088,4.435597],[-72.960601,4.435756],[-72.960581,4.435856],[-72.960442,4.435956],[-72.960422,4.436036],[-72.960342,4.436176],[-72.960282,4.436236],[-72.960281,4.436595],[-72.960341,4.436655],[-72.960361,4.436695],[-72.960341,4.436815],[-72.960281,4.436875],[-72.960281,4.437135],[-72.960141,4.437215],[-72.960121,4.437315],[-72.960061,4.437374],[-72.960121,4.437455],[-72.960021,4.437574],[-72.959822,4.437954],[-72.959483,4.438233],[-72.959343,4.438393],[-72.959044,4.438692],[-72.959023,4.439012],[-72.958983,4.439092],[-72.958963,4.439332],[-72.958226,4.43979],[-72.958146,4.43977],[-72.957987,4.43959],[-72.957648,4.439829],[-72.957608,4.439969],[-72.957588,4.439989],[-72.957548,4.440069],[-72.957528,4.440169],[-72.957508,4.440229],[-72.957468,4.440289],[-72.957388,4.440369],[-72.957289,4.440428],[-72.957229,4.440488],[-72.95705,4.440568],[-72.95689,4.440568],[-72.956731,4.440528],[-72.956691,4.440527],[-72.956791,4.440248],[-72.956891,4.439928],[-72.957291,4.438849],[-72.957371,4.43859],[-72.957431,4.43845],[-72.957491,4.43823],[-72.957731,4.437551],[-72.958131,4.436452],[-72.958231,4.436153],[-72.958531,4.435374],[-72.958571,4.435194],[-72.958851,4.434455],[-72.958931,4.434215],[-72.958991,4.434075],[-72.959011,4.434015],[-72.959011,4.433955],[-72.959031,4.433876],[-72.959031,4.433815],[-72.959071,4.433676]]]}},{"type":"Feature","properties":{"cod_bp":"B.332-P.18","bloque":332,"tono":1,"ha":27.3},"geometry":{"type":"Polygon","coordinates":[[[-72.964138,4.427547],[-72.964238,4.427627],[-72.964218,4.427667],[-72.964218,4.427687],[-72.964098,4.427867],[-72.963719,4.428506],[-72.963659,4.428626],[-72.963599,4.428706],[-72.963001,4.428725],[-72.962683,4.428724],[-72.961946,4.428663],[-72.96123,4.428242],[-72.961071,4.428142],[-72.960951,4.428142],[-72.960553,4.428102],[-72.960195,4.428041],[-72.959856,4.428141],[-72.959199,4.42814],[-72.958781,4.428219],[-72.958502,4.428259],[-72.958302,4.428338],[-72.958203,4.428398],[-72.958043,4.428438],[-72.957784,4.428517],[-72.957526,4.428557],[-72.957366,4.428517],[-72.957207,4.428437],[-72.956988,4.428256],[-72.956948,4.428216],[-72.956889,4.427996],[-72.95683,4.427457],[-72.956811,4.427097],[-72.956791,4.426917],[-72.956791,4.426677],[-72.956851,4.426517],[-72.956931,4.426358],[-72.95729,4.426058],[-72.95743,4.425979],[-72.957569,4.425879],[-72.958167,4.42566],[-72.958426,4.42552],[-72.958845,4.425241],[-72.959104,4.425042],[-72.959662,4.424463],[-72.959802,4.424303],[-72.959902,4.424043],[-72.959962,4.423784],[-72.960102,4.423524],[-72.960281,4.423324],[-72.960321,4.423265],[-72.961255,4.424345],[-72.961613,4.424705],[-72.962448,4.425626],[-72.962568,4.425786],[-72.963164,4.426526],[-72.963919,4.427387],[-72.964138,4.427547]]]}},{"type":"Feature","properties":{"cod_bp":"B.332-P.19","bloque":332,"tono":1,"ha":11.0},"geometry":{"type":"Polygon","coordinates":[[[-72.956266,4.432173],[-72.956226,4.432133],[-72.956345,4.432033],[-72.956326,4.431873],[-72.956406,4.431793],[-72.956426,4.431693],[-72.956705,4.431514],[-72.956725,4.431434],[-72.956665,4.431374],[-72.956646,4.431034],[-72.956546,4.430934],[-72.956507,4.430814],[-72.956427,4.430694],[-72.956407,4.430534],[-72.956029,4.430314],[-72.95603,4.430014],[-72.956169,4.429914],[-72.957104,4.430475],[-72.959432,4.431837],[-72.959552,4.431558],[-72.959652,4.431418],[-72.959473,4.430958],[-72.959414,4.430858],[-72.959315,4.430518],[-72.959434,4.430478],[-72.959833,4.430559],[-72.96031,4.43068],[-72.960748,4.4308],[-72.961226,4.430901],[-72.961286,4.430901],[-72.961325,4.430921],[-72.961365,4.430961],[-72.961644,4.431121],[-72.961783,4.431261],[-72.961703,4.431361],[-72.961643,4.431461],[-72.961504,4.43166],[-72.961424,4.4318],[-72.961147,4.432228],[-72.961124,4.43224],[-72.960985,4.432479],[-72.960825,4.432699],[-72.960725,4.432899],[-72.960645,4.432978],[-72.960625,4.433018],[-72.960605,4.433018],[-72.960566,4.433038],[-72.960486,4.433038],[-72.960426,4.433018],[-72.960406,4.432998],[-72.960347,4.432958],[-72.960267,4.432918],[-72.960009,4.432738],[-72.95969,4.432557],[-72.959551,4.432517],[-72.959352,4.432517],[-72.959252,4.432537],[-72.958953,4.432616],[-72.958814,4.432636],[-72.958654,4.432696],[-72.958495,4.432775],[-72.958355,4.432835],[-72.958256,4.432835],[-72.958216,4.432855],[-72.958176,4.432855],[-72.958136,4.432835],[-72.958097,4.432835],[-72.958037,4.432815],[-72.957997,4.432815],[-72.957957,4.432795],[-72.957917,4.432755],[-72.957818,4.432695],[-72.957679,4.432634],[-72.957639,4.432634],[-72.957579,4.432614],[-72.957539,4.432614],[-72.95744,4.432634],[-72.95738,4.432654],[-72.95728,4.432674],[-72.957241,4.432674],[-72.957201,4.432694],[-72.957161,4.432674],[-72.957101,4.432673],[-72.957061,4.432653],[-72.956942,4.432613],[-72.956763,4.432493],[-72.956564,4.432373],[-72.956564,4.432353],[-72.956266,4.432173]]]}},{"type":"Feature","properties":{"cod_bp":"B.332-P.2","bloque":332,"tono":1,"ha":17.0},"geometry":{"type":"Polygon","coordinates":[[[-72.950772,4.444077],[-72.950672,4.444216],[-72.947884,4.444512],[-72.947864,4.444272],[-72.947784,4.444212],[-72.947566,4.444012],[-72.947088,4.443531],[-72.946989,4.443452],[-72.94691,4.443291],[-72.94691,4.443052],[-72.946871,4.442792],[-72.946871,4.442552],[-72.946971,4.442172],[-72.94719,4.441933],[-72.94729,4.441853],[-72.947489,4.441753],[-72.949342,4.441296],[-72.95002,4.440498],[-72.950339,4.440079],[-72.950379,4.440119],[-72.951196,4.44012],[-72.951195,4.44024],[-72.951215,4.44036],[-72.951255,4.44048],[-72.951632,4.44122],[-72.951731,4.44144],[-72.951731,4.44162],[-72.951671,4.441799],[-72.951511,4.442199],[-72.951171,4.443098],[-72.951031,4.443517],[-72.950772,4.444077]]]}},{"type":"Feature","properties":{"cod_bp":"B.332-P.20","bloque":332,"tono":1,"ha":4.1},"geometry":{"type":"Polygon","coordinates":[[[-72.959473,4.430958],[-72.959652,4.431418],[-72.959552,4.431558],[-72.959432,4.431837],[-72.957104,4.430475],[-72.956269,4.429974],[-72.956608,4.429735],[-72.957206,4.429516],[-72.957425,4.429536],[-72.957564,4.429596],[-72.957584,4.429656],[-72.957683,4.429736],[-72.957763,4.429776],[-72.957882,4.429797],[-72.957902,4.429857],[-72.958081,4.429837],[-72.95842,4.429817],[-72.958559,4.429857],[-72.958619,4.429898],[-72.958639,4.429938],[-72.958698,4.429998],[-72.958718,4.430038],[-72.958738,4.430158],[-72.958778,4.430198],[-72.958837,4.430278],[-72.959116,4.430438],[-72.959315,4.430518],[-72.959414,4.430858],[-72.959473,4.430958]]]}},{"type":"Feature","properties":{"cod_bp":"B.332-P.3","bloque":332,"tono":1,"ha":25.1},"geometry":{"type":"Polygon","coordinates":[[[-72.951406,4.432545],[-72.951446,4.432525],[-72.951863,4.433525],[-72.952101,4.434325],[-72.95212,4.434425],[-72.95212,4.434545],[-72.951978,4.436024],[-72.951356,4.439221],[-72.951196,4.44],[-72.951196,4.44012],[-72.950379,4.440119],[-72.950339,4.440079],[-72.95036,4.440039],[-72.950379,4.440019],[-72.950379,4.439979],[-72.950221,4.439159],[-72.950215,4.439161],[-72.950142,4.438799],[-72.950063,4.438519],[-72.950023,4.438499],[-72.949944,4.438479],[-72.94865,4.438218],[-72.948232,4.438057],[-72.948152,4.437977],[-72.948133,4.437517],[-72.948093,4.437337],[-72.948014,4.437177],[-72.947696,4.436937],[-72.947477,4.436797],[-72.947417,4.436657],[-72.947358,4.436377],[-72.947597,4.436237],[-72.947597,4.436157],[-72.947737,4.435978],[-72.947896,4.435858],[-72.947937,4.435678],[-72.948196,4.435359],[-72.948455,4.435279],[-72.949093,4.435],[-72.949292,4.434941],[-72.949491,4.434901],[-72.94967,4.434901],[-72.94973,4.434921],[-72.949293,4.434081],[-72.949075,4.433701],[-72.949055,4.433641],[-72.949155,4.433482],[-72.949254,4.433402],[-72.949254,4.433302],[-72.949235,4.433244],[-72.949454,4.433162],[-72.951406,4.432545]]]}},{"type":"Feature","properties":{"cod_bp":"B.332-P.4","bloque":332,"tono":1,"ha":16.0},"geometry":{"type":"Polygon","coordinates":[[[-72.951446,4.432466],[-72.951446,4.432525],[-72.951406,4.432545],[-72.949454,4.433162],[-72.949135,4.433282],[-72.948856,4.433421],[-72.948557,4.433661],[-72.947959,4.434079],[-72.947859,4.434019],[-72.94776,4.433979],[-72.94766,4.433919],[-72.947501,4.433879],[-72.947362,4.433459],[-72.947303,4.432959],[-72.947305,4.43222],[-72.947364,4.43214],[-72.947405,4.4319],[-72.947504,4.43182],[-72.947743,4.43194],[-72.947743,4.431741],[-72.947644,4.431561],[-72.947405,4.4314],[-72.947385,4.43134],[-72.947386,4.430981],[-72.947346,4.430901],[-72.947168,4.430601],[-72.947188,4.430401],[-72.947248,4.430141],[-72.947288,4.430061],[-72.947547,4.429802],[-72.947885,4.429842],[-72.948821,4.429923],[-72.949518,4.430004],[-72.950394,4.430086],[-72.950872,4.430146],[-72.950992,4.430146],[-72.951012,4.430166],[-72.951031,4.430206],[-72.951131,4.430307],[-72.95115,4.430407],[-72.95119,4.430526],[-72.951367,4.431946],[-72.951446,4.432466]]]}},{"type":"Feature","properties":{"cod_bp":"B.332-P.5","bloque":332,"tono":1,"ha":67.6},"geometry":{"type":"Polygon","coordinates":[[[-72.968993,4.416702],[-72.971122,4.417924],[-72.965136,4.426449],[-72.964796,4.426948],[-72.964258,4.427667],[-72.964238,4.427627],[-72.963919,4.427387],[-72.963164,4.426526],[-72.962568,4.425786],[-72.962448,4.425626],[-72.961613,4.424705],[-72.961255,4.424345],[-72.961136,4.424205],[-72.966347,4.415379],[-72.966367,4.415359],[-72.966367,4.415319],[-72.966347,4.415299],[-72.968933,4.416821],[-72.968993,4.416702]]]}},{"type":"Feature","properties":{"cod_bp":"B.332-P.6","bloque":332,"tono":1,"ha":61.4},"geometry":{"type":"Polygon","coordinates":[[[-72.961216,4.424065],[-72.961136,4.424205],[-72.960202,4.423125],[-72.960042,4.423364],[-72.959883,4.423664],[-72.959763,4.423743],[-72.959723,4.423903],[-72.959563,4.424263],[-72.959463,4.424423],[-72.959324,4.424582],[-72.959045,4.424762],[-72.959024,4.424862],[-72.958586,4.425101],[-72.958327,4.424961],[-72.958029,4.424421],[-72.95787,4.42432],[-72.957632,4.4239],[-72.957553,4.42364],[-72.957554,4.422621],[-72.957177,4.421981],[-72.957198,4.421221],[-72.957497,4.421042],[-72.957497,4.420962],[-72.957757,4.420443],[-72.958056,4.420223],[-72.958235,4.420044],[-72.959173,4.418886],[-72.959392,4.418586],[-72.960271,4.417069],[-72.962606,4.413075],[-72.96579,4.414978],[-72.966347,4.415299],[-72.966367,4.415319],[-72.966367,4.415359],[-72.966347,4.415379],[-72.961216,4.424065]]]}},{"type":"Feature","properties":{"cod_bp":"B.332-P.7","bloque":332,"tono":1,"ha":16.2},"geometry":{"type":"Polygon","coordinates":[[[-72.968933,4.416821],[-72.966347,4.415299],[-72.962606,4.413075],[-72.962626,4.413055],[-72.963365,4.411777],[-72.963485,4.411557],[-72.963525,4.411497],[-72.963565,4.411397],[-72.963565,4.411338],[-72.963585,4.411257],[-72.963607,4.409938],[-72.964005,4.409879],[-72.964045,4.409919],[-72.964124,4.410279],[-72.964163,4.410799],[-72.965454,4.412959],[-72.965454,4.412979],[-72.965474,4.412999],[-72.965494,4.412979],[-72.965514,4.412979],[-72.96655,4.412361],[-72.967405,4.413641],[-72.967961,4.414642],[-72.968079,4.415181],[-72.968317,4.415721],[-72.968993,4.416702],[-72.968933,4.416821]]]}},{"type":"Feature","properties":{"cod_bp":"B.332-P.8","bloque":332,"tono":1,"ha":20.5},"geometry":{"type":"Polygon","coordinates":[[[-72.949364,4.426507],[-72.952929,4.426512],[-72.951733,4.42713],[-72.951454,4.427289],[-72.951374,4.427349],[-72.951374,4.427449],[-72.951552,4.427949],[-72.952068,4.429528],[-72.952088,4.429568],[-72.952107,4.430108],[-72.952106,4.430828],[-72.952123,4.432307],[-72.951446,4.432525],[-72.951446,4.432466],[-72.951367,4.431946],[-72.95119,4.430526],[-72.95115,4.430407],[-72.951131,4.430307],[-72.951031,4.430206],[-72.951012,4.430166],[-72.950992,4.430146],[-72.950872,4.430146],[-72.950394,4.430086],[-72.949518,4.430004],[-72.948821,4.429923],[-72.947885,4.429842],[-72.94695,4.429721],[-72.94703,4.429181],[-72.947111,4.428222],[-72.947131,4.428182],[-72.947211,4.428102],[-72.94761,4.427803],[-72.947929,4.427544],[-72.948407,4.427185],[-72.948587,4.427025],[-72.948806,4.426886],[-72.949005,4.426726],[-72.949225,4.426566],[-72.949264,4.426546],[-72.949284,4.426526],[-72.949304,4.426566],[-72.949324,4.426586],[-72.949344,4.426566],[-72.949364,4.426527],[-72.949364,4.426507]]]}},{"type":"Feature","properties":{"cod_bp":"B.332-P.9","bloque":332,"tono":1,"ha":31.7},"geometry":{"type":"Polygon","coordinates":[[[-72.94703,4.429181],[-72.94695,4.429721],[-72.946631,4.42982],[-72.946492,4.42984],[-72.946214,4.42892],[-72.945382,4.426341],[-72.944985,4.425261],[-72.94445,4.423741],[-72.944132,4.422802],[-72.944053,4.422502],[-72.944073,4.422442],[-72.944114,4.422182],[-72.944114,4.422042],[-72.944094,4.421882],[-72.944054,4.421722],[-72.943935,4.421522],[-72.943876,4.421442],[-72.943736,4.421322],[-72.946188,4.419907],[-72.948193,4.424187],[-72.948431,4.424666],[-72.94859,4.425046],[-72.948887,4.425687],[-72.949026,4.425967],[-72.949146,4.426246],[-72.949205,4.426347],[-72.949284,4.426526],[-72.949264,4.426546],[-72.949225,4.426566],[-72.949005,4.426726],[-72.948806,4.426886],[-72.948587,4.427025],[-72.948407,4.427185],[-72.947929,4.427544],[-72.94761,4.427803],[-72.947211,4.428102],[-72.947131,4.428182],[-72.947111,4.428222],[-72.94703,4.429181]]]}},{"type":"Feature","properties":{"cod_bp":"B.334-P.1","bloque":334,"tono":3,"ha":25.4},"geometry":{"type":"Polygon","coordinates":[[[-72.894876,4.392132],[-72.893242,4.39235],[-72.893163,4.39237],[-72.893029,4.388672],[-72.898595,4.38868],[-72.898625,4.3887],[-72.898684,4.38872],[-72.898784,4.38874],[-72.899083,4.388741],[-72.899222,4.388721],[-72.899321,4.388721],[-72.899361,4.388701],[-72.899401,4.388761],[-72.899321,4.388921],[-72.899321,4.389101],[-72.899476,4.391819],[-72.898453,4.391818],[-72.898401,4.391618],[-72.89615,4.391934],[-72.894876,4.392132]]]}},{"type":"Feature","properties":{"cod_bp":"B.334-P.10","bloque":334,"tono":3,"ha":44.0},"geometry":{"type":"Polygon","coordinates":[[[-72.902997,4.368161],[-72.902604,4.368428],[-72.902539,4.36846],[-72.89555,4.36847],[-72.895354,4.366231],[-72.895179,4.363973],[-72.895298,4.363993],[-72.902586,4.364023],[-72.902963,4.364723],[-72.903023,4.364743],[-72.903202,4.364823],[-72.903738,4.365544],[-72.904156,4.366024],[-72.903557,4.366603],[-72.903438,4.366742],[-72.903398,4.366802],[-72.903397,4.366922],[-72.903417,4.367002],[-72.903477,4.367142],[-72.903616,4.367522],[-72.903695,4.367702],[-72.903675,4.367722],[-72.903655,4.367762],[-72.902997,4.368161]]]}},{"type":"Feature","properties":{"cod_bp":"B.334-P.11","bloque":334,"tono":3,"ha":19.9},"geometry":{"type":"Polygon","coordinates":[[[-72.895179,4.363973],[-72.895022,4.362273],[-72.896716,4.361397],[-72.897473,4.360818],[-72.897812,4.360799],[-72.89815,4.360999],[-72.898389,4.361059],[-72.898648,4.36094],[-72.898927,4.36092],[-72.899484,4.361201],[-72.90032,4.361282],[-72.900539,4.361422],[-72.900537,4.362321],[-72.900796,4.362781],[-72.900795,4.362981],[-72.901472,4.363382],[-72.901651,4.363322],[-72.90183,4.363462],[-72.902009,4.363443],[-72.902328,4.363543],[-72.902586,4.364023],[-72.895298,4.363993],[-72.895179,4.363973]]]}},{"type":"Feature","properties":{"cod_bp":"B.334-P.12","bloque":334,"tono":3,"ha":26.5},"geometry":{"type":"Polygon","coordinates":[[[-72.904834,4.365325],[-72.904156,4.366024],[-72.903738,4.365544],[-72.903202,4.364823],[-72.903023,4.364743],[-72.902963,4.364723],[-72.902328,4.363543],[-72.900362,4.360003],[-72.900084,4.359603],[-72.900024,4.359483],[-72.90128,4.358905],[-72.902096,4.358506],[-72.902256,4.358466],[-72.902316,4.358507],[-72.902832,4.359167],[-72.903329,4.359747],[-72.903766,4.360287],[-72.905078,4.361988],[-72.905257,4.362208],[-72.905515,4.362508],[-72.905614,4.362648],[-72.905952,4.363068],[-72.906091,4.363229],[-72.90623,4.363409],[-72.906489,4.363709],[-72.906488,4.364308],[-72.906129,4.364648],[-72.905173,4.364606],[-72.904835,4.364786],[-72.904854,4.365246],[-72.904854,4.365285],[-72.904834,4.365325]]]}},{"type":"Feature","properties":{"cod_bp":"B.334-P.13","bloque":334,"tono":3,"ha":23.6},"geometry":{"type":"Polygon","coordinates":[[[-72.912764,4.361819],[-72.912664,4.361979],[-72.911008,4.363995],[-72.910908,4.364195],[-72.910868,4.364574],[-72.910509,4.365174],[-72.910249,4.365913],[-72.910347,4.366612],[-72.910068,4.367152],[-72.909869,4.367071],[-72.909531,4.366751],[-72.909411,4.366751],[-72.909332,4.366651],[-72.909212,4.366551],[-72.908775,4.36609],[-72.908358,4.36555],[-72.907801,4.36503],[-72.907563,4.36465],[-72.906887,4.363849],[-72.90645,4.363269],[-72.905973,4.362689],[-72.905277,4.361809],[-72.912764,4.361819]]]}},{"type":"Feature","properties":{"cod_bp":"B.334-P.14","bloque":334,"tono":3,"ha":49.0},"geometry":{"type":"Polygon","coordinates":[[[-72.912764,4.361819],[-72.905277,4.361809],[-72.905039,4.361488],[-72.904343,4.360628],[-72.904025,4.360208],[-72.903509,4.359567],[-72.902654,4.358467],[-72.902654,4.358327],[-72.903531,4.358129],[-72.904507,4.35789],[-72.90608,4.357533],[-72.907116,4.357314],[-72.908332,4.356417],[-72.90891,4.355938],[-72.909508,4.355639],[-72.909608,4.355599],[-72.909985,4.356139],[-72.910602,4.35644],[-72.911675,4.3578],[-72.911754,4.3584],[-72.911474,4.358819],[-72.912329,4.35962],[-72.912567,4.36028],[-72.912487,4.360779],[-72.912566,4.360999],[-72.913183,4.36122],[-72.912904,4.36156],[-72.912764,4.361819]]]}},{"type":"Feature","properties":{"cod_bp":"B.334-P.15","bloque":334,"tono":3,"ha":14.0},"geometry":{"type":"Polygon","coordinates":[[[-72.900006,4.396976],[-72.899966,4.396996],[-72.899946,4.396916],[-72.899847,4.396616],[-72.899788,4.396296],[-72.899768,4.396136],[-72.899768,4.395857],[-72.899729,4.395557],[-72.899554,4.393018],[-72.899321,4.389101],[-72.899321,4.388921],[-72.899401,4.388761],[-72.899501,4.388721],[-72.8996,4.388701],[-72.899979,4.388702],[-72.901094,4.388684],[-72.901083,4.395259],[-72.900525,4.395878],[-72.900286,4.396157],[-72.899966,4.396556],[-72.899946,4.396596],[-72.899946,4.396636],[-72.899966,4.396656],[-72.900006,4.396756],[-72.900006,4.396976]]]}},{"type":"Feature","properties":{"cod_bp":"B.334-P.2","bloque":334,"tono":3,"ha":20.4},"geometry":{"type":"Polygon","coordinates":[[[-72.898565,4.38866],[-72.898595,4.38868],[-72.893029,4.388672],[-72.892877,4.383955],[-72.893096,4.383996],[-72.893176,4.384055],[-72.893415,4.384096],[-72.894191,4.384097],[-72.89445,4.383957],[-72.89447,4.383997],[-72.895921,4.385638],[-72.897114,4.386999],[-72.898207,4.38826],[-72.898505,4.3886],[-72.898565,4.38866]]]}},{"type":"Feature","properties":{"cod_bp":"B.334-P.3","bloque":334,"tono":3,"ha":10.1},"geometry":{"type":"Polygon","coordinates":[[[-72.894673,4.381699],[-72.894532,4.382998],[-72.894451,4.383838],[-72.89445,4.383957],[-72.894191,4.384097],[-72.893415,4.384096],[-72.893176,4.384055],[-72.893096,4.383996],[-72.892877,4.383955],[-72.892744,4.380038],[-72.892804,4.379638],[-72.893143,4.379619],[-72.894887,4.379621],[-72.894673,4.381699]]]}},{"type":"Feature","properties":{"cod_bp":"B.334-P.4","bloque":334,"tono":3,"ha":12.1},"geometry":{"type":"Polygon","coordinates":[[[-72.894916,4.379341],[-72.894887,4.379621],[-72.893143,4.379619],[-72.893145,4.378459],[-72.893025,4.378399],[-72.892966,4.378519],[-72.892826,4.378559],[-72.892812,4.375141],[-72.89534,4.375145],[-72.894916,4.379341]]]}},{"type":"Feature","properties":{"cod_bp":"B.334-P.5","bloque":334,"tono":3,"ha":16.8},"geometry":{"type":"Polygon","coordinates":[[[-72.89534,4.375145],[-72.892513,4.375141],[-72.892515,4.373862],[-72.892675,4.373103],[-72.892954,4.372943],[-72.892955,4.372743],[-72.892796,4.372543],[-72.892338,4.372103],[-72.89234,4.370844],[-72.892221,4.370664],[-72.895746,4.370669],[-72.895765,4.370849],[-72.895603,4.372807],[-72.895583,4.372927],[-72.89534,4.375145]]]}},{"type":"Feature","properties":{"cod_bp":"B.334-P.6","bloque":334,"tono":3,"ha":19.9},"geometry":{"type":"Polygon","coordinates":[[[-72.895746,4.370669],[-72.892221,4.370664],[-72.892142,4.370344],[-72.892063,4.370104],[-72.891964,4.369584],[-72.891905,4.369204],[-72.891826,4.368964],[-72.89183,4.366466],[-72.89173,4.366386],[-72.89173,4.366226],[-72.895354,4.366231],[-72.895726,4.370569],[-72.895746,4.370669]]]}},{"type":"Feature","properties":{"cod_bp":"B.334-P.7","bloque":334,"tono":3,"ha":16.0},"geometry":{"type":"Polygon","coordinates":[[[-72.895354,4.366231],[-72.891571,4.366226],[-72.891173,4.366085],[-72.890556,4.365825],[-72.890397,4.365645],[-72.890398,4.365085],[-72.890338,4.365025],[-72.890339,4.364765],[-72.895022,4.362273],[-72.895179,4.363973],[-72.895354,4.366231]]]}},{"type":"Feature","properties":{"cod_bp":"B.334-P.8","bloque":334,"tono":3,"ha":20.9},"geometry":{"type":"Polygon","coordinates":[[[-72.895117,4.377883],[-72.895057,4.377903],[-72.89534,4.375145],[-72.895583,4.372927],[-72.897016,4.372929],[-72.897036,4.372969],[-72.897076,4.372929],[-72.899923,4.372933],[-72.899903,4.373093],[-72.899883,4.373413],[-72.899883,4.373572],[-72.899862,4.373772],[-72.899862,4.374192],[-72.899802,4.374452],[-72.899742,4.374532],[-72.899642,4.374731],[-72.899502,4.374931],[-72.899423,4.375011],[-72.899363,4.375091],[-72.899263,4.375171],[-72.899084,4.37529],[-72.898964,4.37541],[-72.898784,4.375629],[-72.898665,4.375829],[-72.898485,4.376029],[-72.898445,4.376089],[-72.898425,4.376189],[-72.898445,4.376328],[-72.898444,4.376708],[-72.898464,4.376768],[-72.898524,4.376848],[-72.898404,4.376908],[-72.897846,4.377147],[-72.897766,4.377187],[-72.897707,4.377207],[-72.897627,4.377207],[-72.897029,4.377326],[-72.895715,4.377564],[-72.895516,4.377583],[-72.895277,4.377623],[-72.895237,4.377663],[-72.895197,4.377723],[-72.895177,4.377843],[-72.895157,4.377863],[-72.895117,4.377883]]]}},{"type":"Feature","properties":{"cod_bp":"B.334-P.9","bloque":334,"tono":3,"ha":29.9},"geometry":{"type":"Polygon","coordinates":[[[-72.899963,4.372813],[-72.899944,4.372893],[-72.899923,4.372933],[-72.897076,4.372929],[-72.897036,4.372969],[-72.897016,4.372929],[-72.895583,4.372927],[-72.895603,4.372807],[-72.895765,4.370849],[-72.895746,4.370669],[-72.895726,4.370569],[-72.89555,4.36847],[-72.902539,4.36846],[-72.90236,4.3686],[-72.90218,4.368719],[-72.90214,4.368739],[-72.90212,4.368759],[-72.90212,4.368819],[-72.90214,4.368939],[-72.902219,4.369299],[-72.902219,4.369359],[-72.902199,4.369379],[-72.902119,4.369419],[-72.90196,4.369478],[-72.901561,4.369738],[-72.901521,4.369797],[-72.901402,4.369917],[-72.901342,4.370057],[-72.901282,4.370157],[-72.901262,4.370297],[-72.901222,4.370477],[-72.901082,4.370676],[-72.900962,4.370796],[-72.900922,4.370916],[-72.900922,4.371036],[-72.900902,4.371056],[-72.900882,4.371096],[-72.900663,4.371395],[-72.900483,4.371735],[-72.900363,4.372034],[-72.900283,4.372334],[-72.900283,4.372374],[-72.900263,4.372394],[-72.900243,4.372434],[-72.900163,4.372494],[-72.900123,4.372554],[-72.900083,4.372593],[-72.900024,4.372693],[-72.899963,4.372813]]]}},{"type":"Feature","properties":{"cod_bp":"B.335-P.1","bloque":335,"tono":2,"ha":20.4},"geometry":{"type":"Polygon","coordinates":[[[-72.934949,4.438338],[-72.943014,4.438269],[-72.943848,4.439909],[-72.943688,4.439969],[-72.942533,4.440107],[-72.942095,4.440147],[-72.941955,4.440626],[-72.941855,4.441066],[-72.941775,4.441146],[-72.941775,4.441205],[-72.941695,4.441285],[-72.941695,4.441345],[-72.941615,4.441405],[-72.941615,4.441505],[-72.941535,4.441645],[-72.941395,4.441984],[-72.940799,4.441644],[-72.940003,4.441203],[-72.939465,4.440922],[-72.938948,4.440622],[-72.938405,4.440341],[-72.937655,4.43992],[-72.937336,4.43976],[-72.936779,4.439439],[-72.936143,4.439099],[-72.935685,4.438838],[-72.934949,4.438338]]]}},{"type":"Feature","properties":{"cod_bp":"B.335-P.2","bloque":335,"tono":2,"ha":45.0},"geometry":{"type":"Polygon","coordinates":[[[-72.931052,4.434575],[-72.941088,4.434489],[-72.943014,4.438269],[-72.934949,4.438338],[-72.93469,4.438177],[-72.934213,4.437837],[-72.932681,4.436795],[-72.931886,4.436195],[-72.931806,4.436155],[-72.930613,4.435154],[-72.931032,4.434615],[-72.931052,4.434575]]]}},{"type":"Feature","properties":{"cod_bp":"B.335-P.3","bloque":335,"tono":2,"ha":37.7},"geometry":{"type":"Polygon","coordinates":[[[-72.931914,4.430699],[-72.939083,4.430629],[-72.939142,4.430709],[-72.939976,4.432329],[-72.940552,4.433429],[-72.941009,4.434369],[-72.941088,4.434489],[-72.931052,4.434575],[-72.932268,4.433557],[-72.932706,4.433278],[-72.932767,4.432838],[-72.93223,4.432078],[-72.93227,4.432018],[-72.932171,4.431598],[-72.931914,4.430699]]]}},{"type":"Feature","properties":{"cod_bp":"B.335-P.4","bloque":335,"tono":2,"ha":33.0},"geometry":{"type":"Polygon","coordinates":[[[-72.930446,4.426819],[-72.937097,4.426749],[-72.937296,4.427149],[-72.938428,4.429329],[-72.938825,4.430129],[-72.939083,4.430629],[-72.931914,4.430699],[-72.930446,4.426819]]]}},{"type":"Feature","properties":{"cod_bp":"B.335-P.5","bloque":335,"tono":2,"ha":21.2},"geometry":{"type":"Polygon","coordinates":[[[-72.93535,4.423289],[-72.93541,4.423269],[-72.935569,4.423689],[-72.935886,4.424309],[-72.936343,4.425229],[-72.936839,4.426189],[-72.937097,4.426749],[-72.930446,4.426819],[-72.929792,4.425059],[-72.930609,4.424761],[-72.930768,4.424681],[-72.930848,4.424701],[-72.931067,4.424582],[-72.931146,4.424622],[-72.931465,4.424442],[-72.931545,4.424502],[-72.931625,4.424462],[-72.931684,4.424403],[-72.931744,4.424383],[-72.931764,4.424363],[-72.931923,4.424363],[-72.932302,4.424204],[-72.932422,4.424184],[-72.932481,4.424184],[-72.9328,4.424064],[-72.933218,4.423945],[-72.933677,4.423786],[-72.934095,4.423667],[-72.934713,4.423468],[-72.93535,4.423289]]]}},{"type":"Feature","properties":{"cod_bp":"B.335-P.6","bloque":335,"tono":2,"ha":8.1},"geometry":{"type":"Polygon","coordinates":[[[-72.942191,4.442445],[-72.941395,4.441984],[-72.941535,4.441645],[-72.941615,4.441505],[-72.941615,4.441405],[-72.941695,4.441345],[-72.941695,4.441285],[-72.941775,4.441205],[-72.941775,4.441146],[-72.941855,4.441066],[-72.941955,4.440626],[-72.942095,4.440147],[-72.942533,4.440107],[-72.943688,4.439969],[-72.943848,4.439909],[-72.943927,4.440049],[-72.944066,4.440329],[-72.944103,4.442208],[-72.944141,4.443447],[-72.944123,4.443538],[-72.943902,4.443487],[-72.942589,4.442706],[-72.942191,4.442445]]]}},{"type":"Feature","properties":{"cod_bp":"B.336-P.1","bloque":336,"tono":2,"ha":16.1},"geometry":{"type":"Polygon","coordinates":[[[-72.916396,4.445824],[-72.915322,4.446504],[-72.914904,4.446003],[-72.914626,4.445483],[-72.914209,4.444863],[-72.914189,4.444743],[-72.913951,4.444383],[-72.913314,4.443982],[-72.912777,4.444022],[-72.912538,4.443861],[-72.912418,4.443761],[-72.913674,4.443004],[-72.913714,4.443024],[-72.916425,4.441429],[-72.916569,4.441805],[-72.916563,4.441809],[-72.91704,4.443028],[-72.917813,4.444928],[-72.917793,4.444928],[-72.917754,4.444948],[-72.916396,4.445824]]]}},{"type":"Feature","properties":{"cod_bp":"B.336-P.10","bloque":336,"tono":2,"ha":28.7},"geometry":{"type":"Polygon","coordinates":[[[-72.913597,4.415323],[-72.913657,4.415323],[-72.913577,4.415762],[-72.913596,4.415843],[-72.913616,4.415883],[-72.913656,4.415942],[-72.914054,4.416343],[-72.914491,4.416683],[-72.91451,4.417363],[-72.909428,4.420353],[-72.909348,4.420393],[-72.909348,4.420233],[-72.908971,4.419613],[-72.908434,4.418853],[-72.908215,4.418992],[-72.907936,4.419052],[-72.907857,4.419052],[-72.907857,4.418612],[-72.907839,4.417653],[-72.907839,4.417355],[-72.909337,4.414777],[-72.909914,4.414878],[-72.91085,4.415019],[-72.911268,4.41506],[-72.912781,4.415242],[-72.913597,4.415323]]]}},{"type":"Feature","properties":{"cod_bp":"B.336-P.11","bloque":336,"tono":2,"ha":24.3},"geometry":{"type":"Polygon","coordinates":[[[-72.919789,4.416171],[-72.920008,4.416211],[-72.920028,4.416351],[-72.920344,4.418051],[-72.914524,4.4215],[-72.914544,4.42112],[-72.914604,4.42088],[-72.915982,4.418744],[-72.916161,4.418424],[-72.916201,4.418324],[-72.916221,4.418225],[-72.916202,4.418105],[-72.916162,4.418025],[-72.916102,4.417965],[-72.914889,4.416983],[-72.914054,4.416343],[-72.913656,4.415942],[-72.913596,4.415843],[-72.913577,4.415762],[-72.913657,4.415323],[-72.914374,4.415404],[-72.914931,4.415485],[-72.915847,4.415586],[-72.916265,4.415647],[-72.917201,4.415748],[-72.917818,4.415829],[-72.918853,4.41595],[-72.919331,4.416051],[-72.919789,4.416171]]]}},{"type":"Feature","properties":{"cod_bp":"B.336-P.12","bloque":336,"tono":2,"ha":21.0},"geometry":{"type":"Polygon","coordinates":[[[-72.920344,4.418051],[-72.920759,4.42023],[-72.920653,4.420276],[-72.92042,4.420349],[-72.917789,4.421525],[-72.917803,4.421538],[-72.909958,4.425011],[-72.909938,4.425011],[-72.909322,4.42459],[-72.920344,4.418051]]]}},{"type":"Feature","properties":{"cod_bp":"B.336-P.13","bloque":336,"tono":2,"ha":22.4},"geometry":{"type":"Polygon","coordinates":[[[-72.906508,4.428244],[-72.905375,4.426923],[-72.909322,4.42459],[-72.909938,4.425011],[-72.909958,4.425011],[-72.912604,4.426793],[-72.907741,4.429664],[-72.906508,4.428244]]]}},{"type":"Feature","properties":{"cod_bp":"B.336-P.14","bloque":336,"tono":2,"ha":27.2},"geometry":{"type":"Polygon","coordinates":[[[-72.908933,4.431085],[-72.907741,4.429664],[-72.912604,4.426793],[-72.915866,4.429036],[-72.915846,4.429056],[-72.910226,4.432366],[-72.910106,4.432446],[-72.908933,4.431085]]]}},{"type":"Feature","properties":{"cod_bp":"B.336-P.15","bloque":336,"tono":2,"ha":14.3},"geometry":{"type":"Polygon","coordinates":[[[-72.915413,4.438709],[-72.915374,4.438649],[-72.914678,4.437849],[-72.913823,4.436808],[-72.912531,4.435327],[-72.912471,4.435227],[-72.91592,4.433214],[-72.915936,4.435392],[-72.915976,4.435512],[-72.915976,4.435692],[-72.915995,4.436212],[-72.916054,4.436292],[-72.916114,4.436492],[-72.916193,4.436652],[-72.916332,4.436812],[-72.916551,4.436992],[-72.91655,4.437472],[-72.916371,4.437691],[-72.91637,4.438211],[-72.91629,4.438291],[-72.916171,4.43837],[-72.91613,4.43857],[-72.915991,4.43875],[-72.915811,4.439069],[-72.915791,4.439209],[-72.915631,4.439289],[-72.915413,4.438709]]]}},{"type":"Feature","properties":{"cod_bp":"B.336-P.16","bloque":336,"tono":2,"ha":6.9},"geometry":{"type":"Polygon","coordinates":[[[-72.917269,4.436593],[-72.917169,4.436573],[-72.91701,4.436433],[-72.916771,4.436193],[-72.916772,4.435553],[-72.917967,4.435475],[-72.918166,4.435355],[-72.918168,4.434536],[-72.918228,4.434436],[-72.918229,4.433737],[-72.91799,4.433576],[-72.917751,4.433356],[-72.917672,4.433216],[-72.917674,4.432177],[-72.918072,4.431958],[-72.918152,4.432078],[-72.918168,4.432072],[-72.918727,4.432907],[-72.918708,4.432918],[-72.919761,4.434498],[-72.919841,4.435089],[-72.917269,4.436593]]]}},{"type":"Feature","properties":{"cod_bp":"B.336-P.17","bloque":336,"tono":2,"ha":14.9},"geometry":{"type":"Polygon","coordinates":[[[-72.916747,4.442269],[-72.916569,4.441805],[-72.916723,4.441709],[-72.916842,4.441849],[-72.91708,4.442249],[-72.917399,4.442389],[-72.917558,4.44243],[-72.917638,4.44235],[-72.917658,4.44213],[-72.917639,4.44185],[-72.917838,4.44181],[-72.918057,4.441511],[-72.918317,4.441332],[-72.918317,4.440972],[-72.918138,4.440931],[-72.918019,4.440851],[-72.918019,4.440691],[-72.918199,4.440432],[-72.918318,4.440392],[-72.918398,4.440312],[-72.918339,4.439992],[-72.9182,4.439712],[-72.918041,4.439472],[-72.917981,4.439312],[-72.918101,4.439313],[-72.9183,4.439393],[-72.91834,4.439233],[-72.91824,4.439013],[-72.918141,4.438853],[-72.918082,4.438573],[-72.918102,4.438313],[-72.918342,4.438034],[-72.9187,4.437835],[-72.91892,4.437595],[-72.91894,4.437295],[-72.918562,4.437035],[-72.918025,4.436914],[-72.917706,4.436734],[-72.917687,4.436494],[-72.917687,4.436354],[-72.919841,4.435089],[-72.919958,4.435958],[-72.920331,4.43849],[-72.919874,4.438776],[-72.91991,4.441354],[-72.917059,4.443048],[-72.916747,4.442269]]]}},{"type":"Feature","properties":{"cod_bp":"B.336-P.18","bloque":336,"tono":2,"ha":23.0},"geometry":{"type":"Polygon","coordinates":[[[-72.920292,4.438516],[-72.920331,4.43849],[-72.920332,4.438496],[-72.922065,4.438219],[-72.922244,4.438199],[-72.922424,4.43816],[-72.922404,4.43818],[-72.922423,4.43824],[-72.922443,4.43828],[-72.922483,4.43832],[-72.922543,4.43836],[-72.922821,4.43846],[-72.922901,4.4385],[-72.922941,4.43854],[-72.92312,4.43876],[-72.92312,4.4388],[-72.923139,4.43888],[-72.923139,4.43892],[-72.92292,4.43914],[-72.922621,4.439339],[-72.922621,4.439359],[-72.922601,4.439379],[-72.922601,4.439439],[-72.922621,4.439459],[-72.922621,4.439479],[-72.922641,4.439479],[-72.92284,4.439599],[-72.92284,4.439619],[-72.92286,4.439619],[-72.922859,4.439659],[-72.922799,4.440019],[-72.922799,4.440059],[-72.922918,4.440439],[-72.922938,4.440459],[-72.922938,4.440479],[-72.922978,4.440479],[-72.922978,4.440499],[-72.922998,4.440499],[-72.923335,4.441039],[-72.923375,4.441119],[-72.923435,4.441179],[-72.923474,4.441339],[-72.923396,4.441387],[-72.923395,4.441379],[-72.923207,4.441504],[-72.922537,4.441917],[-72.919587,4.443792],[-72.919567,4.443791],[-72.917813,4.444928],[-72.917059,4.443048],[-72.91991,4.441354],[-72.919874,4.438776],[-72.920292,4.438516]]]}},{"type":"Feature","properties":{"cod_bp":"B.336-P.19","bloque":336,"tono":2,"ha":5.0},"geometry":{"type":"Polygon","coordinates":[[[-72.925212,4.437724],[-72.92573,4.437645],[-72.926267,4.437885],[-72.926367,4.437965],[-72.926645,4.438226],[-72.926944,4.438266],[-72.927163,4.438326],[-72.927203,4.438306],[-72.927243,4.438307],[-72.927282,4.438326],[-72.927282,4.438366],[-72.927302,4.438486],[-72.927282,4.438826],[-72.927281,4.438946],[-72.92463,4.440621],[-72.924571,4.440241],[-72.924671,4.440101],[-72.924771,4.440022],[-72.924791,4.439442],[-72.924831,4.439342],[-72.924931,4.439222],[-72.925011,4.439103],[-72.925091,4.438963],[-72.92523,4.438803],[-72.92527,4.438703],[-72.925271,4.438484],[-72.925211,4.438403],[-72.925112,4.438323],[-72.925112,4.438064],[-72.925212,4.437724]]]}},{"type":"Feature","properties":{"cod_bp":"B.336-P.2","bloque":336,"tono":2,"ha":25.4},"geometry":{"type":"Polygon","coordinates":[[[-72.913674,4.443004],[-72.912418,4.443761],[-72.911901,4.443261],[-72.911424,4.442601],[-72.911325,4.442381],[-72.910967,4.44214],[-72.910668,4.44216],[-72.910091,4.442099],[-72.909415,4.441199],[-72.909595,4.441099],[-72.914817,4.438009],[-72.915374,4.438649],[-72.915413,4.438709],[-72.916286,4.441089],[-72.916425,4.441429],[-72.913714,4.443024],[-72.913674,4.443004]]]}},{"type":"Feature","properties":{"cod_bp":"B.336-P.20","bloque":336,"tono":2,"ha":29.6},"geometry":{"type":"Polygon","coordinates":[[[-72.912471,4.435227],[-72.910106,4.432446],[-72.910226,4.432366],[-72.915846,4.429056],[-72.915866,4.429036],[-72.916383,4.429397],[-72.916665,4.429816],[-72.91692,4.430237],[-72.918068,4.431952],[-72.917674,4.432177],[-72.91592,4.433214],[-72.912471,4.435227]]]}},{"type":"Feature","properties":{"cod_bp":"B.336-P.3","bloque":336,"tono":2,"ha":26.9},"geometry":{"type":"Polygon","coordinates":[[[-72.909595,4.441099],[-72.909415,4.441199],[-72.907508,4.438638],[-72.907289,4.438358],[-72.910378,4.436523],[-72.910398,4.436463],[-72.912471,4.435227],[-72.912531,4.435327],[-72.913823,4.436808],[-72.914678,4.437849],[-72.914817,4.438009],[-72.909595,4.441099]]]}},{"type":"Feature","properties":{"cod_bp":"B.336-P.4","bloque":336,"tono":2,"ha":25.4},"geometry":{"type":"Polygon","coordinates":[[[-72.910378,4.436523],[-72.907289,4.438358],[-72.906335,4.437077],[-72.906336,4.436737],[-72.906276,4.436657],[-72.906276,4.436477],[-72.906197,4.436417],[-72.906177,4.436257],[-72.906117,4.436217],[-72.906118,4.435618],[-72.905621,4.435377],[-72.905621,4.435117],[-72.910106,4.432446],[-72.912471,4.435227],[-72.910398,4.436463],[-72.910378,4.436523]]]}},{"type":"Feature","properties":{"cod_bp":"B.336-P.5","bloque":336,"tono":2,"ha":29.8},"geometry":{"type":"Polygon","coordinates":[[[-72.905621,4.435117],[-72.905621,4.435377],[-72.905123,4.435656],[-72.904864,4.435816],[-72.904844,4.435456],[-72.904406,4.435316],[-72.903888,4.435415],[-72.903708,4.435854],[-72.903329,4.436453],[-72.90313,4.436613],[-72.902871,4.436612],[-72.902752,4.436253],[-72.902753,4.435773],[-72.903012,4.435454],[-72.903252,4.435014],[-72.903233,4.434455],[-72.903313,4.434375],[-72.903313,4.433855],[-72.903135,4.433475],[-72.902717,4.433075],[-72.902618,4.432895],[-72.902598,4.432715],[-72.907661,4.429724],[-72.907741,4.429664],[-72.909251,4.431465],[-72.910106,4.432446],[-72.905621,4.435117]]]}},{"type":"Feature","properties":{"cod_bp":"B.336-P.6","bloque":336,"tono":2,"ha":20.6},"geometry":{"type":"Polygon","coordinates":[[[-72.907661,4.429724],[-72.902598,4.432715],[-72.902399,4.432615],[-72.902181,4.432254],[-72.902181,4.431935],[-72.902242,4.431175],[-72.902641,4.430596],[-72.902801,4.430517],[-72.902782,4.429577],[-72.902703,4.429497],[-72.902724,4.428978],[-72.902644,4.428858],[-72.902565,4.428578],[-72.905375,4.426923],[-72.906508,4.428244],[-72.907741,4.429664],[-72.907661,4.429724]]]}},{"type":"Feature","properties":{"cod_bp":"B.336-P.7","bloque":336,"tono":2,"ha":8.7},"geometry":{"type":"Polygon","coordinates":[[[-72.905375,4.426923],[-72.902565,4.428578],[-72.902426,4.428418],[-72.902427,4.427878],[-72.902965,4.427279],[-72.902965,4.427099],[-72.902846,4.426999],[-72.902767,4.426759],[-72.902787,4.42636],[-72.902708,4.426339],[-72.902609,4.42608],[-72.903846,4.424023],[-72.903926,4.424023],[-72.904424,4.424203],[-72.904503,4.424244],[-72.904583,4.424323],[-72.904583,4.424404],[-72.904701,4.425183],[-72.904819,4.425763],[-72.904918,4.426303],[-72.904998,4.426463],[-72.905117,4.426623],[-72.905375,4.426923]]]}},{"type":"Feature","properties":{"cod_bp":"B.336-P.8","bloque":336,"tono":2,"ha":27.9},"geometry":{"type":"Polygon","coordinates":[[[-72.905683,4.421067],[-72.907839,4.417355],[-72.907839,4.417653],[-72.907857,4.418612],[-72.907856,4.419412],[-72.907876,4.419452],[-72.907876,4.419472],[-72.907916,4.419512],[-72.907935,4.419572],[-72.908154,4.419852],[-72.908194,4.419892],[-72.908214,4.419932],[-72.908214,4.419972],[-72.908233,4.420012],[-72.908208,4.423789],[-72.908228,4.423829],[-72.908267,4.423869],[-72.908307,4.423889],[-72.909322,4.42459],[-72.905375,4.426923],[-72.905117,4.426623],[-72.904998,4.426463],[-72.904918,4.426303],[-72.904819,4.425763],[-72.904701,4.425183],[-72.904583,4.424404],[-72.904583,4.424323],[-72.904405,4.423164],[-72.905683,4.421067]]]}},{"type":"Feature","properties":{"cod_bp":"B.336-P.9","bloque":336,"tono":2,"ha":38.2},"geometry":{"type":"Polygon","coordinates":[[[-72.907856,4.419412],[-72.907857,4.419052],[-72.907936,4.419052],[-72.908215,4.418992],[-72.908434,4.418853],[-72.908971,4.419613],[-72.909348,4.420233],[-72.909348,4.420393],[-72.909428,4.420353],[-72.91451,4.417363],[-72.914491,4.416683],[-72.914889,4.416983],[-72.916102,4.417965],[-72.916162,4.418025],[-72.916202,4.418105],[-72.916221,4.418225],[-72.916201,4.418324],[-72.916161,4.418424],[-72.915982,4.418744],[-72.914604,4.42088],[-72.914544,4.42112],[-72.914524,4.4215],[-72.909322,4.42459],[-72.908307,4.423889],[-72.908267,4.423869],[-72.908228,4.423829],[-72.908208,4.423789],[-72.908233,4.420012],[-72.908214,4.419972],[-72.908214,4.419932],[-72.908194,4.419892],[-72.908154,4.419852],[-72.907935,4.419572],[-72.907916,4.419512],[-72.907876,4.419472],[-72.907876,4.419452],[-72.907856,4.419412]]]}},{"type":"Feature","properties":{"cod_bp":"B.337-P.1","bloque":337,"tono":2,"ha":46.0},"geometry":{"type":"Polygon","coordinates":[[[-72.937144,4.408841],[-72.937237,4.409312],[-72.937203,4.409381],[-72.937163,4.409421],[-72.937104,4.409441],[-72.934393,4.410836],[-72.933835,4.411135],[-72.932048,4.407895],[-72.931651,4.407134],[-72.93036,4.404774],[-72.935841,4.401425],[-72.935841,4.401584],[-72.935939,4.402684],[-72.936017,4.403443],[-72.936077,4.403763],[-72.936591,4.405922],[-72.936729,4.406742],[-72.936907,4.407602],[-72.937026,4.408261],[-72.937144,4.408841]]]}},{"type":"Feature","properties":{"cod_bp":"B.337-P.10","bloque":337,"tono":2,"ha":22.5},"geometry":{"type":"Polygon","coordinates":[[[-72.956559,4.408829],[-72.956737,4.409529],[-72.956974,4.410788],[-72.95731,4.412648],[-72.956314,4.413146],[-72.95325,4.411323],[-72.953295,4.407965],[-72.953411,4.4079],[-72.953454,4.407885],[-72.953972,4.407586],[-72.95463,4.407227],[-72.954809,4.407108],[-72.955407,4.406769],[-72.955965,4.40647],[-72.956224,4.40631],[-72.956404,4.406211],[-72.956384,4.406291],[-72.956244,4.40657],[-72.956224,4.40669],[-72.956224,4.40681],[-72.956204,4.40689],[-72.956203,4.40711],[-72.956223,4.40727],[-72.956421,4.408149],[-72.956559,4.408829]]]}},{"type":"Feature","properties":{"cod_bp":"B.337-P.11","bloque":337,"tono":2,"ha":16.2},"geometry":{"type":"Polygon","coordinates":[[[-72.945903,4.410773],[-72.945943,4.410753],[-72.945943,4.410713],[-72.945843,4.410692],[-72.945664,4.410572],[-72.945346,4.410452],[-72.945107,4.410312],[-72.944809,4.410111],[-72.94459,4.409991],[-72.944311,4.409911],[-72.944112,4.409791],[-72.944033,4.409571],[-72.943993,4.409431],[-72.944033,4.409291],[-72.944053,4.409171],[-72.944054,4.409051],[-72.944014,4.408771],[-72.944034,4.408571],[-72.943995,4.408331],[-72.943955,4.408192],[-72.943956,4.408032],[-72.944016,4.407752],[-72.944175,4.407572],[-72.944275,4.407472],[-72.944315,4.407393],[-72.944375,4.407193],[-72.944495,4.407133],[-72.944634,4.407193],[-72.944714,4.407173],[-72.944873,4.407233],[-72.944952,4.407214],[-72.945231,4.407374],[-72.945251,4.407414],[-72.94531,4.407494],[-72.94537,4.407494],[-72.94543,4.407474],[-72.945589,4.407554],[-72.945649,4.407534],[-72.945868,4.407615],[-72.945967,4.407615],[-72.946345,4.407835],[-72.946445,4.407875],[-72.946524,4.407955],[-72.946684,4.408016],[-72.947002,4.408216],[-72.947141,4.408276],[-72.947221,4.408256],[-72.947539,4.408436],[-72.947818,4.408577],[-72.947917,4.408577],[-72.948455,4.408877],[-72.948454,4.408957],[-72.948872,4.409198],[-72.948912,4.409258],[-72.949091,4.409478],[-72.949131,4.409538],[-72.94915,4.409618],[-72.94929,4.409698],[-72.949309,4.409778],[-72.949349,4.409838],[-72.949389,4.409918],[-72.949409,4.409978],[-72.949269,4.410058],[-72.94903,4.410177],[-72.948731,4.410357],[-72.948512,4.410476],[-72.947575,4.411035],[-72.947376,4.411134],[-72.947057,4.411334],[-72.946937,4.411393],[-72.946898,4.411353],[-72.946301,4.411013],[-72.945903,4.410773]]]}},{"type":"Feature","properties":{"cod_bp":"B.337-P.12","bloque":337,"tono":2,"ha":25.3},"geometry":{"type":"Polygon","coordinates":[[[-72.944028,4.413088],[-72.943552,4.411588],[-72.943733,4.410669],[-72.943892,4.41065],[-72.944051,4.41069],[-72.94427,4.41079],[-72.944429,4.41069],[-72.944649,4.410651],[-72.944808,4.410631],[-72.945007,4.410671],[-72.945226,4.410731],[-72.945345,4.410872],[-72.945425,4.410912],[-72.945544,4.410852],[-72.945704,4.410852],[-72.945843,4.410812],[-72.945903,4.410773],[-72.946301,4.411013],[-72.946898,4.411353],[-72.946937,4.411393],[-72.947057,4.411334],[-72.947376,4.411134],[-72.947575,4.411035],[-72.948512,4.410476],[-72.948731,4.410357],[-72.94903,4.410177],[-72.949269,4.410058],[-72.949409,4.409978],[-72.949409,4.410038],[-72.949448,4.410118],[-72.949528,4.410218],[-72.949547,4.410378],[-72.949607,4.410418],[-72.949627,4.410598],[-72.949667,4.410658],[-72.949686,4.410738],[-72.949726,4.410758],[-72.949766,4.410798],[-72.949786,4.410958],[-72.949845,4.411018],[-72.949865,4.411198],[-72.949905,4.411258],[-72.949905,4.411298],[-72.949885,4.411338],[-72.949885,4.411378],[-72.949924,4.411438],[-72.949924,4.411598],[-72.950004,4.411638],[-72.950083,4.411818],[-72.950103,4.411998],[-72.950103,4.412078],[-72.950142,4.412098],[-72.950182,4.412198],[-72.950242,4.412258],[-72.950242,4.412338],[-72.950301,4.412378],[-72.950321,4.412418],[-72.950281,4.412418],[-72.950241,4.412438],[-72.950182,4.412438],[-72.950162,4.412497],[-72.950142,4.412597],[-72.950102,4.412657],[-72.950082,4.412757],[-72.950022,4.412817],[-72.950001,4.413157],[-72.949842,4.413396],[-72.949782,4.413536],[-72.949622,4.413656],[-72.949602,4.413736],[-72.949562,4.413816],[-72.949542,4.413956],[-72.949442,4.414115],[-72.949303,4.414195],[-72.949223,4.414255],[-72.949064,4.414354],[-72.948964,4.414374],[-72.948844,4.414494],[-72.948844,4.414634],[-72.948784,4.414714],[-72.948764,4.414854],[-72.948664,4.415033],[-72.948605,4.415073],[-72.948605,4.415113],[-72.947941,4.414741],[-72.947868,4.414693],[-72.947749,4.414632],[-72.946117,4.413711],[-72.946106,4.413715],[-72.946098,4.413711],[-72.945759,4.41385],[-72.94544,4.41395],[-72.945082,4.413729],[-72.944823,4.413609],[-72.944406,4.413429],[-72.944127,4.413288],[-72.944028,4.413088]]]}},{"type":"Feature","properties":{"cod_bp":"B.337-P.13","bloque":337,"tono":2,"ha":14.1},"geometry":{"type":"Polygon","coordinates":[[[-72.943928,4.413148],[-72.944028,4.413088],[-72.944127,4.413288],[-72.944406,4.413429],[-72.944823,4.413609],[-72.945082,4.413729],[-72.94544,4.41395],[-72.945759,4.41385],[-72.946106,4.413715],[-72.946933,4.414172],[-72.947862,4.414697],[-72.942527,4.417823],[-72.942527,4.417743],[-72.942488,4.417563],[-72.942448,4.417523],[-72.942348,4.417463],[-72.942329,4.417343],[-72.942727,4.417064],[-72.942648,4.416963],[-72.942628,4.416863],[-72.942708,4.416764],[-72.942708,4.416364],[-72.942768,4.416144],[-72.942848,4.415965],[-72.943267,4.415745],[-72.943307,4.415665],[-72.943287,4.415286],[-72.943427,4.415026],[-72.943447,4.414906],[-72.943408,4.414586],[-72.943348,4.414446],[-72.943229,4.414346],[-72.94317,4.414186],[-72.94309,4.414006],[-72.943051,4.413886],[-72.943011,4.413726],[-72.942912,4.413626],[-72.942832,4.413526],[-72.942833,4.413226],[-72.942753,4.413066],[-72.942972,4.413067],[-72.94323,4.413567],[-72.94333,4.413487],[-72.943489,4.413407],[-72.943828,4.413188],[-72.943928,4.413148]]]}},{"type":"Feature","properties":{"cod_bp":"B.337-P.14","bloque":337,"tono":2,"ha":28.7},"geometry":{"type":"Polygon","coordinates":[[[-72.946188,4.419907],[-72.943736,4.421322],[-72.943657,4.421262],[-72.943259,4.421062],[-72.943219,4.421022],[-72.943001,4.420622],[-72.942822,4.420341],[-72.942365,4.419561],[-72.942266,4.419361],[-72.942246,4.419301],[-72.942326,4.419221],[-72.942326,4.419042],[-72.942267,4.418942],[-72.942247,4.418702],[-72.942187,4.418622],[-72.942188,4.418422],[-72.942307,4.418242],[-72.942467,4.418102],[-72.942487,4.417923],[-72.942527,4.417823],[-72.947862,4.414697],[-72.948047,4.414813],[-72.948306,4.414953],[-72.948304,4.416532],[-72.948244,4.416692],[-72.948241,4.41871],[-72.947643,4.419069],[-72.946188,4.419907]]]}},{"type":"Feature","properties":{"cod_bp":"B.337-P.15","bloque":337,"tono":2,"ha":26.6},"geometry":{"type":"Polygon","coordinates":[[[-72.951302,4.409041],[-72.951282,4.409041],[-72.951277,4.409051],[-72.951098,4.409126],[-72.951083,4.409121],[-72.951023,4.409141],[-72.950824,4.409241],[-72.950425,4.4094],[-72.950306,4.4094],[-72.950166,4.40926],[-72.950008,4.409],[-72.949729,4.408819],[-72.94951,4.408599],[-72.949451,4.408479],[-72.949232,4.408379],[-72.949033,4.408259],[-72.948774,4.408218],[-72.948595,4.408178],[-72.948515,4.408178],[-72.948277,4.408058],[-72.947501,4.407577],[-72.947362,4.407397],[-72.947242,4.407277],[-72.946944,4.407076],[-72.946765,4.406777],[-72.946606,4.406536],[-72.946388,4.406316],[-72.946209,4.406016],[-72.946209,4.405736],[-72.946369,4.405557],[-72.946548,4.405317],[-72.946827,4.405178],[-72.946887,4.405118],[-72.947007,4.405058],[-72.947007,4.404858],[-72.947167,4.404499],[-72.947466,4.404039],[-72.947726,4.40352],[-72.947806,4.40324],[-72.947846,4.402821],[-72.947867,4.402401],[-72.947947,4.401822],[-72.948208,4.400483],[-72.948248,4.400403],[-72.948368,4.400523],[-72.948427,4.400823],[-72.948526,4.400923],[-72.948506,4.401243],[-72.948545,4.401623],[-72.948683,4.402322],[-72.948782,4.402622],[-72.94904,4.403262],[-72.949239,4.403622],[-72.949438,4.403842],[-72.949537,4.403882],[-72.949535,4.405601],[-72.949574,4.405641],[-72.953374,4.407865],[-72.953394,4.407905],[-72.952478,4.408423],[-72.952059,4.408683],[-72.951641,4.408902],[-72.951541,4.408942],[-72.951441,4.409002],[-72.951302,4.409041]]]}},{"type":"Feature","properties":{"cod_bp":"B.337-P.16","bloque":337,"tono":2,"ha":30.0},"geometry":{"type":"Polygon","coordinates":[[[-72.956463,4.406191],[-72.956404,4.406211],[-72.956224,4.40631],[-72.955965,4.40647],[-72.955407,4.406769],[-72.954809,4.407108],[-72.95463,4.407227],[-72.953394,4.407905],[-72.953374,4.407865],[-72.949574,4.405641],[-72.949535,4.405601],[-72.949537,4.403882],[-72.949677,4.403903],[-72.949956,4.403883],[-72.950175,4.403843],[-72.950493,4.403704],[-72.950972,4.403465],[-72.95123,4.403505],[-72.951748,4.403626],[-72.952067,4.403686],[-72.952445,4.403627],[-72.953402,4.403068],[-72.953601,4.403029],[-72.95388,4.402989],[-72.954178,4.40301],[-72.954517,4.40309],[-72.955114,4.403251],[-72.955452,4.403171],[-72.955731,4.403352],[-72.956069,4.403812],[-72.956307,4.404352],[-72.956506,4.404692],[-72.956744,4.404812],[-72.957003,4.404833],[-72.957122,4.404913],[-72.957142,4.405033],[-72.957122,4.405352],[-72.957181,4.405652],[-72.957201,4.405712],[-72.957201,4.405752],[-72.956683,4.406071],[-72.956463,4.406191]]]}},{"type":"Feature","properties":{"cod_bp":"B.337-P.17","bloque":337,"tono":2,"ha":13.3},"geometry":{"type":"Polygon","coordinates":[[[-72.940086,4.398872],[-72.940046,4.398912],[-72.940007,4.398892],[-72.939887,4.398992],[-72.939827,4.398952],[-72.93917,4.399331],[-72.93915,4.399011],[-72.939131,4.398451],[-72.939151,4.398451],[-72.939191,4.398411],[-72.939251,4.398371],[-72.93951,4.398232],[-72.939729,4.398092],[-72.939869,4.398013],[-72.939948,4.397933],[-72.939968,4.397893],[-72.939911,4.396014],[-72.939853,4.395055],[-72.939797,4.392956],[-72.939758,4.392037],[-72.939739,4.391377],[-72.93972,4.391017],[-72.939939,4.390938],[-72.940019,4.390878],[-72.940118,4.390918],[-72.940417,4.390739],[-72.940417,4.390638],[-72.940537,4.390499],[-72.940796,4.390639],[-72.940796,4.390699],[-72.940815,4.390839],[-72.940795,4.391119],[-72.940735,4.391199],[-72.940735,4.391338],[-72.940655,4.391398],[-72.940654,4.391898],[-72.940535,4.391978],[-72.940515,4.392078],[-72.940495,4.392078],[-72.940096,4.392357],[-72.940076,4.392437],[-72.940076,4.392777],[-72.940095,4.392937],[-72.940155,4.393016],[-72.940234,4.393296],[-72.940294,4.393376],[-72.940313,4.393776],[-72.940373,4.393816],[-72.940432,4.393956],[-72.940532,4.394096],[-72.940551,4.394196],[-72.94087,4.394377],[-72.94093,4.394317],[-72.940969,4.394357],[-72.940989,4.394457],[-72.940969,4.394497],[-72.94085,4.394556],[-72.940829,4.394776],[-72.940829,4.394916],[-72.940909,4.394996],[-72.941008,4.395176],[-72.941068,4.395256],[-72.941067,4.395336],[-72.941266,4.395456],[-72.941386,4.395617],[-72.941505,4.395677],[-72.941505,4.395856],[-72.941644,4.395937],[-72.941664,4.396017],[-72.941743,4.396057],[-72.941803,4.396097],[-72.941802,4.396437],[-72.941942,4.396537],[-72.942061,4.396757],[-72.94224,4.396877],[-72.942359,4.396937],[-72.942519,4.396937],[-72.942698,4.397057],[-72.942737,4.397117],[-72.942817,4.397197],[-72.942896,4.397317],[-72.942936,4.397457],[-72.942976,4.397657],[-72.942397,4.398316],[-72.942298,4.398116],[-72.942119,4.397816],[-72.94204,4.397756],[-72.941641,4.397975],[-72.941442,4.398095],[-72.941302,4.398155],[-72.940744,4.398494],[-72.940086,4.398872]]]}},{"type":"Feature","properties":{"cod_bp":"B.337-P.2","bloque":337,"tono":2,"ha":35.2},"geometry":{"type":"Polygon","coordinates":[[[-72.940237,4.404629],[-72.940237,4.404688],[-72.938266,4.404666],[-72.93697,4.405423],[-72.93697,4.405483],[-72.937407,4.406243],[-72.937467,4.406323],[-72.937506,4.406344],[-72.937725,4.406703],[-72.93904,4.405946],[-72.939319,4.405806],[-72.939318,4.406766],[-72.939477,4.406966],[-72.939636,4.407046],[-72.939635,4.407566],[-72.939455,4.408305],[-72.939315,4.408425],[-72.939315,4.408864],[-72.939394,4.408904],[-72.939394,4.409084],[-72.938358,4.409662],[-72.937441,4.410201],[-72.937401,4.410181],[-72.937401,4.410141],[-72.937237,4.409312],[-72.937243,4.409301],[-72.937026,4.408261],[-72.936907,4.407602],[-72.936729,4.406742],[-72.936591,4.405922],[-72.936077,4.403763],[-72.936017,4.403443],[-72.935939,4.402684],[-72.935841,4.401584],[-72.935841,4.401425],[-72.938432,4.399909],[-72.93893,4.39963],[-72.93913,4.39949],[-72.93917,4.399451],[-72.93917,4.399411],[-72.939189,4.399391],[-72.93919,4.399371],[-72.93917,4.399331],[-72.939827,4.398952],[-72.939887,4.398992],[-72.940007,4.398892],[-72.940046,4.398912],[-72.940104,4.400631],[-72.940103,4.401071],[-72.940122,4.40177],[-72.940199,4.403529],[-72.940218,4.404209],[-72.940237,4.404629]]]}},{"type":"Feature","properties":{"cod_bp":"B.337-P.3","bloque":337,"tono":2,"ha":47.4},"geometry":{"type":"Polygon","coordinates":[[[-72.940414,4.406148],[-72.940294,4.406128],[-72.940275,4.405968],[-72.940255,4.405668],[-72.940256,4.404988],[-72.940237,4.404688],[-72.940199,4.403529],[-72.940122,4.40177],[-72.940103,4.401071],[-72.940104,4.400631],[-72.940046,4.398912],[-72.940086,4.398872],[-72.940744,4.398494],[-72.941302,4.398155],[-72.941442,4.398095],[-72.94196,4.397796],[-72.94204,4.397756],[-72.942119,4.397816],[-72.942298,4.398116],[-72.942377,4.398316],[-72.942477,4.398416],[-72.942696,4.398416],[-72.942994,4.398557],[-72.943214,4.398257],[-72.943333,4.398237],[-72.943651,4.398438],[-72.944109,4.398618],[-72.944925,4.399099],[-72.945243,4.39926],[-72.945562,4.39938],[-72.945761,4.3994],[-72.94592,4.39938],[-72.9459,4.39964],[-72.945939,4.3999],[-72.946118,4.40026],[-72.946277,4.40046],[-72.946336,4.40064],[-72.946396,4.40076],[-72.946515,4.40074],[-72.946595,4.40078],[-72.946654,4.4009],[-72.946734,4.40122],[-72.946733,4.40138],[-72.946534,4.40156],[-72.946494,4.402039],[-72.946414,4.402259],[-72.946413,4.402339],[-72.946513,4.402459],[-72.946493,4.402579],[-72.946432,4.403118],[-72.945755,4.403477],[-72.945575,4.403477],[-72.945197,4.403636],[-72.944998,4.403596],[-72.944818,4.403656],[-72.944699,4.403835],[-72.944519,4.403955],[-72.944399,4.404195],[-72.94418,4.404334],[-72.944041,4.404394],[-72.943901,4.404354],[-72.943563,4.404154],[-72.943444,4.404193],[-72.943404,4.404373],[-72.943284,4.404493],[-72.943184,4.404553],[-72.943204,4.404633],[-72.943164,4.404913],[-72.942965,4.404852],[-72.942925,4.404832],[-72.942666,4.405032],[-72.942606,4.405132],[-72.942526,4.405531],[-72.942485,4.405771],[-72.942425,4.405871],[-72.942306,4.405971],[-72.942067,4.40611],[-72.941768,4.40619],[-72.941369,4.406309],[-72.94133,4.406309],[-72.940414,4.406148]]]}},{"type":"Feature","properties":{"cod_bp":"B.337-P.4","bloque":337,"tono":2,"ha":21.3},"geometry":{"type":"Polygon","coordinates":[[[-72.944028,4.413088],[-72.943928,4.413148],[-72.943828,4.413188],[-72.943489,4.413407],[-72.94333,4.413487],[-72.94323,4.413567],[-72.942853,4.412827],[-72.942813,4.412707],[-72.942655,4.412087],[-72.941048,4.408107],[-72.941028,4.408127],[-72.940211,4.408606],[-72.940151,4.408566],[-72.940152,4.408226],[-72.940232,4.408146],[-72.940213,4.407706],[-72.939994,4.407486],[-72.939974,4.407206],[-72.939895,4.407166],[-72.939835,4.407006],[-72.939836,4.406507],[-72.939936,4.406447],[-72.940055,4.406467],[-72.940155,4.406447],[-72.940234,4.406467],[-72.940374,4.406388],[-72.940294,4.406188],[-72.940294,4.406128],[-72.94133,4.406309],[-72.941369,4.406309],[-72.941768,4.40619],[-72.942067,4.40611],[-72.942306,4.405971],[-72.942425,4.405871],[-72.942485,4.405771],[-72.942526,4.405531],[-72.942606,4.405132],[-72.942666,4.405032],[-72.942925,4.404832],[-72.942965,4.404852],[-72.943164,4.404913],[-72.943163,4.405152],[-72.943203,4.405272],[-72.943203,4.405372],[-72.943103,4.405692],[-72.942983,4.405972],[-72.943023,4.406052],[-72.943182,4.406172],[-72.943221,4.406292],[-72.943301,4.406432],[-72.94342,4.406492],[-72.94344,4.406452],[-72.943779,4.406252],[-72.943958,4.406273],[-72.943978,4.406393],[-72.944057,4.406633],[-72.944057,4.406833],[-72.943977,4.407052],[-72.943917,4.407332],[-72.943837,4.407772],[-72.943836,4.408391],[-72.943795,4.408951],[-72.943993,4.40975],[-72.943993,4.40983],[-72.943833,4.41013],[-72.943552,4.411588],[-72.944028,4.413088]]]}},{"type":"Feature","properties":{"cod_bp":"B.337-P.5","bloque":337,"tono":2,"ha":30.1},"geometry":{"type":"Polygon","coordinates":[[[-72.963368,4.409558],[-72.963388,4.409578],[-72.963288,4.409678],[-72.963129,4.409798],[-72.963109,4.409798],[-72.962989,4.409998],[-72.962949,4.410097],[-72.962829,4.410337],[-72.96275,4.410457],[-72.96265,4.410637],[-72.96257,4.410736],[-72.962271,4.410716],[-72.962192,4.410576],[-72.962132,4.410536],[-72.962132,4.410456],[-72.962073,4.410496],[-72.961953,4.410436],[-72.961873,4.410496],[-72.961734,4.410416],[-72.961535,4.410415],[-72.961535,4.410515],[-72.961336,4.410535],[-72.961256,4.410495],[-72.961117,4.410575],[-72.961017,4.410554],[-72.960698,4.410714],[-72.960559,4.410714],[-72.960519,4.410734],[-72.960459,4.410853],[-72.960439,4.410913],[-72.960379,4.410893],[-72.96024,4.410973],[-72.96016,4.410933],[-72.960081,4.410973],[-72.959603,4.410972],[-72.959523,4.411012],[-72.959363,4.411192],[-72.957871,4.41033],[-72.956936,4.409769],[-72.956916,4.409749],[-72.956876,4.409729],[-72.956837,4.409689],[-72.956737,4.409529],[-72.956559,4.408829],[-72.956421,4.408149],[-72.956223,4.40727],[-72.956203,4.40711],[-72.956204,4.40689],[-72.956224,4.40681],[-72.956224,4.40669],[-72.956244,4.40657],[-72.956384,4.406291],[-72.956404,4.406211],[-72.956463,4.406191],[-72.956683,4.406071],[-72.957261,4.405732],[-72.957301,4.405752],[-72.957379,4.406612],[-72.957438,4.406832],[-72.957498,4.406972],[-72.957577,4.407072],[-72.957756,4.407192],[-72.957916,4.407212],[-72.958115,4.407192],[-72.958354,4.407113],[-72.958732,4.406874],[-72.959191,4.406634],[-72.961302,4.406697],[-72.961739,4.406778],[-72.961938,4.406918],[-72.962177,4.407138],[-72.962475,4.407618],[-72.962654,4.407998],[-72.963051,4.408798],[-72.963329,4.409518],[-72.963368,4.409558]]]}},{"type":"Feature","properties":{"cod_bp":"B.337-P.6","bloque":337,"tono":2,"ha":16.5},"geometry":{"type":"Polygon","coordinates":[[[-72.956026,4.419381],[-72.956075,4.419408],[-72.955288,4.4199],[-72.955189,4.41982],[-72.954831,4.419599],[-72.954552,4.419479],[-72.954333,4.419279],[-72.954294,4.419179],[-72.954154,4.419079],[-72.953756,4.418818],[-72.953617,4.418658],[-72.953518,4.418598],[-72.953199,4.418478],[-72.952881,4.418417],[-72.952463,4.418357],[-72.952284,4.418336],[-72.952124,4.418356],[-72.951945,4.418436],[-72.951706,4.418436],[-72.951606,4.418415],[-72.951527,4.418355],[-72.951329,4.417835],[-72.951229,4.417715],[-72.95117,4.417575],[-72.95115,4.417415],[-72.951051,4.417275],[-72.951011,4.417115],[-72.95123,4.416936],[-72.95125,4.416936],[-72.95129,4.416836],[-72.95129,4.416736],[-72.951271,4.416556],[-72.951231,4.416456],[-72.950893,4.416156],[-72.950853,4.416056],[-72.950913,4.415776],[-72.950915,4.414937],[-72.950855,4.414837],[-72.950855,4.414637],[-72.950657,4.414237],[-72.950637,4.414137],[-72.950677,4.414057],[-72.950717,4.413697],[-72.950857,4.413638],[-72.950917,4.413558],[-72.950977,4.413438],[-72.951037,4.413178],[-72.951256,4.412839],[-72.951277,4.412619],[-72.951336,4.412519],[-72.951337,4.412199],[-72.951277,4.412099],[-72.951218,4.411899],[-72.95098,4.411559],[-72.95098,4.41102],[-72.950901,4.41088],[-72.950762,4.41034],[-72.950703,4.41004],[-72.950663,4.40988],[-72.950604,4.40974],[-72.950365,4.40948],[-72.950425,4.4094],[-72.950824,4.409241],[-72.951023,4.409141],[-72.951063,4.409141],[-72.951098,4.409126],[-72.951142,4.409141],[-72.951182,4.409181],[-72.951222,4.409241],[-72.951281,4.409441],[-72.951538,4.410641],[-72.951637,4.41118],[-72.951934,4.41248],[-72.952092,4.4132],[-72.952171,4.4136],[-72.95233,4.414259],[-72.952784,4.416438],[-72.952903,4.417038],[-72.953041,4.417618],[-72.953061,4.417658],[-72.953141,4.417738],[-72.954155,4.418299],[-72.955429,4.419041],[-72.955727,4.419201],[-72.956026,4.419381]]]}},{"type":"Feature","properties":{"cod_bp":"B.337-P.7","bloque":337,"tono":2,"ha":37.4},"geometry":{"type":"Polygon","coordinates":[[[-72.960271,4.417069],[-72.960131,4.417308],[-72.959892,4.417188],[-72.957226,4.415605],[-72.957166,4.415585],[-72.957227,4.415046],[-72.957348,4.414167],[-72.957428,4.413707],[-72.957448,4.413487],[-72.957448,4.413347],[-72.95731,4.412648],[-72.956974,4.410788],[-72.956737,4.409529],[-72.956837,4.409689],[-72.956876,4.409729],[-72.956916,4.409749],[-72.956936,4.409769],[-72.957871,4.41033],[-72.959363,4.411192],[-72.959383,4.411192],[-72.959523,4.411012],[-72.959603,4.410972],[-72.960081,4.410973],[-72.96016,4.410933],[-72.96024,4.410973],[-72.960379,4.410893],[-72.960439,4.410913],[-72.960459,4.410853],[-72.960519,4.410734],[-72.960559,4.410714],[-72.960698,4.410714],[-72.961017,4.410554],[-72.961117,4.410575],[-72.961256,4.410495],[-72.961336,4.410535],[-72.961535,4.410515],[-72.961535,4.410415],[-72.961734,4.410416],[-72.961873,4.410496],[-72.961953,4.410436],[-72.962073,4.410496],[-72.962132,4.410456],[-72.962132,4.410536],[-72.962192,4.410576],[-72.962271,4.410716],[-72.96257,4.410736],[-72.96265,4.410637],[-72.96275,4.410457],[-72.962829,4.410337],[-72.962949,4.410097],[-72.962989,4.409998],[-72.963109,4.409798],[-72.963129,4.409798],[-72.963288,4.409678],[-72.963388,4.409578],[-72.963607,4.409779],[-72.963585,4.411257],[-72.963565,4.411338],[-72.963565,4.411397],[-72.963525,4.411497],[-72.963485,4.411557],[-72.963365,4.411777],[-72.962626,4.413055],[-72.962606,4.413075],[-72.960271,4.417069]]]}},{"type":"Feature","properties":{"cod_bp":"B.337-P.8","bloque":337,"tono":2,"ha":23.6},"geometry":{"type":"Polygon","coordinates":[[[-72.958235,4.420044],[-72.958056,4.420223],[-72.957996,4.420263],[-72.957936,4.420203],[-72.957857,4.420203],[-72.957817,4.420223],[-72.957737,4.420303],[-72.957697,4.420323],[-72.957598,4.420283],[-72.956901,4.419902],[-72.956623,4.419722],[-72.956075,4.419408],[-72.956085,4.419401],[-72.956026,4.419381],[-72.955727,4.419201],[-72.955429,4.419041],[-72.954155,4.418299],[-72.953141,4.417738],[-72.953061,4.417658],[-72.953041,4.417618],[-72.953002,4.417438],[-72.957227,4.415046],[-72.957166,4.415585],[-72.957226,4.415605],[-72.959892,4.417188],[-72.960131,4.417308],[-72.959392,4.418586],[-72.959173,4.418886],[-72.958235,4.420044]]]}},{"type":"Feature","properties":{"cod_bp":"B.337-P.9","bloque":337,"tono":2,"ha":32.0},"geometry":{"type":"Polygon","coordinates":[[[-72.957227,4.415046],[-72.953002,4.417438],[-72.952903,4.417038],[-72.952784,4.416438],[-72.95233,4.414259],[-72.952171,4.4136],[-72.952092,4.4132],[-72.951934,4.41248],[-72.951637,4.41118],[-72.951538,4.410641],[-72.951281,4.409441],[-72.951222,4.409241],[-72.951222,4.409181],[-72.951242,4.409141],[-72.951242,4.409121],[-72.951277,4.409051],[-72.951441,4.409002],[-72.951541,4.408942],[-72.951641,4.408902],[-72.952139,4.408643],[-72.952478,4.408423],[-72.953295,4.407965],[-72.95325,4.411323],[-72.956314,4.413146],[-72.95731,4.412648],[-72.957448,4.413347],[-72.957448,4.413487],[-72.957428,4.413707],[-72.957348,4.414167],[-72.957227,4.415046]]]}},{"type":"Feature","properties":{"cod_bp":"B.339-P.1","bloque":339,"tono":1,"ha":26.1},"geometry":{"type":"Polygon","coordinates":[[[-73.067339,4.389921],[-73.06716,4.389761],[-73.067319,4.389721],[-73.067797,4.389761],[-73.068036,4.389762],[-73.068415,4.389802],[-73.071839,4.390047],[-73.072909,4.393806],[-73.072412,4.393925],[-73.072392,4.393885],[-73.072192,4.393945],[-73.06777,4.395078],[-73.067776,4.390561],[-73.067598,4.390341],[-73.067459,4.390041],[-73.067339,4.389921]]]}},{"type":"Feature","properties":{"cod_bp":"B.339-P.10","bloque":339,"tono":1,"ha":43.2},"geometry":{"type":"Polygon","coordinates":[[[-73.044549,4.400429],[-73.043108,4.402677],[-73.04279,4.402497],[-73.042691,4.402357],[-73.042692,4.401758],[-73.042493,4.401438],[-73.042413,4.401377],[-73.042274,4.401217],[-73.042135,4.401137],[-73.041995,4.401177],[-73.041657,4.401396],[-73.041636,4.401576],[-73.041557,4.401636],[-73.041497,4.401736],[-73.041257,4.402195],[-73.040998,4.402295],[-73.040799,4.402195],[-73.040759,4.402134],[-73.040421,4.401854],[-73.040043,4.401734],[-73.039685,4.401753],[-73.039744,4.401733],[-73.039764,4.401713],[-73.04182,4.398119],[-73.043956,4.394424],[-73.044934,4.392747],[-73.044954,4.392727],[-73.044954,4.392587],[-73.048356,4.39457],[-73.047978,4.395149],[-73.047997,4.39511],[-73.04676,4.397006],[-73.045463,4.399003],[-73.044549,4.400429]]]}},{"type":"Feature","properties":{"cod_bp":"B.339-P.11","bloque":339,"tono":1,"ha":64.5},"geometry":{"type":"Polygon","coordinates":[[[-73.042845,4.391365],[-73.044954,4.392587],[-73.044954,4.392727],[-73.044934,4.392747],[-73.043956,4.394424],[-73.04182,4.398119],[-73.039764,4.401713],[-73.039744,4.401733],[-73.039505,4.401813],[-73.039426,4.401813],[-73.039247,4.401773],[-73.038789,4.401772],[-73.038769,4.401792],[-73.03837,4.402031],[-73.038031,4.40237],[-73.037831,4.40269],[-73.037791,4.40279],[-73.037692,4.40297],[-73.037632,4.403009],[-73.037512,4.403069],[-73.037413,4.403089],[-73.037333,4.403029],[-73.036955,4.402969],[-73.036915,4.402969],[-73.036895,4.402988],[-73.036357,4.403268],[-73.036218,4.403347],[-73.035939,4.403267],[-73.035919,4.403227],[-73.035521,4.403026],[-73.035442,4.402966],[-73.035402,4.402886],[-73.035342,4.402826],[-73.035164,4.402426],[-73.035124,4.402386],[-73.035104,4.402346],[-73.034527,4.401926],[-73.034447,4.401846],[-73.034408,4.401766],[-73.034388,4.401666],[-73.034368,4.401606],[-73.034329,4.401526],[-73.033951,4.401285],[-73.033851,4.401205],[-73.033732,4.401045],[-73.033712,4.401005],[-73.033712,4.400885],[-73.033732,4.400825],[-73.033712,4.400785],[-73.034051,4.400446],[-73.034071,4.400366],[-73.034091,4.400326],[-73.034091,4.400266],[-73.034071,4.400226],[-73.034032,4.400066],[-73.033913,4.399686],[-73.034032,4.399706],[-73.035068,4.399488],[-73.036761,4.399171],[-73.036801,4.399131],[-73.036841,4.399111],[-73.036861,4.399051],[-73.038617,4.396035],[-73.038828,4.395659],[-73.038977,4.395416],[-73.040973,4.391962],[-73.040993,4.391922],[-73.040953,4.391842],[-73.040893,4.391762],[-73.042845,4.391365]]]}},{"type":"Feature","properties":{"cod_bp":"B.339-P.12","bloque":339,"tono":1,"ha":21.2},"geometry":{"type":"Polygon","coordinates":[[[-73.030929,4.397863],[-73.030949,4.397703],[-73.031108,4.397464],[-73.031288,4.397344],[-73.031925,4.397165],[-73.032383,4.397066],[-73.032702,4.396986],[-73.033499,4.396808],[-73.034216,4.396669],[-73.034495,4.396569],[-73.035052,4.39643],[-73.03559,4.396311],[-73.036905,4.395993],[-73.038897,4.395536],[-73.038597,4.396035],[-73.036861,4.399051],[-73.036841,4.399111],[-73.036801,4.399131],[-73.036761,4.399171],[-73.035068,4.399488],[-73.03402,4.399704],[-73.033913,4.399686],[-73.033913,4.399666],[-73.033834,4.399526],[-73.033774,4.399446],[-73.033714,4.399326],[-73.033675,4.399286],[-73.033416,4.399186],[-73.033336,4.399166],[-73.033296,4.399126],[-73.033177,4.399106],[-73.032699,4.398845],[-73.0327,4.398645],[-73.032461,4.398645],[-73.032302,4.398625],[-73.031923,4.398424],[-73.031545,4.398644],[-73.030888,4.398263],[-73.030789,4.398123],[-73.030789,4.398083],[-73.030929,4.397863]]]}},{"type":"Feature","properties":{"cod_bp":"B.339-P.13","bloque":339,"tono":1,"ha":41.7},"geometry":{"type":"Polygon","coordinates":[[[-73.02397,4.390138],[-73.02403,4.390258],[-73.024149,4.390399],[-73.024169,4.390399],[-73.024368,4.390339],[-73.024428,4.390399],[-73.024527,4.390439],[-73.024686,4.390439],[-73.024925,4.3907],[-73.024924,4.391059],[-73.025142,4.391899],[-73.025838,4.39258],[-73.026893,4.393081],[-73.027251,4.393221],[-73.028823,4.393983],[-73.030752,4.395824],[-73.032706,4.394448],[-73.034259,4.394091],[-73.034757,4.393991],[-73.034897,4.393992],[-73.035733,4.394073],[-73.03637,4.394094],[-73.038022,4.394176],[-73.038361,4.394256],[-73.03848,4.394216],[-73.038758,4.394976],[-73.038778,4.395076],[-73.038539,4.395216],[-73.03814,4.395355],[-73.037643,4.395395],[-73.03595,4.395712],[-73.035252,4.395891],[-73.03342,4.396288],[-73.033141,4.396368],[-73.032643,4.396487],[-73.031946,4.396666],[-73.031886,4.396666],[-73.031707,4.396585],[-73.031388,4.396765],[-73.031088,4.397464],[-73.030949,4.397703],[-73.030929,4.397863],[-73.030789,4.398083],[-73.030569,4.398602],[-73.03033,4.398802],[-73.030171,4.398802],[-73.030071,4.398642],[-73.029913,4.398082],[-73.029774,4.397922],[-73.029396,4.397701],[-73.029196,4.397661],[-73.029057,4.397661],[-73.029017,4.397641],[-73.029018,4.397081],[-73.0287,4.396861],[-73.028421,4.39702],[-73.028301,4.39724],[-73.028201,4.39716],[-73.028063,4.39686],[-73.027963,4.3968],[-73.027764,4.396819],[-73.027525,4.396939],[-73.027366,4.396919],[-73.027166,4.396979],[-73.027047,4.396918],[-73.026987,4.396778],[-73.026968,4.396638],[-73.026709,4.396478],[-73.02661,4.396498],[-73.02653,4.396478],[-73.02639,4.396518],[-73.026212,4.396158],[-73.026212,4.395778],[-73.025934,4.395618],[-73.025934,4.395398],[-73.025994,4.395338],[-73.025995,4.394518],[-73.025816,4.394398],[-73.025776,4.394318],[-73.02512,4.393898],[-73.024961,4.393638],[-73.024881,4.393438],[-73.024822,4.393238],[-73.024802,4.393078],[-73.024603,4.392977],[-73.024583,4.392898],[-73.024405,4.392677],[-73.024365,4.392597],[-73.024106,4.392437],[-73.024007,4.392457],[-73.023907,4.392397],[-73.023907,4.392257],[-73.023967,4.392217],[-73.023968,4.391558],[-73.023908,4.391557],[-73.02363,4.391437],[-73.023391,4.391437],[-73.023291,4.391377],[-73.023232,4.391237],[-73.02397,4.390138]]]}},{"type":"Feature","properties":{"cod_bp":"B.339-P.14","bloque":339,"tono":1,"ha":28.2},"geometry":{"type":"Polygon","coordinates":[[[-73.024885,4.390659],[-73.024726,4.390479],[-73.024706,4.390439],[-73.024806,4.39044],[-73.024885,4.390499],[-73.025005,4.39056],[-73.025284,4.3906],[-73.025343,4.39062],[-73.025443,4.39058],[-73.025562,4.39062],[-73.025702,4.390621],[-73.025881,4.390681],[-73.026379,4.390682],[-73.026498,4.390722],[-73.026637,4.390942],[-73.026796,4.391082],[-73.026935,4.391162],[-73.027333,4.391323],[-73.02797,4.391623],[-73.028647,4.391964],[-73.029801,4.392465],[-73.030498,4.392746],[-73.031453,4.393107],[-73.031811,4.393288],[-73.03211,4.393408],[-73.032169,4.393408],[-73.032448,4.393349],[-73.033026,4.393249],[-73.034539,4.392972],[-73.036173,4.392654],[-73.037806,4.392357],[-73.037826,4.392577],[-73.038024,4.393117],[-73.038203,4.393497],[-73.03848,4.394216],[-73.038361,4.394256],[-73.038022,4.394176],[-73.03637,4.394094],[-73.035733,4.394073],[-73.034897,4.393992],[-73.034757,4.393991],[-73.034538,4.394031],[-73.032706,4.394448],[-73.030752,4.395824],[-73.028823,4.393983],[-73.027251,4.393221],[-73.026893,4.393081],[-73.025838,4.39258],[-73.025142,4.391899],[-73.024924,4.391059],[-73.024925,4.3907],[-73.024885,4.390659]]]}},{"type":"Feature","properties":{"cod_bp":"B.339-P.15","bloque":339,"tono":1,"ha":18.7},"geometry":{"type":"Polygon","coordinates":[[[-73.02401,4.390218],[-73.02397,4.390138],[-73.02403,4.390099],[-73.025147,4.388481],[-73.025965,4.387243],[-73.026963,4.385766],[-73.027083,4.385566],[-73.027123,4.385546],[-73.027142,4.385526],[-73.027202,4.385546],[-73.028198,4.385727],[-73.028217,4.385827],[-73.028237,4.385867],[-73.028234,4.388466],[-73.028249,4.391384],[-73.028229,4.391524],[-73.028229,4.391743],[-73.027333,4.391323],[-73.026935,4.391162],[-73.026796,4.391082],[-73.026637,4.390942],[-73.026498,4.390722],[-73.026379,4.390682],[-73.025881,4.390681],[-73.025702,4.390621],[-73.025602,4.39062],[-73.025443,4.39058],[-73.025343,4.39062],[-73.025284,4.3906],[-73.025005,4.39056],[-73.024885,4.390499],[-73.024806,4.39044],[-73.024527,4.390439],[-73.024428,4.390399],[-73.024368,4.390339],[-73.024169,4.390399],[-73.024149,4.390399],[-73.024089,4.390319],[-73.02403,4.390258],[-73.02401,4.390218]]]}},{"type":"Feature","properties":{"cod_bp":"B.339-P.16","bloque":339,"tono":1,"ha":28.4},"geometry":{"type":"Polygon","coordinates":[[[-73.029204,4.392205],[-73.028647,4.391964],[-73.028229,4.391743],[-73.028229,4.391524],[-73.028249,4.391384],[-73.028234,4.388466],[-73.028237,4.385867],[-73.028217,4.385827],[-73.028198,4.385727],[-73.028476,4.385808],[-73.028914,4.385848],[-73.030487,4.386151],[-73.031761,4.386372],[-73.031761,4.386412],[-73.031801,4.386492],[-73.031816,4.38943],[-73.031811,4.393279],[-73.031453,4.393107],[-73.030498,4.392746],[-73.029801,4.392465],[-73.029204,4.392205]]]}},{"type":"Feature","properties":{"cod_bp":"B.339-P.17","bloque":339,"tono":1,"ha":28.1},"geometry":{"type":"Polygon","coordinates":[[[-73.031871,4.393308],[-73.031811,4.393279],[-73.031816,4.38943],[-73.031801,4.386492],[-73.031761,4.386412],[-73.031761,4.386372],[-73.032498,4.386513],[-73.033572,4.386735],[-73.035364,4.387077],[-73.035363,4.387736],[-73.035403,4.387796],[-73.035382,4.388236],[-73.03538,4.389715],[-73.0354,4.389915],[-73.035396,4.392793],[-73.035137,4.392853],[-73.034539,4.392972],[-73.033026,4.393249],[-73.032448,4.393349],[-73.032169,4.393408],[-73.03211,4.393408],[-73.031871,4.393308]]]}},{"type":"Feature","properties":{"cod_bp":"B.339-P.18","bloque":339,"tono":1,"ha":23.3},"geometry":{"type":"Polygon","coordinates":[[[-73.038702,4.392178],[-73.037806,4.392357],[-73.035396,4.392793],[-73.0354,4.389915],[-73.03538,4.389715],[-73.035382,4.388236],[-73.035403,4.387796],[-73.035363,4.387736],[-73.035364,4.387077],[-73.037494,4.3875],[-73.037793,4.38754],[-73.037832,4.38754],[-73.037872,4.38752],[-73.037993,4.386981],[-73.037993,4.386921],[-73.038032,4.386901],[-73.038072,4.386861],[-73.038232,4.386881],[-73.03857,4.386862],[-73.03871,4.386802],[-73.038889,4.386642],[-73.038969,4.386722],[-73.038985,4.389181],[-73.038981,4.392127],[-73.038702,4.392178]]]}},{"type":"Feature","properties":{"cod_bp":"B.339-P.19","bloque":339,"tono":1,"ha":18.4},"geometry":{"type":"Polygon","coordinates":[[[-73.041934,4.387666],[-73.042532,4.387467],[-73.042531,4.387747],[-73.042551,4.387827],[-73.042549,4.389406],[-73.042569,4.389426],[-73.042546,4.391424],[-73.040893,4.391762],[-73.038981,4.392127],[-73.038985,4.389181],[-73.038969,4.386722],[-73.038889,4.386642],[-73.039128,4.386543],[-73.039188,4.386563],[-73.039387,4.386683],[-73.039586,4.386783],[-73.039626,4.386823],[-73.039864,4.387483],[-73.039903,4.387523],[-73.040023,4.387563],[-73.040063,4.387583],[-73.040182,4.387723],[-73.040301,4.387783],[-73.040421,4.387824],[-73.0405,4.388003],[-73.0405,4.388083],[-73.040679,4.388224],[-73.040918,4.388204],[-73.041057,4.388204],[-73.041077,4.388184],[-73.041277,4.388065],[-73.041396,4.387885],[-73.041516,4.387805],[-73.041675,4.387805],[-73.041755,4.387785],[-73.041934,4.387666]]]}},{"type":"Feature","properties":{"cod_bp":"B.339-P.2","bloque":339,"tono":1,"ha":23.9},"geometry":{"type":"Polygon","coordinates":[[[-73.064413,4.389557],[-73.064592,4.389557],[-73.065707,4.389639],[-73.067061,4.38974],[-73.06716,4.389761],[-73.067339,4.389921],[-73.067459,4.390041],[-73.067598,4.390341],[-73.067776,4.390561],[-73.06777,4.395078],[-73.066496,4.395416],[-73.064404,4.395952],[-73.064413,4.389557]]]}},{"type":"Feature","properties":{"cod_bp":"B.339-P.20","bloque":339,"tono":1,"ha":16.1},"geometry":{"type":"Polygon","coordinates":[[[-73.044145,4.387289],[-73.046096,4.387632],[-73.046094,4.388831],[-73.046133,4.389531],[-73.046133,4.389571],[-73.046113,4.38959],[-73.046113,4.38963],[-73.046133,4.389651],[-73.046132,4.390758],[-73.045833,4.390809],[-73.045773,4.390829],[-73.04396,4.391146],[-73.042546,4.391424],[-73.042569,4.389426],[-73.042549,4.389406],[-73.042551,4.387827],[-73.042531,4.387747],[-73.042532,4.387467],[-73.04309,4.387288],[-73.043209,4.387268],[-73.043309,4.387348],[-73.043368,4.387328],[-73.043787,4.387329],[-73.044026,4.387269],[-73.044085,4.387289],[-73.044145,4.387289]]]}},{"type":"Feature","properties":{"cod_bp":"B.339-P.21","bloque":339,"tono":1,"ha":11.0},"geometry":{"type":"Polygon","coordinates":[[[-73.049639,4.388256],[-73.049719,4.388277],[-73.049717,4.390135],[-73.046132,4.390758],[-73.046133,4.389651],[-73.046113,4.38963],[-73.046113,4.38959],[-73.046133,4.389571],[-73.046133,4.389531],[-73.046094,4.388831],[-73.046096,4.387632],[-73.048146,4.387994],[-73.048564,4.388075],[-73.049639,4.388256]]]}},{"type":"Feature","properties":{"cod_bp":"B.339-P.22","bloque":339,"tono":1,"ha":37.3},"geometry":{"type":"Polygon","coordinates":[[[-73.042532,4.387467],[-73.041934,4.387666],[-73.041755,4.387785],[-73.041675,4.387805],[-73.041516,4.387805],[-73.041396,4.387885],[-73.041277,4.388065],[-73.041077,4.388184],[-73.041057,4.388204],[-73.040918,4.388204],[-73.040679,4.388224],[-73.040819,4.388104],[-73.04082,4.387264],[-73.04084,4.387225],[-73.040939,4.387285],[-73.040999,4.387245],[-73.041021,4.385846],[-73.0411,4.385886],[-73.042474,4.386128],[-73.042474,4.385848],[-73.042296,4.385428],[-73.042296,4.385008],[-73.042694,4.385069],[-73.042854,4.384989],[-73.043073,4.384989],[-73.043192,4.384969],[-73.043312,4.38493],[-73.043471,4.38485],[-73.04375,4.38481],[-73.04385,4.38485],[-73.043989,4.384871],[-73.044148,4.384911],[-73.044248,4.384911],[-73.044527,4.384772],[-73.045462,4.385332],[-73.04584,4.385313],[-73.046537,4.385214],[-73.047553,4.385036],[-73.048669,4.384817],[-73.048808,4.384738],[-73.049406,4.384059],[-73.049546,4.383999],[-73.050223,4.38418],[-73.050999,4.384321],[-73.051497,4.384262],[-73.051496,4.384921],[-73.05157,4.388579],[-73.051491,4.388599],[-73.051312,4.388579],[-73.049719,4.388277],[-73.049639,4.388256],[-73.048564,4.388075],[-73.048146,4.387994],[-73.044145,4.387289],[-73.044085,4.387289],[-73.044026,4.387269],[-73.043787,4.387329],[-73.043368,4.387328],[-73.043309,4.387348],[-73.043209,4.387268],[-73.04309,4.387288],[-73.042532,4.387467]]]}},{"type":"Feature","properties":{"cod_bp":"B.339-P.3","bloque":339,"tono":1,"ha":27.5},"geometry":{"type":"Polygon","coordinates":[[[-73.061158,4.396348],[-73.061167,4.389312],[-73.061764,4.389373],[-73.062442,4.389414],[-73.064034,4.389536],[-73.064413,4.389557],[-73.064404,4.395952],[-73.06281,4.39637],[-73.061854,4.396628],[-73.061655,4.396688],[-73.061178,4.396348],[-73.061158,4.396348]]]}},{"type":"Feature","properties":{"cod_bp":"B.339-P.4","bloque":339,"tono":1,"ha":24.5},"geometry":{"type":"Polygon","coordinates":[[[-73.057816,4.394044],[-73.057822,4.389088],[-73.059037,4.389189],[-73.061167,4.389312],[-73.061158,4.396348],[-73.060581,4.395927],[-73.059904,4.395486],[-73.059387,4.395126],[-73.059228,4.395006],[-73.059208,4.395006],[-73.058532,4.394545],[-73.058313,4.394365],[-73.057955,4.394145],[-73.057816,4.394044]]]}},{"type":"Feature","properties":{"cod_bp":"B.339-P.5","bloque":339,"tono":1,"ha":16.2},"geometry":{"type":"Polygon","coordinates":[[[-73.054477,4.388863],[-73.055513,4.388924],[-73.057822,4.389088],[-73.057816,4.394044],[-73.057418,4.393784],[-73.056542,4.393183],[-73.056184,4.392923],[-73.055846,4.392702],[-73.054473,4.391761],[-73.054477,4.388863]]]}},{"type":"Feature","properties":{"cod_bp":"B.339-P.6","bloque":339,"tono":1,"ha":6.9},"geometry":{"type":"Polygon","coordinates":[[[-73.051529,4.389738],[-73.051969,4.38868],[-73.052666,4.38872],[-73.053442,4.388782],[-73.054119,4.388822],[-73.054477,4.388863],[-73.054473,4.391761],[-73.052007,4.390039],[-73.051609,4.389778],[-73.051529,4.389738]]]}},{"type":"Feature","properties":{"cod_bp":"B.339-P.7","bloque":339,"tono":1,"ha":17.2},"geometry":{"type":"Polygon","coordinates":[[[-73.056617,4.396981],[-73.052862,4.394475],[-73.052897,4.394457],[-73.052916,4.394457],[-73.052956,4.394417],[-73.053296,4.393818],[-73.054394,4.391921],[-73.054413,4.391861],[-73.054414,4.391761],[-73.056582,4.393263],[-73.058233,4.394365],[-73.058273,4.394405],[-73.058273,4.394445],[-73.058253,4.394465],[-73.056637,4.396961],[-73.056637,4.396981],[-73.056617,4.396981]]]}},{"type":"Feature","properties":{"cod_bp":"B.339-P.8","bloque":339,"tono":1,"ha":14.5},"geometry":{"type":"Polygon","coordinates":[[[-73.052862,4.394475],[-73.05039,4.392874],[-73.049753,4.392494],[-73.049733,4.392474],[-73.049713,4.392474],[-73.049793,4.392294],[-73.050053,4.391895],[-73.05107,4.390237],[-73.05131,4.389818],[-73.051429,4.389798],[-73.051509,4.389798],[-73.051589,4.389838],[-73.054294,4.391701],[-73.054414,4.391761],[-73.054413,4.391861],[-73.054394,4.391921],[-73.053296,4.393818],[-73.052956,4.394417],[-73.052916,4.394457],[-73.052897,4.394457],[-73.052862,4.394475]]]}},{"type":"Feature","properties":{"cod_bp":"B.339-P.9","bloque":339,"tono":1,"ha":22.0},"geometry":{"type":"Polygon","coordinates":[[[-73.049713,4.392474],[-73.049693,4.392494],[-73.049614,4.392633],[-73.048356,4.39457],[-73.042845,4.391365],[-73.04396,4.391146],[-73.050175,4.390056],[-73.050872,4.389917],[-73.05131,4.389818],[-73.05107,4.390237],[-73.050053,4.391895],[-73.049793,4.392294],[-73.049713,4.392474]]]}},{"type":"Feature","properties":{"cod_bp":"B.340-P.1","bloque":340,"tono":2,"ha":24.4},"geometry":{"type":"Polygon","coordinates":[[[-73.005209,4.420871],[-73.004867,4.423069],[-73.004545,4.425227],[-73.003903,4.429083],[-73.003863,4.429043],[-73.002928,4.428522],[-73.002948,4.428183],[-73.002968,4.428103],[-73.002985,4.416571],[-73.003204,4.416631],[-73.003423,4.416671],[-73.0039,4.416712],[-73.004,4.416752],[-73.004079,4.416872],[-73.004079,4.416932],[-73.004138,4.417552],[-73.004158,4.417612],[-73.004178,4.417852],[-73.004296,4.418411],[-73.004376,4.418631],[-73.004534,4.419011],[-73.004713,4.419251],[-73.004813,4.419351],[-73.004872,4.419391],[-73.004992,4.419392],[-73.00541,4.419332],[-73.00547,4.419312],[-73.005209,4.420871]]]}},{"type":"Feature","properties":{"cod_bp":"B.340-P.10","bloque":340,"tono":2,"ha":19.6},"geometry":{"type":"Polygon","coordinates":[[[-72.996174,4.430651],[-72.996094,4.430711],[-72.995916,4.430391],[-72.99526,4.429351],[-72.994724,4.428471],[-72.994406,4.42797],[-72.993073,4.426649],[-72.992676,4.426209],[-72.992537,4.426029],[-72.99216,4.425129],[-72.991803,4.424169],[-72.991604,4.42359],[-72.991386,4.42299],[-72.991227,4.42259],[-72.991009,4.42197],[-72.99085,4.42157],[-72.991111,4.420631],[-72.991531,4.418972],[-72.991551,4.418753],[-72.991631,4.418773],[-72.991671,4.418773],[-72.991651,4.418973],[-72.99171,4.418973],[-72.991869,4.419173],[-72.991849,4.419693],[-72.991729,4.419952],[-72.991729,4.420212],[-72.991848,4.420452],[-72.991927,4.420852],[-72.991926,4.421331],[-72.991886,4.421471],[-72.991806,4.421691],[-72.991786,4.421911],[-72.991905,4.422191],[-72.991945,4.422391],[-72.992004,4.422611],[-72.992024,4.422651],[-72.992064,4.422691],[-72.99209,4.422691],[-72.992083,4.422731],[-72.992083,4.422831],[-72.992123,4.422891],[-72.992203,4.422951],[-72.992342,4.423191],[-72.993217,4.423692],[-72.993277,4.423772],[-72.994766,4.426392],[-72.995562,4.426853],[-72.995582,4.426873],[-72.997072,4.429533],[-72.99731,4.429913],[-72.997366,4.42997],[-72.996174,4.430651]]]}},{"type":"Feature","properties":{"cod_bp":"B.340-P.11","bloque":340,"tono":2,"ha":25.3},"geometry":{"type":"Polygon","coordinates":[[[-72.99869,4.426058],[-72.998769,4.426098],[-72.998765,4.429176],[-72.998685,4.429216],[-72.997366,4.42997],[-72.99731,4.429913],[-72.997072,4.429533],[-72.995582,4.426873],[-72.995562,4.426853],[-72.994766,4.426392],[-72.993277,4.423772],[-72.993217,4.423692],[-72.992342,4.423191],[-72.992203,4.422951],[-72.992123,4.422891],[-72.992083,4.422831],[-72.992083,4.422731],[-72.992103,4.422691],[-72.99209,4.422691],[-72.992103,4.422611],[-72.992104,4.422491],[-72.992084,4.422371],[-72.992044,4.422271],[-72.991965,4.421891],[-72.991965,4.421811],[-72.991985,4.421751],[-72.991966,4.421631],[-72.991966,4.421591],[-72.992025,4.421611],[-72.992045,4.421871],[-72.992084,4.421991],[-72.992283,4.422091],[-72.992502,4.422132],[-72.993219,4.422393],[-72.993418,4.422473],[-72.994393,4.422794],[-72.994831,4.422895],[-72.995567,4.423315],[-72.995647,4.423336],[-72.996243,4.424036],[-72.996482,4.424356],[-72.99674,4.424656],[-72.996859,4.424816],[-72.997356,4.425416],[-72.99869,4.426058]]]}},{"type":"Feature","properties":{"cod_bp":"B.340-P.12","bloque":340,"tono":2,"ha":8.1},"geometry":{"type":"Polygon","coordinates":[[[-72.998761,4.431681],[-72.998759,4.433553],[-72.998162,4.433172],[-72.997426,4.432652],[-72.997306,4.432671],[-72.996869,4.431891],[-72.996174,4.430791],[-72.996094,4.430711],[-72.996174,4.430651],[-72.99737,4.429974],[-72.998685,4.429216],[-72.998765,4.429176],[-72.998761,4.431681]]]}},{"type":"Feature","properties":{"cod_bp":"B.340-P.13","bloque":340,"tono":2,"ha":19.3},"geometry":{"type":"Polygon","coordinates":[[[-72.992473,4.428807],[-72.992433,4.428747],[-72.993171,4.428329],[-72.994047,4.42781],[-72.994127,4.42779],[-72.994346,4.42799],[-72.99518,4.429371],[-72.99679,4.431911],[-72.997088,4.432431],[-72.997107,4.432511],[-72.996947,4.432931],[-72.996607,4.43389],[-72.996108,4.435128],[-72.995748,4.435967],[-72.995468,4.436706],[-72.995389,4.436866],[-72.995368,4.436946],[-72.994891,4.436725],[-72.994334,4.436505],[-72.994413,4.436405],[-72.995611,4.434488],[-72.995611,4.434428],[-72.995631,4.434388],[-72.995631,4.434288],[-72.994539,4.432408],[-72.992473,4.428807]]]}},{"type":"Feature","properties":{"cod_bp":"B.340-P.14","bloque":340,"tono":2,"ha":31.8},"geometry":{"type":"Polygon","coordinates":[[[-72.992433,4.428747],[-72.992473,4.428807],[-72.994539,4.432408],[-72.995631,4.434288],[-72.995631,4.434388],[-72.995611,4.434428],[-72.995611,4.434488],[-72.994413,4.436405],[-72.994334,4.436505],[-72.994891,4.436725],[-72.995368,4.436946],[-72.995249,4.437265],[-72.995189,4.437385],[-72.99483,4.437744],[-72.994471,4.437944],[-72.994112,4.438063],[-72.993694,4.438223],[-72.993515,4.438142],[-72.993495,4.437902],[-72.993296,4.437782],[-72.993237,4.437642],[-72.993277,4.437562],[-72.993277,4.437303],[-72.993476,4.437163],[-72.993437,4.437023],[-72.993417,4.436783],[-72.993497,4.436743],[-72.993497,4.436563],[-72.993577,4.436444],[-72.993756,4.436344],[-72.993677,4.436244],[-72.993617,4.436024],[-72.993658,4.435804],[-72.993518,4.435604],[-72.993319,4.435604],[-72.992306,4.433963],[-72.992147,4.433903],[-72.991988,4.433883],[-72.991729,4.433743],[-72.991729,4.433583],[-72.991749,4.433403],[-72.99157,4.433183],[-72.990815,4.432502],[-72.990696,4.432322],[-72.990636,4.432202],[-72.990497,4.432002],[-72.990178,4.431822],[-72.98982,4.431901],[-72.989441,4.431941],[-72.989023,4.43194],[-72.988406,4.431739],[-72.988168,4.431599],[-72.987969,4.431419],[-72.987909,4.431339],[-72.989184,4.430661],[-72.991337,4.429405],[-72.992433,4.428747]]]}},{"type":"Feature","properties":{"cod_bp":"B.340-P.15","bloque":340,"tono":2,"ha":5.5},"geometry":{"type":"Polygon","coordinates":[[[-72.991803,4.424169],[-72.99216,4.425129],[-72.992457,4.425849],[-72.992298,4.426049],[-72.990826,4.424648],[-72.988838,4.422726],[-72.988977,4.422706],[-72.989037,4.422686],[-72.991267,4.42269],[-72.991386,4.42299],[-72.991604,4.42359],[-72.991803,4.424169]]]}},{"type":"Feature","properties":{"cod_bp":"B.340-P.16","bloque":340,"tono":2,"ha":27.5},"geometry":{"type":"Polygon","coordinates":[[[-72.991227,4.42259],[-72.991267,4.42269],[-72.989037,4.422686],[-72.988977,4.422698],[-72.988981,4.420008],[-72.989001,4.419988],[-72.9894,4.419349],[-72.989412,4.411335],[-72.989431,4.411335],[-72.98969,4.411775],[-72.989988,4.411955],[-72.990027,4.412295],[-72.990127,4.412375],[-72.990545,4.412615],[-72.990743,4.412896],[-72.990882,4.413215],[-72.991101,4.413516],[-72.991519,4.413896],[-72.991757,4.414236],[-72.991936,4.414376],[-72.991976,4.414456],[-72.992174,4.415076],[-72.992014,4.415436],[-72.991894,4.415655],[-72.991794,4.415895],[-72.991754,4.416075],[-72.991714,4.416474],[-72.991653,4.417434],[-72.991633,4.417574],[-72.991632,4.418113],[-72.991551,4.418753],[-72.991531,4.418972],[-72.991111,4.420631],[-72.99085,4.42157],[-72.991009,4.42197],[-72.991227,4.42259]]]}},{"type":"Feature","properties":{"cod_bp":"B.340-P.17","bloque":340,"tono":2,"ha":27.2},"geometry":{"type":"Polygon","coordinates":[[[-72.989412,4.411335],[-72.9894,4.419349],[-72.989001,4.419988],[-72.988981,4.420008],[-72.988977,4.422698],[-72.988838,4.422726],[-72.987406,4.421345],[-72.987406,4.421325],[-72.987386,4.421305],[-72.987107,4.421304],[-72.987136,4.415229],[-72.987139,4.41325],[-72.987199,4.41307],[-72.987378,4.412811],[-72.987597,4.412791],[-72.988336,4.411793],[-72.988675,4.411154],[-72.988875,4.410814],[-72.988995,4.410535],[-72.989014,4.410535],[-72.989293,4.410675],[-72.989412,4.411155],[-72.989412,4.411335]]]}},{"type":"Feature","properties":{"cod_bp":"B.340-P.18","bloque":340,"tono":2,"ha":17.8},"geometry":{"type":"Polygon","coordinates":[[[-72.987139,4.41325],[-72.987136,4.415229],[-72.984947,4.413966],[-72.984888,4.413906],[-72.984894,4.409489],[-72.985153,4.40933],[-72.985572,4.409151],[-72.98609,4.409011],[-72.986468,4.408932],[-72.986986,4.408893],[-72.987185,4.408893],[-72.987484,4.408854],[-72.987603,4.408954],[-72.987662,4.409453],[-72.987821,4.409713],[-72.98782,4.410073],[-72.98788,4.410253],[-72.987859,4.410633],[-72.987679,4.411412],[-72.987658,4.411952],[-72.987499,4.412231],[-72.987279,4.412551],[-72.987239,4.41275],[-72.987378,4.412811],[-72.987199,4.41307],[-72.987139,4.41325]]]}},{"type":"Feature","properties":{"cod_bp":"B.340-P.19","bloque":340,"tono":2,"ha":18.5},"geometry":{"type":"Polygon","coordinates":[[[-72.987107,4.421225],[-72.987107,4.421304],[-72.984877,4.421301],[-72.984888,4.413906],[-72.984947,4.413966],[-72.987136,4.415229],[-72.987107,4.421225]]]}},{"type":"Feature","properties":{"cod_bp":"B.340-P.2","bloque":340,"tono":2,"ha":31.4},"geometry":{"type":"Polygon","coordinates":[[[-73.002948,4.428183],[-73.002928,4.428522],[-73.000799,4.42728],[-73.000815,4.415908],[-73.000855,4.415888],[-73.001273,4.415869],[-73.002009,4.416289],[-73.002647,4.41609],[-73.002985,4.416471],[-73.002968,4.428103],[-73.002948,4.428183]]]}},{"type":"Feature","properties":{"cod_bp":"B.340-P.20","bloque":340,"tono":2,"ha":7.5},"geometry":{"type":"Polygon","coordinates":[[[-72.987406,4.421325],[-72.987406,4.421345],[-72.986487,4.423162],[-72.985409,4.425259],[-72.98507,4.425259],[-72.984871,4.425179],[-72.984877,4.421301],[-72.987386,4.421305],[-72.987406,4.421325]]]}},{"type":"Feature","properties":{"cod_bp":"B.340-P.21","bloque":340,"tono":2,"ha":9.4},"geometry":{"type":"Polygon","coordinates":[[[-72.984876,4.422081],[-72.984872,4.424959],[-72.984573,4.425078],[-72.984075,4.425237],[-72.983876,4.425217],[-72.983557,4.425117],[-72.983159,4.425116],[-72.98286,4.425076],[-72.982866,4.421298],[-72.984877,4.421301],[-72.984876,4.422081]]]}},{"type":"Feature","properties":{"cod_bp":"B.340-P.22","bloque":340,"tono":2,"ha":27.4},"geometry":{"type":"Polygon","coordinates":[[[-72.984878,4.420842],[-72.984877,4.421301],[-72.982866,4.421298],[-72.982883,4.409626],[-72.984892,4.410788],[-72.984878,4.420842]]]}},{"type":"Feature","properties":{"cod_bp":"B.340-P.23","bloque":340,"tono":2,"ha":31.5},"geometry":{"type":"Polygon","coordinates":[[[-72.980775,4.421036],[-72.980794,4.408404],[-72.982883,4.409626],[-72.982866,4.421298],[-72.980775,4.421295],[-72.980775,4.421036]]]}},{"type":"Feature","properties":{"cod_bp":"B.340-P.24 / P.25","bloque":340,"tono":2,"varios":true,"ha":8.1},"geometry":{"type":"Polygon","coordinates":[[[-72.980791,4.423654],[-72.980795,4.421296],[-72.982866,4.421298],[-72.98286,4.425076],[-72.982721,4.425056],[-72.982402,4.424915],[-72.982184,4.424855],[-72.981806,4.424395],[-72.981149,4.424074],[-72.980831,4.423674],[-72.980791,4.423654]]]}},{"type":"Feature","properties":{"cod_bp":"B.340-P.26","bloque":340,"tono":2,"ha":31.3},"geometry":{"type":"Polygon","coordinates":[[[-72.979461,4.421273],[-72.979463,4.419275],[-72.979245,4.419155],[-72.978826,4.419134],[-72.978767,4.419114],[-72.97878,4.41024],[-72.9788,4.41024],[-72.978804,4.407242],[-72.980794,4.408404],[-72.980775,4.421295],[-72.979899,4.421274],[-72.979461,4.421273]]]}},{"type":"Feature","properties":{"cod_bp":"B.340-P.27","bloque":340,"tono":2,"ha":23.3},"geometry":{"type":"Polygon","coordinates":[[[-72.979461,4.421214],[-72.979461,4.421273],[-72.979321,4.421273],[-72.979322,4.420874],[-72.979202,4.420794],[-72.979204,4.419814],[-72.979124,4.419774],[-72.979125,4.419554],[-72.979184,4.419494],[-72.979185,4.419414],[-72.979045,4.419334],[-72.978846,4.419354],[-72.978627,4.419334],[-72.978328,4.419473],[-72.978129,4.419453],[-72.97795,4.419533],[-72.977512,4.419612],[-72.976994,4.419691],[-72.976894,4.419511],[-72.976875,4.419031],[-72.976696,4.418931],[-72.976577,4.418931],[-72.976358,4.418891],[-72.976198,4.418811],[-72.976119,4.418691],[-72.97598,4.418431],[-72.975901,4.41823],[-72.975563,4.41763],[-72.975543,4.41757],[-72.975683,4.417451],[-72.975683,4.417051],[-72.975624,4.416971],[-72.975645,4.416311],[-72.975864,4.416092],[-72.976004,4.415892],[-72.976721,4.415494],[-72.976801,4.415494],[-72.9771,4.415354],[-72.977239,4.415374],[-72.977299,4.415375],[-72.977578,4.415235],[-72.977598,4.415155],[-72.977777,4.415035],[-72.977817,4.414916],[-72.977937,4.414876],[-72.977957,4.414696],[-72.977997,4.414636],[-72.978017,4.414476],[-72.977878,4.414216],[-72.977878,4.414096],[-72.977799,4.413996],[-72.977719,4.413936],[-72.977659,4.413956],[-72.977659,4.414016],[-72.977699,4.414156],[-72.977639,4.414176],[-72.9774,4.414035],[-72.977182,4.413735],[-72.976545,4.413295],[-72.976546,4.412695],[-72.976586,4.412495],[-72.976825,4.412176],[-72.977125,4.411937],[-72.977583,4.411617],[-72.977683,4.411358],[-72.977803,4.411178],[-72.978002,4.410939],[-72.978241,4.410619],[-72.978302,4.410379],[-72.978362,4.41024],[-72.978561,4.41012],[-72.97878,4.41024],[-72.978767,4.419114],[-72.978826,4.419134],[-72.979245,4.419155],[-72.979463,4.419275],[-72.979461,4.421214]]]}},{"type":"Feature","properties":{"cod_bp":"B.340-P.28","bloque":340,"tono":2,"ha":16.3},"geometry":{"type":"Polygon","coordinates":[[[-72.989219,4.406677],[-72.989958,4.40536],[-72.989978,4.405399],[-72.990017,4.405399],[-72.990057,4.40542],[-72.990117,4.40542],[-72.990217,4.40544],[-72.990276,4.40544],[-72.99147,4.406021],[-72.992107,4.406342],[-72.992346,4.406442],[-72.992585,4.406582],[-72.992704,4.406702],[-72.992744,4.406763],[-72.992803,4.406962],[-72.992843,4.407142],[-72.992942,4.407502],[-72.993061,4.407882],[-72.99316,4.408242],[-72.99316,4.408342],[-72.993099,4.408542],[-72.992919,4.409081],[-72.992541,4.409081],[-72.992422,4.40912],[-72.992222,4.4092],[-72.992083,4.4093],[-72.992023,4.40932],[-72.991864,4.409419],[-72.991784,4.409419],[-72.991605,4.409319],[-72.991406,4.409239],[-72.991227,4.409179],[-72.991107,4.409119],[-72.991048,4.409139],[-72.990968,4.409118],[-72.990888,4.409118],[-72.990769,4.409078],[-72.990689,4.409038],[-72.990629,4.409038],[-72.989892,4.409457],[-72.989852,4.409497],[-72.989812,4.409477],[-72.989773,4.409476],[-72.989454,4.409376],[-72.989375,4.409336],[-72.989355,4.409296],[-72.989335,4.409276],[-72.989295,4.409276],[-72.989235,4.409256],[-72.989176,4.409256],[-72.989116,4.409276],[-72.989076,4.409315],[-72.988996,4.409375],[-72.988877,4.409415],[-72.988817,4.409415],[-72.988797,4.409395],[-72.988777,4.409355],[-72.988698,4.409155],[-72.988698,4.409135],[-72.988658,4.409115],[-72.988578,4.409115],[-72.988539,4.409095],[-72.988439,4.408995],[-72.98828,4.408875],[-72.988081,4.408794],[-72.988141,4.408675],[-72.988101,4.408655],[-72.989219,4.406677]],[[-72.990175,4.406739],[-72.990095,4.406739],[-72.989916,4.406778],[-72.989816,4.406818],[-72.989776,4.406878],[-72.989776,4.406998],[-72.989756,4.407078],[-72.989756,4.407138],[-72.989776,4.407178],[-72.989776,4.407218],[-72.989816,4.407258],[-72.990154,4.407458],[-72.990253,4.407498],[-72.990413,4.407459],[-72.990493,4.407419],[-72.990532,4.407339],[-72.990533,4.407239],[-72.990553,4.407159],[-72.990533,4.407079],[-72.990533,4.407019],[-72.990493,4.406899],[-72.990374,4.406819],[-72.990255,4.406759],[-72.990175,4.406739]]]}},{"type":"Feature","properties":{"cod_bp":"B.340-P.3","bloque":340,"tono":2,"ha":21.6},"geometry":{"type":"Polygon","coordinates":[[[-73.003863,4.429043],[-73.003903,4.429083],[-73.003642,4.430742],[-73.003259,4.43356],[-73.003219,4.433799],[-73.003199,4.433799],[-73.001206,4.435175],[-73.001126,4.435135],[-73.000808,4.434895],[-73.000799,4.42728],[-73.002928,4.428522],[-73.003863,4.429043]]]}},{"type":"Feature","properties":{"cod_bp":"B.340-P.4","bloque":340,"tono":2,"ha":19.0},"geometry":{"type":"Polygon","coordinates":[[[-72.998849,4.426138],[-73.000799,4.42728],[-73.000808,4.434895],[-72.999713,4.434254],[-72.998858,4.433673],[-72.998759,4.433593],[-72.998769,4.426098],[-72.998849,4.426138]]]}},{"type":"Feature","properties":{"cod_bp":"B.340-P.5","bloque":340,"tono":2,"ha":25.2},"geometry":{"type":"Polygon","coordinates":[[[-73.000815,4.416088],[-73.000799,4.42728],[-72.998849,4.426138],[-72.998769,4.426098],[-72.998782,4.417464],[-72.998822,4.417464],[-72.9993,4.416885],[-72.999938,4.416406],[-73.000815,4.415908],[-73.000815,4.416088]]]}},{"type":"Feature","properties":{"cod_bp":"B.340-P.6","bloque":340,"tono":2,"ha":22.9},"geometry":{"type":"Polygon","coordinates":[[[-72.998772,4.424439],[-72.998769,4.426098],[-72.997356,4.425416],[-72.996859,4.424816],[-72.99674,4.424656],[-72.99682,4.424476],[-72.996841,4.424217],[-72.996741,4.424017],[-72.996735,4.414363],[-72.996755,4.414343],[-72.996973,4.414823],[-72.997231,4.415443],[-72.99743,4.415863],[-72.997509,4.416423],[-72.997628,4.416583],[-72.997986,4.416823],[-72.998403,4.417563],[-72.998782,4.417464],[-72.998772,4.424439]]]}},{"type":"Feature","properties":{"cod_bp":"B.340-P.7","bloque":340,"tono":2,"ha":16.1},"geometry":{"type":"Polygon","coordinates":[[[-72.99682,4.424476],[-72.99674,4.424656],[-72.996482,4.424356],[-72.996243,4.424036],[-72.995647,4.423336],[-72.995567,4.423315],[-72.995569,4.421856],[-72.995611,4.420737],[-72.995614,4.418898],[-72.995574,4.418858],[-72.995554,4.418818],[-72.994738,4.418357],[-72.994718,4.418337],[-72.994698,4.418298],[-72.994702,4.415799],[-72.994981,4.4157],[-72.995519,4.415421],[-72.995977,4.415022],[-72.996237,4.414702],[-72.996735,4.414363],[-72.996741,4.424017],[-72.996841,4.424217],[-72.99682,4.424476]]]}},{"type":"Feature","properties":{"cod_bp":"B.340-P.8","bloque":340,"tono":2,"ha":16.7},"geometry":{"type":"Polygon","coordinates":[[[-72.995569,4.421856],[-72.995567,4.423315],[-72.994831,4.422895],[-72.994393,4.422794],[-72.993418,4.422473],[-72.993219,4.422393],[-72.993227,4.416537],[-72.993347,4.416417],[-72.993825,4.416178],[-72.994204,4.416018],[-72.994622,4.415819],[-72.994702,4.415799],[-72.994698,4.418298],[-72.994718,4.418337],[-72.994738,4.418357],[-72.995554,4.418818],[-72.995574,4.418858],[-72.995614,4.418898],[-72.995611,4.420737],[-72.995569,4.421856]]]}},{"type":"Feature","properties":{"cod_bp":"B.340-P.9","bloque":340,"tono":2,"ha":6.9},"geometry":{"type":"Polygon","coordinates":[[[-72.993227,4.416736],[-72.993219,4.422393],[-72.992502,4.422132],[-72.992283,4.422091],[-72.992084,4.421991],[-72.992045,4.421871],[-72.992028,4.421644],[-72.992185,4.421192],[-72.992226,4.420632],[-72.992226,4.420353],[-72.992286,4.420033],[-72.992029,4.419353],[-72.99203,4.418474],[-72.992011,4.417694],[-72.99227,4.417654],[-72.992449,4.417495],[-72.993008,4.416736],[-72.993227,4.416537],[-72.993227,4.416736]]]}},{"type":"Feature","properties":{"cod_bp":"B.341-P.1","bloque":341,"tono":0,"ha":41.5},"geometry":{"type":"Polygon","coordinates":[[[-72.993791,4.439802],[-72.993672,4.439722],[-72.993413,4.439781],[-72.993373,4.439821],[-72.993313,4.439921],[-72.993234,4.439961],[-72.993194,4.439941],[-72.993134,4.439861],[-72.993134,4.439841],[-72.993094,4.439841],[-72.993015,4.43982],[-72.992855,4.43976],[-72.992816,4.43972],[-72.992756,4.4397],[-72.992577,4.4397],[-72.992357,4.43976],[-72.992159,4.439719],[-72.991919,4.439699],[-72.99184,4.439659],[-72.99182,4.439599],[-72.991741,4.439519],[-72.991641,4.439439],[-72.991522,4.439399],[-72.991482,4.439299],[-72.991462,4.439179],[-72.991423,4.439039],[-72.991184,4.438879],[-72.991085,4.438738],[-72.991105,4.438599],[-72.991224,4.438459],[-72.991225,4.438319],[-72.991205,4.438159],[-72.991165,4.437959],[-72.990927,4.437279],[-72.990868,4.437139],[-72.990709,4.437039],[-72.99055,4.436919],[-72.989953,4.436558],[-72.989814,4.436318],[-72.989774,4.436078],[-72.989715,4.435918],[-72.989655,4.435878],[-72.989595,4.435758],[-72.989576,4.435518],[-72.989675,4.435479],[-72.989755,4.435359],[-72.989855,4.435299],[-72.990154,4.4352],[-72.990572,4.43518],[-72.99099,4.435041],[-72.991329,4.434841],[-72.991489,4.434782],[-72.991608,4.434762],[-72.991807,4.434762],[-72.991966,4.434902],[-72.992086,4.435022],[-72.992205,4.435202],[-72.992304,4.435322],[-72.992424,4.435423],[-72.992543,4.435543],[-72.992602,4.435643],[-72.992662,4.435723],[-72.992662,4.435803],[-72.992602,4.435863],[-72.992622,4.435982],[-72.992542,4.436202],[-72.992602,4.436302],[-72.992542,4.436402],[-72.992442,4.436462],[-72.992283,4.436442],[-72.992183,4.436482],[-72.992103,4.436481],[-72.992044,4.436441],[-72.992024,4.436401],[-72.992004,4.436381],[-72.991924,4.436401],[-72.991865,4.436461],[-72.991825,4.436481],[-72.991765,4.436581],[-72.991685,4.436661],[-72.991625,4.436741],[-72.991585,4.43684],[-72.991585,4.43698],[-72.991664,4.43712],[-72.991764,4.43726],[-72.991983,4.437481],[-72.992281,4.437821],[-72.992539,4.438081],[-72.992718,4.438241],[-72.992857,4.438321],[-72.993037,4.438402],[-72.993176,4.438502],[-72.993355,4.438662],[-72.993554,4.438822],[-72.993852,4.438842],[-72.994211,4.438823],[-72.995068,4.438264],[-72.995546,4.438065],[-72.995606,4.438065],[-72.995805,4.437946],[-72.995984,4.438086],[-72.996104,4.438206],[-72.996123,4.438246],[-72.996322,4.438486],[-72.996402,4.438726],[-72.99662,4.438946],[-72.996839,4.439186],[-72.996938,4.439306],[-72.997197,4.439447],[-72.997316,4.439467],[-72.997476,4.439507],[-72.997575,4.439507],[-72.998431,4.439928],[-72.998511,4.439948],[-72.99869,4.440009],[-72.998729,4.440029],[-72.999327,4.43971],[-72.999348,4.43947],[-72.999427,4.43939],[-72.999547,4.43933],[-72.999706,4.439291],[-72.999806,4.439291],[-73.000005,4.439311],[-73.000264,4.439451],[-73.000303,4.439511],[-73.000423,4.439611],[-73.000562,4.439791],[-73.001139,4.440132],[-73.001338,4.440152],[-73.001438,4.440152],[-73.001717,4.440013],[-73.001836,4.439873],[-73.002096,4.439494],[-73.002634,4.438915],[-73.002674,4.438915],[-73.002774,4.438815],[-73.002973,4.438816],[-73.003132,4.438916],[-73.003311,4.439056],[-73.00347,4.439216],[-73.003629,4.439356],[-73.003709,4.439376],[-73.003848,4.439317],[-73.004008,4.439317],[-73.004127,4.439357],[-73.004346,4.439337],[-73.004625,4.439278],[-73.004724,4.439298],[-73.004804,4.439458],[-73.004823,4.439798],[-73.004604,4.439937],[-73.004126,4.440356],[-73.002531,4.441653],[-73.001255,4.44271],[-73.000697,4.443149],[-73.000477,4.443349],[-73.000398,4.443189],[-73.000219,4.442869],[-73.00004,4.442589],[-72.999722,4.442368],[-72.999423,4.442268],[-72.998667,4.442067],[-72.998527,4.442007],[-72.998328,4.441967],[-72.997711,4.441746],[-72.997074,4.441585],[-72.996577,4.441225],[-72.9961,4.440944],[-72.995801,4.440704],[-72.995642,4.440524],[-72.995563,4.440404],[-72.995065,4.440143],[-72.994767,4.440003],[-72.994647,4.439983],[-72.994508,4.439923],[-72.994468,4.439963],[-72.994468,4.440102],[-72.994528,4.440143],[-72.994587,4.440222],[-72.994567,4.440342],[-72.994447,4.440562],[-72.994288,4.440622],[-72.994148,4.440622],[-72.994049,4.440422],[-72.99387,4.440162],[-72.99393,4.440062],[-72.993791,4.439802]]]}},{"type":"Feature","properties":{"cod_bp":"B.342-P.1","bloque":342,"tono":1,"ha":12.7},"geometry":{"type":"Polygon","coordinates":[[[-72.916396,4.445824],[-72.917796,4.444939],[-72.917813,4.445008],[-72.917893,4.445108],[-72.917992,4.445188],[-72.91829,4.445488],[-72.918171,4.445628],[-72.918071,4.445628],[-72.918031,4.445608],[-72.917991,4.445568],[-72.917932,4.445548],[-72.917772,4.445548],[-72.917673,4.445588],[-72.917613,4.445647],[-72.917573,4.445707],[-72.917593,4.445827],[-72.917672,4.445987],[-72.917692,4.446007],[-72.917732,4.446127],[-72.917692,4.446247],[-72.917632,4.446387],[-72.917572,4.446467],[-72.917492,4.446547],[-72.917373,4.446566],[-72.917293,4.446566],[-72.917293,4.446646],[-72.917353,4.446686],[-72.917392,4.446766],[-72.917432,4.446806],[-72.917432,4.446826],[-72.917492,4.446806],[-72.917691,4.446687],[-72.91783,4.446687],[-72.91793,4.446907],[-72.917989,4.446967],[-72.917989,4.446987],[-72.918029,4.447027],[-72.918029,4.447107],[-72.917949,4.447187],[-72.917929,4.447187],[-72.917889,4.447227],[-72.91781,4.447387],[-72.91777,4.447446],[-72.917769,4.447526],[-72.917789,4.447586],[-72.917789,4.447626],[-72.917809,4.447646],[-72.917829,4.447706],[-72.917889,4.447766],[-72.917908,4.447806],[-72.917948,4.447826],[-72.917968,4.447846],[-72.917988,4.447807],[-72.917988,4.447767],[-72.917968,4.447726],[-72.917968,4.447607],[-72.918028,4.447547],[-72.918088,4.447547],[-72.918148,4.447507],[-72.918188,4.447467],[-72.918188,4.447407],[-72.918347,4.447447],[-72.918486,4.447467],[-72.918566,4.447468],[-72.918586,4.447428],[-72.918626,4.447388],[-72.918686,4.447388],[-72.918785,4.447448],[-72.918785,4.447508],[-72.918825,4.447528],[-72.918865,4.447568],[-72.918904,4.447648],[-72.918924,4.447668],[-72.918944,4.447668],[-72.919004,4.447568],[-72.919044,4.447548],[-72.919124,4.447488],[-72.919144,4.447428],[-72.919223,4.447369],[-72.919363,4.447369],[-72.919442,4.447409],[-72.919462,4.447429],[-72.919462,4.447529],[-72.919402,4.447589],[-72.919402,4.447629],[-72.919382,4.447649],[-72.919402,4.447709],[-72.919402,4.447849],[-72.919422,4.447889],[-72.919461,4.447908],[-72.919541,4.447909],[-72.919601,4.447869],[-72.91972,4.447849],[-72.91974,4.447849],[-72.9198,4.447869],[-72.91984,4.447989],[-72.91984,4.448029],[-72.919879,4.448129],[-72.919919,4.448189],[-72.919939,4.448249],[-72.919999,4.448289],[-72.920018,4.448329],[-72.920038,4.448389],[-72.920038,4.448469],[-72.920118,4.448549],[-72.920157,4.448629],[-72.920157,4.448689],[-72.920197,4.448749],[-72.920256,4.448929],[-72.920276,4.448969],[-72.920276,4.449029],[-72.919419,4.449447],[-72.91928,4.449307],[-72.919201,4.449267],[-72.918942,4.449227],[-72.918862,4.449207],[-72.918762,4.449227],[-72.918683,4.449326],[-72.918623,4.449486],[-72.918623,4.449546],[-72.918642,4.449626],[-72.918762,4.449786],[-72.917646,4.450344],[-72.917068,4.450623],[-72.917048,4.450503],[-72.917068,4.450403],[-72.917108,4.450323],[-72.917128,4.450264],[-72.917108,4.450044],[-72.917109,4.449444],[-72.91707,4.449364],[-72.91707,4.449284],[-72.91701,4.449064],[-72.916991,4.448964],[-72.916892,4.448624],[-72.916792,4.448484],[-72.916594,4.448064],[-72.916396,4.447324],[-72.916396,4.447265],[-72.916237,4.446845],[-72.915999,4.446125],[-72.916019,4.446065],[-72.916396,4.445824]]]}},{"type":"Feature","properties":{"cod_bp":"B.342-P.10","bloque":342,"tono":1,"ha":19.6},"geometry":{"type":"Polygon","coordinates":[[[-72.924039,4.436503],[-72.924059,4.436463],[-72.924159,4.436403],[-72.924239,4.436383],[-72.925692,4.436386],[-72.925702,4.42995],[-72.925682,4.42991],[-72.925742,4.42985],[-72.926954,4.431491],[-72.927491,4.432251],[-72.927928,4.432851],[-72.928047,4.432991],[-72.928286,4.433231],[-72.928803,4.433692],[-72.929101,4.433932],[-72.92908,4.434752],[-72.928462,4.43519],[-72.928282,4.43543],[-72.927983,4.435929],[-72.927883,4.436069],[-72.927783,4.436169],[-72.927684,4.436248],[-72.927604,4.436328],[-72.927524,4.436388],[-72.927345,4.436428],[-72.927166,4.436488],[-72.926946,4.436547],[-72.926528,4.436647],[-72.926229,4.436746],[-72.92607,4.436846],[-72.92593,4.436985],[-72.925751,4.437185],[-72.925711,4.437245],[-72.925571,4.437305],[-72.925492,4.437285],[-72.925074,4.437124],[-72.924994,4.437104],[-72.924735,4.437264],[-72.924496,4.437383],[-72.924277,4.437523],[-72.923958,4.437702],[-72.923798,4.437742],[-72.92336,4.438001],[-72.92322,4.438021],[-72.923161,4.438041],[-72.923241,4.437881],[-72.92328,4.437821],[-72.92372,4.437042],[-72.92384,4.436803],[-72.923939,4.436643],[-72.924039,4.436503]]]}},{"type":"Feature","properties":{"cod_bp":"B.342-P.11","bloque":342,"tono":1,"ha":23.4},"geometry":{"type":"Polygon","coordinates":[[[-72.929101,4.433932],[-72.928803,4.433692],[-72.928286,4.433231],[-72.928047,4.432991],[-72.927928,4.432851],[-72.927491,4.432251],[-72.926954,4.431491],[-72.925742,4.42985],[-72.925166,4.42905],[-72.924947,4.42877],[-72.924609,4.42829],[-72.923417,4.426669],[-72.923119,4.426249],[-72.923657,4.42595],[-72.923776,4.42601],[-72.923876,4.42611],[-72.923935,4.42621],[-72.923975,4.42631],[-72.924015,4.42647],[-72.924054,4.42651],[-72.924074,4.42651],[-72.924154,4.42655],[-72.924373,4.42671],[-72.924452,4.42673],[-72.924632,4.426811],[-72.924711,4.426851],[-72.924791,4.426911],[-72.92485,4.426931],[-72.925009,4.427071],[-72.925169,4.427151],[-72.925646,4.427312],[-72.925766,4.427332],[-72.926064,4.427412],[-72.926144,4.427452],[-72.926263,4.427533],[-72.926462,4.427693],[-72.926581,4.427773],[-72.92686,4.427893],[-72.92694,4.427913],[-72.927378,4.427994],[-72.927577,4.428054],[-72.928313,4.428595],[-72.928372,4.428655],[-72.928412,4.428735],[-72.928412,4.428855],[-72.928451,4.428955],[-72.928531,4.429095],[-72.928611,4.429195],[-72.928969,4.429415],[-72.929008,4.429455],[-72.929247,4.429755],[-72.929326,4.429875],[-72.929366,4.429975],[-72.929426,4.430075],[-72.929485,4.430195],[-72.929545,4.430275],[-72.929664,4.430515],[-72.929803,4.430715],[-72.929803,4.430915],[-72.929842,4.431155],[-72.929901,4.431395],[-72.929901,4.431455],[-72.929862,4.431515],[-72.929841,4.431615],[-72.929742,4.431815],[-72.929721,4.431934],[-72.92972,4.433114],[-72.929579,4.433813],[-72.92926,4.434052],[-72.929101,4.433932]]]}},{"type":"Feature","properties":{"cod_bp":"B.342-P.2","bloque":342,"tono":1,"ha":6.7},"geometry":{"type":"Polygon","coordinates":[[[-72.918171,4.445628],[-72.91829,4.445488],[-72.918609,4.445789],[-72.918688,4.445889],[-72.918768,4.445929],[-72.918827,4.445969],[-72.919046,4.446029],[-72.919424,4.44611],[-72.920081,4.446271],[-72.921455,4.446592],[-72.921933,4.446693],[-72.92247,4.446834],[-72.923485,4.447075],[-72.923724,4.447115],[-72.923923,4.447176],[-72.924003,4.447216],[-72.923226,4.447594],[-72.923186,4.447514],[-72.923126,4.447454],[-72.923107,4.447394],[-72.923047,4.447354],[-72.922888,4.447294],[-72.922788,4.447274],[-72.922669,4.447274],[-72.922489,4.447253],[-72.922211,4.447253],[-72.922011,4.447273],[-72.921493,4.447392],[-72.921294,4.447471],[-72.921254,4.447491],[-72.921194,4.447551],[-72.921095,4.447591],[-72.920915,4.447771],[-72.920895,4.447951],[-72.920895,4.44803],[-72.920915,4.44817],[-72.920895,4.44825],[-72.920895,4.44833],[-72.920994,4.44869],[-72.920635,4.448869],[-72.920496,4.44853],[-72.920357,4.44813],[-72.920318,4.44795],[-72.920338,4.44785],[-72.920358,4.44781],[-72.920338,4.44773],[-72.920318,4.44759],[-72.920219,4.44749],[-72.920139,4.44733],[-72.92008,4.44703],[-72.920021,4.44687],[-72.919981,4.44693],[-72.919881,4.44695],[-72.919861,4.44705],[-72.919801,4.44709],[-72.919602,4.447089],[-72.919602,4.447109],[-72.919383,4.447169],[-72.919283,4.447169],[-72.919243,4.447189],[-72.919184,4.447189],[-72.919084,4.447228],[-72.918985,4.447248],[-72.918805,4.447188],[-72.918706,4.447128],[-72.918527,4.447048],[-72.918427,4.447028],[-72.918308,4.446948],[-72.918189,4.446788],[-72.918089,4.446627],[-72.91803,4.446428],[-72.918031,4.446088],[-72.91809,4.446028],[-72.918091,4.445908],[-72.91811,4.445868],[-72.91813,4.445848],[-72.91823,4.445828],[-72.91823,4.445768],[-72.91821,4.445708],[-72.91821,4.445688],[-72.91819,4.445648],[-72.918171,4.445628]]]}},{"type":"Feature","properties":{"cod_bp":"B.342-P.3","bloque":342,"tono":1,"ha":12.0},"geometry":{"type":"Polygon","coordinates":[[[-72.917796,4.444939],[-72.919588,4.443792],[-72.919607,4.443812],[-72.924223,4.446516],[-72.92476,4.446817],[-72.924362,4.447036],[-72.924003,4.447216],[-72.923923,4.447176],[-72.923724,4.447115],[-72.923485,4.447075],[-72.92247,4.446834],[-72.921933,4.446693],[-72.921455,4.446592],[-72.920081,4.446271],[-72.919424,4.44611],[-72.919046,4.446029],[-72.918827,4.445969],[-72.918768,4.445929],[-72.918688,4.445889],[-72.918609,4.445789],[-72.917992,4.445188],[-72.917893,4.445108],[-72.917813,4.445008],[-72.917796,4.444939]]]}},{"type":"Feature","properties":{"cod_bp":"B.342-P.4","bloque":342,"tono":1,"ha":19.6},"geometry":{"type":"Polygon","coordinates":[[[-72.923207,4.441504],[-72.923396,4.441387],[-72.923414,4.441459],[-72.923414,4.441499],[-72.923454,4.441539],[-72.923474,4.441579],[-72.923494,4.441579],[-72.923573,4.441639],[-72.923653,4.441679],[-72.923693,4.441679],[-72.923732,4.441699],[-72.923752,4.441719],[-72.923792,4.441739],[-72.923832,4.441779],[-72.923872,4.441859],[-72.923911,4.441899],[-72.923931,4.441939],[-72.923951,4.441939],[-72.924011,4.441999],[-72.924031,4.441999],[-72.924051,4.442019],[-72.924051,4.442039],[-72.92407,4.442059],[-72.92409,4.442059],[-72.92411,4.442099],[-72.92413,4.442119],[-72.92413,4.442379],[-72.92405,4.442619],[-72.92405,4.442659],[-72.92401,4.442759],[-72.92401,4.442799],[-72.92399,4.442859],[-72.92397,4.442879],[-72.92397,4.442939],[-72.92395,4.442958],[-72.92395,4.442998],[-72.92393,4.443018],[-72.92393,4.443078],[-72.92389,4.443178],[-72.92389,4.443218],[-72.92387,4.443238],[-72.923869,4.443338],[-72.923889,4.443418],[-72.923969,4.443578],[-72.923988,4.443638],[-72.924068,4.443778],[-72.924148,4.443818],[-72.924207,4.443858],[-72.924227,4.443858],[-72.924406,4.444038],[-72.924466,4.444078],[-72.924525,4.444139],[-72.924585,4.444178],[-72.924625,4.444239],[-72.924665,4.444279],[-72.924744,4.444339],[-72.924843,4.444439],[-72.924903,4.444539],[-72.924983,4.444619],[-72.925003,4.444659],[-72.925082,4.444719],[-72.925142,4.444779],[-72.925201,4.444799],[-72.925241,4.444839],[-72.92536,4.444919],[-72.92542,4.444979],[-72.92548,4.445019],[-72.92552,4.445059],[-72.925619,4.445119],[-72.925679,4.445139],[-72.925818,4.44514],[-72.925858,4.44512],[-72.925918,4.44512],[-72.925938,4.44508],[-72.925978,4.44506],[-72.926018,4.44502],[-72.926057,4.44502],[-72.926077,4.445],[-72.926097,4.44502],[-72.926117,4.44502],[-72.926157,4.44506],[-72.926157,4.44512],[-72.926197,4.4452],[-72.926196,4.44524],[-72.926216,4.44526],[-72.926236,4.4453],[-72.926336,4.4454],[-72.926375,4.44542],[-72.926534,4.44558],[-72.926673,4.44586],[-72.926614,4.44588],[-72.92476,4.446817],[-72.924223,4.446516],[-72.919607,4.443812],[-72.919588,4.443792],[-72.920783,4.443034],[-72.921361,4.442675],[-72.921919,4.442316],[-72.922537,4.441937],[-72.923207,4.441504]]]}},{"type":"Feature","properties":{"cod_bp":"B.342-P.5","bloque":342,"tono":1,"ha":27.0},"geometry":{"type":"Polygon","coordinates":[[[-72.918168,4.432072],[-72.918132,4.432018],[-72.918092,4.431938],[-72.917029,4.430357],[-72.922077,4.430345],[-72.922072,4.433862],[-72.922049,4.435901],[-72.922066,4.4374],[-72.922065,4.438207],[-72.920352,4.438476],[-72.91986,4.435078],[-72.919781,4.434478],[-72.918727,4.432907],[-72.919565,4.432419],[-72.919108,4.431739],[-72.918168,4.432072]]]}},{"type":"Feature","properties":{"cod_bp":"B.342-P.6","bloque":342,"tono":1,"ha":12.0},"geometry":{"type":"Polygon","coordinates":[[[-72.917029,4.430357],[-72.916642,4.429777],[-72.918654,4.428901],[-72.920229,4.428163],[-72.921564,4.427566],[-72.921385,4.427166],[-72.921445,4.427106],[-72.921485,4.427106],[-72.921485,4.427046],[-72.921644,4.427106],[-72.922082,4.42736],[-72.922077,4.430345],[-72.917029,4.430357]]]}},{"type":"Feature","properties":{"cod_bp":"B.342-P.7","bloque":342,"tono":1,"ha":17.0},"geometry":{"type":"Polygon","coordinates":[[[-72.917803,4.421538],[-72.920653,4.420276],[-72.920738,4.42025],[-72.921192,4.423048],[-72.919079,4.424544],[-72.919079,4.424604],[-72.919099,4.424644],[-72.919477,4.425124],[-72.92053,4.426545],[-72.920609,4.426625],[-72.920609,4.426645],[-72.920828,4.426705],[-72.921266,4.426966],[-72.921405,4.427026],[-72.921485,4.427046],[-72.921485,4.427106],[-72.921445,4.427106],[-72.921385,4.427166],[-72.920947,4.427405],[-72.920767,4.427445],[-72.920608,4.427524],[-72.92009,4.427823],[-72.92007,4.427823],[-72.91995,4.427723],[-72.919831,4.427583],[-72.919335,4.426723],[-72.919196,4.426423],[-72.918937,4.426023],[-72.918024,4.424423],[-72.917945,4.424303],[-72.917825,4.424063],[-72.917786,4.423963],[-72.918186,4.422924],[-72.918186,4.422884],[-72.917968,4.422284],[-72.917908,4.422124],[-72.917829,4.421964],[-72.917829,4.421864],[-72.917869,4.421684],[-72.917849,4.421585],[-72.917803,4.421538]]]}},{"type":"Feature","properties":{"cod_bp":"B.342-P.8","bloque":342,"tono":1,"ha":23.3},"geometry":{"type":"Polygon","coordinates":[[[-72.922424,4.43816],[-72.922065,4.438207],[-72.922066,4.4374],[-72.922049,4.435901],[-72.922072,4.433862],[-72.922082,4.42736],[-72.923892,4.428408],[-72.923952,4.428429],[-72.923972,4.428449],[-72.923965,4.433025],[-72.924024,4.433145],[-72.924039,4.436423],[-72.924059,4.436463],[-72.924039,4.436503],[-72.923939,4.436643],[-72.92384,4.436803],[-72.92372,4.437042],[-72.92328,4.437821],[-72.923241,4.437881],[-72.923161,4.438041],[-72.922424,4.43816]]]}},{"type":"Feature","properties":{"cod_bp":"B.342-P.9","bloque":342,"tono":1,"ha":21.7},"geometry":{"type":"Polygon","coordinates":[[[-72.923892,4.428408],[-72.922082,4.427347],[-72.921644,4.427106],[-72.921485,4.427046],[-72.921405,4.427026],[-72.921266,4.426966],[-72.920828,4.426705],[-72.920609,4.426645],[-72.920609,4.426625],[-72.922503,4.425369],[-72.922721,4.425669],[-72.923119,4.426249],[-72.923417,4.426669],[-72.924609,4.42829],[-72.924947,4.42877],[-72.925166,4.42905],[-72.925742,4.42985],[-72.925682,4.42991],[-72.925702,4.42995],[-72.925692,4.436386],[-72.924239,4.436383],[-72.924159,4.436403],[-72.924059,4.436463],[-72.924039,4.436423],[-72.924024,4.433145],[-72.923965,4.433025],[-72.923972,4.428449],[-72.923952,4.428429],[-72.923892,4.428408]]]}},{"type":"Feature","properties":{"cod_bp":"B.343-P.1","bloque":343,"tono":0,"ha":30.7},"geometry":{"type":"Polygon","coordinates":[[[-72.958304,4.548176],[-72.958462,4.549235],[-72.95858,4.550135],[-72.959053,4.553193],[-72.959152,4.553633],[-72.959727,4.555293],[-72.960144,4.556373],[-72.959865,4.556632],[-72.959386,4.556911],[-72.958969,4.556271],[-72.957873,4.556689],[-72.956398,4.557267],[-72.955681,4.557525],[-72.955442,4.557605],[-72.954924,4.557325],[-72.954925,4.557125],[-72.955364,4.556546],[-72.955364,4.556186],[-72.955444,4.556026],[-72.955683,4.555907],[-72.956562,4.554389],[-72.956684,4.55293],[-72.956504,4.55289],[-72.955967,4.552629],[-72.955828,4.552329],[-72.955809,4.55167],[-72.955412,4.55073],[-72.956728,4.550052],[-72.956708,4.549652],[-72.956868,4.549533],[-72.956789,4.548893],[-72.956949,4.548713],[-72.958304,4.548176]]]}},{"type":"Feature","properties":{"cod_bp":"B.344-P.1","bloque":344,"tono":1,"ha":30.3},"geometry":{"type":"Polygon","coordinates":[[[-73.000548,4.435834],[-73.003239,4.433959],[-73.003942,4.429203],[-73.010021,4.439785],[-73.009821,4.440065],[-73.009562,4.440104],[-73.009443,4.440104],[-73.009363,4.440064],[-73.009204,4.440024],[-73.009144,4.440024],[-73.009005,4.440004],[-73.008925,4.440003],[-73.008826,4.440023],[-73.008686,4.440023],[-73.008547,4.439983],[-73.008427,4.439963],[-73.008328,4.439923],[-73.008189,4.439942],[-73.008069,4.439982],[-73.007929,4.440122],[-73.00781,4.440162],[-73.007491,4.440161],[-73.007392,4.440181],[-73.007312,4.440221],[-73.007153,4.440201],[-73.007073,4.440141],[-73.007013,4.440061],[-73.007034,4.439981],[-73.007153,4.439721],[-73.007233,4.439441],[-73.007254,4.439301],[-73.007254,4.439141],[-73.007234,4.439042],[-73.007194,4.438922],[-73.007135,4.438802],[-73.006876,4.438402],[-73.006837,4.438222],[-73.006817,4.438102],[-73.006817,4.437942],[-73.006857,4.437822],[-73.006897,4.437582],[-73.006957,4.437422],[-73.006978,4.437342],[-73.006978,4.437282],[-73.006938,4.437122],[-73.00676,4.436603],[-73.006581,4.436362],[-73.006382,4.436182],[-73.006024,4.435942],[-73.005805,4.435822],[-73.005646,4.435761],[-73.005447,4.435641],[-73.005327,4.435621],[-73.005228,4.435641],[-73.005168,4.435681],[-73.005068,4.435701],[-73.004969,4.435701],[-73.004849,4.43566],[-73.004591,4.43544],[-73.004451,4.43536],[-73.004292,4.43524],[-73.004153,4.43518],[-73.003954,4.43506],[-73.003755,4.434959],[-73.003556,4.434879],[-73.003397,4.434879],[-73.003178,4.434899],[-73.002959,4.434878],[-73.002759,4.434918],[-73.00248,4.435017],[-73.002341,4.435157],[-73.002221,4.435257],[-73.001982,4.435416],[-73.001823,4.435556],[-73.001623,4.435696],[-73.001344,4.435835],[-73.001105,4.435915],[-73.001045,4.435955],[-73.000985,4.436075],[-73.000946,4.436115],[-73.000866,4.436154],[-73.000707,4.436154],[-73.000607,4.436094],[-73.000547,4.436034],[-73.000528,4.435954],[-73.000528,4.435874],[-73.000548,4.435834]]]}},{"type":"Feature","properties":{"cod_bp":"B.344-P.10","bloque":344,"tono":1,"ha":5.2},"geometry":{"type":"Polygon","coordinates":[[[-73.017482,4.430182],[-73.017303,4.429842],[-73.015873,4.427362],[-73.016471,4.427023],[-73.018878,4.428386],[-73.017482,4.430182]]]}},{"type":"Feature","properties":{"cod_bp":"B.344-P.11","bloque":344,"tono":1,"ha":13.1},"geometry":{"type":"Polygon","coordinates":[[[-73.015734,4.427142],[-73.014403,4.424781],[-73.014463,4.424762],[-73.014523,4.424702],[-73.014583,4.424602],[-73.014583,4.424542],[-73.014642,4.424502],[-73.014662,4.424442],[-73.014663,4.424282],[-73.014643,4.424202],[-73.014603,4.424122],[-73.014544,4.424062],[-73.014484,4.424022],[-73.014285,4.423942],[-73.014225,4.423942],[-73.014145,4.423862],[-73.014086,4.423822],[-73.013947,4.423542],[-73.013867,4.423342],[-73.013788,4.423262],[-73.013668,4.423202],[-73.013549,4.423021],[-73.013549,4.422942],[-73.01349,4.422802],[-73.01349,4.422742],[-73.01347,4.422722],[-73.01347,4.422662],[-73.01345,4.422622],[-73.01345,4.422522],[-73.01349,4.422542],[-73.013689,4.422542],[-73.013729,4.422522],[-73.014048,4.422463],[-73.014446,4.422343],[-73.014705,4.422224],[-73.014745,4.422224],[-73.014785,4.422204],[-73.014845,4.422124],[-73.014905,4.422084],[-73.014945,4.422044],[-73.015005,4.421924],[-73.015024,4.421904],[-73.015104,4.421884],[-73.015204,4.421785],[-73.015204,4.421765],[-73.015224,4.421745],[-73.015224,4.421725],[-73.015323,4.421685],[-73.015463,4.421545],[-73.015463,4.421525],[-73.015563,4.421485],[-73.015583,4.421485],[-73.015623,4.421445],[-73.015642,4.421406],[-73.015682,4.421366],[-73.015702,4.421326],[-73.015702,4.421306],[-73.015822,4.421226],[-73.015882,4.421166],[-73.015941,4.421126],[-73.016001,4.421106],[-73.016081,4.421046],[-73.016141,4.420987],[-73.016161,4.420947],[-73.016221,4.420927],[-73.0163,4.420927],[-73.01636,4.420947],[-73.016459,4.420927],[-73.016451,4.426823],[-73.016471,4.427023],[-73.015873,4.427362],[-73.015734,4.427142]]]}},{"type":"Feature","properties":{"cod_bp":"B.344-P.13","bloque":344,"tono":1,"ha":13.2},"geometry":{"type":"Polygon","coordinates":[[[-73.017129,4.426324],[-73.017089,4.426284],[-73.017169,4.426285],[-73.017229,4.426265],[-73.017348,4.426145],[-73.017408,4.426105],[-73.017408,4.426065],[-73.017468,4.425985],[-73.017468,4.425965],[-73.017568,4.425905],[-73.017607,4.425865],[-73.017608,4.425845],[-73.017628,4.425826],[-73.017647,4.425785],[-73.017647,4.425765],[-73.017668,4.425706],[-73.017668,4.425666],[-73.017687,4.425626],[-73.017708,4.425606],[-73.017708,4.425566],[-73.017747,4.425506],[-73.017787,4.425406],[-73.017807,4.425406],[-73.017827,4.425386],[-73.017947,4.425326],[-73.018027,4.425246],[-73.018146,4.425207],[-73.018286,4.425067],[-73.018326,4.425007],[-73.018326,4.424987],[-73.018366,4.424867],[-73.018366,4.424507],[-73.018346,4.424467],[-73.018366,4.424448],[-73.018386,4.424448],[-73.018605,4.424328],[-73.019383,4.423889],[-73.019741,4.42367],[-73.02008,4.423491],[-73.020399,4.423311],[-73.020439,4.423311],[-73.020538,4.423351],[-73.021095,4.423672],[-73.021633,4.423992],[-73.02209,4.424293],[-73.019437,4.427667],[-73.017706,4.426665],[-73.017328,4.426425],[-73.017129,4.426324]]]}},{"type":"Feature","properties":{"cod_bp":"B.344-P.14","bloque":344,"tono":1,"ha":10.7},"geometry":{"type":"Polygon","coordinates":[[[-73.018366,4.424448],[-73.018346,4.424467],[-73.018346,4.424447],[-73.018307,4.424367],[-73.018227,4.424287],[-73.018227,4.424247],[-73.018187,4.424087],[-73.018148,4.424007],[-73.018148,4.423967],[-73.018108,4.423847],[-73.018068,4.423788],[-73.018009,4.423667],[-73.017969,4.423627],[-73.017969,4.423527],[-73.017949,4.423468],[-73.01795,4.423408],[-73.01793,4.423368],[-73.01793,4.423328],[-73.01791,4.423308],[-73.01793,4.423288],[-73.01793,4.423168],[-73.01795,4.423068],[-73.01795,4.422748],[-73.017971,4.422688],[-73.017971,4.422548],[-73.017951,4.422468],[-73.017891,4.422388],[-73.017772,4.422268],[-73.017772,4.421908],[-73.017792,4.421868],[-73.017792,4.421848],[-73.017812,4.421828],[-73.017812,4.421768],[-73.017912,4.421669],[-73.018052,4.421629],[-73.018091,4.421609],[-73.018171,4.421529],[-73.018231,4.421529],[-73.018371,4.42143],[-73.01845,4.42141],[-73.01853,4.42137],[-73.01859,4.42131],[-73.018649,4.42123],[-73.018689,4.42113],[-73.01869,4.42105],[-73.01871,4.42101],[-73.01871,4.42099],[-73.018749,4.42097],[-73.018789,4.42093],[-73.018789,4.42089],[-73.022732,4.421196],[-73.021157,4.422093],[-73.02054,4.422452],[-73.02046,4.422512],[-73.02042,4.422532],[-73.020419,4.423231],[-73.020439,4.423311],[-73.020399,4.423311],[-73.02008,4.423491],[-73.019741,4.42367],[-73.019383,4.423889],[-73.018605,4.424328],[-73.018386,4.424448],[-73.018366,4.424448]]]}},{"type":"Feature","properties":{"cod_bp":"B.344-P.15","bloque":344,"tono":1,"ha":7.9},"geometry":{"type":"Polygon","coordinates":[[[-73.020538,4.423351],[-73.020439,4.423311],[-73.020419,4.423231],[-73.02042,4.422532],[-73.02046,4.422512],[-73.02054,4.422452],[-73.021157,4.422093],[-73.022732,4.421196],[-73.024444,4.421318],[-73.02209,4.424293],[-73.021633,4.423992],[-73.021095,4.423672],[-73.020538,4.423351]]]}},{"type":"Feature","properties":{"cod_bp":"B.344-P.2","bloque":344,"tono":1,"ha":35.0},"geometry":{"type":"Polygon","coordinates":[[[-73.009941,4.439645],[-73.003942,4.429203],[-73.004063,4.428364],[-73.004244,4.427365],[-73.004463,4.427365],[-73.005,4.427306],[-73.00514,4.427287],[-73.005279,4.427247],[-73.005399,4.427227],[-73.011298,4.437488],[-73.011497,4.437888],[-73.010998,4.438507],[-73.010021,4.439785],[-73.009941,4.439645]]]}},{"type":"Feature","properties":{"cod_bp":"B.344-P.3","bloque":344,"tono":1,"ha":31.7},"geometry":{"type":"Polygon","coordinates":[[[-73.011298,4.437488],[-73.005399,4.427227],[-73.005658,4.427187],[-73.006216,4.426968],[-73.006335,4.426908],[-73.006773,4.426849],[-73.007291,4.42685],[-73.007451,4.42673],[-73.00755,4.426551],[-73.00759,4.426511],[-73.010689,4.431931],[-73.012834,4.435672],[-73.012993,4.435932],[-73.011497,4.437888],[-73.011298,4.437488]]]}},{"type":"Feature","properties":{"cod_bp":"B.344-P.4","bloque":344,"tono":1,"ha":29.7},"geometry":{"type":"Polygon","coordinates":[[[-73.009134,4.425074],[-73.009306,4.424976],[-73.010775,4.427574],[-73.011589,4.428975],[-73.013953,4.433115],[-73.01447,4.434035],[-73.012993,4.435932],[-73.012834,4.435672],[-73.010689,4.431931],[-73.00759,4.426511],[-73.00797,4.425832],[-73.008089,4.425672],[-73.008169,4.425632],[-73.009134,4.425074]]]}},{"type":"Feature","properties":{"cod_bp":"B.344-P.5","bloque":344,"tono":1,"ha":27.6},"geometry":{"type":"Polygon","coordinates":[[[-73.009425,4.424874],[-73.009805,4.424194],[-73.009924,4.423996],[-73.009944,4.423976],[-73.011993,4.425178],[-73.012112,4.425238],[-73.013741,4.428118],[-73.016006,4.432099],[-73.015986,4.432139],[-73.01447,4.434035],[-73.013953,4.433115],[-73.011589,4.428975],[-73.010775,4.427574],[-73.009306,4.424976],[-73.009345,4.424954],[-73.009425,4.424874]]]}},{"type":"Feature","properties":{"cod_bp":"B.344-P.6","bloque":344,"tono":1,"ha":5.4},"geometry":{"type":"Polygon","coordinates":[[[-73.009747,4.422316],[-73.009747,4.422276],[-73.009787,4.422276],[-73.009807,4.422297],[-73.009827,4.422337],[-73.009846,4.422397],[-73.009846,4.422436],[-73.009866,4.422477],[-73.009926,4.422517],[-73.009966,4.422557],[-73.010025,4.422577],[-73.010085,4.422617],[-73.010204,4.422617],[-73.010224,4.422637],[-73.010284,4.422637],[-73.010324,4.422677],[-73.010364,4.422677],[-73.010384,4.422697],[-73.010463,4.422737],[-73.010523,4.422757],[-73.010642,4.422758],[-73.010662,4.422777],[-73.010662,4.422897],[-73.010642,4.422957],[-73.010662,4.423017],[-73.010662,4.423117],[-73.010682,4.423177],[-73.010662,4.423217],[-73.010661,4.423457],[-73.010641,4.423497],[-73.010641,4.423637],[-73.010661,4.423677],[-73.010661,4.423737],[-73.010701,4.423777],[-73.010721,4.423817],[-73.01076,4.423857],[-73.0108,4.423877],[-73.01082,4.423917],[-73.01086,4.423917],[-73.010899,4.423937],[-73.011099,4.423937],[-73.011139,4.423957],[-73.011158,4.423977],[-73.011258,4.424017],[-73.011278,4.424037],[-73.011337,4.424058],[-73.011517,4.424058],[-73.011616,4.423998],[-73.011676,4.423938],[-73.011696,4.423898],[-73.011756,4.423838],[-73.011796,4.423738],[-73.011796,4.423599],[-73.011776,4.423578],[-73.011776,4.423539],[-73.011736,4.423519],[-73.011717,4.423478],[-73.011657,4.423419],[-73.011577,4.423378],[-73.011538,4.423338],[-73.011498,4.423338],[-73.011478,4.423318],[-73.011478,4.423298],[-73.011458,4.423278],[-73.011458,4.423258],[-73.011478,4.423238],[-73.011478,4.423198],[-73.011498,4.423158],[-73.011538,4.422999],[-73.011598,4.422879],[-73.011638,4.422899],[-73.011678,4.422899],[-73.011697,4.422919],[-73.011777,4.422959],[-73.011817,4.422959],[-73.011857,4.422979],[-73.011956,4.422979],[-73.011996,4.422959],[-73.012036,4.422959],[-73.012096,4.422899],[-73.012175,4.42286],[-73.012315,4.42286],[-73.012375,4.42284],[-73.012454,4.4228],[-73.012534,4.42272],[-73.012614,4.42276],[-73.012634,4.4228],[-73.012673,4.42284],[-73.012713,4.42286],[-73.012713,4.42308],[-73.012772,4.42324],[-73.012812,4.42332],[-73.012872,4.4234],[-73.012951,4.42348],[-73.013051,4.42356],[-73.01315,4.42372],[-73.01323,4.4238],[-73.013229,4.42386],[-73.013249,4.42394],[-73.013289,4.42398],[-73.013329,4.4241],[-73.013329,4.42416],[-73.013368,4.42424],[-73.013368,4.42426],[-73.013448,4.42434],[-73.012001,4.425173],[-73.009944,4.423976],[-73.010103,4.423676],[-73.010283,4.423396],[-73.010323,4.423257],[-73.010323,4.423077],[-73.010304,4.422977],[-73.010224,4.422897],[-73.010125,4.422817],[-73.009925,4.422696],[-73.009767,4.422476],[-73.009747,4.422316]]]}},{"type":"Feature","properties":{"cod_bp":"B.344-P.7","bloque":344,"tono":1,"ha":12.2},"geometry":{"type":"Polygon","coordinates":[[[-73.006455,4.426529],[-73.007576,4.422773],[-73.007715,4.422813],[-73.007874,4.422813],[-73.008014,4.422794],[-73.008094,4.422734],[-73.008153,4.422614],[-73.008173,4.422514],[-73.008114,4.422294],[-73.008094,4.422154],[-73.008772,4.421855],[-73.009011,4.421876],[-73.00917,4.421976],[-73.009349,4.422016],[-73.009389,4.422016],[-73.009508,4.422076],[-73.009608,4.422096],[-73.009668,4.422116],[-73.009747,4.422177],[-73.009747,4.422316],[-73.009767,4.422476],[-73.009866,4.422616],[-73.009925,4.422696],[-73.010125,4.422817],[-73.010224,4.422897],[-73.010304,4.422977],[-73.010323,4.423077],[-73.010323,4.423257],[-73.010283,4.423396],[-73.010103,4.423676],[-73.009904,4.424016],[-73.009604,4.424535],[-73.009425,4.424874],[-73.009345,4.424954],[-73.008169,4.425632],[-73.008089,4.425672],[-73.00797,4.425832],[-73.007451,4.42673],[-73.007291,4.42685],[-73.006773,4.426849],[-73.006435,4.426889],[-73.006335,4.426908],[-73.006395,4.426749],[-73.006415,4.426629],[-73.006455,4.426529]]]}},{"type":"Feature","properties":{"cod_bp":"B.344-P.8","bloque":344,"tono":1,"ha":17.7},"geometry":{"type":"Polygon","coordinates":[[[-73.004323,4.427365],[-73.004244,4.427365],[-73.005368,4.420691],[-73.005488,4.420791],[-73.005627,4.420792],[-73.005886,4.420672],[-73.005966,4.420612],[-73.006026,4.420512],[-73.006046,4.420432],[-73.006046,4.420293],[-73.006026,4.420212],[-73.006026,4.420153],[-73.006066,4.420173],[-73.006146,4.420233],[-73.006245,4.420333],[-73.006364,4.420373],[-73.006464,4.420433],[-73.006484,4.420513],[-73.006484,4.420613],[-73.006563,4.420753],[-73.006722,4.420993],[-73.006801,4.421073],[-73.006901,4.421133],[-73.00702,4.421153],[-73.00712,4.421153],[-73.00722,4.421174],[-73.007279,4.421194],[-73.007259,4.421214],[-73.007239,4.421254],[-73.007199,4.421353],[-73.007219,4.421413],[-73.007219,4.421493],[-73.007259,4.421633],[-73.007298,4.421713],[-73.007438,4.421833],[-73.007458,4.421833],[-73.007438,4.421873],[-73.007398,4.421913],[-73.007398,4.421953],[-73.007378,4.422013],[-73.007378,4.422113],[-73.007397,4.422153],[-73.007397,4.422253],[-73.007337,4.422413],[-73.007357,4.422613],[-73.007476,4.422713],[-73.007576,4.422773],[-73.006455,4.426529],[-73.006415,4.426629],[-73.006395,4.426749],[-73.006375,4.426789],[-73.006335,4.426908],[-73.006255,4.426948],[-73.005917,4.427088],[-73.005658,4.427187],[-73.005279,4.427247],[-73.00514,4.427287],[-73.005,4.427306],[-73.004463,4.427365],[-73.004323,4.427365]]]}},{"type":"Feature","properties":{"cod_bp":"B.344-P.9","bloque":344,"tono":1,"ha":20.1},"geometry":{"type":"Polygon","coordinates":[[[-73.012112,4.425238],[-73.012001,4.425173],[-73.013448,4.42434],[-73.013468,4.42444],[-73.013507,4.42452],[-73.013547,4.42458],[-73.013607,4.42462],[-73.013726,4.424661],[-73.013866,4.424661],[-73.013985,4.424701],[-73.014025,4.424741],[-73.014084,4.424781],[-73.014164,4.424821],[-73.014264,4.424821],[-73.014403,4.424781],[-73.015734,4.427142],[-73.017303,4.429842],[-73.017482,4.430182],[-73.016006,4.432099],[-73.013741,4.428118],[-73.012112,4.425238]]]}},{"type":"Feature","properties":{"cod_bp":"B.4-P.1","bloque":4,"tono":2,"ha":66.7},"geometry":{"type":"Polygon","coordinates":[[[-72.99104,4.488543],[-72.990892,4.489144],[-72.990812,4.489404],[-72.990412,4.490901],[-72.990232,4.491441],[-72.990191,4.491901],[-72.99013,4.49296],[-72.990189,4.49356],[-72.990248,4.49394],[-72.990268,4.49418],[-72.990307,4.49434],[-72.990347,4.49446],[-72.990386,4.494859],[-72.990386,4.494919],[-72.990326,4.495239],[-72.990246,4.495779],[-72.990206,4.495958],[-72.990185,4.496098],[-72.990064,4.497097],[-72.989903,4.498216],[-72.989642,4.500275],[-72.989601,4.500654],[-72.989501,4.501354],[-72.98944,4.501893],[-72.98938,4.502153],[-72.98936,4.502293],[-72.989299,4.502972],[-72.989259,4.503052],[-72.989219,4.503152],[-72.989219,4.503172],[-72.989139,4.503352],[-72.98904,4.503212],[-72.98902,4.503172],[-72.98896,4.503132],[-72.988921,4.503072],[-72.988742,4.502891],[-72.988503,4.502691],[-72.988284,4.502531],[-72.987847,4.502151],[-72.987767,4.502071],[-72.987727,4.502011],[-72.987707,4.501951],[-72.987668,4.501911],[-72.987608,4.501791],[-72.987549,4.501691],[-72.98739,4.501371],[-72.98733,4.501191],[-72.98729,4.501111],[-72.987172,4.500731],[-72.987033,4.500351],[-72.986993,4.500191],[-72.986954,4.499511],[-72.986897,4.497852],[-72.98682,4.496013],[-72.986782,4.494634],[-72.986744,4.493675],[-72.986705,4.493055],[-72.986647,4.491856],[-72.986473,4.488118],[-72.986435,4.487099],[-72.98745,4.48698],[-72.988307,4.486842],[-72.988606,4.486782],[-72.989163,4.486703],[-72.98996,4.486604],[-72.990677,4.486505],[-72.990757,4.486506],[-72.990996,4.486486],[-72.991275,4.486446],[-72.991613,4.486387],[-72.991613,4.486427],[-72.991473,4.486886],[-72.991293,4.487526],[-72.991153,4.488065],[-72.99104,4.488543]]]}},{"type":"Feature","properties":{"cod_bp":"B.4-P.2","bloque":4,"tono":2,"ha":31.9},"geometry":{"type":"Polygon","coordinates":[[[-72.986974,4.499831],[-72.986993,4.500191],[-72.986953,4.500071],[-72.986874,4.499891],[-72.986775,4.499631],[-72.986259,4.498091],[-72.986101,4.497651],[-72.985387,4.495552],[-72.985049,4.494632],[-72.98495,4.494432],[-72.98491,4.494372],[-72.984632,4.493872],[-72.984374,4.493392],[-72.98354,4.491931],[-72.98346,4.491811],[-72.983347,4.487614],[-72.983287,4.487454],[-72.983447,4.487414],[-72.984662,4.487276],[-72.985379,4.487177],[-72.985857,4.487178],[-72.986096,4.487158],[-72.986435,4.487099],[-72.986473,4.488118],[-72.986647,4.491856],[-72.986705,4.493055],[-72.986744,4.493675],[-72.986782,4.494634],[-72.98682,4.496013],[-72.986897,4.497852],[-72.986954,4.499511],[-72.986974,4.499831]]]}},{"type":"Feature","properties":{"cod_bp":"B.4-P.3","bloque":4,"tono":2,"ha":22.2},"geometry":{"type":"Polygon","coordinates":[[[-72.983962,4.503104],[-72.983961,4.503324],[-72.983902,4.503344],[-72.983722,4.503344],[-72.983583,4.503364],[-72.983205,4.503363],[-72.983125,4.503383],[-72.982806,4.503382],[-72.982647,4.503402],[-72.982388,4.503402],[-72.982209,4.503382],[-72.982129,4.503401],[-72.982069,4.503461],[-72.981851,4.503201],[-72.981731,4.503041],[-72.981453,4.502701],[-72.981314,4.502501],[-72.981274,4.502381],[-72.981235,4.502201],[-72.981255,4.502061],[-72.981295,4.501861],[-72.981435,4.501502],[-72.981575,4.501262],[-72.981694,4.501202],[-72.981754,4.501143],[-72.981993,4.501043],[-72.982193,4.500803],[-72.982272,4.500684],[-72.982393,4.500284],[-72.982592,4.499765],[-72.982593,4.499345],[-72.982533,4.499265],[-72.982275,4.498625],[-72.982117,4.498325],[-72.981539,4.498024],[-72.981062,4.497764],[-72.980923,4.497584],[-72.980764,4.497404],[-72.980386,4.497123],[-72.980386,4.496883],[-72.980406,4.496784],[-72.980565,4.496704],[-72.980725,4.496664],[-72.980805,4.496524],[-72.980885,4.496444],[-72.980984,4.496445],[-72.981722,4.495946],[-72.981722,4.495886],[-72.98222,4.495527],[-72.98232,4.495307],[-72.98248,4.495028],[-72.98258,4.494828],[-72.982679,4.494728],[-72.982799,4.494708],[-72.982879,4.494669],[-72.982939,4.494469],[-72.983019,4.494329],[-72.983138,4.494309],[-72.983317,4.494369],[-72.983377,4.49435],[-72.983616,4.49423],[-72.983616,4.49463],[-72.983635,4.495209],[-72.983654,4.495529],[-72.983654,4.495929],[-72.98379,4.498068],[-72.983867,4.499807],[-72.983962,4.503104]]]}},{"type":"Feature","properties":{"cod_bp":"B.4-P.4","bloque":4,"tono":2,"ha":40.5},"geometry":{"type":"Polygon","coordinates":[[[-72.987033,4.500351],[-72.98707,4.500453],[-72.986993,4.500531],[-72.986992,4.500691],[-72.987051,4.50157],[-72.98707,4.50197],[-72.98707,4.50221],[-72.987128,4.503189],[-72.987185,4.504828],[-72.987243,4.506067],[-72.987262,4.506767],[-72.987301,4.507506],[-72.987321,4.507746],[-72.98732,4.508166],[-72.987101,4.508225],[-72.986762,4.508185],[-72.986583,4.508085],[-72.986384,4.507985],[-72.986285,4.507845],[-72.986106,4.507564],[-72.986027,4.507345],[-72.986007,4.507045],[-72.985649,4.506664],[-72.98549,4.506364],[-72.985451,4.505965],[-72.985531,4.505605],[-72.985492,4.505445],[-72.985452,4.505205],[-72.985373,4.505125],[-72.985274,4.504685],[-72.985115,4.504205],[-72.984956,4.503965],[-72.984757,4.503805],[-72.98418,4.503464],[-72.983961,4.503324],[-72.983962,4.503104],[-72.983867,4.499807],[-72.98379,4.498068],[-72.983731,4.497188],[-72.983654,4.495529],[-72.983628,4.494867],[-72.983616,4.49423],[-72.983557,4.49365],[-72.983499,4.492751],[-72.983479,4.492391],[-72.98348,4.492051],[-72.98346,4.491931],[-72.98346,4.491811],[-72.98354,4.491931],[-72.984374,4.493392],[-72.984632,4.493872],[-72.98491,4.494372],[-72.98495,4.494432],[-72.985049,4.494632],[-72.985387,4.495552],[-72.986101,4.497651],[-72.986259,4.498091],[-72.986775,4.499631],[-72.986874,4.499891],[-72.986953,4.500071],[-72.986993,4.500191],[-72.987033,4.500351]]]}},{"type":"Feature","properties":{"cod_bp":"B.4-P.5","bloque":4,"tono":2,"ha":31.5},"geometry":{"type":"Polygon","coordinates":[[[-72.989219,4.503472],[-72.989238,4.503812],[-72.989317,4.504631],[-72.989356,4.505211],[-72.989415,4.50579],[-72.989432,4.506046],[-72.989414,4.50605],[-72.989531,4.507809],[-72.989551,4.508229],[-72.98959,4.508649],[-72.989628,4.509548],[-72.989667,4.509968],[-72.989666,4.510907],[-72.989585,4.512027],[-72.989544,4.512706],[-72.989504,4.512966],[-72.989424,4.513325],[-72.989284,4.513785],[-72.989224,4.514021],[-72.988965,4.513984],[-72.988427,4.513984],[-72.987611,4.513942],[-72.987133,4.513942],[-72.987033,4.513582],[-72.986974,4.513182],[-72.986955,4.513022],[-72.986975,4.512842],[-72.987035,4.512642],[-72.987075,4.512443],[-72.987135,4.512043],[-72.987196,4.511323],[-72.987256,4.510984],[-72.987416,4.510384],[-72.987476,4.510245],[-72.987576,4.510085],[-72.987716,4.509685],[-72.987736,4.509545],[-72.987757,4.509166],[-72.987757,4.508726],[-72.987778,4.508526],[-72.987758,4.508406],[-72.987658,4.508326],[-72.987599,4.508286],[-72.987519,4.508246],[-72.987439,4.508186],[-72.98732,4.508166],[-72.987321,4.507746],[-72.987301,4.507506],[-72.987262,4.506767],[-72.987243,4.506067],[-72.987185,4.504828],[-72.987128,4.503189],[-72.98707,4.50221],[-72.98707,4.50197],[-72.987051,4.50157],[-72.986992,4.500691],[-72.986993,4.500531],[-72.98707,4.500453],[-72.987172,4.500731],[-72.98729,4.501111],[-72.98733,4.501191],[-72.98739,4.501371],[-72.987549,4.501691],[-72.987608,4.501791],[-72.987668,4.501911],[-72.987707,4.501951],[-72.987727,4.502011],[-72.987767,4.502071],[-72.987847,4.502151],[-72.988284,4.502531],[-72.988503,4.502691],[-72.988742,4.502891],[-72.988921,4.503072],[-72.98896,4.503132],[-72.98902,4.503172],[-72.98904,4.503212],[-72.989219,4.503452],[-72.989219,4.503472]]]}},{"type":"Feature","properties":{"cod_bp":"B.4-P.6","bloque":4,"tono":2,"ha":8.2},"geometry":{"type":"Polygon","coordinates":[[[-72.984311,4.509361],[-72.984292,4.508601],[-72.984671,4.508462],[-72.98485,4.508562],[-72.98493,4.508702],[-72.984929,4.508842],[-72.985029,4.508962],[-72.985088,4.509102],[-72.985326,4.509702],[-72.985545,4.510322],[-72.985564,4.510382],[-72.985624,4.510722],[-72.985663,4.510822],[-72.985703,4.510982],[-72.985743,4.511102],[-72.985762,4.511281],[-72.985762,4.511441],[-72.985821,4.511881],[-72.985821,4.511921],[-72.985801,4.512001],[-72.985681,4.512161],[-72.985601,4.51238],[-72.985601,4.51254],[-72.985641,4.51276],[-72.98568,4.51284],[-72.98572,4.51314],[-72.985839,4.51354],[-72.985858,4.51366],[-72.985858,4.5138],[-72.985878,4.51392],[-72.985937,4.51402],[-72.985937,4.5141],[-72.985459,4.514179],[-72.984503,4.514298],[-72.984503,4.514078],[-72.984465,4.513398],[-72.984426,4.512219],[-72.98431,4.50984],[-72.984311,4.509361]]]}},{"type":"Feature","properties":{"cod_bp":"B.4-P.7","bloque":4,"tono":2,"ha":27.3},"geometry":{"type":"Polygon","coordinates":[[[-72.98269,4.515114],[-72.982391,4.514954],[-72.982237,4.511156],[-72.982179,4.510117],[-72.982121,4.508778],[-72.982064,4.507159],[-72.981929,4.504201],[-72.981929,4.504041],[-72.981909,4.503881],[-72.982089,4.503861],[-72.982308,4.503981],[-72.982367,4.503961],[-72.982527,4.503962],[-72.982746,4.504002],[-72.982885,4.504002],[-72.983004,4.504042],[-72.983144,4.503963],[-72.983323,4.504063],[-72.983362,4.504383],[-72.983442,4.504443],[-72.983461,4.504902],[-72.98364,4.505103],[-72.983799,4.505263],[-72.983859,4.505383],[-72.984018,4.505543],[-72.984097,4.505663],[-72.984256,4.505923],[-72.984256,4.506183],[-72.984355,4.506343],[-72.984235,4.506642],[-72.984274,4.507622],[-72.984311,4.509361],[-72.98431,4.50984],[-72.984426,4.512219],[-72.984465,4.513398],[-72.984503,4.514078],[-72.984503,4.514298],[-72.983965,4.514377],[-72.983886,4.514377],[-72.983627,4.514456],[-72.983527,4.514496],[-72.983308,4.514735],[-72.983108,4.514975],[-72.983048,4.515035],[-72.982968,4.515095],[-72.982889,4.515135],[-72.982829,4.515155],[-72.98269,4.515114]]]}},{"type":"Feature","properties":{"cod_bp":"B.4-P.8","bloque":4,"tono":2,"ha":25.7},"geometry":{"type":"Polygon","coordinates":[[[-72.980859,4.514192],[-72.980739,4.514192],[-72.98062,4.514212],[-72.98044,4.514252],[-72.980301,4.514291],[-72.980281,4.514032],[-72.980147,4.510893],[-72.980088,4.510174],[-72.980089,4.509554],[-72.980031,4.508175],[-72.979992,4.507436],[-72.979953,4.506956],[-72.979954,4.506596],[-72.979935,4.505817],[-72.979995,4.505457],[-72.980055,4.505157],[-72.980594,4.504798],[-72.980594,4.504738],[-72.980673,4.504619],[-72.980734,4.504399],[-72.980853,4.504139],[-72.980934,4.503879],[-72.981033,4.50394],[-72.981172,4.50384],[-72.981471,4.50398],[-72.98173,4.503821],[-72.981909,4.503881],[-72.981929,4.504041],[-72.981929,4.504201],[-72.982064,4.507159],[-72.982121,4.508778],[-72.982179,4.510117],[-72.982237,4.511156],[-72.982391,4.514954],[-72.982252,4.514874],[-72.981555,4.514513],[-72.980859,4.514192]]]}},{"type":"Feature","properties":{"cod_bp":"B.4-P.9","bloque":4,"tono":2,"ha":4.5},"geometry":{"type":"Polygon","coordinates":[[[-72.981773,4.487772],[-72.981774,4.487692],[-72.982013,4.487632],[-72.983287,4.487454],[-72.983347,4.487614],[-72.98346,4.491811],[-72.983262,4.491411],[-72.983222,4.491271],[-72.983063,4.490951],[-72.982885,4.490491],[-72.982647,4.489951],[-72.982528,4.489651],[-72.982408,4.489411],[-72.982329,4.489231],[-72.98219,4.488872],[-72.982071,4.488592],[-72.981793,4.487971],[-72.981773,4.487912],[-72.981773,4.487772]]]}},{"type":"Feature","properties":{"cod_bp":"B.5-P.1","bloque":5,"tono":0,"ha":15.9},"geometry":{"type":"Polygon","coordinates":[[[-73.001845,4.50365],[-73.001924,4.50369],[-73.002174,4.503671],[-73.002203,4.503731],[-73.002263,4.503811],[-73.002322,4.504031],[-73.002322,4.504111],[-73.002282,4.50439],[-73.002222,4.50445],[-73.002162,4.50453],[-73.002102,4.50467],[-73.002042,4.50497],[-73.001404,4.505348],[-73.001065,4.505568],[-72.999092,4.506804],[-72.999052,4.506844],[-72.999032,4.507084],[-72.998892,4.507224],[-72.998752,4.507563],[-72.998632,4.507823],[-72.997875,4.508301],[-72.997895,4.508441],[-72.997994,4.508601],[-72.998253,4.508722],[-72.998252,4.509147],[-72.997813,4.5096],[-72.997774,4.50938],[-72.997755,4.508641],[-72.997582,4.504323],[-72.997583,4.503804],[-73.001526,4.50367],[-73.001845,4.50365]]]}},{"type":"Feature","properties":{"cod_bp":"B.5-P.2","bloque":5,"tono":0,"ha":18.2},"geometry":{"type":"Polygon","coordinates":[[[-72.997248,4.510178],[-72.997115,4.510299],[-72.996557,4.510858],[-72.996278,4.511117],[-72.995793,4.511616],[-72.99562,4.511776],[-72.995161,4.512235],[-72.995061,4.512454],[-72.995021,4.512574],[-72.994901,4.512874],[-72.994841,4.513064],[-72.994781,4.513213],[-72.994761,4.513313],[-72.994721,4.513433],[-72.994661,4.513533],[-72.994621,4.513633],[-72.994601,4.513715],[-72.994223,4.513752],[-72.994083,4.513752],[-72.994063,4.513772],[-72.994063,4.513612],[-72.994104,4.513432],[-72.994164,4.513212],[-72.994224,4.513053],[-72.994344,4.512593],[-72.994404,4.512393],[-72.994524,4.512054],[-72.994624,4.511674],[-72.994664,4.511454],[-72.994684,4.511294],[-72.994724,4.511095],[-72.994765,4.510635],[-72.994785,4.510595],[-72.994905,4.509836],[-72.995006,4.509476],[-72.995165,4.509077],[-72.995225,4.508897],[-72.995525,4.508158],[-72.995865,4.507279],[-72.996185,4.50642],[-72.996705,4.505082],[-72.996905,4.504522],[-72.997024,4.504263],[-72.997144,4.503943],[-72.997184,4.503803],[-72.997583,4.503804],[-72.997582,4.504323],[-72.997755,4.508641],[-72.997774,4.50938],[-72.997813,4.5096],[-72.997373,4.510059],[-72.997248,4.510178]]]}},{"type":"Feature","properties":{"cod_bp":"B.5-P.3","bloque":5,"tono":0,"ha":23.8},"geometry":{"type":"Polygon","coordinates":[[[-72.993281,4.503958],[-72.994149,4.503919],[-72.994356,4.503919],[-72.996069,4.503862],[-72.996846,4.503823],[-72.997045,4.503823],[-72.997184,4.503803],[-72.997144,4.503943],[-72.997024,4.504263],[-72.996905,4.504522],[-72.996705,4.505082],[-72.996185,4.50642],[-72.995865,4.507279],[-72.995525,4.508158],[-72.995225,4.508897],[-72.995165,4.509077],[-72.995006,4.509476],[-72.994905,4.509836],[-72.994785,4.510595],[-72.994765,4.510635],[-72.994724,4.511095],[-72.994684,4.511294],[-72.994664,4.511454],[-72.994624,4.511674],[-72.994524,4.512054],[-72.994404,4.512393],[-72.994344,4.512593],[-72.994224,4.513053],[-72.994164,4.513212],[-72.994104,4.513432],[-72.994063,4.513612],[-72.994063,4.513772],[-72.993824,4.513772],[-72.993645,4.513791],[-72.993625,4.513511],[-72.993626,4.513192],[-72.993588,4.512152],[-72.993588,4.511852],[-72.993549,4.511513],[-72.993529,4.511213],[-72.99353,4.510853],[-72.993454,4.508235],[-72.993415,4.507495],[-72.993396,4.506836],[-72.993358,4.505956],[-72.993339,4.505117],[-72.9933,4.504497],[-72.993281,4.504097],[-72.993281,4.503958]]]}},{"type":"Feature","properties":{"cod_bp":"B.5-P.4","bloque":5,"tono":0,"ha":10.5},"geometry":{"type":"Polygon","coordinates":[[[-72.992265,4.503976],[-72.992743,4.503977],[-72.993281,4.503958],[-72.993281,4.504097],[-72.9933,4.504497],[-72.993339,4.505117],[-72.993358,4.505956],[-72.993396,4.506836],[-72.993415,4.507495],[-72.993454,4.508235],[-72.99353,4.510853],[-72.993529,4.511213],[-72.993549,4.511513],[-72.993469,4.511533],[-72.992911,4.511632],[-72.992772,4.511571],[-72.992593,4.511471],[-72.992533,4.511391],[-72.992493,4.511311],[-72.992474,4.511111],[-72.992275,4.510991],[-72.992116,4.510911],[-72.992017,4.510531],[-72.991957,4.510271],[-72.991938,4.510071],[-72.991938,4.509971],[-72.992038,4.509772],[-72.992078,4.509672],[-72.992058,4.509212],[-72.991939,4.509132],[-72.99192,4.508712],[-72.99194,4.508512],[-72.99212,4.508153],[-72.992299,4.507973],[-72.992379,4.507634],[-72.992439,4.507534],[-72.99244,4.507334],[-72.99258,4.506914],[-72.992679,4.506695],[-72.99268,4.506475],[-72.992661,4.505755],[-72.992622,4.505316],[-72.992562,4.505216],[-72.992503,4.505096],[-72.992344,4.504855],[-72.992185,4.504256],[-72.992066,4.503996],[-72.992125,4.50399],[-72.992126,4.503996],[-72.992265,4.503976]]]}},{"type":"Feature","properties":{"cod_bp":"B.5-P.5","bloque":5,"tono":0,"ha":19.7},"geometry":{"type":"Polygon","coordinates":[[[-72.989551,4.508229],[-72.989531,4.507689],[-72.989493,4.50695],[-72.989432,4.506046],[-72.989653,4.505991],[-72.989813,4.505971],[-72.989972,4.505931],[-72.990092,4.505931],[-72.99055,4.505872],[-72.990689,4.505812],[-72.990848,4.505913],[-72.990948,4.505913],[-72.991107,4.505893],[-72.991247,4.505853],[-72.991386,4.505833],[-72.991525,4.505954],[-72.991585,4.506213],[-72.991624,4.506973],[-72.991464,4.507073],[-72.991464,4.507293],[-72.991443,4.507552],[-72.991204,4.507952],[-72.991084,4.508131],[-72.990865,4.508371],[-72.990725,4.508511],[-72.990606,4.50861],[-72.990625,4.50869],[-72.990725,4.508731],[-72.990964,4.508591],[-72.991123,4.508571],[-72.991243,4.508631],[-72.991302,4.508771],[-72.991342,4.508971],[-72.991461,4.509071],[-72.991481,4.509371],[-72.991361,4.509571],[-72.99142,4.509791],[-72.99142,4.510171],[-72.991499,4.51029],[-72.991658,4.510451],[-72.991658,4.51069],[-72.991797,4.510771],[-72.991855,4.51195],[-72.991994,4.51217],[-72.991994,4.51251],[-72.991914,4.51265],[-72.991834,4.512709],[-72.991794,4.512789],[-72.991774,4.512849],[-72.991555,4.513009],[-72.991396,4.513089],[-72.991376,4.513248],[-72.991395,4.513448],[-72.991475,4.513588],[-72.991474,4.513688],[-72.991395,4.513808],[-72.991235,4.513928],[-72.991056,4.514087],[-72.990876,4.514087],[-72.990637,4.514067],[-72.990339,4.514066],[-72.989243,4.514025],[-72.989264,4.513885],[-72.989304,4.513765],[-72.989424,4.513325],[-72.989504,4.512966],[-72.989544,4.512706],[-72.989564,4.512406],[-72.989605,4.512027],[-72.989625,4.511527],[-72.989666,4.510907],[-72.989667,4.510308],[-72.989687,4.509968],[-72.989648,4.509548],[-72.98959,4.508649],[-72.989551,4.508229]]]}},{"type":"Feature","properties":{"cod_bp":"B.6-P.1","bloque":6,"tono":3,"ha":32.7},"geometry":{"type":"Polygon","coordinates":[[[-72.997603,4.503803],[-72.997584,4.503264],[-72.997584,4.502984],[-72.997564,4.502764],[-72.997564,4.502585],[-72.997545,4.502505],[-72.997526,4.501885],[-72.997526,4.501405],[-72.997488,4.500646],[-72.997488,4.500186],[-72.99745,4.499387],[-72.99745,4.498887],[-72.997412,4.498107],[-72.997393,4.497488],[-72.997394,4.496888],[-72.997355,4.495609],[-72.997298,4.49435],[-72.997298,4.49389],[-72.997279,4.49363],[-72.997279,4.49355],[-72.997518,4.493671],[-72.997537,4.493691],[-72.997557,4.493751],[-72.997617,4.493791],[-72.997756,4.493731],[-72.997995,4.493751],[-72.998175,4.493731],[-72.998394,4.493672],[-72.998752,4.493532],[-72.999051,4.493533],[-72.99923,4.493473],[-72.99939,4.493393],[-72.99943,4.493434],[-72.999589,4.493554],[-72.999668,4.493594],[-72.999788,4.493694],[-72.999867,4.493734],[-72.999867,4.493794],[-72.999927,4.494094],[-72.999926,4.494593],[-72.999985,4.494893],[-72.999984,4.495493],[-72.999925,4.495593],[-72.999745,4.495932],[-72.999705,4.496032],[-72.999645,4.496132],[-72.999585,4.496492],[-72.999584,4.496891],[-72.999604,4.496991],[-72.999604,4.497071],[-72.999683,4.497251],[-72.999743,4.497451],[-72.999782,4.497571],[-72.999802,4.497611],[-72.999842,4.497811],[-72.999841,4.498011],[-72.999861,4.498151],[-72.999861,4.498231],[-72.999821,4.498351],[-72.999821,4.498471],[-72.99988,4.498771],[-72.99988,4.498851],[-72.999939,4.499051],[-73.000058,4.49955],[-73.000098,4.49967],[-73.000158,4.49975],[-73.000277,4.49987],[-73.000277,4.49991],[-73.000257,4.49999],[-73.000257,4.50007],[-73.000237,4.50017],[-73.000236,4.50027],[-73.000216,4.50033],[-73.000216,4.50041],[-73.000196,4.50051],[-73.000196,4.50063],[-73.000236,4.50073],[-73.000236,4.50079],[-73.000216,4.50085],[-73.000216,4.50095],[-72.999338,4.501488],[-72.999338,4.501968],[-72.999358,4.502048],[-72.999377,4.502108],[-72.999477,4.502268],[-72.999556,4.502368],[-72.999596,4.502368],[-72.999676,4.502428],[-72.999755,4.502468],[-72.999795,4.502468],[-72.999855,4.502448],[-72.999935,4.502448],[-73.000153,4.502748],[-73.000352,4.502829],[-73.000392,4.502829],[-73.000731,4.502609],[-73.000771,4.502529],[-73.000971,4.50219],[-73.00105,4.50207],[-73.001051,4.50201],[-73.00113,4.50209],[-73.00121,4.50219],[-73.001408,4.50239],[-73.002064,4.503491],[-73.002183,4.503671],[-73.002174,4.503671],[-73.002163,4.503651],[-73.001845,4.50365],[-73.001805,4.50363],[-73.001128,4.503649],[-73.00067,4.503668],[-73.000411,4.503688],[-72.999196,4.503726],[-72.99814,4.503785],[-72.997802,4.503784],[-72.997603,4.503803]]]}},{"type":"Feature","properties":{"cod_bp":"B.6-P.2","bloque":6,"tono":3,"ha":44.3},"geometry":{"type":"Polygon","coordinates":[[[-72.997184,4.489893],[-72.997223,4.490992],[-72.997222,4.491392],[-72.997242,4.491691],[-72.997241,4.492071],[-72.99726,4.492491],[-72.99726,4.492731],[-72.99728,4.493011],[-72.997279,4.49363],[-72.997298,4.49389],[-72.997298,4.49435],[-72.997355,4.495609],[-72.997394,4.496888],[-72.997393,4.497488],[-72.997412,4.498107],[-72.99745,4.498887],[-72.99745,4.499387],[-72.997488,4.500186],[-72.997488,4.500646],[-72.997526,4.501405],[-72.997526,4.501885],[-72.997545,4.502505],[-72.997564,4.502585],[-72.997564,4.502764],[-72.997584,4.502984],[-72.997584,4.503264],[-72.997603,4.503803],[-72.997125,4.503803],[-72.995467,4.50386],[-72.995452,4.503801],[-72.995452,4.503441],[-72.995402,4.501926],[-72.995773,4.502142],[-72.995773,4.501923],[-72.995853,4.501783],[-72.996252,4.501543],[-72.996252,4.501264],[-72.996192,4.501224],[-72.996113,4.501024],[-72.996073,4.500944],[-72.995368,4.500569],[-72.995339,4.499324],[-72.995281,4.497884],[-72.995263,4.496785],[-72.995224,4.495686],[-72.995168,4.493567],[-72.995152,4.492901],[-72.995169,4.492888],[-72.995149,4.492768],[-72.995056,4.488311],[-72.994999,4.486492],[-72.994999,4.486252],[-72.995099,4.486252],[-72.996453,4.486134],[-72.996513,4.486174],[-72.996592,4.486254],[-72.996612,4.486294],[-72.996834,4.486624],[-72.99699,4.486874],[-72.997029,4.486915],[-72.997069,4.486974],[-72.997069,4.487134],[-72.997184,4.489893]]]}},{"type":"Feature","properties":{"cod_bp":"B.6-P.3","bloque":6,"tono":3,"ha":22.8},"geometry":{"type":"Polygon","coordinates":[[[-72.992689,4.486349],[-72.993246,4.486329],[-72.994362,4.486271],[-72.994999,4.486252],[-72.994999,4.486492],[-72.995056,4.488311],[-72.995152,4.492901],[-72.995069,4.492967],[-72.995068,4.493427],[-72.995028,4.493547],[-72.995028,4.493947],[-72.994968,4.494226],[-72.994888,4.494346],[-72.994748,4.494646],[-72.994449,4.494725],[-72.99415,4.494825],[-72.994071,4.494805],[-72.993652,4.495064],[-72.993652,4.495224],[-72.993572,4.495344],[-72.993372,4.495703],[-72.993233,4.495883],[-72.993053,4.496003],[-72.993034,4.495843],[-72.993054,4.495683],[-72.993055,4.494983],[-72.993035,4.494723],[-72.992958,4.492845],[-72.9929,4.491685],[-72.9929,4.491545],[-72.992861,4.490946],[-72.992842,4.490486],[-72.992823,4.490266],[-72.992804,4.489447],[-72.992805,4.488927],[-72.992884,4.488887],[-72.993103,4.488947],[-72.993203,4.489007],[-72.993422,4.488868],[-72.993442,4.488808],[-72.993502,4.488708],[-72.993502,4.488348],[-72.993582,4.488228],[-72.993642,4.488089],[-72.993861,4.487889],[-72.993981,4.487749],[-72.994001,4.48761],[-72.993961,4.48759],[-72.993922,4.48759],[-72.993922,4.487649],[-72.993902,4.487689],[-72.993722,4.487809],[-72.993563,4.487929],[-72.993204,4.488128],[-72.992845,4.488287],[-72.992766,4.488307],[-72.992766,4.488008],[-72.992727,4.487528],[-72.992688,4.486548],[-72.992689,4.486349]]]}},{"type":"Feature","properties":{"cod_bp":"B.6-P.4","bloque":6,"tono":3,"ha":35.3},"geometry":{"type":"Polygon","coordinates":[[[-72.993033,4.495883],[-72.992296,4.496341],[-72.992256,4.496421],[-72.992156,4.496521],[-72.992057,4.496721],[-72.991857,4.49684],[-72.991857,4.4969],[-72.993031,4.497541],[-72.993075,4.497556],[-72.993091,4.497681],[-72.993129,4.498541],[-72.993166,4.50052],[-72.993186,4.5006],[-72.993244,4.501839],[-72.993282,4.503278],[-72.993301,4.503598],[-72.993301,4.503957],[-72.992265,4.503976],[-72.992125,4.50399],[-72.992086,4.503596],[-72.991967,4.503496],[-72.991888,4.503356],[-72.991809,4.502996],[-72.99179,4.502156],[-72.99191,4.501837],[-72.99191,4.501497],[-72.991771,4.501417],[-72.991752,4.500877],[-72.991672,4.500677],[-72.991673,4.500357],[-72.991653,4.500298],[-72.991534,4.500217],[-72.991514,4.500197],[-72.991475,4.499158],[-72.991476,4.499018],[-72.991456,4.498958],[-72.991457,4.498239],[-72.991437,4.498179],[-72.991437,4.498099],[-72.991397,4.498019],[-72.991378,4.497959],[-72.991378,4.497859],[-72.991358,4.497779],[-72.991359,4.497299],[-72.991339,4.497199],[-72.991339,4.497079],[-72.991299,4.496979],[-72.99122,4.496939],[-72.9912,4.496799],[-72.991201,4.496399],[-72.991142,4.49558],[-72.991123,4.49494],[-72.991084,4.494241],[-72.991065,4.493561],[-72.990988,4.492282],[-72.990949,4.491163],[-72.990931,4.490363],[-72.990892,4.489524],[-72.990892,4.489144],[-72.991253,4.487686],[-72.991473,4.486886],[-72.991613,4.486427],[-72.991633,4.486387],[-72.992689,4.486349],[-72.992688,4.486548],[-72.992727,4.487528],[-72.992766,4.488008],[-72.992766,4.488307],[-72.992805,4.488907],[-72.992804,4.489447],[-72.992823,4.490266],[-72.992842,4.490486],[-72.992861,4.490946],[-72.9929,4.491545],[-72.9929,4.491685],[-72.992958,4.492845],[-72.993035,4.494723],[-72.993055,4.494983],[-72.993054,4.495683],[-72.993033,4.495883]]]}},{"type":"Feature","properties":{"cod_bp":"B.6-P.5","bloque":6,"tono":3,"ha":14.5},"geometry":{"type":"Polygon","coordinates":[[[-72.9912,4.496799],[-72.99122,4.496939],[-72.99122,4.497019],[-72.991219,4.497299],[-72.991199,4.497519],[-72.99078,4.497758],[-72.990741,4.497818],[-72.990561,4.498017],[-72.990421,4.498277],[-72.990361,4.498577],[-72.990321,4.498677],[-72.990341,4.498817],[-72.99038,4.498977],[-72.99044,4.499037],[-72.990539,4.499077],[-72.990659,4.499077],[-72.990798,4.499157],[-72.990878,4.499217],[-72.991017,4.499437],[-72.991057,4.499537],[-72.991056,4.499657],[-72.991036,4.499817],[-72.991056,4.499957],[-72.991056,4.500037],[-72.991096,4.500137],[-72.991115,4.500217],[-72.991115,4.500357],[-72.991055,4.500636],[-72.991075,4.500916],[-72.991074,4.501156],[-72.991074,4.501436],[-72.991054,4.501536],[-72.991054,4.501616],[-72.991093,4.501756],[-72.991093,4.501816],[-72.991133,4.501916],[-72.990316,4.502434],[-72.990156,4.502334],[-72.990137,4.502334],[-72.990097,4.502374],[-72.989937,4.502314],[-72.989858,4.502353],[-72.989778,4.502313],[-72.989738,4.502333],[-72.989678,4.502313],[-72.989679,4.502233],[-72.989659,4.502233],[-72.989579,4.502273],[-72.989387,4.502157],[-72.98944,4.501893],[-72.989581,4.500854],[-72.989642,4.500295],[-72.989803,4.499096],[-72.989903,4.498236],[-72.989964,4.497857],[-72.990185,4.496158],[-72.990206,4.495958],[-72.990246,4.495779],[-72.990326,4.495239],[-72.990386,4.494979],[-72.990386,4.494859],[-72.990347,4.49446],[-72.990307,4.49434],[-72.990268,4.49418],[-72.990248,4.49394],[-72.990189,4.49354],[-72.99013,4.49296],[-72.990212,4.491621],[-72.990232,4.491441],[-72.990372,4.491062],[-72.990892,4.489144],[-72.990892,4.489524],[-72.990931,4.490363],[-72.990968,4.491802],[-72.990988,4.492282],[-72.991065,4.493561],[-72.991084,4.494241],[-72.991123,4.49494],[-72.991142,4.49558],[-72.991201,4.496399],[-72.9912,4.496799]]]}},{"type":"Feature","properties":{"cod_bp":"B.6-P.6","bloque":6,"tono":3,"ha":3.9},"geometry":{"type":"Polygon","coordinates":[[[-72.990316,4.502434],[-72.991133,4.501916],[-72.991133,4.501956],[-72.991212,4.502036],[-72.991252,4.502136],[-72.991312,4.502236],[-72.991331,4.502336],[-72.991331,4.502575],[-72.991351,4.502735],[-72.99135,4.503115],[-72.99121,4.503655],[-72.99115,4.504014],[-72.99101,4.504014],[-72.989219,4.503512],[-72.989219,4.503452],[-72.989139,4.503352],[-72.989219,4.503192],[-72.989219,4.503172],[-72.989299,4.502972],[-72.98936,4.502293],[-72.989387,4.502157],[-72.989579,4.502273],[-72.989659,4.502233],[-72.989679,4.502233],[-72.989678,4.502313],[-72.989738,4.502333],[-72.989778,4.502313],[-72.989858,4.502353],[-72.989937,4.502314],[-72.990097,4.502374],[-72.990137,4.502334],[-72.990156,4.502334],[-72.990316,4.502434]]]}},{"type":"Feature","properties":{"cod_bp":"B.7-P.1","bloque":7,"tono":1,"ha":36.4},"geometry":{"type":"Polygon","coordinates":[[[-72.997727,4.472345],[-72.998345,4.471946],[-72.998663,4.472826],[-72.998663,4.472866],[-72.998323,4.473845],[-72.997963,4.474944],[-72.997504,4.475263],[-72.996806,4.475782],[-72.996687,4.475822],[-72.996348,4.475821],[-72.996289,4.475861],[-72.996268,4.475921],[-72.996268,4.475981],[-72.996188,4.47654],[-72.996148,4.47664],[-72.996048,4.47682],[-72.995908,4.47704],[-72.995869,4.477119],[-72.995769,4.477199],[-72.995749,4.477239],[-72.995689,4.477419],[-72.995688,4.478138],[-72.995708,4.478198],[-72.995767,4.478318],[-72.995847,4.478439],[-72.995926,4.478718],[-72.996005,4.478818],[-72.996085,4.479138],[-72.996064,4.479418],[-72.996064,4.479878],[-72.996043,4.480417],[-72.996023,4.480737],[-72.996003,4.480857],[-72.996002,4.480977],[-72.996022,4.481077],[-72.996082,4.481157],[-72.996122,4.481177],[-72.996201,4.481237],[-72.996639,4.481637],[-72.996678,4.481698],[-72.996678,4.482177],[-72.996717,4.482397],[-72.996756,4.482877],[-72.996756,4.483037],[-72.996776,4.483217],[-72.996776,4.483377],[-72.996755,4.483556],[-72.996676,4.483636],[-72.996556,4.483796],[-72.996556,4.483856],[-72.996536,4.483916],[-72.996535,4.484196],[-72.996515,4.484275],[-72.996475,4.484375],[-72.996436,4.484415],[-72.996396,4.484575],[-72.996356,4.484655],[-72.996296,4.484835],[-72.996295,4.484935],[-72.996573,4.485794],[-72.996633,4.485895],[-72.996652,4.485955],[-72.996692,4.486015],[-72.996732,4.486095],[-72.996811,4.486155],[-72.996911,4.486215],[-72.996971,4.486275],[-72.997209,4.486375],[-72.997687,4.486596],[-72.997189,4.486895],[-72.997169,4.486975],[-72.997069,4.486974],[-72.997049,4.486935],[-72.99701,4.486894],[-72.996834,4.486624],[-72.996771,4.486514],[-72.996719,4.486449],[-72.996592,4.486254],[-72.996513,4.486174],[-72.996453,4.486134],[-72.995756,4.486193],[-72.995517,4.486193],[-72.995119,4.486212],[-72.995099,4.486232],[-72.995059,4.486232],[-72.994999,4.486252],[-72.994884,4.482874],[-72.994866,4.481815],[-72.994789,4.479696],[-72.994714,4.476478],[-72.994715,4.476238],[-72.994565,4.471061],[-72.994722,4.471042],[-72.995101,4.471042],[-72.995379,4.471203],[-72.995518,4.471263],[-72.996374,4.471724],[-72.996971,4.472024],[-72.996991,4.471965],[-72.997727,4.472345]]]}},{"type":"Feature","properties":{"cod_bp":"B.7-P.2","bloque":7,"tono":1,"ha":47.3},"geometry":{"type":"Polygon","coordinates":[[[-72.994563,4.470982],[-72.994789,4.479696],[-72.994884,4.482874],[-72.994999,4.486252],[-72.994362,4.486251],[-72.992968,4.486309],[-72.992648,4.486311],[-72.992612,4.48445],[-72.992592,4.48441],[-72.992592,4.48437],[-72.992572,4.48433],[-72.992592,4.48429],[-72.992573,4.48397],[-72.992554,4.48337],[-72.992322,4.478333],[-72.992264,4.477254],[-72.991956,4.469979],[-72.994563,4.470982]]]}},{"type":"Feature","properties":{"cod_bp":"B.7-P.3","bloque":7,"tono":1,"ha":40.1},"geometry":{"type":"Polygon","coordinates":[[[-72.991778,4.469911],[-72.991956,4.469979],[-72.992264,4.477274],[-72.992573,4.48397],[-72.992592,4.48429],[-72.992572,4.48433],[-72.992592,4.48437],[-72.992592,4.48441],[-72.992612,4.48445],[-72.992648,4.486311],[-72.992096,4.486367],[-72.991932,4.486367],[-72.991514,4.486387],[-72.991275,4.486446],[-72.990996,4.486486],[-72.990757,4.486486],[-72.990737,4.486406],[-72.990448,4.47983],[-72.989945,4.469216],[-72.991778,4.469911]]]}},{"type":"Feature","properties":{"cod_bp":"B.7-P.4","bloque":7,"tono":1,"ha":46.6},"geometry":{"type":"Polygon","coordinates":[[[-72.990084,4.472154],[-72.990448,4.47983],[-72.990448,4.480029],[-72.990544,4.482328],[-72.990737,4.486406],[-72.990757,4.486486],[-72.989841,4.486584],[-72.988626,4.486742],[-72.988181,4.477268],[-72.987795,4.468633],[-72.987736,4.468354],[-72.989945,4.469216],[-72.990084,4.472154]]]}},{"type":"Feature","properties":{"cod_bp":"B.7-P.5","bloque":7,"tono":1,"ha":47.9},"geometry":{"type":"Polygon","coordinates":[[[-72.987636,4.468373],[-72.987637,4.46832],[-72.987736,4.468354],[-72.987795,4.468633],[-72.988181,4.477268],[-72.988626,4.486742],[-72.988307,4.486822],[-72.98753,4.486921],[-72.986435,4.487079],[-72.985646,4.470166],[-72.987417,4.468613],[-72.987636,4.468373]]]}},{"type":"Feature","properties":{"cod_bp":"B.7-P.6","bloque":7,"tono":1,"ha":43.3},"geometry":{"type":"Polygon","coordinates":[[[-72.985463,4.470229],[-72.985646,4.470166],[-72.986435,4.487079],[-72.986096,4.487118],[-72.985598,4.487118],[-72.985399,4.487137],[-72.98514,4.487177],[-72.983467,4.487394],[-72.983986,4.486216],[-72.984206,4.485617],[-72.984129,4.483718],[-72.983898,4.478601],[-72.98382,4.477222],[-72.983569,4.472105],[-72.983648,4.471965],[-72.983888,4.471746],[-72.984167,4.471466],[-72.984546,4.471167],[-72.984825,4.470928],[-72.985224,4.470548],[-72.985383,4.470309],[-72.985463,4.470229]]]}},{"type":"Feature","properties":{"cod_bp":"B.7-P.7","bloque":7,"tono":1,"ha":47.7},"geometry":{"type":"Polygon","coordinates":[[[-72.981589,4.473869],[-72.981614,4.473861],[-72.982332,4.473182],[-72.98299,4.472604],[-72.98309,4.472524],[-72.98319,4.472404],[-72.983569,4.472105],[-72.98382,4.477222],[-72.983898,4.478601],[-72.984129,4.483718],[-72.984206,4.485617],[-72.983986,4.486216],[-72.983467,4.487394],[-72.981674,4.487632],[-72.981674,4.487372],[-72.981615,4.486872],[-72.98112,4.485292],[-72.980862,4.484592],[-72.980743,4.484292],[-72.980604,4.484013],[-72.980445,4.483832],[-72.980047,4.483432],[-72.980087,4.483372],[-72.980107,4.483252],[-72.980107,4.483172],[-72.980427,4.482133],[-72.980488,4.481854],[-72.980568,4.481594],[-72.980688,4.481134],[-72.980768,4.480775],[-72.980808,4.480655],[-72.980968,4.480016],[-72.981148,4.479356],[-72.981248,4.479057],[-72.981409,4.478437],[-72.981509,4.478158],[-72.981609,4.477758],[-72.981709,4.477399],[-72.981789,4.477179],[-72.982009,4.47638],[-72.982149,4.47594],[-72.982169,4.47574],[-72.982189,4.47562],[-72.98215,4.475361],[-72.982071,4.475081],[-72.981872,4.474821],[-72.981733,4.474601],[-72.981355,4.4741],[-72.981589,4.473869]]]}},{"type":"Feature","properties":{"cod_bp":"B.7-P.8","bloque":7,"tono":1,"ha":10.3},"geometry":{"type":"Polygon","coordinates":[[[-72.981674,4.487372],[-72.981674,4.487632],[-72.981276,4.487751],[-72.980678,4.48783],[-72.980041,4.487889],[-72.979762,4.487969],[-72.979662,4.488008],[-72.979503,4.487888],[-72.979484,4.487568],[-72.979424,4.487508],[-72.979344,4.487328],[-72.979265,4.487008],[-72.979186,4.486749],[-72.978888,4.486168],[-72.978869,4.485809],[-72.978889,4.485389],[-72.97911,4.48461],[-72.979149,4.48455],[-72.979488,4.484291],[-72.979548,4.484111],[-72.980047,4.483432],[-72.980445,4.483832],[-72.980604,4.484013],[-72.980743,4.484292],[-72.980862,4.484592],[-72.98112,4.485292],[-72.981615,4.486872],[-72.981674,4.487372]]]}},{"type":"Feature","properties":{"cod_bp":"B.9-P.1","bloque":9,"tono":1,"ha":14.9},"geometry":{"type":"Polygon","coordinates":[[[-72.971151,4.4522],[-72.971246,4.452342],[-72.97135,4.452521],[-72.971489,4.452721],[-72.971569,4.452821],[-72.971588,4.452901],[-72.971588,4.45296],[-72.971568,4.45314],[-72.971528,4.45326],[-72.971488,4.4533],[-72.971408,4.45334],[-72.971349,4.45342],[-72.971269,4.4536],[-72.97105,4.453719],[-72.97089,4.454099],[-72.97075,4.454358],[-72.97069,4.454578],[-72.97057,4.454878],[-72.970331,4.455037],[-72.97033,4.455297],[-72.97027,4.455337],[-72.970131,4.455457],[-72.969932,4.455596],[-72.969612,4.455876],[-72.968795,4.456714],[-72.967758,4.457732],[-72.967758,4.457612],[-72.967525,4.453674],[-72.967864,4.453415],[-72.968023,4.453495],[-72.968162,4.453735],[-72.968361,4.453855],[-72.96854,4.453736],[-72.968541,4.453556],[-72.968441,4.453496],[-72.968421,4.453396],[-72.968282,4.453316],[-72.968262,4.453076],[-72.968422,4.452996],[-72.968521,4.452996],[-72.96886,4.452817],[-72.96896,4.452817],[-72.969996,4.452159],[-72.970255,4.452279],[-72.970614,4.45204],[-72.970828,4.451923],[-72.971012,4.45202],[-72.971052,4.45206],[-72.971151,4.4522]]]}},{"type":"Feature","properties":{"cod_bp":"B.9-P.2","bloque":9,"tono":1,"ha":20.5},"geometry":{"type":"Polygon","coordinates":[[[-72.967758,4.457732],[-72.967041,4.4585],[-72.966182,4.459388],[-72.965887,4.459704],[-72.965823,4.459608],[-72.965625,4.459347],[-72.965367,4.458807],[-72.965208,4.458547],[-72.965088,4.458387],[-72.964989,4.458287],[-72.96485,4.458087],[-72.96483,4.458027],[-72.96499,4.457728],[-72.96515,4.457188],[-72.96519,4.456929],[-72.965071,4.456549],[-72.965012,4.456329],[-72.964813,4.455989],[-72.964773,4.455889],[-72.964774,4.455809],[-72.964754,4.455669],[-72.964714,4.455589],[-72.964694,4.455429],[-72.964675,4.455149],[-72.964576,4.454569],[-72.964557,4.454289],[-72.964696,4.45413],[-72.964697,4.45387],[-72.964657,4.45379],[-72.964638,4.45347],[-72.964677,4.45341],[-72.964658,4.45289],[-72.964798,4.452591],[-72.964978,4.452471],[-72.965217,4.452412],[-72.965416,4.452412],[-72.965774,4.452592],[-72.965953,4.452693],[-72.966212,4.452733],[-72.966968,4.453134],[-72.966988,4.453334],[-72.967027,4.453454],[-72.967167,4.453574],[-72.967346,4.453674],[-72.967525,4.453674],[-72.967738,4.457492],[-72.967758,4.457732]]]}},{"type":"Feature","properties":{"cod_bp":"B.9-P.3","bloque":9,"tono":1,"ha":25.3},"geometry":{"type":"Polygon","coordinates":[[[-72.968536,4.470004],[-72.968417,4.470124],[-72.968357,4.470204],[-72.968337,4.470064],[-72.968309,4.469744],[-72.968066,4.464807],[-72.968784,4.464409],[-72.968795,4.456714],[-72.969453,4.456035],[-72.969771,4.456216],[-72.969811,4.456516],[-72.969651,4.457015],[-72.969611,4.457095],[-72.969531,4.457375],[-72.969431,4.457634],[-72.96937,4.457934],[-72.96929,4.458393],[-72.969249,4.459413],[-72.969129,4.459972],[-72.969088,4.460372],[-72.969285,4.461851],[-72.969384,4.462371],[-72.969463,4.462691],[-72.969622,4.463231],[-72.9699,4.463571],[-72.970219,4.463631],[-72.971034,4.464152],[-72.971193,4.464612],[-72.971531,4.464812],[-72.971591,4.464932],[-72.97163,4.465412],[-72.971689,4.465512],[-72.971729,4.465712],[-72.971669,4.465852],[-72.971748,4.466512],[-72.971707,4.466691],[-72.971528,4.466991],[-72.971228,4.46743],[-72.970949,4.46775],[-72.97065,4.468009],[-72.97053,4.468369],[-72.969354,4.469486],[-72.969155,4.469286],[-72.968896,4.469505],[-72.968875,4.469585],[-72.968736,4.469745],[-72.968696,4.469865],[-72.968536,4.470004]]]}},{"type":"Feature","properties":{"cod_bp":"B.9-P.4","bloque":9,"tono":1,"ha":35.2},"geometry":{"type":"Polygon","coordinates":[[[-72.967499,4.471262],[-72.967439,4.471322],[-72.96732,4.471082],[-72.96726,4.470982],[-72.966366,4.469542],[-72.966347,4.469362],[-72.966347,4.469222],[-72.966327,4.468962],[-72.966288,4.468922],[-72.966289,4.468023],[-72.96625,4.467583],[-72.966231,4.466943],[-72.966211,4.466603],[-72.966172,4.466223],[-72.966174,4.465224],[-72.966194,4.465025],[-72.966215,4.464225],[-72.966235,4.463905],[-72.966236,4.463564],[-72.966256,4.463126],[-72.966257,4.462926],[-72.966237,4.462746],[-72.966237,4.462626],[-72.966217,4.462546],[-72.966217,4.462446],[-72.966278,4.462107],[-72.966278,4.461867],[-72.966258,4.461687],[-72.966259,4.461107],[-72.9662,4.460867],[-72.96618,4.460687],[-72.966101,4.460388],[-72.966042,4.460108],[-72.966002,4.460028],[-72.965903,4.459728],[-72.965887,4.459704],[-72.966122,4.459468],[-72.967359,4.458171],[-72.967758,4.457732],[-72.968795,4.456714],[-72.968784,4.464409],[-72.968066,4.464807],[-72.968298,4.469624],[-72.968317,4.469924],[-72.968357,4.470204],[-72.968197,4.470424],[-72.968018,4.470623],[-72.967956,4.470716],[-72.967718,4.471003],[-72.967658,4.471102],[-72.967499,4.471262]]]}},{"type":"Feature","properties":{"cod_bp":"B.9-P.5","bloque":9,"tono":1,"ha":22.9},"geometry":{"type":"Polygon","coordinates":[[[-72.966347,4.469362],[-72.966366,4.469542],[-72.965135,4.467601],[-72.964717,4.466981],[-72.964201,4.466161],[-72.964161,4.466121],[-72.964168,4.461464],[-72.964008,4.461604],[-72.963649,4.461963],[-72.96353,4.462103],[-72.96343,4.462202],[-72.96333,4.462262],[-72.963251,4.462322],[-72.962993,4.461642],[-72.963251,4.461582],[-72.963351,4.461523],[-72.963531,4.461343],[-72.96365,4.461163],[-72.96383,4.460984],[-72.96391,4.460744],[-72.96403,4.460145],[-72.964151,4.459625],[-72.96435,4.459486],[-72.96443,4.459326],[-72.96441,4.459066],[-72.96459,4.458726],[-72.964929,4.458407],[-72.965088,4.458387],[-72.965208,4.458547],[-72.965367,4.458807],[-72.965625,4.459347],[-72.965823,4.459608],[-72.965883,4.459708],[-72.965903,4.459728],[-72.966002,4.460028],[-72.966042,4.460108],[-72.966101,4.460388],[-72.96618,4.460687],[-72.9662,4.460867],[-72.966259,4.461107],[-72.966258,4.461687],[-72.966278,4.461867],[-72.966278,4.462107],[-72.966217,4.462446],[-72.966217,4.462546],[-72.966237,4.462626],[-72.966237,4.462746],[-72.966257,4.462926],[-72.966256,4.463126],[-72.966236,4.463306],[-72.966235,4.463905],[-72.966215,4.464105],[-72.966194,4.464865],[-72.966174,4.465064],[-72.966173,4.465564],[-72.966153,4.465824],[-72.966172,4.466264],[-72.966211,4.466603],[-72.966231,4.466963],[-72.96625,4.467583],[-72.966289,4.468023],[-72.966288,4.468922],[-72.966327,4.468962],[-72.966347,4.469222],[-72.966347,4.469362]]]}},{"type":"Feature","properties":{"cod_bp":"B.9-P.6","bloque":9,"tono":1,"ha":30.2},"geometry":{"type":"Polygon","coordinates":[[[-72.967279,4.471017],[-72.967439,4.471322],[-72.966163,4.47208],[-72.965646,4.471959],[-72.965367,4.471779],[-72.965168,4.471618],[-72.965134,4.471583],[-72.965149,4.471578],[-72.964672,4.470598],[-72.964612,4.470518],[-72.964215,4.470098],[-72.963877,4.469658],[-72.963817,4.469598],[-72.963797,4.469518],[-72.963798,4.469238],[-72.9637,4.468299],[-72.963522,4.467339],[-72.963462,4.467219],[-72.963263,4.466939],[-72.963144,4.466819],[-72.962965,4.466679],[-72.962786,4.466558],[-72.962667,4.466498],[-72.962508,4.466458],[-72.962288,4.466438],[-72.962209,4.466438],[-72.962129,4.466458],[-72.960834,4.466875],[-72.960755,4.466535],[-72.960676,4.466276],[-72.960557,4.465796],[-72.960498,4.465476],[-72.960458,4.465096],[-72.960459,4.464956],[-72.960479,4.464696],[-72.960539,4.464437],[-72.960529,4.464435],[-72.960559,4.464277],[-72.960998,4.464018],[-72.961177,4.463998],[-72.961654,4.464258],[-72.961734,4.464199],[-72.961717,4.4626],[-72.961737,4.46238],[-72.961877,4.46216],[-72.961996,4.46224],[-72.962235,4.46236],[-72.962374,4.462441],[-72.962573,4.462481],[-72.962812,4.462461],[-72.963251,4.462322],[-72.96343,4.462202],[-72.96353,4.462103],[-72.963649,4.461963],[-72.964008,4.461604],[-72.964168,4.461464],[-72.964161,4.466121],[-72.964201,4.466161],[-72.964717,4.466981],[-72.965135,4.467601],[-72.965353,4.467941],[-72.967279,4.471017]]]}},{"type":"Feature","properties":{"cod_bp":"B.90-P.591","bloque":90,"tono":3,"ha":25.3},"geometry":{"type":"Polygon","coordinates":[[[-72.954776,4.474908],[-72.952436,4.476257],[-72.9518,4.475876],[-72.950982,4.476355],[-72.950962,4.476934],[-72.950961,4.477094],[-72.950971,4.477124],[-72.950981,4.477234],[-72.950881,4.477194],[-72.950802,4.477134],[-72.950603,4.476954],[-72.950125,4.477253],[-72.949806,4.477152],[-72.949528,4.476472],[-72.948278,4.473533],[-72.951066,4.473537],[-72.951067,4.473097],[-72.951088,4.472078],[-72.95109,4.470759],[-72.95111,4.470699],[-72.95117,4.470639],[-72.95119,4.470599],[-72.95131,4.470539],[-72.951509,4.470419],[-72.951768,4.47028],[-72.951888,4.4702],[-72.952047,4.47012],[-72.952246,4.470241],[-72.952326,4.470281],[-72.952365,4.470321],[-72.952365,4.47088],[-72.952424,4.47118],[-72.952682,4.4717],[-72.952821,4.47194],[-72.95296,4.4722],[-72.953357,4.47284],[-72.953715,4.47356],[-72.953973,4.473901],[-72.954391,4.474121],[-72.95453,4.474261],[-72.954669,4.474521],[-72.954768,4.474781],[-72.954828,4.474801],[-72.954776,4.474908]]]}},{"type":"Feature","properties":{"cod_bp":"B.90-P.592","bloque":90,"tono":3,"ha":38.1},"geometry":{"type":"Polygon","coordinates":[[[-72.956226,4.472025],[-72.956206,4.472005],[-72.956706,4.471067],[-72.956806,4.470867],[-72.956467,4.470666],[-72.956488,4.469867],[-72.956409,4.469827],[-72.956409,4.469707],[-72.955911,4.469487],[-72.955752,4.469286],[-72.955832,4.469067],[-72.956132,4.468328],[-72.956232,4.468288],[-72.956431,4.468248],[-72.956789,4.468448],[-72.956869,4.468548],[-72.957246,4.469069],[-72.957465,4.469429],[-72.957524,4.469509],[-72.958164,4.468251],[-72.958463,4.467592],[-72.958883,4.466753],[-72.959362,4.465854],[-72.959602,4.465375],[-72.960121,4.464376],[-72.960529,4.464435],[-72.960479,4.464696],[-72.960459,4.464956],[-72.960458,4.465096],[-72.960498,4.465476],[-72.960557,4.465796],[-72.960676,4.466296],[-72.960755,4.466535],[-72.960874,4.467035],[-72.960993,4.467455],[-72.960694,4.467715],[-72.960634,4.467774],[-72.96063,4.470113],[-72.960446,4.473151],[-72.960864,4.473691],[-72.961202,4.474091],[-72.961241,4.474191],[-72.961241,4.474291],[-72.960922,4.47449],[-72.960883,4.47443],[-72.960683,4.47455],[-72.960683,4.47471],[-72.960623,4.47473],[-72.960623,4.47483],[-72.960523,4.474889],[-72.959049,4.475167],[-72.95891,4.475247],[-72.958791,4.475207],[-72.956743,4.472645],[-72.956226,4.472025]]]}},{"type":"Feature","properties":{"cod_bp":"B.90-P.593","bloque":90,"tono":3,"ha":22.7},"geometry":{"type":"Polygon","coordinates":[[[-72.954788,4.474901],[-72.954828,4.474801],[-72.954908,4.474661],[-72.955108,4.474222],[-72.955727,4.472944],[-72.956007,4.472385],[-72.956206,4.472005],[-72.956743,4.472645],[-72.958791,4.475207],[-72.95879,4.475786],[-72.95857,4.476346],[-72.95851,4.476365],[-72.95851,4.476605],[-72.95825,4.477045],[-72.957872,4.476864],[-72.957733,4.476844],[-72.957573,4.476804],[-72.957394,4.476744],[-72.957016,4.476663],[-72.956896,4.476643],[-72.956837,4.476643],[-72.956717,4.476683],[-72.956637,4.476723],[-72.956578,4.476762],[-72.956259,4.477022],[-72.956119,4.477162],[-72.955999,4.477301],[-72.955959,4.477401],[-72.9559,4.477521],[-72.95586,4.477581],[-72.95586,4.477621],[-72.955759,4.478],[-72.955719,4.47808],[-72.955719,4.47814],[-72.955699,4.47822],[-72.955659,4.47828],[-72.955579,4.47852],[-72.955559,4.4786],[-72.955519,4.4787],[-72.954124,4.479517],[-72.953965,4.479597],[-72.953865,4.479397],[-72.953868,4.477618],[-72.953828,4.477578],[-72.953749,4.477538],[-72.953729,4.477498],[-72.953709,4.477498],[-72.953649,4.477458],[-72.953629,4.477438],[-72.953609,4.477398],[-72.95357,4.477358],[-72.954788,4.474901]]]}},{"type":"Feature","properties":{"cod_bp":"B.90-P.594","bloque":90,"tono":3,"ha":10.9},"geometry":{"type":"Polygon","coordinates":[[[-72.953865,4.479397],[-72.953965,4.479597],[-72.954004,4.479657],[-72.954004,4.479677],[-72.954044,4.479757],[-72.954044,4.479837],[-72.954024,4.479877],[-72.953984,4.479916],[-72.953864,4.479976],[-72.953586,4.480136],[-72.952988,4.480495],[-72.952968,4.480515],[-72.952947,4.481134],[-72.952941,4.485011],[-72.952841,4.485091],[-72.952344,4.484891],[-72.952124,4.48501],[-72.952104,4.48511],[-72.952024,4.48525],[-72.951845,4.48535],[-72.951587,4.485169],[-72.951691,4.481912],[-72.951692,4.481412],[-72.951652,4.481312],[-72.951712,4.481252],[-72.951792,4.481092],[-72.951812,4.481013],[-72.951992,4.480653],[-72.952463,4.479629],[-72.95357,4.477358],[-72.953609,4.477398],[-72.953629,4.477438],[-72.953649,4.477458],[-72.953709,4.477498],[-72.953729,4.477498],[-72.953749,4.477538],[-72.953828,4.477578],[-72.953868,4.477618],[-72.953865,4.479397]]]}},{"type":"Feature","properties":{"cod_bp":"B.90-P.595","bloque":90,"tono":3,"ha":25.1},"geometry":{"type":"Polygon","coordinates":[[[-72.954124,4.479517],[-72.955519,4.4787],[-72.955419,4.479119],[-72.955419,4.479219],[-72.955399,4.479299],[-72.955399,4.479459],[-72.955478,4.479779],[-72.955538,4.479899],[-72.955557,4.479979],[-72.955637,4.480199],[-72.955656,4.480339],[-72.955775,4.480639],[-72.955795,4.480739],[-72.955815,4.480779],[-72.955814,4.481538],[-72.955853,4.481678],[-72.955953,4.481958],[-72.956012,4.482238],[-72.956032,4.482298],[-72.956032,4.482398],[-72.956071,4.482458],[-72.956071,4.482498],[-72.956131,4.482558],[-72.956191,4.482638],[-72.95641,4.482758],[-72.956728,4.482978],[-72.956807,4.483018],[-72.956867,4.483039],[-72.956927,4.483079],[-72.956707,4.483338],[-72.95563,4.484775],[-72.955391,4.484675],[-72.955192,4.484615],[-72.954913,4.484555],[-72.954873,4.484555],[-72.954654,4.484654],[-72.954515,4.484794],[-72.954415,4.484914],[-72.954255,4.485153],[-72.954195,4.485393],[-72.954155,4.485713],[-72.954094,4.486052],[-72.954054,4.486152],[-72.953616,4.486471],[-72.953368,4.486683],[-72.95236,4.487469],[-72.95226,4.487649],[-72.95216,4.487868],[-72.9521,4.488188],[-72.95211,4.488351],[-72.951582,4.488547],[-72.951585,4.486428],[-72.952242,4.48607],[-72.952242,4.48599],[-72.952741,4.485731],[-72.952741,4.485631],[-72.952861,4.485471],[-72.952861,4.485111],[-72.952841,4.485091],[-72.952941,4.485011],[-72.952947,4.481134],[-72.952968,4.480515],[-72.952988,4.480495],[-72.953586,4.480136],[-72.953864,4.479976],[-72.953984,4.479916],[-72.954024,4.479877],[-72.954044,4.479837],[-72.954044,4.479757],[-72.954004,4.479677],[-72.954004,4.479657],[-72.953965,4.479597],[-72.954124,4.479517]]]}},{"type":"Feature","properties":{"cod_bp":"B.90-P.596","bloque":90,"tono":3,"ha":15.3},"geometry":{"type":"Polygon","coordinates":[[[-72.958091,4.476965],[-72.95825,4.477045],[-72.958389,4.477145],[-72.958748,4.477365],[-72.958927,4.477485],[-72.959205,4.477606],[-72.959085,4.477765],[-72.959005,4.478065],[-72.958965,4.478185],[-72.958885,4.478365],[-72.958845,4.478485],[-72.958786,4.478584],[-72.958786,4.478604],[-72.958765,4.478644],[-72.958785,4.478744],[-72.958506,4.478844],[-72.958406,4.478964],[-72.956852,4.479581],[-72.95685,4.48092],[-72.958064,4.481641],[-72.956927,4.483079],[-72.956867,4.483039],[-72.956807,4.483018],[-72.956728,4.482978],[-72.95641,4.482758],[-72.956191,4.482638],[-72.956131,4.482558],[-72.956071,4.482498],[-72.956071,4.482458],[-72.956032,4.482398],[-72.956032,4.482298],[-72.956012,4.482238],[-72.955953,4.481958],[-72.955853,4.481678],[-72.955814,4.481538],[-72.955815,4.480779],[-72.955795,4.480739],[-72.955775,4.480639],[-72.955656,4.480339],[-72.955637,4.480199],[-72.955557,4.479979],[-72.955538,4.479899],[-72.955478,4.479779],[-72.955399,4.479459],[-72.955399,4.479299],[-72.955419,4.479219],[-72.955419,4.479119],[-72.955519,4.4787],[-72.955559,4.4786],[-72.955579,4.47852],[-72.955659,4.47828],[-72.955699,4.47822],[-72.955719,4.47814],[-72.955719,4.47808],[-72.955759,4.478],[-72.95586,4.477621],[-72.95586,4.477581],[-72.9559,4.477521],[-72.955959,4.477401],[-72.955999,4.477301],[-72.956119,4.477162],[-72.956259,4.477022],[-72.956578,4.476762],[-72.956637,4.476723],[-72.956717,4.476683],[-72.956837,4.476643],[-72.956896,4.476643],[-72.957394,4.476744],[-72.957573,4.476804],[-72.957733,4.476844],[-72.957872,4.476864],[-72.958091,4.476965]]]}},{"type":"Feature","properties":{"cod_bp":"B.90-P.601","bloque":90,"tono":3,"ha":40.3},"geometry":{"type":"Polygon","coordinates":[[[-72.956921,4.486896],[-72.956961,4.486816],[-72.957001,4.486756],[-72.957181,4.486576],[-72.957758,4.486238],[-72.957818,4.486178],[-72.957878,4.486098],[-72.958058,4.485798],[-72.958158,4.485519],[-72.958198,4.485319],[-72.958198,4.485179],[-72.958139,4.485019],[-72.958,4.484759],[-72.9579,4.484619],[-72.957841,4.484459],[-72.957781,4.484159],[-72.957702,4.483959],[-72.957543,4.483639],[-72.957345,4.483359],[-72.957205,4.483199],[-72.957066,4.483119],[-72.956927,4.483079],[-72.958224,4.481442],[-72.959261,4.480204],[-72.959301,4.480144],[-72.959559,4.480764],[-72.959936,4.481624],[-72.960214,4.482284],[-72.960253,4.482404],[-72.960353,4.482644],[-72.960432,4.482804],[-72.960492,4.482864],[-72.960989,4.483524],[-72.961267,4.483864],[-72.961525,4.484224],[-72.961724,4.484764],[-72.961723,4.485464],[-72.961703,4.485604],[-72.961662,4.485804],[-72.961662,4.486203],[-72.961602,4.486583],[-72.961541,4.486903],[-72.961501,4.487222],[-72.961481,4.487482],[-72.96148,4.487902],[-72.961559,4.488282],[-72.961678,4.488642],[-72.962016,4.489222],[-72.962175,4.489422],[-72.962354,4.489622],[-72.962732,4.489862],[-72.96284,4.489956],[-72.962552,4.490082],[-72.962114,4.490261],[-72.960938,4.490839],[-72.959962,4.491337],[-72.959958,4.491351],[-72.959902,4.491377],[-72.959742,4.491477],[-72.959583,4.491557],[-72.959463,4.491596],[-72.959464,4.491257],[-72.959543,4.491157],[-72.959643,4.490977],[-72.959663,4.490877],[-72.959723,4.490757],[-72.959744,4.490597],[-72.959744,4.490378],[-72.959704,4.490118],[-72.959705,4.489978],[-72.959665,4.489798],[-72.959645,4.489618],[-72.959606,4.489478],[-72.959586,4.489458],[-72.959507,4.489278],[-72.959467,4.489218],[-72.959367,4.489138],[-72.959228,4.489098],[-72.959128,4.489058],[-72.95891,4.488918],[-72.95885,4.488857],[-72.95877,4.488817],[-72.958572,4.488617],[-72.958432,4.488517],[-72.958293,4.488377],[-72.958154,4.488277],[-72.958094,4.488217],[-72.957895,4.488077],[-72.957796,4.488016],[-72.957696,4.487936],[-72.957656,4.487936],[-72.957577,4.487896],[-72.957238,4.487776],[-72.957119,4.487716],[-72.957059,4.487696],[-72.95696,4.487596],[-72.9569,4.487476],[-72.9569,4.487416],[-72.95688,4.487395],[-72.956881,4.487256],[-72.956861,4.487216],[-72.956861,4.487176],[-72.956881,4.487116],[-72.956881,4.486996],[-72.956921,4.486896]]]}},{"type":"Feature","properties":{"cod_bp":"B.90-P.602","bloque":90,"tono":3,"ha":30.0},"geometry":{"type":"Polygon","coordinates":[[[-72.95628,4.489213],[-72.956281,4.488594],[-72.956262,4.488474],[-72.956262,4.488414],[-72.956242,4.488274],[-72.956222,4.488194],[-72.956182,4.488094],[-72.956182,4.488054],[-72.956143,4.487994],[-72.956143,4.487974],[-72.956083,4.487814],[-72.956063,4.487714],[-72.955994,4.487504],[-72.955945,4.487294],[-72.955925,4.487254],[-72.955925,4.487114],[-72.955965,4.487054],[-72.955985,4.486994],[-72.956045,4.486935],[-72.956164,4.486855],[-72.956324,4.486815],[-72.956543,4.486815],[-72.956742,4.486896],[-72.956861,4.486896],[-72.956941,4.486856],[-72.956901,4.486936],[-72.956881,4.486996],[-72.956881,4.487116],[-72.956861,4.487176],[-72.956861,4.487216],[-72.956881,4.487256],[-72.95688,4.487395],[-72.9569,4.487416],[-72.9569,4.487476],[-72.95696,4.487596],[-72.957059,4.487696],[-72.957119,4.487716],[-72.957238,4.487776],[-72.957577,4.487896],[-72.957656,4.487936],[-72.957696,4.487936],[-72.957796,4.488016],[-72.957895,4.488077],[-72.958094,4.488217],[-72.958154,4.488277],[-72.958293,4.488377],[-72.958432,4.488517],[-72.958572,4.488617],[-72.95877,4.488817],[-72.95885,4.488857],[-72.95891,4.488918],[-72.959128,4.489058],[-72.959228,4.489098],[-72.959367,4.489138],[-72.959467,4.489218],[-72.959507,4.489278],[-72.959586,4.489458],[-72.959606,4.489478],[-72.959645,4.489618],[-72.959665,4.489798],[-72.959705,4.489978],[-72.959704,4.490118],[-72.959744,4.490378],[-72.959744,4.490597],[-72.959723,4.490757],[-72.959663,4.490877],[-72.959643,4.490977],[-72.959543,4.491157],[-72.959464,4.491257],[-72.959463,4.491596],[-72.959045,4.491776],[-72.958706,4.491935],[-72.958546,4.492055],[-72.958467,4.492135],[-72.958467,4.492175],[-72.958427,4.492294],[-72.958387,4.492494],[-72.958386,4.492554],[-72.958366,4.492734],[-72.958386,4.492914],[-72.958366,4.492974],[-72.958346,4.493094],[-72.958266,4.493334],[-72.958115,4.493598],[-72.957887,4.493793],[-72.957448,4.494192],[-72.95677,4.49483],[-72.955573,4.495928],[-72.955274,4.496287],[-72.955095,4.496467],[-72.954695,4.497086],[-72.954017,4.498084],[-72.953179,4.498802],[-72.951724,4.499979],[-72.951724,4.499859],[-72.951943,4.49962],[-72.952442,4.499041],[-72.952981,4.498322],[-72.95316,4.498143],[-72.95322,4.498103],[-72.95332,4.497923],[-72.95342,4.497823],[-72.9535,4.497724],[-72.95354,4.497644],[-72.953659,4.497524],[-72.953699,4.497464],[-72.953799,4.497364],[-72.953819,4.497304],[-72.953879,4.497224],[-72.954078,4.496905],[-72.954158,4.496745],[-72.954278,4.496486],[-72.954318,4.496326],[-72.954358,4.496246],[-72.954378,4.496166],[-72.954458,4.495986],[-72.954538,4.495866],[-72.954638,4.495767],[-72.954717,4.495707],[-72.954777,4.495607],[-72.954877,4.495507],[-72.954917,4.495427],[-72.954997,4.495347],[-72.955057,4.495247],[-72.955058,4.494508],[-72.955078,4.494428],[-72.955118,4.494188],[-72.955118,4.494088],[-72.955138,4.493989],[-72.955178,4.493849],[-72.955279,4.493369],[-72.955318,4.493309],[-72.955498,4.49313],[-72.955618,4.49287],[-72.955718,4.49267],[-72.955758,4.49261],[-72.955777,4.49255],[-72.955798,4.492411],[-72.955858,4.492211],[-72.955898,4.492151],[-72.955957,4.492091],[-72.955998,4.491911],[-72.956037,4.491831],[-72.956177,4.491492],[-72.956278,4.491032],[-72.95628,4.489213]]]}},{"type":"Feature","properties":{"cod_bp":"B.90-P.603","bloque":90,"tono":3,"ha":38.6},"geometry":{"type":"Polygon","coordinates":[[[-72.956281,4.489014],[-72.956278,4.491032],[-72.956177,4.491492],[-72.956037,4.491831],[-72.955998,4.491911],[-72.955957,4.492091],[-72.955898,4.492151],[-72.955858,4.492211],[-72.955798,4.492411],[-72.955777,4.49255],[-72.955758,4.49261],[-72.955718,4.49267],[-72.955618,4.49287],[-72.955498,4.49313],[-72.955318,4.493309],[-72.955279,4.493369],[-72.955178,4.493849],[-72.955138,4.493989],[-72.955118,4.494088],[-72.955118,4.494188],[-72.955078,4.494428],[-72.955058,4.494508],[-72.955057,4.495247],[-72.954997,4.495347],[-72.954917,4.495427],[-72.954877,4.495507],[-72.954777,4.495607],[-72.954717,4.495707],[-72.954638,4.495767],[-72.954538,4.495866],[-72.954458,4.495986],[-72.954378,4.496166],[-72.954358,4.496246],[-72.954318,4.496326],[-72.954278,4.496486],[-72.954158,4.496745],[-72.954078,4.496905],[-72.953879,4.497224],[-72.953819,4.497304],[-72.953799,4.497364],[-72.953699,4.497464],[-72.953659,4.497524],[-72.95354,4.497644],[-72.9535,4.497724],[-72.95342,4.497823],[-72.95332,4.497923],[-72.95322,4.498103],[-72.95316,4.498143],[-72.952981,4.498322],[-72.952442,4.499041],[-72.951943,4.49962],[-72.951724,4.499859],[-72.951727,4.498081],[-72.951806,4.498041],[-72.951807,4.497341],[-72.951748,4.497161],[-72.951752,4.494223],[-72.951673,4.494183],[-72.951674,4.493364],[-72.951594,4.493324],[-72.951595,4.492964],[-72.951674,4.492924],[-72.951677,4.491045],[-72.951817,4.490966],[-72.951817,4.490886],[-72.951996,4.490786],[-72.952136,4.490786],[-72.952434,4.490947],[-72.952494,4.490947],[-72.952932,4.491007],[-72.952952,4.491067],[-72.952992,4.491107],[-72.953051,4.491067],[-72.953091,4.490988],[-72.953012,4.490708],[-72.953052,4.490668],[-72.953012,4.490628],[-72.953012,4.490528],[-72.952953,4.490428],[-72.952933,4.490348],[-72.952953,4.490208],[-72.952953,4.489988],[-72.952934,4.489908],[-72.953253,4.489509],[-72.953233,4.489369],[-72.953433,4.489169],[-72.953433,4.489009],[-72.953373,4.488909],[-72.953493,4.48873],[-72.953473,4.48863],[-72.953533,4.48861],[-72.954409,4.488751],[-72.956281,4.489014]]]}},{"type":"Feature","properties":{"cod_bp":"B.90-P.604","bloque":90,"tono":3,"ha":29.9},"geometry":{"type":"Polygon","coordinates":[[[-72.966163,4.47208],[-72.966243,4.47212],[-72.966442,4.4722],[-72.966462,4.4722],[-72.966661,4.47234],[-72.96682,4.4724],[-72.96684,4.4724],[-72.96688,4.47238],[-72.96692,4.47238],[-72.96696,4.472341],[-72.96702,4.472221],[-72.967099,4.472141],[-72.967199,4.471981],[-72.967418,4.471762],[-72.967498,4.471702],[-72.967598,4.471642],[-72.967718,4.471602],[-72.967857,4.471622],[-72.968096,4.471723],[-72.968315,4.471883],[-72.968493,4.472063],[-72.968533,4.472123],[-72.968573,4.472163],[-72.968613,4.472243],[-72.968692,4.472363],[-72.968732,4.472483],[-72.968732,4.472683],[-72.968751,4.472703],[-72.968751,4.472803],[-72.968771,4.472823],[-72.968771,4.472863],[-72.968791,4.472883],[-72.968791,4.472903],[-72.968831,4.472943],[-72.96883,4.473063],[-72.96885,4.473103],[-72.96887,4.473183],[-72.96887,4.473263],[-72.96889,4.473323],[-72.96889,4.473403],[-72.96891,4.473463],[-72.96891,4.473483],[-72.969029,4.473703],[-72.969088,4.473963],[-72.969088,4.474162],[-72.969048,4.474262],[-72.969008,4.474422],[-72.968948,4.474602],[-72.968908,4.474682],[-72.968908,4.474722],[-72.968888,4.474782],[-72.968868,4.474882],[-72.968728,4.475201],[-72.968648,4.475361],[-72.968468,4.47576],[-72.968468,4.47588],[-72.968528,4.47596],[-72.968846,4.476201],[-72.968985,4.476281],[-72.969224,4.476441],[-72.969737,4.47674],[-72.969342,4.477201],[-72.968225,4.478578],[-72.967985,4.478898],[-72.967966,4.478937],[-72.967826,4.479057],[-72.967806,4.479057],[-72.967786,4.479077],[-72.96689,4.478916],[-72.966313,4.478835],[-72.966014,4.478775],[-72.965417,4.478674],[-72.96543,4.478688],[-72.9647,4.478573],[-72.965292,4.477675],[-72.965558,4.477315],[-72.965658,4.477135],[-72.965858,4.476716],[-72.966018,4.476356],[-72.966078,4.476197],[-72.966098,4.476097],[-72.966118,4.475877],[-72.966098,4.475737],[-72.966059,4.475537],[-72.966019,4.475437],[-72.965959,4.475337],[-72.96586,4.475237],[-72.965442,4.474937],[-72.965343,4.474856],[-72.965184,4.474696],[-72.964985,4.474516],[-72.964806,4.474336],[-72.964726,4.474196],[-72.964687,4.474036],[-72.964528,4.473756],[-72.964468,4.473676],[-72.964369,4.473456],[-72.96431,4.473316],[-72.96429,4.473236],[-72.96425,4.473156],[-72.96425,4.473056],[-72.964729,4.472757],[-72.964868,4.472777],[-72.965406,4.472538],[-72.965585,4.472518],[-72.965685,4.472459],[-72.965844,4.472379],[-72.965864,4.472339],[-72.966024,4.472219],[-72.966163,4.47208]]]}},{"type":"Feature","properties":{"cod_bp":"B.90-P.605","bloque":90,"tono":3,"ha":14.5},"geometry":{"type":"Polygon","coordinates":[[[-72.97255,4.475926],[-72.97255,4.476246],[-72.972408,4.477624],[-72.972388,4.477765],[-72.972328,4.477885],[-72.972249,4.477964],[-72.971571,4.478463],[-72.971076,4.478853],[-72.970534,4.479261],[-72.970175,4.47952],[-72.970056,4.47948],[-72.968979,4.47929],[-72.968184,4.479138],[-72.967786,4.479077],[-72.967806,4.479057],[-72.967826,4.479057],[-72.967966,4.478937],[-72.967985,4.478898],[-72.968225,4.478578],[-72.969342,4.477201],[-72.969741,4.476742],[-72.97014,4.476242],[-72.9702,4.476183],[-72.970439,4.475903],[-72.970519,4.475823],[-72.970778,4.475524],[-72.970858,4.475404],[-72.971177,4.475025],[-72.971616,4.474466],[-72.97173,4.474333],[-72.972272,4.475386],[-72.97255,4.475886],[-72.97255,4.475926]]]}},{"type":"Feature","properties":{"cod_bp":"B.90-P.606","bloque":90,"tono":3,"ha":18.7},"geometry":{"type":"Polygon","coordinates":[[[-72.971716,4.474306],[-72.97173,4.474333],[-72.971616,4.474466],[-72.971177,4.475025],[-72.970858,4.475404],[-72.970778,4.475524],[-72.970519,4.475823],[-72.970439,4.475903],[-72.9702,4.476183],[-72.97014,4.476242],[-72.97,4.476422],[-72.969737,4.47674],[-72.969224,4.476441],[-72.968985,4.476281],[-72.968846,4.476201],[-72.968528,4.47596],[-72.968468,4.47588],[-72.968468,4.47576],[-72.968648,4.475361],[-72.968728,4.475201],[-72.968868,4.474882],[-72.968888,4.474782],[-72.968908,4.474722],[-72.968908,4.474682],[-72.968948,4.474602],[-72.969008,4.474422],[-72.969048,4.474262],[-72.969088,4.474162],[-72.969088,4.473963],[-72.969029,4.473703],[-72.96891,4.473483],[-72.96891,4.473463],[-72.96889,4.473403],[-72.96889,4.473323],[-72.96887,4.473263],[-72.96887,4.473183],[-72.96885,4.473103],[-72.96883,4.473063],[-72.968831,4.472943],[-72.968791,4.472903],[-72.968791,4.472883],[-72.968771,4.472863],[-72.968771,4.472823],[-72.968751,4.472803],[-72.968751,4.472703],[-72.968732,4.472683],[-72.968732,4.472483],[-72.968692,4.472363],[-72.968613,4.472243],[-72.968573,4.472163],[-72.968533,4.472123],[-72.968493,4.472063],[-72.968315,4.471883],[-72.968096,4.471723],[-72.967857,4.471622],[-72.967718,4.471602],[-72.967598,4.471642],[-72.967498,4.471702],[-72.967418,4.471762],[-72.967199,4.471981],[-72.967099,4.472141],[-72.96702,4.472221],[-72.96696,4.472341],[-72.96692,4.47238],[-72.96688,4.47238],[-72.96684,4.4724],[-72.96682,4.4724],[-72.966661,4.47234],[-72.966462,4.4722],[-72.966442,4.4722],[-72.966243,4.47212],[-72.966163,4.47208],[-72.966582,4.47184],[-72.967439,4.471322],[-72.967678,4.471082],[-72.967718,4.471003],[-72.967858,4.470863],[-72.967956,4.470716],[-72.968157,4.470484],[-72.968357,4.470204],[-72.968457,4.470084],[-72.968536,4.470004],[-72.968696,4.469865],[-72.968736,4.469745],[-72.968875,4.469585],[-72.968896,4.469505],[-72.969155,4.469286],[-72.969354,4.469486],[-72.969632,4.470066],[-72.97042,4.471635],[-72.971086,4.47299],[-72.971716,4.474306]]]}},{"type":"Feature","properties":{"cod_bp":"B.90-P.607","bloque":90,"tono":3,"ha":7.5},"geometry":{"type":"Polygon","coordinates":[[[-72.951066,4.473537],[-72.948278,4.473533],[-72.947921,4.472673],[-72.947842,4.472513],[-72.95105,4.470679],[-72.95111,4.470699],[-72.95109,4.470759],[-72.951089,4.471678],[-72.951067,4.472657],[-72.951066,4.473537]]]}},{"type":"Feature","properties":{"cod_bp":"Caimos 1 Limon Tahiti 2019","ha":15.6},"geometry":{"type":"Polygon","coordinates":[[[-72.965849,4.536755],[-72.965968,4.536995],[-72.966167,4.537335],[-72.966803,4.538475],[-72.966743,4.538555],[-72.966543,4.538715],[-72.966224,4.538914],[-72.966125,4.538874],[-72.965966,4.538674],[-72.965787,4.538374],[-72.965627,4.538453],[-72.96479,4.538912],[-72.964591,4.538991],[-72.964571,4.538912],[-72.964412,4.538611],[-72.964273,4.538291],[-72.964194,4.538171],[-72.964055,4.538051],[-72.963517,4.537811],[-72.963079,4.53769],[-72.962283,4.537389],[-72.96077,4.536727],[-72.960373,4.536467],[-72.960324,4.5363],[-72.961748,4.53547],[-72.961808,4.53557],[-72.961848,4.53555],[-72.961868,4.53559],[-72.961987,4.53551],[-72.962007,4.53557],[-72.962087,4.53553],[-72.962107,4.53557],[-72.962166,4.53555],[-72.962186,4.53559],[-72.962844,4.535191],[-72.962864,4.535232],[-72.963841,4.534653],[-72.965033,4.536174],[-72.965849,4.536755]]]}},{"type":"Feature","properties":{"cod_bp":"Caimos 1 Limon Tahiti 2021","bloque":1,"tono":1,"ha":42.5},"geometry":{"type":"Polygon","coordinates":[[[-72.967555,4.527804],[-72.967714,4.528223],[-72.968568,4.530023],[-72.96785,4.530562],[-72.96773,4.530702],[-72.96771,4.530782],[-72.96771,4.530822],[-72.96769,4.530881],[-72.96767,4.530981],[-72.96763,4.531101],[-72.96759,4.531301],[-72.96757,4.531461],[-72.967569,4.531641],[-72.967549,4.531801],[-72.967549,4.53216],[-72.967529,4.53236],[-72.967528,4.53256],[-72.966292,4.533238],[-72.966273,4.533198],[-72.966113,4.533278],[-72.966093,4.533238],[-72.965097,4.533836],[-72.963801,4.534593],[-72.963841,4.534653],[-72.962864,4.535232],[-72.962844,4.535191],[-72.962186,4.53559],[-72.962166,4.53555],[-72.962107,4.53557],[-72.962087,4.53553],[-72.962007,4.53557],[-72.961987,4.53551],[-72.961868,4.53559],[-72.961848,4.53555],[-72.961808,4.53557],[-72.961748,4.53547],[-72.960324,4.5363],[-72.960055,4.535467],[-72.959996,4.535327],[-72.959758,4.534667],[-72.9595,4.533887],[-72.959501,4.533568],[-72.959899,4.533249],[-72.961814,4.531752],[-72.963249,4.530675],[-72.963588,4.530396],[-72.964944,4.529378],[-72.966519,4.528062],[-72.967157,4.527503],[-72.967456,4.527164],[-72.967436,4.527444],[-72.967555,4.527804]]]}},{"type":"Feature","properties":{"cod_bp":"Caimos 2 N. Valencia 1999","bloque":2,"tono":2,"ha":32.6},"geometry":{"type":"Polygon","coordinates":[[[-72.964571,4.538912],[-72.964591,4.538991],[-72.964651,4.539151],[-72.964749,4.539911],[-72.964749,4.540231],[-72.964609,4.54033],[-72.963951,4.540749],[-72.963852,4.540829],[-72.963154,4.541288],[-72.962536,4.541707],[-72.961539,4.542345],[-72.960602,4.542923],[-72.960183,4.543142],[-72.959506,4.543441],[-72.959446,4.543481],[-72.959346,4.543521],[-72.959361,4.533667],[-72.959461,4.533588],[-72.959501,4.533568],[-72.9595,4.533887],[-72.959758,4.534667],[-72.959996,4.535327],[-72.960313,4.536307],[-72.960373,4.536467],[-72.96077,4.536727],[-72.962323,4.537409],[-72.963079,4.53769],[-72.963517,4.537811],[-72.964055,4.538051],[-72.964194,4.538171],[-72.964273,4.538291],[-72.964412,4.538611],[-72.964571,4.538912]]]}},{"type":"Feature","properties":{"cod_bp":"Caimos 2 N. Valencia 2009","bloque":2,"tono":2,"ha":22.4},"geometry":{"type":"Polygon","coordinates":[[[-72.959354,4.538604],[-72.959346,4.543521],[-72.95833,4.543999],[-72.95825,4.544059],[-72.957991,4.544218],[-72.957774,4.542819],[-72.957577,4.541439],[-72.957242,4.53922],[-72.956887,4.536542],[-72.957027,4.536482],[-72.957226,4.536422],[-72.957346,4.536363],[-72.957485,4.536023],[-72.957765,4.535304],[-72.958005,4.534625],[-72.958025,4.534585],[-72.958085,4.534525],[-72.958225,4.534425],[-72.958863,4.534006],[-72.959361,4.533667],[-72.959354,4.538604]]]}},{"type":"Feature","properties":{"cod_bp":"Caimos 3 Limon Tahiti 2021 Caimos 3 Limon Tahiti 2019","bloque":3,"tono":0,"ha":44.0},"geometry":{"type":"Polygon","coordinates":[[[-72.978217,4.536593],[-72.980189,4.536136],[-72.98017,4.536016],[-72.98013,4.535876],[-72.980111,4.535597],[-72.980091,4.535537],[-72.980051,4.535277],[-72.980012,4.535137],[-72.980311,4.535037],[-72.98049,4.534938],[-72.98055,4.534818],[-72.98059,4.534678],[-72.98061,4.534578],[-72.980933,4.53172],[-72.981052,4.53186],[-72.981251,4.531981],[-72.98151,4.532181],[-72.981887,4.532581],[-72.981947,4.532661],[-72.981967,4.532801],[-72.981827,4.533261],[-72.981827,4.533381],[-72.981866,4.533601],[-72.981945,4.533841],[-72.981985,4.5339],[-72.981985,4.533961],[-72.981785,4.53464],[-72.981765,4.53474],[-72.981665,4.534939],[-72.981665,4.535119],[-72.981784,4.535339],[-72.981843,4.535519],[-72.981943,4.535719],[-72.982062,4.535919],[-72.982021,4.536399],[-72.981961,4.536639],[-72.981921,4.536759],[-72.981861,4.536878],[-72.981582,4.536998],[-72.981443,4.537158],[-72.981323,4.537337],[-72.981263,4.537557],[-72.981023,4.538296],[-72.980943,4.538656],[-72.980863,4.538895],[-72.980663,4.539375],[-72.980782,4.539455],[-72.980802,4.539495],[-72.980762,4.539735],[-72.980682,4.539894],[-72.980522,4.540174],[-72.980423,4.540274],[-72.980283,4.540354],[-72.980124,4.540393],[-72.980044,4.540473],[-72.979645,4.541092],[-72.979545,4.541332],[-72.979544,4.541532],[-72.979604,4.541672],[-72.979624,4.541772],[-72.979584,4.541892],[-72.979464,4.542071],[-72.979424,4.542211],[-72.979424,4.542331],[-72.979444,4.542411],[-72.979483,4.542471],[-72.979543,4.542491],[-72.979583,4.542591],[-72.979543,4.542651],[-72.979483,4.542691],[-72.979343,4.542751],[-72.979164,4.54293],[-72.978525,4.543749],[-72.978306,4.543928],[-72.978027,4.544128],[-72.977628,4.544427],[-72.977508,4.544806],[-72.977488,4.545106],[-72.97697,4.545026],[-72.976771,4.544985],[-72.976891,4.544466],[-72.977011,4.544086],[-72.977091,4.543807],[-72.976992,4.543647],[-72.976932,4.543566],[-72.976833,4.543466],[-72.976813,4.543406],[-72.976754,4.543326],[-72.976714,4.543246],[-72.976654,4.543086],[-72.976595,4.542827],[-72.976515,4.542726],[-72.976496,4.542647],[-72.976436,4.542507],[-72.976396,4.542387],[-72.976377,4.542007],[-72.976357,4.541787],[-72.976398,4.541467],[-72.976378,4.541327],[-72.976299,4.541107],[-72.97606,4.540767],[-72.976001,4.540607],[-72.975901,4.540467],[-72.975822,4.540267],[-72.975722,4.540207],[-72.975603,4.540107],[-72.975265,4.539887],[-72.975205,4.539786],[-72.975185,4.539607],[-72.975126,4.539347],[-72.975126,4.539167],[-72.975107,4.538967],[-72.975844,4.538648],[-72.975745,4.538528],[-72.975665,4.538388],[-72.975666,4.538228],[-72.976004,4.538109],[-72.976183,4.538229],[-72.976921,4.53795],[-72.976881,4.53775],[-72.976941,4.537611],[-72.977041,4.537431],[-72.97734,4.537331],[-72.977539,4.537432],[-72.977977,4.537252],[-72.978257,4.536733],[-72.978217,4.536593]]]}},{"type":"Feature","properties":{"cod_bp":"Caimos 3 Limon de","bloque":3,"tono":0,"ha":8.4},"geometry":{"type":"Polygon","coordinates":[[[-72.976891,4.544466],[-72.976771,4.544985],[-72.976433,4.544925],[-72.976273,4.544925],[-72.976034,4.544824],[-72.975855,4.544684],[-72.975577,4.544564],[-72.975278,4.544563],[-72.975099,4.544503],[-72.97486,4.544303],[-72.974601,4.544103],[-72.974402,4.544003],[-72.974283,4.543822],[-72.973865,4.543542],[-72.973229,4.542961],[-72.97307,4.542661],[-72.973788,4.542063],[-72.974864,4.541565],[-72.975222,4.541805],[-72.9755,4.542145],[-72.975699,4.542286],[-72.975898,4.542406],[-72.975998,4.542606],[-72.975977,4.542806],[-72.976077,4.542966],[-72.976216,4.543046],[-72.976315,4.543406],[-72.976474,4.543706],[-72.976633,4.543846],[-72.976753,4.544006],[-72.976971,4.544186],[-72.976891,4.544466]]]}},{"type":"Feature","properties":{"cod_bp":"Caimos 3 N. Valencia 2009","ha":9.8},"geometry":{"type":"Polygon","coordinates":[[[-72.975844,4.538648],[-72.975107,4.538967],[-72.975107,4.538587],[-72.974968,4.538367],[-72.974749,4.538247],[-72.97467,4.538187],[-72.97473,4.538067],[-72.97471,4.537927],[-72.974591,4.537847],[-72.974471,4.537707],[-72.974352,4.537427],[-72.974193,4.537367],[-72.974034,4.537207],[-72.973915,4.537066],[-72.973815,4.536966],[-72.973616,4.536866],[-72.973517,4.536866],[-72.973377,4.536726],[-72.973198,4.536606],[-72.97798,4.535673],[-72.978257,4.536733],[-72.977977,4.537252],[-72.977539,4.537432],[-72.97734,4.537331],[-72.977041,4.537431],[-72.976941,4.537611],[-72.976881,4.53775],[-72.976921,4.53795],[-72.976183,4.538229],[-72.976004,4.538109],[-72.975666,4.538228],[-72.975665,4.538388],[-72.975745,4.538528],[-72.975844,4.538648]]]}},{"type":"Feature","properties":{"cod_bp":"Caimos 4 N. Valencia 2006","ha":21.6},"geometry":{"type":"Polygon","coordinates":[[[-72.985606,4.522634],[-72.985311,4.520195],[-72.986527,4.519517],[-72.986506,4.520057],[-72.986327,4.520336],[-72.986107,4.520716],[-72.986664,4.521316],[-72.986823,4.521476],[-72.98734,4.522236],[-72.987678,4.522417],[-72.988512,4.523757],[-72.988671,4.524117],[-72.988591,4.524537],[-72.98879,4.524797],[-72.98871,4.525036],[-72.989127,4.525917],[-72.989564,4.526357],[-72.989285,4.526496],[-72.989285,4.526576],[-72.989245,4.526776],[-72.989185,4.526876],[-72.989085,4.526916],[-72.988607,4.527055],[-72.985917,4.52807],[-72.985838,4.52797],[-72.986037,4.527891],[-72.986077,4.527831],[-72.986117,4.527791],[-72.986157,4.527691],[-72.986157,4.527511],[-72.985606,4.522634]]]}},{"type":"Feature","properties":{"cod_bp":"Caravanes (R.)","ha":9.2},"geometry":{"type":"Polygon","coordinates":[[[-72.957935,4.493753],[-72.958106,4.493613],[-72.958115,4.493598],[-72.958246,4.493493],[-72.958286,4.493453],[-72.958325,4.493393],[-72.958345,4.493334],[-72.958385,4.493274],[-72.958604,4.493314],[-72.958823,4.493394],[-72.958943,4.493514],[-72.958922,4.493714],[-72.958803,4.493894],[-72.958623,4.493954],[-72.958444,4.494173],[-72.958324,4.494193],[-72.958244,4.494373],[-72.958144,4.494732],[-72.958124,4.494872],[-72.958243,4.494952],[-72.958283,4.495072],[-72.958303,4.495412],[-72.958302,4.495612],[-72.958162,4.495892],[-72.957963,4.496211],[-72.957803,4.496351],[-72.957604,4.49641],[-72.957225,4.49667],[-72.956627,4.496869],[-72.956329,4.496908],[-72.955731,4.496867],[-72.955473,4.496747],[-72.955194,4.496667],[-72.954655,4.497445],[-72.954814,4.497785],[-72.954834,4.497965],[-72.954774,4.498085],[-72.954614,4.498285],[-72.954673,4.498585],[-72.954533,4.498784],[-72.954394,4.498864],[-72.954235,4.498944],[-72.953936,4.499043],[-72.953736,4.499163],[-72.953497,4.499342],[-72.953417,4.499362],[-72.953338,4.499362],[-72.953179,4.498802],[-72.953668,4.498384],[-72.953817,4.498264],[-72.954017,4.498084],[-72.954596,4.497245],[-72.955095,4.496467],[-72.955274,4.496287],[-72.955613,4.495908],[-72.95667,4.49493],[-72.957448,4.494192],[-72.957935,4.493753]]]}},{"type":"Feature","properties":{"cod_bp":"Chiguiros 1 (R.)","bloque":90,"tono":3,"ha":9.7},"geometry":{"type":"Polygon","coordinates":[[[-72.971796,4.474226],[-72.971716,4.474306],[-72.971438,4.473706],[-72.970763,4.472326],[-72.969354,4.469486],[-72.97041,4.468488],[-72.97049,4.468528],[-72.97055,4.468448],[-72.970689,4.468489],[-72.970868,4.468949],[-72.970888,4.469029],[-72.970848,4.469088],[-72.970887,4.469228],[-72.970967,4.469228],[-72.971245,4.470008],[-72.971344,4.470028],[-72.971622,4.470788],[-72.971721,4.470809],[-72.971741,4.470889],[-72.971841,4.470909],[-72.971861,4.470989],[-72.97194,4.471009],[-72.972099,4.471429],[-72.972178,4.471449],[-72.972218,4.471529],[-72.972298,4.471529],[-72.972496,4.472049],[-72.972576,4.472069],[-72.972655,4.472309],[-72.972615,4.472369],[-72.972675,4.472549],[-72.972495,4.472748],[-72.972396,4.472628],[-72.972097,4.473008],[-72.972176,4.473268],[-72.972256,4.473288],[-72.972355,4.473528],[-72.972315,4.473587],[-72.972195,4.473707],[-72.971896,4.474107],[-72.971796,4.474226]]]}},{"type":"Feature","properties":{"cod_bp":"Chiguiros 2 (R.)","bloque":90,"tono":3,"ha":13.3},"geometry":{"type":"Polygon","coordinates":[[[-72.972634,4.473228],[-72.972654,4.473308],[-72.972634,4.473408],[-72.972713,4.473628],[-72.972892,4.473688],[-72.972912,4.473748],[-72.973111,4.473808],[-72.973151,4.473929],[-72.97327,4.473989],[-72.973369,4.474289],[-72.973489,4.474369],[-72.973608,4.474649],[-72.973707,4.474709],[-72.973727,4.474749],[-72.974006,4.474829],[-72.974045,4.474929],[-72.974165,4.475029],[-72.974284,4.475109],[-72.974184,4.475289],[-72.974283,4.475569],[-72.974423,4.475669],[-72.974542,4.476009],[-72.974841,4.47565],[-72.975279,4.47573],[-72.975578,4.475371],[-72.975737,4.475411],[-72.975757,4.475491],[-72.975936,4.475511],[-72.975956,4.475591],[-72.976235,4.475632],[-72.976294,4.475772],[-72.975955,4.476211],[-72.976035,4.476251],[-72.976075,4.476311],[-72.976274,4.476371],[-72.976313,4.476491],[-72.975675,4.47729],[-72.975814,4.47759],[-72.975913,4.47767],[-72.975993,4.47779],[-72.976172,4.47787],[-72.976271,4.47817],[-72.976251,4.47827],[-72.976291,4.47841],[-72.976251,4.47851],[-72.97629,4.47867],[-72.975935,4.479085],[-72.975712,4.478909],[-72.975335,4.478588],[-72.974937,4.478268],[-72.974479,4.477868],[-72.97432,4.47774],[-72.973902,4.477367],[-72.973425,4.476974],[-72.972908,4.476526],[-72.972729,4.476406],[-72.972689,4.476366],[-72.97261,4.476306],[-72.97255,4.476246],[-72.97255,4.475886],[-72.972491,4.475766],[-72.972451,4.475706],[-72.972352,4.475506],[-72.972153,4.475146],[-72.971736,4.474326],[-72.971716,4.474306],[-72.971796,4.474226],[-72.971896,4.474107],[-72.972195,4.473707],[-72.972315,4.473587],[-72.972415,4.473448],[-72.972634,4.473228]]]}},{"type":"Feature","properties":{"cod_bp":"Chiguiros 3 (R.)","bloque":90,"tono":3,"ha":8.9},"geometry":{"type":"Polygon","coordinates":[[[-72.975712,4.478909],[-72.975931,4.479089],[-72.975935,4.479085],[-72.975991,4.479129],[-72.975372,4.479908],[-72.975114,4.479867],[-72.974715,4.479787],[-72.974516,4.479706],[-72.974457,4.479607],[-72.974377,4.479367],[-72.974417,4.479287],[-72.974278,4.478967],[-72.974199,4.478887],[-72.97408,4.478827],[-72.973661,4.478766],[-72.973522,4.478726],[-72.973442,4.478786],[-72.973303,4.478805],[-72.973163,4.478885],[-72.972984,4.478965],[-72.972845,4.478965],[-72.972645,4.479124],[-72.972346,4.479244],[-72.972147,4.479223],[-72.971789,4.479163],[-72.971311,4.479402],[-72.971171,4.479462],[-72.970992,4.479582],[-72.970832,4.479641],[-72.970514,4.479581],[-72.970474,4.479441],[-72.970534,4.479261],[-72.970733,4.479121],[-72.971471,4.478543],[-72.97191,4.478224],[-72.972249,4.477964],[-72.972328,4.477885],[-72.972368,4.477805],[-72.972388,4.477785],[-72.972388,4.477745],[-72.972408,4.477665],[-72.97255,4.476246],[-72.97261,4.476306],[-72.972689,4.476366],[-72.972729,4.476406],[-72.972928,4.476546],[-72.973664,4.477187],[-72.973922,4.477387],[-72.97428,4.477708],[-72.974937,4.478268],[-72.975712,4.478909]]]}},{"type":"Feature","properties":{"cod_bp":"Chiriguaro","ha":25.0},"geometry":{"type":"Polygon","coordinates":[[[-72.96087,4.483104],[-72.96298,4.483447],[-72.962881,4.483127],[-72.960592,4.482784],[-72.960572,4.482764],[-72.960532,4.482684],[-72.960492,4.482644],[-72.960452,4.482544],[-72.960413,4.482504],[-72.960353,4.482384],[-72.960234,4.482244],[-72.959301,4.480064],[-72.959919,4.479305],[-72.959999,4.479186],[-72.960059,4.479146],[-72.960159,4.479126],[-72.960199,4.479126],[-72.960856,4.478987],[-72.961274,4.478888],[-72.961334,4.478848],[-72.961394,4.478788],[-72.961414,4.479028],[-72.961413,4.479228],[-72.961453,4.479428],[-72.961672,4.479428],[-72.96207,4.479569],[-72.962229,4.479649],[-72.962369,4.479629],[-72.962667,4.479629],[-72.962887,4.47941],[-72.963026,4.47939],[-72.963663,4.479511],[-72.964022,4.479491],[-72.963662,4.479971],[-72.963623,4.48005],[-72.963702,4.48015],[-72.965671,4.481712],[-72.965711,4.481792],[-72.96573,4.482292],[-72.96573,4.482492],[-72.963059,4.483907],[-72.96284,4.484046],[-72.96282,4.484066],[-72.96282,4.484087],[-72.96278,4.484126],[-72.96278,4.484226],[-72.962845,4.484424],[-72.961645,4.484225],[-72.961585,4.484105],[-72.961585,4.484085],[-72.961565,4.484065],[-72.961566,4.484025],[-72.961546,4.484005],[-72.961546,4.483985],[-72.961526,4.483965],[-72.961526,4.483945],[-72.961506,4.483925],[-72.961506,4.483905],[-72.961486,4.483885],[-72.961486,4.483865],[-72.961387,4.483765],[-72.961367,4.483725],[-72.961287,4.483645],[-72.961267,4.483605],[-72.961208,4.483544],[-72.961168,4.483524],[-72.961108,4.483424],[-72.961069,4.483384],[-72.961049,4.483324],[-72.961009,4.483284],[-72.96087,4.483104]]]}},{"type":"Feature","properties":{"cod_bp":"Chirimata Guarataro (R.) Guarataro","bloque":90,"tono":3,"ha":12.0},"geometry":{"type":"Polygon","coordinates":[[[-72.963413,4.486806],[-72.963414,4.486765],[-72.963394,4.486765],[-72.963374,4.486506],[-72.963216,4.485466],[-72.963216,4.485346],[-72.963197,4.485326],[-72.963197,4.485266],[-72.963177,4.485246],[-72.963177,4.485186],[-72.963157,4.485166],[-72.963157,4.485126],[-72.963137,4.485106],[-72.963137,4.485066],[-72.963117,4.485046],[-72.963117,4.485006],[-72.963098,4.484986],[-72.963098,4.484966],[-72.963078,4.484946],[-72.963078,4.484906],[-72.963058,4.484886],[-72.963058,4.484866],[-72.963038,4.484846],[-72.963038,4.484826],[-72.963018,4.484826],[-72.962978,4.484726],[-72.962879,4.484526],[-72.962859,4.484426],[-72.96278,4.484226],[-72.96278,4.484126],[-72.96282,4.484087],[-72.96282,4.484066],[-72.96284,4.484066],[-72.96284,4.484046],[-72.963059,4.483907],[-72.96585,4.482432],[-72.966886,4.481934],[-72.966187,4.483172],[-72.96557,4.483071],[-72.96555,4.483171],[-72.965609,4.483291],[-72.96545,4.483511],[-72.965469,4.483591],[-72.96541,4.483651],[-72.965449,4.483751],[-72.96515,4.48411],[-72.96507,4.48409],[-72.964851,4.484149],[-72.964871,4.484189],[-72.96513,4.48423],[-72.965249,4.48429],[-72.965249,4.48437],[-72.965189,4.48437],[-72.96503,4.48435],[-72.96497,4.484449],[-72.96491,4.484509],[-72.96493,4.484609],[-72.96487,4.484669],[-72.96499,4.484749],[-72.965009,4.484829],[-72.96499,4.484929],[-72.96483,4.485129],[-72.96485,4.485209],[-72.96483,4.485269],[-72.964869,4.485329],[-72.96481,4.485409],[-72.964829,4.485449],[-72.964809,4.485568],[-72.964829,4.485628],[-72.964669,4.485848],[-72.964769,4.485908],[-72.964729,4.485988],[-72.964769,4.486048],[-72.964669,4.486188],[-72.964709,4.486228],[-72.964689,4.486308],[-72.964689,4.486388],[-72.964728,4.486468],[-72.964629,4.486627],[-72.964549,4.486687],[-72.964608,4.486767],[-72.964529,4.486827],[-72.964568,4.486907],[-72.964489,4.486967],[-72.964588,4.487167],[-72.964468,4.487227],[-72.964388,4.487307],[-72.964388,4.487367],[-72.964428,4.487507],[-72.964388,4.487586],[-72.964467,4.487806],[-72.964428,4.487826],[-72.964268,4.487806],[-72.964248,4.487846],[-72.964288,4.488006],[-72.964248,4.488066],[-72.964188,4.488126],[-72.964208,4.488166],[-72.964308,4.488186],[-72.964307,4.488266],[-72.964248,4.488306],[-72.964168,4.488306],[-72.964148,4.488405],[-72.964028,4.488585],[-72.964048,4.488665],[-72.964088,4.488705],[-72.964267,4.488765],[-72.964406,4.488846],[-72.964386,4.488906],[-72.963968,4.488865],[-72.963968,4.488905],[-72.963908,4.488945],[-72.963988,4.489125],[-72.963928,4.489165],[-72.963948,4.489265],[-72.964127,4.489285],[-72.964127,4.489345],[-72.963908,4.489344],[-72.963887,4.489584],[-72.963947,4.489724],[-72.963807,4.489864],[-72.963747,4.489884],[-72.963708,4.489884],[-72.963568,4.489784],[-72.96317,4.489623],[-72.96317,4.489603],[-72.96319,4.489583],[-72.96319,4.489563],[-72.96323,4.489523],[-72.96323,4.489503],[-72.96325,4.489483],[-72.96325,4.489463],[-72.96327,4.489444],[-72.96327,4.489424],[-72.96329,4.489403],[-72.96329,4.489383],[-72.96331,4.489364],[-72.96331,4.489324],[-72.96333,4.489304],[-72.96333,4.489284],[-72.96335,4.489264],[-72.96335,4.489204],[-72.96337,4.489184],[-72.96337,4.489104],[-72.96339,4.489084],[-72.96339,4.488904],[-72.963422,4.488243],[-72.963431,4.488245],[-72.963452,4.487625],[-72.963472,4.487605],[-72.963473,4.487185],[-72.963453,4.487165],[-72.963453,4.487005],[-72.963433,4.486985],[-72.963433,4.486866],[-72.963413,4.486846],[-72.963413,4.486806]]]}},{"type":"Feature","properties":{"cod_bp":"Citricos","bloque":1,"tono":1,"ha":21.3},"geometry":{"type":"Polygon","coordinates":[[[-72.965097,4.533836],[-72.966093,4.533238],[-72.966113,4.533278],[-72.966273,4.533198],[-72.966292,4.533238],[-72.967528,4.53256],[-72.967528,4.5326],[-72.967806,4.533],[-72.968284,4.533541],[-72.968283,4.533561],[-72.968303,4.533601],[-72.968303,4.534],[-72.968283,4.53416],[-72.968282,4.5343],[-72.96858,4.53494],[-72.96862,4.53514],[-72.968838,4.53578],[-72.968997,4.5361],[-72.968996,4.53638],[-72.968956,4.536659],[-72.969035,4.536939],[-72.969055,4.537099],[-72.969055,4.537219],[-72.969015,4.537259],[-72.968875,4.537339],[-72.968317,4.537698],[-72.968078,4.537837],[-72.966962,4.538535],[-72.966803,4.538475],[-72.965849,4.536755],[-72.965033,4.536174],[-72.964616,4.535634],[-72.963841,4.534653],[-72.963801,4.534593],[-72.965097,4.533836]]]}},{"type":"Feature","properties":{"cod_bp":"FRUTALES","ha":42.3},"geometry":{"type":"Polygon","coordinates":[[[-73.006208,4.418494],[-73.006749,4.416356],[-73.018095,4.41927],[-73.018054,4.41985],[-73.017955,4.41979],[-73.017835,4.41979],[-73.017756,4.41981],[-73.017696,4.41985],[-73.017576,4.419869],[-73.017496,4.419909],[-73.017377,4.419909],[-73.017138,4.419969],[-73.016998,4.419969],[-73.01674,4.420048],[-73.01662,4.420028],[-73.016501,4.420028],[-73.016341,4.420107],[-73.016242,4.420087],[-73.016162,4.420087],[-73.016102,4.420107],[-73.016003,4.420167],[-73.015943,4.420187],[-73.015823,4.420267],[-73.015704,4.420266],[-73.015564,4.420346],[-73.015504,4.420406],[-73.015464,4.420466],[-73.015445,4.420526],[-73.015365,4.420566],[-73.015325,4.420606],[-73.015186,4.420625],[-73.015106,4.420645],[-73.015046,4.420705],[-73.014946,4.420785],[-73.014887,4.420885],[-73.014827,4.421005],[-73.014667,4.421024],[-73.014568,4.421064],[-73.014488,4.421144],[-73.014448,4.421224],[-73.014428,4.421324],[-73.014348,4.421364],[-73.014288,4.421424],[-73.014229,4.421504],[-73.014208,4.421583],[-73.014149,4.421663],[-73.014069,4.421683],[-73.014009,4.421723],[-73.013909,4.421903],[-73.01383,4.421943],[-73.01377,4.421883],[-73.01367,4.421822],[-73.013591,4.421842],[-73.013511,4.421842],[-73.013471,4.421862],[-73.013332,4.421862],[-73.013232,4.421902],[-73.013192,4.421902],[-73.013033,4.421782],[-73.012954,4.421761],[-73.012695,4.421761],[-73.012635,4.421801],[-73.012595,4.421861],[-73.012555,4.421881],[-73.012535,4.421941],[-73.012376,4.422001],[-73.012336,4.42204],[-73.012296,4.42206],[-73.012276,4.42206],[-73.012216,4.422],[-73.012197,4.42196],[-73.012137,4.4219],[-73.012077,4.42186],[-73.012038,4.42178],[-73.011898,4.42168],[-73.011819,4.42164],[-73.011739,4.42162],[-73.01164,4.42162],[-73.01154,4.42164],[-73.0115,4.421539],[-73.011481,4.42142],[-73.011481,4.42132],[-73.011441,4.42122],[-73.011381,4.42112],[-73.011262,4.42106],[-73.011162,4.421039],[-73.011023,4.421019],[-73.010943,4.420999],[-73.010844,4.420999],[-73.010705,4.421019],[-73.010545,4.421138],[-73.010505,4.421238],[-73.010505,4.421338],[-73.010525,4.421418],[-73.010445,4.421458],[-73.010385,4.421498],[-73.010325,4.421578],[-73.010285,4.421658],[-73.010246,4.421658],[-73.010206,4.421498],[-73.010126,4.421398],[-73.009908,4.421257],[-73.009589,4.421117],[-73.009331,4.421017],[-73.009151,4.420977],[-73.009032,4.420936],[-73.008813,4.420676],[-73.008694,4.420516],[-73.008575,4.420436],[-73.008376,4.420356],[-73.007978,4.420215],[-73.007818,4.420135],[-73.007679,4.420095],[-73.00758,4.420015],[-73.00748,4.419895],[-73.00746,4.419755],[-73.007421,4.419675],[-73.007321,4.419575],[-73.007282,4.419475],[-73.007222,4.419395],[-73.007143,4.419255],[-73.007083,4.419195],[-73.007023,4.419115],[-73.006844,4.418975],[-73.006725,4.418894],[-73.006665,4.418774],[-73.006546,4.418654],[-73.006467,4.418594],[-73.006367,4.418534],[-73.006228,4.418474],[-73.006208,4.418494]]]}},{"type":"Feature","properties":{"cod_bp":"Lejanias","ha":20.3},"geometry":{"type":"Polygon","coordinates":[[[-72.970224,4.419202],[-72.971062,4.418024],[-72.973656,4.41425],[-72.973756,4.41413],[-72.973816,4.41403],[-72.973856,4.41401],[-72.973915,4.414071],[-72.973975,4.41417],[-72.973975,4.41429],[-72.973995,4.41443],[-72.973874,4.415349],[-72.973833,4.415729],[-72.973793,4.416209],[-72.973772,4.416669],[-72.973613,4.416948],[-72.973094,4.417807],[-72.973073,4.417887],[-72.973073,4.418326],[-72.973112,4.418586],[-72.973132,4.418666],[-72.973271,4.418806],[-72.973371,4.418886],[-72.973669,4.419067],[-72.974166,4.419347],[-72.974485,4.419468],[-72.974963,4.419708],[-72.974962,4.419968],[-72.975181,4.420108],[-72.97528,4.420268],[-72.97528,4.420448],[-72.974204,4.421006],[-72.974045,4.421026],[-72.97239,4.422003],[-72.971794,4.421642],[-72.971694,4.421662],[-72.971674,4.421542],[-72.971615,4.421502],[-72.971615,4.421462],[-72.971634,4.421442],[-72.971636,4.420783],[-72.971536,4.420682],[-72.971496,4.420662],[-72.971457,4.420623],[-72.971198,4.420482],[-72.971118,4.420422],[-72.971079,4.420382],[-72.9709,4.420062],[-72.970741,4.419722],[-72.970701,4.419682],[-72.970622,4.419642],[-72.970403,4.419502],[-72.970383,4.419482],[-72.970383,4.419442],[-72.970363,4.419402],[-72.970363,4.419322],[-72.970343,4.419262],[-72.970284,4.419222],[-72.970224,4.419202]]]}},{"type":"Feature","properties":{"cod_bp":"Limon Tahiti 2019 San Juanito","ha":8.6},"geometry":{"type":"Polygon","coordinates":[[[-72.966664,4.510574],[-72.966291,4.507455],[-72.966928,4.507117],[-72.968541,4.507159],[-72.968701,4.507179],[-72.9688,4.507519],[-72.96874,4.507719],[-72.96868,4.507959],[-72.96862,4.508099],[-72.96856,4.508338],[-72.96848,4.508558],[-72.96842,4.508778],[-72.968359,4.509037],[-72.968359,4.509137],[-72.968319,4.509257],[-72.968318,4.509897],[-72.968338,4.509997],[-72.968318,4.510097],[-72.968418,4.510157],[-72.968557,4.510217],[-72.968736,4.510237],[-72.968736,4.510337],[-72.968536,4.510497],[-72.968317,4.510636],[-72.968058,4.510676],[-72.967859,4.510696],[-72.96758,4.510655],[-72.967401,4.510575],[-72.967361,4.510495],[-72.967142,4.510555],[-72.966963,4.510594],[-72.966883,4.510594],[-72.966664,4.510574]]]}},{"type":"Feature","properties":{"cod_bp":"Manantial (R.)","bloque":90,"tono":3,"ha":24.0},"geometry":{"type":"Polygon","coordinates":[[[-72.952932,4.491007],[-72.952494,4.490947],[-72.952355,4.490467],[-72.952218,4.489327],[-72.952139,4.488788],[-72.95211,4.488351],[-72.952119,4.488348],[-72.9521,4.488188],[-72.95216,4.487868],[-72.95226,4.487649],[-72.95236,4.487469],[-72.953237,4.486791],[-72.953676,4.486432],[-72.954054,4.486152],[-72.954094,4.486052],[-72.954155,4.485713],[-72.954195,4.485393],[-72.954255,4.485153],[-72.954355,4.485013],[-72.954415,4.484914],[-72.954654,4.484654],[-72.954754,4.484614],[-72.954873,4.484555],[-72.954913,4.484555],[-72.955192,4.484615],[-72.955291,4.484655],[-72.955391,4.484675],[-72.95557,4.484756],[-72.95563,4.484775],[-72.956468,4.483657],[-72.956927,4.483079],[-72.957205,4.483199],[-72.957345,4.483359],[-72.957543,4.483639],[-72.957702,4.483959],[-72.957742,4.484079],[-72.957781,4.484159],[-72.957801,4.484299],[-72.957841,4.484459],[-72.9579,4.484619],[-72.958039,4.484839],[-72.958124,4.484993],[-72.958198,4.485179],[-72.958198,4.485319],[-72.958138,4.485579],[-72.958078,4.485738],[-72.958038,4.485818],[-72.957878,4.486098],[-72.957818,4.486178],[-72.957758,4.486238],[-72.957559,4.486357],[-72.9573,4.486497],[-72.957181,4.486576],[-72.957001,4.486756],[-72.956941,4.486856],[-72.956841,4.486896],[-72.956742,4.486896],[-72.956543,4.486815],[-72.956324,4.486815],[-72.956164,4.486855],[-72.956045,4.486935],[-72.955985,4.486994],[-72.955965,4.487054],[-72.955945,4.487074],[-72.955925,4.487114],[-72.955925,4.487274],[-72.955945,4.487294],[-72.955945,4.487354],[-72.955994,4.487504],[-72.956004,4.487554],[-72.956044,4.487654],[-72.956083,4.487814],[-72.956163,4.488054],[-72.956222,4.488194],[-72.956242,4.488274],[-72.956242,4.488374],[-72.956262,4.488474],[-72.956261,4.488534],[-72.956281,4.488634],[-72.956281,4.489014],[-72.954409,4.488751],[-72.953533,4.48861],[-72.953473,4.48863],[-72.953493,4.48873],[-72.953373,4.488909],[-72.953433,4.489009],[-72.953433,4.489169],[-72.953233,4.489369],[-72.953253,4.489509],[-72.952934,4.489908],[-72.952953,4.489988],[-72.952953,4.490208],[-72.952933,4.490348],[-72.952953,4.490428],[-72.953012,4.490528],[-72.953012,4.490628],[-72.953052,4.490668],[-72.953012,4.490708],[-72.953091,4.490988],[-72.953051,4.491067],[-72.952992,4.491107],[-72.952952,4.491067],[-72.952932,4.491007]]]}},{"type":"Feature","properties":{"cod_bp":"Matapalo 1 (R.)","bloque":90,"tono":3,"ha":6.4},"geometry":{"type":"Polygon","coordinates":[[[-72.966313,4.478835],[-72.96699,4.478936],[-72.967786,4.479077],[-72.968184,4.479138],[-72.970175,4.47952],[-72.968321,4.480937],[-72.967862,4.481296],[-72.96543,4.478688],[-72.966014,4.478775],[-72.966313,4.478835]]]}},{"type":"Feature","properties":{"cod_bp":"Matapalo 2 (R.)","bloque":90,"tono":3,"ha":15.1},"geometry":{"type":"Polygon","coordinates":[[[-72.965292,4.477675],[-72.965159,4.477854],[-72.9647,4.478573],[-72.964043,4.478492],[-72.962092,4.478169],[-72.962012,4.478169],[-72.962052,4.47807],[-72.962072,4.47805],[-72.962112,4.47793],[-72.962192,4.47777],[-72.962212,4.47771],[-72.962232,4.47761],[-72.962232,4.47749],[-72.962213,4.47739],[-72.962213,4.47729],[-72.962173,4.47721],[-72.962093,4.47709],[-72.962014,4.47695],[-72.961935,4.47671],[-72.961995,4.47669],[-72.962074,4.47663],[-72.962473,4.476151],[-72.962787,4.475759],[-72.962793,4.475772],[-72.963138,4.475332],[-72.96371,4.474634],[-72.964049,4.474195],[-72.964109,4.474135],[-72.964169,4.474055],[-72.964369,4.473875],[-72.964488,4.473776],[-72.964528,4.473756],[-72.964614,4.473916],[-72.964667,4.474036],[-72.964707,4.474156],[-72.964806,4.474336],[-72.964945,4.474476],[-72.965005,4.474556],[-72.965104,4.474636],[-72.965283,4.474816],[-72.965482,4.474977],[-72.965582,4.475037],[-72.965681,4.475117],[-72.9658,4.475197],[-72.96594,4.475317],[-72.966019,4.475437],[-72.966059,4.475537],[-72.966078,4.475677],[-72.966098,4.475737],[-72.966118,4.475877],[-72.966098,4.475977],[-72.966098,4.476077],[-72.966078,4.476197],[-72.965967,4.476461],[-72.965738,4.476936],[-72.965663,4.477123],[-72.965558,4.477315],[-72.965399,4.477515],[-72.965292,4.477675]]]}},{"type":"Feature","properties":{"cod_bp":"Pior es Nada (R.)","bloque":90,"tono":3,"ha":24.3},"geometry":{"type":"Polygon","coordinates":[[[-72.964603,4.490405],[-72.964663,4.490425],[-72.964643,4.490565],[-72.964702,4.490625],[-72.964762,4.490765],[-72.965378,4.491265],[-72.965497,4.491565],[-72.965497,4.491705],[-72.965398,4.491785],[-72.965297,4.492244],[-72.960812,4.495016],[-72.960374,4.494916],[-72.959718,4.494515],[-72.959499,4.494235],[-72.95946,4.494055],[-72.95958,4.493335],[-72.95976,4.493056],[-72.959462,4.492696],[-72.959462,4.492256],[-72.959901,4.491557],[-72.959958,4.491351],[-72.96028,4.491198],[-72.960779,4.490939],[-72.961257,4.49072],[-72.961536,4.49056],[-72.962075,4.490281],[-72.962353,4.490182],[-72.962592,4.490082],[-72.962871,4.489982],[-72.96284,4.489956],[-72.962871,4.489942],[-72.962931,4.489883],[-72.962971,4.489863],[-72.962991,4.489823],[-72.96317,4.489623],[-72.963568,4.489784],[-72.963708,4.489884],[-72.963747,4.489884],[-72.963807,4.489864],[-72.964007,4.489664],[-72.964146,4.489505],[-72.964249,4.489367],[-72.964743,4.489686],[-72.964623,4.490245],[-72.964563,4.490265],[-72.964563,4.490405],[-72.964603,4.490405]]]}},{"type":"Feature","properties":{"cod_bp":"San Juanito N. Valencia 92-07 Erradicado","bloque":5,"tono":0,"ha":26.2},"geometry":{"type":"Polygon","coordinates":[[[-72.965464,4.513262],[-72.965186,4.51347],[-72.965162,4.513506],[-72.964867,4.513749],[-72.964548,4.514029],[-72.963631,4.514787],[-72.963232,4.515086],[-72.963113,4.515166],[-72.962973,4.515205],[-72.962894,4.515225],[-72.962834,4.515205],[-72.962674,4.515225],[-72.962375,4.515924],[-72.962335,4.516104],[-72.962235,4.516124],[-72.962195,4.516124],[-72.962135,4.516144],[-72.962076,4.516123],[-72.962056,4.516123],[-72.961996,4.516023],[-72.961897,4.515823],[-72.961877,4.515723],[-72.961718,4.515383],[-72.961381,4.514623],[-72.960885,4.513464],[-72.960786,4.513184],[-72.960667,4.512804],[-72.960707,4.512684],[-72.961026,4.512424],[-72.961026,4.512045],[-72.962301,4.511847],[-72.962301,4.511747],[-72.96258,4.511707],[-72.96264,4.511687],[-72.962919,4.511648],[-72.962801,4.510548],[-72.964036,4.51035],[-72.964056,4.51047],[-72.964394,4.510431],[-72.964414,4.510611],[-72.964673,4.510571],[-72.965832,4.507875],[-72.966291,4.507455],[-72.966664,4.510574],[-72.966545,4.510694],[-72.966564,4.510814],[-72.966544,4.511013],[-72.966465,4.511053],[-72.966484,4.511313],[-72.966284,4.511713],[-72.966105,4.511772],[-72.965746,4.512351],[-72.965546,4.512471],[-72.965506,4.512631],[-72.965406,4.51297],[-72.965464,4.513262]],[[-72.963933,4.512329],[-72.964093,4.511949],[-72.963536,4.512028],[-72.963575,4.512388],[-72.963933,4.512329]]]}},{"type":"Feature","properties":{"cod_bp":"Sorgo (R.)","bloque":90,"tono":3,"ha":11.7},"geometry":{"type":"Polygon","coordinates":[[[-72.962508,4.466458],[-72.962667,4.466498],[-72.962965,4.466679],[-72.963263,4.466939],[-72.963363,4.467079],[-72.963442,4.467219],[-72.963502,4.467339],[-72.963601,4.467779],[-72.96368,4.468299],[-72.963798,4.469238],[-72.963797,4.469518],[-72.963817,4.469598],[-72.963857,4.469658],[-72.964215,4.470098],[-72.964592,4.470518],[-72.964712,4.470678],[-72.965129,4.471539],[-72.965134,4.471583],[-72.965089,4.471598],[-72.96477,4.471878],[-72.96457,4.472117],[-72.964411,4.472357],[-72.964351,4.472497],[-72.964291,4.472576],[-72.964251,4.472736],[-72.964251,4.472856],[-72.964052,4.472696],[-72.963912,4.472636],[-72.963833,4.472576],[-72.963773,4.472556],[-72.963653,4.472696],[-72.963594,4.472715],[-72.962264,4.469236],[-72.962126,4.468796],[-72.961947,4.468376],[-72.961848,4.468096],[-72.961808,4.467876],[-72.961729,4.467656],[-72.961709,4.467576],[-72.961709,4.467516],[-72.961729,4.467496],[-72.961769,4.467416],[-72.962468,4.466558],[-72.962508,4.466498],[-72.962508,4.466458]]]}},{"type":"Feature","properties":{"cod_bp":"Sorgo (R.) 2","bloque":90,"tono":3,"ha":10.1},"geometry":{"type":"Polygon","coordinates":[[[-72.964468,4.473676],[-72.964528,4.473756],[-72.964428,4.473816],[-72.964309,4.473936],[-72.964209,4.473995],[-72.964109,4.474135],[-72.964049,4.474195],[-72.96359,4.474754],[-72.963138,4.475332],[-72.962787,4.475759],[-72.961959,4.473572],[-72.962039,4.473473],[-72.96198,4.473173],[-72.961982,4.471854],[-72.962022,4.471434],[-72.961983,4.471174],[-72.961963,4.470754],[-72.961964,4.470594],[-72.961865,4.470334],[-72.961786,4.469835],[-72.961746,4.469535],[-72.961826,4.469435],[-72.962045,4.469415],[-72.962185,4.469336],[-72.962304,4.469356],[-72.962324,4.469436],[-72.962899,4.470936],[-72.963117,4.471476],[-72.963594,4.472715],[-72.963653,4.472696],[-72.963773,4.472556],[-72.963833,4.472576],[-72.963912,4.472636],[-72.964052,4.472696],[-72.964231,4.472856],[-72.96425,4.473156],[-72.964369,4.473476],[-72.964468,4.473676]]]}},{"type":"Feature","properties":{"cod_bp":"Vivero 1 (Playa Rica)","bloque":90,"tono":3,"ha":13.2},"geometry":{"type":"Polygon","coordinates":[[[-72.952436,4.476257],[-72.954776,4.474908],[-72.95315,4.478196],[-72.95305,4.478416],[-72.952571,4.479395],[-72.951992,4.480653],[-72.951514,4.480213],[-72.951117,4.479712],[-72.950184,4.477613],[-72.950762,4.477234],[-72.950901,4.477314],[-72.950981,4.477234],[-72.950981,4.477154],[-72.950971,4.477124],[-72.950961,4.477014],[-72.950969,4.476779],[-72.950982,4.476714],[-72.950982,4.476355],[-72.9518,4.475876],[-72.952436,4.476257]]]}},{"type":"Feature","properties":{"cod_bp":"Vivero 2 (Cancha","ha":3.6},"geometry":{"type":"Polygon","coordinates":[[[-72.95296,4.4722],[-72.952821,4.47194],[-72.95302,4.471721],[-72.953399,4.471841],[-72.953438,4.472081],[-72.953976,4.472142],[-72.954354,4.472162],[-72.954533,4.472043],[-72.954751,4.472862],[-72.954969,4.473742],[-72.954969,4.474122],[-72.954988,4.474342],[-72.954768,4.474781],[-72.954749,4.474701],[-72.954669,4.474521],[-72.95453,4.474261],[-72.954391,4.474121],[-72.953973,4.473901],[-72.953715,4.47356],[-72.953318,4.47276],[-72.95296,4.4722]]]}}]}