{"type":"FeatureCollection","features":[{"type":"Feature","properties":{"TIPO":"Balastrada","CODIGO":"Interna","ZONA":"3","BLOQUE":"10","COD_BP":"B.10-P.9"},"geometry":{"type":"LineString","coordinates":[[-72.999152,4.451106],[-72.994887,4.451329]]}},{"type":"Feature","properties":{"TIPO":"Balastrada","CODIGO":"Interna","ZONA":"3","BLOQUE":"10","COD_BP":"B.10-P.9"},"geometry":{"type":"LineString","coordinates":[[-72.994887,4.451329],[-72.994886,4.451307],[-72.9948,4.44958]]}},{"type":"Feature","properties":{"TIPO":"Balastrada","CODIGO":"Interna","ZONA":"3","BLOQUE":"10","COD_BP":"B.10-P.8"},"geometry":{"type":"LineString","coordinates":[[-72.99501,4.453807],[-72.995009,4.453785],[-72.994888,4.451348],[-72.994887,4.451329]]}},{"type":"Feature","properties":{"TIPO":"Balastrada","CODIGO":"Interna","ZONA":"3","BLOQUE":"10","COD_BP":"B.10-P.6"},"geometry":{"type":"LineString","coordinates":[[-72.995127,4.456296],[-72.998048,4.456142]]}},{"type":"Feature","properties":{"TIPO":"Balastrada","CODIGO":"Interna","ZONA":"3","BLOQUE":"10","COD_BP":"B.10-P.7"},"geometry":{"type":"LineString","coordinates":[[-72.995127,4.456296],[-72.995126,4.456277],[-72.995011,4.45383],[-72.99501,4.453807]]}},{"type":"Feature","properties":{"TIPO":"Balastrada","CODIGO":"Interna","ZONA":"2","BLOQUE":"4","COD_BP":"B.4-P.1"},"geometry":{"type":"LineString","coordinates":[[-72.9893,4.502303],[-72.989267,4.502245],[-72.989229,4.502133],[-72.989094,4.497701],[-72.988958,4.494848],[-72.988747,4.49037],[-72.988742,4.490174],[-72.988722,4.489832],[-72.988708,4.489533],[-72.988684,4.489265],[-72.98867,4.48909],[-72.988656,4.488935],[-72.988635,4.488478],[-72.988607,4.487281],[-72.988612,4.486794]]}},{"type":"Feature","properties":{"TIPO":"Balastrada","CODIGO":"Interna","ZONA":"2","BLOQUE":"4","COD_BP":"B.4-P.3"},"geometry":{"type":"LineString","coordinates":[[-72.981648,4.487721],[-72.981668,4.487792],[-72.981688,4.487857],[-72.981716,4.487935],[-72.981858,4.488258],[-72.982311,4.489304],[-72.982985,4.490872],[-72.983274,4.491551],[-72.983466,4.491944]]}},{"type":"Feature","properties":{"TIPO":"Balastrada","CODIGO":"Interna","ZONA":"3","BLOQUE":"12","COD_BP":"B.12-P.1"},"geometry":{"type":"LineString","coordinates":[[-72.986771,4.44503],[-72.98678,4.445057],[-72.986807,4.44512],[-72.986816,4.445156],[-72.986843,4.445183],[-72.986924,4.445229],[-72.986951,4.445256],[-72.987014,4.445337],[-72.987041,4.445428],[-72.987058,4.4455],[-72.987085,4.445582]]}},{"type":"Feature","properties":{"TIPO":"Balastrada","CODIGO":"Interna","ZONA":"2","BLOQUE":"4","COD_BP":"B.4-P.6"},"geometry":{"type":"LineString","coordinates":[[-72.985935,4.514109],[-72.985928,4.514017],[-72.98589,4.513966],[-72.98588,4.513917],[-72.985866,4.513812],[-72.985867,4.513661],[-72.985845,4.513544],[-72.98581,4.513477],[-72.985776,4.51335],[-72.985743,4.513226],[-72.985711,4.513137],[-72.985703,4.513004],[-72.985682,4.512848],[-72.985645,4.512761],[-72.985618,4.512664],[-72.985602,4.512543],[-72.985607,4.512386],[-72.985643,4.512278],[-72.985675,4.512165],[-72.985742,4.512081],[-72.985798,4.512011],[-72.985815,4.511929],[-72.98581,4.511895],[-72.985789,4.511641],[-72.98577,4.511447],[-72.985768,4.511285],[-72.985739,4.511109],[-72.985701,4.510985],[-72.985666,4.510823],[-72.985626,4.510737],[-72.985602,4.510607],[-72.985567,4.510396],[-72.985535,4.510323],[-72.985466,4.510096],[-72.985396,4.509891],[-72.985334,4.509699],[-72.985259,4.50951],[-72.985179,4.509319],[-72.985096,4.5091],[-72.985034,4.508962],[-72.984919,4.508846]]}},{"type":"Feature","properties":{"TIPO":"Balastrada","CODIGO":"Interna","NDESCRIPCI":"VSIB1P1","ZONA":"1","BLOQUE":"1","COD_BP":"B.1-P.1"},"geometry":{"type":"LineString","coordinates":[[-72.974172,4.519003],[-72.97397,4.514395],[-72.973926,4.513806]]}},{"type":"Feature","properties":{"TIPO":"Balastrada","CODIGO":"Interna","ZONA":"1","BLOQUE":"1","COD_BP":"B.1-P.1"},"geometry":{"type":"LineString","coordinates":[[-72.976263,4.517231],[-72.976326,4.517237],[-72.976367,4.517237],[-72.976412,4.517225],[-72.976481,4.517219]]}},{"type":"Feature","properties":{"TIPO":"Balastrada","CODIGO":"Interna","ZONA":"3","BLOQUE":"21","COD_BP":"B.21-P.3"},"geometry":{"type":"LineString","coordinates":[[-72.973667,4.460995],[-72.974006,4.460789],[-72.974034,4.460772]]}},{"type":"Feature","properties":{"TIPO":"Balastrada","CODIGO":"Interna","ZONA":"3","BLOQUE":"21","COD_BP":"B.21-P.3"},"geometry":{"type":"LineString","coordinates":[[-72.974218,4.460289],[-72.974202,4.460292],[-72.97416,4.4603],[-72.974106,4.460291],[-72.974037,4.460285],[-72.97402,4.460283]]}},{"type":"Feature","properties":{"TIPO":"Balastrada","CODIGO":"Interna","ZONA":"3","BLOQUE":"323","COD_BP":"B.323-P.10"},"geometry":{"type":"LineString","coordinates":[[-72.98492,4.470785],[-72.984638,4.470339],[-72.984617,4.470246],[-72.984623,4.47019],[-72.984692,4.470053],[-72.9847,4.469953]]}},{"type":"Feature","properties":{"TIPO":"Balastrada","CODIGO":"Interna","ZONA":"1","BLOQUE":"1","COD_BP":"B.1-P.2"},"geometry":{"type":"LineString","coordinates":[[-72.970102,4.510837],[-72.970019,4.510771],[-72.969947,4.510738],[-72.969712,4.510612],[-72.96942,4.510432],[-72.969078,4.510279],[-72.968657,4.510195],[-72.968505,4.510175],[-72.968426,4.510134],[-72.968382,4.51008]]}},{"type":"Feature","properties":{"TIPO":"Balastrada","CODIGO":"Interna","ZONA":"1","BLOQUE":"1","COD_BP":"B.1-P.2"},"geometry":{"type":"LineString","coordinates":[[-72.971733,4.511761],[-72.971561,4.511641],[-72.971418,4.511557],[-72.970888,4.511278],[-72.970462,4.511053],[-72.970263,4.51093],[-72.970102,4.510837]]}},{"type":"Feature","properties":{"TIPO":"Balastrada","CODIGO":"Interna","ZONA":"1","BLOQUE":"2","COD_BP":"B.2-P.1"},"geometry":{"type":"LineString","coordinates":[[-72.968345,4.485656],[-72.968196,4.485641],[-72.967822,4.485631],[-72.967386,4.485608],[-72.966687,4.485564],[-72.966251,4.485549],[-72.965776,4.48551],[-72.965499,4.48546]]}},{"type":"Feature","properties":{"TIPO":"Balastrada","CODIGO":"Interna","ZONA":"2","BLOQUE":"90","COD_BP":"B.90-P.465"},"geometry":{"type":"LineString","coordinates":[[-72.965499,4.48546],[-72.965403,4.485455],[-72.965277,4.485392],[-72.965117,4.485299],[-72.96496,4.485215],[-72.964807,4.485145],[-72.964209,4.485044],[-72.963335,4.484916],[-72.963146,4.484879],[-72.963037,4.484853],[-72.962989,4.484829]]}},{"type":"Feature","properties":{"TIPO":"Balastrada","CODIGO":"Interna","ZONA":"11","BLOQUE":"5","COD_BP":"B.5-P.136"},"geometry":{"type":"LineString","coordinates":[[-72.965102,4.513581],[-72.964863,4.513784],[-72.964534,4.514083],[-72.963903,4.514625],[-72.963564,4.514912],[-72.963365,4.515046]]}},{"type":"Feature","properties":{"TIPO":"Balastrada","CODIGO":"Interna","ZONA":"1","BLOQUE":"2","COD_BP":"B.2-P.5"},"geometry":{"type":"LineString","coordinates":[[-72.973213,4.49995],[-72.973178,4.499651],[-72.973148,4.499411],[-72.973137,4.499202],[-72.973119,4.498915],[-72.973126,4.498508],[-72.973127,4.497934],[-72.97314,4.49754]]}},{"type":"Feature","properties":{"TIPO":"Balastrada","CODIGO":"Interna","ZONA":"1","BLOQUE":"1","COD_BP":"B.1-P.2"},"geometry":{"type":"LineString","coordinates":[[-72.969666,4.506158],[-72.969602,4.506316],[-72.969523,4.506459],[-72.969437,4.506624],[-72.969336,4.506746],[-72.969207,4.506961],[-72.969071,4.507205],[-72.968928,4.50742],[-72.968813,4.507635],[-72.96877,4.5078],[-72.96872,4.507986],[-72.968669,4.508108],[-72.968619,4.508288],[-72.968576,4.50841],[-72.968526,4.508553],[-72.96849,4.508725],[-72.968439,4.50889],[-72.968396,4.509062],[-72.968373,4.509208],[-72.968355,4.509427],[-72.968347,4.50952],[-72.968351,4.509614],[-72.968354,4.509732],[-72.968354,4.509829],[-72.968361,4.509983],[-72.968382,4.51008]]}},{"type":"Feature","properties":{"TIPO":"Balastrada","CODIGO":"Interna","ZONA":"2","BLOQUE":"3","COD_BP":"B.3-P.7"},"geometry":{"type":"LineString","coordinates":[[-72.977758,4.515665],[-72.977815,4.515576],[-72.978127,4.515105],[-72.978264,4.514944]]}},{"type":"Feature","properties":{"TIPO":"Balastrada","CODIGO":"Interna","ZONA":"3","BLOQUE":"13","COD_BP":"B.13-P.9"},"geometry":{"type":"LineString","coordinates":[[-72.993238,4.457343],[-72.99322,4.45734],[-72.992175,4.457148],[-72.991567,4.457194]]}},{"type":"Feature","properties":{"TIPO":"Balastrada","CODIGO":"Interna","ZONA":"4","BLOQUE":"11","COD_BP":"B.11-P.9"},"geometry":{"type":"LineString","coordinates":[[-72.984522,4.445829],[-72.984518,4.445813],[-72.984518,4.445732],[-72.984545,4.445677],[-72.984608,4.445614],[-72.984653,4.445578],[-72.984725,4.445542],[-72.985005,4.445425],[-72.985158,4.44538],[-72.985257,4.445353],[-72.985563,4.445263],[-72.985753,4.445209],[-72.985888,4.445173],[-72.986032,4.445146],[-72.98605,4.445143]]}},{"type":"Feature","properties":{"TIPO":"Balastrada","CODIGO":"Interna","ZONA":"3","BLOQUE":"12","COD_BP":"B.12-P.1"},"geometry":{"type":"LineString","coordinates":[[-72.98605,4.445143],[-72.98617,4.445102],[-72.986421,4.445035],[-72.986555,4.445011],[-72.986654,4.445008],[-72.986718,4.44501],[-72.986775,4.445014],[-72.986859,4.445019]]}},{"type":"Feature","properties":{"TIPO":"Balastrada","CODIGO":"Interna","ZONA":"2","BLOQUE":"6","COD_BP":"B.6-P.2"},"geometry":{"type":"LineString","coordinates":[[-72.995464,4.50388],[-72.995706,4.503867],[-72.996166,4.50386],[-72.997036,4.503822],[-72.997192,4.503806]]}},{"type":"Feature","properties":{"TIPO":"Balastrada","CODIGO":"Interna","ZONA":"3","BLOQUE":"12","COD_BP":"B.12-P.7"},"geometry":{"type":"LineString","coordinates":[[-72.986549,4.433188],[-72.986517,4.433161],[-72.986458,4.433105],[-72.986414,4.433052],[-72.986376,4.43294],[-72.986353,4.432848],[-72.986326,4.432716],[-72.986271,4.432524],[-72.986244,4.432403],[-72.98622,4.432307],[-72.986213,4.43228],[-72.986196,4.432259],[-72.986177,4.432235],[-72.986139,4.43222],[-72.984894,4.431728],[-72.984845,4.431705]]}},{"type":"Feature","properties":{"TIPO":"Balastrada","CODIGO":"Interna","ZONA":"3","BLOQUE":"21","COD_BP":"B.21-P.5"},"geometry":{"type":"LineString","coordinates":[[-72.974908,4.45563],[-72.974876,4.45563],[-72.974741,4.455634],[-72.974711,4.455662],[-72.974702,4.455695],[-72.974699,4.455741],[-72.974696,4.457988]]}},{"type":"Feature","properties":{"TIPO":"Balastrada","CODIGO":"Interna","ZONA":"3","BLOQUE":"323","COD_BP":"B.323-P.2"},"geometry":{"type":"LineString","coordinates":[[-72.984601,4.462829],[-72.984603,4.463485],[-72.984598,4.466444],[-72.984598,4.466725]]}},{"type":"Feature","properties":{"TIPO":"Proyectada","CODIGO":"Interna","ZONA":"1","BLOQUE":"2","COD_BP":"B.2-P.1"},"geometry":{"type":"LineString","coordinates":[[-72.968878,4.483395],[-72.972064,4.483389]]}},{"type":"Feature","properties":{"TIPO":"Balastrada","CODIGO":"Interna","ZONA":"3","BLOQUE":"12","COD_BP":"B.12-P.5"},"geometry":{"type":"LineString","coordinates":[[-72.981596,4.437423],[-72.981602,4.437282],[-72.981602,4.437255],[-72.981575,4.437237],[-72.981458,4.437165],[-72.981395,4.437128],[-72.981359,4.437101],[-72.98135,4.437074],[-72.981351,4.437056],[-72.98136,4.437047],[-72.981378,4.437029],[-72.98208,4.43703],[-72.989422,4.437041],[-72.989531,4.437041]]}},{"type":"Feature","properties":{"TIPO":"Balastrada","CODIGO":"Interna","ZONA":"3","BLOQUE":"12","COD_BP":"B.12-P.6"},"geometry":{"type":"LineString","coordinates":[[-72.980942,4.434641],[-72.981111,4.434642],[-72.981759,4.434643],[-72.9877,4.434651]]}},{"type":"Feature","properties":{"TIPO":"Balastrada","CODIGO":"Interna","ZONA":"3","BLOQUE":"12","COD_BP":"B.12-P.8"},"geometry":{"type":"LineString","coordinates":[[-72.984592,4.432178],[-72.984312,4.432178],[-72.983574,4.432177],[-72.981635,4.432174],[-72.981601,4.432174]]}},{"type":"Feature","properties":{"TIPO":"Balastrada","CODIGO":"Interna","NDESCRIPCI":"VIA PRINCIPAL DE LAS PARCELAS","ZONA":"1","BLOQUE":"15","COD_BP":"B.15-P.5"},"geometry":{"type":"LineString","coordinates":[[-72.957351,4.527317],[-72.957345,4.527505],[-72.957719,4.534635]]}},{"type":"Feature","properties":{"TIPO":"Balastrada","CODIGO":"Interna","ZONA":"11","BLOQUE":"2","COD_BP":"B.2-P.140"},"geometry":{"type":"LineString","coordinates":[[-72.959346,4.538591],[-72.960945,4.538587],[-72.963375,4.538617],[-72.963421,4.53863],[-72.963464,4.538726],[-72.963562,4.539266],[-72.96367,4.540133],[-72.963654,4.540719],[-72.963652,4.540782],[-72.963714,4.540852]]}},{"type":"Feature","properties":{"TIPO":"Balastrada","CODIGO":"Interna","ZONA":"4","BLOQUE":"11","COD_BP":"B.11-P.9"},"geometry":{"type":"LineString","coordinates":[[-72.981609,4.438293],[-72.981685,4.438292],[-72.982655,4.438254]]}},{"type":"Feature","properties":{"TIPO":"Balastrada","CODIGO":"Interna","ZONA":"3","BLOQUE":"12","COD_BP":"B.12-P.2"},"geometry":{"type":"LineString","coordinates":[[-72.990785,4.441878],[-72.989356,4.441876],[-72.987803,4.441874]]}},{"type":"Feature","properties":{"TIPO":"Balastrada","CODIGO":"Interna","ZONA":"1","BLOQUE":"1","COD_BP":"B.1-P.4"},"geometry":{"type":"LineString","coordinates":[[-72.968189,4.51564],[-72.968469,4.515945],[-72.968796,4.516278],[-72.968878,4.516425],[-72.969135,4.516659],[-72.969228,4.516791],[-72.969369,4.516939],[-72.969443,4.517018],[-72.969697,4.517176],[-72.969878,4.51727],[-72.970092,4.517341],[-72.970257,4.517399],[-72.970419,4.517426]]}},{"type":"Feature","properties":{"TIPO":"Balastrada","CODIGO":"Interna","ZONA":"1","BLOQUE":"20","COD_BP":"B.20-P.3"},"geometry":{"type":"LineString","coordinates":[[-72.947324,4.526243],[-72.947318,4.526243],[-72.947288,4.526243],[-72.947126,4.526234],[-72.947081,4.526243],[-72.947072,4.526288],[-72.947045,4.526595],[-72.947044,4.526641],[-72.947044,4.526677],[-72.947044,4.526713],[-72.947026,4.52674],[-72.947012,4.52674]]}},{"type":"Feature","properties":{"TIPO":"Balastrada","CODIGO":"Interna","ZONA":"1","BLOQUE":"20","COD_BP":"B.20-P.2"},"geometry":{"type":"LineString","coordinates":[[-72.947012,4.52674],[-72.946999,4.52674],[-72.944518,4.526736]]}},{"type":"Feature","properties":{"TIPO":"Balastrada","CODIGO":"Interna","ZONA":"3","BLOQUE":"21","COD_BP":"B.21-P.4"},"geometry":{"type":"LineString","coordinates":[[-72.974908,4.45563],[-72.974908,4.455586],[-72.97491,4.45505],[-72.974774,4.454956],[-72.974612,4.454843],[-72.97459,4.454827]]}},{"type":"Feature","properties":{"TIPO":"Balastrada","CODIGO":"Interna","ZONA":"4","BLOQUE":"11","COD_BP":"B.11-P.20"},"geometry":{"type":"LineString","coordinates":[[-72.97296,4.4256],[-72.971769,4.426364],[-72.971088,4.426802],[-72.970933,4.426909],[-72.970895,4.426943],[-72.970858,4.426989],[-72.970839,4.42704],[-72.970829,4.427087],[-72.970811,4.427215],[-72.970736,4.427584],[-72.970665,4.427877],[-72.970621,4.428142],[-72.970623,4.428184],[-72.970647,4.428223],[-72.970698,4.428255],[-72.972522,4.42919],[-72.972605,4.429232]]}},{"type":"Feature","properties":{"TIPO":"Balastrada","CODIGO":"Interna","ZONA":"1","BLOQUE":"19","COD_BP":"B.19-P.6"},"geometry":{"type":"LineString","coordinates":[[-73.000952,4.50903],[-72.998491,4.509026]]}},{"type":"Feature","properties":{"TIPO":"Balastrada","CODIGO":"Interna","ZONA":"3","BLOQUE":"10","COD_BP":"B.10-P.6"},"geometry":{"type":"LineString","coordinates":[[-72.995239,4.458759],[-73.001157,4.458455]]}},{"type":"Feature","properties":{"TIPO":"Proyectada","CODIGO":"Interna","ZONA":"3","BLOQUE":"7","COD_BP":"B.7-P.2"},"geometry":{"type":"LineString","coordinates":[[-72.994691,4.475973],[-72.994682,4.475973],[-72.994645,4.47598],[-72.994631,4.476022],[-72.994639,4.47613],[-72.994663,4.476811],[-72.994653,4.476849],[-72.994638,4.476879],[-72.994608,4.476894],[-72.992316,4.478338]]}},{"type":"Feature","properties":{"TIPO":"Balastrada","CODIGO":"Interna","ZONA":"1","BLOQUE":"17","COD_BP":"B.17-P.5"},"geometry":{"type":"LineString","coordinates":[[-72.949636,4.532168],[-72.949662,4.532168],[-72.953486,4.532175]]}},{"type":"Feature","properties":{"TIPO":"Balastrada","CODIGO":"Interna","ZONA":"1","BLOQUE":"17","COD_BP":"B.17-P.2"},"geometry":{"type":"LineString","coordinates":[[-72.953486,4.532175],[-72.955894,4.532179],[-72.955925,4.532179]]}},{"type":"Feature","properties":{"TIPO":"Balastrada","CODIGO":"Interna","NDESCRIPCI":"VIA PRINCIPAL DE LAS PARCELAS","ZONA":"1","BLOQUE":"15","COD_BP":"B.15-P.1"},"geometry":{"type":"LineString","coordinates":[[-72.962587,4.525357],[-72.964677,4.526574]]}},{"type":"Feature","properties":{"TIPO":"Balastrada","CODIGO":"Interna","ZONA":"2","BLOQUE":"4","COD_BP":"B.4-P.3"},"geometry":{"type":"LineString","coordinates":[[-72.983967,4.503331],[-72.983896,4.503346],[-72.982495,4.50341],[-72.982209,4.503394],[-72.982122,4.503405],[-72.982098,4.503427],[-72.982065,4.503458]]}},{"type":"Feature","properties":{"TIPO":"Balastrada","CODIGO":"Interna","ZONA":"2","BLOQUE":"4","COD_BP":"B.4-P.3"},"geometry":{"type":"LineString","coordinates":[[-72.983967,4.503331],[-72.983865,4.499743],[-72.98374,4.497318]]}},{"type":"Feature","properties":{"TIPO":"Balastrada","CODIGO":"Interna","ZONA":"3","BLOQUE":"7","COD_BP":"B.7-P.4"},"geometry":{"type":"LineString","coordinates":[[-72.988207,4.477628],[-72.988389,4.481184],[-72.988612,4.486794]]}},{"type":"Feature","properties":{"TIPO":"Balastrada","CODIGO":"Interna","ZONA":"3","BLOQUE":"7","COD_BP":"B.7-P.2"},"geometry":{"type":"LineString","coordinates":[[-72.991948,4.469989],[-72.992266,4.477272],[-72.992309,4.478204]]}},{"type":"Feature","properties":{"TIPO":"Balastrada","CODIGO":"Interna","ZONA":"3","BLOQUE":"7","COD_BP":"B.7-P.6"},"geometry":{"type":"LineString","coordinates":[[-72.98396,4.479657],[-72.984147,4.483821],[-72.984223,4.48557],[-72.984217,4.485629],[-72.984201,4.485677],[-72.983984,4.486228],[-72.983629,4.487034],[-72.983466,4.48738],[-72.983452,4.487426]]}},{"type":"Feature","properties":{"TIPO":"Balastrada","CODIGO":"Interna","ZONA":"2","BLOQUE":"3","COD_BP":"B.3-P.2"},"geometry":{"type":"LineString","coordinates":[[-72.972606,4.486197],[-72.972612,4.485999],[-72.972549,4.484147]]}},{"type":"Feature","properties":{"TIPO":"Balastrada","CODIGO":"Interna","ZONA":"9","BLOQUE":"119","COD_BP":"B.119-P.35"},"geometry":{"type":"LineString","coordinates":[[-72.979342,4.482155],[-72.979359,4.482214],[-72.9794,4.482334],[-72.979461,4.482472],[-72.979526,4.482612],[-72.979622,4.482773],[-72.97972,4.482911],[-72.979807,4.483014],[-72.979896,4.483097],[-72.980011,4.483194],[-72.98012,4.483273],[-72.98017,4.483308]]}},{"type":"Feature","properties":{"TIPO":"Balastrada","CODIGO":"Interna","ZONA":"2","BLOQUE":"90","COD_BP":"B.90-P.604"},"geometry":{"type":"LineString","coordinates":[[-72.964803,4.47859],[-72.965011,4.478625],[-72.965479,4.478689],[-72.966016,4.478776],[-72.966295,4.478831],[-72.966917,4.478933],[-72.967785,4.479077]]}},{"type":"Feature","properties":{"TIPO":"Balastrada","CODIGO":"Interna","NDESCRIPCI":"Vía lateral chiguiros 1","ZONA":"2","BLOQUE":"90","COD_BP":"B.90-P.504"},"geometry":{"type":"LineString","coordinates":[[-72.971767,4.474295],[-72.971644,4.474021],[-72.971391,4.473506],[-72.971229,4.47318],[-72.97105,4.472819],[-72.970907,4.47253],[-72.970731,4.472175],[-72.970516,4.471741],[-72.970253,4.471199],[-72.970008,4.470694],[-72.969534,4.469738]]}},{"type":"Feature","properties":{"TIPO":"Balastrada","CODIGO":"Interna","ZONA":"4","BLOQUE":"11","COD_BP":"B.11-P.6"},"geometry":{"type":"LineString","coordinates":[[-72.980024,4.444857],[-72.980026,4.44489],[-72.980033,4.444993],[-72.980076,4.446168],[-72.980125,4.447626],[-72.98015,4.447852],[-72.980173,4.448063],[-72.980191,4.448294],[-72.980196,4.44847],[-72.980189,4.448727],[-72.980207,4.449161],[-72.980233,4.449767],[-72.98025,4.450083],[-72.980259,4.450273],[-72.980294,4.451069],[-72.980329,4.451783],[-72.980345,4.452123],[-72.980346,4.452145]]}},{"type":"Feature","properties":{"TIPO":"Balastrada","CODIGO":"Interna","ZONA":"4","BLOQUE":"11","COD_BP":"B.11-P.2"},"geometry":{"type":"LineString","coordinates":[[-72.974709,4.449326],[-72.974711,4.449388],[-72.974719,4.449894],[-72.974737,4.450111],[-72.974754,4.450572],[-72.974781,4.450988],[-72.974816,4.451766],[-72.974824,4.452173],[-72.974841,4.45295],[-72.974849,4.45333],[-72.974858,4.45343],[-72.974858,4.453466],[-72.974842,4.453495],[-72.974822,4.453529],[-72.974767,4.453615],[-72.974759,4.453637]]}},{"type":"Feature","properties":{"TIPO":"Balastrada","CODIGO":"Interna","ZONA":"2","BLOQUE":"90","COD_BP":"B.90-P.588"},"geometry":{"type":"LineString","coordinates":[[-72.967785,4.479077],[-72.967913,4.479107],[-72.968185,4.479145],[-72.968731,4.479253],[-72.970182,4.479519],[-72.970224,4.479527]]}},{"type":"Feature","properties":{"TIPO":"Balastrada","CODIGO":"Interna","NDESCRIPCI":"VIA PRINCIPAL DE LA PARCELA","ZONA":"1","BLOQUE":"15","COD_BP":"B.15-P.1"},"geometry":{"type":"LineString","coordinates":[[-72.96271,4.528021],[-72.964816,4.529236],[-72.964914,4.52929]]}},{"type":"Feature","properties":{"TIPO":"Balastrada","CODIGO":"Interna","ZONA":"1","BLOQUE":"17","COD_BP":"B.17-P.1"},"geometry":{"type":"LineString","coordinates":[[-72.955927,4.537365],[-72.955893,4.537305],[-72.955356,4.536366]]}},{"type":"Feature","properties":{"TIPO":"Balastrada","CODIGO":"Interna","ZONA":"1","BLOQUE":"20","COD_BP":"B.20-P.13"},"geometry":{"type":"LineString","coordinates":[[-72.947718,4.522184],[-72.947718,4.522229],[-72.947699,4.522663],[-72.947654,4.522926],[-72.947581,4.523712],[-72.947498,4.524562],[-72.947425,4.525258],[-72.947361,4.525701],[-72.947343,4.525891],[-72.947325,4.526236],[-72.947324,4.526243]]}},{"type":"Feature","properties":{"TIPO":"Balastrada","CODIGO":"Interna","ZONA":"1","BLOQUE":"20","COD_BP":"B.20-P.13"},"geometry":{"type":"LineString","coordinates":[[-72.949999,4.522188],[-72.948858,4.522186]]}},{"type":"Feature","properties":{"TIPO":"Balastrada","CODIGO":"Interna","ZONA":"1","BLOQUE":"20","COD_BP":"B.20-P.10"},"geometry":{"type":"LineString","coordinates":[[-72.945255,4.50851],[-72.941643,4.508504],[-72.941621,4.508515]]}},{"type":"Feature","properties":{"TIPO":"Balastrada","CODIGO":"Interna","ZONA":"1","BLOQUE":"20","COD_BP":"B.20-P.10"},"geometry":{"type":"LineString","coordinates":[[-72.941621,4.508515],[-72.9416,4.508525],[-72.938009,4.5106]]}},{"type":"Feature","properties":{"TIPO":"Balastrada","CODIGO":"Interna","NDESCRIPCI":"VIA PRINCIPAL DE LA PARCELA","ZONA":"1","BLOQUE":"14","COD_BP":"B.14-P.3"},"geometry":{"type":"LineString","coordinates":[[-72.980995,4.530215],[-72.97819,4.530724]]}},{"type":"Feature","properties":{"TIPO":"Balastrada","CODIGO":"Interna","NDESCRIPCI":"VIA PRINCIPAL DE LA PARCELA","ZONA":"1","BLOQUE":"14","COD_BP":"B.14-P.4"},"geometry":{"type":"LineString","coordinates":[[-72.983663,4.527667],[-72.977852,4.528724],[-72.977832,4.528727]]}},{"type":"Feature","properties":{"TIPO":"Balastrada","CODIGO":"Interna","NDESCRIPCI":"VIA PRINCIPAL DE LA PARCELA","ZONA":"1","BLOQUE":"14","COD_BP":"B.14-P.11"},"geometry":{"type":"LineString","coordinates":[[-72.977832,4.528727],[-72.977794,4.528734],[-72.974154,4.529396]]}},{"type":"Feature","properties":{"TIPO":"Balastrada","CODIGO":"Interna","NDESCRIPCI":"VIA PRINCIPAL DE LA PARCELA","ZONA":"1","BLOQUE":"14","COD_BP":"B.14-P.7"},"geometry":{"type":"LineString","coordinates":[[-72.983108,4.521575],[-72.976753,4.522719]]}},{"type":"Feature","properties":{"TIPO":"Balastrada","CODIGO":"Interna","NDESCRIPCI":"VIA PRINCIPAL DE LAS PARCELAS","ZONA":"1","BLOQUE":"14","COD_BP":"B.14-P.17"},"geometry":{"type":"LineString","coordinates":[[-72.971671,4.53195],[-72.969839,4.532282]]}},{"type":"Feature","properties":{"TIPO":"Balastrada","CODIGO":"Interna","NDESCRIPCI":"VIA PRINCIPAL DE LAS PARCELAS","ZONA":"1","BLOQUE":"14","COD_BP":"B.14-P.9"},"geometry":{"type":"LineString","coordinates":[[-72.976582,4.531024],[-72.974984,4.531322],[-72.974974,4.531326]]}},{"type":"Feature","properties":{"TIPO":"Balastrada","CODIGO":"Interna","NDESCRIPCI":"VIA PRINCIPAL DE LA PARCELA","ZONA":"1","BLOQUE":"14","COD_BP":"B.14-P.12"},"geometry":{"type":"LineString","coordinates":[[-72.977472,4.526724],[-72.977458,4.526726],[-72.973622,4.527423]]}},{"type":"Feature","properties":{"TIPO":"Balastrada","CODIGO":"Interna","ZONA":"1","BLOQUE":"325","COD_BP":"B.325-P.1"},"geometry":{"type":"LineString","coordinates":[[-72.95348,4.505263],[-72.950037,4.505257]]}},{"type":"Feature","properties":{"TIPO":"Balastrada","CODIGO":"Interna","ZONA":"1","BLOQUE":"20","COD_BP":"B.20-P.13"},"geometry":{"type":"LineString","coordinates":[[-72.950264,4.522188],[-72.950319,4.522189],[-72.950457,4.522177],[-72.950593,4.522162],[-72.950626,4.522157],[-72.950646,4.522144],[-72.950759,4.522066],[-72.950808,4.522021]]}},{"type":"Feature","properties":{"TIPO":"Balastrada","CODIGO":"Interna","NDESCRIPCI":"Bloque 231","ZONA":"5","BLOQUE":"231","COD_BP":"B.231-P.7"},"geometry":{"type":"LineString","coordinates":[[-72.892042,4.396649],[-72.891646,4.399758],[-72.891659,4.399845],[-72.891679,4.399903],[-72.891702,4.399931],[-72.891735,4.399962],[-72.891755,4.39999],[-72.891765,4.400033],[-72.891772,4.400423],[-72.891775,4.400454],[-72.89178,4.400492],[-72.891797,4.400548],[-72.891818,4.400596],[-72.891858,4.400642],[-72.89188,4.400667]]}},{"type":"Feature","properties":{"TIPO":"Balastrada","CODIGO":"Interna","NDESCRIPCI":"Bloque 330","ZONA":"6","BLOQUE":"330","COD_BP":"B.330-P.4"},"geometry":{"type":"LineString","coordinates":[[-72.899989,4.379637],[-72.899963,4.379635],[-72.899913,4.379624],[-72.899879,4.379626],[-72.899839,4.379631],[-72.899797,4.379639],[-72.899709,4.379656],[-72.897787,4.379653],[-72.896761,4.379651]]}},{"type":"Feature","properties":{"TIPO":"Balastrada","CODIGO":"Interna","ZONA":"1","BLOQUE":"324","COD_BP":"B.324-P.7"},"geometry":{"type":"LineString","coordinates":[[-72.95992,4.521866],[-72.959873,4.521988],[-72.959787,4.522206],[-72.959723,4.522342],[-72.959675,4.522522],[-72.959644,4.522685],[-72.959643,4.522789],[-72.959623,4.522855],[-72.959488,4.523164],[-72.959465,4.523397]]}},{"type":"Feature","properties":{"TIPO":"Balastrada","CODIGO":"Interna","NDESCRIPCI":"VIA PRINCIPAL DEL BLOQUE","ZONA":"1","BLOQUE":"15","COD_BP":"B.15-P.1"},"geometry":{"type":"LineString","coordinates":[[-72.966736,4.527764],[-72.966683,4.52781],[-72.966494,4.527982],[-72.96625,4.528162],[-72.966088,4.528298],[-72.965628,4.528704],[-72.965213,4.529056],[-72.964914,4.52929]]}},{"type":"Feature","properties":{"TIPO":"Balastrada","CODIGO":"Interna","NDESCRIPCI":"VIA PRINCIPAL DEL BLOQUE","ZONA":"1","BLOQUE":"15","COD_BP":"B.15-P.1"},"geometry":{"type":"LineString","coordinates":[[-72.964914,4.52929],[-72.964717,4.529444],[-72.964536,4.52957],[-72.964374,4.529687],[-72.964184,4.529832],[-72.964022,4.529958],[-72.963751,4.530175],[-72.963481,4.530382],[-72.963219,4.530572],[-72.962804,4.530896],[-72.962672,4.530997]]}},{"type":"Feature","properties":{"TIPO":"Balastrada","CODIGO":"Interna","NDESCRIPCI":"VIA PRINCIPAL DEL BLOQUE","ZONA":"1","BLOQUE":"15","COD_BP":"B.15-P.2"},"geometry":{"type":"LineString","coordinates":[[-72.962672,4.530997],[-72.962425,4.531185],[-72.961776,4.531691],[-72.961766,4.531698]]}},{"type":"Feature","properties":{"TIPO":"Balastrada","CODIGO":"Interna","ZONA":"3","BLOQUE":"323","COD_BP":"B.323-P.6"},"geometry":{"type":"LineString","coordinates":[[-72.977915,4.474756],[-72.977921,4.4705]]}},{"type":"Feature","properties":{"TIPO":"Balastrada","CODIGO":"Interna","ZONA":"3","BLOQUE":"12","COD_BP":"B.12-P.9"},"geometry":{"type":"LineString","coordinates":[[-72.98149,4.428608],[-72.981708,4.428746]]}},{"type":"Feature","properties":{"TIPO":"Balastrada","CODIGO":"Interna","ZONA":"3","BLOQUE":"12","COD_BP":"B.12-P.9"},"geometry":{"type":"LineString","coordinates":[[-72.981708,4.428746],[-72.981671,4.428802],[-72.981606,4.428901],[-72.981606,4.428964],[-72.981605,4.429263],[-72.981604,4.430239],[-72.981603,4.430992]]}},{"type":"Feature","properties":{"TIPO":"Balastrada","CODIGO":"Interna","NDESCRIPCI":"Bloque 329","ZONA":"6","BLOQUE":"329","COD_BP":"B.329-P.10"},"geometry":{"type":"LineString","coordinates":[[-72.918827,4.390774],[-72.918964,4.390964],[-72.918981,4.391005],[-72.919007,4.391081],[-72.919042,4.391167],[-72.919098,4.391246],[-72.919362,4.391458],[-72.919579,4.391646],[-72.919727,4.391763],[-72.919865,4.391842],[-72.920013,4.39191],[-72.920253,4.391975],[-72.920373,4.392007],[-72.920739,4.392066],[-72.921004,4.392119],[-72.921343,4.392191],[-72.921818,4.392313],[-72.921915,4.392344],[-72.922035,4.392412],[-72.922087,4.39246]]}},{"type":"Feature","properties":{"TIPO":"Balastrada","CODIGO":"Interna","NDESCRIPCI":"Bloque 13","ZONA":"3","BLOQUE":"13","COD_BP":"B.13-P.10"},"geometry":{"type":"LineString","coordinates":[[-72.988227,4.447164],[-72.98826,4.446597],[-72.988289,4.446131],[-72.988317,4.445703],[-72.988322,4.445624],[-72.988324,4.445575],[-72.988318,4.445525],[-72.988308,4.445485],[-72.988283,4.445436],[-72.988253,4.445393]]}},{"type":"Feature","properties":{"TIPO":"Proyectada","CODIGO":"Interna","NDESCRIPCI":"Bloque 31","ZONA":"7","BLOQUE":"31","COD_BP":"B.31-P.10"},"geometry":{"type":"LineString","coordinates":[[-73.067331,4.42062],[-73.064967,4.424669]]}},{"type":"Feature","properties":{"TIPO":"Balastrada","CODIGO":"Interna","NDESCRIPCI":"Bloque 329","ZONA":"6","BLOQUE":"329","COD_BP":"B.329-P.26"},"geometry":{"type":"LineString","coordinates":[[-72.911258,4.405975],[-72.911312,4.406188],[-72.911338,4.406359],[-72.911344,4.406472],[-72.911341,4.406572],[-72.911318,4.406662],[-72.911265,4.406797],[-72.910988,4.407437],[-72.910895,4.407662],[-72.910885,4.40771],[-72.910883,4.407766],[-72.910885,4.407848],[-72.910897,4.407939],[-72.910916,4.408078],[-72.91096,4.408286],[-72.910991,4.408473],[-72.911,4.408559],[-72.910993,4.408612],[-72.910972,4.408648],[-72.910909,4.408736],[-72.910841,4.40881],[-72.910657,4.408981],[-72.910627,4.409026],[-72.910615,4.409073],[-72.910619,4.409134],[-72.910637,4.409201],[-72.91072,4.409444],[-72.910873,4.409837],[-72.910997,4.410127],[-72.911077,4.410298],[-72.911135,4.410389],[-72.91123,4.410553],[-72.911274,4.410637],[-72.911304,4.410724],[-72.911332,4.410934],[-72.911377,4.411353],[-72.911391,4.411561],[-72.911396,4.411653],[-72.911392,4.411726],[-72.911374,4.411777],[-72.911328,4.411853],[-72.911269,4.41197],[-72.911242,4.412021],[-72.911234,4.412061],[-72.911227,4.412117],[-72.91121,4.412379],[-72.911197,4.412466],[-72.911188,4.412547],[-72.911186,4.412617],[-72.91119,4.412685],[-72.911201,4.412805],[-72.911217,4.412895],[-72.911223,4.412952],[-72.911222,4.413011],[-72.911215,4.413071],[-72.911195,4.413197],[-72.911188,4.413275],[-72.911195,4.413364],[-72.911213,4.41345],[-72.911221,4.413534],[-72.911211,4.413624],[-72.911195,4.413794],[-72.911191,4.413877],[-72.911189,4.413933],[-72.911169,4.414028],[-72.911129,4.414149],[-72.911109,4.414239],[-72.911097,4.414352],[-72.911075,4.414485],[-72.91103,4.414926]]}},{"type":"Feature","properties":{"TIPO":"Balastrada","CODIGO":"Interna","ZONA":"4","BLOQUE":"91","COD_BP":"B.91-P.116"},"geometry":{"type":"LineString","coordinates":[[-72.970355,4.4193],[-72.970734,4.418762],[-72.97123,4.418072]]}},{"type":"Feature","properties":{"TIPO":"Proyectada","CODIGO":"Interna","NDESCRIPCI":"Bloque 332","ZONA":"4","BLOQUE":"332","COD_BP":"B.332-P.19"},"geometry":{"type":"LineString","coordinates":[[-72.958596,4.431383],[-72.959499,4.431938],[-72.960897,4.43274]]}},{"type":"Feature","properties":{"TIPO":"Balastrada","CODIGO":"Interna","NDESCRIPCI":"Bloque 329","ZONA":"6","BLOQUE":"329","COD_BP":"B.329-P.15"},"geometry":{"type":"LineString","coordinates":[[-72.922361,4.408596],[-72.925316,4.408601]]}},{"type":"Feature","properties":{"TIPO":"Balastrada","CODIGO":"Interna","NDESCRIPCI":"Bloque 330","ZONA":"6","BLOQUE":"330","COD_BP":"B.330-P.3"},"geometry":{"type":"LineString","coordinates":[[-72.90432,4.384139],[-72.902164,4.384135]]}},{"type":"Feature","properties":{"TIPO":"Balastrada","CODIGO":"Interna","ZONA":"7","BLOQUE":"339","COD_BP":"B.339-P.23"},"geometry":{"type":"LineString","coordinates":[[-73.006845,4.384409],[-73.006772,4.385509],[-73.006626,4.387076],[-73.006443,4.388858],[-73.0064,4.389224],[-73.006371,4.389676],[-73.00637,4.389892],[-73.006499,4.390107],[-73.00692,4.390596],[-73.007318,4.392075],[-73.007624,4.393137],[-73.007752,4.39331],[-73.007845,4.393417],[-73.007895,4.393504],[-73.007945,4.393662],[-73.008387,4.394208],[-73.008816,4.394725],[-73.009315,4.395286],[-73.009562,4.395637],[-73.00975,4.396061],[-73.009957,4.396499],[-73.009992,4.396887],[-73.010028,4.397167],[-73.010077,4.397339],[-73.010184,4.397655],[-73.010291,4.397985],[-73.010426,4.398402],[-73.010519,4.39866],[-73.010626,4.398818],[-73.010704,4.398962],[-73.010683,4.399091],[-73.010632,4.399249],[-73.010525,4.3996],[-73.00995,4.401681],[-73.009741,4.40242],[-73.009619,4.402836],[-73.009497,4.403374],[-73.009389,4.40356],[-73.009332,4.403793]]}},{"type":"Feature","properties":{"TIPO":"Balastrada","CODIGO":"Interna","ZONA":"4","BLOQUE":"11","COD_BP":"B.11-P.13"},"geometry":{"type":"LineString","coordinates":[[-72.977436,4.440104],[-72.977438,4.440144],[-72.977445,4.44035],[-72.977498,4.441363],[-72.977602,4.443922],[-72.977602,4.443967],[-72.97762,4.444003],[-72.977645,4.444049]]}},{"type":"Feature","properties":{"TIPO":"Balastrada","CODIGO":"Interna","ZONA":"4","BLOQUE":"11","COD_BP":"B.11-P.12"},"geometry":{"type":"LineString","coordinates":[[-72.979876,4.441469],[-72.979879,4.441536],[-72.979884,4.441638],[-72.980024,4.444857]]}},{"type":"Feature","properties":{"TIPO":"Balastrada","CODIGO":"Interna","ZONA":"4","BLOQUE":"11","COD_BP":"B.11-P.5"},"geometry":{"type":"LineString","coordinates":[[-72.979057,4.448996],[-72.979058,4.449278],[-72.979054,4.449358],[-72.979036,4.449466],[-72.979008,4.449548],[-72.978954,4.449629],[-72.978909,4.44972],[-72.978849,4.449816],[-72.978779,4.449873],[-72.978692,4.449927],[-72.978575,4.450017],[-72.97844,4.450108],[-72.978383,4.45014],[-72.978341,4.450176],[-72.978306,4.450219],[-72.978289,4.450259],[-72.978279,4.450303],[-72.978277,4.450352],[-72.978277,4.450596],[-72.978303,4.450975],[-72.978346,4.452287],[-72.978372,4.453073],[-72.978381,4.453372],[-72.97838,4.453568]]}},{"type":"Feature","properties":{"TIPO":"Balastrada","CODIGO":"Interna","NDESCRIPCI":"VIA SECUNDARIA","ZONA":"2","BLOQUE":"90","COD_BP":"B.90-P.604"},"geometry":{"type":"LineString","coordinates":[[-72.964803,4.47859],[-72.964913,4.478391],[-72.965085,4.478102],[-72.96569,4.477225],[-72.965785,4.477027],[-72.966108,4.476254],[-72.96614,4.476129],[-72.966149,4.476056],[-72.966158,4.475966],[-72.966149,4.475785],[-72.966114,4.475595],[-72.966069,4.475414],[-72.965979,4.475309],[-72.965855,4.475204],[-72.965486,4.474935],[-72.965257,4.474732],[-72.965084,4.474571],[-72.964831,4.474298],[-72.964743,4.474075],[-72.96466,4.47386],[-72.964591,4.473702]]}},{"type":"Feature","properties":{"TIPO":"Balastrada","CODIGO":"Interna","ZONA":"4","BLOQUE":"11","COD_BP":"B.11-P.9"},"geometry":{"type":"LineString","coordinates":[[-72.983807,4.444808],[-72.983805,4.444775],[-72.98379,4.44451],[-72.983781,4.444447],[-72.983754,4.444392],[-72.983206,4.443533],[-72.982747,4.442809],[-72.982693,4.442718],[-72.98255,4.442501],[-72.982343,4.442166],[-72.981867,4.441415],[-72.981734,4.441246]]}},{"type":"Feature","properties":{"TIPO":"Balastrada","CODIGO":"Interna","ZONA":"4","BLOQUE":"11","COD_BP":"B.11-P.15"},"geometry":{"type":"LineString","coordinates":[[-72.973623,4.44199],[-72.973605,4.442135],[-72.973569,4.442243],[-72.973551,4.442279],[-72.973514,4.442343],[-72.97346,4.442424],[-72.973397,4.442505],[-72.973325,4.442596],[-72.973271,4.442659],[-72.973244,4.44274],[-72.973171,4.442921],[-72.973126,4.443056],[-72.97309,4.443183],[-72.973072,4.443273],[-72.973035,4.443427],[-72.973017,4.443499],[-72.973008,4.443535],[-72.972963,4.443635],[-72.972891,4.443906],[-72.972872,4.44396],[-72.972854,4.444078],[-72.972791,4.444295],[-72.972691,4.444629],[-72.972664,4.444701],[-72.972637,4.444764],[-72.972619,4.444819],[-72.972601,4.444864],[-72.972574,4.4449],[-72.972547,4.444945],[-72.972511,4.444972],[-72.972456,4.445008],[-72.972402,4.445044],[-72.972357,4.445071],[-72.972329,4.445088],[-72.972297,4.445108]]}},{"type":"Feature","properties":{"TIPO":"Balastrada","CODIGO":"Interna","NDESCRIPCI":"VIA PRINCIPAL DE LA PARCELA","ZONA":"1","BLOQUE":"14","COD_BP":"B.14-P.12"},"geometry":{"type":"LineString","coordinates":[[-72.977113,4.524723],[-72.977077,4.524729],[-72.974474,4.5252]]}},{"type":"Feature","properties":{"TIPO":"Balastrada","CODIGO":"Interna","NDESCRIPCI":"VIA PRINCIPAL DE LAS PARCELAS","ZONA":"1","BLOQUE":"14","COD_BP":"B.14-P.19"},"geometry":{"type":"LineString","coordinates":[[-72.970127,4.528059],[-72.967926,4.528458]]}},{"type":"Feature","properties":{"TIPO":"Balastrada","CODIGO":"Interna","NDESCRIPCI":"VIA PRINCIPAL DE LA PARCELA","ZONA":"1","BLOQUE":"14","COD_BP":"B.14-P.12"},"geometry":{"type":"LineString","coordinates":[[-72.976753,4.522719],[-72.976121,4.522832]]}},{"type":"Feature","properties":{"TIPO":"Balastrada","CODIGO":"Interna","NDESCRIPCI":"VIA PRINCIPAL DE LA PARCELA","ZONA":"1","BLOQUE":"14","COD_BP":"B.14-P.15"},"geometry":{"type":"LineString","coordinates":[[-72.976121,4.522832],[-72.976086,4.522839],[-72.97124,4.523711]]}},{"type":"Feature","properties":{"TIPO":"Balastrada","CODIGO":"Interna","NDESCRIPCI":"VIA PRINCIPAL DE LA PARCELA","ZONA":"1","BLOQUE":"14","COD_BP":"B.14-P.15"},"geometry":{"type":"LineString","coordinates":[[-72.973008,4.521346],[-72.972997,4.521349],[-72.972979,4.521357],[-72.972965,4.521367],[-72.97295,4.52138],[-72.972783,4.521518],[-72.972594,4.521698],[-72.972305,4.522059],[-72.971862,4.522592],[-72.97142,4.523071],[-72.971186,4.52336],[-72.971185,4.523423],[-72.97124,4.523711]]}},{"type":"Feature","properties":{"TIPO":"Balastrada","CODIGO":"Interna","ZONA":"3","BLOQUE":"11","COD_BP":"B.11-P.60"},"geometry":{"type":"LineString","coordinates":[[-72.989969,4.457273],[-72.989718,4.457276],[-72.989543,4.457315],[-72.989136,4.457369],[-72.988517,4.45743],[-72.988142,4.457472],[-72.987989,4.457498],[-72.987868,4.457505],[-72.987772,4.4575],[-72.987701,4.457495],[-72.987644,4.457454]]}},{"type":"Feature","properties":{"TIPO":"Balastrada","CODIGO":"Interna","ZONA":"3","BLOQUE":"13","COD_BP":"B.13-P.5"},"geometry":{"type":"LineString","coordinates":[[-72.990104,4.457276],[-72.99008,4.457443],[-72.990055,4.457706],[-72.99002,4.461121],[-72.99002,4.461138]]}},{"type":"Feature","properties":{"TIPO":"Balastrada","CODIGO":"Interna","ZONA":"3","BLOQUE":"13","COD_BP":"B.13-P.3"},"geometry":{"type":"LineString","coordinates":[[-72.99002,4.461138],[-72.99002,4.461156],[-72.990013,4.463557],[-72.990013,4.463588]]}},{"type":"Feature","properties":{"TIPO":"Balastrada","CODIGO":"Interna","ZONA":"3","BLOQUE":"13","COD_BP":"B.13-P.6"},"geometry":{"type":"LineString","coordinates":[[-72.990028,4.458661],[-72.989995,4.458686],[-72.989417,4.459129],[-72.98902,4.459463],[-72.988713,4.459689],[-72.988298,4.459941],[-72.987984,4.460166],[-72.987978,4.460172]]}},{"type":"Feature","properties":{"TIPO":"Balastrada","CODIGO":"Interna","ZONA":"3","BLOQUE":"13","COD_BP":"B.13-P.7"},"geometry":{"type":"LineString","coordinates":[[-72.987978,4.460172],[-72.986948,4.461072],[-72.986558,4.461349],[-72.986071,4.461629],[-72.985845,4.461755],[-72.9858,4.461809],[-72.985755,4.461873],[-72.985728,4.461954],[-72.985719,4.462053],[-72.985728,4.462207],[-72.985826,4.462487],[-72.985961,4.462949],[-72.986068,4.463283],[-72.986239,4.463718],[-72.986311,4.46398],[-72.986445,4.464396]]}},{"type":"Feature","properties":{"TIPO":"Proyectada","CODIGO":"Interna","ZONA":"1","BLOQUE":"19","COD_BP":"B.19-P.6"},"geometry":{"type":"LineString","coordinates":[[-73.000672,4.506753],[-73.000047,4.50741],[-72.99879,4.508692],[-72.998491,4.509026]]}},{"type":"Feature","properties":{"TIPO":"Balastrada","CODIGO":"Interna","NDESCRIPCI":"VIA PRINCIPAL INTERNA","ZONA":"2","BLOQUE":"9","COD_BP":"B.9-P.6"},"geometry":{"type":"LineString","coordinates":[[-72.962552,4.4664],[-72.962549,4.466238],[-72.962529,4.46576],[-72.962486,4.464989],[-72.962402,4.463377]]}},{"type":"Feature","properties":{"TIPO":"Balastrada","CODIGO":"Interna","ZONA":"4","BLOQUE":"11","COD_BP":"B.11-P.9"},"geometry":{"type":"LineString","coordinates":[[-72.981907,4.444796],[-72.981927,4.444793],[-72.981961,4.444787],[-72.983132,4.444753],[-72.98351,4.444745],[-72.9836,4.444745],[-72.983672,4.444754],[-72.983753,4.444772],[-72.983792,4.444798],[-72.983807,4.444808]]}},{"type":"Feature","properties":{"TIPO":"Balastrada","CODIGO":"Interna","ZONA":"4","BLOQUE":"11","COD_BP":"B.11-P.17"},"geometry":{"type":"LineString","coordinates":[[-72.976664,4.438324],[-72.976691,4.438315],[-72.976745,4.438288],[-72.977088,4.438062],[-72.977232,4.437972],[-72.977458,4.437819],[-72.977539,4.437774],[-72.977575,4.437747],[-72.977611,4.43772],[-72.977647,4.437692],[-72.977674,4.437656],[-72.977683,4.437629],[-72.977692,4.437584],[-72.977701,4.437548],[-72.977676,4.436779],[-72.97769,4.436721]]}},{"type":"Feature","properties":{"TIPO":"Balastrada","CODIGO":"Interna","ZONA":"4","BLOQUE":"328","COD_BP":"B.328-P.2"},"geometry":{"type":"LineString","coordinates":[[-72.981066,4.437166],[-72.980353,4.436711],[-72.980062,4.436527],[-72.980023,4.436477],[-72.980013,4.436423],[-72.980003,4.436353],[-72.980013,4.436274],[-72.980221,4.435853],[-72.980642,4.43498],[-72.981261,4.433831],[-72.981315,4.433693],[-72.981345,4.433598],[-72.98135,4.433494],[-72.98133,4.432574],[-72.981327,4.432532],[-72.981309,4.432496],[-72.981246,4.432387],[-72.981158,4.432277],[-72.980914,4.432062],[-72.980343,4.431615],[-72.98022,4.431533],[-72.980149,4.431494],[-72.9801,4.431479],[-72.980047,4.43147],[-72.979977,4.431441],[-72.979932,4.431412],[-72.97984,4.43133],[-72.979801,4.431272],[-72.979786,4.431249]]}},{"type":"Feature","properties":{"TIPO":"Balastrada","CODIGO":"Interna","ZONA":"1","BLOQUE":"1","COD_BP":"B.1-P.2"},"geometry":{"type":"LineString","coordinates":[[-72.970102,4.510837],[-72.97012,4.510981],[-72.970119,4.511106],[-72.970161,4.511393],[-72.970204,4.511687],[-72.970251,4.512065]]}},{"type":"Feature","properties":{"TIPO":"Balastrada","CODIGO":"Interna","ZONA":"1","BLOQUE":"1","COD_BP":"B.1-P.2"},"geometry":{"type":"LineString","coordinates":[[-72.970251,4.512065],[-72.970271,4.512268],[-72.970306,4.51285],[-72.970374,4.514374],[-72.970467,4.516367],[-72.970493,4.516954],[-72.9705,4.517169],[-72.970514,4.517306],[-72.970469,4.517378]]}},{"type":"Feature","properties":{"TIPO":"Balastrada","CODIGO":"Interna","NDESCRIPCI":"VIA PRINCIPAL DEL BLOQUE","ZONA":"1","BLOQUE":"15","COD_BP":"B.15-P.2"},"geometry":{"type":"LineString","coordinates":[[-72.961766,4.531698],[-72.961451,4.531934],[-72.961316,4.532033],[-72.960715,4.532498]]}},{"type":"Feature","properties":{"TIPO":"Balastrada","CODIGO":"Interna","NDESCRIPCI":"VIA PRINCIPAL DE LAS PARCELAS","ZONA":"1","BLOQUE":"14","COD_BP":"B.14-P.14"},"geometry":{"type":"LineString","coordinates":[[-72.973622,4.527423],[-72.972356,4.527654]]}},{"type":"Feature","properties":{"TIPO":"Balastrada","CODIGO":"Interna","NDESCRIPCI":"VIA PRINCIPAL DE LAS PARCELAS","ZONA":"1","BLOQUE":"14","COD_BP":"B.14-P.14"},"geometry":{"type":"LineString","coordinates":[[-72.972356,4.527654],[-72.972302,4.527664]]}},{"type":"Feature","properties":{"TIPO":"Balastrada","CODIGO":"Interna","ZONA":"1","BLOQUE":"17","COD_BP":"B.17-P.6"},"geometry":{"type":"LineString","coordinates":[[-72.954299,4.526395],[-72.954284,4.5264],[-72.95406,4.526479],[-72.954042,4.526487],[-72.954033,4.5265],[-72.95403,4.526516],[-72.954029,4.527531],[-72.954028,4.527559],[-72.954026,4.527588],[-72.954018,4.527607],[-72.954,4.527621],[-72.953974,4.527626],[-72.9508,4.527623],[-72.95069,4.527638],[-72.950653,4.527646],[-72.950623,4.527658],[-72.950607,4.527668],[-72.950588,4.527683],[-72.950577,4.5277],[-72.950566,4.527717],[-72.950558,4.527733],[-72.95055,4.527749],[-72.950539,4.527763],[-72.950526,4.527779],[-72.950511,4.527793],[-72.950501,4.527803],[-72.950485,4.527814],[-72.949516,4.52838],[-72.949498,4.528394],[-72.949481,4.528414],[-72.949458,4.528443],[-72.949384,4.528534],[-72.949194,4.528805],[-72.949032,4.529049],[-72.948905,4.529211],[-72.948806,4.529283],[-72.948743,4.529347]]}},{"type":"Feature","properties":{"TIPO":"Balastrada","CODIGO":"Interna","ZONA":"3","BLOQUE":"21","COD_BP":"B.21-P.3"},"geometry":{"type":"LineString","coordinates":[[-72.974254,4.458817],[-72.974193,4.458817],[-72.972769,4.458815]]}},{"type":"Feature","properties":{"TIPO":"Balastrada","CODIGO":"Interna","ZONA":"1","BLOQUE":"17","COD_BP":"B.17-P.7"},"geometry":{"type":"LineString","coordinates":[[-72.948383,4.529012],[-72.947075,4.52901],[-72.945653,4.529007]]}},{"type":"Feature","properties":{"TIPO":"Balastrada","CODIGO":"Interna","ZONA":"4","BLOQUE":"11","COD_BP":"B.11-P.16"},"geometry":{"type":"LineString","coordinates":[[-72.972894,4.440645],[-72.972888,4.440626],[-72.972824,4.440416],[-72.972707,4.439991],[-72.97251,4.439303],[-72.972286,4.438552],[-72.972098,4.437901],[-72.972035,4.437738],[-72.972026,4.437675]]}},{"type":"Feature","properties":{"TIPO":"Balastrada","CODIGO":"Interna","ZONA":"3","BLOQUE":"13","COD_BP":"B.13-P.8"},"geometry":{"type":"LineString","coordinates":[[-72.987663,4.457373],[-72.987653,4.457409],[-72.987644,4.457454],[-72.987635,4.457544],[-72.987617,4.457834],[-72.987598,4.458331],[-72.987589,4.458412],[-72.98758,4.458476],[-72.987562,4.458539],[-72.987526,4.458629],[-72.987489,4.458702],[-72.987146,4.45928],[-72.986902,4.459695],[-72.986839,4.459804],[-72.986731,4.459948],[-72.986641,4.460093],[-72.98655,4.460255],[-72.986469,4.460373],[-72.986198,4.460824],[-72.986054,4.461095],[-72.985963,4.461231],[-72.985909,4.461339],[-72.985829,4.461493],[-72.985755,4.461605],[-72.985692,4.461692],[-72.985629,4.461764],[-72.985477,4.461866]]}},{"type":"Feature","properties":{"TIPO":"Balastrada","CODIGO":"Interna","ZONA":"3","BLOQUE":"323","COD_BP":"B.323-P.1"},"geometry":{"type":"LineString","coordinates":[[-72.985477,4.461866],[-72.985386,4.461926],[-72.985232,4.462098],[-72.984989,4.462378],[-72.984862,4.462531],[-72.984637,4.462784],[-72.984601,4.462829]]}},{"type":"Feature","properties":{"TIPO":"Balastrada","CODIGO":"Interna","ZONA":"2","BLOQUE":"5","COD_BP":"B.5-P.3"},"geometry":{"type":"LineString","coordinates":[[-72.993637,4.513798],[-72.99362,4.513511],[-72.993617,4.513016],[-72.993579,4.511824],[-72.993534,4.511221],[-72.993507,4.510238],[-72.993459,4.508674]]}},{"type":"Feature","properties":{"TIPO":"Balastrada","CODIGO":"Interna","ZONA":"3","BLOQUE":"13","COD_BP":"B.13-P.1"},"geometry":{"type":"LineString","coordinates":[[-72.99293,4.468598],[-72.994829,4.469703]]}},{"type":"Feature","properties":{"TIPO":"Balastrada","CODIGO":"Interna","NDESCRIPCI":"Mucuna","ZONA":"2","BLOQUE":"90","COD_BP":"B.90-P.593"},"geometry":{"type":"LineString","coordinates":[[-72.958973,4.475434],[-72.958326,4.474648],[-72.956254,4.472049],[-72.956228,4.472023],[-72.956199,4.472004]]}},{"type":"Feature","properties":{"TIPO":"Balastrada","CODIGO":"Interna","NDESCRIPCI":"VIA PRINCIPAL","ZONA":"2","BLOQUE":"90","COD_BP":"B.90-P.506"},"geometry":{"type":"LineString","coordinates":[[-72.961939,4.476722],[-72.961968,4.47684],[-72.962015,4.476955],[-72.962096,4.477101],[-72.962165,4.477211],[-72.962203,4.477288],[-72.96222,4.477371],[-72.962227,4.477434],[-72.962229,4.477489],[-72.962229,4.477546],[-72.962226,4.477625],[-72.962217,4.477678],[-72.962207,4.477725],[-72.962188,4.477785],[-72.96215,4.477864],[-72.962109,4.477945],[-72.96209,4.478],[-72.962059,4.478072],[-72.962046,4.478104],[-72.962047,4.478136],[-72.962083,4.478182]]}},{"type":"Feature","properties":{"TIPO":"Balastrada","CODIGO":"Interna","ZONA":"1","BLOQUE":"1","COD_BP":"B.1-P.3"},"geometry":{"type":"LineString","coordinates":[[-72.970469,4.517378],[-72.970394,4.517456],[-72.970314,4.517526],[-72.970143,4.517639],[-72.969997,4.517751],[-72.969869,4.517844],[-72.969813,4.517892],[-72.969806,4.517939],[-72.969806,4.517978],[-72.969806,4.518017],[-72.96993,4.520653]]}},{"type":"Feature","properties":{"TIPO":"Balastrada","CODIGO":"Interna","ZONA":"4","BLOQUE":"11","COD_BP":"B.11-P.17"},"geometry":{"type":"LineString","coordinates":[[-72.976664,4.438324],[-72.976629,4.43817],[-72.976548,4.437845],[-72.976485,4.437627],[-72.976163,4.436515],[-72.975912,4.435628],[-72.97567,4.434793],[-72.975659,4.434756]]}},{"type":"Feature","properties":{"TIPO":"Balastrada","CODIGO":"Interna","ZONA":"3","BLOQUE":"326","COD_BP":"B.326-P.1"},"geometry":{"type":"LineString","coordinates":[[-72.970854,4.448791],[-72.970861,4.448886],[-72.971011,4.450197],[-72.97103,4.450447],[-72.971092,4.450688],[-72.971123,4.450841],[-72.971166,4.45096],[-72.971201,4.451],[-72.971255,4.45105],[-72.971275,4.451072],[-72.971282,4.451111],[-72.971285,4.451157],[-72.971286,4.451174]]}},{"type":"Feature","properties":{"TIPO":"Balastrada","CODIGO":"Interna","ZONA":"3","BLOQUE":"326","COD_BP":"B.326-P.2"},"geometry":{"type":"LineString","coordinates":[[-72.965819,4.451464],[-72.966909,4.450742],[-72.967295,4.450491],[-72.967581,4.450372],[-72.967725,4.450303],[-72.967887,4.450232],[-72.968014,4.450179],[-72.968144,4.45011],[-72.968581,4.449911],[-72.968732,4.449853],[-72.969005,4.44972],[-72.969129,4.44967],[-72.96936,4.449567],[-72.970441,4.449066],[-72.970503,4.449039],[-72.970556,4.449027],[-72.970608,4.449029],[-72.970649,4.449048],[-72.970676,4.449081],[-72.970761,4.450007],[-72.970821,4.450963],[-72.970809,4.451007],[-72.970792,4.451043],[-72.970778,4.45108],[-72.970773,4.451125],[-72.97083,4.451133],[-72.970987,4.451121],[-72.971116,4.451121],[-72.971204,4.451138],[-72.971274,4.451169],[-72.971286,4.451174]]}},{"type":"Feature","properties":{"TIPO":"Balastrada","CODIGO":"Interna","ZONA":"3","BLOQUE":"326","COD_BP":"B.326-P.1"},"geometry":{"type":"LineString","coordinates":[[-72.972571,4.452513],[-72.97258,4.452522],[-72.972607,4.452576],[-72.972625,4.452612],[-72.972634,4.45264],[-72.972643,4.452667],[-72.972634,4.452721],[-72.972625,4.452802],[-72.972607,4.452875],[-72.972571,4.45301],[-72.972544,4.453092],[-72.972498,4.453182],[-72.97248,4.453236],[-72.972453,4.453345],[-72.972417,4.453462],[-72.972363,4.45357],[-72.972299,4.453625],[-72.972236,4.453679],[-72.972146,4.453751],[-72.972059,4.453874],[-72.972048,4.45389]]}},{"type":"Feature","properties":{"TIPO":"Balastrada","CODIGO":"Interna","NDESCRIPCI":"Bloque 329","ZONA":"6","BLOQUE":"329","COD_BP":"B.329-P.23"},"geometry":{"type":"LineString","coordinates":[[-72.913706,4.415277],[-72.91298,4.415177],[-72.911962,4.415039],[-72.911156,4.414951],[-72.91103,4.414926]]}},{"type":"Feature","properties":{"TIPO":"Balastrada","CODIGO":"Interna","ZONA":"2","BLOQUE":"3","COD_BP":"B.3-P.7"},"geometry":{"type":"LineString","coordinates":[[-72.973213,4.49995],[-72.973247,4.50105],[-72.973258,4.501696],[-72.973263,4.502061],[-72.973299,4.50254],[-72.973321,4.503419]]}},{"type":"Feature","properties":{"TIPO":"Balastrada","CODIGO":"Interna","ZONA":"2","BLOQUE":"3","COD_BP":"B.3-P.3"},"geometry":{"type":"LineString","coordinates":[[-72.977111,4.491476],[-72.977241,4.49447]]}},{"type":"Feature","properties":{"TIPO":"Balastrada","CODIGO":"Interna","ZONA":"2","BLOQUE":"3","COD_BP":"B.3-P.3"},"geometry":{"type":"LineString","coordinates":[[-72.977241,4.49447],[-72.977401,4.497624]]}},{"type":"Feature","properties":{"TIPO":"Balastrada","CODIGO":"Interna","ZONA":"2","BLOQUE":"3","COD_BP":"B.3-P.10"},"geometry":{"type":"LineString","coordinates":[[-72.977734,4.506178],[-72.978055,4.51381],[-72.978064,4.514555],[-72.978071,4.514854],[-72.978082,4.514936],[-72.978124,4.51503],[-72.978127,4.515105]]}},{"type":"Feature","properties":{"TIPO":"Balastrada","CODIGO":"Interna","ZONA":"2","BLOQUE":"6","COD_BP":"B.6-P.2"},"geometry":{"type":"LineString","coordinates":[[-72.997192,4.503806],[-72.997567,4.503807]]}},{"type":"Feature","properties":{"TIPO":"Balastrada","CODIGO":"Interna","NDESCRIPCI":"Vía interna del bloque 8 (corocito)","ZONA":"2","BLOQUE":"90","COD_BP":"B.90-P.592"},"geometry":{"type":"LineString","coordinates":[[-72.961239,4.474089],[-72.961208,4.47405],[-72.959841,4.472323]]}},{"type":"Feature","properties":{"TIPO":"Balastrada","CODIGO":"Interna","NDESCRIPCI":"Vía interna del bloque 8 (corocito)","ZONA":"2","BLOQUE":"90","COD_BP":"B.90-P.592"},"geometry":{"type":"LineString","coordinates":[[-72.95766,4.469552],[-72.957662,4.469492],[-72.957679,4.469449],[-72.957736,4.469333],[-72.95787,4.469081],[-72.958065,4.468683],[-72.958306,4.468242],[-72.95855,4.467709],[-72.958853,4.467081],[-72.959147,4.466526],[-72.959392,4.466088],[-72.959546,4.465822],[-72.959608,4.46575],[-72.959856,4.465198],[-72.959972,4.464994],[-72.960066,4.464819],[-72.960177,4.464595],[-72.960256,4.464436],[-72.960248,4.46434],[-72.96022,4.464222]]}},{"type":"Feature","properties":{"TIPO":"Balastrada","CODIGO":"Interna","ZONA":"2","BLOQUE":"90","COD_BP":"B.90-P.15"},"geometry":{"type":"LineString","coordinates":[[-72.962847,4.489963],[-72.962908,4.489917],[-72.962977,4.489838],[-72.963071,4.489707],[-72.963146,4.489579],[-72.963202,4.48947],[-72.963242,4.489358],[-72.96328,4.489217],[-72.9633,4.489078],[-72.963298,4.488968],[-72.9633,4.48887],[-72.9633,4.488786],[-72.963303,4.488698],[-72.9633,4.488578],[-72.963308,4.488449],[-72.963313,4.488327],[-72.963323,4.488179],[-72.963323,4.488021],[-72.963335,4.487789],[-72.963345,4.487614],[-72.963352,4.487384],[-72.963345,4.48732],[-72.963331,4.487214],[-72.963319,4.487116],[-72.963303,4.486999],[-72.963256,4.486607],[-72.963237,4.486454],[-72.963216,4.486267],[-72.963204,4.486128],[-72.963192,4.486011],[-72.963178,4.485934],[-72.963162,4.485846],[-72.96314,4.485709],[-72.963112,4.485475],[-72.963088,4.485386],[-72.963055,4.485298],[-72.963012,4.485207],[-72.962984,4.485138],[-72.962915,4.484982],[-72.962803,4.484707],[-72.962773,4.484613],[-72.962739,4.484534],[-72.962718,4.484482],[-72.962687,4.484407],[-72.96267,4.484362],[-72.962663,4.484312],[-72.962666,4.484266],[-72.962678,4.48423],[-72.962699,4.484197],[-72.962816,4.484133],[-72.96299,4.48403],[-72.963067,4.483968]]}},{"type":"Feature","properties":{"TIPO":"Balastrada","CODIGO":"Interna","ZONA":"2","BLOQUE":"90","COD_BP":"B.90-P.601"},"geometry":{"type":"LineString","coordinates":[[-72.959572,4.491538],[-72.960159,4.49123],[-72.960549,4.491041],[-72.961278,4.490682],[-72.961683,4.490455],[-72.962079,4.490261],[-72.96253,4.490094],[-72.962847,4.489963]]}},{"type":"Feature","properties":{"TIPO":"Balastrada","CODIGO":"Interna","NDESCRIPCI":"VIA CENTRAL","ZONA":"1","BLOQUE":"14","COD_BP":"B.14-P.7"},"geometry":{"type":"LineString","coordinates":[[-72.976753,4.522719],[-72.976621,4.521978]]}},{"type":"Feature","properties":{"TIPO":"Balastrada","CODIGO":"Interna","NDESCRIPCI":"VIA CENTRAL","ZONA":"1","BLOQUE":"14","COD_BP":"B.14-P.15"},"geometry":{"type":"LineString","coordinates":[[-72.976621,4.521978],[-72.976397,4.520732]]}},{"type":"Feature","properties":{"TIPO":"Balastrada","CODIGO":"Interna","ZONA":"1","BLOQUE":"325","COD_BP":"B.325-P.3"},"geometry":{"type":"LineString","coordinates":[[-72.952634,4.507581],[-72.95271,4.507571],[-72.952742,4.507557],[-72.952755,4.507528],[-72.952783,4.507338],[-72.95684,4.507344]]}},{"type":"Feature","properties":{"TIPO":"Balastrada","CODIGO":"Interna","ZONA":"1","BLOQUE":"325","COD_BP":"B.325-P.1"},"geometry":{"type":"LineString","coordinates":[[-72.952634,4.507581],[-72.952591,4.507576],[-72.95257,4.507568],[-72.952558,4.507548],[-72.952545,4.507337],[-72.949744,4.507333]]}},{"type":"Feature","properties":{"TIPO":"Balastrada","CODIGO":"Interna","ZONA":"1","BLOQUE":"1","COD_BP":"B.1-P.6"},"geometry":{"type":"LineString","coordinates":[[-72.965102,4.513581],[-72.965116,4.513671],[-72.965128,4.513754],[-72.965137,4.514148],[-72.965143,4.514482],[-72.965164,4.514995],[-72.965179,4.515303],[-72.96523,4.516251],[-72.965248,4.516729],[-72.965258,4.516954],[-72.965258,4.51704],[-72.965243,4.517144],[-72.965199,4.51722],[-72.965175,4.517282],[-72.965179,4.517351],[-72.965213,4.517411],[-72.965272,4.517541],[-72.965285,4.517839],[-72.965364,4.518886],[-72.965374,4.519597],[-72.965401,4.520157],[-72.965422,4.520555],[-72.96545,4.520953],[-72.965474,4.52137],[-72.965485,4.521775],[-72.965505,4.522191],[-72.965533,4.52254],[-72.96555,4.523128],[-72.965568,4.523462],[-72.965575,4.523656],[-72.965589,4.523864],[-72.965606,4.524061],[-72.96562,4.524208],[-72.965642,4.524361],[-72.965645,4.524467]]}},{"type":"Feature","properties":{"TIPO":"Balastrada","CODIGO":"Interna","ZONA":"1","BLOQUE":"1","COD_BP":"B.1-P.5"},"geometry":{"type":"LineString","coordinates":[[-72.965645,4.524467],[-72.965688,4.524535],[-72.965741,4.524607],[-72.965809,4.524736],[-72.965845,4.524801],[-72.96588,4.524883],[-72.96592,4.524966],[-72.965977,4.525106],[-72.966087,4.525382],[-72.966215,4.525698],[-72.966851,4.527182],[-72.966875,4.527226],[-72.966967,4.527375],[-72.967013,4.527454],[-72.967039,4.527498]]}},{"type":"Feature","properties":{"TIPO":"Balastrada","CODIGO":"Interna","ZONA":"1","BLOQUE":"1","COD_BP":"B.1-P.3"},"geometry":{"type":"LineString","coordinates":[[-72.970129,4.52417],[-72.970347,4.523919],[-72.970952,4.523254]]}},{"type":"Feature","properties":{"TIPO":"Balastrada","CODIGO":"Interna","ZONA":"1","BLOQUE":"1","COD_BP":"B.1-P.1"},"geometry":{"type":"LineString","coordinates":[[-72.970952,4.523254],[-72.971223,4.522949],[-72.971557,4.522587],[-72.972062,4.52201],[-72.972703,4.521378],[-72.972784,4.521278],[-72.973298,4.520746],[-72.973776,4.520213],[-72.974228,4.519716],[-72.974787,4.51912],[-72.975139,4.518723],[-72.975663,4.518136],[-72.975889,4.517914]]}},{"type":"Feature","properties":{"TIPO":"Balastrada","CODIGO":"Interna","ZONA":"5","BLOQUE":"336","COD_BP":"B.336-P.19"},"geometry":{"type":"LineString","coordinates":[[-72.924008,4.440941],[-72.924741,4.440476],[-72.926482,4.43941],[-72.927238,4.438884],[-72.927335,4.438843],[-72.927429,4.438808],[-72.927595,4.438689],[-72.927771,4.438556]]}},{"type":"Feature","properties":{"TIPO":"Balastrada","CODIGO":"Interna","ZONA":"1","BLOQUE":"20","COD_BP":"B.20-P.1"},"geometry":{"type":"LineString","coordinates":[[-72.943296,4.531291],[-72.943289,4.531359],[-72.943295,4.531462],[-72.943361,4.531781],[-72.94354,4.532127],[-72.943732,4.532254],[-72.943814,4.532304],[-72.94397,4.532467],[-72.944089,4.532547],[-72.944119,4.532561],[-72.944155,4.532571],[-72.944198,4.532568],[-72.944255,4.532568],[-72.944318,4.532591],[-72.9444,4.532631]]}},{"type":"Feature","properties":{"TIPO":"Balastrada","CODIGO":"Interna","NDESCRIPCI":"Bloque 337","ZONA":"4","BLOQUE":"337","COD_BP":"B.337-P.1"},"geometry":{"type":"LineString","coordinates":[[-72.93434,4.410477],[-72.934352,4.407139]]}},{"type":"Feature","properties":{"TIPO":"Proyectada","CODIGO":"Interna","ZONA":"3","BLOQUE":"341","COD_BP":"B.341-P.1"},"geometry":{"type":"LineString","coordinates":[[-72.994813,4.438722],[-72.994951,4.438532],[-72.995782,4.438017],[-72.995838,4.438015],[-72.996006,4.438137],[-72.99611,4.438277],[-72.996173,4.438402],[-72.996256,4.438624],[-72.996377,4.438771],[-72.996548,4.438945],[-72.996818,4.439195],[-72.996946,4.439332],[-72.997217,4.439459],[-72.997572,4.439521],[-72.998424,4.439947],[-72.998529,4.439962],[-72.998731,4.44005],[-72.998755,4.440048]]}},{"type":"Feature","properties":{"TIPO":"Balastrada","CODIGO":"Interna","ZONA":"2","BLOQUE":"3","COD_BP":"B.3-P.9"},"geometry":{"type":"LineString","coordinates":[[-72.978788,4.498347],[-72.97899,4.498557],[-72.979151,4.49888],[-72.979353,4.502907],[-72.978732,4.503779],[-72.977693,4.505174],[-72.977734,4.506178]]}},{"type":"Feature","properties":{"TIPO":"Balastrada","CODIGO":"Interna","ZONA":"10","BLOQUE":"123","COD_BP":"B.123-P.304"},"geometry":{"type":"LineString","coordinates":[[-72.96119,4.477852],[-72.961107,4.477957],[-72.961036,4.478002],[-72.960932,4.478058],[-72.9608,4.478106],[-72.960678,4.478136],[-72.960559,4.478186],[-72.960431,4.478288],[-72.960299,4.478383],[-72.960162,4.478506],[-72.96007,4.478586],[-72.960028,4.478658],[-72.95998,4.478718],[-72.959938,4.478787],[-72.959819,4.478882],[-72.9597,4.478957],[-72.959622,4.479019],[-72.959592,4.479073],[-72.959589,4.479124],[-72.95961,4.47919],[-72.959646,4.479262],[-72.959705,4.479336],[-72.959756,4.479354],[-72.959833,4.479363],[-72.960084,4.479241],[-72.96054,4.479009]]}},{"type":"Feature","properties":{"TIPO":"Balastrada","CODIGO":"Interna","ZONA":"3","BLOQUE":"7","COD_BP":"B.7-P.6"},"geometry":{"type":"LineString","coordinates":[[-72.984215,4.486054],[-72.984279,4.487327]]}},{"type":"Feature","properties":{"TIPO":"Balastrada","CODIGO":"Interna","ZONA":"2","BLOQUE":"4","COD_BP":"B.4-P.2"},"geometry":{"type":"LineString","coordinates":[[-72.983446,4.491263],[-72.983341,4.487612],[-72.983282,4.487466]]}},{"type":"Feature","properties":{"TIPO":"Balastrada","CODIGO":"Interna","ZONA":"2","BLOQUE":"3","COD_BP":"B.3-P.2"},"geometry":{"type":"LineString","coordinates":[[-72.971543,4.485653],[-72.971574,4.485655],[-72.971607,4.485667],[-72.971633,4.485679],[-72.971655,4.485696],[-72.972606,4.486197]]}},{"type":"Feature","properties":{"TIPO":"Balastrada","CODIGO":"Interna","ZONA":"2","BLOQUE":"90","COD_BP":"B.90-P.596"},"geometry":{"type":"LineString","coordinates":[[-72.958405,4.478977],[-72.957689,4.47927],[-72.955887,4.479975],[-72.955643,4.480072],[-72.955547,4.480114]]}},{"type":"Feature","properties":{"TIPO":"Balastrada","CODIGO":"Interna","ZONA":"2","BLOQUE":"90","COD_BP":"B.90-P.506"},"geometry":{"type":"LineString","coordinates":[[-72.964803,4.47859],[-72.964658,4.478573],[-72.964025,4.478489],[-72.963019,4.478325],[-72.962083,4.478182]]}},{"type":"Feature","properties":{"TIPO":"Balastrada","CODIGO":"Interna","NDESCRIPCI":"Vía interna venados 3","ZONA":"2","BLOQUE":"90","COD_BP":"B.90-P.606"},"geometry":{"type":"LineString","coordinates":[[-72.97086,4.475417],[-72.970808,4.475305],[-72.970651,4.47491],[-72.970442,4.474369],[-72.96978,4.472583],[-72.969409,4.471587],[-72.969049,4.470649],[-72.96884,4.470034],[-72.968768,4.469907],[-72.96874,4.469878],[-72.968687,4.469874],[-72.968637,4.469919],[-72.968544,4.47001],[-72.968492,4.47006],[-72.968425,4.470134],[-72.968356,4.470217]]}},{"type":"Feature","properties":{"TIPO":"Balastrada","CODIGO":"Interna","ZONA":"3","BLOQUE":"10","COD_BP":"B.10-P.7"},"geometry":{"type":"LineString","coordinates":[[-72.998456,4.453632],[-72.99501,4.453807]]}},{"type":"Feature","properties":{"TIPO":"Balastrada","CODIGO":"Interna","ZONA":"3","BLOQUE":"10","COD_BP":"B.10-P.4"},"geometry":{"type":"LineString","coordinates":[[-73.000789,4.460969],[-72.998052,4.461109]]}},{"type":"Feature","properties":{"TIPO":"Balastrada","CODIGO":"Interna","ZONA":"3","BLOQUE":"10","COD_BP":"B.10-P.2"},"geometry":{"type":"LineString","coordinates":[[-72.997191,4.466081],[-72.998801,4.465998]]}},{"type":"Feature","properties":{"TIPO":"Balastrada","CODIGO":"Interna","ZONA":"4","BLOQUE":"11","COD_BP":"B.11-P.6"},"geometry":{"type":"LineString","coordinates":[[-72.981907,4.444796],[-72.981907,4.444824],[-72.981915,4.444914],[-72.981959,4.445737],[-72.981994,4.446415],[-72.982029,4.447184],[-72.982082,4.447871],[-72.982144,4.449019],[-72.982165,4.449558]]}},{"type":"Feature","properties":{"TIPO":"Balastrada","CODIGO":"Interna","ZONA":"4","BLOQUE":"11","COD_BP":"B.11-P.4"},"geometry":{"type":"LineString","coordinates":[[-72.976384,4.445002],[-72.976384,4.445032],[-72.976384,4.445087],[-72.976401,4.445647],[-72.976427,4.446624],[-72.97647,4.4476],[-72.97647,4.447736],[-72.976461,4.447799],[-72.976452,4.447871],[-72.976461,4.447998],[-72.976486,4.449038],[-72.976521,4.450123],[-72.976573,4.451362],[-72.976598,4.452329],[-72.976659,4.453785],[-72.97666,4.45381],[-72.976661,4.453834]]}},{"type":"Feature","properties":{"TIPO":"Balastrada","CODIGO":"Interna","ZONA":"4","BLOQUE":"11","COD_BP":"B.11-P.14"},"geometry":{"type":"LineString","coordinates":[[-72.974392,4.439749],[-72.974392,4.439803],[-72.974395,4.439864],[-72.97441,4.440111],[-72.974444,4.44097],[-72.974453,4.441268],[-72.97447,4.441901],[-72.974479,4.442118],[-72.974487,4.442498],[-72.974496,4.442724],[-72.974513,4.443058],[-72.974522,4.443384],[-72.974539,4.443981],[-72.974556,4.444541],[-72.974565,4.444912],[-72.974564,4.444984],[-72.974561,4.445052]]}},{"type":"Feature","properties":{"TIPO":"Balastrada","CODIGO":"Interna","ZONA":"3","BLOQUE":"323","COD_BP":"B.323-P.3"},"geometry":{"type":"LineString","coordinates":[[-72.981852,4.457256],[-72.98332,4.456301],[-72.983322,4.456299]]}},{"type":"Feature","properties":{"TIPO":"Balastrada","CODIGO":"Interna","NDESCRIPCI":"VIA PRINCIPAL","ZONA":"2","BLOQUE":"9","COD_BP":"B.9-P.1"},"geometry":{"type":"LineString","coordinates":[[-72.967645,4.45564],[-72.967749,4.457503],[-72.96776,4.457746]]}},{"type":"Feature","properties":{"TIPO":"Balastrada","CODIGO":"Interna","NDESCRIPCI":"Vía Club Social - Casa Hacienda","ZONA":"9","BLOQUE":"122","COD_BP":"B.122-P.1"},"geometry":{"type":"LineString","coordinates":[[-72.95406,4.469257],[-72.954051,4.469246],[-72.954024,4.469212],[-72.953897,4.469045],[-72.953881,4.46902],[-72.953869,4.468992],[-72.953861,4.468963],[-72.953858,4.468933],[-72.95386,4.468904],[-72.953866,4.468874],[-72.953876,4.468846],[-72.95399,4.468649],[-72.954049,4.468512],[-72.954128,4.468289],[-72.954171,4.468095],[-72.954169,4.467883],[-72.954164,4.467725],[-72.954118,4.467614],[-72.954065,4.46747],[-72.954003,4.467337],[-72.953833,4.467003],[-72.953695,4.466823],[-72.953394,4.466331],[-72.95322,4.466007],[-72.953132,4.465794],[-72.953017,4.465518],[-72.952907,4.465227],[-72.952871,4.465111],[-72.952827,4.464995],[-72.952759,4.464847],[-72.952662,4.464754],[-72.952557,4.464647]]}},{"type":"Feature","properties":{"TIPO":"Balastrada","CODIGO":"Interna","NDESCRIPCI":"Vía divisoria de Manantial 1 y 2","ZONA":"2","BLOQUE":"90","COD_BP":"B.90-P.603"},"geometry":{"type":"LineString","coordinates":[[-72.952884,4.498944],[-72.952853,4.498912],[-72.952827,4.498865],[-72.952827,4.498803],[-72.95284,4.498693],[-72.952875,4.498525],[-72.952988,4.497665],[-72.953143,4.496725],[-72.953217,4.496257],[-72.953277,4.495759],[-72.953354,4.49529],[-72.953422,4.494874],[-72.953496,4.494417],[-72.953723,4.492894],[-72.953997,4.491216],[-72.954401,4.48875]]}},{"type":"Feature","properties":{"TIPO":"Balastrada","CODIGO":"Interna","ZONA":"2","BLOQUE":"90","COD_BP":"B.90-P.601"},"geometry":{"type":"LineString","coordinates":[[-72.957059,4.482904],[-72.957072,4.482888],[-72.958186,4.481484]]}},{"type":"Feature","properties":{"TIPO":"Balastrada","CODIGO":"Interna","NDESCRIPCI":"VIA PRINCIPAL","ZONA":"2","BLOQUE":"9","COD_BP":"B.9-P.1"},"geometry":{"type":"LineString","coordinates":[[-72.97131,4.454924],[-72.971289,4.454923],[-72.971121,4.455051],[-72.970954,4.455068],[-72.970787,4.455104],[-72.970685,4.455146],[-72.970566,4.455199],[-72.970441,4.455241],[-72.970292,4.455319],[-72.970131,4.455456],[-72.96994,4.455599],[-72.969707,4.45579],[-72.969457,4.45604],[-72.968138,4.457375],[-72.967929,4.457577],[-72.96776,4.457746]]}},{"type":"Feature","properties":{"TIPO":"Balastrada","CODIGO":"Interna","ZONA":"2","BLOQUE":"90","COD_BP":"B.90-P.465"},"geometry":{"type":"LineString","coordinates":[[-72.963114,4.484123],[-72.963231,4.484037],[-72.963353,4.483963],[-72.963711,4.483744],[-72.963913,4.483637],[-72.964231,4.483474],[-72.964519,4.483327],[-72.964908,4.483131],[-72.965192,4.482993]]}},{"type":"Feature","properties":{"TIPO":"Balastrada","CODIGO":"Interna","ZONA":"5","BLOQUE":"336","COD_BP":"B.336-P.18"},"geometry":{"type":"LineString","coordinates":[[-72.919904,4.441366],[-72.922129,4.44005]]}},{"type":"Feature","properties":{"TIPO":"Balastrada","CODIGO":"Interna","NDESCRIPCI":"Bloque 332","ZONA":"4","BLOQUE":"332","COD_BP":"B.332-P.1"},"geometry":{"type":"LineString","coordinates":[[-72.950401,4.440251],[-72.950267,4.440227],[-72.948587,4.440243],[-72.944788,4.442527],[-72.94468,4.442533]]}},{"type":"Feature","properties":{"TIPO":"Balastrada","CODIGO":"Interna","ZONA":"4","BLOQUE":"337","COD_BP":"B.337-P.15"},"geometry":{"type":"LineString","coordinates":[[-72.951211,4.409217],[-72.951114,4.409241],[-72.950999,4.409274],[-72.950858,4.409341],[-72.950711,4.409405],[-72.950601,4.409453],[-72.950396,4.409524],[-72.9503,4.40957],[-72.950048,4.409728]]}},{"type":"Feature","properties":{"TIPO":"Balastrada","CODIGO":"Interna","NDESCRIPCI":"Bloque 339","ZONA":"7","BLOQUE":"339","COD_BP":"B.339-P.2"},"geometry":{"type":"LineString","coordinates":[[-73.064415,4.395966],[-73.066493,4.395425],[-73.067787,4.395088]]}},{"type":"Feature","properties":{"TIPO":"Balastrada","CODIGO":"Externa","ZONA":"0","BLOQUE":"0","COD_BP":"B.-P.0"},"geometry":{"type":"LineString","coordinates":[[-72.950474,4.502293],[-72.950317,4.502198],[-72.949921,4.501944],[-72.949898,4.501936],[-72.949873,4.501931],[-72.949853,4.501929],[-72.949827,4.50193],[-72.949796,4.50194],[-72.949763,4.501957],[-72.949735,4.501973],[-72.949669,4.50202],[-72.945372,4.504673],[-72.94451,4.505183],[-72.943547,4.505782],[-72.942634,4.506336],[-72.941354,4.507157],[-72.941286,4.507218],[-72.941226,4.507271],[-72.941172,4.507312],[-72.94111,4.507346],[-72.941033,4.50738],[-72.940948,4.507419],[-72.940867,4.507454],[-72.940794,4.507501],[-72.940696,4.507575],[-72.940592,4.507667],[-72.940102,4.508198],[-72.939784,4.508547],[-72.939501,4.508845],[-72.938765,4.509654],[-72.938086,4.510383],[-72.937651,4.510852],[-72.937606,4.510901],[-72.937542,4.510973],[-72.937504,4.511024],[-72.937466,4.511081],[-72.937436,4.511136],[-72.937417,4.511194],[-72.937394,4.51126],[-72.937379,4.511315],[-72.937362,4.511389],[-72.93714,4.512435],[-72.93693,4.513442],[-72.936747,4.514283],[-72.936574,4.515122],[-72.936489,4.515518],[-72.936474,4.515596],[-72.936465,4.515673],[-72.936441,4.515839],[-72.936401,4.516115],[-72.936392,4.516206],[-72.936379,4.516262],[-72.936364,4.516308],[-72.936339,4.516332],[-72.936309,4.516332],[-72.936254,4.51633],[-72.936186,4.516329],[-72.936152,4.516329],[-72.936121,4.516342]]}},{"type":"Feature","properties":{"TIPO":"Balastrada","CODIGO":"Interna","ZONA":"1","BLOQUE":"17","COD_BP":"B.17-P.6"},"geometry":{"type":"LineString","coordinates":[[-72.948929,4.529853],[-72.948931,4.529853],[-72.94894,4.529853],[-72.949004,4.529853],[-72.953726,4.529861]]}},{"type":"Feature","properties":{"TIPO":"Balastrada","CODIGO":"Interna","ZONA":"1","BLOQUE":"17","COD_BP":"B.17-P.2"},"geometry":{"type":"LineString","coordinates":[[-72.955904,4.533327],[-72.954575,4.533325]]}},{"type":"Feature","properties":{"TIPO":"Balastrada","CODIGO":"Interna","ZONA":"4","BLOQUE":"16","COD_BP":"B.16-P.2"},"geometry":{"type":"LineString","coordinates":[[-72.968793,4.428059],[-72.968737,4.428059],[-72.96492,4.428113],[-72.964756,4.428131]]}},{"type":"Feature","properties":{"TIPO":"Balastrada","CODIGO":"Interna","ZONA":"4","BLOQUE":"16","COD_BP":"B.16-P.3"},"geometry":{"type":"LineString","coordinates":[[-72.970857,4.42676],[-72.97082,4.42676],[-72.96522,4.426819],[-72.965127,4.426792]]}},{"type":"Feature","properties":{"TIPO":"Balastrada","CODIGO":"Interna","ZONA":"4","BLOQUE":"16","COD_BP":"B.16-P.4"},"geometry":{"type":"LineString","coordinates":[[-72.972392,4.425461],[-72.966029,4.425495]]}},{"type":"Feature","properties":{"TIPO":"Balastrada","CODIGO":"Interna","ZONA":"4","BLOQUE":"16","COD_BP":"B.16-P.7"},"geometry":{"type":"LineString","coordinates":[[-72.971651,4.421558],[-72.970552,4.421556]]}},{"type":"Feature","properties":{"TIPO":"Balastrada","CODIGO":"Interna","ZONA":"4","BLOQUE":"16","COD_BP":"B.16-P.5"},"geometry":{"type":"LineString","coordinates":[[-72.96929,4.424154],[-72.966936,4.424202]]}},{"type":"Feature","properties":{"TIPO":"Balastrada","CODIGO":"Interna","ZONA":"4","BLOQUE":"16","COD_BP":"B.16-P.6"},"geometry":{"type":"LineString","coordinates":[[-72.970474,4.421552],[-72.968767,4.421606]]}},{"type":"Feature","properties":{"TIPO":"Balastrada","CODIGO":"Interna","ZONA":"1","BLOQUE":"2","COD_BP":"B.2-P.1"},"geometry":{"type":"LineString","coordinates":[[-72.968966,4.485663],[-72.968868,4.483151]]}},{"type":"Feature","properties":{"TIPO":"Balastrada","CODIGO":"Interna","NDESCRIPCI":"VIA PRINCIPAL DE LA PARCELA","ZONA":"1","BLOQUE":"14","COD_BP":"B.14-P.2"},"geometry":{"type":"LineString","coordinates":[[-72.980762,4.532332],[-72.978637,4.532714],[-72.97855,4.53273]]}},{"type":"Feature","properties":{"TIPO":"Balastrada","CODIGO":"Interna","ZONA":"1","BLOQUE":"18","COD_BP":"B.18-P.2"},"geometry":{"type":"LineString","coordinates":[[-72.982553,4.518929],[-72.983832,4.518931]]}},{"type":"Feature","properties":{"TIPO":"Balastrada","CODIGO":"Interna","ZONA":"1","BLOQUE":"19","COD_BP":"B.19-P.3"},"geometry":{"type":"LineString","coordinates":[[-73.006378,4.509038],[-73.004759,4.509036]]}},{"type":"Feature","properties":{"TIPO":"Balastrada","CODIGO":"Interna","NDESCRIPCI":"Vía club social bueyera","ZONA":"9","BLOQUE":"122","COD_BP":"B.122-P.1"},"geometry":{"type":"LineString","coordinates":[[-72.95406,4.469257],[-72.954074,4.469273],[-72.954201,4.46942],[-72.954243,4.4695],[-72.954278,4.469582],[-72.954306,4.469667],[-72.954327,4.469754],[-72.954341,4.469843],[-72.954349,4.469932],[-72.954466,4.471044],[-72.954475,4.471096],[-72.954491,4.471147],[-72.954514,4.471195],[-72.954542,4.47124],[-72.954575,4.471281],[-72.954613,4.471318],[-72.954655,4.471349],[-72.954701,4.471375],[-72.954749,4.471396],[-72.955982,4.47182],[-72.956032,4.471842],[-72.956079,4.47187],[-72.956123,4.471904],[-72.956161,4.471943],[-72.956199,4.472004]]}},{"type":"Feature","properties":{"TIPO":"Balastrada","CODIGO":"Interna","NDESCRIPCI":"VIA PRINCIPAL","ZONA":"2","BLOQUE":"9","COD_BP":"B.9-P.2"},"geometry":{"type":"LineString","coordinates":[[-72.96776,4.457746],[-72.967689,4.457832],[-72.967609,4.457911],[-72.967123,4.458424],[-72.966471,4.459104],[-72.966186,4.459395],[-72.965893,4.459713]]}},{"type":"Feature","properties":{"TIPO":"Balastrada","CODIGO":"Interna","NDESCRIPCI":"VIA PRINCIPAL","ZONA":"2","BLOQUE":"9","COD_BP":"B.9-P.3"},"geometry":{"type":"LineString","coordinates":[[-72.968075,4.464812],[-72.968332,4.470067],[-72.968356,4.470217]]}},{"type":"Feature","properties":{"TIPO":"Balastrada","CODIGO":"Interna","NDESCRIPCI":"VIA PRINCIPAL INTERNA","ZONA":"2","BLOQUE":"90","COD_BP":"B.90-P.507"},"geometry":{"type":"LineString","coordinates":[[-72.962512,4.469903],[-72.962259,4.469235],[-72.962182,4.468988],[-72.96212,4.468811],[-72.961939,4.468379],[-72.961872,4.468202],[-72.961842,4.468091],[-72.961824,4.468011],[-72.961806,4.467888],[-72.961769,4.467755],[-72.961739,4.467664],[-72.961718,4.467584],[-72.961708,4.467557],[-72.961707,4.467521],[-72.961721,4.467483],[-72.961767,4.467419],[-72.962209,4.466879],[-72.962433,4.466607]]}},{"type":"Feature","properties":{"TIPO":"Balastrada","CODIGO":"Interna","ZONA":"2","BLOQUE":"90","COD_BP":"B.90-P.595"},"geometry":{"type":"LineString","coordinates":[[-72.955447,4.479859],[-72.95549,4.479981],[-72.955515,4.480046],[-72.955547,4.480114]]}},{"type":"Feature","properties":{"TIPO":"Balastrada","CODIGO":"Interna","ZONA":"9","BLOQUE":"122","COD_BP":"B.122-P.1"},"geometry":{"type":"LineString","coordinates":[[-72.950328,4.463446],[-72.950412,4.463148],[-72.950641,4.462004],[-72.950612,4.4619],[-72.95056,4.461821]]}},{"type":"Feature","properties":{"TIPO":"Balastrada","CODIGO":"Interna","ZONA":"4","BLOQUE":"11","COD_BP":"B.11-P.14"},"geometry":{"type":"LineString","coordinates":[[-72.977705,4.438391],[-72.977692,4.438375],[-72.977619,4.438289],[-72.977382,4.438031],[-72.977349,4.43802],[-72.974443,4.439835],[-72.974395,4.439864]]}},{"type":"Feature","properties":{"TIPO":"Balastrada","CODIGO":"Interna","ZONA":"11","BLOQUE":"3","COD_BP":"B.3-P.141"},"geometry":{"type":"LineString","coordinates":[[-72.980055,4.53473],[-72.980017,4.535139],[-72.980109,4.535612],[-72.980137,4.535889],[-72.980364,4.537052],[-72.980423,4.537414],[-72.980428,4.53754],[-72.980356,4.537698],[-72.979854,4.538461],[-72.979159,4.539526],[-72.978952,4.539866],[-72.978758,4.540282],[-72.978528,4.540784],[-72.978259,4.541394],[-72.978015,4.541907],[-72.977767,4.542402],[-72.977613,4.542735],[-72.977412,4.543162],[-72.977165,4.543721],[-72.977119,4.543856],[-72.977111,4.543961],[-72.977086,4.544062],[-72.977025,4.544148],[-72.976942,4.544191],[-72.976924,4.544259],[-72.976885,4.54442],[-72.976809,4.544671],[-72.976733,4.544902]]}},{"type":"Feature","properties":{"TIPO":"Proyectada","CODIGO":"Interna","ZONA":"11","BLOQUE":"3","COD_BP":"B.3-P.143"},"geometry":{"type":"LineString","coordinates":[[-72.976942,4.544191],[-72.976806,4.544186],[-72.976753,4.544096],[-72.976674,4.54396],[-72.976556,4.54387],[-72.976467,4.543784],[-72.976396,4.543644],[-72.976339,4.543514],[-72.97626,4.543457],[-72.97621,4.543392],[-72.976178,4.543202],[-72.976171,4.543101],[-72.976128,4.543048],[-72.976,4.542922],[-72.975946,4.542821],[-72.975932,4.542728],[-72.975932,4.54262],[-72.975911,4.542548],[-72.975847,4.542462],[-72.97575,4.542405],[-72.975593,4.542315],[-72.975493,4.542239],[-72.975443,4.54216],[-72.975265,4.541945],[-72.975186,4.541873],[-72.974986,4.541797]]}},{"type":"Feature","properties":{"TIPO":"Balastrada","CODIGO":"Interna","ZONA":"11","BLOQUE":"1","COD_BP":"B.1-P.137"},"geometry":{"type":"LineString","coordinates":[[-72.966255,4.53912],[-72.966225,4.539028],[-72.966213,4.53891]]}},{"type":"Feature","properties":{"TIPO":"Balastrada","CODIGO":"Interna","ZONA":"11","BLOQUE":"1","COD_BP":"B.1-P.137"},"geometry":{"type":"LineString","coordinates":[[-72.966806,4.538476],[-72.966774,4.538512],[-72.966742,4.538561],[-72.966675,4.538615],[-72.966543,4.538717],[-72.966213,4.53891],[-72.966025,4.538922]]}},{"type":"Feature","properties":{"TIPO":"Balastrada","CODIGO":"Interna","ZONA":"11","BLOQUE":"5","COD_BP":"B.5-P.136"},"geometry":{"type":"LineString","coordinates":[[-72.963224,4.51394],[-72.962941,4.51464],[-72.96237,4.515967]]}},{"type":"Feature","properties":{"TIPO":"Balastrada","CODIGO":"Interna","ZONA":"11","BLOQUE":"5","COD_BP":"B.5-P.136"},"geometry":{"type":"LineString","coordinates":[[-72.962926,4.511656],[-72.963214,4.513851],[-72.963224,4.513944],[-72.963271,4.51398],[-72.963303,4.51403],[-72.962915,4.514941],[-72.962872,4.51507],[-72.962865,4.515135],[-72.962872,4.515189],[-72.9629,4.515239],[-72.962936,4.515264],[-72.962979,4.515289],[-72.963015,4.515293],[-72.963054,4.515286],[-72.963111,4.515253],[-72.963186,4.515214],[-72.9633,4.515122],[-72.963365,4.515046]]}},{"type":"Feature","properties":{"TIPO":"Balastrada","CODIGO":"Interna","NDESCRIPCI":"Bloque 329","ZONA":"6","BLOQUE":"329","COD_BP":"B.329-P.14"},"geometry":{"type":"LineString","coordinates":[[-72.925832,4.413928],[-72.925914,4.413823],[-72.926092,4.413542],[-72.926214,4.413311],[-72.926438,4.412913],[-72.926698,4.412458],[-72.926917,4.412041],[-72.926937,4.411988],[-72.926941,4.411907],[-72.926925,4.411819],[-72.926865,4.411603],[-72.926772,4.411356],[-72.92636,4.41035],[-72.926342,4.410301]]}},{"type":"Feature","properties":{"TIPO":"Balastrada","CODIGO":"Interna","NDESCRIPCI":"VIA PRINCIPAL DE LA PARCELA","ZONA":"1","BLOQUE":"14","COD_BP":"B.14-P.1"},"geometry":{"type":"LineString","coordinates":[[-72.978952,4.53497],[-72.980055,4.53473]]}},{"type":"Feature","properties":{"TIPO":"Balastrada","CODIGO":"Interna","NDESCRIPCI":"VIA PRINCIPAL DE LA PARCELA","ZONA":"1","BLOQUE":"14","COD_BP":"B.14-P.1"},"geometry":{"type":"LineString","coordinates":[[-72.980055,4.53473],[-72.980142,4.534711],[-72.980303,4.53467],[-72.980398,4.534647],[-72.98045,4.534627],[-72.980473,4.53461],[-72.980493,4.534583],[-72.980508,4.534557],[-72.980519,4.534522],[-72.98053,4.534477],[-72.980712,4.532795],[-72.980762,4.532332]]}},{"type":"Feature","properties":{"TIPO":"Balastrada","CODIGO":"Interna","ZONA":"2","BLOQUE":"90","COD_BP":"B.90-P.592"},"geometry":{"type":"LineString","coordinates":[[-72.958847,4.471286],[-72.958292,4.472272],[-72.958279,4.472307],[-72.958271,4.472358],[-72.958267,4.474574]]}},{"type":"Feature","properties":{"TIPO":"Proyectada","CODIGO":"Interna","ZONA":"11","BLOQUE":"5","COD_BP":"B.5-P.612"},"geometry":{"type":"LineString","coordinates":[[-72.967459,4.508854],[-72.967449,4.510478]]}},{"type":"Feature","properties":{"TIPO":"Balastrada","CODIGO":"Interna","ZONA":"1","BLOQUE":"19","COD_BP":"B.19-P.5"},"geometry":{"type":"LineString","coordinates":[[-73.006652,4.50676],[-73.005118,4.506757]]}},{"type":"Feature","properties":{"TIPO":"Balastrada","CODIGO":"Interna","ZONA":"1","BLOQUE":"19","COD_BP":"B.19-P.7"},"geometry":{"type":"LineString","coordinates":[[-73.004887,4.504479],[-73.004105,4.504478]]}},{"type":"Feature","properties":{"TIPO":"Balastrada","CODIGO":"Interna","ZONA":"1","BLOQUE":"19","COD_BP":"B.19-P.1"},"geometry":{"type":"LineString","coordinates":[[-73.003624,4.511311],[-73.001711,4.511303]]}},{"type":"Feature","properties":{"TIPO":"Balastrada","CODIGO":"Interna","ZONA":"1","BLOQUE":"19","COD_BP":"B.19-P.4"},"geometry":{"type":"LineString","coordinates":[[-72.999584,4.511306],[-72.99624,4.511297]]}},{"type":"Feature","properties":{"TIPO":"Balastrada","CODIGO":"Interna","ZONA":"3","BLOQUE":"12","COD_BP":"B.12-P.3"},"geometry":{"type":"LineString","coordinates":[[-72.990976,4.440651],[-72.990966,4.440651],[-72.987606,4.440646]]}},{"type":"Feature","properties":{"TIPO":"Balastrada","CODIGO":"Interna","ZONA":"3","BLOQUE":"12","COD_BP":"B.12-P.4"},"geometry":{"type":"LineString","coordinates":[[-72.990916,4.439439],[-72.990905,4.439439],[-72.98732,4.439434]]}},{"type":"Feature","properties":{"TIPO":"Balastrada","CODIGO":"Interna","ZONA":"1","BLOQUE":"18","COD_BP":"B.18-P.1"},"geometry":{"type":"LineString","coordinates":[[-72.984719,4.515903],[-72.978557,4.515894]]}},{"type":"Feature","properties":{"TIPO":"Balastrada","CODIGO":"Interna","ZONA":"3","BLOQUE":"13","COD_BP":"B.13-P.4"},"geometry":{"type":"LineString","coordinates":[[-72.993235,4.459217],[-72.993231,4.461094],[-72.993231,4.461123]]}},{"type":"Feature","properties":{"TIPO":"Balastrada","CODIGO":"Interna","ZONA":"3","BLOQUE":"13","COD_BP":"B.13-P.5"},"geometry":{"type":"LineString","coordinates":[[-72.99002,4.461138],[-72.99004,4.461138],[-72.993053,4.461142],[-72.993205,4.461125],[-72.993231,4.461123]]}},{"type":"Feature","properties":{"TIPO":"Balastrada","CODIGO":"Interna","ZONA":"3","BLOQUE":"13","COD_BP":"B.13-P.4"},"geometry":{"type":"LineString","coordinates":[[-72.995168,4.461108],[-72.995143,4.461108],[-72.99336,4.461106],[-72.993296,4.461115],[-72.993231,4.461123]]}},{"type":"Feature","properties":{"TIPO":"Balastrada","CODIGO":"Interna","ZONA":"3","BLOQUE":"13","COD_BP":"B.13-P.3"},"geometry":{"type":"LineString","coordinates":[[-72.990013,4.463588],[-72.990026,4.463588],[-72.992644,4.463592],[-72.993275,4.463248],[-72.993275,4.463248]]}},{"type":"Feature","properties":{"TIPO":"Balastrada","CODIGO":"Interna","ZONA":"3","BLOQUE":"13","COD_BP":"B.13-P.1"},"geometry":{"type":"LineString","coordinates":[[-72.990012,4.464261],[-72.990823,4.464719],[-72.99094,4.464792],[-72.990967,4.46481],[-72.990967,4.464819],[-72.990976,4.464837],[-72.990966,4.465352],[-72.990965,4.465967],[-72.990964,4.466663]]}},{"type":"Feature","properties":{"TIPO":"Balastrada","CODIGO":"Interna","ZONA":"2","BLOQUE":"4","COD_BP":"B.4-P.2"},"geometry":{"type":"LineString","coordinates":[[-72.98533,4.487197],[-72.985648,4.493671],[-72.985714,4.496114]]}},{"type":"Feature","properties":{"TIPO":"Balastrada","CODIGO":"Interna","ZONA":"1","BLOQUE":"20","COD_BP":"B.20-P.12"},"geometry":{"type":"LineString","coordinates":[[-72.943112,4.506273],[-72.949099,4.506283]]}},{"type":"Feature","properties":{"TIPO":"Balastrada","CODIGO":"Interna","NDESCRIPCI":"VIA PRINCIPAL","ZONA":"2","BLOQUE":"90","COD_BP":"B.90-P.531"},"geometry":{"type":"LineString","coordinates":[[-72.964113,4.474133],[-72.963869,4.474431],[-72.962608,4.476001],[-72.962068,4.476637],[-72.962004,4.476692],[-72.961939,4.476722]]}},{"type":"Feature","properties":{"TIPO":"Balastrada","CODIGO":"Interna","NDESCRIPCI":"VIA PRINCIPAL DE LA PARCELA","ZONA":"1","BLOQUE":"14","COD_BP":"B.14-P.2"},"geometry":{"type":"LineString","coordinates":[[-72.980762,4.532332],[-72.98095,4.530581],[-72.980995,4.530215]]}},{"type":"Feature","properties":{"TIPO":"Proyectada","CODIGO":"Interna","ZONA":"3","BLOQUE":"323","COD_BP":"B.323-P.11"},"geometry":{"type":"LineString","coordinates":[[-72.979265,4.48206],[-72.979245,4.481287],[-72.979216,4.481151],[-72.979203,4.481055],[-72.979206,4.480951],[-72.979238,4.480806],[-72.97923,4.480291],[-72.979166,4.478308],[-72.979108,4.476407],[-72.979092,4.4755],[-72.979036,4.475452],[-72.977944,4.474819],[-72.977926,4.474799],[-72.977915,4.474756]]}},{"type":"Feature","properties":{"TIPO":"Balastrada","CODIGO":"Interna","NDESCRIPCI":"VIA PRINCIPAL DE LA PARCELA","ZONA":"1","BLOQUE":"15","COD_BP":"B.15-P.8"},"geometry":{"type":"LineString","coordinates":[[-72.961114,4.522465],[-72.961114,4.522984],[-72.960961,4.523181],[-72.960957,4.523192],[-72.960964,4.523202],[-72.961013,4.523241]]}},{"type":"Feature","properties":{"TIPO":"Balastrada","CODIGO":"Interna","ZONA":"3","BLOQUE":"21","COD_BP":"B.21-P.8"},"geometry":{"type":"LineString","coordinates":[[-72.975469,4.460203],[-72.977352,4.460205],[-72.97738,4.460205]]}},{"type":"Feature","properties":{"TIPO":"Balastrada","CODIGO":"Interna","ZONA":"3","BLOQUE":"21","COD_BP":"B.21-P.7"},"geometry":{"type":"LineString","coordinates":[[-72.974254,4.460201],[-72.974235,4.460237],[-72.974208,4.460318],[-72.97419,4.4604],[-72.974181,4.460499],[-72.974154,4.460716],[-72.974144,4.460897],[-72.974117,4.461141],[-72.974099,4.461295],[-72.974071,4.461404],[-72.974061,4.461444]]}},{"type":"Feature","properties":{"TIPO":"Balastrada","CODIGO":"Interna","ZONA":"3","BLOQUE":"323","COD_BP":"B.323-P.9"},"geometry":{"type":"LineString","coordinates":[[-72.981655,4.470987],[-72.981564,4.471149],[-72.980778,4.47235],[-72.979937,4.472859],[-72.979843,4.472893]]}},{"type":"Feature","properties":{"TIPO":"Balastrada","CODIGO":"Interna","ZONA":"3","BLOQUE":"7","COD_BP":"B.7-P.8"},"geometry":{"type":"LineString","coordinates":[[-72.981648,4.487721],[-72.981617,4.487626],[-72.981625,4.487259],[-72.981589,4.487037],[-72.98134,4.486263],[-72.981083,4.485398],[-72.980962,4.48502],[-72.980794,4.484589],[-72.98058,4.484178],[-72.98041,4.483901],[-72.98011,4.483495]]}},{"type":"Feature","properties":{"TIPO":"Balastrada","CODIGO":"Interna","ZONA":"4","BLOQUE":"11","COD_BP":"B.11-P.10"},"geometry":{"type":"LineString","coordinates":[[-72.981596,4.437423],[-72.981593,4.437504],[-72.981609,4.438252],[-72.981609,4.438293]]}},{"type":"Feature","properties":{"TIPO":"Balastrada","CODIGO":"Interna","NDESCRIPCI":"VIA PRINCIPAL DE LAS PARCELAS","ZONA":"1","BLOQUE":"14","COD_BP":"B.14-P.9"},"geometry":{"type":"LineString","coordinates":[[-72.974974,4.531326],[-72.97484,4.531376],[-72.974221,4.531488]]}},{"type":"Feature","properties":{"TIPO":"Balastrada","CODIGO":"Interna","NDESCRIPCI":"Casa Hacienda","ZONA":"9","BLOQUE":"119","COD_BP":"B.119-P.1"},"geometry":{"type":"LineString","coordinates":[[-72.95611,4.398868],[-72.956152,4.398887],[-72.956208,4.398891],[-72.956282,4.398866],[-72.956362,4.398824],[-72.95687,4.398622],[-72.957541,4.398345],[-72.958052,4.398153],[-72.958619,4.397932],[-72.959369,4.397648],[-72.960038,4.397396],[-72.960208,4.397343],[-72.960288,4.397329],[-72.960361,4.397335]]}},{"type":"Feature","properties":{"TIPO":"Proyectada","CODIGO":"Interna","NDESCRIPCI":"Casa Hacienda","ZONA":"9","BLOQUE":"119","COD_BP":"B.119-P.1"},"geometry":{"type":"LineString","coordinates":[[-72.95611,4.398868],[-72.955966,4.399573],[-72.954478,4.400719],[-72.954433,4.400737],[-72.954397,4.400737],[-72.954334,4.400737],[-72.954235,4.400691],[-72.954172,4.400655],[-72.953065,4.399849],[-72.952544,4.39945],[-72.952337,4.399278],[-72.951797,4.398925],[-72.951482,4.398707],[-72.951388,4.398545],[-72.951391,4.398446],[-72.951114,4.398111],[-72.950646,4.397932]]}},{"type":"Feature","properties":{"TIPO":"Balastrada","CODIGO":"Interna","NDESCRIPCI":"Casa Hacienda","ZONA":"9","BLOQUE":"119","COD_BP":"B.119-P.1"},"geometry":{"type":"LineString","coordinates":[[-72.949957,4.397879],[-72.950452,4.397978],[-72.950572,4.397971],[-72.950646,4.397932],[-72.950721,4.397868],[-72.950802,4.397785],[-72.95085,4.397703],[-72.950903,4.397622],[-72.95093,4.397585],[-72.950966,4.397558],[-72.950993,4.397555],[-72.951026,4.397574],[-72.951054,4.39759],[-72.951107,4.397618],[-72.951133,4.397608],[-72.951155,4.397586],[-72.951175,4.397557],[-72.951194,4.397531],[-72.951455,4.397163],[-72.951593,4.397008],[-72.951749,4.396811],[-72.951944,4.396571],[-72.952104,4.396353],[-72.952381,4.396018],[-72.952658,4.395684],[-72.952809,4.395491],[-72.952907,4.395364],[-72.952954,4.395317],[-72.952995,4.395309],[-72.953048,4.395324],[-72.953082,4.395357],[-72.953116,4.395405],[-72.953172,4.395485],[-72.953343,4.395732],[-72.953455,4.395901],[-72.953571,4.396054],[-72.953662,4.3962],[-72.953788,4.39639],[-72.953974,4.396669],[-72.954041,4.396882],[-72.954088,4.397052],[-72.954166,4.397359],[-72.95424,4.397636],[-72.954354,4.398046],[-72.954433,4.398335],[-72.954515,4.398408],[-72.955159,4.398592],[-72.955847,4.398798],[-72.95611,4.398868]]}},{"type":"Feature","properties":{"TIPO":"Balastrada","CODIGO":"Interna","ZONA":"2","BLOQUE":"6","COD_BP":"B.6-P.4"},"geometry":{"type":"LineString","coordinates":[[-72.993302,4.503957],[-72.992268,4.503989],[-72.991664,4.504028],[-72.991099,4.50402]]}},{"type":"Feature","properties":{"TIPO":"Balastrada","CODIGO":"Interna","ZONA":"2","BLOQUE":"5","COD_BP":"B.5-P.5"},"geometry":{"type":"LineString","coordinates":[[-72.991099,4.50402],[-72.991097,4.50431],[-72.991144,4.504734],[-72.99134,4.505422],[-72.991465,4.505698],[-72.991524,4.505961],[-72.991583,4.506212],[-72.991624,4.506984],[-72.991694,4.507779],[-72.991723,4.508377],[-72.991804,4.509729],[-72.991814,4.510269],[-72.991814,4.510415],[-72.991805,4.510491],[-72.991835,4.510517],[-72.9919,4.510513],[-72.991971,4.510489],[-72.992069,4.510458]]}},{"type":"Feature","properties":{"TIPO":"Balastrada","CODIGO":"Interna","ZONA":"2","BLOQUE":"6","COD_BP":"B.6-P.1"},"geometry":{"type":"LineString","coordinates":[[-72.997567,4.503807],[-73.000407,4.503688],[-73.001813,4.503642]]}},{"type":"Feature","properties":{"TIPO":"Balastrada","CODIGO":"Interna","ZONA":"1","BLOQUE":"14","COD_BP":"B.14-P.3"},"geometry":{"type":"LineString","coordinates":[[-72.982211,4.529199],[-72.982475,4.529109],[-72.982799,4.528992],[-72.983097,4.528875],[-72.983647,4.528668]]}},{"type":"Feature","properties":{"TIPO":"Balastrada","CODIGO":"Interna","NDESCRIPCI":"VIA PRINCIPAL DE LA PARCELA","ZONA":"1","BLOQUE":"14","COD_BP":"B.14-P.17"},"geometry":{"type":"LineString","coordinates":[[-72.973168,4.536327],[-72.974746,4.535948]]}},{"type":"Feature","properties":{"TIPO":"Balastrada","CODIGO":"Interna","NDESCRIPCI":"VIA PRINCIPAL DE LA PARCELA","ZONA":"1","BLOQUE":"14","COD_BP":"B.14-P.8"},"geometry":{"type":"LineString","coordinates":[[-72.974746,4.535948],[-72.976573,4.53552],[-72.976627,4.535493],[-72.976672,4.535475],[-72.976726,4.53543],[-72.97678,4.535412],[-72.976825,4.535412],[-72.976888,4.535439],[-72.977123,4.535376],[-72.978862,4.53499],[-72.978952,4.53497]]}},{"type":"Feature","properties":{"TIPO":"Balastrada","CODIGO":"Interna","ZONA":"4","BLOQUE":"16","COD_BP":"B.16-P.3"},"geometry":{"type":"LineString","coordinates":[[-72.970857,4.42676],[-72.971006,4.426676],[-72.971218,4.426501],[-72.971312,4.426432],[-72.971391,4.42636],[-72.971484,4.426291],[-72.971577,4.426248],[-72.971682,4.426219],[-72.971778,4.426186],[-72.971881,4.426129],[-72.971942,4.426066],[-72.972032,4.426001],[-72.972247,4.425882],[-72.97234,4.425835]]}},{"type":"Feature","properties":{"TIPO":"Balastrada","CODIGO":"Interna","ZONA":"4","BLOQUE":"16","COD_BP":"B.16-P.1"},"geometry":{"type":"LineString","coordinates":[[-72.966732,4.429445],[-72.966758,4.429429],[-72.966786,4.429412],[-72.966952,4.429303],[-72.967222,4.429134],[-72.967323,4.429046],[-72.967437,4.428967],[-72.967562,4.428889],[-72.96767,4.428781],[-72.96776,4.428709],[-72.968058,4.428528],[-72.968496,4.42827],[-72.968597,4.428192],[-72.968772,4.428074],[-72.968793,4.428059]]}},{"type":"Feature","properties":{"TIPO":"Balastrada","CODIGO":"Interna","ZONA":"4","BLOQUE":"16","COD_BP":"B.16-P.2"},"geometry":{"type":"LineString","coordinates":[[-72.968793,4.428059],[-72.968922,4.427972],[-72.969095,4.427862],[-72.969139,4.427833],[-72.969169,4.42779],[-72.969198,4.427748],[-72.969237,4.427717],[-72.969264,4.427679],[-72.969296,4.427635],[-72.969318,4.427598],[-72.969351,4.427571],[-72.969421,4.427551],[-72.969503,4.427524],[-72.969594,4.427484],[-72.969664,4.427446],[-72.969745,4.427396],[-72.969833,4.427341],[-72.969947,4.427303],[-72.970105,4.427247],[-72.970276,4.427157],[-72.970587,4.426961],[-72.970647,4.426918],[-72.970726,4.426846],[-72.970807,4.426788],[-72.970833,4.426773],[-72.970857,4.42676]]}},{"type":"Feature","properties":{"TIPO":"Balastrada","CODIGO":"Interna","NDESCRIPCI":"VIA PRINCIPAL DE LAS PARCELAS","ZONA":"1","BLOQUE":"15","COD_BP":"B.15-P.2"},"geometry":{"type":"LineString","coordinates":[[-72.961013,4.523241],[-72.961063,4.523277],[-72.961113,4.523373],[-72.961106,4.527952],[-72.961106,4.527964],[-72.961105,4.527969]]}},{"type":"Feature","properties":{"TIPO":"Balastrada","CODIGO":"Interna","NDESCRIPCI":"VIA PRINCIPAL DEL BLOQUE","ZONA":"1","BLOQUE":"15","COD_BP":"B.15-P.5"},"geometry":{"type":"LineString","coordinates":[[-72.957719,4.534635],[-72.957428,4.534939],[-72.95695,4.535435],[-72.956806,4.535589],[-72.956716,4.535688]]}},{"type":"Feature","properties":{"TIPO":"Balastrada","CODIGO":"Interna","NDESCRIPCI":"VIA PRINCIPAL DEL BLOQUE","ZONA":"1","BLOQUE":"15","COD_BP":"B.15-P.3"},"geometry":{"type":"LineString","coordinates":[[-72.960715,4.532498],[-72.960513,4.532656],[-72.960026,4.533035],[-72.959467,4.533468],[-72.959277,4.533622],[-72.959266,4.533629]]}},{"type":"Feature","properties":{"TIPO":"Balastrada","CODIGO":"Interna","NDESCRIPCI":"VIA PRINCIPAL DEL BLOQUE","ZONA":"1","BLOQUE":"15","COD_BP":"B.15-P.4"},"geometry":{"type":"LineString","coordinates":[[-72.959266,4.533629],[-72.959133,4.533721],[-72.958962,4.533847],[-72.958808,4.533946],[-72.95861,4.534082],[-72.958394,4.53419],[-72.958213,4.534289],[-72.958006,4.534406],[-72.957826,4.534523],[-72.957719,4.534635]]}},{"type":"Feature","properties":{"TIPO":"Balastrada","CODIGO":"Interna","NDESCRIPCI":"VIA PRINCIPAL DEL BLOQUE","ZONA":"1","BLOQUE":"15","COD_BP":"B.15-P.6"},"geometry":{"type":"LineString","coordinates":[[-72.967039,4.527498],[-72.966736,4.527764]]}},{"type":"Feature","properties":{"TIPO":"Balastrada","CODIGO":"Interna","ZONA":"4","BLOQUE":"11","COD_BP":"B.11-P.14"},"geometry":{"type":"LineString","coordinates":[[-72.976384,4.445002],[-72.976351,4.443778]]}},{"type":"Feature","properties":{"TIPO":"Balastrada","CODIGO":"Interna","ZONA":"3","BLOQUE":"323","COD_BP":"B.323-P.10"},"geometry":{"type":"LineString","coordinates":[[-72.98492,4.470785],[-72.984815,4.470926],[-72.984538,4.471182],[-72.984177,4.471481],[-72.983879,4.471744],[-72.983658,4.471976],[-72.983578,4.472117]]}},{"type":"Feature","properties":{"TIPO":"Balastrada","CODIGO":"Interna","ZONA":"4","BLOQUE":"16","COD_BP":"B.16-P.7"},"geometry":{"type":"LineString","coordinates":[[-72.972395,4.425461],[-72.971734,4.424178],[-72.971721,4.424161]]}},{"type":"Feature","properties":{"TIPO":"Proyectada","CODIGO":"Interna","ZONA":"6","BLOQUE":"334","COD_BP":"B.334-P.3"},"geometry":{"type":"LineString","coordinates":[[-72.892958,4.381837],[-72.894573,4.38184]]}},{"type":"Feature","properties":{"TIPO":"Balastrada","CODIGO":"Interna","NDESCRIPCI":"Bloque 334","ZONA":"6","BLOQUE":"334","COD_BP":"B.334-P.2"},"geometry":{"type":"LineString","coordinates":[[-72.893099,4.3864],[-72.896509,4.386405]]}},{"type":"Feature","properties":{"TIPO":"Balastrada","CODIGO":"Interna","NDESCRIPCI":"Bloque 11","ZONA":"3","BLOQUE":"21","COD_BP":"B.21-P.11"},"geometry":{"type":"LineString","coordinates":[[-72.983192,4.452703],[-72.982995,4.452741],[-72.982771,4.452793],[-72.982527,4.452826],[-72.982034,4.452911],[-72.981445,4.453003],[-72.980927,4.453105],[-72.98047,4.453189],[-72.98011,4.453259],[-72.97977,4.453314],[-72.979404,4.453376],[-72.979033,4.453441],[-72.97892,4.453448],[-72.978852,4.453458]]}},{"type":"Feature","properties":{"TIPO":"Pavimentada","CODIGO":"Externa","NDESCRIPCI":"CASINO UPIA - PORTAL","ZONA":"0","BLOQUE":"0","COD_BP":"B.-P.0"},"geometry":{"type":"LineString","coordinates":[[-72.935387,4.421734],[-72.93556,4.422943],[-72.935627,4.423331],[-72.935753,4.42366],[-72.935901,4.424024],[-72.936158,4.424508],[-72.936611,4.425417],[-72.936903,4.425959],[-72.937184,4.426501],[-72.937445,4.427008],[-72.937733,4.427557],[-72.938179,4.428398],[-72.938532,4.429094],[-72.938938,4.429852],[-72.939148,4.430297],[-72.939462,4.430847],[-72.940082,4.432064],[-72.940574,4.433005],[-72.940713,4.433292]]}},{"type":"Feature","properties":{"TIPO":"Pavimentada","CODIGO":"Externa","NDESCRIPCI":"CONTROL 3 - CONTROL 1","ZONA":"0","BLOQUE":"0","COD_BP":"B.-P.0"},"geometry":{"type":"LineString","coordinates":[[-72.956496,4.535091],[-72.956366,4.534214],[-72.956291,4.533729],[-72.956131,4.533011],[-72.955925,4.532179],[-72.955525,4.530569],[-72.955382,4.529936],[-72.955203,4.529239],[-72.955104,4.528823],[-72.955008,4.528403],[-72.954931,4.528113],[-72.954737,4.527448],[-72.954468,4.526815],[-72.954305,4.52641],[-72.954299,4.526395],[-72.954286,4.526363],[-72.9541,4.525901],[-72.953938,4.525503],[-72.953813,4.525241],[-72.953606,4.524725],[-72.953516,4.524535],[-72.953175,4.523685],[-72.952556,4.522201],[-72.951494,4.519849],[-72.951326,4.519477],[-72.950715,4.518138],[-72.950499,4.517632],[-72.949557,4.515433],[-72.949423,4.515153],[-72.94901,4.514221],[-72.948848,4.513723],[-72.94884,4.513416],[-72.948913,4.51281],[-72.949083,4.51168],[-72.949186,4.511002],[-72.949241,4.510496],[-72.949395,4.509511],[-72.949613,4.5083],[-72.949742,4.507346],[-72.949744,4.507333],[-72.949745,4.507327],[-72.949942,4.505868],[-72.950035,4.505269],[-72.950037,4.505257],[-72.950038,4.505252],[-72.95006,4.505109],[-72.950233,4.503934],[-72.950474,4.502293]]}},{"type":"Feature","properties":{"TIPO":"Balastrada","CODIGO":"Interna","NDESCRIPCI":"Bloque 332","ZONA":"4","BLOQUE":"332","COD_BP":"B.332-P.17"},"geometry":{"type":"LineString","coordinates":[[-72.96054,4.433147],[-72.960552,4.433204],[-72.960257,4.43365],[-72.959641,4.434532],[-72.959538,4.434686],[-72.959468,4.434788],[-72.959418,4.434863],[-72.959375,4.434927],[-72.959314,4.435035],[-72.959278,4.435115],[-72.959261,4.435193],[-72.959263,4.435265],[-72.959296,4.435438],[-72.959328,4.435706],[-72.959317,4.435932],[-72.959255,4.436191],[-72.95917,4.436474],[-72.958716,4.437748],[-72.958491,4.43837],[-72.958267,4.439006],[-72.958089,4.439533],[-72.958057,4.439582],[-72.957856,4.439722],[-72.957805,4.439773],[-72.957749,4.439875],[-72.957681,4.439989]]}},{"type":"Feature","properties":{"TIPO":"Balastrada","CODIGO":"Interna","NDESCRIPCI":"Bloque 332","ZONA":"4","BLOQUE":"332","COD_BP":"B.332-P.16"},"geometry":{"type":"LineString","coordinates":[[-72.957494,4.440401],[-72.957735,4.440403],[-72.958757,4.440387],[-72.960733,4.440403]]}},{"type":"Feature","properties":{"TIPO":"Proyectada","CODIGO":"Interna","ZONA":"4","BLOQUE":"91","COD_BP":"B.91-P.116"},"geometry":{"type":"LineString","coordinates":[[-72.974139,4.421048],[-72.974145,4.420053]]}},{"type":"Feature","properties":{"TIPO":"Balastrada","CODIGO":"Interna","ZONA":"1","BLOQUE":"20","COD_BP":"B.20-P.9"},"geometry":{"type":"LineString","coordinates":[[-72.948571,4.511681],[-72.949083,4.51168]]}},{"type":"Feature","properties":{"TIPO":"Balastrada","CODIGO":"Interna","ZONA":"1","BLOQUE":"1","COD_BP":"B.1-P.5"},"geometry":{"type":"LineString","coordinates":[[-72.967118,4.511775],[-72.967169,4.51186],[-72.967194,4.511942],[-72.967176,4.512043],[-72.967169,4.512197],[-72.967172,4.512351],[-72.967176,4.512495],[-72.967186,4.512631],[-72.967189,4.512818],[-72.967193,4.512986],[-72.9672,4.513151],[-72.967207,4.513356],[-72.967228,4.513561],[-72.967238,4.513851],[-72.967252,4.514138],[-72.967273,4.514551],[-72.967294,4.514906],[-72.967363,4.516339],[-72.967405,4.516851],[-72.967419,4.516984],[-72.967426,4.517103],[-72.967418,4.517189],[-72.967393,4.517233],[-72.967343,4.517288],[-72.967309,4.517316],[-72.967315,4.517389],[-72.967368,4.517425],[-72.967436,4.517504],[-72.967448,4.517584],[-72.967454,4.517701],[-72.967468,4.517972],[-72.967527,4.518721],[-72.967551,4.519489],[-72.9676,4.520471],[-72.96768,4.521854],[-72.967752,4.52353],[-72.967846,4.525381],[-72.967906,4.526207],[-72.967937,4.526559]]}},{"type":"Feature","properties":{"TIPO":"Balastrada","CODIGO":"Interna","ZONA":"4","BLOQUE":"11","COD_BP":"B.11-P.21"},"geometry":{"type":"LineString","coordinates":[[-72.968482,4.4336],[-72.968498,4.43358],[-72.968536,4.433534],[-72.968598,4.433447],[-72.968728,4.433245],[-72.969043,4.432734],[-72.969259,4.432355],[-72.969512,4.43193],[-72.969578,4.431794],[-72.969635,4.43166],[-72.969662,4.431555],[-72.969705,4.431364],[-72.969742,4.431183],[-72.969822,4.430848],[-72.969911,4.430511],[-72.970083,4.429824],[-72.97021,4.429327],[-72.970328,4.428866],[-72.9704,4.428595],[-72.970473,4.428288],[-72.970636,4.427592],[-72.970726,4.427221],[-72.970738,4.427119],[-72.970742,4.427047]]}},{"type":"Feature","properties":{"TIPO":"Balastrada","CODIGO":"Interna","ZONA":"1","BLOQUE":"2","COD_BP":"B.2-P.2"},"geometry":{"type":"LineString","coordinates":[[-72.968488,4.485665],[-72.968581,4.485798],[-72.968611,4.485889],[-72.968641,4.485989],[-72.968655,4.486091],[-72.968644,4.486254],[-72.968621,4.486468],[-72.968604,4.486643],[-72.968569,4.486769],[-72.968511,4.486958],[-72.968359,4.487382],[-72.968294,4.487531],[-72.968196,4.487789],[-72.968131,4.487967],[-72.968079,4.488132],[-72.968002,4.488518],[-72.967948,4.488751],[-72.96792,4.488901],[-72.967918,4.488925],[-72.967921,4.488947],[-72.967929,4.488982],[-72.967943,4.489019],[-72.96798,4.489073],[-72.96805,4.489155],[-72.968471,4.489613],[-72.96875,4.489923],[-72.968923,4.490168],[-72.969007,4.490296],[-72.9691,4.490437],[-72.96919,4.490609],[-72.969202,4.490633]]}},{"type":"Feature","properties":{"TIPO":"Balastrada","CODIGO":"Interna","ZONA":"1","BLOQUE":"2","COD_BP":"B.2-P.3"},"geometry":{"type":"LineString","coordinates":[[-72.96787,4.489124],[-72.967864,4.489117],[-72.967835,4.489082],[-72.967819,4.489044],[-72.967806,4.489004],[-72.967799,4.488959],[-72.967802,4.488907],[-72.967811,4.488847],[-72.967827,4.488779],[-72.967851,4.488709],[-72.967879,4.488604],[-72.967902,4.488502],[-72.967946,4.488331],[-72.967977,4.488169],[-72.968004,4.488044],[-72.96806,4.48788],[-72.968139,4.48767],[-72.968253,4.48738],[-72.968374,4.487088],[-72.96841,4.486975],[-72.96846,4.486825],[-72.968496,4.486714],[-72.968523,4.48662],[-72.968543,4.48652],[-72.968555,4.486407],[-72.968566,4.486238],[-72.968566,4.486079],[-72.968548,4.485968],[-72.96852,4.485895],[-72.968484,4.485837],[-72.968439,4.485768],[-72.968345,4.485656]]}},{"type":"Feature","properties":{"TIPO":"Balastrada","CODIGO":"Interna","NDESCRIPCI":"Casa Hacienda","ZONA":"9","BLOQUE":"119","COD_BP":"B.119-P.1"},"geometry":{"type":"LineString","coordinates":[[-72.959623,4.396012],[-72.959674,4.396023],[-72.959749,4.396041],[-72.9598,4.39605],[-72.959901,4.396102],[-72.960046,4.396135],[-72.96017,4.396187],[-72.96028,4.39625],[-72.960334,4.396302],[-72.96037,4.396371],[-72.960427,4.396507],[-72.960514,4.396729],[-72.960581,4.396901],[-72.960603,4.396982],[-72.960618,4.397077],[-72.960613,4.39711],[-72.960557,4.397161],[-72.96047,4.397228],[-72.960408,4.397276],[-72.960361,4.397335]]}},{"type":"Feature","properties":{"TIPO":"Proyectada","CODIGO":"Interna","NDESCRIPCI":"Casa Hacienda","ZONA":"9","BLOQUE":"119","COD_BP":"B.119-P.1"},"geometry":{"type":"LineString","coordinates":[[-72.944682,4.396612],[-72.944835,4.396739],[-72.94497,4.396838],[-72.945168,4.396992],[-72.945464,4.397219],[-72.945689,4.3974],[-72.945878,4.397554],[-72.946112,4.397744],[-72.946166,4.397789],[-72.946247,4.397817],[-72.946283,4.397817],[-72.94631,4.397808],[-72.946337,4.397799],[-72.946364,4.39779],[-72.946409,4.397763],[-72.946455,4.397736],[-72.946734,4.397537],[-72.946959,4.397402],[-72.947158,4.397303],[-72.947248,4.397285],[-72.947329,4.397258],[-72.947392,4.397249],[-72.947455,4.397249],[-72.947554,4.397249],[-72.94786,4.397231],[-72.948203,4.397223],[-72.948365,4.397223],[-72.948446,4.397232],[-72.9485,4.397232],[-72.948563,4.39726],[-72.948626,4.397287],[-72.948761,4.397359],[-72.948995,4.397459],[-72.949283,4.397586],[-72.949508,4.397695],[-72.949661,4.397768],[-72.949877,4.397858],[-72.949957,4.397879]]}},{"type":"Feature","properties":{"TIPO":"Balastrada","CODIGO":"Interna","ZONA":"1","BLOQUE":"17","COD_BP":"B.17-P.5"},"geometry":{"type":"LineString","coordinates":[[-72.949377,4.531301],[-72.949353,4.531228],[-72.949281,4.531056],[-72.949084,4.53036],[-72.949003,4.53007],[-72.948929,4.529853]]}},{"type":"Feature","properties":{"TIPO":"Balastrada","CODIGO":"Interna","ZONA":"1","BLOQUE":"17","COD_BP":"B.17-P.6"},"geometry":{"type":"LineString","coordinates":[[-72.948929,4.529853],[-72.948896,4.529754],[-72.948788,4.529473],[-72.948744,4.529349],[-72.948743,4.529347]]}},{"type":"Feature","properties":{"TIPO":"Balastrada","CODIGO":"Interna","ZONA":"1","BLOQUE":"17","COD_BP":"B.17-P.6"},"geometry":{"type":"LineString","coordinates":[[-72.948743,4.529347],[-72.948742,4.529345],[-72.947332,4.526867],[-72.947319,4.526811]]}},{"type":"Feature","properties":{"TIPO":"Balastrada","CODIGO":"Interna","ZONA":"1","BLOQUE":"20","COD_BP":"B.20-P.13"},"geometry":{"type":"LineString","coordinates":[[-72.947319,4.526811],[-72.947317,4.526803],[-72.947297,4.526713],[-72.947306,4.526524],[-72.947324,4.526279],[-72.947324,4.526262],[-72.947324,4.526243]]}},{"type":"Feature","properties":{"TIPO":"Balastrada","CODIGO":"Interna","ZONA":"1","BLOQUE":"17","COD_BP":"B.17-P.7"},"geometry":{"type":"LineString","coordinates":[[-72.949377,4.531301],[-72.949362,4.531301],[-72.944614,4.531293]]}},{"type":"Feature","properties":{"TIPO":"Balastrada","CODIGO":"Interna","ZONA":"1","BLOQUE":"20","COD_BP":"B.20-P.1"},"geometry":{"type":"LineString","coordinates":[[-72.944614,4.531293],[-72.943497,4.531291],[-72.943361,4.531291],[-72.941963,4.531289]]}},{"type":"Feature","properties":{"TIPO":"Balastrada","CODIGO":"Interna","ZONA":"1","BLOQUE":"17","COD_BP":"B.17-P.2"},"geometry":{"type":"LineString","coordinates":[[-72.956697,4.536432],[-72.956651,4.536456],[-72.956534,4.53652],[-72.956453,4.536574],[-72.95639,4.536673],[-72.956317,4.536818],[-72.956218,4.536962],[-72.956101,4.537107],[-72.956028,4.537233],[-72.955927,4.537365]]}},{"type":"Feature","properties":{"TIPO":"Balastrada","CODIGO":"Interna","ZONA":"5","BLOQUE":"327","COD_BP":"B.327-P.2"},"geometry":{"type":"LineString","coordinates":[[-72.935685,4.455123],[-72.935726,4.455123],[-72.944063,4.455148]]}},{"type":"Feature","properties":{"TIPO":"Balastrada","CODIGO":"Interna","ZONA":"5","BLOQUE":"327","COD_BP":"B.327-P.5"},"geometry":{"type":"LineString","coordinates":[[-72.933631,4.44256],[-72.933744,4.442566],[-72.939918,4.442578],[-72.939958,4.442581],[-72.939994,4.442595],[-72.940057,4.44261],[-72.940118,4.442604],[-72.940174,4.44259],[-72.940238,4.442579],[-72.940289,4.442569],[-72.940344,4.442565],[-72.941886,4.442579],[-72.942237,4.442779],[-72.94308,4.443269],[-72.943149,4.443305],[-72.943177,4.443297],[-72.943253,4.443234],[-72.943276,4.443223],[-72.943301,4.44321],[-72.943346,4.443199]]}},{"type":"Feature","properties":{"TIPO":"Balastrada","CODIGO":"Interna","ZONA":"4","BLOQUE":"11","COD_BP":"B.11-P.7"},"geometry":{"type":"LineString","coordinates":[[-72.982213,4.450701],[-72.982232,4.450687],[-72.982249,4.450674],[-72.982376,4.450584],[-72.982691,4.450376],[-72.98288,4.450259],[-72.983034,4.450169],[-72.983079,4.450142],[-72.983115,4.450106],[-72.98316,4.450069],[-72.983214,4.450006],[-72.983277,4.449916],[-72.983485,4.449564],[-72.983639,4.449293],[-72.983882,4.448886],[-72.983955,4.44876],[-72.983993,4.448696],[-72.98401,4.448668]]}},{"type":"Feature","properties":{"TIPO":"Balastrada","CODIGO":"Interna","ZONA":"4","BLOQUE":"11","COD_BP":"B.11-P.11"},"geometry":{"type":"LineString","coordinates":[[-72.981907,4.444796],[-72.98188,4.444796],[-72.981799,4.444796],[-72.98124,4.444814],[-72.980052,4.444856],[-72.980024,4.444857]]}},{"type":"Feature","properties":{"TIPO":"Balastrada","CODIGO":"Interna","ZONA":"4","BLOQUE":"11","COD_BP":"B.11-P.19"},"geometry":{"type":"LineString","coordinates":[[-72.971242,4.435732],[-72.971209,4.435712],[-72.971173,4.435694],[-72.971101,4.435676],[-72.971029,4.435657],[-72.970966,4.43563],[-72.970867,4.435576],[-72.970813,4.435539],[-72.970768,4.435521],[-72.970723,4.43553],[-72.97066,4.435566],[-72.970552,4.435602],[-72.970462,4.435656],[-72.970362,4.435729],[-72.970128,4.435882],[-72.970119,4.4359],[-72.970119,4.435936],[-72.970127,4.436244],[-72.970145,4.436696],[-72.969613,4.437039],[-72.969594,4.437048],[-72.969575,4.437058]]}},{"type":"Feature","properties":{"TIPO":"Balastrada","CODIGO":"Interna","ZONA":"3","BLOQUE":"13","COD_BP":"B.13-P.9"},"geometry":{"type":"LineString","coordinates":[[-72.995115,4.457679],[-72.994631,4.457599],[-72.993257,4.457347],[-72.993238,4.457343]]}},{"type":"Feature","properties":{"TIPO":"Balastrada","CODIGO":"Interna","ZONA":"2","BLOQUE":"3","COD_BP":"B.3-P.5"},"geometry":{"type":"LineString","coordinates":[[-72.974263,4.487052],[-72.975708,4.487799]]}},{"type":"Feature","properties":{"TIPO":"Balastrada","CODIGO":"Interna","ZONA":"2","BLOQUE":"3","COD_BP":"B.3-P.1"},"geometry":{"type":"LineString","coordinates":[[-72.976802,4.484111],[-72.976711,4.481972],[-72.976665,4.481017],[-72.976649,4.480565],[-72.976632,4.480153],[-72.976629,4.480039],[-72.976619,4.479922],[-72.976598,4.479848],[-72.976579,4.4798],[-72.976555,4.479757],[-72.976519,4.479713],[-72.976469,4.479646],[-72.976412,4.479589],[-72.97637,4.479529]]}},{"type":"Feature","properties":{"TIPO":"Balastrada","CODIGO":"Interna","NDESCRIPCI":"Mucuna","ZONA":"2","BLOQUE":"90","COD_BP":"B.90-P.465"},"geometry":{"type":"LineString","coordinates":[[-72.962989,4.484829],[-72.963018,4.484879],[-72.963039,4.484937],[-72.963058,4.485004],[-72.963075,4.485063],[-72.963094,4.485123],[-72.963113,4.485164],[-72.963143,4.485253],[-72.963172,4.485317],[-72.963203,4.485415],[-72.963231,4.485535],[-72.963248,4.485707],[-72.963264,4.485834],[-72.96329,4.485963],[-72.963304,4.486116],[-72.963333,4.486313],[-72.963346,4.486432],[-72.963361,4.486558],[-72.963389,4.486753],[-72.963401,4.486853],[-72.963415,4.486925],[-72.963429,4.487028],[-72.96345,4.487133],[-72.96346,4.487286],[-72.963471,4.487487],[-72.963471,4.487574],[-72.963471,4.487676],[-72.963464,4.48777],[-72.963461,4.48788],[-72.963459,4.487975],[-72.963451,4.488069],[-72.963437,4.488258],[-72.963432,4.488435],[-72.963422,4.488621],[-72.963417,4.488777],[-72.963419,4.488896],[-72.963414,4.48904],[-72.963405,4.489138],[-72.963403,4.489197],[-72.963392,4.48927],[-72.963369,4.489374],[-72.963349,4.489446],[-72.963309,4.489528],[-72.963273,4.489609],[-72.963227,4.489671]]}},{"type":"Feature","properties":{"TIPO":"Balastrada","CODIGO":"Interna","ZONA":"2","BLOQUE":"90","COD_BP":"B.90-P.466"},"geometry":{"type":"LineString","coordinates":[[-72.963227,4.489671],[-72.963137,4.489812],[-72.963027,4.489924],[-72.96291,4.490028],[-72.962595,4.490186],[-72.962165,4.490343],[-72.962105,4.490379],[-72.962044,4.490422],[-72.962011,4.49049],[-72.961979,4.490684],[-72.961467,4.494244]]}},{"type":"Feature","properties":{"TIPO":"Balastrada","CODIGO":"Interna","NDESCRIPCI":"Vía Club Social - Casa Hacienda","ZONA":"9","BLOQUE":"122","COD_BP":"B.122-P.1"},"geometry":{"type":"LineString","coordinates":[[-72.952557,4.464647],[-72.952545,4.464592],[-72.952545,4.464499],[-72.952562,4.464416]]}},{"type":"Feature","properties":{"TIPO":"Balastrada","CODIGO":"Interna","ZONA":"0","BLOQUE":"1","COD_BP":"B.1-P.135"},"geometry":{"type":"LineString","coordinates":[[-72.941067,4.418117],[-72.935387,4.421734],[-72.935344,4.421761],[-72.935325,4.421773]]}},{"type":"Feature","properties":{"TIPO":"Balastrada","CODIGO":"Interna","ZONA":"1","BLOQUE":"2","COD_BP":"B.2-P.1"},"geometry":{"type":"LineString","coordinates":[[-72.968345,4.485656],[-72.968396,4.485665],[-72.968444,4.485667],[-72.968488,4.485665]]}},{"type":"Feature","properties":{"TIPO":"Balastrada","CODIGO":"Interna","ZONA":"1","BLOQUE":"2","COD_BP":"B.2-P.1"},"geometry":{"type":"LineString","coordinates":[[-72.968488,4.485665],[-72.968544,4.485665],[-72.969581,4.485659],[-72.970454,4.485668],[-72.971392,4.485657],[-72.971543,4.485653]]}},{"type":"Feature","properties":{"TIPO":"Balastrada","CODIGO":"Interna","ZONA":"2","BLOQUE":"3","COD_BP":"B.3-P.3"},"geometry":{"type":"LineString","coordinates":[[-72.97699,4.488461],[-72.977527,4.488757],[-72.977741,4.488877],[-72.977801,4.488909],[-72.97788,4.488937],[-72.977969,4.488952],[-72.978042,4.488945],[-72.978113,4.488926],[-72.978172,4.488895],[-72.978919,4.488425],[-72.979273,4.488181]]}},{"type":"Feature","properties":{"TIPO":"Balastrada","CODIGO":"Interna","ZONA":"2","BLOQUE":"4","COD_BP":"B.4-P.3"},"geometry":{"type":"LineString","coordinates":[[-72.981648,4.487721],[-72.981531,4.487736],[-72.981205,4.487785],[-72.980885,4.48783],[-72.980564,4.48787],[-72.980379,4.487897]]}},{"type":"Feature","properties":{"TIPO":"Balastrada","CODIGO":"Interna","ZONA":"1","BLOQUE":"17","COD_BP":"B.17-P.1"},"geometry":{"type":"LineString","coordinates":[[-72.955927,4.537365],[-72.955911,4.537387],[-72.955803,4.537513],[-72.955089,4.538696]]}},{"type":"Feature","properties":{"TIPO":"Balastrada","CODIGO":"Interna","ZONA":"1","BLOQUE":"17","COD_BP":"B.17-P.4"},"geometry":{"type":"LineString","coordinates":[[-72.954305,4.533352],[-72.953872,4.533396],[-72.952214,4.533394],[-72.952142,4.533448],[-72.950169,4.533454],[-72.950043,4.533453],[-72.949998,4.533336],[-72.949926,4.53311],[-72.949846,4.532838],[-72.94972,4.532413],[-72.949636,4.532168]]}},{"type":"Feature","properties":{"TIPO":"Balastrada","CODIGO":"Interna","ZONA":"4","BLOQUE":"11","COD_BP":"B.11-P.6"},"geometry":{"type":"LineString","coordinates":[[-72.980346,4.452145],[-72.980357,4.452134],[-72.980382,4.452109],[-72.980527,4.451973],[-72.980806,4.451721],[-72.980888,4.451648],[-72.980924,4.451612],[-72.981095,4.451486],[-72.981167,4.451432],[-72.98123,4.451378],[-72.981311,4.451323],[-72.981456,4.451224],[-72.981699,4.451053],[-72.981898,4.450918],[-72.982168,4.450728],[-72.982196,4.450711],[-72.982213,4.450701]]}},{"type":"Feature","properties":{"TIPO":"Balastrada","CODIGO":"Interna","ZONA":"4","BLOQUE":"11","COD_BP":"B.11-P.4"},"geometry":{"type":"LineString","coordinates":[[-72.97838,4.453568],[-72.978363,4.45357],[-72.977903,4.453642],[-72.977515,4.453705],[-72.977164,4.453759],[-72.976849,4.453803],[-72.976679,4.453831],[-72.976661,4.453834]]}},{"type":"Feature","properties":{"TIPO":"Balastrada","CODIGO":"Interna","ZONA":"4","BLOQUE":"11","COD_BP":"B.11-P.3"},"geometry":{"type":"LineString","coordinates":[[-72.976661,4.453834],[-72.976651,4.453836],[-72.976524,4.453857],[-72.976245,4.453902],[-72.975938,4.453956],[-72.975641,4.454],[-72.975254,4.454062],[-72.974982,4.454102],[-72.97496,4.454108],[-72.974947,4.454112]]}},{"type":"Feature","properties":{"TIPO":"Balastrada","CODIGO":"Interna","ZONA":"4","BLOQUE":"11","COD_BP":"B.11-P.7"},"geometry":{"type":"LineString","coordinates":[[-72.98401,4.448668],[-72.984018,4.448651],[-72.984027,4.448633],[-72.984054,4.448597],[-72.984271,4.448272],[-72.98465,4.447685],[-72.984876,4.447314],[-72.984912,4.447251],[-72.984939,4.447179],[-72.984939,4.447134],[-72.984939,4.447079],[-72.984921,4.447007],[-72.984894,4.446935],[-72.984679,4.446338],[-72.984598,4.44613],[-72.984553,4.445976],[-72.984535,4.445912],[-72.984527,4.445849],[-72.984522,4.445829]]}},{"type":"Feature","properties":{"TIPO":"Balastrada","CODIGO":"Interna","ZONA":"4","BLOQUE":"11","COD_BP":"B.11-P.12"},"geometry":{"type":"LineString","coordinates":[[-72.980024,4.444857],[-72.979997,4.444857],[-72.979907,4.444857],[-72.979195,4.444883],[-72.978609,4.4449],[-72.978303,4.444916],[-72.978276,4.444918]]}},{"type":"Feature","properties":{"TIPO":"Balastrada","CODIGO":"Interna","ZONA":"4","BLOQUE":"11","COD_BP":"B.11-P.4"},"geometry":{"type":"LineString","coordinates":[[-72.976384,4.445002],[-72.97642,4.444996],[-72.976988,4.444979],[-72.978051,4.444953],[-72.978177,4.444936],[-72.97824,4.444918],[-72.978265,4.444918],[-72.978276,4.444918]]}},{"type":"Feature","properties":{"TIPO":"Balastrada","CODIGO":"Interna","ZONA":"4","BLOQUE":"11","COD_BP":"B.11-P.19"},"geometry":{"type":"LineString","coordinates":[[-72.97466,4.43049],[-72.974631,4.430482],[-72.974586,4.430491],[-72.974577,4.430518],[-72.974577,4.430599],[-72.974586,4.430654],[-72.974568,4.430717],[-72.97455,4.43078],[-72.974513,4.430934],[-72.974359,4.431485],[-72.974079,4.432434],[-72.973825,4.433374],[-72.97378,4.433537],[-72.973737,4.433682],[-72.973694,4.433837],[-72.973667,4.433916],[-72.97364,4.433968],[-72.97361,4.434003],[-72.973568,4.434031],[-72.973518,4.43406],[-72.973473,4.434079],[-72.973433,4.43409],[-72.973371,4.434097],[-72.9733,4.434095],[-72.97322,4.434077],[-72.973143,4.434055],[-72.973068,4.434051]]}},{"type":"Feature","properties":{"TIPO":"Balastrada","CODIGO":"Interna","NDESCRIPCI":"Bloque 231","ZONA":"5","BLOQUE":"231","COD_BP":"B.231-P.2"},"geometry":{"type":"LineString","coordinates":[[-72.899818,4.3989],[-72.893871,4.398891]]}},{"type":"Feature","properties":{"TIPO":"Balastrada","CODIGO":"Interna","NDESCRIPCI":"Bloque 231","ZONA":"5","BLOQUE":"231","COD_BP":"B.231-P.1"},"geometry":{"type":"LineString","coordinates":[[-72.89849,4.394423],[-72.893368,4.394415]]}},{"type":"Feature","properties":{"TIPO":"Balastrada","CODIGO":"Interna","NDESCRIPCI":"Bloque 330","ZONA":"6","BLOQUE":"330","COD_BP":"B.330-P.5"},"geometry":{"type":"LineString","coordinates":[[-72.901647,4.375183],[-72.901856,4.375184],[-72.906044,4.37519],[-72.906437,4.375191],[-72.906468,4.375185]]}},{"type":"Feature","properties":{"TIPO":"Balastrada","CODIGO":"Interna","NDESCRIPCI":"Bloque 330","ZONA":"6","BLOQUE":"330","COD_BP":"B.330-P.5"},"geometry":{"type":"LineString","coordinates":[[-72.901131,4.375619],[-72.900553,4.375182],[-72.900509,4.375182],[-72.899432,4.37518],[-72.899393,4.375185],[-72.899353,4.375192],[-72.899315,4.375196],[-72.89925,4.375195]]}},{"type":"Feature","properties":{"TIPO":"Balastrada","CODIGO":"Interna","NDESCRIPCI":"Bloque 330","ZONA":"6","BLOQUE":"330","COD_BP":"B.330-P.6"},"geometry":{"type":"LineString","coordinates":[[-72.9027,4.37071],[-72.905936,4.370715]]}},{"type":"Feature","properties":{"TIPO":"Proyectada","CODIGO":"Interna","NDESCRIPCI":"Bloque 330","ZONA":"6","BLOQUE":"330","COD_BP":"B.330-P.2"},"geometry":{"type":"LineString","coordinates":[[-72.896552,4.384086],[-72.896535,4.384086],[-72.896521,4.384086],[-72.896399,4.384085],[-72.894714,4.384083]]}},{"type":"Feature","properties":{"TIPO":"Balastrada","CODIGO":"Interna","NDESCRIPCI":"Bloque 330","ZONA":"6","BLOQUE":"330","COD_BP":"B.330-P.1"},"geometry":{"type":"LineString","coordinates":[[-72.901614,4.394713],[-72.903496,4.394716]]}},{"type":"Feature","properties":{"TIPO":"Balastrada","CODIGO":"Interna","ZONA":"6","BLOQUE":"330","COD_BP":"B.330-P.1"},"geometry":{"type":"LineString","coordinates":[[-72.900532,4.398902],[-72.900559,4.398902],[-72.900576,4.398902],[-72.900728,4.398902],[-72.903396,4.398906],[-72.903574,4.398906]]}},{"type":"Feature","properties":{"TIPO":"Balastrada","CODIGO":"Interna","NDESCRIPCI":"Bloque 329","ZONA":"6","BLOQUE":"329","COD_BP":"B.329-P.32"},"geometry":{"type":"LineString","coordinates":[[-72.903574,4.398906],[-72.903903,4.398898],[-72.907647,4.398904],[-72.907776,4.398864]]}},{"type":"Feature","properties":{"TIPO":"Balastrada","CODIGO":"Interna","NDESCRIPCI":"Bloque 329","ZONA":"6","BLOQUE":"329","COD_BP":"B.329-P.30"},"geometry":{"type":"LineString","coordinates":[[-72.910436,4.3988],[-72.910415,4.3988],[-72.910175,4.398804],[-72.908019,4.3988],[-72.907991,4.3988],[-72.907776,4.398864]]}},{"type":"Feature","properties":{"TIPO":"Balastrada","CODIGO":"Interna","NDESCRIPCI":"Bloque 329","ZONA":"6","BLOQUE":"329","COD_BP":"B.329-P.30"},"geometry":{"type":"LineString","coordinates":[[-72.911442,4.402558],[-72.911414,4.402577],[-72.911399,4.402586],[-72.911373,4.402603],[-72.908921,4.402599],[-72.908792,4.402599],[-72.90878,4.402599],[-72.908765,4.402599]]}},{"type":"Feature","properties":{"TIPO":"Balastrada","CODIGO":"Interna","NDESCRIPCI":"Bloque 329","ZONA":"6","BLOQUE":"329","COD_BP":"B.329-P.31"},"geometry":{"type":"LineString","coordinates":[[-72.904477,4.402623],[-72.904732,4.40262],[-72.905937,4.402598],[-72.906246,4.402604],[-72.90636,4.402598]]}},{"type":"Feature","properties":{"TIPO":"Balastrada","CODIGO":"Interna","ZONA":"1","BLOQUE":"20","COD_BP":"B.20-P.4"},"geometry":{"type":"LineString","coordinates":[[-72.942166,4.524464],[-72.942169,4.522176]]}},{"type":"Feature","properties":{"TIPO":"Balastrada","CODIGO":"Interna","ZONA":"4","BLOQUE":"332","COD_BP":"B.332-P.18"},"geometry":{"type":"LineString","coordinates":[[-72.964266,4.427755],[-72.964244,4.42779],[-72.964216,4.427829],[-72.964161,4.427896],[-72.964115,4.427968],[-72.963748,4.428587],[-72.963654,4.428738],[-72.963529,4.428918],[-72.963434,4.429044],[-72.963361,4.429181]]}},{"type":"Feature","properties":{"TIPO":"Proyectada","CODIGO":"Interna","NDESCRIPCI":"Bloque 329","ZONA":"6","BLOQUE":"329","COD_BP":"B.329-P.5"},"geometry":{"type":"LineString","coordinates":[[-72.93024,4.408341],[-72.93024,4.408327],[-72.93024,4.408315],[-72.930244,4.406309]]}},{"type":"Feature","properties":{"TIPO":"Balastrada","CODIGO":"Interna","NDESCRIPCI":"Bloque 329","ZONA":"6","BLOQUE":"329","COD_BP":"B.329-P.13"},"geometry":{"type":"LineString","coordinates":[[-72.925832,4.413928],[-72.925788,4.413886],[-72.925752,4.413862],[-72.92567,4.413861],[-72.92558,4.413934],[-72.924885,4.414509],[-72.924732,4.414658],[-72.924499,4.414856],[-72.924165,4.415122]]}},{"type":"Feature","properties":{"TIPO":"Balastrada","CODIGO":"Interna","NDESCRIPCI":"Bloque 329","ZONA":"6","BLOQUE":"329","COD_BP":"B.329-P.12"},"geometry":{"type":"LineString","coordinates":[[-72.919872,4.416101],[-72.919568,4.416021],[-72.91884,4.415879],[-72.917772,4.415738],[-72.91753,4.41571],[-72.917048,4.41564],[-72.915937,4.415533],[-72.913796,4.415287],[-72.913706,4.415277]]}},{"type":"Feature","properties":{"TIPO":"Balastrada","CODIGO":"Interna","ZONA":"5","BLOQUE":"336","COD_BP":"B.336-P.3"},"geometry":{"type":"LineString","coordinates":[[-72.90879,4.439537],[-72.913681,4.436645],[-72.913697,4.436635],[-72.913714,4.436625]]}},{"type":"Feature","properties":{"TIPO":"Balastrada","CODIGO":"Interna","ZONA":"4","BLOQUE":"332","COD_BP":"B.332-P.15"},"geometry":{"type":"LineString","coordinates":[[-72.953226,4.443961],[-72.956393,4.442105],[-72.956449,4.442065],[-72.956491,4.442028],[-72.956511,4.441994]]}},{"type":"Feature","properties":{"TIPO":"Balastrada","CODIGO":"Interna","ZONA":"6","BLOQUE":"330","COD_BP":"B.330-P.2"},"geometry":{"type":"LineString","coordinates":[[-72.909268,4.385814],[-72.909134,4.386004],[-72.90906,4.386122],[-72.908987,4.38624],[-72.908628,4.386757],[-72.908437,4.386997],[-72.908218,4.387252],[-72.90808,4.387411],[-72.907931,4.387574],[-72.90765,4.387887],[-72.907451,4.388105],[-72.90732,4.388261],[-72.907246,4.388352],[-72.90715,4.388449],[-72.906958,4.388668]]}},{"type":"Feature","properties":{"TIPO":"Balastrada","CODIGO":"Interna","NDESCRIPCI":"Bloque 334","ZONA":"6","BLOQUE":"334","COD_BP":"B.334-P.1"},"geometry":{"type":"LineString","coordinates":[[-72.893325,4.390332],[-72.899184,4.390341]]}},{"type":"Feature","properties":{"TIPO":"Balastrada","CODIGO":"Interna","NDESCRIPCI":"Bloque 330","ZONA":"6","BLOQUE":"330","COD_BP":"B.330-P.4"},"geometry":{"type":"LineString","coordinates":[[-72.908235,4.379672],[-72.911856,4.379675]]}},{"type":"Feature","properties":{"TIPO":"Balastrada","CODIGO":"Interna","ZONA":"4","BLOQUE":"337","COD_BP":"B.337-P.7"},"geometry":{"type":"LineString","coordinates":[[-72.962581,4.413094],[-72.961277,4.415338],[-72.960312,4.417011],[-72.960103,4.41738]]}},{"type":"Feature","properties":{"TIPO":"Balastrada","CODIGO":"Interna","ZONA":"5","BLOQUE":"336","COD_BP":"B.336-P.12"},"geometry":{"type":"LineString","coordinates":[[-72.920243,4.41812],[-72.920307,4.418463],[-72.920424,4.41915],[-72.920573,4.419966],[-72.920624,4.420232],[-72.920717,4.420504]]}},{"type":"Feature","properties":{"TIPO":"Balastrada","CODIGO":"Interna","ZONA":"5","BLOQUE":"336","COD_BP":"B.336-P.12"},"geometry":{"type":"LineString","coordinates":[[-72.920624,4.420232],[-72.915446,4.422501],[-72.914504,4.422924]]}},{"type":"Feature","properties":{"TIPO":"Balastrada","CODIGO":"Interna","NDESCRIPCI":"Bloque 334","ZONA":"6","BLOQUE":"334","COD_BP":"B.334-P.5"},"geometry":{"type":"LineString","coordinates":[[-72.895658,4.370674],[-72.895698,4.371192],[-72.895692,4.371416],[-72.895675,4.371718],[-72.895542,4.37293]]}},{"type":"Feature","properties":{"TIPO":"Balastrada","CODIGO":"Interna","ZONA":"1","BLOQUE":"2","COD_BP":"B.2-P.5"},"geometry":{"type":"LineString","coordinates":[[-72.973057,4.496424],[-72.971367,4.497409],[-72.971203,4.49757],[-72.970986,4.497727],[-72.970875,4.49785],[-72.970189,4.498259],[-72.969552,4.498294]]}},{"type":"Feature","properties":{"TIPO":"Balastrada","CODIGO":"Interna","ZONA":"1","BLOQUE":"20","COD_BP":"B.20-P.14"},"geometry":{"type":"LineString","coordinates":[[-72.950287,4.519935],[-72.950282,4.519953],[-72.950257,4.520027],[-72.950249,4.520136],[-72.950249,4.520249],[-72.950246,4.520419],[-72.950249,4.520461],[-72.950263,4.520492],[-72.950289,4.520511],[-72.95031,4.520541],[-72.950315,4.520569],[-72.95032,4.522071],[-72.950317,4.522105],[-72.950313,4.522133],[-72.950308,4.522155],[-72.950296,4.52217],[-72.95028,4.522183],[-72.950264,4.522188],[-72.950214,4.522188],[-72.950151,4.522188],[-72.949999,4.522188]]}},{"type":"Feature","properties":{"TIPO":"Balastrada","CODIGO":"Interna","NDESCRIPCI":"Bloque 329","ZONA":"6","BLOQUE":"329","COD_BP":"B.329-P.24"},"geometry":{"type":"LineString","coordinates":[[-72.911586,4.403105],[-72.911604,4.40312],[-72.911618,4.403132],[-72.911635,4.403161],[-72.911643,4.403186],[-72.911654,4.403227],[-72.911651,4.404263],[-72.911663,4.40431],[-72.911703,4.404335],[-72.911749,4.404348],[-72.911838,4.40435],[-72.911882,4.404338],[-72.911911,4.404327],[-72.911953,4.40431],[-72.911987,4.404316],[-72.912012,4.404334],[-72.912026,4.404362],[-72.912035,4.404389],[-72.912039,4.404414],[-72.912036,4.404433]]}},{"type":"Feature","properties":{"TIPO":"Balastrada","CODIGO":"Interna","NDESCRIPCI":"Bloque 329","ZONA":"6","BLOQUE":"329","COD_BP":"B.329-P.23"},"geometry":{"type":"LineString","coordinates":[[-72.911206,4.412408],[-72.91137,4.412408],[-72.912909,4.412411],[-72.91299,4.412416],[-72.913045,4.412438],[-72.913093,4.412461],[-72.913133,4.412453],[-72.913199,4.412409],[-72.913664,4.41214]]}},{"type":"Feature","properties":{"TIPO":"Balastrada","CODIGO":"Interna","NDESCRIPCI":"Bloque 329","ZONA":"6","BLOQUE":"329","COD_BP":"B.329-P.23"},"geometry":{"type":"LineString","coordinates":[[-72.913224,4.408795],[-72.911114,4.408791],[-72.910859,4.408791]]}},{"type":"Feature","properties":{"TIPO":"Proyectada","CODIGO":"Interna","NDESCRIPCI":"Bloque 329","ZONA":"6","BLOQUE":"329","COD_BP":"B.329-P.27"},"geometry":{"type":"LineString","coordinates":[[-72.9128,4.387737],[-72.912784,4.387737],[-72.912766,4.387737],[-72.912744,4.387737],[-72.912537,4.387737],[-72.910353,4.387733],[-72.909514,4.387732]]}},{"type":"Feature","properties":{"TIPO":"Balastrada","CODIGO":"Interna","ZONA":"5","BLOQUE":"327","COD_BP":"B.327-P.1"},"geometry":{"type":"LineString","coordinates":[[-72.944069,4.457005],[-72.944066,4.457063],[-72.944049,4.458137],[-72.944044,4.458483],[-72.944029,4.458527],[-72.944014,4.45855],[-72.944007,4.458568],[-72.943995,4.458612],[-72.943995,4.458653]]}},{"type":"Feature","properties":{"TIPO":"Balastrada","CODIGO":"Interna","ZONA":"5","BLOQUE":"327","COD_BP":"B.327-P.6"},"geometry":{"type":"LineString","coordinates":[[-72.931766,4.440458],[-72.931465,4.440384],[-72.931286,4.440334],[-72.93113,4.440296],[-72.930974,4.440249],[-72.930905,4.440238],[-72.930837,4.440232],[-72.93078,4.440244],[-72.930723,4.440225],[-72.930666,4.440194],[-72.9306,4.44017],[-72.930502,4.440155],[-72.930336,4.440148],[-72.930224,4.440155],[-72.930137,4.440145],[-72.929934,4.440074],[-72.929736,4.440079],[-72.929404,4.440072],[-72.929179,4.43996],[-72.929131,4.439932],[-72.92912,4.439862],[-72.929136,4.439788],[-72.929584,4.439006],[-72.929669,4.438778],[-72.929928,4.438328]]}},{"type":"Feature","properties":{"TIPO":"Balastrada","CODIGO":"Interna","ZONA":"5","BLOQUE":"327","COD_BP":"B.327-P.4"},"geometry":{"type":"LineString","coordinates":[[-72.934349,4.446748],[-72.934267,4.446708],[-72.934229,4.44668],[-72.934186,4.446559],[-72.934137,4.446442],[-72.934083,4.446324],[-72.934021,4.446128],[-72.933989,4.445772],[-72.933945,4.44564],[-72.933853,4.445151],[-72.933794,4.444793]]}},{"type":"Feature","properties":{"TIPO":"Balastrada","CODIGO":"Interna","ZONA":"5","BLOQUE":"327","COD_BP":"B.327-P.3"},"geometry":{"type":"LineString","coordinates":[[-72.937925,4.45096],[-72.937927,4.448442],[-72.93793,4.448383],[-72.937942,4.448335],[-72.937958,4.448298],[-72.937973,4.448269]]}},{"type":"Feature","properties":{"TIPO":"Balastrada","CODIGO":"Interna","ZONA":"5","BLOQUE":"327","COD_BP":"B.327-P.4"},"geometry":{"type":"LineString","coordinates":[[-72.937973,4.448269],[-72.937991,4.448245],[-72.938015,4.448166],[-72.93802,4.448098],[-72.938021,4.446761]]}},{"type":"Feature","properties":{"TIPO":"Balastrada","CODIGO":"Interna","ZONA":"5","BLOQUE":"327","COD_BP":"B.327-P.2"},"geometry":{"type":"LineString","coordinates":[[-72.935665,4.455123],[-72.935666,4.453316],[-72.935664,4.453243]]}},{"type":"Feature","properties":{"TIPO":"Balastrada","CODIGO":"Interna","ZONA":"5","BLOQUE":"336","COD_BP":"B.336-P.2"},"geometry":{"type":"LineString","coordinates":[[-72.912864,4.441287],[-72.912879,4.441278],[-72.912891,4.441271],[-72.915714,4.439602],[-72.915745,4.439584],[-72.91578,4.439563]]}},{"type":"Feature","properties":{"TIPO":"Balastrada","CODIGO":"Interna","ZONA":"5","BLOQUE":"336","COD_BP":"B.336-P.17"},"geometry":{"type":"LineString","coordinates":[[-72.919904,4.441366],[-72.919903,4.44135],[-72.919903,4.441336],[-72.919877,4.438777],[-72.920274,4.438528],[-72.920282,4.438523],[-72.920289,4.438518]]}},{"type":"Feature","properties":{"TIPO":"Balastrada","CODIGO":"Interna","ZONA":"5","BLOQUE":"336","COD_BP":"B.336-P.2"},"geometry":{"type":"LineString","coordinates":[[-72.913682,4.443005],[-72.912476,4.443718],[-72.912444,4.443738],[-72.912415,4.443754]]}},{"type":"Feature","properties":{"TIPO":"Balastrada","CODIGO":"Interna","ZONA":"5","BLOQUE":"336","COD_BP":"B.336-P.4"},"geometry":{"type":"LineString","coordinates":[[-72.90637,4.436725],[-72.908156,4.435669],[-72.911312,4.433803],[-72.911326,4.433795],[-72.91134,4.433787]]}},{"type":"Feature","properties":{"TIPO":"Balastrada","CODIGO":"Interna","ZONA":"4","BLOQUE":"16","COD_BP":"B.16-P.2"},"geometry":{"type":"LineString","coordinates":[[-72.965127,4.426792],[-72.965053,4.426884],[-72.964951,4.427022],[-72.964871,4.427132],[-72.964748,4.427308],[-72.964641,4.427464],[-72.964509,4.427643],[-72.964393,4.427795]]}},{"type":"Feature","properties":{"TIPO":"Balastrada","CODIGO":"Interna","ZONA":"4","BLOQUE":"16","COD_BP":"B.16-P.2"},"geometry":{"type":"LineString","coordinates":[[-72.964393,4.427795],[-72.96444,4.427858],[-72.964482,4.427912],[-72.964559,4.427981],[-72.964658,4.428059],[-72.964756,4.428131]]}},{"type":"Feature","properties":{"TIPO":"Balastrada","CODIGO":"Interna","ZONA":"5","BLOQUE":"336","COD_BP":"B.336-P.9"},"geometry":{"type":"LineString","coordinates":[[-72.909372,4.422472],[-72.909372,4.422439],[-72.909372,4.422392],[-72.909353,4.420274],[-72.909353,4.420233]]}},{"type":"Feature","properties":{"TIPO":"Balastrada","CODIGO":"Interna","ZONA":"5","BLOQUE":"336","COD_BP":"B.336-P.9"},"geometry":{"type":"LineString","coordinates":[[-72.908441,4.418863],[-72.908464,4.418896],[-72.908479,4.418918],[-72.908964,4.419619],[-72.909353,4.420233]]}},{"type":"Feature","properties":{"TIPO":"Balastrada","CODIGO":"Interna","ZONA":"5","BLOQUE":"336","COD_BP":"B.336-P.10"},"geometry":{"type":"LineString","coordinates":[[-72.907942,4.418989],[-72.907929,4.417511],[-72.908111,4.417156],[-72.908301,4.41684],[-72.908314,4.416818]]}},{"type":"Feature","properties":{"TIPO":"Balastrada","CODIGO":"Interna","ZONA":"5","BLOQUE":"336","COD_BP":"B.336-P.10"},"geometry":{"type":"LineString","coordinates":[[-72.913516,4.415863],[-72.913512,4.415442],[-72.913512,4.415421],[-72.913512,4.415394]]}},{"type":"Feature","properties":{"TIPO":"Balastrada","CODIGO":"Interna","ZONA":"5","BLOQUE":"336","COD_BP":"B.336-P.10"},"geometry":{"type":"LineString","coordinates":[[-72.913516,4.415863],[-72.913535,4.415881],[-72.913817,4.416154],[-72.914029,4.41635],[-72.914472,4.416703]]}},{"type":"Feature","properties":{"TIPO":"Balastrada","CODIGO":"Interna","ZONA":"1","BLOQUE":"324","COD_BP":"B.324-P.8"},"geometry":{"type":"LineString","coordinates":[[-72.959465,4.523397],[-72.959501,4.523429],[-72.95953,4.523491],[-72.959541,4.523544],[-72.959582,4.524123],[-72.959595,4.524175],[-72.959621,4.524239],[-72.959648,4.524292],[-72.959672,4.524339],[-72.959711,4.524374],[-72.959769,4.524421],[-72.959835,4.524487],[-72.959852,4.524514],[-72.959863,4.524549],[-72.959876,4.524698],[-72.959887,4.524895],[-72.959886,4.525435],[-72.959874,4.526182]]}},{"type":"Feature","properties":{"TIPO":"Balastrada","CODIGO":"Interna","ZONA":"5","BLOQUE":"327","COD_BP":"B.327-P.1"},"geometry":{"type":"LineString","coordinates":[[-72.943995,4.458653],[-72.933075,4.458636],[-72.933026,4.458636],[-72.932975,4.458637],[-72.932937,4.458651],[-72.932834,4.458727]]}},{"type":"Feature","properties":{"TIPO":"Balastrada","CODIGO":"Interna","ZONA":"5","BLOQUE":"327","COD_BP":"B.327-P.4"},"geometry":{"type":"LineString","coordinates":[[-72.938013,4.446761],[-72.934491,4.44676],[-72.934349,4.446748]]}},{"type":"Feature","properties":{"TIPO":"Balastrada","CODIGO":"Interna","ZONA":"6","BLOQUE":"329","COD_BP":"B.329-P.20"},"geometry":{"type":"LineString","coordinates":[[-72.918827,4.390774],[-72.918816,4.390738],[-72.918818,4.389612],[-72.918813,4.389588],[-72.918791,4.389582],[-72.916465,4.389578],[-72.916454,4.389588]]}},{"type":"Feature","properties":{"TIPO":"Balastrada","CODIGO":"Interna","ZONA":"5","BLOQUE":"336","COD_BP":"B.336-P.15"},"geometry":{"type":"LineString","coordinates":[[-72.913714,4.436625],[-72.913728,4.436617],[-72.913741,4.43661],[-72.9153,4.435688],[-72.915502,4.435568],[-72.915852,4.435408]]}},{"type":"Feature","properties":{"TIPO":"Balastrada","CODIGO":"Interna","NDESCRIPCI":"San Antonio","ZONA":"9","BLOQUE":"119","COD_BP":"B.119-P.1"},"geometry":{"type":"LineString","coordinates":[[-72.960361,4.397335],[-72.960482,4.397518],[-72.960663,4.397796],[-72.960843,4.39809],[-72.961187,4.398611],[-72.961484,4.399101],[-72.961671,4.399379],[-72.961766,4.399531],[-72.961826,4.399601],[-72.961905,4.399654],[-72.962069,4.399696],[-72.962524,4.399819],[-72.963062,4.39998],[-72.96365,4.400154],[-72.963972,4.400249],[-72.964247,4.400321],[-72.964532,4.400397],[-72.964845,4.400486],[-72.965123,4.400593],[-72.965353,4.400698],[-72.965587,4.400815],[-72.965828,4.400925],[-72.966134,4.40109],[-72.966318,4.401172],[-72.966823,4.401415],[-72.967433,4.401693],[-72.967918,4.40192],[-72.968473,4.402183],[-72.969003,4.402414],[-72.969431,4.402638],[-72.969811,4.402805],[-72.970056,4.402965],[-72.970674,4.403427],[-72.971284,4.403866],[-72.972099,4.404448],[-72.97274,4.404934],[-72.973437,4.405428],[-72.973817,4.405685],[-72.974287,4.406032],[-72.974398,4.406136],[-72.97444,4.406205],[-72.974544,4.40663],[-72.974762,4.407372],[-72.975001,4.40817],[-72.975079,4.408463],[-72.975132,4.408647],[-72.975154,4.408763],[-72.975177,4.408845],[-72.975191,4.408905],[-72.975191,4.408953],[-72.975195,4.408989]]}},{"type":"Feature","properties":{"TIPO":"Balastrada","CODIGO":"Interna","NDESCRIPCI":"Bloque 325","ZONA":"1","BLOQUE":"325","COD_BP":"B.325-P.1"},"geometry":{"type":"LineString","coordinates":[[-72.952545,4.507337],[-72.952783,4.507338]]}},{"type":"Feature","properties":{"TIPO":"Balastrada","CODIGO":"Interna","ZONA":"4","BLOQUE":"332","COD_BP":"B.332-P.18"},"geometry":{"type":"LineString","coordinates":[[-72.964115,4.427968],[-72.964076,4.427886],[-72.964034,4.42783],[-72.963986,4.427779],[-72.963877,4.427715],[-72.963576,4.42757],[-72.963306,4.427416],[-72.963183,4.427337],[-72.962934,4.427183],[-72.962336,4.426816],[-72.961887,4.426551],[-72.961745,4.426508]]}},{"type":"Feature","properties":{"TIPO":"Balastrada","CODIGO":"Interna","NDESCRIPCI":"Bloque 337","ZONA":"4","BLOQUE":"337","COD_BP":"B.337-P.1"},"geometry":{"type":"LineString","coordinates":[[-72.934352,4.407139],[-72.934355,4.402678]]}},{"type":"Feature","properties":{"TIPO":"Balastrada","CODIGO":"Interna","ZONA":"5","BLOQUE":"336","COD_BP":"B.336-P.11"},"geometry":{"type":"LineString","coordinates":[[-72.919699,4.416369],[-72.919644,4.4164],[-72.916269,4.418395],[-72.914791,4.420657],[-72.914768,4.420693],[-72.914686,4.420786],[-72.914632,4.420861],[-72.914611,4.42094],[-72.914565,4.421481],[-72.914565,4.421483]]}},{"type":"Feature","properties":{"TIPO":"Balastrada","CODIGO":"Interna","ZONA":"1","BLOQUE":"15","COD_BP":"B.15-P.7"},"geometry":{"type":"LineString","coordinates":[[-72.962643,4.519043],[-72.962838,4.518929],[-72.962932,4.518932],[-72.962939,4.518931],[-72.962945,4.518933],[-72.962951,4.518936],[-72.963335,4.519221]]}},{"type":"Feature","properties":{"TIPO":"Balastrada","CODIGO":"Interna","NDESCRIPCI":"Bloque 329","ZONA":"6","BLOQUE":"329","COD_BP":"B.329-P.28"},"geometry":{"type":"LineString","coordinates":[[-72.908215,4.406889],[-72.902767,4.406881]]}},{"type":"Feature","properties":{"TIPO":"Balastrada","CODIGO":"Interna","NDESCRIPCI":"Bloque 329","ZONA":"6","BLOQUE":"329","COD_BP":"B.329-P.26"},"geometry":{"type":"LineString","coordinates":[[-72.910273,4.408792],[-72.910358,4.408792],[-72.910805,4.408793],[-72.910857,4.408793]]}},{"type":"Feature","properties":{"TIPO":"Balastrada","CODIGO":"Interna","NDESCRIPCI":"Bloque 329","ZONA":"6","BLOQUE":"329","COD_BP":"B.329-P.26"},"geometry":{"type":"LineString","coordinates":[[-72.90886,4.408789],[-72.91026,4.408792],[-72.910273,4.408792]]}},{"type":"Feature","properties":{"TIPO":"Balastrada","CODIGO":"Interna","NDESCRIPCI":"Bloque 329","ZONA":"6","BLOQUE":"329","COD_BP":"B.329-P.26"},"geometry":{"type":"LineString","coordinates":[[-72.908752,4.412406],[-72.910138,4.412408],[-72.91024,4.412408]]}},{"type":"Feature","properties":{"TIPO":"Balastrada","CODIGO":"Interna","NDESCRIPCI":"Bloque 329","ZONA":"6","BLOQUE":"329","COD_BP":"B.329-P.26"},"geometry":{"type":"LineString","coordinates":[[-72.911205,4.41241],[-72.911161,4.41241],[-72.910343,4.412408],[-72.91024,4.412408]]}},{"type":"Feature","properties":{"TIPO":"Balastrada","CODIGO":"Interna","NDESCRIPCI":"Bloque 329","ZONA":"6","BLOQUE":"329","COD_BP":"B.329-P.27"},"geometry":{"type":"LineString","coordinates":[[-72.913872,4.385724],[-72.913716,4.385778],[-72.913612,4.385814],[-72.913543,4.385848],[-72.913511,4.385866],[-72.913472,4.385875],[-72.910277,4.385873],[-72.909973,4.385816]]}},{"type":"Feature","properties":{"TIPO":"Balastrada","CODIGO":"Interna","ZONA":"3","BLOQUE":"323","COD_BP":"B.323-P.2"},"geometry":{"type":"LineString","coordinates":[[-72.983402,4.467383],[-72.984598,4.466725]]}},{"type":"Feature","properties":{"TIPO":"Balastrada","CODIGO":"Interna","ZONA":"5","BLOQUE":"336","COD_BP":"B.336-P.7"},"geometry":{"type":"LineString","coordinates":[[-72.904734,4.425214],[-72.904668,4.425254],[-72.902789,4.426364]]}},{"type":"Feature","properties":{"TIPO":"Balastrada","CODIGO":"Interna","NDESCRIPCI":"Bloque 336","ZONA":"5","BLOQUE":"336","COD_BP":"B.336-P.8"},"geometry":{"type":"LineString","coordinates":[[-72.906416,4.42422],[-72.904734,4.425214]]}},{"type":"Feature","properties":{"TIPO":"Balastrada","CODIGO":"Interna","ZONA":"3","BLOQUE":"21","COD_BP":"B.21-P.6"},"geometry":{"type":"LineString","coordinates":[[-72.974696,4.457988],[-72.974693,4.460201]]}},{"type":"Feature","properties":{"TIPO":"Balastrada","CODIGO":"Interna","NDESCRIPCI":"Vía interna corozo 1","ZONA":"2","BLOQUE":"90","COD_BP":"B.90-P.592"},"geometry":{"type":"LineString","coordinates":[[-72.960322,4.477075],[-72.960447,4.476998],[-72.960933,4.476821],[-72.961054,4.476743]]}},{"type":"Feature","properties":{"TIPO":"Proyectada","CODIGO":"Interna","ZONA":"6","BLOQUE":"329","COD_BP":"B.329-P.32"},"geometry":{"type":"LineString","coordinates":[[-72.903746,4.394734],[-72.903776,4.394734],[-72.903808,4.394734],[-72.904469,4.394735]]}},{"type":"Feature","properties":{"TIPO":"Balastrada","CODIGO":"Interna","ZONA":"5","BLOQUE":"336","COD_BP":"B.336-P.20"},"geometry":{"type":"LineString","coordinates":[[-72.911298,4.433737],[-72.9114,4.433677],[-72.916978,4.430374]]}},{"type":"Feature","properties":{"TIPO":"Balastrada","CODIGO":"Interna","NDESCRIPCI":"Bloque 329","ZONA":"6","BLOQUE":"329","COD_BP":"B.329-P.26"},"geometry":{"type":"LineString","coordinates":[[-72.908752,4.412406],[-72.908569,4.411749],[-72.908537,4.411599],[-72.908515,4.411495],[-72.90851,4.411404],[-72.908521,4.411354],[-72.90881,4.410827],[-72.908843,4.410764],[-72.908868,4.410676],[-72.909044,4.409843],[-72.909057,4.409766],[-72.909066,4.409667],[-72.90906,4.409564],[-72.909044,4.40947],[-72.90901,4.409391],[-72.908973,4.409341],[-72.908933,4.409306],[-72.908895,4.409278],[-72.908803,4.409252]]}},{"type":"Feature","properties":{"TIPO":"Balastrada","CODIGO":"Interna","NDESCRIPCI":"Bloque 329","ZONA":"6","BLOQUE":"329","COD_BP":"B.329-P.26"},"geometry":{"type":"LineString","coordinates":[[-72.908758,4.412406],[-72.909129,4.413857],[-72.909284,4.414468],[-72.909336,4.414616],[-72.909344,4.414634],[-72.909358,4.414669],[-72.909382,4.414719]]}},{"type":"Feature","properties":{"TIPO":"Balastrada","CODIGO":"Interna","ZONA":"5","BLOQUE":"336","COD_BP":"B.336-P.9"},"geometry":{"type":"LineString","coordinates":[[-72.914527,4.419424],[-72.914506,4.416988],[-72.914469,4.41693],[-72.914472,4.416703]]}},{"type":"Feature","properties":{"TIPO":"Balastrada","CODIGO":"Interna","ZONA":"5","BLOQUE":"336","COD_BP":"B.336-P.9"},"geometry":{"type":"LineString","coordinates":[[-72.914527,4.419424],[-72.914538,4.420688],[-72.914768,4.420693]]}},{"type":"Feature","properties":{"TIPO":"Proyectada","CODIGO":"Interna","ZONA":"5","BLOQUE":"336","COD_BP":"B.336-P.10"},"geometry":{"type":"LineString","coordinates":[[-72.909278,4.416248],[-72.91088,4.415301]]}},{"type":"Feature","properties":{"TIPO":"Balastrada","CODIGO":"Interna","ZONA":"5","BLOQUE":"336","COD_BP":"B.336-P.14"},"geometry":{"type":"LineString","coordinates":[[-72.907781,4.429651],[-72.907782,4.429652],[-72.908952,4.431023],[-72.908961,4.431035]]}},{"type":"Feature","properties":{"TIPO":"Balastrada","CODIGO":"Interna","ZONA":"2","BLOQUE":"6","COD_BP":"B.6-P.6"},"geometry":{"type":"LineString","coordinates":[[-72.991099,4.50402],[-72.991001,4.504011],[-72.989516,4.503597],[-72.989176,4.503511]]}},{"type":"Feature","properties":{"TIPO":"Balastrada","CODIGO":"Interna","NDESCRIPCI":"Bloque 334","ZONA":"6","BLOQUE":"334","COD_BP":"B.334-P.2"},"geometry":{"type":"LineString","coordinates":[[-72.895947,4.385761],[-72.896172,4.386019],[-72.897304,4.387317],[-72.897896,4.387993],[-72.898372,4.388512],[-72.898541,4.388688]]}},{"type":"Feature","properties":{"TIPO":"Balastrada","CODIGO":"Interna","ZONA":"5","BLOQUE":"336","COD_BP":"B.336-P.18"},"geometry":{"type":"LineString","coordinates":[[-72.922129,4.44005],[-72.922173,4.440024],[-72.922185,4.440017],[-72.9222,4.440008]]}},{"type":"Feature","properties":{"TIPO":"Balastrada","CODIGO":"Interna","ZONA":"5","BLOQUE":"336","COD_BP":"B.336-P.18"},"geometry":{"type":"LineString","coordinates":[[-72.922296,4.442018],[-72.921632,4.442437],[-72.92045,4.443185]]}},{"type":"Feature","properties":{"TIPO":"Balastrada","CODIGO":"Interna","ZONA":"4","BLOQUE":"332","COD_BP":"B.332-P.5"},"geometry":{"type":"LineString","coordinates":[[-72.964266,4.427755],[-72.964336,4.427669],[-72.966532,4.424571],[-72.969265,4.420674],[-72.970958,4.418255],[-72.971007,4.418178],[-72.971017,4.41813],[-72.971021,4.418094],[-72.971005,4.418049],[-72.970903,4.417988],[-72.96991,4.417416],[-72.968922,4.416828]]}},{"type":"Feature","properties":{"TIPO":"Balastrada","CODIGO":"Interna","NDESCRIPCI":"Bloque 334","ZONA":"6","BLOQUE":"334","COD_BP":"B.334-P.7"},"geometry":{"type":"LineString","coordinates":[[-72.89503,4.362327],[-72.894786,4.362408],[-72.893433,4.363083],[-72.891913,4.363886],[-72.891538,4.364115],[-72.891521,4.364157],[-72.891533,4.364246],[-72.89153,4.366125],[-72.891529,4.366161],[-72.891548,4.366201],[-72.891598,4.366231],[-72.891641,4.366237],[-72.893049,4.366239]]}},{"type":"Feature","properties":{"TIPO":"Balastrada","CODIGO":"Interna","ZONA":"6","BLOQUE":"330","COD_BP":"B.330-P.6"},"geometry":{"type":"LineString","coordinates":[[-72.905872,4.365936],[-72.905874,4.366244],[-72.905868,4.366261],[-72.905836,4.366281],[-72.903642,4.367548]]}},{"type":"Feature","properties":{"TIPO":"Balastrada","CODIGO":"Interna","NDESCRIPCI":"Bloque 339","ZONA":"7","BLOQUE":"339","COD_BP":"B.339-P.10"},"geometry":{"type":"LineString","coordinates":[[-73.042239,4.401088],[-73.046518,4.393654],[-73.046581,4.393546]]}},{"type":"Feature","properties":{"TIPO":"Balastrada","CODIGO":"Interna","NDESCRIPCI":"Bloque 337","ZONA":"4","BLOQUE":"337","COD_BP":"B.337-P.3"},"geometry":{"type":"LineString","coordinates":[[-72.940259,4.405107],[-72.944314,4.402753],[-72.944335,4.402707],[-72.944347,4.402506],[-72.944345,4.40211],[-72.944366,4.402037],[-72.944424,4.401919],[-72.94447,4.401852],[-72.944564,4.40178],[-72.94465,4.401668],[-72.944742,4.401558],[-72.944838,4.401463],[-72.944954,4.40135],[-72.945023,4.401273],[-72.945026,4.401231],[-72.945036,4.40111],[-72.945034,4.4005],[-72.945033,4.399472]]}},{"type":"Feature","properties":{"TIPO":"Balastrada","CODIGO":"Interna","NDESCRIPCI":"Bloque 31","ZONA":"7","BLOQUE":"31","COD_BP":"B.31-P.16"},"geometry":{"type":"LineString","coordinates":[[-73.09832,4.42178],[-73.098198,4.422091],[-73.097777,4.422979],[-73.09773,4.423078],[-73.097252,4.424079],[-73.09701,4.424573],[-73.096792,4.424979],[-73.096745,4.42504],[-73.096691,4.425095]]}},{"type":"Feature","properties":{"TIPO":"Balastrada","CODIGO":"Interna","NDESCRIPCI":"Bloque 329","ZONA":"6","BLOQUE":"329","COD_BP":"B.329-P.23"},"geometry":{"type":"LineString","coordinates":[[-72.912,4.405041],[-72.912732,4.405042],[-72.912733,4.405042]]}},{"type":"Feature","properties":{"TIPO":"Balastrada","CODIGO":"Interna","NDESCRIPCI":"Bloque 329","ZONA":"6","BLOQUE":"329","COD_BP":"B.329-P.16"},"geometry":{"type":"LineString","coordinates":[[-72.912733,4.405042],[-72.912811,4.405042],[-72.918907,4.405051],[-72.918944,4.405051]]}},{"type":"Feature","properties":{"TIPO":"Balastrada","CODIGO":"Interna","ZONA":"5","BLOQUE":"335","COD_BP":"B.335-P.3"},"geometry":{"type":"LineString","coordinates":[[-72.932911,4.432635],[-72.939872,4.432576],[-72.940085,4.432566]]}},{"type":"Feature","properties":{"TIPO":"Balastrada","CODIGO":"Interna","NDESCRIPCI":"Bloque 334","ZONA":"6","BLOQUE":"334","COD_BP":"B.334-P.14"},"geometry":{"type":"LineString","coordinates":[[-72.903509,4.359564],[-72.905867,4.359567],[-72.908559,4.359572],[-72.908818,4.359562],[-72.908895,4.359554],[-72.908934,4.359539],[-72.908956,4.359515],[-72.908959,4.359488],[-72.908946,4.359462],[-72.908901,4.359433],[-72.908787,4.359346],[-72.90875,4.359171],[-72.908762,4.359013],[-72.908775,4.358989],[-72.908895,4.35892],[-72.908929,4.358915],[-72.909072,4.359001],[-72.909111,4.359019],[-72.909126,4.359088],[-72.909148,4.359115],[-72.909422,4.359283],[-72.909452,4.359298],[-72.909469,4.35936],[-72.909511,4.359379],[-72.90954,4.359377],[-72.909604,4.359345],[-72.909643,4.35934],[-72.909724,4.359372],[-72.909773,4.359402],[-72.909788,4.359439],[-72.909805,4.359491],[-72.909844,4.359503],[-72.909896,4.359511],[-72.909928,4.359543],[-72.90997,4.359574],[-72.911017,4.359575],[-72.911042,4.359579],[-72.911065,4.35959],[-72.911197,4.359667],[-72.911208,4.359679],[-72.911221,4.359687],[-72.91124,4.359687]]}},{"type":"Feature","properties":{"TIPO":"Balastrada","CODIGO":"Interna","ZONA":"3","BLOQUE":"323","COD_BP":"B.323-P.3"},"geometry":{"type":"LineString","coordinates":[[-72.983402,4.467383],[-72.981907,4.468244],[-72.981849,4.468293],[-72.981809,4.468358]]}},{"type":"Feature","properties":{"TIPO":"Balastrada","CODIGO":"Interna","ZONA":"3","BLOQUE":"323","COD_BP":"B.323-P.4"},"geometry":{"type":"LineString","coordinates":[[-72.981809,4.468358],[-72.981742,4.468402],[-72.979897,4.469442],[-72.979866,4.469444]]}},{"type":"Feature","properties":{"TIPO":"Balastrada","CODIGO":"Interna","ZONA":"3","BLOQUE":"323","COD_BP":"B.323-P.5"},"geometry":{"type":"LineString","coordinates":[[-72.979866,4.469444],[-72.979835,4.469447],[-72.978004,4.470502],[-72.977962,4.470507],[-72.977921,4.4705]]}},{"type":"Feature","properties":{"TIPO":"Balastrada","CODIGO":"Interna","ZONA":"3","BLOQUE":"323","COD_BP":"B.323-P.7"},"geometry":{"type":"LineString","coordinates":[[-72.974561,4.472408],[-72.974769,4.472263],[-72.974951,4.472158],[-72.975509,4.47183],[-72.975872,4.471628],[-72.975935,4.471596]]}},{"type":"Feature","properties":{"TIPO":"Balastrada","CODIGO":"Interna","ZONA":"3","BLOQUE":"323","COD_BP":"B.323-P.6"},"geometry":{"type":"LineString","coordinates":[[-72.975935,4.471596],[-72.976014,4.471554],[-72.977844,4.4705],[-72.97788,4.470496],[-72.977921,4.4705]]}},{"type":"Feature","properties":{"TIPO":"Balastrada","CODIGO":"Interna","ZONA":"3","BLOQUE":"323","COD_BP":"B.323-P.9"},"geometry":{"type":"LineString","coordinates":[[-72.979161,4.475257],[-72.981302,4.474019],[-72.981303,4.474017]]}},{"type":"Feature","properties":{"TIPO":"Balastrada","CODIGO":"Interna","ZONA":"3","BLOQUE":"323","COD_BP":"B.323-P.10"},"geometry":{"type":"LineString","coordinates":[[-72.981303,4.474017],[-72.981388,4.473958],[-72.981492,4.473932],[-72.981551,4.473896],[-72.981605,4.473857],[-72.98168,4.473807],[-72.982327,4.473183],[-72.982998,4.472605],[-72.983082,4.472523],[-72.983198,4.472415],[-72.983386,4.472269],[-72.983455,4.472212],[-72.983512,4.472165],[-72.983578,4.472117]]}},{"type":"Feature","properties":{"TIPO":"Balastrada","CODIGO":"Interna","ZONA":"3","BLOQUE":"21","COD_BP":"B.21-P.9"},"geometry":{"type":"LineString","coordinates":[[-72.978688,4.459215],[-72.97869,4.457994]]}},{"type":"Feature","properties":{"TIPO":"Balastrada","CODIGO":"Interna","ZONA":"3","BLOQUE":"21","COD_BP":"B.21-P.10"},"geometry":{"type":"LineString","coordinates":[[-72.97869,4.457994],[-72.978693,4.455636]]}},{"type":"Feature","properties":{"TIPO":"Proyectada","CODIGO":"Interna","NDESCRIPCI":"Bloque 329","ZONA":"6","BLOQUE":"329","COD_BP":"B.329-P.32"},"geometry":{"type":"LineString","coordinates":[[-72.905817,4.398901],[-72.905817,4.398399],[-72.905819,4.39481],[-72.905625,4.39462],[-72.905397,4.394384],[-72.905152,4.394096],[-72.905142,4.393929],[-72.905191,4.393536],[-72.905204,4.393291],[-72.905111,4.393244],[-72.90498,4.393347],[-72.904717,4.393619],[-72.903929,4.394558],[-72.903432,4.395036],[-72.902851,4.395552],[-72.902321,4.396],[-72.902032,4.396277],[-72.901976,4.396416],[-72.901944,4.396654],[-72.901979,4.396772],[-72.902147,4.396998]]}},{"type":"Feature","properties":{"TIPO":"Proyectada","CODIGO":"Interna","NDESCRIPCI":"Bloque 329","ZONA":"6","BLOQUE":"329","COD_BP":"B.329-P.32"},"geometry":{"type":"LineString","coordinates":[[-72.903651,4.398897],[-72.903417,4.398607],[-72.903184,4.39823],[-72.902922,4.397929],[-72.902605,4.397572],[-72.90225,4.39712]]}},{"type":"Feature","properties":{"TIPO":"Balastrada","CODIGO":"Interna","NDESCRIPCI":"Bloque 329","ZONA":"6","BLOQUE":"329","COD_BP":"B.329-P.27"},"geometry":{"type":"LineString","coordinates":[[-72.911347,4.391433],[-72.911305,4.391433],[-72.911265,4.391433],[-72.911213,4.391433],[-72.907047,4.391426]]}},{"type":"Feature","properties":{"TIPO":"Proyectada","CODIGO":"Interna","NDESCRIPCI":"Bloque 329","ZONA":"6","BLOQUE":"329","COD_BP":"B.329-P.33"},"geometry":{"type":"LineString","coordinates":[[-72.913564,4.408795],[-72.913598,4.408795],[-72.914087,4.408796],[-72.915353,4.409537]]}},{"type":"Feature","properties":{"TIPO":"Proyectada","CODIGO":"Interna","NDESCRIPCI":"Bloque 329","ZONA":"6","BLOQUE":"329","COD_BP":"B.329-P.33"},"geometry":{"type":"LineString","coordinates":[[-72.914087,4.408796],[-72.914078,4.408776],[-72.914021,4.408649],[-72.913932,4.408548],[-72.913825,4.408506],[-72.913629,4.408502],[-72.913445,4.408514],[-72.913365,4.408547],[-72.913291,4.408529],[-72.913128,4.408436]]}},{"type":"Feature","properties":{"TIPO":"Proyectada","CODIGO":"Interna","NDESCRIPCI":"Bloque 330","ZONA":"6","BLOQUE":"330","COD_BP":"B.330-P.2"},"geometry":{"type":"LineString","coordinates":[[-72.906773,4.388692],[-72.906783,4.388718],[-72.906775,4.388747],[-72.906602,4.388926],[-72.906528,4.388985],[-72.906254,4.38922],[-72.906107,4.389377],[-72.905836,4.389694],[-72.905612,4.389959],[-72.905118,4.390526],[-72.90441,4.391343],[-72.90394,4.391872],[-72.903398,4.392502],[-72.902876,4.393116],[-72.902444,4.393617],[-72.902182,4.393915]]}},{"type":"Feature","properties":{"TIPO":"Balastrada","CODIGO":"Interna","NDESCRIPCI":"Bloque 330","ZONA":"6","BLOQUE":"330","COD_BP":"B.330-P.1"},"geometry":{"type":"LineString","coordinates":[[-72.900006,4.397068],[-72.900016,4.397062],[-72.900034,4.397047],[-72.900061,4.397008],[-72.900065,4.396963],[-72.900058,4.39691],[-72.900051,4.396612],[-72.900064,4.396568],[-72.900096,4.39651],[-72.900143,4.396458],[-72.900189,4.396432],[-72.900227,4.396391],[-72.900271,4.396318],[-72.900319,4.396212],[-72.90036,4.396169],[-72.900532,4.396066],[-72.900582,4.396036],[-72.900611,4.395995],[-72.900637,4.395876],[-72.900656,4.395836],[-72.900954,4.395493],[-72.901089,4.395331],[-72.901198,4.395209],[-72.901353,4.395041],[-72.901463,4.394909],[-72.901588,4.394746],[-72.901687,4.394617],[-72.901835,4.394437],[-72.902169,4.394065],[-72.902386,4.393797],[-72.902679,4.393461],[-72.902959,4.393132],[-72.903237,4.39281],[-72.903668,4.392314],[-72.904083,4.39183],[-72.904365,4.39151],[-72.904503,4.391357],[-72.904689,4.39115],[-72.905304,4.390432],[-72.905434,4.390287],[-72.90563,4.390057],[-72.905781,4.389879],[-72.905966,4.389693]]}},{"type":"Feature","properties":{"TIPO":"Balastrada","CODIGO":"Interna","NDESCRIPCI":"Bloque 330","ZONA":"6","BLOQUE":"330","COD_BP":"B.330-P.2"},"geometry":{"type":"LineString","coordinates":[[-72.901097,4.390335],[-72.901117,4.390317],[-72.902779,4.390319],[-72.902815,4.390311],[-72.902886,4.390263],[-72.903169,4.390098],[-72.903171,4.388862],[-72.903181,4.388845],[-72.903197,4.388827],[-72.903205,4.388802],[-72.9032,4.388718],[-72.903199,4.388645]]}},{"type":"Feature","properties":{"TIPO":"Balastrada","CODIGO":"Interna","NDESCRIPCI":"Bloque 330","ZONA":"6","BLOQUE":"330","COD_BP":"B.330-P.3"},"geometry":{"type":"LineString","coordinates":[[-72.909143,4.384146],[-72.909143,4.384371],[-72.909141,4.385853]]}},{"type":"Feature","properties":{"TIPO":"Balastrada","CODIGO":"Interna","NDESCRIPCI":"Bloque 330","ZONA":"6","BLOQUE":"330","COD_BP":"B.330-P.3"},"geometry":{"type":"LineString","coordinates":[[-72.90455,4.38589],[-72.905565,4.385296],[-72.905847,4.385132],[-72.905876,4.385126],[-72.905919,4.385129],[-72.90598,4.385122],[-72.90602,4.385111],[-72.906035,4.385104],[-72.906049,4.385087],[-72.906051,4.385067],[-72.906047,4.385041],[-72.906047,4.385022],[-72.906073,4.385],[-72.906649,4.384663]]}},{"type":"Feature","properties":{"TIPO":"Balastrada","CODIGO":"Interna","NDESCRIPCI":"Bloque 330","ZONA":"6","BLOQUE":"330","COD_BP":"B.330-P.3"},"geometry":{"type":"LineString","coordinates":[[-72.905968,4.385123],[-72.905917,4.384955],[-72.905894,4.384908],[-72.905856,4.384829],[-72.905844,4.384802],[-72.90584,4.384774],[-72.905841,4.38421],[-72.905841,4.384183],[-72.905841,4.384141]]}},{"type":"Feature","properties":{"TIPO":"Balastrada","CODIGO":"Interna","NDESCRIPCI":"Bloque 330","ZONA":"6","BLOQUE":"330","COD_BP":"B.330-P.3"},"geometry":{"type":"LineString","coordinates":[[-72.904443,4.384139],[-72.904399,4.384156],[-72.90435,4.384183],[-72.904296,4.384217],[-72.904239,4.384255],[-72.904171,4.384306],[-72.904105,4.384363],[-72.903892,4.384645],[-72.903524,4.385265],[-72.90333,4.385549],[-72.903184,4.385799],[-72.903157,4.385837],[-72.90312,4.385879],[-72.90305,4.385936],[-72.903022,4.38596],[-72.902992,4.385985],[-72.902952,4.386003],[-72.902908,4.386019],[-72.902817,4.386051],[-72.902703,4.38609],[-72.902501,4.386169],[-72.902231,4.386314],[-72.901815,4.386558],[-72.901642,4.386673],[-72.901274,4.38697]]}},{"type":"Feature","properties":{"TIPO":"Balastrada","CODIGO":"Interna","ZONA":"4","BLOQUE":"30","COD_BP":"B.30-P.3"},"geometry":{"type":"LineString","coordinates":[[-72.974577,4.412098],[-72.970455,4.409667],[-72.970402,4.40964],[-72.970345,4.409623],[-72.970289,4.409607],[-72.970116,4.409607],[-72.968955,4.409626],[-72.968606,4.409668]]}},{"type":"Feature","properties":{"TIPO":"Proyectada","CODIGO":"Interna","NDESCRIPCI":"Bloque 31","ZONA":"7","BLOQUE":"31","COD_BP":"B.31-P.10"},"geometry":{"type":"LineString","coordinates":[[-73.069288,4.424907],[-73.067626,4.423926]]}},{"type":"Feature","properties":{"TIPO":"Proyectada","CODIGO":"Interna","ZONA":"6","BLOQUE":"330","COD_BP":"B.330-P.2"},"geometry":{"type":"LineString","coordinates":[[-72.90111,4.394385],[-72.901111,4.393619]]}},{"type":"Feature","properties":{"TIPO":"Pavimentada","CODIGO":"Externa","NDESCRIPCI":"Barranca - Bloque 17","ZONA":"0","BLOQUE":"0","COD_BP":"B.-P.0"},"geometry":{"type":"LineString","coordinates":[[-72.965296,4.56981],[-72.965167,4.569647],[-72.965098,4.569531],[-72.965057,4.569454],[-72.964962,4.569227],[-72.964901,4.569056],[-72.96484,4.568898],[-72.964644,4.568357],[-72.964193,4.567136],[-72.963978,4.56656],[-72.963697,4.565789],[-72.963416,4.56503],[-72.963137,4.564274],[-72.962787,4.563326],[-72.96249,4.562528],[-72.962069,4.561394],[-72.96167,4.560306],[-72.961227,4.559127],[-72.960873,4.558156],[-72.960403,4.556908],[-72.95992,4.555596],[-72.95934,4.553976],[-72.959248,4.553704],[-72.959194,4.553517],[-72.959155,4.553368],[-72.959117,4.553194],[-72.959091,4.553067],[-72.959061,4.552905],[-72.959036,4.552728],[-72.95896,4.552225],[-72.958894,4.551773],[-72.958785,4.551016],[-72.958624,4.549937],[-72.958537,4.549317],[-72.958465,4.548812],[-72.95836,4.548101],[-72.958264,4.547457],[-72.958147,4.546665],[-72.958059,4.546039],[-72.957894,4.54494],[-72.957824,4.544333]]}},{"type":"Feature","properties":{"TIPO":"Balastrada","CODIGO":"Interna","NDESCRIPCI":"Bloque 339","ZONA":"7","BLOQUE":"339","COD_BP":"B.339-P.3"},"geometry":{"type":"LineString","coordinates":[[-73.061653,4.396686],[-73.061861,4.396632],[-73.064415,4.395966]]}},{"type":"Feature","properties":{"TIPO":"Balastrada","CODIGO":"Interna","NDESCRIPCI":"Bloque 330","ZONA":"6","BLOQUE":"330","COD_BP":"B.330-P.2"},"geometry":{"type":"LineString","coordinates":[[-72.899411,4.388771],[-72.899372,4.388701],[-72.899326,4.388639],[-72.899289,4.388609],[-72.899246,4.388588],[-72.899204,4.388583],[-72.899153,4.3886],[-72.899103,4.388637],[-72.899054,4.388663],[-72.898996,4.388688],[-72.898945,4.388699],[-72.898904,4.3887],[-72.89881,4.388696],[-72.898725,4.388676],[-72.898659,4.388638],[-72.898602,4.388596],[-72.898517,4.388519],[-72.897786,4.387733],[-72.897504,4.387417],[-72.897286,4.387156],[-72.89705,4.386861],[-72.897012,4.386803],[-72.896987,4.386757],[-72.896971,4.386711],[-72.896958,4.386656],[-72.896933,4.386567],[-72.896915,4.386519],[-72.896899,4.386489],[-72.896815,4.386345],[-72.896792,4.386309],[-72.896777,4.386266],[-72.896768,4.386215],[-72.896763,4.386175],[-72.896644,4.385034],[-72.896627,4.384854]]}},{"type":"Feature","properties":{"TIPO":"Proyectada","CODIGO":"Interna","NDESCRIPCI":"Bloque 330","ZONA":"6","BLOQUE":"330","COD_BP":"B.330-P.6"},"geometry":{"type":"LineString","coordinates":[[-72.907227,4.36847],[-72.907308,4.368445],[-72.908884,4.367531]]}},{"type":"Feature","properties":{"TIPO":"Balastrada","CODIGO":"Interna","ZONA":"6","BLOQUE":"330","COD_BP":"B.330-P.6"},"geometry":{"type":"LineString","coordinates":[[-72.907227,4.36847],[-72.907276,4.368371],[-72.907321,4.368257],[-72.907335,4.368194],[-72.90733,4.368124],[-72.907321,4.368067],[-72.907271,4.367777],[-72.90721,4.367402],[-72.907149,4.367101],[-72.907131,4.367011],[-72.907106,4.36684],[-72.907075,4.366629],[-72.907069,4.366608],[-72.90706,4.366578],[-72.907048,4.366554],[-72.90702,4.366538],[-72.906889,4.366486],[-72.906069,4.366014]]}},{"type":"Feature","properties":{"TIPO":"Balastrada","CODIGO":"Interna","NDESCRIPCI":"Bloque 231","ZONA":"5","BLOQUE":"231","COD_BP":"B.231-P.13"},"geometry":{"type":"LineString","coordinates":[[-72.897652,4.416188],[-72.89768,4.416188],[-72.897704,4.416189],[-72.897823,4.416189],[-72.900257,4.416193]]}},{"type":"Feature","properties":{"TIPO":"Balastrada","CODIGO":"Interna","NDESCRIPCI":"Bloque 231","ZONA":"5","BLOQUE":"231","COD_BP":"B.231-P.12"},"geometry":{"type":"LineString","coordinates":[[-72.900257,4.416193],[-72.906809,4.416203],[-72.906944,4.416203],[-72.906972,4.4162],[-72.906989,4.416186],[-72.907036,4.416148],[-72.907051,4.416129],[-72.907158,4.416011],[-72.90726,4.415898],[-72.907312,4.415789]]}},{"type":"Feature","properties":{"TIPO":"Proyectada","CODIGO":"Interna","ZONA":"9","BLOQUE":"119","COD_BP":"B.119-P.2"},"geometry":{"type":"LineString","coordinates":[[-72.884826,4.398865],[-72.885308,4.399796],[-72.886657,4.400466],[-72.888431,4.400651],[-72.888523,4.40029],[-72.891473,4.400629],[-72.891514,4.400634]]}},{"type":"Feature","properties":{"TIPO":"Balastrada","CODIGO":"Interna","ZONA":"10","BLOQUE":"123","COD_BP":"B.123-P.118"},"geometry":{"type":"LineString","coordinates":[[-72.961067,4.476934],[-72.961071,4.476994],[-72.961111,4.477081],[-72.961149,4.477181],[-72.961174,4.477313],[-72.961176,4.477635],[-72.961182,4.477753],[-72.96119,4.477852],[-72.961182,4.477932],[-72.961197,4.478005],[-72.961193,4.478107],[-72.96116,4.478169],[-72.961094,4.478231],[-72.960767,4.478391]]}},{"type":"Feature","properties":{"TIPO":"Balastrada","CODIGO":"Interna","ZONA":"10","BLOQUE":"123","COD_BP":"B.123-P.118"},"geometry":{"type":"LineString","coordinates":[[-72.961067,4.476934],[-72.961173,4.477004],[-72.961213,4.477044],[-72.961305,4.477215],[-72.961323,4.477285],[-72.961368,4.47745],[-72.961423,4.477655],[-72.961484,4.477954],[-72.961506,4.478031],[-72.961488,4.478089],[-72.961436,4.478111],[-72.961304,4.478107]]}},{"type":"Feature","properties":{"TIPO":"Balastrada","CODIGO":"Interna","ZONA":"5","BLOQUE":"327","COD_BP":"B.327-P.3"},"geometry":{"type":"LineString","coordinates":[[-72.944069,4.45099],[-72.943966,4.450981],[-72.938255,4.45097],[-72.938135,4.450955]]}},{"type":"Feature","properties":{"TIPO":"Balastrada","CODIGO":"Interna","NDESCRIPCI":"Bloque 330","ZONA":"6","BLOQUE":"330","COD_BP":"B.330-P.4"},"geometry":{"type":"LineString","coordinates":[[-72.908235,4.379672],[-72.908238,4.377432]]}},{"type":"Feature","properties":{"TIPO":"Balastrada","CODIGO":"Interna","ZONA":"5","BLOQUE":"335","COD_BP":"B.335-P.4"},"geometry":{"type":"LineString","coordinates":[[-72.935421,4.426808],[-72.935409,4.426854],[-72.935337,4.427052],[-72.935301,4.427148],[-72.935203,4.427316],[-72.935178,4.42743],[-72.935148,4.427514],[-72.934995,4.427792],[-72.934762,4.427968],[-72.934727,4.428054],[-72.934667,4.428146],[-72.934573,4.428245],[-72.934499,4.428387],[-72.934317,4.428734],[-72.934175,4.429059],[-72.934101,4.429148],[-72.934071,4.429185],[-72.933958,4.429256],[-72.933838,4.429394],[-72.933683,4.429524],[-72.933637,4.429642],[-72.933452,4.42988],[-72.933342,4.430007],[-72.933235,4.430107],[-72.933143,4.43016],[-72.933046,4.430298],[-72.932965,4.430438],[-72.932927,4.430679],[-72.93291,4.430736]]}},{"type":"Feature","properties":{"TIPO":"Balastrada","CODIGO":"Interna","ZONA":"5","BLOQUE":"335","COD_BP":"B.335-P.3"},"geometry":{"type":"LineString","coordinates":[[-72.932911,4.432635],[-72.93288,4.432645],[-72.93285,4.432674],[-72.932832,4.43271],[-72.93283,4.432746],[-72.932858,4.432839],[-72.932894,4.432939],[-72.932915,4.433011],[-72.932917,4.4332],[-72.932862,4.433327],[-72.932668,4.433736],[-72.932504,4.434335],[-72.932435,4.434538],[-72.932412,4.434635]]}},{"type":"Feature","properties":{"TIPO":"Balastrada","CODIGO":"Interna","NDESCRIPCI":"Bloque 329","ZONA":"6","BLOQUE":"329","COD_BP":"B.329-P.26"},"geometry":{"type":"LineString","coordinates":[[-72.91103,4.414926],[-72.910874,4.414927],[-72.910615,4.414906],[-72.909911,4.414831],[-72.90945,4.414755]]}},{"type":"Feature","properties":{"TIPO":"Balastrada","CODIGO":"Interna","ZONA":"5","BLOQUE":"336","COD_BP":"B.336-P.10"},"geometry":{"type":"LineString","coordinates":[[-72.913516,4.415863],[-72.913494,4.415876],[-72.908441,4.418863]]}},{"type":"Feature","properties":{"TIPO":"Balastrada","CODIGO":"Interna","NDESCRIPCI":"Bloque 11 Parcela 22","ZONA":"4","BLOQUE":"11","COD_BP":"B.11-P.22"},"geometry":{"type":"LineString","coordinates":[[-72.969821,4.437804],[-72.969793,4.437814],[-72.969735,4.43784],[-72.969697,4.437862],[-72.968739,4.438453],[-72.968683,4.438487],[-72.968644,4.438503],[-72.968613,4.438513],[-72.968587,4.438511],[-72.968561,4.438504],[-72.968524,4.43849],[-72.968375,4.438385],[-72.968108,4.438184],[-72.967711,4.437877],[-72.967441,4.437701],[-72.967332,4.437626],[-72.967237,4.437563],[-72.967125,4.437485],[-72.967029,4.437427],[-72.966895,4.43736],[-72.966732,4.437287],[-72.966618,4.437237],[-72.966574,4.437226],[-72.966532,4.437219],[-72.966496,4.437219],[-72.966435,4.437228],[-72.96633,4.43725],[-72.966249,4.437269],[-72.966194,4.43728],[-72.966154,4.437281],[-72.966113,4.437283],[-72.966055,4.437279],[-72.965991,4.437266],[-72.965901,4.43725],[-72.965816,4.437228],[-72.965674,4.437191],[-72.965585,4.43717],[-72.965483,4.437154],[-72.965381,4.437141],[-72.96531,4.437126],[-72.965272,4.43711],[-72.965235,4.437088],[-72.965191,4.437055],[-72.965155,4.437016],[-72.965124,4.43698],[-72.965105,4.436952],[-72.965073,4.436888],[-72.965043,4.436809],[-72.965027,4.436748],[-72.965014,4.436682],[-72.965013,4.43665],[-72.965013,4.436611],[-72.965026,4.43656],[-72.965047,4.436508],[-72.965135,4.436343],[-72.965347,4.435969],[-72.965441,4.435789],[-72.965491,4.435692],[-72.965546,4.435591],[-72.965589,4.435499],[-72.965622,4.435419],[-72.96565,4.435326],[-72.965664,4.435252],[-72.965674,4.43519],[-72.96568,4.435125],[-72.965687,4.435045],[-72.965686,4.434947],[-72.96568,4.434856],[-72.965672,4.434798],[-72.965661,4.43474],[-72.965643,4.434684],[-72.965606,4.434587],[-72.965534,4.434441],[-72.96546,4.434303],[-72.965416,4.434227],[-72.965391,4.434172],[-72.965376,4.434128],[-72.965368,4.434098],[-72.965367,4.434054],[-72.965371,4.434028],[-72.965387,4.434002],[-72.965414,4.433976],[-72.966109,4.433569],[-72.966756,4.433177],[-72.967347,4.432821],[-72.967868,4.432499],[-72.967954,4.432445],[-72.967999,4.432432]]}},{"type":"Feature","properties":{"TIPO":"Balastrada","CODIGO":"Interna","NDESCRIPCI":"Bloque 332","ZONA":"4","BLOQUE":"332","COD_BP":"B.332-P.10"},"geometry":{"type":"LineString","coordinates":[[-72.949356,4.426718],[-72.94939,4.426671],[-72.949418,4.42663],[-72.949452,4.426577],[-72.949475,4.426547],[-72.949488,4.426525],[-72.949501,4.426495],[-72.949512,4.426454],[-72.949561,4.42617],[-72.949599,4.4259],[-72.94963,4.425662],[-72.949666,4.425437],[-72.9497,4.425226],[-72.949724,4.425095],[-72.94975,4.424977],[-72.949772,4.424926],[-72.949787,4.424896],[-72.949817,4.424862],[-72.949891,4.424807],[-72.950147,4.424649],[-72.950296,4.42456],[-72.950481,4.424429],[-72.950696,4.424286],[-72.951109,4.424029],[-72.951598,4.42371],[-72.951736,4.423624],[-72.951932,4.423514],[-72.952085,4.423424],[-72.952178,4.423378],[-72.952387,4.423254],[-72.952609,4.423121],[-72.952721,4.423054],[-72.952884,4.422963],[-72.953074,4.422856],[-72.953199,4.422782],[-72.953401,4.422663],[-72.953745,4.422453],[-72.953862,4.422386],[-72.954005,4.422314],[-72.95421,4.422205]]}},{"type":"Feature","properties":{"TIPO":"Balastrada","CODIGO":"Interna","NDESCRIPCI":"Bloque 326","ZONA":"3","BLOQUE":"326","COD_BP":"B.326-P.2"},"geometry":{"type":"LineString","coordinates":[[-72.97083,4.451133],[-72.970835,4.451301],[-72.970837,4.45138],[-72.970837,4.451417],[-72.97084,4.451438],[-72.970848,4.451455],[-72.970856,4.45146],[-72.970868,4.451461],[-72.970881,4.451463],[-72.97108,4.451462],[-72.971149,4.451458]]}},{"type":"Feature","properties":{"TIPO":"Balastrada","CODIGO":"Interna","NDESCRIPCI":"Bloque 330","ZONA":"6","BLOQUE":"330","COD_BP":"B.330-P.4"},"geometry":{"type":"LineString","coordinates":[[-72.896761,4.379651],[-72.896919,4.379536],[-72.896996,4.379486],[-72.897128,4.379393],[-72.897299,4.379219],[-72.897389,4.379119],[-72.897439,4.379058],[-72.897534,4.378926],[-72.897587,4.378852],[-72.897671,4.378731],[-72.897703,4.378681],[-72.897769,4.378559],[-72.897798,4.378525],[-72.898054,4.378308],[-72.898244,4.378145],[-72.898278,4.378103],[-72.898299,4.378071],[-72.898318,4.378029],[-72.898334,4.377978],[-72.898497,4.377413]]}},{"type":"Feature","properties":{"TIPO":"Balastrada","CODIGO":"Interna","ZONA":"6","BLOQUE":"330","COD_BP":"B.330-P.6"},"geometry":{"type":"LineString","coordinates":[[-72.9049,4.364969],[-72.905058,4.365158],[-72.905257,4.365434],[-72.905519,4.365647],[-72.90553,4.365778],[-72.90554,4.36582],[-72.90557,4.365852],[-72.90567,4.365914],[-72.905723,4.365942],[-72.905784,4.365948],[-72.905825,4.36594],[-72.905876,4.365936],[-72.905918,4.365942],[-72.90599,4.365968],[-72.906069,4.366014]]}},{"type":"Feature","properties":{"TIPO":"Balastrada","CODIGO":"Interna","NDESCRIPCI":"Bloque 339","ZONA":"7","BLOQUE":"339","COD_BP":"B.339-P.11"},"geometry":{"type":"LineString","coordinates":[[-73.0391,4.39858],[-73.04313,4.391557],[-73.043244,4.391256]]}},{"type":"Feature","properties":{"TIPO":"Proyectada","CODIGO":"Interna","NDESCRIPCI":"Bloque 339","ZONA":"7","BLOQUE":"339","COD_BP":"B.339-P.11"},"geometry":{"type":"LineString","coordinates":[[-73.035045,4.402184],[-73.036691,4.399333]]}},{"type":"Feature","properties":{"TIPO":"Proyectada","CODIGO":"Interna","NDESCRIPCI":"Bloque 339","ZONA":"7","BLOQUE":"339","COD_BP":"B.339-P.11"},"geometry":{"type":"LineString","coordinates":[[-73.037887,4.400685],[-73.036411,4.399818]]}},{"type":"Feature","properties":{"TIPO":"Balastrada","CODIGO":"Interna","NDESCRIPCI":"FORZOSA -","ZONA":"7","BLOQUE":"339","COD_BP":"B.339-P.4"},"geometry":{"type":"LineString","coordinates":[[-73.061165,4.396348],[-73.060578,4.395944],[-73.059905,4.395484],[-73.059384,4.395125],[-73.058539,4.394552],[-73.058311,4.394378],[-73.05796,4.394144],[-73.057815,4.394047]]}},{"type":"Feature","properties":{"TIPO":"Balastrada","CODIGO":"Interna","NDESCRIPCI":"Costa Rica","ZONA":"7","BLOQUE":"339","COD_BP":"B.339-P.5"},"geometry":{"type":"LineString","coordinates":[[-73.057815,4.394047],[-73.057423,4.393787],[-73.05655,4.393184],[-73.056046,4.39284]]}},{"type":"Feature","properties":{"TIPO":"Balastrada","CODIGO":"Interna","NDESCRIPCI":"Costa Rica","ZONA":"7","BLOQUE":"339","COD_BP":"B.339-P.6"},"geometry":{"type":"LineString","coordinates":[[-73.054419,4.391729],[-73.053185,4.390875],[-73.052847,4.390641]]}},{"type":"Feature","properties":{"TIPO":"Balastrada","CODIGO":"Interna","NDESCRIPCI":"Bloque 339","ZONA":"7","BLOQUE":"339","COD_BP":"B.339-P.9"},"geometry":{"type":"LineString","coordinates":[[-73.046581,4.393546],[-73.046944,4.392929],[-73.04845,4.390317]]}},{"type":"Feature","properties":{"TIPO":"Balastrada","CODIGO":"Interna","ZONA":"2","BLOQUE":"90","COD_BP":"B.90-P.595"},"geometry":{"type":"LineString","coordinates":[[-72.956042,4.484243],[-72.95559,4.483956],[-72.95348,4.483953]]}},{"type":"Feature","properties":{"TIPO":"Proyectada","CODIGO":"Interna","ZONA":"2","BLOQUE":"90","COD_BP":"B.90-P.606"},"geometry":{"type":"LineString","coordinates":[[-72.971025,4.472767],[-72.969151,4.473852]]}},{"type":"Feature","properties":{"TIPO":"Balastrada","CODIGO":"Interna","ZONA":"1","BLOQUE":"20","COD_BP":"B.20-P.9"},"geometry":{"type":"LineString","coordinates":[[-72.948657,4.510796],[-72.948655,4.510839],[-72.948654,4.511435],[-72.948644,4.511475],[-72.948627,4.511506],[-72.948601,4.511549],[-72.948584,4.511589],[-72.948577,4.511626],[-72.948571,4.511681]]}},{"type":"Feature","properties":{"TIPO":"Balastrada","CODIGO":"Interna","ZONA":"1","BLOQUE":"20","COD_BP":"B.20-P.9"},"geometry":{"type":"LineString","coordinates":[[-72.948571,4.511681],[-72.948568,4.511713],[-72.948566,4.511806],[-72.94857,4.512038],[-72.948513,4.512699],[-72.948506,4.512792],[-72.948494,4.512842],[-72.948487,4.512899],[-72.948483,4.512937],[-72.948479,4.512961],[-72.948474,4.512982],[-72.948466,4.513001],[-72.948453,4.513026],[-72.948439,4.513042],[-72.948424,4.513055],[-72.948406,4.513066],[-72.948399,4.513068]]}},{"type":"Feature","properties":{"TIPO":"Balastrada","CODIGO":"Interna","ZONA":"1","BLOQUE":"20","COD_BP":"B.20-P.7"},"geometry":{"type":"LineString","coordinates":[[-72.947929,4.517628],[-72.947977,4.517628],[-72.947995,4.517619],[-72.948004,4.51761],[-72.948013,4.517601],[-72.948022,4.517592],[-72.948032,4.517547],[-72.948041,4.517483],[-72.948041,4.517357],[-72.948032,4.517212],[-72.948041,4.517185]]}},{"type":"Feature","properties":{"TIPO":"Balastrada","CODIGO":"Interna","ZONA":"1","BLOQUE":"20","COD_BP":"B.20-P.7"},"geometry":{"type":"LineString","coordinates":[[-72.948041,4.517185],[-72.94805,4.517167],[-72.948077,4.517158],[-72.948113,4.517158],[-72.948156,4.517151],[-72.948165,4.517149]]}},{"type":"Feature","properties":{"TIPO":"Balastrada","CODIGO":"Interna","ZONA":"1","BLOQUE":"20","COD_BP":"B.20-P.6"},"geometry":{"type":"LineString","coordinates":[[-72.943268,4.51762],[-72.947515,4.517627]]}},{"type":"Feature","properties":{"TIPO":"Balastrada","CODIGO":"Interna","ZONA":"1","BLOQUE":"20","COD_BP":"B.20-P.7"},"geometry":{"type":"LineString","coordinates":[[-72.947515,4.517627],[-72.947929,4.517628]]}},{"type":"Feature","properties":{"TIPO":"Balastrada","CODIGO":"Interna","ZONA":"1","BLOQUE":"20","COD_BP":"B.20-P.8"},"geometry":{"type":"LineString","coordinates":[[-72.948399,4.513068],[-72.948381,4.513072],[-72.948224,4.513071]]}},{"type":"Feature","properties":{"TIPO":"Balastrada","CODIGO":"Interna","ZONA":"1","BLOQUE":"20","COD_BP":"B.20-P.8"},"geometry":{"type":"LineString","coordinates":[[-72.942714,4.513063],[-72.9372,4.513054]]}},{"type":"Feature","properties":{"TIPO":"Balastrada","CODIGO":"Interna","ZONA":"1","BLOQUE":"20","COD_BP":"B.20-P.4"},"geometry":{"type":"LineString","coordinates":[[-72.947718,4.522184],[-72.947508,4.522184]]}},{"type":"Feature","properties":{"TIPO":"Balastrada","CODIGO":"Interna","ZONA":"1","BLOQUE":"20","COD_BP":"B.20-P.4"},"geometry":{"type":"LineString","coordinates":[[-72.944384,4.522179],[-72.942169,4.522176],[-72.9414,4.522174],[-72.941253,4.522174]]}},{"type":"Feature","properties":{"TIPO":"Balastrada","CODIGO":"Interna","ZONA":"2","BLOQUE":"90","COD_BP":"B.90-P.467"},"geometry":{"type":"LineString","coordinates":[[-72.974479,4.477878],[-72.974289,4.477715],[-72.97391,4.477387],[-72.973465,4.47702],[-72.973196,4.47679],[-72.972973,4.47659],[-72.97291,4.47654],[-72.972694,4.476385],[-72.972656,4.476339],[-72.97263,4.476289],[-72.972613,4.476234]]}},{"type":"Feature","properties":{"TIPO":"Balastrada","CODIGO":"Interna","ZONA":"2","BLOQUE":"90","COD_BP":"B.90-P.467"},"geometry":{"type":"LineString","coordinates":[[-72.972613,4.476234],[-72.972606,4.476153],[-72.972606,4.476088],[-72.972602,4.476036],[-72.972594,4.475978],[-72.972595,4.475921],[-72.972576,4.475873],[-72.972535,4.475779],[-72.972495,4.475708],[-72.972433,4.475595],[-72.972309,4.475346],[-72.972145,4.475006],[-72.971965,4.474675],[-72.971901,4.474499],[-72.971872,4.474384],[-72.971851,4.474348],[-72.971832,4.474324],[-72.971813,4.474314],[-72.971767,4.474295]]}},{"type":"Feature","properties":{"TIPO":"Balastrada","CODIGO":"Interna","ZONA":"2","BLOQUE":"90","COD_BP":"B.90-P.504"},"geometry":{"type":"LineString","coordinates":[[-72.972376,4.473556],[-72.972317,4.473618],[-72.972228,4.473733],[-72.97214,4.473845],[-72.971923,4.47411],[-72.971744,4.474323]]}},{"type":"Feature","properties":{"TIPO":"Balastrada","CODIGO":"Interna","ZONA":"3","BLOQUE":"323","COD_BP":"B.323-P.9"},"geometry":{"type":"LineString","coordinates":[[-72.979161,4.475257],[-72.979162,4.475288],[-72.979166,4.475985]]}},{"type":"Feature","properties":{"TIPO":"Balastrada","CODIGO":"Interna","ZONA":"3","BLOQUE":"323","COD_BP":"B.323-P.9"},"geometry":{"type":"LineString","coordinates":[[-72.979843,4.472893],[-72.979828,4.472934],[-72.979826,4.47298],[-72.979824,4.47408],[-72.979819,4.474117],[-72.979792,4.474152],[-72.979746,4.474178],[-72.979157,4.474524],[-72.979157,4.474553]]}},{"type":"Feature","properties":{"TIPO":"Balastrada","CODIGO":"Interna","ZONA":"3","BLOQUE":"323","COD_BP":"B.323-P.9"},"geometry":{"type":"LineString","coordinates":[[-72.979157,4.474553],[-72.979161,4.475226],[-72.979161,4.475257]]}},{"type":"Feature","properties":{"TIPO":"Balastrada","CODIGO":"Interna","ZONA":"3","BLOQUE":"11","COD_BP":"B.11-P.27"},"geometry":{"type":"LineString","coordinates":[[-72.991567,4.457194],[-72.991458,4.457175],[-72.991305,4.45716],[-72.991138,4.457165],[-72.990611,4.457229],[-72.990104,4.457276]]}},{"type":"Feature","properties":{"TIPO":"Balastrada","CODIGO":"Interna","ZONA":"3","BLOQUE":"11","COD_BP":"B.11-P.27"},"geometry":{"type":"LineString","coordinates":[[-72.990104,4.457276],[-72.990056,4.457275],[-72.990018,4.457274],[-72.989969,4.457273]]}},{"type":"Feature","properties":{"TIPO":"Balastrada","CODIGO":"Interna","ZONA":"3","BLOQUE":"323","COD_BP":"B.323-P.1"},"geometry":{"type":"LineString","coordinates":[[-72.984598,4.466725],[-72.984593,4.469619],[-72.984591,4.469707],[-72.984651,4.469745],[-72.984682,4.469764],[-72.98471,4.469815],[-72.9847,4.469953]]}},{"type":"Feature","properties":{"TIPO":"Balastrada","CODIGO":"Interna","ZONA":"3","BLOQUE":"323","COD_BP":"B.323-P.7"},"geometry":{"type":"LineString","coordinates":[[-72.974561,4.472408],[-72.97463,4.472404],[-72.974712,4.472432],[-72.974832,4.472531],[-72.975454,4.473083],[-72.975694,4.47329],[-72.97582,4.473406],[-72.97592,4.473491]]}},{"type":"Feature","properties":{"TIPO":"Balastrada","CODIGO":"Interna","ZONA":"3","BLOQUE":"12","COD_BP":"B.12-P.5"},"geometry":{"type":"LineString","coordinates":[[-72.990475,4.438267],[-72.990394,4.438175],[-72.98994,4.4377],[-72.989901,4.437647],[-72.989872,4.437585],[-72.989858,4.43752],[-72.98984,4.437422],[-72.989802,4.437328],[-72.989764,4.437251],[-72.989711,4.437186],[-72.989588,4.437089],[-72.989531,4.437041]]}},{"type":"Feature","properties":{"TIPO":"Balastrada","CODIGO":"Interna","ZONA":"3","BLOQUE":"12","COD_BP":"B.12-P.5"},"geometry":{"type":"LineString","coordinates":[[-72.989531,4.437041],[-72.989514,4.437027],[-72.989467,4.436991],[-72.989447,4.436938],[-72.989292,4.436484],[-72.989268,4.436413],[-72.989245,4.43636],[-72.989216,4.436336],[-72.989175,4.436304],[-72.988796,4.436017],[-72.988594,4.435869],[-72.988544,4.435833]]}},{"type":"Feature","properties":{"TIPO":"Balastrada","CODIGO":"Interna","ZONA":"3","BLOQUE":"12","COD_BP":"B.12-P.6"},"geometry":{"type":"LineString","coordinates":[[-72.988544,4.435833],[-72.988496,4.435798],[-72.988419,4.435766],[-72.988256,4.435754],[-72.988132,4.435745],[-72.988038,4.435736],[-72.987941,4.435715],[-72.987862,4.435691],[-72.987821,4.435662],[-72.987783,4.435617],[-72.987768,4.435543],[-72.987762,4.435337],[-72.987728,4.434903],[-72.987706,4.43471],[-72.9877,4.434651]]}},{"type":"Feature","properties":{"TIPO":"Balastrada","CODIGO":"Interna","ZONA":"3","BLOQUE":"12","COD_BP":"B.12-P.6"},"geometry":{"type":"LineString","coordinates":[[-72.9877,4.434651],[-72.987687,4.434538],[-72.98766,4.434317],[-72.987643,4.43419],[-72.98762,4.434066],[-72.987589,4.433973],[-72.987509,4.433915],[-72.987362,4.433809],[-72.987154,4.433646],[-72.986866,4.433436],[-72.986866,4.433436],[-72.986722,4.43333],[-72.986549,4.433188]]}},{"type":"Feature","properties":{"TIPO":"Balastrada","CODIGO":"Interna","ZONA":"2","BLOQUE":"9","COD_BP":"B.9-P.6"},"geometry":{"type":"LineString","coordinates":[[-72.966174,4.472096],[-72.966298,4.472028],[-72.967448,4.471324]]}},{"type":"Feature","properties":{"TIPO":"Balastrada","CODIGO":"Interna","ZONA":"2","BLOQUE":"9","COD_BP":"B.9-P.4"},"geometry":{"type":"LineString","coordinates":[[-72.967448,4.471324],[-72.967508,4.471269],[-72.967563,4.471202],[-72.96767,4.471087],[-72.967871,4.470832],[-72.968079,4.470578],[-72.968356,4.470217]]}},{"type":"Feature","properties":{"TIPO":"Balastrada","CODIGO":"Interna","ZONA":"3","BLOQUE":"326","COD_BP":"B.326-P.1"},"geometry":{"type":"LineString","coordinates":[[-72.972078,4.454871],[-72.971928,4.454899],[-72.97173,4.454926],[-72.971696,4.454931]]}},{"type":"Feature","properties":{"TIPO":"Balastrada","CODIGO":"Interna","ZONA":"3","BLOQUE":"326","COD_BP":"B.326-P.2"},"geometry":{"type":"LineString","coordinates":[[-72.971696,4.454931],[-72.971674,4.454935],[-72.971568,4.454953],[-72.971451,4.454943],[-72.97131,4.454924]]}},{"type":"Feature","properties":{"TIPO":"Balastrada","CODIGO":"Interna","ZONA":"3","BLOQUE":"323","COD_BP":"B.323-P.3"},"geometry":{"type":"LineString","coordinates":[[-72.981811,4.462771],[-72.981809,4.468403]]}},{"type":"Feature","properties":{"TIPO":"Pavimentada","CODIGO":"Externa","NDESCRIPCI":"Barranca - Maya","ZONA":"0","BLOQUE":"0","COD_BP":"B.-P.0"},"geometry":{"type":"LineString","coordinates":[[-72.965296,4.56981],[-72.965742,4.569442],[-72.966112,4.569142],[-72.966586,4.568745],[-72.96721,4.56822],[-72.967725,4.56778],[-72.968324,4.567258],[-72.968395,4.567204],[-72.968496,4.567134],[-72.96857,4.567084],[-72.968659,4.567028],[-72.968749,4.566983],[-72.968849,4.566949],[-72.968996,4.566915],[-72.969142,4.566908],[-72.969407,4.566919],[-72.969836,4.566964],[-72.970462,4.567044],[-72.971021,4.567122],[-72.971994,4.567253],[-72.972768,4.56736],[-72.973669,4.567468],[-72.97464,4.567587],[-72.975627,4.567713],[-72.97664,4.567837],[-72.978075,4.568025],[-72.979378,4.568194],[-72.981021,4.568396],[-72.982201,4.568543],[-72.9826,4.568574],[-72.982741,4.568578],[-72.982885,4.568578],[-72.983039,4.56857],[-72.983256,4.56856],[-72.983434,4.568555],[-72.983648,4.568543],[-72.98438,4.568504],[-72.985321,4.568455],[-72.986315,4.568404],[-72.986802,4.568375],[-72.98753,4.568323],[-72.988079,4.568305],[-72.988247,4.568299],[-72.98841,4.568304],[-72.988693,4.568331],[-72.989098,4.568381],[-72.989782,4.56849],[-72.990246,4.568562],[-72.992449,4.568881],[-72.993143,4.568987],[-72.994005,4.569102],[-72.99546,4.569321],[-72.996736,4.569497],[-72.99865,4.569781],[-73.000234,4.570006],[-73.00143,4.570193],[-73.001901,4.570264],[-73.002639,4.570361],[-73.003194,4.57044],[-73.003507,4.570479],[-73.003741,4.570479],[-73.004051,4.570453],[-73.004797,4.570376],[-73.005856,4.570244],[-73.007728,4.570081],[-73.010157,4.569769],[-73.012459,4.569444],[-73.014617,4.569164],[-73.017178,4.568787],[-73.020669,4.568324],[-73.023404,4.567951],[-73.026099,4.567553],[-73.029247,4.567117],[-73.031906,4.566755],[-73.033269,4.56652],[-73.033537,4.566449],[-73.033782,4.566344],[-73.035335,4.56559],[-73.036379,4.56507],[-73.036993,4.564781],[-73.037353,4.564595],[-73.037568,4.564475],[-73.037869,4.564267],[-73.038274,4.563944],[-73.038772,4.563575],[-73.03925,4.563306],[-73.040377,4.562908],[-73.040953,4.562717],[-73.041616,4.562482],[-73.042238,4.562138],[-73.04303,4.561577],[-73.045916,4.559606],[-73.047719,4.55835],[-73.048321,4.557956],[-73.048633,4.557817],[-73.050373,4.557341],[-73.052109,4.556845],[-73.052756,4.556656],[-73.053079,4.55647],[-73.053231,4.556334],[-73.053401,4.556147],[-73.054331,4.554541],[-73.056503,4.550605],[-73.057849,4.548309],[-73.059327,4.545639],[-73.060402,4.543716],[-73.062782,4.539505],[-73.065103,4.535415],[-73.067331,4.531453],[-73.069755,4.527024],[-73.071255,4.524459],[-73.072871,4.522558],[-73.077433,4.517583],[-73.079262,4.514422],[-73.083639,4.510357],[-73.092476,4.502759],[-73.096176,4.499648],[-73.101871,4.494836],[-73.105108,4.491972],[-73.109577,4.488362],[-73.110194,4.487858],[-73.111621,4.487236],[-73.113194,4.486638],[-73.116107,4.485539],[-73.118582,4.48472],[-73.122632,4.483398],[-73.123046,4.483272],[-73.12332,4.48324],[-73.123582,4.483313],[-73.124007,4.483681],[-73.124695,4.484475],[-73.124991,4.484812],[-73.125213,4.484996]]}},{"type":"Feature","properties":{"TIPO":"Balastrada","CODIGO":"Interna","NDESCRIPCI":"Bloque 329","ZONA":"6","BLOQUE":"329","COD_BP":"B.329-P.15"},"geometry":{"type":"LineString","coordinates":[[-72.924323,4.407295],[-72.924339,4.407254],[-72.924372,4.407165],[-72.924588,4.406909],[-72.924928,4.40652]]}},{"type":"Feature","properties":{"TIPO":"Balastrada","CODIGO":"Interna","NDESCRIPCI":"Bloque 329","ZONA":"6","BLOQUE":"329","COD_BP":"B.329-P.7"},"geometry":{"type":"LineString","coordinates":[[-72.926157,4.400253],[-72.926175,4.40029],[-72.926701,4.40141],[-72.92751,4.403041],[-72.927568,4.403154],[-72.927608,4.40322],[-72.927651,4.403303],[-72.927677,4.403403],[-72.92768,4.403486],[-72.92769,4.403615],[-72.927694,4.403708],[-72.927699,4.403781],[-72.927705,4.403848],[-72.92771,4.40389],[-72.92772,4.403935],[-72.92773,4.403972],[-72.927742,4.404003],[-72.927759,4.404041],[-72.927781,4.404085],[-72.927805,4.404131],[-72.927837,4.404182],[-72.927881,4.404263],[-72.927917,4.404337],[-72.927955,4.404434]]}},{"type":"Feature","properties":{"TIPO":"Balastrada","CODIGO":"Interna","ZONA":"10","BLOQUE":"123","COD_BP":"B.123-P.101"},"geometry":{"type":"LineString","coordinates":[[-72.929019,4.40395],[-72.929,4.403965],[-72.928965,4.403991],[-72.928909,4.404021],[-72.928865,4.404041],[-72.928831,4.404053],[-72.9288,4.404057],[-72.928757,4.404059],[-72.928675,4.404057],[-72.928596,4.404053],[-72.928514,4.404053],[-72.928433,4.404054],[-72.92837,4.404065],[-72.928291,4.404085],[-72.928206,4.404125],[-72.928102,4.404191],[-72.928032,4.404235],[-72.928,4.404268],[-72.927977,4.404307],[-72.92796,4.404349],[-72.927955,4.404378],[-72.927955,4.404403],[-72.927955,4.404434],[-72.927954,4.404485],[-72.92795,4.404523],[-72.927944,4.40455],[-72.92793,4.404584],[-72.927908,4.404612],[-72.92788,4.404643],[-72.927841,4.404671],[-72.927781,4.404711],[-72.927717,4.404751],[-72.92761,4.404813],[-72.927492,4.404877],[-72.927449,4.404902],[-72.927359,4.404957],[-72.927278,4.404999],[-72.927226,4.40502],[-72.927166,4.40504],[-72.927053,4.405063],[-72.926869,4.405113],[-72.926761,4.405143],[-72.926707,4.405152],[-72.926659,4.405158],[-72.926611,4.40517],[-72.926582,4.405178],[-72.92656,4.405186],[-72.926533,4.4052],[-72.926516,4.405213],[-72.926373,4.405316],[-72.926352,4.405327],[-72.926332,4.405332],[-72.926225,4.405367],[-72.926113,4.405399],[-72.925984,4.40544],[-72.925884,4.405474],[-72.925835,4.405495],[-72.925795,4.405512],[-72.925747,4.405532],[-72.925709,4.405554],[-72.925681,4.40558],[-72.925658,4.405615],[-72.925643,4.405643],[-72.925634,4.405672],[-72.925615,4.405736],[-72.925595,4.405783],[-72.925582,4.405809],[-72.925558,4.405839],[-72.925537,4.405861],[-72.925308,4.406067],[-72.925164,4.406224],[-72.925041,4.406369],[-72.924867,4.406596]]}},{"type":"Feature","properties":{"TIPO":"Balastrada","CODIGO":"Interna","ZONA":"10","BLOQUE":"123","COD_BP":"B.123-P.101"},"geometry":{"type":"LineString","coordinates":[[-72.929024,4.403946],[-72.929108,4.403883]]}},{"type":"Feature","properties":{"TIPO":"Balastrada","CODIGO":"Interna","ZONA":"6","BLOQUE":"329","COD_BP":"B.329-P.7"},"geometry":{"type":"LineString","coordinates":[[-72.927837,4.404182],[-72.927903,4.404217],[-72.927941,4.404229],[-72.927967,4.404231],[-72.927997,4.404231],[-72.928032,4.404235]]}},{"type":"Feature","properties":{"TIPO":"Balastrada","CODIGO":"Interna","ZONA":"4","BLOQUE":"337","COD_BP":"B.337-P.6"},"geometry":{"type":"LineString","coordinates":[[-72.951211,4.409217],[-72.95129,4.409417],[-72.951444,4.410091],[-72.951557,4.410642],[-72.951679,4.411188],[-72.95185,4.411979],[-72.951965,4.412482],[-72.952118,4.413197],[-72.952212,4.413617],[-72.952353,4.414258],[-72.952526,4.415065],[-72.952681,4.415783],[-72.952823,4.416447],[-72.953014,4.4173],[-72.953076,4.417679],[-72.953097,4.417741],[-72.953122,4.417785],[-72.953177,4.417849],[-72.953309,4.417947],[-72.954095,4.418365],[-72.955013,4.418899],[-72.955357,4.419099],[-72.95571,4.419294],[-72.955983,4.419443],[-72.956075,4.419499]]}},{"type":"Feature","properties":{"TIPO":"Pavimentada","CODIGO":"Externa","NDESCRIPCI":"MAYA - ENTRADA FORZOSA","ZONA":"0","BLOQUE":"0","COD_BP":"B.-P.0"},"geometry":{"type":"LineString","coordinates":[[-73.151811,4.455052],[-73.151344,4.454902],[-73.150965,4.454775],[-73.150536,4.45466],[-73.150307,4.454602],[-73.150121,4.454545],[-73.150021,4.454473],[-73.14995,4.454315],[-73.14995,4.4542],[-73.149964,4.454114],[-73.150036,4.454013],[-73.150222,4.453841],[-73.150766,4.453498],[-73.151582,4.452953],[-73.151754,4.452824],[-73.152026,4.452695],[-73.152255,4.452638],[-73.152512,4.452639],[-73.152941,4.452711],[-73.153241,4.452726],[-73.153599,4.452726],[-73.154014,4.452669],[-73.154386,4.45254],[-73.155044,4.452226],[-73.155402,4.452054],[-73.155631,4.45191],[-73.155945,4.451753],[-73.156175,4.451538],[-73.156418,4.451337],[-73.15659,4.451079],[-73.156733,4.450893],[-73.157034,4.450419],[-73.157163,4.450247],[-73.157321,4.450047],[-73.157564,4.449875],[-73.158036,4.449602],[-73.158337,4.449416],[-73.158709,4.449158],[-73.159196,4.448915],[-73.159582,4.448643],[-73.160484,4.447783],[-73.161286,4.446965],[-73.161777,4.44644],[-73.162279,4.445952],[-73.162794,4.445422],[-73.163295,4.444949],[-73.163639,4.444504],[-73.164255,4.443945],[-73.164727,4.443415],[-73.165257,4.442884],[-73.165701,4.442454],[-73.165901,4.442153],[-73.166102,4.44201],[-73.166275,4.441912],[-73.166717,4.441838],[-73.167418,4.441767],[-73.16819,4.441711],[-73.168676,4.441668],[-73.16902,4.441611],[-73.169578,4.441425],[-73.170093,4.441225],[-73.170522,4.440953],[-73.17098,4.440666],[-73.171381,4.440265],[-73.171739,4.439806],[-73.172097,4.439189],[-73.172628,4.438329],[-73.173129,4.437794],[-73.173458,4.437493],[-73.17383,4.437134],[-73.174117,4.436833],[-73.174389,4.436561],[-73.174532,4.436418],[-73.174718,4.436188],[-73.174833,4.435959],[-73.174919,4.435629],[-73.174778,4.434222],[-73.174509,4.43158],[-73.174513,4.428609],[-73.1745,4.427733],[-73.174429,4.426872],[-73.174016,4.42591],[-73.173416,4.424689],[-73.172361,4.422276],[-73.171519,4.420667],[-73.170698,4.418382],[-73.17045,4.41768],[-73.170279,4.417164],[-73.170108,4.416733],[-73.169966,4.416331],[-73.169838,4.415857],[-73.169724,4.415412],[-73.169667,4.415038],[-73.169739,4.414593],[-73.16984,4.41412],[-73.170084,4.413589],[-73.170671,4.412441],[-73.171502,4.410935],[-73.172076,4.409845],[-73.172592,4.40887],[-73.173022,4.408138],[-73.17328,4.407593],[-73.173824,4.406962],[-73.174869,4.40603],[-73.175141,4.405744],[-73.175342,4.405428],[-73.175456,4.405084],[-73.175614,4.40461],[-73.175744,4.404122],[-73.175902,4.403634],[-73.176016,4.403218],[-73.176074,4.402974],[-73.176103,4.40263],[-73.176003,4.402185],[-73.17599,4.401812],[-73.176033,4.40141],[-73.176105,4.401037],[-73.176277,4.400707],[-73.177279,4.399603],[-73.177895,4.3989],[-73.17854,4.398025],[-73.178826,4.397494],[-73.179814,4.396304],[-73.181289,4.394483],[-73.182206,4.393408],[-73.183251,4.392304],[-73.184669,4.390784],[-73.186244,4.389063],[-73.187189,4.388074],[-73.187819,4.387386],[-73.188334,4.386769],[-73.191089,4.384581],[-73.19216,4.383731],[-73.192815,4.383028],[-73.193373,4.382411],[-73.193874,4.382067],[-73.194895,4.381693],[-73.195987,4.381221],[-73.196814,4.380888],[-73.197722,4.38052],[-73.198618,4.380175],[-73.199113,4.379922],[-73.199457,4.379715],[-73.199791,4.37945],[-73.200297,4.37884],[-73.200999,4.378033],[-73.20147,4.377515],[-73.201712,4.377262],[-73.202011,4.376905],[-73.202287,4.376663],[-73.202563,4.376421],[-73.202769,4.376283],[-73.203034,4.376133],[-73.203413,4.376007],[-73.203896,4.375938],[-73.208248,4.376232],[-73.210913,4.37635],[-73.213819,4.376354],[-73.216656,4.376391],[-73.216989,4.376449],[-73.217735,4.376727],[-73.22491,4.380459]]}},{"type":"Feature","properties":{"TIPO":"Balastrada","CODIGO":"Interna","ZONA":"4","BLOQUE":"11","COD_BP":"B.11-P.16"},"geometry":{"type":"LineString","coordinates":[[-72.974392,4.439749],[-72.974404,4.439742],[-72.974464,4.439704],[-72.97473,4.439538],[-72.974746,4.439528]]}},{"type":"Feature","properties":{"TIPO":"Balastrada","CODIGO":"Interna","ZONA":"4","BLOQUE":"11","COD_BP":"B.11-P.25"},"geometry":{"type":"LineString","coordinates":[[-72.971242,4.435732],[-72.971254,4.435739],[-72.971299,4.435775],[-72.971326,4.435811],[-72.971371,4.435866],[-72.971405,4.435907],[-72.971446,4.435952],[-72.971488,4.435978],[-72.971529,4.435987],[-72.971567,4.435983],[-72.971598,4.435958],[-72.971741,4.435758],[-72.971777,4.435713],[-72.971804,4.435668],[-72.971822,4.435631],[-72.971849,4.435595],[-72.971894,4.43555],[-72.972011,4.435424],[-72.972111,4.435315],[-72.972148,4.435249],[-72.972165,4.435198],[-72.972168,4.435115],[-72.972163,4.43505],[-72.972148,4.434983],[-72.972143,4.43493],[-72.972143,4.434869],[-72.972154,4.434804],[-72.972187,4.434741],[-72.972247,4.434646],[-72.972373,4.43452],[-72.972499,4.434394],[-72.972617,4.434294],[-72.972725,4.434213],[-72.972815,4.434141],[-72.972923,4.434078],[-72.972977,4.43406],[-72.973022,4.434052],[-72.973068,4.434051]]}},{"type":"Feature","properties":{"TIPO":"Balastrada","CODIGO":"Interna","ZONA":"4","BLOQUE":"11","COD_BP":"B.11-P.23"},"geometry":{"type":"LineString","coordinates":[[-72.973068,4.434051],[-72.97311,4.434108],[-72.973227,4.434364],[-72.973282,4.434516],[-72.973303,4.434581],[-72.973323,4.434645]]}},{"type":"Feature","properties":{"TIPO":"Balastrada","CODIGO":"Interna","ZONA":"4","BLOQUE":"11","COD_BP":"B.11-P.16"},"geometry":{"type":"LineString","coordinates":[[-72.969575,4.437058],[-72.969604,4.437147],[-72.969702,4.437427],[-72.969821,4.437804]]}},{"type":"Feature","properties":{"TIPO":"Balastrada","CODIGO":"Interna","ZONA":"4","BLOQUE":"11","COD_BP":"B.11-P.16"},"geometry":{"type":"LineString","coordinates":[[-72.969821,4.437804],[-72.969837,4.437853],[-72.969989,4.43835],[-72.970159,4.438893],[-72.970375,4.439598],[-72.970491,4.439969],[-72.970697,4.440621],[-72.970859,4.441091],[-72.971002,4.441534],[-72.971059,4.441721],[-72.971065,4.441742]]}},{"type":"Feature","properties":{"TIPO":"Balastrada","CODIGO":"Interna","ZONA":"4","BLOQUE":"11","COD_BP":"B.11-P.17"},"geometry":{"type":"LineString","coordinates":[[-72.975659,4.434756],[-72.97558,4.434498],[-72.975383,4.433801],[-72.975257,4.433358],[-72.975177,4.43306],[-72.974908,4.43211],[-72.974729,4.431513],[-72.97463,4.431151],[-72.974621,4.431106],[-72.974616,4.431074]]}},{"type":"Feature","properties":{"TIPO":"Balastrada","CODIGO":"Interna","ZONA":"4","BLOQUE":"11","COD_BP":"B.11-P.17"},"geometry":{"type":"LineString","coordinates":[[-72.974616,4.431074],[-72.974612,4.431049],[-72.974612,4.430975],[-72.974636,4.43088],[-72.974665,4.430744],[-72.974686,4.430678],[-72.974708,4.430628],[-72.97472,4.430576],[-72.974708,4.430514],[-72.97466,4.43049]]}},{"type":"Feature","properties":{"TIPO":"Balastrada","CODIGO":"Interna","ZONA":"4","BLOQUE":"11","COD_BP":"B.11-P.22"},"geometry":{"type":"LineString","coordinates":[[-72.966776,4.429485],[-72.966804,4.429521],[-72.966867,4.429657],[-72.966921,4.429783],[-72.967101,4.430208],[-72.967289,4.430688],[-72.967513,4.431222],[-72.967657,4.431566],[-72.967854,4.432081],[-72.967999,4.432432]]}},{"type":"Feature","properties":{"TIPO":"Balastrada","CODIGO":"Interna","ZONA":"4","BLOQUE":"11","COD_BP":"B.11-P.21"},"geometry":{"type":"LineString","coordinates":[[-72.967999,4.432432],[-72.968034,4.432515],[-72.968142,4.432769],[-72.968355,4.433302],[-72.968449,4.433544],[-72.968482,4.4336]]}},{"type":"Feature","properties":{"TIPO":"Pavimentada","CODIGO":"Externa","NDESCRIPCI":"TOPACIO - CASINO UPIA","ZONA":"0","BLOQUE":"0","COD_BP":"B.-P.0"},"geometry":{"type":"LineString","coordinates":[[-72.942898,4.437438],[-72.944142,4.439807],[-72.944308,4.440216],[-72.944332,4.440307],[-72.944346,4.440378],[-72.94437,4.440493],[-72.944384,4.440646],[-72.944393,4.440775],[-72.944411,4.441775],[-72.944403,4.444],[-72.94438,4.450154],[-72.944346,4.456933],[-72.944347,4.457941],[-72.944339,4.458453],[-72.944346,4.458717]]}},{"type":"Feature","properties":{"TIPO":"Pavimentada","CODIGO":"Externa","NDESCRIPCI":"CONTROL 1 - TOPACIO","ZONA":"0","BLOQUE":"0","COD_BP":"B.-P.0"},"geometry":{"type":"LineString","coordinates":[[-72.944346,4.458717],[-72.944335,4.4591],[-72.944353,4.459961],[-72.944351,4.461098],[-72.944347,4.461812],[-72.944304,4.462756],[-72.944282,4.463773],[-72.944301,4.46455],[-72.944316,4.464801],[-72.944396,4.465026],[-72.94447,4.465205],[-72.944565,4.465439],[-72.944657,4.465645],[-72.944904,4.466223],[-72.945082,4.466615],[-72.945298,4.467135],[-72.945435,4.467453],[-72.945827,4.468374],[-72.946281,4.46941],[-72.946624,4.470191],[-72.947038,4.471139],[-72.947204,4.471507],[-72.947329,4.471791],[-72.947475,4.472132],[-72.947608,4.472438],[-72.947706,4.47268],[-72.947887,4.473093],[-72.948205,4.473838],[-72.948431,4.474389],[-72.94868,4.474969],[-72.949015,4.475735],[-72.949271,4.476334],[-72.949529,4.476944],[-72.94974,4.477453],[-72.949879,4.477761],[-72.950052,4.478126],[-72.950297,4.478674],[-72.950478,4.479141],[-72.950621,4.479475],[-72.95076,4.479791],[-72.95092,4.480168],[-72.951056,4.480452],[-72.951173,4.480746],[-72.951294,4.48099],[-72.95138,4.481256],[-72.95141,4.481389]]}},{"type":"Feature","properties":{"TIPO":"Balastrada","CODIGO":"Interna","ZONA":"5","BLOQUE":"327","COD_BP":"B.327-P.2"},"geometry":{"type":"LineString","coordinates":[[-72.944068,4.453268],[-72.944068,4.454207],[-72.944073,4.455034],[-72.944063,4.455148]]}},{"type":"Feature","properties":{"TIPO":"Balastrada","CODIGO":"Interna","ZONA":"5","BLOQUE":"327","COD_BP":"B.327-P.2"},"geometry":{"type":"LineString","coordinates":[[-72.944063,4.455148],[-72.94407,4.455257],[-72.944069,4.457005]]}},{"type":"Feature","properties":{"TIPO":"Balastrada","CODIGO":"Interna","ZONA":"5","BLOQUE":"327","COD_BP":"B.327-P.3"},"geometry":{"type":"LineString","coordinates":[[-72.944054,4.448712],[-72.944069,4.45099]]}},{"type":"Feature","properties":{"TIPO":"Balastrada","CODIGO":"Interna","ZONA":"5","BLOQUE":"327","COD_BP":"B.327-P.3"},"geometry":{"type":"LineString","coordinates":[[-72.944068,4.453268],[-72.944073,4.452378],[-72.94407,4.451039],[-72.944069,4.45099]]}},{"type":"Feature","properties":{"TIPO":"Balastrada","CODIGO":"Interna","ZONA":"5","BLOQUE":"327","COD_BP":"B.327-P.4"},"geometry":{"type":"LineString","coordinates":[[-72.944091,4.444824],[-72.944098,4.445135],[-72.944086,4.445593],[-72.944077,4.446139],[-72.944076,4.446566],[-72.94408,4.446745],[-72.944081,4.446788]]}},{"type":"Feature","properties":{"TIPO":"Balastrada","CODIGO":"Interna","ZONA":"5","BLOQUE":"327","COD_BP":"B.327-P.7"},"geometry":{"type":"LineString","coordinates":[[-72.944081,4.446788],[-72.944092,4.446958],[-72.944092,4.447068],[-72.944097,4.447204],[-72.944089,4.447368],[-72.944083,4.447431],[-72.94406,4.447556],[-72.943991,4.447707],[-72.943967,4.447767],[-72.943959,4.447873],[-72.943977,4.447974],[-72.944015,4.448086],[-72.944039,4.448174],[-72.944052,4.448255],[-72.944051,4.448382],[-72.944045,4.448466],[-72.944043,4.448591],[-72.944054,4.448712]]}},{"type":"Feature","properties":{"TIPO":"Balastrada","CODIGO":"Interna","ZONA":"5","BLOQUE":"327","COD_BP":"B.327-P.5"},"geometry":{"type":"LineString","coordinates":[[-72.938354,4.440357],[-72.940801,4.44171],[-72.941563,4.442123],[-72.942245,4.442528],[-72.942649,4.442754],[-72.943205,4.443117],[-72.943346,4.443199]]}},{"type":"Feature","properties":{"TIPO":"Balastrada","CODIGO":"Interna","ZONA":"5","BLOQUE":"327","COD_BP":"B.327-P.5"},"geometry":{"type":"LineString","coordinates":[[-72.943346,4.443199],[-72.943534,4.443287],[-72.943883,4.443497],[-72.944033,4.443599],[-72.94407,4.443652],[-72.944083,4.443681],[-72.944094,4.443714],[-72.944096,4.4438],[-72.944093,4.444634],[-72.944091,4.444824]]}},{"type":"Feature","properties":{"TIPO":"Balastrada","CODIGO":"Interna","ZONA":"5","BLOQUE":"327","COD_BP":"B.327-P.3"},"geometry":{"type":"LineString","coordinates":[[-72.938135,4.450955],[-72.938085,4.45094],[-72.93805,4.450928],[-72.937998,4.450938],[-72.937868,4.450977],[-72.936564,4.450974]]}},{"type":"Feature","properties":{"TIPO":"Balastrada","CODIGO":"Interna","ZONA":"5","BLOQUE":"327","COD_BP":"B.327-P.5"},"geometry":{"type":"LineString","coordinates":[[-72.933794,4.444793],[-72.933771,4.444715],[-72.93375,4.443827],[-72.933707,4.443767],[-72.933703,4.443635],[-72.933711,4.443554],[-72.933744,4.443509],[-72.933741,4.443363],[-72.933703,4.44326],[-72.933669,4.443051],[-72.933631,4.442964],[-72.933623,4.442659],[-72.933631,4.44256]]}},{"type":"Feature","properties":{"TIPO":"Balastrada","CODIGO":"Interna","ZONA":"5","BLOQUE":"327","COD_BP":"B.327-P.5"},"geometry":{"type":"LineString","coordinates":[[-72.933631,4.44256],[-72.933627,4.442436],[-72.933618,4.442255],[-72.933604,4.442199],[-72.93357,4.442162],[-72.9335,4.442099],[-72.933241,4.441699],[-72.933142,4.441538],[-72.933061,4.441372],[-72.932702,4.441168],[-72.93262,4.441176],[-72.932522,4.441143],[-72.932442,4.441136],[-72.932387,4.441131],[-72.932157,4.441003],[-72.932022,4.440842],[-72.931933,4.440578],[-72.931879,4.440521],[-72.931827,4.440486],[-72.931764,4.44046]]}},{"type":"Feature","properties":{"TIPO":"Balastrada","CODIGO":"Interna","ZONA":"3","BLOQUE":"323","COD_BP":"B.323-P.8"},"geometry":{"type":"LineString","coordinates":[[-72.974002,4.4726],[-72.974043,4.47263],[-72.974101,4.472637],[-72.974202,4.472607],[-72.974282,4.472567],[-72.974358,4.472531],[-72.974436,4.472486],[-72.974561,4.472408]]}},{"type":"Feature","properties":{"TIPO":"Balastrada","CODIGO":"Interna","ZONA":"3","BLOQUE":"323","COD_BP":"B.323-P.8"},"geometry":{"type":"LineString","coordinates":[[-72.974002,4.4726],[-72.973969,4.472658],[-72.973923,4.47269],[-72.973752,4.472746],[-72.973572,4.47282],[-72.973448,4.472864],[-72.973336,4.472908],[-72.973261,4.47294],[-72.973179,4.472972],[-72.973107,4.472993],[-72.972998,4.473036]]}},{"type":"Feature","properties":{"TIPO":"Balastrada","CODIGO":"Interna","NDESCRIPCI":"Bloque 329","ZONA":"6","BLOQUE":"329","COD_BP":"B.329-P.25"},"geometry":{"type":"LineString","coordinates":[[-72.913872,4.385724],[-72.913866,4.385735],[-72.913859,4.385748],[-72.913563,4.38631],[-72.912726,4.387875],[-72.912451,4.388376],[-72.91189,4.389416],[-72.911555,4.390026],[-72.911434,4.390252],[-72.911385,4.39037],[-72.91136,4.39096],[-72.911347,4.391366],[-72.911347,4.391433],[-72.911344,4.391595],[-72.911343,4.391734],[-72.911337,4.392682],[-72.911343,4.392914],[-72.911345,4.392967],[-72.91133,4.393012],[-72.911314,4.393021]]}},{"type":"Feature","properties":{"TIPO":"Balastrada","CODIGO":"Interna","ZONA":"6","BLOQUE":"330","COD_BP":"B.330-P.1"},"geometry":{"type":"LineString","coordinates":[[-72.902266,4.404656],[-72.902224,4.404484],[-72.902163,4.404229],[-72.902144,4.404172],[-72.902073,4.403947],[-72.901931,4.403523],[-72.901877,4.403408],[-72.901824,4.403323],[-72.901779,4.403209],[-72.901718,4.403025],[-72.901604,4.402646]]}},{"type":"Feature","properties":{"TIPO":"Balastrada","CODIGO":"Interna","ZONA":"5","BLOQUE":"336","COD_BP":"B.336-P.8"},"geometry":{"type":"LineString","coordinates":[[-72.90564,4.421261],[-72.906409,4.419888]]}},{"type":"Feature","properties":{"TIPO":"Balastrada","CODIGO":"Interna","ZONA":"6","BLOQUE":"330","COD_BP":"B.330-P.2"},"geometry":{"type":"LineString","coordinates":[[-72.896627,4.384854],[-72.897875,4.384128],[-72.898321,4.384129]]}},{"type":"Feature","properties":{"TIPO":"Proyectada","CODIGO":"Interna","NDESCRIPCI":"Bloque 31","ZONA":"7","BLOQUE":"31","COD_BP":"B.31-P.10"},"geometry":{"type":"LineString","coordinates":[[-73.069901,4.420049],[-73.067626,4.423926]]}},{"type":"Feature","properties":{"TIPO":"Balastrada","CODIGO":"Interna","ZONA":"5","BLOQUE":"327","COD_BP":"B.327-P.4"},"geometry":{"type":"LineString","coordinates":[[-72.944079,4.446696],[-72.943944,4.446672],[-72.943894,4.446672],[-72.943654,4.446704],[-72.94349,4.446729],[-72.943324,4.446752],[-72.943131,4.446773],[-72.942122,4.446758],[-72.940056,4.446766]]}},{"type":"Feature","properties":{"TIPO":"Balastrada","CODIGO":"Interna","ZONA":"4","BLOQUE":"332","COD_BP":"B.332-P.17"},"geometry":{"type":"LineString","coordinates":[[-72.959447,4.432605],[-72.959509,4.432602],[-72.959553,4.432605],[-72.959607,4.43261],[-72.959659,4.432619],[-72.9597,4.43263],[-72.959735,4.432649],[-72.9598,4.432683],[-72.959943,4.432773],[-72.960075,4.432857],[-72.9602,4.432928],[-72.960289,4.432983],[-72.960334,4.433013],[-72.960386,4.433055],[-72.960446,4.43309],[-72.96054,4.433147],[-72.960568,4.433139],[-72.960589,4.433126],[-72.960619,4.433104],[-72.960642,4.433085],[-72.960675,4.433052],[-72.960722,4.432997],[-72.960781,4.432925],[-72.96089,4.432751],[-72.961045,4.432508],[-72.961171,4.432317],[-72.961245,4.432201],[-72.961317,4.432094],[-72.96155,4.431703],[-72.961744,4.431441],[-72.962032,4.431042],[-72.962267,4.430723],[-72.962443,4.430467],[-72.962655,4.430157],[-72.962918,4.42977],[-72.963009,4.429642],[-72.963091,4.429553],[-72.963195,4.429435],[-72.963267,4.429334],[-72.963319,4.429255],[-72.963361,4.429181]]}},{"type":"Feature","properties":{"TIPO":"Proyectada","CODIGO":"Interna","NDESCRIPCI":"Bloque 332","ZONA":"4","BLOQUE":"332","COD_BP":"B.332-P.16"},"geometry":{"type":"LineString","coordinates":[[-72.957494,4.440401],[-72.95757,4.440516],[-72.957633,4.440576],[-72.957667,4.440629],[-72.95766,4.440669],[-72.957602,4.440732],[-72.957514,4.440847],[-72.957507,4.440893],[-72.957512,4.44092],[-72.957541,4.440949],[-72.957615,4.440983],[-72.957848,4.441127],[-72.957973,4.441154],[-72.958084,4.441217],[-72.958168,4.441319],[-72.958529,4.441905],[-72.958649,4.442074],[-72.958721,4.442192],[-72.958775,4.442259],[-72.958801,4.442317],[-72.958806,4.442614],[-72.958804,4.442989],[-72.958805,4.443353],[-72.958645,4.443409]]}},{"type":"Feature","properties":{"TIPO":"Proyectada","CODIGO":"Interna","NDESCRIPCI":"Bloque 332","ZONA":"4","BLOQUE":"332","COD_BP":"B.332-P.15"},"geometry":{"type":"LineString","coordinates":[[-72.950827,4.444098],[-72.95086,4.444139],[-72.950979,4.444164],[-72.951113,4.444161],[-72.95139,4.444134],[-72.952137,4.444028],[-72.953226,4.443961],[-72.953939,4.44389],[-72.955056,4.443781],[-72.956333,4.443649],[-72.957693,4.443502],[-72.958637,4.443467]]}},{"type":"Feature","properties":{"TIPO":"Balastrada","CODIGO":"Interna","NDESCRIPCI":"Bloque 331","ZONA":"5","BLOQUE":"231","COD_BP":"B.231-P.3"},"geometry":{"type":"LineString","coordinates":[[-72.894228,4.402635],[-72.894169,4.402336],[-72.894103,4.402087],[-72.894014,4.40175],[-72.893953,4.401506],[-72.893925,4.401444],[-72.893869,4.401363],[-72.893824,4.401296],[-72.893785,4.401217],[-72.893763,4.401144],[-72.893735,4.400977],[-72.893713,4.400917],[-72.893692,4.400887],[-72.893668,4.400868],[-72.893608,4.400859]]}},{"type":"Feature","properties":{"TIPO":"Balastrada","CODIGO":"Interna","ZONA":"5","BLOQUE":"336","COD_BP":"B.336-P.10"},"geometry":{"type":"LineString","coordinates":[[-72.91088,4.415301],[-72.9112,4.415112],[-72.913368,4.415379],[-72.913512,4.415394]]}},{"type":"Feature","properties":{"TIPO":"Balastrada","CODIGO":"Interna","NDESCRIPCI":"Bloque 31","ZONA":"7","BLOQUE":"31","COD_BP":"B.31-P.16"},"geometry":{"type":"LineString","coordinates":[[-73.096691,4.425095],[-73.096642,4.425078],[-73.092546,4.422664]]}},{"type":"Feature","properties":{"TIPO":"Balastrada","CODIGO":"Interna","ZONA":"2","BLOQUE":"9","COD_BP":"B.9-P.4"},"geometry":{"type":"LineString","coordinates":[[-72.968075,4.464812],[-72.968776,4.464415],[-72.968786,4.456719]]}},{"type":"Feature","properties":{"TIPO":"Proyectada","CODIGO":"Interna","ZONA":"2","BLOQUE":"9","COD_BP":"B.9-P.5"},"geometry":{"type":"LineString","coordinates":[[-72.964166,4.461471],[-72.96417,4.466124]]}},{"type":"Feature","properties":{"TIPO":"Balastrada","CODIGO":"Interna","NDESCRIPCI":"Bloque 330","ZONA":"6","BLOQUE":"330","COD_BP":"B.330-P.4"},"geometry":{"type":"LineString","coordinates":[[-72.905947,4.379666],[-72.900996,4.379658],[-72.900969,4.379658],[-72.900131,4.379657],[-72.900075,4.379653],[-72.90001,4.379644],[-72.899989,4.379637]]}},{"type":"Feature","properties":{"TIPO":"Proyectada","CODIGO":"Interna","ZONA":"5","BLOQUE":"336","COD_BP":"B.336-P.18"},"geometry":{"type":"LineString","coordinates":[[-72.92218,4.438304],[-72.9222,4.439983],[-72.9222,4.440008]]}},{"type":"Feature","properties":{"TIPO":"Balastrada","CODIGO":"Interna","ZONA":"5","BLOQUE":"336","COD_BP":"B.336-P.18"},"geometry":{"type":"LineString","coordinates":[[-72.922296,4.442018],[-72.922277,4.442016],[-72.922263,4.442009],[-72.922251,4.441997],[-72.922238,4.44198],[-72.922229,4.441961],[-72.922224,4.441941],[-72.922202,4.440143],[-72.922196,4.440107],[-72.922165,4.44007],[-72.922129,4.44005]]}},{"type":"Feature","properties":{"TIPO":"Balastrada","CODIGO":"Interna","ZONA":"5","BLOQUE":"336","COD_BP":"B.336-P.1"},"geometry":{"type":"LineString","coordinates":[[-72.914186,4.444746],[-72.91708,4.443035],[-72.917125,4.443002]]}},{"type":"Feature","properties":{"TIPO":"Balastrada","CODIGO":"Interna","ZONA":"6","BLOQUE":"329","COD_BP":"B.329-P.26"},"geometry":{"type":"LineString","coordinates":[[-72.91023,4.408792],[-72.910229,4.407113],[-72.910211,4.407059],[-72.910203,4.406955],[-72.910206,4.405087],[-72.910206,4.405058],[-72.910204,4.405046],[-72.910194,4.405043],[-72.910177,4.405042],[-72.909204,4.405041]]}},{"type":"Feature","properties":{"TIPO":"Balastrada","CODIGO":"Interna","ZONA":"5","BLOQUE":"327","COD_BP":"B.327-P.6"},"geometry":{"type":"LineString","coordinates":[[-72.931411,4.435959],[-72.931281,4.436145],[-72.931098,4.436379],[-72.930839,4.436795],[-72.930647,4.437075],[-72.929928,4.438328]]}},{"type":"Feature","properties":{"TIPO":"Balastrada","CODIGO":"Interna","NDESCRIPCI":"Bloque 329","ZONA":"6","BLOQUE":"329","COD_BP":"B.329-P.24"},"geometry":{"type":"LineString","coordinates":[[-72.910436,4.3988],[-72.910435,4.39885],[-72.910432,4.399022],[-72.910366,4.399575],[-72.910329,4.400035],[-72.910334,4.400118],[-72.910356,4.400184],[-72.910399,4.400247],[-72.910539,4.400443],[-72.910699,4.400641],[-72.910777,4.40077],[-72.910906,4.401091],[-72.911184,4.401814],[-72.911333,4.40222],[-72.911442,4.402558]]}},{"type":"Feature","properties":{"TIPO":"Balastrada","CODIGO":"Interna","ZONA":"6","BLOQUE":"330","COD_BP":"B.330-P.1"},"geometry":{"type":"LineString","coordinates":[[-72.901604,4.402646],[-72.901447,4.402138],[-72.901402,4.401942],[-72.90136,4.40177],[-72.901268,4.401494],[-72.901232,4.401384],[-72.901084,4.400817],[-72.900969,4.400401],[-72.900912,4.400176],[-72.900897,4.40007],[-72.900886,4.399967],[-72.900875,4.399882],[-72.900841,4.399778],[-72.900743,4.399578],[-72.900707,4.399493],[-72.900669,4.399398],[-72.900619,4.39922],[-72.900532,4.398902]]}},{"type":"Feature","properties":{"TIPO":"Proyectada","CODIGO":"Interna","NDESCRIPCI":"Bloque 231","ZONA":"5","BLOQUE":"231","COD_BP":"B.231-P.8"},"geometry":{"type":"LineString","coordinates":[[-72.892012,4.402631],[-72.894211,4.402635],[-72.894228,4.402635],[-72.894243,4.402635]]}},{"type":"Feature","properties":{"TIPO":"Balastrada","CODIGO":"Interna","NDESCRIPCI":"Bloque 231","ZONA":"5","BLOQUE":"231","COD_BP":"B.231-P.3"},"geometry":{"type":"LineString","coordinates":[[-72.894231,4.402635],[-72.894278,4.402635],[-72.901284,4.402646],[-72.901604,4.402646]]}},{"type":"Feature","properties":{"TIPO":"Balastrada","CODIGO":"Interna","NDESCRIPCI":"Bloque 331","ZONA":"5","BLOQUE":"231","COD_BP":"B.231-P.3"},"geometry":{"type":"LineString","coordinates":[[-72.895721,4.404997],[-72.895466,4.404658],[-72.895209,4.40432],[-72.894755,4.403722],[-72.894518,4.403421],[-72.894371,4.403206],[-72.894347,4.403144],[-72.894313,4.403017],[-72.894231,4.402635]]}},{"type":"Feature","properties":{"TIPO":"Balastrada","CODIGO":"Interna","NDESCRIPCI":"Bloque 331","ZONA":"5","BLOQUE":"231","COD_BP":"B.231-P.8"},"geometry":{"type":"LineString","coordinates":[[-72.893608,4.400859],[-72.893357,4.400858],[-72.89315,4.400844],[-72.893095,4.400833],[-72.893062,4.400824],[-72.893021,4.4008],[-72.892939,4.40075],[-72.892902,4.400737],[-72.892796,4.400723],[-72.892514,4.400723],[-72.891545,4.400638],[-72.891514,4.400634]]}},{"type":"Feature","properties":{"TIPO":"Balastrada","CODIGO":"Interna","ZONA":"5","BLOQUE":"336","COD_BP":"B.336-P.8"},"geometry":{"type":"LineString","coordinates":[[-72.906409,4.419888],[-72.906498,4.41973],[-72.907112,4.418683],[-72.90747,4.418078],[-72.907896,4.417333],[-72.908432,4.416445],[-72.909211,4.415109],[-72.909311,4.414951],[-72.909372,4.41485],[-72.90945,4.414755]]}},{"type":"Feature","properties":{"TIPO":"Balastrada","CODIGO":"Interna","NDESCRIPCI":"Bloque 336","ZONA":"5","BLOQUE":"336","COD_BP":"B.336-P.8"},"geometry":{"type":"LineString","coordinates":[[-72.906409,4.419888],[-72.90641,4.419947],[-72.90641,4.419986],[-72.906441,4.423579]]}},{"type":"Feature","properties":{"TIPO":"Balastrada","CODIGO":"Interna","NDESCRIPCI":"Bloque 336","ZONA":"5","BLOQUE":"336","COD_BP":"B.336-P.8"},"geometry":{"type":"LineString","coordinates":[[-72.906441,4.423579],[-72.906416,4.42422],[-72.90643,4.426292]]}},{"type":"Feature","properties":{"TIPO":"Balastrada","CODIGO":"Interna","NDESCRIPCI":"Bloque 329","ZONA":"6","BLOQUE":"329","COD_BP":"B.329-P.2"},"geometry":{"type":"LineString","coordinates":[[-72.930267,4.418454],[-72.930292,4.418531],[-72.9303,4.418574],[-72.930301,4.42007],[-72.930322,4.420093],[-72.930357,4.420122],[-72.93037,4.420144],[-72.930377,4.420169],[-72.930378,4.421041]]}},{"type":"Feature","properties":{"TIPO":"Balastrada","CODIGO":"Interna","NDESCRIPCI":"Bloque 329","ZONA":"6","BLOQUE":"329","COD_BP":"B.329-P.1"},"geometry":{"type":"LineString","coordinates":[[-72.930375,4.422987],[-72.930376,4.424807]]}},{"type":"Feature","properties":{"TIPO":"Balastrada","CODIGO":"Interna","ZONA":"10","BLOQUE":"123","COD_BP":"B.123-P.116"},"geometry":{"type":"LineString","coordinates":[[-72.948082,4.434126],[-72.947957,4.434095],[-72.947765,4.434012],[-72.947624,4.433974],[-72.947469,4.433933],[-72.947079,4.433893]]}},{"type":"Feature","properties":{"TIPO":"Balastrada","CODIGO":"Interna","NDESCRIPCI":"Bloque 20","ZONA":"1","BLOQUE":"20","COD_BP":"B.20-P.2"},"geometry":{"type":"LineString","coordinates":[[-72.943705,4.529052],[-72.943708,4.526735]]}},{"type":"Feature","properties":{"TIPO":"Balastrada","CODIGO":"Externa","NDESCRIPCI":"ALTO MACAPAI - FORZOSA","ZONA":"0","BLOQUE":"0","COD_BP":"B.-P.0"},"geometry":{"type":"LineString","coordinates":[[-73.151811,4.455052],[-73.151653,4.4551],[-73.151494,4.455071],[-73.151323,4.455031],[-73.15117,4.454993],[-73.151033,4.454963],[-73.150928,4.454943],[-73.15084,4.454953],[-73.150666,4.454999],[-73.150574,4.454993],[-73.150384,4.454963],[-73.150057,4.454824],[-73.149586,4.454469],[-73.148629,4.453725],[-73.147922,4.453163],[-73.147572,4.452962],[-73.147423,4.452852],[-73.147204,4.452692],[-73.146877,4.452572],[-73.146665,4.452536],[-73.146493,4.452583],[-73.146409,4.452642],[-73.146212,4.452724],[-73.146006,4.452749],[-73.145796,4.452727],[-73.145454,4.4528],[-73.145061,4.452815],[-73.144846,4.452817],[-73.144408,4.452737],[-73.143583,4.452513],[-73.142536,4.452331],[-73.141343,4.45201],[-73.141116,4.451861],[-73.140763,4.451799],[-73.140588,4.451742],[-73.140375,4.451602],[-73.140199,4.451335],[-73.139829,4.451016],[-73.139455,4.450742],[-73.138774,4.450194],[-73.13823,4.449606],[-73.137956,4.449187],[-73.137681,4.448681],[-73.137506,4.448348],[-73.137424,4.448093],[-73.137415,4.447635],[-73.137334,4.447414],[-73.137241,4.447065],[-73.137265,4.446739],[-73.137308,4.44664],[-73.137135,4.446427],[-73.136612,4.445871],[-73.136263,4.445628],[-73.135939,4.445382],[-73.13567,4.445213],[-73.135386,4.445004],[-73.135163,4.444762],[-73.134823,4.44443],[-73.134597,4.44418],[-73.134388,4.44401],[-73.134129,4.443852],[-73.133778,4.443619],[-73.133522,4.443387],[-73.133335,4.443114],[-73.133233,4.442891],[-73.133193,4.442623],[-73.133127,4.442398],[-73.132969,4.442238],[-73.132804,4.442083],[-73.132664,4.441936],[-73.132418,4.441658],[-73.132256,4.441549],[-73.131985,4.441405],[-73.131575,4.441124],[-73.131267,4.440892],[-73.13102,4.440692],[-73.130693,4.440556],[-73.130498,4.440446],[-73.130132,4.44013],[-73.129268,4.43931],[-73.128332,4.438432],[-73.127523,4.437605],[-73.127036,4.437139],[-73.126613,4.436697],[-73.126291,4.43636],[-73.126156,4.436174],[-73.125715,4.435202],[-73.125377,4.434518],[-73.125149,4.433972],[-73.12482,4.433246],[-73.124589,4.432729],[-73.124226,4.432074],[-73.123662,4.431101],[-73.123277,4.430469],[-73.122925,4.429928],[-73.12253,4.429366],[-73.12219,4.428951],[-73.121989,4.428676],[-73.121654,4.428195],[-73.121293,4.427462],[-73.120853,4.426525],[-73.120615,4.425969],[-73.120316,4.42558],[-73.120014,4.425307],[-73.119485,4.424922],[-73.119206,4.424739],[-73.118807,4.424532],[-73.118648,4.424335],[-73.1184,4.423988],[-73.118169,4.423414],[-73.118091,4.422772],[-73.11796,4.421242],[-73.117864,4.420321],[-73.11782,4.419773],[-73.11777,4.419314],[-73.117566,4.418612],[-73.117277,4.417703],[-73.116603,4.415972],[-73.116247,4.415266],[-73.115927,4.414798],[-73.115719,4.41457],[-73.115471,4.414338],[-73.115281,4.414203],[-73.115074,4.41411],[-73.114721,4.414068],[-73.114417,4.414023],[-73.114088,4.413941],[-73.113692,4.41375],[-73.113448,4.413543],[-73.11325,4.413298],[-73.113054,4.412988],[-73.112913,4.412696],[-73.112775,4.412531],[-73.112445,4.41226],[-73.112059,4.41197],[-73.111781,4.41177],[-73.111303,4.411376],[-73.111023,4.411157],[-73.110784,4.410929],[-73.110299,4.410658],[-73.110104,4.410636],[-73.109456,4.410666],[-73.108901,4.410677],[-73.108294,4.410632],[-73.107538,4.410609],[-73.106906,4.410604],[-73.106195,4.410568],[-73.105905,4.410495],[-73.10542,4.410285],[-73.102933,4.409187]]}},{"type":"Feature","properties":{"TIPO":"Balastrada","CODIGO":"Interna","NDESCRIPCI":"Bloque 334","ZONA":"6","BLOQUE":"334","COD_BP":"B.334-P.1"},"geometry":{"type":"LineString","coordinates":[[-72.89898,4.390341],[-72.898983,4.388796]]}},{"type":"Feature","properties":{"TIPO":"Balastrada","CODIGO":"Interna","ZONA":"5","BLOQUE":"336","COD_BP":"B.336-P.10"},"geometry":{"type":"LineString","coordinates":[[-72.908314,4.416818],[-72.909278,4.416248]]}},{"type":"Feature","properties":{"TIPO":"Balastrada","CODIGO":"Interna","NDESCRIPCI":"Bloque 339","ZONA":"7","BLOQUE":"339","COD_BP":"B.339-P.15"},"geometry":{"type":"LineString","coordinates":[[-73.026647,4.390781],[-73.026374,4.390445],[-73.026213,4.390234],[-73.026055,4.389988],[-73.025752,4.389463],[-73.025531,4.389099],[-73.025241,4.388693],[-73.025122,4.388517]]}},{"type":"Feature","properties":{"TIPO":"Balastrada","CODIGO":"Interna","NDESCRIPCI":"Bloque 339","ZONA":"7","BLOQUE":"339","COD_BP":"B.339-P.16"},"geometry":{"type":"LineString","coordinates":[[-73.031797,4.3932],[-73.031745,4.393179],[-73.031581,4.393098],[-73.031529,4.393066],[-73.031234,4.392968],[-73.030923,4.392839],[-73.030103,4.392496],[-73.029949,4.39243],[-73.029798,4.392393],[-73.02925,4.392153],[-73.028577,4.39184],[-73.028211,4.391652]]}},{"type":"Feature","properties":{"TIPO":"Balastrada","CODIGO":"Interna","NDESCRIPCI":"Bloque 339","ZONA":"7","BLOQUE":"339","COD_BP":"B.339-P.17"},"geometry":{"type":"LineString","coordinates":[[-73.035402,4.392747],[-73.032564,4.393273],[-73.032174,4.39333],[-73.032134,4.393328],[-73.03209,4.393318],[-73.031797,4.3932]]}},{"type":"Feature","properties":{"TIPO":"Balastrada","CODIGO":"Interna","NDESCRIPCI":"Costa Rica","ZONA":"7","BLOQUE":"339","COD_BP":"B.339-P.18"},"geometry":{"type":"LineString","coordinates":[[-73.038975,4.392077],[-73.038629,4.392139],[-73.037948,4.392275],[-73.036886,4.392472]]}},{"type":"Feature","properties":{"TIPO":"Balastrada","CODIGO":"Interna","NDESCRIPCI":"Costa Rica","ZONA":"7","BLOQUE":"339","COD_BP":"B.339-P.19"},"geometry":{"type":"LineString","coordinates":[[-73.042572,4.391386],[-73.041845,4.391527],[-73.040676,4.391751],[-73.039959,4.391893],[-73.039048,4.392064],[-73.038975,4.392077]]}},{"type":"Feature","properties":{"TIPO":"Balastrada","CODIGO":"Interna","ZONA":"1","BLOQUE":"324","COD_BP":"B.324-P.7"},"geometry":{"type":"LineString","coordinates":[[-72.95834,4.523464],[-72.958276,4.52346],[-72.958158,4.523473],[-72.958041,4.523483],[-72.957886,4.523487],[-72.957735,4.523483],[-72.957697,4.523476],[-72.957635,4.523474],[-72.957603,4.523475],[-72.957579,4.523484],[-72.957554,4.523498],[-72.957427,4.523579],[-72.957408,4.523575],[-72.957399,4.523564],[-72.957382,4.523547],[-72.957363,4.523515],[-72.957334,4.523453],[-72.957299,4.523401]]}},{"type":"Feature","properties":{"TIPO":"Balastrada","CODIGO":"Interna","ZONA":"1","BLOQUE":"15","COD_BP":"B.15-P.8"},"geometry":{"type":"LineString","coordinates":[[-72.962643,4.519043],[-72.962075,4.519418],[-72.962069,4.519421],[-72.962064,4.519426],[-72.962062,4.519433],[-72.962061,4.519442],[-72.962062,4.521903],[-72.962061,4.521913],[-72.962058,4.52192],[-72.962052,4.521927],[-72.962042,4.521933],[-72.961944,4.521989],[-72.961114,4.522465]]}},{"type":"Feature","properties":{"TIPO":"Balastrada","CODIGO":"Interna","ZONA":"1","BLOQUE":"15","COD_BP":"B.15-P.8"},"geometry":{"type":"LineString","coordinates":[[-72.961114,4.522465],[-72.959543,4.523366],[-72.959477,4.523394],[-72.959465,4.523397]]}},{"type":"Feature","properties":{"TIPO":"Balastrada","CODIGO":"Interna","NDESCRIPCI":"VIA PRINCIPAL DE LA PARCELA","ZONA":"1","BLOQUE":"15","COD_BP":"B.15-P.7"},"geometry":{"type":"LineString","coordinates":[[-72.962911,4.5182],[-72.963335,4.519221]]}},{"type":"Feature","properties":{"TIPO":"Balastrada","CODIGO":"Interna","NDESCRIPCI":"VIA PRINCIPAL DE LA PARCELA","ZONA":"1","BLOQUE":"15","COD_BP":"B.15-P.7"},"geometry":{"type":"LineString","coordinates":[[-72.963335,4.519221],[-72.964407,4.521698],[-72.964761,4.522458],[-72.965561,4.524365],[-72.965538,4.524475]]}},{"type":"Feature","properties":{"TIPO":"Balastrada","CODIGO":"Interna","NDESCRIPCI":"VIA PRINCIPAL DE LAS PARCELAS","ZONA":"1","BLOQUE":"15","COD_BP":"B.15-P.6"},"geometry":{"type":"LineString","coordinates":[[-72.965645,4.524467],[-72.96562,4.524481],[-72.965563,4.524488],[-72.965516,4.524463]]}},{"type":"Feature","properties":{"TIPO":"Balastrada","CODIGO":"Interna","NDESCRIPCI":"VIA PRINCIPAL DE LAS PARCELAS","ZONA":"1","BLOQUE":"15","COD_BP":"B.15-P.6"},"geometry":{"type":"LineString","coordinates":[[-72.965516,4.524463],[-72.965431,4.524397],[-72.96406,4.523605]]}},{"type":"Feature","properties":{"TIPO":"Balastrada","CODIGO":"Interna","NDESCRIPCI":"VIA PRINCIPAL DE LA PARCELA","ZONA":"1","BLOQUE":"14","COD_BP":"B.14-P.16"},"geometry":{"type":"LineString","coordinates":[[-72.979194,4.518147],[-72.976036,4.518721]]}},{"type":"Feature","properties":{"TIPO":"Balastrada","CODIGO":"Interna","NDESCRIPCI":"VIA PRINCIPAL DE LA PARCELA","ZONA":"1","BLOQUE":"14","COD_BP":"B.14-P.16"},"geometry":{"type":"LineString","coordinates":[[-72.976036,4.518721],[-72.97535,4.518846]]}},{"type":"Feature","properties":{"TIPO":"Balastrada","CODIGO":"Interna","NDESCRIPCI":"VIA PRINCIPAL DE LA PARCELA","ZONA":"1","BLOQUE":"14","COD_BP":"B.14-P.14"},"geometry":{"type":"LineString","coordinates":[[-72.974474,4.5252],[-72.971762,4.52569]]}},{"type":"Feature","properties":{"TIPO":"Balastrada","CODIGO":"Interna","NDESCRIPCI":"VIA PRINCIPAL DE LA PARCELA","ZONA":"1","BLOQUE":"14","COD_BP":"B.14-P.14"},"geometry":{"type":"LineString","coordinates":[[-72.971762,4.52569],[-72.971722,4.525697]]}},{"type":"Feature","properties":{"TIPO":"Balastrada","CODIGO":"Interna","NDESCRIPCI":"VIA PRINCIPAL DE LA PARCELA","ZONA":"1","BLOQUE":"14","COD_BP":"B.14-P.20"},"geometry":{"type":"LineString","coordinates":[[-72.971722,4.525697],[-72.968532,4.526274]]}},{"type":"Feature","properties":{"TIPO":"Balastrada","CODIGO":"Interna","ZONA":"3","BLOQUE":"7","COD_BP":"B.7-P.7"},"geometry":{"type":"LineString","coordinates":[[-72.981155,4.479792],[-72.981061,4.48012],[-72.98088,4.480778],[-72.980879,4.480816],[-72.980893,4.480941],[-72.980905,4.48126],[-72.980904,4.481303],[-72.980881,4.481338],[-72.980796,4.481403],[-72.980729,4.481462],[-72.98067,4.481538],[-72.98063,4.481614],[-72.980512,4.482044],[-72.980379,4.482467],[-72.98026,4.482884],[-72.98023,4.483054],[-72.980203,4.483195],[-72.98017,4.483308]]}},{"type":"Feature","properties":{"TIPO":"Balastrada","CODIGO":"Interna","ZONA":"6","BLOQUE":"330","COD_BP":"B.330-P.2"},"geometry":{"type":"LineString","coordinates":[[-72.89977,4.388701],[-72.903135,4.388656],[-72.903173,4.388652],[-72.903197,4.388645],[-72.903228,4.388648],[-72.903273,4.388655],[-72.904114,4.388661],[-72.904754,4.388649],[-72.90524,4.388632],[-72.905347,4.388636],[-72.905404,4.388648]]}},{"type":"Feature","properties":{"TIPO":"Balastrada","CODIGO":"Interna","NDESCRIPCI":"Bloque 334","ZONA":"6","BLOQUE":"334","COD_BP":"B.334-P.10"},"geometry":{"type":"LineString","coordinates":[[-72.903642,4.367548],[-72.903592,4.367553],[-72.903516,4.367541],[-72.90334,4.367439],[-72.903341,4.366237]]}},{"type":"Feature","properties":{"TIPO":"Balastrada","CODIGO":"Interna","NDESCRIPCI":"Bloque 339","ZONA":"7","BLOQUE":"339","COD_BP":"B.339-P.7"},"geometry":{"type":"LineString","coordinates":[[-73.056046,4.39284],[-73.054566,4.395409]]}},{"type":"Feature","properties":{"TIPO":"Balastrada","CODIGO":"Interna","ZONA":"2","BLOQUE":"6","COD_BP":"B.6-P.6"},"geometry":{"type":"LineString","coordinates":[[-72.991142,4.50402],[-72.991179,4.503907],[-72.991194,4.503827],[-72.991203,4.503747],[-72.991222,4.503625],[-72.991242,4.503513],[-72.991275,4.503433],[-72.991297,4.503345],[-72.991324,4.503228],[-72.99135,4.503126],[-72.991354,4.503031],[-72.991357,4.50287],[-72.991348,4.50275],[-72.991334,4.502552],[-72.991322,4.502348],[-72.991308,4.502252],[-72.991288,4.502197],[-72.991245,4.502133],[-72.991208,4.502033],[-72.991141,4.501959],[-72.991107,4.501887],[-72.991089,4.501761],[-72.991052,4.501617],[-72.991053,4.501541],[-72.991063,4.501435]]}},{"type":"Feature","properties":{"TIPO":"Proyectada","CODIGO":"Interna","ZONA":"7","BLOQUE":"339","COD_BP":"B.339-P.22"},"geometry":{"type":"LineString","coordinates":[[-73.041109,4.385893],[-73.042538,4.386154],[-73.042997,4.386253],[-73.043375,4.386324],[-73.04383,4.386422],[-73.044136,4.386511],[-73.044229,4.386514],[-73.04487,4.38656],[-73.045298,4.386554],[-73.046113,4.386555]]}},{"type":"Feature","properties":{"TIPO":"Balastrada","CODIGO":"Interna","NDESCRIPCI":"Bloque 339","ZONA":"7","BLOQUE":"339","COD_BP":"B.339-P.21"},"geometry":{"type":"LineString","coordinates":[[-73.048003,4.387978],[-73.048,4.390397]]}},{"type":"Feature","properties":{"TIPO":"Balastrada","CODIGO":"Interna","NDESCRIPCI":"Bloque 339","ZONA":"7","BLOQUE":"339","COD_BP":"B.339-P.20"},"geometry":{"type":"LineString","coordinates":[[-73.044347,4.387325],[-73.044342,4.39105]]}},{"type":"Feature","properties":{"TIPO":"Balastrada","CODIGO":"Interna","NDESCRIPCI":"Bloque 339","ZONA":"7","BLOQUE":"339","COD_BP":"B.339-P.19"},"geometry":{"type":"LineString","coordinates":[[-73.040769,4.389211],[-73.040766,4.391734]]}},{"type":"Feature","properties":{"TIPO":"Proyectada","CODIGO":"Interna","NDESCRIPCI":"Bloque 31","ZONA":"7","BLOQUE":"31","COD_BP":"B.31-P.23"},"geometry":{"type":"LineString","coordinates":[[-73.100973,4.422982],[-73.097777,4.422979]]}},{"type":"Feature","properties":{"TIPO":"Proyectada","CODIGO":"Interna","ZONA":"3","BLOQUE":"7","COD_BP":"B.7-P.4"},"geometry":{"type":"LineString","coordinates":[[-72.989968,4.470605],[-72.990336,4.47884],[-72.990324,4.4789],[-72.990298,4.478966],[-72.990251,4.479027],[-72.988387,4.480231],[-72.988342,4.48026]]}},{"type":"Feature","properties":{"TIPO":"Proyectada","ZONA":"0","BLOQUE":"0"},"geometry":{"type":"LineString","coordinates":[[-72.96547,4.521292],[-72.965341,4.521248],[-72.964168,4.520644],[-72.964002,4.520549],[-72.963909,4.520341],[-72.963663,4.519695],[-72.963068,4.518269],[-72.962998,4.517264],[-72.963006,4.51711],[-72.963053,4.516845]]}},{"type":"Feature","properties":{"TIPO":"Balastrada","CODIGO":"Interna","ZONA":"11","BLOQUE":"1","COD_BP":"B.1-P.133"},"geometry":{"type":"LineString","coordinates":[[-72.973168,4.536327],[-72.972607,4.536436],[-72.972409,4.53649],[-72.971318,4.536759],[-72.970327,4.536984],[-72.969966,4.537083],[-72.969245,4.537281],[-72.969074,4.537353],[-72.968906,4.537421],[-72.968809,4.537472],[-72.968355,4.537718],[-72.9681,4.537874]]}},{"type":"Feature","properties":{"TIPO":"Balastrada","CODIGO":"Interna","ZONA":"11","BLOQUE":"1","COD_BP":"B.1-P.137"},"geometry":{"type":"LineString","coordinates":[[-72.966922,4.53867],[-72.966483,4.538975],[-72.966255,4.53912]]}},{"type":"Feature","properties":{"TIPO":"Balastrada","CODIGO":"Interna","ZONA":"11","BLOQUE":"1","COD_BP":"B.1-P.139"},"geometry":{"type":"LineString","coordinates":[[-72.966255,4.53912],[-72.965884,4.539385],[-72.965268,4.539801],[-72.964754,4.540142]]}},{"type":"Feature","properties":{"TIPO":"Balastrada","CODIGO":"Interna","ZONA":"11","BLOQUE":"2","COD_BP":"B.2-P.140"},"geometry":{"type":"LineString","coordinates":[[-72.963719,4.540857],[-72.9631,4.541288],[-72.96247,4.541706],[-72.961534,4.542359],[-72.960922,4.542776],[-72.960614,4.542978],[-72.96021,4.54319],[-72.959343,4.543606]]}},{"type":"Feature","properties":{"TIPO":"Balastrada","CODIGO":"Interna","ZONA":"1","BLOQUE":"17","COD_BP":"B.17-P.3"},"geometry":{"type":"LineString","coordinates":[[-72.955411,4.534592],[-72.953429,4.534589]]}},{"type":"Feature","properties":{"TIPO":"Balastrada","CODIGO":"Interna","ZONA":"1","BLOQUE":"17","COD_BP":"B.17-P.3"},"geometry":{"type":"LineString","coordinates":[[-72.953429,4.534589],[-72.951059,4.534585]]}},{"type":"Feature","properties":{"TIPO":"Balastrada","CODIGO":"Interna","ZONA":"1","BLOQUE":"325","COD_BP":"B.325-P.5"},"geometry":{"type":"LineString","coordinates":[[-72.960808,4.504214],[-72.960805,4.50625]]}},{"type":"Feature","properties":{"TIPO":"Balastrada","CODIGO":"Interna","ZONA":"1","BLOQUE":"325","COD_BP":"B.325-P.3"},"geometry":{"type":"LineString","coordinates":[[-72.960805,4.50625],[-72.960804,4.507327],[-72.960802,4.507336],[-72.960798,4.507345]]}},{"type":"Feature","properties":{"TIPO":"Balastrada","CODIGO":"Interna","NDESCRIPCI":"VIA PRINCIPAL DE LA PARCELA","ZONA":"1","BLOQUE":"14","COD_BP":"B.14-P.6"},"geometry":{"type":"LineString","coordinates":[[-72.984492,4.523388],[-72.98302,4.523655]]}},{"type":"Feature","properties":{"TIPO":"Balastrada","CODIGO":"Interna","NDESCRIPCI":"VIA PRINCIPAL DE LA PARCELA","ZONA":"1","BLOQUE":"14","COD_BP":"B.14-P.6"},"geometry":{"type":"LineString","coordinates":[[-72.98302,4.523655],[-72.977113,4.524723]]}},{"type":"Feature","properties":{"TIPO":"Balastrada","CODIGO":"Interna","ZONA":"1","BLOQUE":"14","COD_BP":"B.14-P.6"},"geometry":{"type":"LineString","coordinates":[[-72.982659,4.521656],[-72.98302,4.523655]]}},{"type":"Feature","properties":{"TIPO":"Balastrada","CODIGO":"Interna","NDESCRIPCI":"VIA PRINCIPAL DE LA PARCELA","ZONA":"1","BLOQUE":"14","COD_BP":"B.14-P.5"},"geometry":{"type":"LineString","coordinates":[[-72.984501,4.525451],[-72.983381,4.525654]]}},{"type":"Feature","properties":{"TIPO":"Balastrada","CODIGO":"Interna","NDESCRIPCI":"VIA PRINCIPAL DE LA PARCELA","ZONA":"1","BLOQUE":"14","COD_BP":"B.14-P.5"},"geometry":{"type":"LineString","coordinates":[[-72.983381,4.525654],[-72.977492,4.52672],[-72.977472,4.526724],[-72.97747,4.526725]]}},{"type":"Feature","properties":{"TIPO":"Balastrada","CODIGO":"Interna","ZONA":"1","BLOQUE":"14","COD_BP":"B.14-P.5"},"geometry":{"type":"LineString","coordinates":[[-72.98302,4.523655],[-72.983381,4.525654]]}},{"type":"Feature","properties":{"TIPO":"Balastrada","CODIGO":"Interna","ZONA":"1","BLOQUE":"14","COD_BP":"B.14-P.4"},"geometry":{"type":"LineString","coordinates":[[-72.983381,4.525654],[-72.983728,4.527575],[-72.983723,4.527619],[-72.983701,4.527654],[-72.983663,4.527667]]}},{"type":"Feature","properties":{"TIPO":"Balastrada","CODIGO":"Interna","ZONA":"1","BLOQUE":"14","COD_BP":"B.14-P.3"},"geometry":{"type":"LineString","coordinates":[[-72.983663,4.527667],[-72.983655,4.527707],[-72.98365,4.527796],[-72.983634,4.527863],[-72.983614,4.527912],[-72.983543,4.527989],[-72.98341,4.528105],[-72.983339,4.528196],[-72.983292,4.528275],[-72.983223,4.528365],[-72.983158,4.528405],[-72.983085,4.528425],[-72.982981,4.52842],[-72.982859,4.528418],[-72.98277,4.528436],[-72.982651,4.528474],[-72.98256,4.528536],[-72.982444,4.528681],[-72.982333,4.528781],[-72.981867,4.52918],[-72.981839,4.529198],[-72.981817,4.529198],[-72.981787,4.529183],[-72.981726,4.529164],[-72.981692,4.529157],[-72.981667,4.529166],[-72.981432,4.529361],[-72.981353,4.529404],[-72.981322,4.529441],[-72.98132,4.529459],[-72.981332,4.529502]]}},{"type":"Feature","properties":{"TIPO":"Balastrada","CODIGO":"Interna","NDESCRIPCI":"VIA PRINCIPAL DE LA PARCELA","ZONA":"1","BLOQUE":"14","COD_BP":"B.14-P.3"},"geometry":{"type":"LineString","coordinates":[[-72.980995,4.530215],[-72.98105,4.529776],[-72.981065,4.529728],[-72.981077,4.529689],[-72.981095,4.529651],[-72.981109,4.529625],[-72.981131,4.529597],[-72.981161,4.529578],[-72.981197,4.529558],[-72.981235,4.529539],[-72.981275,4.529522],[-72.981332,4.529502]]}},{"type":"Feature","properties":{"TIPO":"Balastrada","CODIGO":"Interna","NDESCRIPCI":"VIA PRINCIPAL DE LA PARCELA","ZONA":"1","BLOQUE":"14","COD_BP":"B.14-P.3"},"geometry":{"type":"LineString","coordinates":[[-72.981332,4.529502],[-72.982078,4.529244],[-72.982211,4.529199]]}},{"type":"Feature","properties":{"TIPO":"Balastrada","CODIGO":"Interna","ZONA":"1","BLOQUE":"18","COD_BP":"B.18-P.1"},"geometry":{"type":"LineString","coordinates":[[-72.984873,4.517159],[-72.984827,4.51678],[-72.984729,4.515984],[-72.984719,4.515903]]}},{"type":"Feature","properties":{"TIPO":"Balastrada","CODIGO":"Interna","ZONA":"1","BLOQUE":"18","COD_BP":"B.18-P.1"},"geometry":{"type":"LineString","coordinates":[[-72.984719,4.515903],[-72.98464,4.515207],[-72.984586,4.5148],[-72.984577,4.514736],[-72.984568,4.514709],[-72.984559,4.514673],[-72.984532,4.514646],[-72.984496,4.514619],[-72.98446,4.51461],[-72.984415,4.51461],[-72.984289,4.514591],[-72.984181,4.514573],[-72.984109,4.514564],[-72.984082,4.514555],[-72.984037,4.514546],[-72.98401,4.514528],[-72.983983,4.5145],[-72.983965,4.514482],[-72.983956,4.514446],[-72.983956,4.51441],[-72.983956,4.514382]]}},{"type":"Feature","properties":{"TIPO":"Pavimentada","CODIGO":"Externa","NDESCRIPCI":"Barranca - Villanueva","ZONA":"0","BLOQUE":"0","COD_BP":"B.-P.0"},"geometry":{"type":"LineString","coordinates":[[-72.965296,4.56981],[-72.96505,4.570029],[-72.964656,4.57036],[-72.964155,4.570788],[-72.963687,4.571185],[-72.963363,4.571417],[-72.962001,4.572311],[-72.96103,4.572933],[-72.960153,4.573493],[-72.959206,4.574105],[-72.95878,4.574375],[-72.958616,4.574473],[-72.958468,4.57455],[-72.958315,4.574618],[-72.958008,4.574734],[-72.957659,4.574864],[-72.957228,4.575022],[-72.957061,4.575071],[-72.956638,4.575179],[-72.956192,4.575291],[-72.955444,4.575477],[-72.955001,4.575589],[-72.954467,4.57573],[-72.953765,4.575925],[-72.952727,4.576214],[-72.950696,4.576783],[-72.948961,4.577264],[-72.94845,4.577401],[-72.947703,4.577609],[-72.946613,4.577908],[-72.945336,4.578246],[-72.944677,4.578426],[-72.943965,4.57862],[-72.943541,4.578731],[-72.942901,4.578905],[-72.94203,4.579133],[-72.941603,4.579244],[-72.941193,4.579361],[-72.940972,4.579424],[-72.940831,4.579469],[-72.940549,4.579558],[-72.940341,4.579624],[-72.940134,4.579703],[-72.939766,4.579843],[-72.939179,4.580077],[-72.938589,4.580326],[-72.938166,4.580504],[-72.937648,4.580722],[-72.937265,4.58089],[-72.936648,4.58115],[-72.936104,4.58138],[-72.935608,4.581594],[-72.935117,4.581802],[-72.934629,4.582005],[-72.934076,4.582235],[-72.933815,4.582339],[-72.933689,4.582395],[-72.933545,4.582461],[-72.933431,4.582521],[-72.933313,4.582577],[-72.933225,4.582633],[-72.932837,4.582926],[-72.932369,4.583315],[-72.931699,4.583849],[-72.930822,4.58456],[-72.930111,4.585138],[-72.929359,4.585752],[-72.929192,4.585904],[-72.929058,4.586027],[-72.92894,4.586142],[-72.928809,4.586281],[-72.928689,4.586422],[-72.928552,4.586589],[-72.92843,4.586748],[-72.928178,4.587104],[-72.927839,4.587591],[-72.92741,4.588221],[-72.926978,4.588861],[-72.926569,4.589436],[-72.926106,4.590099],[-72.925665,4.590737],[-72.925062,4.591602],[-72.924637,4.592198],[-72.924051,4.592968],[-72.923829,4.593287],[-72.92371,4.593457],[-72.923632,4.59358],[-72.923579,4.593685],[-72.923531,4.593786],[-72.923488,4.593893],[-72.923456,4.593994],[-72.92343,4.594095],[-72.923414,4.59419],[-72.923401,4.594275],[-72.923397,4.594393],[-72.923399,4.594503],[-72.923407,4.594616],[-72.923426,4.594737],[-72.923452,4.594842],[-72.923484,4.594949],[-72.92352,4.595052],[-72.923572,4.595159],[-72.923626,4.595251],[-72.923689,4.595349],[-72.923748,4.595423],[-72.923818,4.595498],[-72.923895,4.595569],[-72.923977,4.595645],[-72.924067,4.595711],[-72.924182,4.595785],[-72.924286,4.595839],[-72.924396,4.595891],[-72.924683,4.595997],[-72.925051,4.596114],[-72.92555,4.596261],[-72.925758,4.596354],[-72.925821,4.596394],[-72.925907,4.596455],[-72.925971,4.596509],[-72.926046,4.596585],[-72.926099,4.596653],[-72.926145,4.596719],[-72.926184,4.596796],[-72.926211,4.596856],[-72.926238,4.596927],[-72.926258,4.596981],[-72.926275,4.597044],[-72.926284,4.597105],[-72.926289,4.597172],[-72.926293,4.597247],[-72.926288,4.597333],[-72.926274,4.597457],[-72.926255,4.597563],[-72.926224,4.597687],[-72.926192,4.59783],[-72.926165,4.597939],[-72.926145,4.59802],[-72.92602,4.598538],[-72.925845,4.599257],[-72.925668,4.599991],[-72.925464,4.60082],[-72.925236,4.60175],[-72.92507,4.602449],[-72.924916,4.60308],[-72.924804,4.603539],[-72.927354,4.605693]]}},{"type":"Feature","properties":{"TIPO":"Proyectada","CODIGO":"Interna","NDESCRIPCI":"Bloque 31","ZONA":"7","BLOQUE":"31","COD_BP":"B.31-P.23"},"geometry":{"type":"LineString","coordinates":[[-73.096393,4.417652],[-73.096386,4.417751],[-73.096337,4.417817],[-73.096312,4.418144],[-73.096381,4.418376],[-73.096616,4.418507],[-73.096896,4.418581],[-73.09705,4.418606],[-73.097742,4.419004],[-73.097816,4.41912],[-73.098215,4.419387],[-73.09827,4.419665],[-73.098368,4.419929],[-73.098539,4.420171],[-73.098672,4.420256],[-73.098759,4.420361],[-73.098829,4.420498],[-73.098812,4.420646],[-73.098569,4.421275],[-73.09832,4.42178]]}},{"type":"Feature","properties":{"TIPO":"Balastrada","CODIGO":"Interna","NDESCRIPCI":"Bloque 31","ZONA":"7","BLOQUE":"31","COD_BP":"B.31-P.24"},"geometry":{"type":"LineString","coordinates":[[-73.10203,4.415034],[-73.101185,4.414711],[-73.100652,4.4145],[-73.099798,4.414191],[-73.099171,4.413971],[-73.098468,4.413653],[-73.097988,4.413474],[-73.097054,4.413125],[-73.09648,4.412887],[-73.096026,4.41273],[-73.095506,4.41252],[-73.095261,4.412408],[-73.093607,4.41145],[-73.092678,4.410912],[-73.092647,4.410872],[-73.092523,4.410667],[-73.092141,4.41009],[-73.091936,4.409839],[-73.091639,4.409468],[-73.09151,4.409223],[-73.091461,4.409093],[-73.091454,4.407677],[-73.091465,4.406203],[-73.091492,4.405931],[-73.09155,4.40577],[-73.091562,4.405754]]}},{"type":"Feature","properties":{"TIPO":"Balastrada","CODIGO":"Interna","NDESCRIPCI":"Bloque 31","ZONA":"7","BLOQUE":"31","COD_BP":"B.31-P.8"},"geometry":{"type":"LineString","coordinates":[[-73.053874,4.411824],[-73.049339,4.419684]]}},{"type":"Feature","properties":{"TIPO":"Balastrada","CODIGO":"Interna","NDESCRIPCI":"Bloque 31","ZONA":"7","BLOQUE":"31","COD_BP":"B.31-P.9"},"geometry":{"type":"LineString","coordinates":[[-73.055549,4.4128],[-73.057722,4.414066]]}},{"type":"Feature","properties":{"TIPO":"Proyectada","CODIGO":"Interna","NDESCRIPCI":"Bloque 31","ZONA":"7","BLOQUE":"31","COD_BP":"B.31-P.9"},"geometry":{"type":"LineString","coordinates":[[-73.056574,4.416118],[-73.056568,4.416129],[-73.056283,4.41665],[-73.056068,4.417059],[-73.055448,4.418192],[-73.055204,4.418639],[-73.055043,4.418978],[-73.054944,4.419127],[-73.054898,4.419184],[-73.054766,4.419221],[-73.054725,4.419245]]}},{"type":"Feature","properties":{"TIPO":"Balastrada","CODIGO":"Interna","NDESCRIPCI":"Bloque 339","ZONA":"7","BLOQUE":"339","COD_BP":"B.339-P.14"},"geometry":{"type":"LineString","coordinates":[[-73.03783,4.39254],[-73.03757,4.392573],[-73.037098,4.392631],[-73.036366,4.392766],[-73.03579,4.392889],[-73.035525,4.392927],[-73.034981,4.393037],[-73.034502,4.393166],[-73.034094,4.393231],[-73.033401,4.393308],[-73.032967,4.393372],[-73.032631,4.39345],[-73.032281,4.393521],[-73.032113,4.393533],[-73.031912,4.393481],[-73.0312,4.393214],[-73.030282,4.39279],[-73.029685,4.392577]]}},{"type":"Feature","properties":{"TIPO":"Pavimentada","CODIGO":"Externa","NDESCRIPCI":"Barranca - Maya","ZONA":"0","BLOQUE":"0","COD_BP":"B.-P.0"},"geometry":{"type":"LineString","coordinates":[[-73.125213,4.484996],[-73.127055,4.486544],[-73.132183,4.491117]]}},{"type":"Feature","properties":{"TIPO":"Balastrada","CODIGO":"Interna","NDESCRIPCI":"Mucuna","ZONA":"2","BLOQUE":"90","COD_BP":"B.90-P.592"},"geometry":{"type":"LineString","coordinates":[[-72.960355,4.477055],[-72.960097,4.476872],[-72.959078,4.475594]]}},{"type":"Feature","properties":{"TIPO":"Balastrada","CODIGO":"Interna","NDESCRIPCI":"Bloque 12","ZONA":"3","BLOQUE":"12","COD_BP":"B.12-P.5"},"geometry":{"type":"LineString","coordinates":[[-72.990655,4.437464],[-72.990526,4.43759],[-72.990493,4.437717],[-72.990493,4.437849],[-72.990465,4.43792],[-72.990408,4.438005],[-72.990329,4.438107]]}},{"type":"Feature","properties":{"TIPO":"Balastrada","CODIGO":"Interna","ZONA":"2","BLOQUE":"5","COD_BP":"B.5-P.2"},"geometry":{"type":"LineString","coordinates":[[-72.99446,4.513735],[-72.994156,4.513763]]}},{"type":"Feature","properties":{"TIPO":"Balastrada","CODIGO":"Interna","ZONA":"2","BLOQUE":"6","COD_BP":"B.6-P.3"},"geometry":{"type":"LineString","coordinates":[[-72.992896,4.491557],[-72.992956,4.492842],[-72.992981,4.493551],[-72.99302,4.494424],[-72.993038,4.494729],[-72.993044,4.494994],[-72.993055,4.495227],[-72.993058,4.495375],[-72.993058,4.495532],[-72.993053,4.495692],[-72.993032,4.495855],[-72.993046,4.496046],[-72.993053,4.496358],[-72.99306,4.496652],[-72.993077,4.497079],[-72.993098,4.497327],[-72.993094,4.497438],[-72.99308,4.497523]]}},{"type":"Feature","properties":{"TIPO":"Balastrada","CODIGO":"Interna","ZONA":"2","BLOQUE":"6","COD_BP":"B.6-P.3"},"geometry":{"type":"LineString","coordinates":[[-72.993175,4.500614],[-72.993182,4.500721],[-72.993242,4.501848],[-72.993251,4.502437],[-72.9933,4.503727],[-72.993302,4.503957]]}},{"type":"Feature","properties":{"TIPO":"Balastrada","CODIGO":"Interna","ZONA":"3","BLOQUE":"323","COD_BP":"B.323-P.5"},"geometry":{"type":"LineString","coordinates":[[-72.977921,4.4705],[-72.977937,4.460042],[-72.977929,4.460026],[-72.977916,4.460013],[-72.977892,4.459991],[-72.977865,4.459966],[-72.977855,4.459951],[-72.977849,4.45993],[-72.977846,4.459906],[-72.977843,4.45987]]}},{"type":"Feature","properties":{"TIPO":"Balastrada","CODIGO":"Interna","ZONA":"3","BLOQUE":"21","COD_BP":"B.21-P.9"},"geometry":{"type":"LineString","coordinates":[[-72.97738,4.460205],[-72.977474,4.460175],[-72.977548,4.460141],[-72.977561,4.460129],[-72.977563,4.460113],[-72.977561,4.460047],[-72.977562,4.46003],[-72.977579,4.460017],[-72.977821,4.459882],[-72.977843,4.45987]]}},{"type":"Feature","properties":{"TIPO":"Balastrada","CODIGO":"Interna","ZONA":"2","BLOQUE":"90","COD_BP":"B.90-P.595"},"geometry":{"type":"LineString","coordinates":[[-72.952956,4.481135],[-72.953103,4.481076],[-72.953354,4.480983],[-72.953694,4.480851],[-72.954405,4.480575],[-72.954956,4.480361],[-72.955063,4.480317]]}},{"type":"Feature","properties":{"TIPO":"Balastrada","CODIGO":"Interna","NDESCRIPCI":"Vía interna corozo 1","ZONA":"2","BLOQUE":"90","COD_BP":"B.90-P.592"},"geometry":{"type":"LineString","coordinates":[[-72.961284,4.475119],[-72.961295,4.474248],[-72.96129,4.474206],[-72.961279,4.474164],[-72.961261,4.474125],[-72.961239,4.474089]]}},{"type":"Feature","properties":{"TIPO":"Balastrada","CODIGO":"Interna","ZONA":"10","BLOQUE":"123","COD_BP":"B.123-P.118"},"geometry":{"type":"LineString","coordinates":[[-72.961054,4.476743],[-72.961058,4.476818],[-72.961067,4.476934]]}},{"type":"Feature","properties":{"TIPO":"Balastrada","CODIGO":"Interna","ZONA":"3","BLOQUE":"7","COD_BP":"B.7-P.7"},"geometry":{"type":"LineString","coordinates":[[-72.98017,4.483308],[-72.980144,4.483395],[-72.98011,4.483495]]}},{"type":"Feature","properties":{"TIPO":"Balastrada","CODIGO":"Interna","ZONA":"2","BLOQUE":"3","COD_BP":"B.3-P.3"},"geometry":{"type":"LineString","coordinates":[[-72.97699,4.488461],[-72.976932,4.487393],[-72.976855,4.485217],[-72.976848,4.485066]]}},{"type":"Feature","properties":{"TIPO":"Balastrada","CODIGO":"Interna","NDESCRIPCI":"Bloque 20","ZONA":"1","BLOQUE":"20","COD_BP":"B.20-P.17"},"geometry":{"type":"LineString","coordinates":[[-72.954987,4.519774],[-72.951709,4.519769],[-72.951476,4.51981]]}},{"type":"Feature","properties":{"TIPO":"Balastrada","CODIGO":"Interna","NDESCRIPCI":"Bloque 20","ZONA":"1","BLOQUE":"20","COD_BP":"B.20-P.17"},"geometry":{"type":"LineString","coordinates":[[-72.952449,4.521858],[-72.954117,4.521859],[-72.954438,4.521859]]}},{"type":"Feature","properties":{"TIPO":"Balastrada","CODIGO":"Interna","ZONA":"5","BLOQUE":"336","COD_BP":"B.336-P.18"},"geometry":{"type":"LineString","coordinates":[[-72.922129,4.44005],[-72.9222,4.440008]]}},{"type":"Feature","properties":{"TIPO":"Balastrada","CODIGO":"Interna","NDESCRIPCI":"Bloque 329","ZONA":"6","BLOQUE":"329","COD_BP":"B.329-P.26"},"geometry":{"type":"LineString","coordinates":[[-72.90945,4.414755],[-72.909439,4.414753],[-72.909417,4.414746],[-72.909398,4.414736],[-72.909386,4.414724],[-72.909382,4.414719]]}},{"type":"Feature","properties":{"TIPO":"Balastrada","CODIGO":"Interna","NDESCRIPCI":"Bloque 329","ZONA":"6","BLOQUE":"329","COD_BP":"B.329-P.12"},"geometry":{"type":"LineString","coordinates":[[-72.924165,4.415122],[-72.924081,4.415189],[-72.92389,4.415362],[-72.923457,4.415724],[-72.923062,4.416086],[-72.922502,4.416597],[-72.922416,4.416673],[-72.922323,4.41674],[-72.922216,4.416803],[-72.922081,4.416844],[-72.92197,4.416848],[-72.921848,4.416823],[-72.92148,4.416708],[-72.920991,4.41653],[-72.92008,4.416179],[-72.919872,4.416101]]}},{"type":"Feature","properties":{"TIPO":"Pavimentada","CODIGO":"Externa","NDESCRIPCI":"CASINO UPIA - PORTAL","ZONA":"0","BLOQUE":"0","COD_BP":"B.-P.0"},"geometry":{"type":"LineString","coordinates":[[-72.940713,4.433292],[-72.942456,4.436621],[-72.942898,4.437438]]}},{"type":"Feature","properties":{"TIPO":"Pavimentada","CODIGO":"Externa","NDESCRIPCI":"CASINO UPIA - PORTAL","ZONA":"0","BLOQUE":"0","COD_BP":"B.-P.0"},"geometry":{"type":"LineString","coordinates":[[-72.934677,4.416455],[-72.934725,4.416716],[-72.935189,4.420072],[-72.935387,4.421734]]}},{"type":"Feature","properties":{"TIPO":"Balastrada","CODIGO":"Interna","ZONA":"3","BLOQUE":"7","COD_BP":"B.7-P.1"},"geometry":{"type":"LineString","coordinates":[[-72.994793,4.47599],[-72.994757,4.475975],[-72.994691,4.475973]]}},{"type":"Feature","properties":{"TIPO":"Balastrada","CODIGO":"Interna","NDESCRIPCI":"Vía de Patos 2 y 3","ZONA":"2","BLOQUE":"90","COD_BP":"B.90-P.601"},"geometry":{"type":"LineString","coordinates":[[-72.959787,4.485637],[-72.959444,4.487707],[-72.959285,4.488751],[-72.959233,4.489099]]}},{"type":"Feature","properties":{"TIPO":"Balastrada","CODIGO":"Interna","ZONA":"2","BLOQUE":"90","COD_BP":"B.90-P.465"},"geometry":{"type":"LineString","coordinates":[[-72.962989,4.484829],[-72.962949,4.484764],[-72.962925,4.484707],[-72.962908,4.484666],[-72.962883,4.484597],[-72.962839,4.484496],[-72.962811,4.484434],[-72.962809,4.484408],[-72.962823,4.484362],[-72.962866,4.484306],[-72.962933,4.48424],[-72.962992,4.484214],[-72.963052,4.484202],[-72.963097,4.484166],[-72.963114,4.484123]]}},{"type":"Feature","properties":{"TIPO":"Balastrada","CODIGO":"Interna","ZONA":"3","BLOQUE":"21","COD_BP":"B.21-P.3"},"geometry":{"type":"LineString","coordinates":[[-72.974254,4.458817],[-72.974247,4.458863],[-72.974228,4.458998],[-72.97421,4.459152],[-72.974183,4.459342],[-72.974164,4.45955],[-72.974155,4.459785],[-72.974128,4.459911],[-72.974119,4.460093],[-72.974093,4.460216],[-72.97403,4.46026],[-72.97402,4.460283],[-72.974013,4.460299],[-72.974018,4.460346],[-72.974047,4.460393],[-72.974067,4.460472],[-72.974037,4.460734],[-72.974034,4.460772]]}},{"type":"Feature","properties":{"TIPO":"Balastrada","CODIGO":"Interna","ZONA":"3","BLOQUE":"21","COD_BP":"B.21-P.14"},"geometry":{"type":"LineString","coordinates":[[-72.973667,4.460995],[-72.971905,4.460993]]}},{"type":"Feature","properties":{"TIPO":"Balastrada","CODIGO":"Interna","ZONA":"3","BLOQUE":"21","COD_BP":"B.21-P.7"},"geometry":{"type":"LineString","coordinates":[[-72.974254,4.460201],[-72.974272,4.460201],[-72.974693,4.460201]]}},{"type":"Feature","properties":{"TIPO":"Balastrada","CODIGO":"Interna","ZONA":"3","BLOQUE":"21","COD_BP":"B.21-P.6"},"geometry":{"type":"LineString","coordinates":[[-72.974693,4.460201],[-72.975469,4.460203]]}},{"type":"Feature","properties":{"TIPO":"Balastrada","CODIGO":"Interna","ZONA":"3","BLOQUE":"21","COD_BP":"B.21-P.9"},"geometry":{"type":"LineString","coordinates":[[-72.977843,4.45987],[-72.978027,4.459767],[-72.978045,4.459751],[-72.978059,4.459703],[-72.978074,4.459662],[-72.978095,4.459643],[-72.978467,4.459422],[-72.978474,4.459385],[-72.978478,4.459349],[-72.978504,4.459321],[-72.978688,4.459215]]}},{"type":"Feature","properties":{"TIPO":"Balastrada","CODIGO":"Interna","ZONA":"3","BLOQUE":"21","COD_BP":"B.21-P.9"},"geometry":{"type":"LineString","coordinates":[[-72.978688,4.459215],[-72.978789,4.459156],[-72.978809,4.459134],[-72.978824,4.459091],[-72.97884,4.459052],[-72.97886,4.45904],[-72.979314,4.45879]]}},{"type":"Feature","properties":{"TIPO":"Balastrada","CODIGO":"Interna","ZONA":"3","BLOQUE":"21","COD_BP":"B.21-P.11"},"geometry":{"type":"LineString","coordinates":[[-72.97676,4.455633],[-72.978693,4.455636]]}},{"type":"Feature","properties":{"TIPO":"Balastrada","CODIGO":"Interna","ZONA":"3","BLOQUE":"21","COD_BP":"B.21-P.10"},"geometry":{"type":"LineString","coordinates":[[-72.978693,4.455636],[-72.981081,4.45564]]}},{"type":"Feature","properties":{"TIPO":"Balastrada","CODIGO":"Interna","ZONA":"3","BLOQUE":"21","COD_BP":"B.21-P.13"},"geometry":{"type":"LineString","coordinates":[[-72.981081,4.45564],[-72.983323,4.455644]]}},{"type":"Feature","properties":{"TIPO":"Balastrada","CODIGO":"Interna","ZONA":"3","BLOQUE":"21","COD_BP":"B.21-P.12"},"geometry":{"type":"LineString","coordinates":[[-72.983323,4.455644],[-72.985737,4.455648]]}},{"type":"Feature","properties":{"TIPO":"Balastrada","CODIGO":"Interna","ZONA":"4","BLOQUE":"11","COD_BP":"B.11-P.19"},"geometry":{"type":"LineString","coordinates":[[-72.970174,4.432084],[-72.970368,4.43175],[-72.97054,4.431452],[-72.970657,4.431226],[-72.97072,4.431145],[-72.97082,4.431091],[-72.971496,4.430703],[-72.971703,4.430577],[-72.971784,4.430532],[-72.971866,4.43046],[-72.971938,4.430387],[-72.972037,4.430243],[-72.9721,4.430144],[-72.972145,4.430035],[-72.972299,4.429782],[-72.97238,4.429656],[-72.972471,4.429493],[-72.972605,4.429232]]}},{"type":"Feature","properties":{"TIPO":"Balastrada","CODIGO":"Interna","ZONA":"4","BLOQUE":"11","COD_BP":"B.11-P.19"},"geometry":{"type":"LineString","coordinates":[[-72.972605,4.429232],[-72.972633,4.429177],[-72.972714,4.42906],[-72.97294,4.428698],[-72.973021,4.428563],[-72.973067,4.428454],[-72.973148,4.428301],[-72.97322,4.428192],[-72.973301,4.428111],[-72.973337,4.428075],[-72.973392,4.428039],[-72.973446,4.428003],[-72.973581,4.427922],[-72.97396,4.427687]]}},{"type":"Feature","properties":{"TIPO":"Balastrada","CODIGO":"Interna","ZONA":"4","BLOQUE":"16","COD_BP":"B.16-P.6"},"geometry":{"type":"LineString","coordinates":[[-72.968767,4.421606],[-72.96885,4.421469],[-72.969023,4.421212],[-72.969426,4.420626],[-72.96977,4.420136],[-72.969928,4.419918],[-72.970062,4.419718],[-72.970307,4.419366],[-72.970355,4.4193]]}},{"type":"Feature","properties":{"TIPO":"Balastrada","CODIGO":"Interna","ZONA":"4","BLOQUE":"16","COD_BP":"B.16-P.6"},"geometry":{"type":"LineString","coordinates":[[-72.968767,4.421606],[-72.968411,4.422093],[-72.968155,4.42246],[-72.967937,4.42278],[-72.967871,4.422897]]}},{"type":"Feature","properties":{"TIPO":"Balastrada","CODIGO":"Interna","ZONA":"6","BLOQUE":"330","COD_BP":"B.330-P.2"},"geometry":{"type":"LineString","coordinates":[[-72.899508,4.388723],[-72.899597,4.388707],[-72.89977,4.388701]]}},{"type":"Feature","properties":{"TIPO":"Balastrada","CODIGO":"Interna","ZONA":"6","BLOQUE":"330","COD_BP":"B.330-P.2"},"geometry":{"type":"LineString","coordinates":[[-72.899411,4.388771],[-72.899414,4.388767],[-72.899498,4.388725],[-72.899508,4.388723]]}},{"type":"Feature","properties":{"TIPO":"Balastrada","CODIGO":"Interna","NDESCRIPCI":"Bloque 329","ZONA":"6","BLOQUE":"329","COD_BP":"B.329-P.16"},"geometry":{"type":"LineString","coordinates":[[-72.921808,4.404939],[-72.921932,4.405041],[-72.922148,4.405229],[-72.922445,4.405489],[-72.922587,4.405609],[-72.922725,4.405715],[-72.922842,4.405809],[-72.922925,4.405886],[-72.92308,4.40605],[-72.923181,4.406146],[-72.923381,4.406338],[-72.923616,4.406583],[-72.923796,4.406762],[-72.92411,4.407079],[-72.924406,4.407378],[-72.924485,4.407452]]}},{"type":"Feature","properties":{"TIPO":"Balastrada","CODIGO":"Interna","NDESCRIPCI":"Bloque 329","ZONA":"6","BLOQUE":"329","COD_BP":"B.329-P.23"},"geometry":{"type":"LineString","coordinates":[[-72.911831,4.40504],[-72.912,4.405041]]}},{"type":"Feature","properties":{"TIPO":"Balastrada","CODIGO":"Interna","NDESCRIPCI":"Bloque 329","ZONA":"6","BLOQUE":"329","COD_BP":"B.329-P.24"},"geometry":{"type":"LineString","coordinates":[[-72.911442,4.402558],[-72.911488,4.402681],[-72.911577,4.402987],[-72.911586,4.403105]]}},{"type":"Feature","properties":{"TIPO":"Balastrada","CODIGO":"Interna","NDESCRIPCI":"Bloque 329","ZONA":"6","BLOQUE":"329","COD_BP":"B.329-P.20"},"geometry":{"type":"LineString","coordinates":[[-72.916454,4.389588],[-72.916332,4.389779]]}},{"type":"Feature","properties":{"TIPO":"Balastrada","CODIGO":"Interna","ZONA":"6","BLOQUE":"330","COD_BP":"B.330-P.1"},"geometry":{"type":"LineString","coordinates":[[-72.900532,4.398902],[-72.900497,4.398774],[-72.900455,4.398622],[-72.900401,4.39842],[-72.900324,4.398134],[-72.900281,4.397993],[-72.900225,4.397824],[-72.900062,4.39729],[-72.899996,4.397071]]}},{"type":"Feature","properties":{"TIPO":"Balastrada","CODIGO":"Interna","ZONA":"7","BLOQUE":"31","COD_BP":"B.31-P.2"},"geometry":{"type":"LineString","coordinates":[[-73.056083,4.396749],[-73.056301,4.396896],[-73.056703,4.397226],[-73.057619,4.397758]]}},{"type":"Feature","properties":{"TIPO":"Balastrada","CODIGO":"Interna","ZONA":"7","BLOQUE":"31","COD_BP":"B.31-P.4"},"geometry":{"type":"LineString","coordinates":[[-73.051229,4.393498],[-73.051934,4.393939],[-73.052796,4.394525],[-73.052859,4.394568]]}},{"type":"Feature","properties":{"TIPO":"Balastrada","CODIGO":"Interna","NDESCRIPCI":"Bloque 31","ZONA":"7","BLOQUE":"31","COD_BP":"B.31-P.5"},"geometry":{"type":"LineString","coordinates":[[-73.045363,4.411421],[-73.044232,4.41338]]}},{"type":"Feature","properties":{"TIPO":"Balastrada","CODIGO":"Interna","NDESCRIPCI":"Bloque 31","ZONA":"7","BLOQUE":"31","COD_BP":"B.31-P.5"},"geometry":{"type":"LineString","coordinates":[[-73.048206,4.406493],[-73.046466,4.409508]]}},{"type":"Feature","properties":{"TIPO":"Balastrada","CODIGO":"Interna","ZONA":"4","BLOQUE":"328","COD_BP":"B.328-P.1"},"geometry":{"type":"LineString","coordinates":[[-72.979707,4.431388],[-72.979717,4.43134],[-72.979731,4.431309],[-72.979749,4.43128],[-72.979774,4.431258],[-72.979786,4.431249]]}},{"type":"Feature","properties":{"TIPO":"Balastrada","CODIGO":"Interna","ZONA":"4","BLOQUE":"11","COD_BP":"B.11-P.17"},"geometry":{"type":"LineString","coordinates":[[-72.979786,4.431249],[-72.979805,4.431235],[-72.979834,4.431217],[-72.979863,4.431198],[-72.979891,4.431177],[-72.979927,4.431132],[-72.980066,4.430915],[-72.980152,4.430793]]}},{"type":"Feature","properties":{"TIPO":"Balastrada","CODIGO":"Interna","ZONA":"4","BLOQUE":"11","COD_BP":"B.11-P.10"},"geometry":{"type":"LineString","coordinates":[[-72.977705,4.438391],[-72.977718,4.43838],[-72.977745,4.438371],[-72.977772,4.438362],[-72.978011,4.438368],[-72.978376,4.438381],[-72.979376,4.438355],[-72.979866,4.438348],[-72.980296,4.438337],[-72.981547,4.438295],[-72.981609,4.438293]]}},{"type":"Feature","properties":{"TIPO":"Balastrada","CODIGO":"Interna","ZONA":"4","BLOQUE":"11","COD_BP":"B.11-P.10"},"geometry":{"type":"LineString","coordinates":[[-72.977436,4.440104],[-72.976671,4.439689],[-72.976599,4.439653],[-72.976563,4.439626],[-72.976545,4.43959],[-72.976545,4.439535],[-72.976563,4.439499],[-72.976609,4.439436],[-72.976789,4.439255],[-72.97706,4.439003],[-72.977285,4.438813],[-72.977466,4.438624],[-72.977601,4.438479],[-72.977705,4.438391]]}},{"type":"Feature","properties":{"TIPO":"Balastrada","CODIGO":"Interna","ZONA":"4","BLOQUE":"11","COD_BP":"B.11-P.10"},"geometry":{"type":"LineString","coordinates":[[-72.981784,4.442509],[-72.981739,4.442482],[-72.98155,4.442382],[-72.981127,4.442146],[-72.980578,4.441838],[-72.979876,4.441469]]}},{"type":"Feature","properties":{"TIPO":"Balastrada","CODIGO":"Interna","ZONA":"4","BLOQUE":"11","COD_BP":"B.11-P.10"},"geometry":{"type":"LineString","coordinates":[[-72.979876,4.441469],[-72.97975,4.441403],[-72.979102,4.44104],[-72.978408,4.440641],[-72.978111,4.440487],[-72.977715,4.44026],[-72.97749,4.440133],[-72.977436,4.440104]]}},{"type":"Feature","properties":{"TIPO":"Balastrada","CODIGO":"Interna","ZONA":"4","BLOQUE":"11","COD_BP":"B.11-P.15"},"geometry":{"type":"LineString","coordinates":[[-72.974561,4.445052],[-72.974105,4.445065],[-72.972862,4.44509],[-72.972366,4.445099],[-72.972312,4.445108],[-72.972297,4.445108],[-72.972087,4.445108]]}},{"type":"Feature","properties":{"TIPO":"Balastrada","CODIGO":"Interna","ZONA":"3","BLOQUE":"326","COD_BP":"B.326-P.1"},"geometry":{"type":"LineString","coordinates":[[-72.972048,4.45389],[-72.972038,4.453821],[-72.972009,4.453723],[-72.971985,4.45361],[-72.971955,4.453502],[-72.971907,4.453398],[-72.971853,4.45328],[-72.971829,4.453133],[-72.971819,4.452946],[-72.971766,4.452815],[-72.971347,4.452195],[-72.971287,4.452043],[-72.971245,4.451967],[-72.97118,4.451866],[-72.971143,4.451379],[-72.971147,4.451352],[-72.971159,4.451334],[-72.971182,4.451317],[-72.971219,4.45129],[-72.971248,4.451256],[-72.971275,4.451195],[-72.971286,4.451174]]}},{"type":"Feature","properties":{"TIPO":"Balastrada","CODIGO":"Interna","ZONA":"3","BLOQUE":"326","COD_BP":"B.326-P.1"},"geometry":{"type":"LineString","coordinates":[[-72.972048,4.45389],[-72.972023,4.453983],[-72.971974,4.454165],[-72.97193,4.454376],[-72.971885,4.454504],[-72.971817,4.454647],[-72.971733,4.454823],[-72.971696,4.454931]]}},{"type":"Feature","properties":{"TIPO":"Balastrada","CODIGO":"Interna","ZONA":"2","BLOQUE":"90","COD_BP":"B.90-P.604"},"geometry":{"type":"LineString","coordinates":[[-72.967785,4.479077],[-72.967847,4.479044],[-72.967959,4.478939],[-72.968284,4.478504],[-72.968829,4.477835],[-72.969256,4.477322],[-72.96969,4.476801],[-72.969857,4.4766],[-72.969974,4.47646],[-72.970187,4.476201],[-72.970476,4.475881],[-72.970691,4.475623],[-72.970779,4.475525],[-72.97086,4.475417]]}},{"type":"Feature","properties":{"TIPO":"Balastrada","CODIGO":"Interna","ZONA":"2","BLOQUE":"90","COD_BP":"B.90-P.606"},"geometry":{"type":"LineString","coordinates":[[-72.97086,4.475417],[-72.971075,4.47515],[-72.971639,4.474459],[-72.971744,4.474323]]}},{"type":"Feature","properties":{"TIPO":"Balastrada","CODIGO":"Interna","ZONA":"2","BLOQUE":"90","COD_BP":"B.90-P.604"},"geometry":{"type":"LineString","coordinates":[[-72.966174,4.472096],[-72.966002,4.472243],[-72.96584,4.472376],[-72.965592,4.472519],[-72.965432,4.472665],[-72.9652,4.472916],[-72.964966,4.473219],[-72.964687,4.473573],[-72.964591,4.473702]]}},{"type":"Feature","properties":{"TIPO":"Balastrada","CODIGO":"Interna","NDESCRIPCI":"Vía Bueyera Puente Casa de Lata","ZONA":"2","BLOQUE":"90","COD_BP":"B.90-P.592"},"geometry":{"type":"LineString","coordinates":[[-72.960887,4.462173],[-72.960816,4.46235],[-72.960393,4.46365],[-72.96022,4.464222]]}},{"type":"Feature","properties":{"TIPO":"Balastrada","CODIGO":"Interna","NDESCRIPCI":"Mucuna","ZONA":"2","BLOQUE":"90","COD_BP":"B.90-P.592"},"geometry":{"type":"LineString","coordinates":[[-72.96022,4.464222],[-72.960174,4.464348],[-72.959992,4.464709],[-72.959765,4.465163],[-72.959389,4.465863],[-72.959117,4.466362],[-72.958795,4.466983],[-72.958315,4.467981],[-72.957966,4.46868],[-72.957699,4.469181],[-72.957572,4.469437]]}},{"type":"Feature","properties":{"TIPO":"Balastrada","CODIGO":"Interna","ZONA":"2","BLOQUE":"90","COD_BP":"B.90-P.15"},"geometry":{"type":"LineString","coordinates":[[-72.963114,4.484123],[-72.963102,4.484056],[-72.963086,4.484009],[-72.963067,4.483968]]}},{"type":"Feature","properties":{"TIPO":"Balastrada","CODIGO":"Interna","ZONA":"5","BLOQUE":"231","COD_BP":"B.231-P.6"},"geometry":{"type":"LineString","coordinates":[[-72.892354,4.394413],[-72.89261,4.392582]]}},{"type":"Feature","properties":{"TIPO":"Balastrada","CODIGO":"Interna","NDESCRIPCI":"Via control 1 Bueyera","ZONA":"2","BLOQUE":"90","COD_BP":"B.90-P.593"},"geometry":{"type":"LineString","coordinates":[[-72.956199,4.472004],[-72.956191,4.472024],[-72.956182,4.472045],[-72.955893,4.472614],[-72.95526,4.473923]]}},{"type":"Feature","properties":{"TIPO":"Balastrada","CODIGO":"Interna","NDESCRIPCI":"Via control 1 Bueyera","ZONA":"2","BLOQUE":"90","COD_BP":"B.90-P.593"},"geometry":{"type":"LineString","coordinates":[[-72.95526,4.473923],[-72.955215,4.474014],[-72.955197,4.47405],[-72.954807,4.474866],[-72.953641,4.47721],[-72.953161,4.478198],[-72.953156,4.478209]]}},{"type":"Feature","properties":{"TIPO":"Balastrada","CODIGO":"Interna","NDESCRIPCI":"Bloque 31","ZONA":"7","BLOQUE":"31","COD_BP":"B.31-P.7"},"geometry":{"type":"LineString","coordinates":[[-73.051499,4.408363],[-73.048841,4.41297]]}},{"type":"Feature","properties":{"TIPO":"Balastrada","CODIGO":"Interna","NDESCRIPCI":"Bloque 31","ZONA":"7","BLOQUE":"31","COD_BP":"B.31-P.15"},"geometry":{"type":"LineString","coordinates":[[-73.089939,4.427113],[-73.089111,4.428527]]}},{"type":"Feature","properties":{"TIPO":"Balastrada","CODIGO":"Externa","ZONA":"0","BLOQUE":"340","COD_BP":"B.340-P.0"},"geometry":{"type":"LineString","coordinates":[[-72.990275,4.404918],[-72.990565,4.404971],[-72.990764,4.405003],[-72.991006,4.405015],[-72.991186,4.40504],[-72.991413,4.405087],[-72.991627,4.405132],[-72.991758,4.405161],[-72.991925,4.405174],[-72.992083,4.405195],[-72.99244,4.405246],[-72.992794,4.4053],[-72.992929,4.405316],[-72.993037,4.405321],[-72.993144,4.405316],[-72.993338,4.405295],[-72.993564,4.405269],[-72.993888,4.405226],[-72.994262,4.405214],[-72.994519,4.405212],[-72.994933,4.405199],[-72.995222,4.405222],[-72.995474,4.405254],[-72.995689,4.405297],[-72.995795,4.405326],[-72.995886,4.405358],[-72.995987,4.405403],[-72.99626,4.405587],[-72.99651,4.405745],[-72.996768,4.4059],[-72.997002,4.406033],[-72.997287,4.406188],[-72.997586,4.406354],[-72.997954,4.406573],[-72.998244,4.406752],[-72.998574,4.406955],[-72.99872,4.407063],[-72.998881,4.407174],[-72.999068,4.407305],[-72.999231,4.407419],[-72.99935,4.407487],[-72.999454,4.407541],[-72.999537,4.407578],[-72.999628,4.407612],[-72.999849,4.407686],[-72.999935,4.407698],[-73.00001,4.407702],[-73.000107,4.40769],[-73.000215,4.407674],[-73.000292,4.407655],[-73.00038,4.407648],[-73.000514,4.40765],[-73.000716,4.40767],[-73.000936,4.407698],[-73.001223,4.40774],[-73.001487,4.407759],[-73.001752,4.407772],[-73.002185,4.407787],[-73.002423,4.407801],[-73.002644,4.407804],[-73.003191,4.407695],[-73.003441,4.407635],[-73.004091,4.407443],[-73.004227,4.407392],[-73.00441,4.407306],[-73.00474,4.407118],[-73.005076,4.406957],[-73.005666,4.406629],[-73.005807,4.406549],[-73.005918,4.406474],[-73.006053,4.406357],[-73.006165,4.406257],[-73.006237,4.406165],[-73.00627,4.406112],[-73.006307,4.406038],[-73.006342,4.405952],[-73.006388,4.40578],[-73.00643,4.405611],[-73.006479,4.405442],[-73.006539,4.405243],[-73.00658,4.40509],[-73.006604,4.405028],[-73.006634,4.404962],[-73.006668,4.404901],[-73.006709,4.404843],[-73.006761,4.404784],[-73.00681,4.404728],[-73.006884,4.40467],[-73.006955,4.404617],[-73.00708,4.404547],[-73.007169,4.404499],[-73.007269,4.40445],[-73.007362,4.404413],[-73.007469,4.40437],[-73.007603,4.404337],[-73.007733,4.404315],[-73.007873,4.40431],[-73.00805,4.404313],[-73.00819,4.404326],[-73.008314,4.404333],[-73.008426,4.404332],[-73.008536,4.404316],[-73.00863,4.404286],[-73.008731,4.404241],[-73.008896,4.404154],[-73.008978,4.404105],[-73.009083,4.404015],[-73.009159,4.403941],[-73.009223,4.403875],[-73.009281,4.403819],[-73.009332,4.403793],[-73.009422,4.403761],[-73.009472,4.403741]]}},{"type":"Feature","properties":{"TIPO":"Proyectada","CODIGO":"Interna","ZONA":"3","BLOQUE":"7","COD_BP":"B.7-P.7"},"geometry":{"type":"LineString","coordinates":[[-72.980869,4.481347],[-72.982903,4.482387],[-72.982937,4.482453],[-72.983112,4.482806],[-72.983222,4.482989],[-72.983267,4.483068],[-72.983346,4.483265],[-72.98338,4.483324],[-72.984124,4.48372],[-72.984143,4.48373]]}},{"type":"Feature","properties":{"TIPO":"Balastrada","CODIGO":"Interna","NDESCRIPCI":"Bloque 11","ZONA":"3","BLOQUE":"13","COD_BP":"B.13-P.10"},"geometry":{"type":"LineString","coordinates":[[-72.986467,4.453131],[-72.986263,4.45275],[-72.986123,4.452478],[-72.986093,4.452432],[-72.986071,4.452401],[-72.986045,4.452372],[-72.986016,4.452348],[-72.98598,4.452321],[-72.98595,4.452305],[-72.985891,4.452282],[-72.9857,4.452265],[-72.985437,4.452288],[-72.985076,4.452341]]}},{"type":"Feature","properties":{"TIPO":"Balastrada","CODIGO":"Interna","ZONA":"2","BLOQUE":"90","COD_BP":"B.90-P.604"},"geometry":{"type":"LineString","coordinates":[[-72.965348,4.472756],[-72.96669,4.475026],[-72.966683,4.478894]]}},{"type":"Feature","properties":{"TIPO":"BalastradaP2","NDESCRIPCI":"PROPUESTA 2","ZONA":"0","BLOQUE":"0"},"geometry":{"type":"LineString","coordinates":[[-72.997755,4.437184],[-72.999043,4.436885],[-73.000317,4.435781],[-73.001147,4.435194],[-73.001262,4.435295],[-73.003265,4.434652],[-73.005123,4.435229],[-73.012844,4.435972],[-73.01442,4.433965]]}},{"type":"Feature","properties":{"TIPO":"Proyectada","CODIGO":"Interna","NDESCRIPCI":"Bloque 329","ZONA":"6","BLOQUE":"329","COD_BP":"B.329-P.4"},"geometry":{"type":"LineString","coordinates":[[-72.930235,4.412091],[-72.930217,4.412091],[-72.930198,4.412091],[-72.92873,4.412089]]}},{"type":"Feature","properties":{"TIPO":"Balastrada","CODIGO":"Interna","NDESCRIPCI":"Bloque 329","ZONA":"6","BLOQUE":"329","COD_BP":"B.329-P.5"},"geometry":{"type":"LineString","coordinates":[[-72.930235,4.412091],[-72.93024,4.408372],[-72.93024,4.408357],[-72.93024,4.408341]]}},{"type":"Feature","properties":{"TIPO":"Balastrada","CODIGO":"Interna","NDESCRIPCI":"Bloque 329","ZONA":"6","BLOQUE":"329","COD_BP":"B.329-P.4"},"geometry":{"type":"LineString","coordinates":[[-72.933644,4.413995],[-72.93026,4.41399],[-72.930248,4.41399],[-72.930232,4.41399]]}},{"type":"Feature","properties":{"TIPO":"Balastrada","CODIGO":"Interna","NDESCRIPCI":"Bloque 329","ZONA":"6","BLOQUE":"329","COD_BP":"B.329-P.4"},"geometry":{"type":"LineString","coordinates":[[-72.930232,4.41399],[-72.930216,4.41399],[-72.9302,4.41399],[-72.928281,4.413987]]}},{"type":"Feature","properties":{"TIPO":"Balastrada","CODIGO":"Interna","NDESCRIPCI":"Bloque 329","ZONA":"6","BLOQUE":"329","COD_BP":"B.329-P.3"},"geometry":{"type":"LineString","coordinates":[[-72.930225,4.418445],[-72.930225,4.418432],[-72.930225,4.418419],[-72.930229,4.415798]]}},{"type":"Feature","properties":{"TIPO":"Balastrada","CODIGO":"Interna","NDESCRIPCI":"Bloque 329","ZONA":"6","BLOQUE":"329","COD_BP":"B.329-P.4"},"geometry":{"type":"LineString","coordinates":[[-72.930232,4.41399],[-72.930235,4.412091]]}},{"type":"Feature","properties":{"TIPO":"Pavimentada","CODIGO":"Externa","NDESCRIPCI":"RANCHO LOCO - CASINO BRISAS","ZONA":"0","BLOQUE":"0","COD_BP":"B.-P.0"},"geometry":{"type":"LineString","coordinates":[[-72.917166,4.38198],[-72.917189,4.382021],[-72.917192,4.382026],[-72.919057,4.385406],[-72.92031,4.387826],[-72.921687,4.390388],[-72.922788,4.392437],[-72.924306,4.395105],[-72.925872,4.397956],[-72.92738,4.400699],[-72.929039,4.403756],[-72.929108,4.403883]]}},{"type":"Feature","properties":{"TIPO":"Pavimentada","CODIGO":"Externa","NDESCRIPCI":"PORTAL - RANCHO LOCO","ZONA":"0","BLOQUE":"0","COD_BP":"B.-P.0"},"geometry":{"type":"LineString","coordinates":[[-72.929108,4.403883],[-72.929523,4.404648],[-72.931246,4.40773],[-72.933233,4.411384],[-72.934076,4.412993],[-72.934083,4.413021],[-72.934099,4.413195],[-72.934677,4.416455]]}},{"type":"Feature","properties":{"TIPO":"Balastrada","CODIGO":"Interna","NDESCRIPCI":"Bloque 329","ZONA":"6","BLOQUE":"329","COD_BP":"B.329-P.8"},"geometry":{"type":"LineString","coordinates":[[-72.923371,4.394734],[-72.923813,4.395545],[-72.924124,4.396108],[-72.92433,4.396543]]}},{"type":"Feature","properties":{"TIPO":"Balastrada","CODIGO":"Interna","NDESCRIPCI":"Bloque 329","ZONA":"6","BLOQUE":"329","COD_BP":"B.329-P.7"},"geometry":{"type":"LineString","coordinates":[[-72.925232,4.398352],[-72.925248,4.398387],[-72.925866,4.399639],[-72.926157,4.400253]]}},{"type":"Feature","properties":{"TIPO":"Balastrada","CODIGO":"Interna","NDESCRIPCI":"Bloque 329","ZONA":"6","BLOQUE":"329","COD_BP":"B.329-P.24"},"geometry":{"type":"LineString","coordinates":[[-72.911586,4.403105],[-72.911552,4.403169],[-72.911379,4.403408],[-72.911225,4.403703],[-72.911165,4.403922],[-72.911146,4.404126],[-72.911169,4.40421]]}},{"type":"Feature","properties":{"TIPO":"Proyectada","CODIGO":"Interna","NDESCRIPCI":"Bloque 329","ZONA":"6","BLOQUE":"329","COD_BP":"B.329-P.24"},"geometry":{"type":"LineString","coordinates":[[-72.911588,4.395094],[-72.911356,4.395094],[-72.910653,4.395093],[-72.910626,4.395093]]}},{"type":"Feature","properties":{"TIPO":"Balastrada","CODIGO":"Interna","NDESCRIPCI":"Bloque 329","ZONA":"6","BLOQUE":"329","COD_BP":"B.329-P.29"},"geometry":{"type":"LineString","coordinates":[[-72.910626,4.395093],[-72.910609,4.395093],[-72.910589,4.395093],[-72.906437,4.395086]]}},{"type":"Feature","properties":{"TIPO":"Balastrada","CODIGO":"Interna","NDESCRIPCI":"Bloque 330","ZONA":"6","BLOQUE":"330","COD_BP":"B.330-P.4"},"geometry":{"type":"LineString","coordinates":[[-72.908235,4.379672],[-72.905947,4.379666]]}},{"type":"Feature","properties":{"TIPO":"Balastrada","CODIGO":"Interna","NDESCRIPCI":"Bloque 330","ZONA":"6","BLOQUE":"330","COD_BP":"B.330-P.4"},"geometry":{"type":"LineString","coordinates":[[-72.896761,4.379651],[-72.895072,4.379649],[-72.894935,4.379648],[-72.894844,4.379648],[-72.894806,4.379648]]}},{"type":"Feature","properties":{"TIPO":"Balastrada","CODIGO":"Interna","NDESCRIPCI":"Bloque 330","ZONA":"6","BLOQUE":"330","COD_BP":"B.330-P.3"},"geometry":{"type":"LineString","coordinates":[[-72.906924,4.384143],[-72.906943,4.384143],[-72.909248,4.384146]]}},{"type":"Feature","properties":{"TIPO":"Balastrada","CODIGO":"Interna","ZONA":"2","BLOQUE":"90","COD_BP":"B.90-P.593"},"geometry":{"type":"LineString","coordinates":[[-72.955063,4.480317],[-72.955227,4.480162],[-72.955291,4.480102],[-72.955392,4.479986],[-72.955447,4.47992],[-72.955447,4.479859],[-72.955419,4.479759],[-72.955372,4.479626],[-72.955347,4.479479],[-72.955351,4.479339],[-72.955373,4.479181],[-72.955391,4.479027],[-72.95542,4.478908],[-72.955488,4.478686],[-72.955542,4.478517],[-72.955671,4.478155],[-72.955725,4.477954],[-72.955794,4.477714],[-72.955837,4.477556],[-72.95594,4.477352],[-72.955985,4.477261],[-72.956058,4.477153],[-72.95622,4.476981],[-72.956374,4.476872],[-72.956625,4.476693],[-72.95671,4.47665],[-72.956864,4.47661]]}},{"type":"Feature","properties":{"TIPO":"Balastrada","CODIGO":"Interna","NDESCRIPCI":"Vía interna de Playa Rica 1 y 2","ZONA":"9","BLOQUE":"122","COD_BP":"B.122-P.1"},"geometry":{"type":"LineString","coordinates":[[-72.95406,4.469257],[-72.954034,4.469261],[-72.953998,4.469266],[-72.953925,4.469275],[-72.953763,4.469338],[-72.953628,4.469419],[-72.953592,4.469437],[-72.953547,4.469455],[-72.953222,4.46968],[-72.952825,4.469951],[-72.952636,4.470095],[-72.952474,4.47024],[-72.952401,4.470276]]}},{"type":"Feature","properties":{"TIPO":"Proyectada","CODIGO":"Interna","NDESCRIPCI":"Bloque 31","ZONA":"7","BLOQUE":"31","COD_BP":"B.31-P.14"},"geometry":{"type":"LineString","coordinates":[[-73.081696,4.426077],[-73.08036,4.428401]]}},{"type":"Feature","properties":{"TIPO":"Proyectada","CODIGO":"Interna","NDESCRIPCI":"Bloque 31","ZONA":"7","BLOQUE":"31","COD_BP":"B.31-P.13"},"geometry":{"type":"LineString","coordinates":[[-73.078704,4.427268],[-73.077388,4.429533]]}},{"type":"Feature","properties":{"TIPO":"Balastrada","CODIGO":"Interna","ZONA":"4","BLOQUE":"332","COD_BP":"B.332-P.4"},"geometry":{"type":"LineString","coordinates":[[-72.951401,4.432644],[-72.949582,4.433195],[-72.949175,4.433345],[-72.948954,4.433449],[-72.94862,4.433739],[-72.948173,4.434067],[-72.947705,4.434372],[-72.947409,4.434586]]}},{"type":"Feature","properties":{"TIPO":"Balastrada","CODIGO":"Interna","ZONA":"4","BLOQUE":"332","COD_BP":"B.332-P.1"},"geometry":{"type":"LineString","coordinates":[[-72.947409,4.434586],[-72.947194,4.434752],[-72.946649,4.43512],[-72.945504,4.435866],[-72.944663,4.436397],[-72.9439,4.436854],[-72.943285,4.437205],[-72.943065,4.437349],[-72.942898,4.437438]]}},{"type":"Feature","properties":{"TIPO":"Balastrada","CODIGO":"Interna","ZONA":"4","BLOQUE":"332","COD_BP":"B.332-P.11"},"geometry":{"type":"LineString","coordinates":[[-72.959447,4.432605],[-72.95936,4.432616],[-72.959277,4.432621],[-72.959186,4.432637],[-72.959098,4.432653],[-72.959032,4.43267],[-72.958807,4.432736],[-72.958722,4.432767],[-72.958647,4.432803],[-72.958501,4.432872],[-72.95844,4.432889],[-72.958381,4.432902],[-72.958332,4.432915],[-72.958262,4.432925],[-72.958211,4.432927],[-72.958163,4.432925],[-72.958105,4.432919],[-72.958049,4.432899],[-72.958009,4.432878],[-72.957961,4.432848],[-72.957925,4.432828],[-72.957882,4.432803],[-72.957796,4.432761],[-72.957731,4.432735],[-72.957684,4.432723],[-72.957629,4.432718],[-72.957574,4.432711],[-72.957493,4.432716],[-72.957426,4.432728],[-72.957361,4.432737],[-72.957288,4.432752],[-72.957236,4.432763],[-72.957182,4.432762],[-72.957127,4.432754],[-72.957077,4.432743],[-72.957013,4.432721],[-72.956932,4.432683],[-72.956863,4.432641],[-72.956797,4.4326],[-72.956725,4.432553],[-72.956659,4.432509],[-72.956526,4.432418],[-72.956386,4.432318],[-72.95629,4.432251],[-72.956214,4.432195],[-72.956156,4.432147],[-72.956081,4.432098],[-72.956021,4.432068],[-72.955961,4.432044],[-72.955909,4.432037],[-72.955846,4.43204],[-72.955791,4.432053],[-72.955723,4.432078],[-72.955616,4.432132],[-72.955461,4.432196],[-72.955356,4.43223],[-72.955282,4.432254],[-72.955215,4.432261],[-72.955152,4.432255],[-72.955099,4.432242],[-72.955043,4.432211],[-72.954983,4.432162],[-72.95495,4.432126],[-72.954897,4.432073],[-72.954823,4.431985],[-72.954742,4.431882],[-72.95467,4.431791],[-72.954604,4.431732],[-72.954553,4.431703],[-72.954494,4.431681],[-72.954439,4.431683],[-72.954391,4.431683],[-72.954337,4.431692],[-72.954276,4.431711],[-72.95418,4.431744],[-72.953973,4.431809],[-72.953828,4.431866],[-72.95362,4.431937],[-72.953405,4.431992],[-72.953242,4.432048],[-72.952861,4.432165],[-72.952383,4.432324],[-72.952125,4.432407]]}},{"type":"Feature","properties":{"TIPO":"Balastrada","CODIGO":"Interna","NDESCRIPCI":"Bloque 332","ZONA":"4","BLOQUE":"332","COD_BP":"B.332-P.15"},"geometry":{"type":"LineString","coordinates":[[-72.958474,4.443143],[-72.956511,4.441994]]}},{"type":"Feature","properties":{"TIPO":"Balastrada","CODIGO":"Interna","NDESCRIPCI":"Bloque 31","ZONA":"7","BLOQUE":"31","COD_BP":"B.31-P.17"},"geometry":{"type":"LineString","coordinates":[[-73.091807,4.416282],[-73.091806,4.416284],[-73.091777,4.416333],[-73.086616,4.425151]]}},{"type":"Feature","properties":{"TIPO":"Balastrada","CODIGO":"Interna","NDESCRIPCI":"Bloque 31","ZONA":"7","BLOQUE":"31","COD_BP":"B.31-P.18"},"geometry":{"type":"LineString","coordinates":[[-73.088521,4.414476],[-73.083401,4.423252]]}},{"type":"Feature","properties":{"TIPO":"Balastrada","CODIGO":"Interna","NDESCRIPCI":"Bloque 31","ZONA":"7","BLOQUE":"31","COD_BP":"B.31-P.16"},"geometry":{"type":"LineString","coordinates":[[-73.088253,4.426118],[-73.089939,4.427113]]}},{"type":"Feature","properties":{"TIPO":"Balastrada","CODIGO":"Interna","NDESCRIPCI":"Bloque 31","ZONA":"7","BLOQUE":"31","COD_BP":"B.31-P.18"},"geometry":{"type":"LineString","coordinates":[[-73.083401,4.423252],[-73.085014,4.424205]]}},{"type":"Feature","properties":{"TIPO":"Balastrada","CODIGO":"Interna","NDESCRIPCI":"Bloque 31","ZONA":"7","BLOQUE":"31","COD_BP":"B.31-P.12"},"geometry":{"type":"LineString","coordinates":[[-73.08419,4.425622],[-73.079861,4.423066],[-73.079177,4.422663]]}},{"type":"Feature","properties":{"TIPO":"Balastrada","CODIGO":"Interna","ZONA":"2","BLOQUE":"90","COD_BP":"B.90-P.602"},"geometry":{"type":"LineString","coordinates":[[-72.958812,4.491868],[-72.958738,4.491908],[-72.958637,4.491961],[-72.958522,4.492037],[-72.958443,4.49213],[-72.9584,4.492252],[-72.958379,4.492363],[-72.958354,4.492504],[-72.958346,4.492679],[-72.958346,4.492822],[-72.958342,4.492923],[-72.958317,4.493045],[-72.958295,4.493152],[-72.958248,4.493299],[-72.958195,4.493421],[-72.958138,4.493524],[-72.958055,4.493622],[-72.957931,4.493739],[-72.957394,4.494218],[-72.956917,4.494671],[-72.956436,4.495118],[-72.956151,4.495372],[-72.955893,4.495594],[-72.955504,4.495984],[-72.955276,4.496236],[-72.955173,4.496351],[-72.955085,4.496441],[-72.955028,4.496529],[-72.954892,4.496742],[-72.954739,4.496961],[-72.95436,4.497539],[-72.954089,4.497945],[-72.953988,4.498069],[-72.953696,4.498333],[-72.953183,4.498757],[-72.953023,4.498885],[-72.95294,4.498942],[-72.952884,4.498944]]}},{"type":"Feature","properties":{"TIPO":"Balastrada","CODIGO":"Interna","NDESCRIPCI":"Vía cabecera de Gaviotas 2","ZONA":"2","BLOQUE":"90","COD_BP":"B.90-P.552"},"geometry":{"type":"LineString","coordinates":[[-72.955622,4.484783],[-72.955889,4.48445]]}},{"type":"Feature","properties":{"TIPO":"Balastrada","CODIGO":"Interna","NDESCRIPCI":"Vía cabecera de Gaviotas 2","ZONA":"2","BLOQUE":"90","COD_BP":"B.90-P.552"},"geometry":{"type":"LineString","coordinates":[[-72.955889,4.48445],[-72.95648,4.483645],[-72.956643,4.483429],[-72.957044,4.482922],[-72.957059,4.482904]]}},{"type":"Feature","properties":{"TIPO":"Balastrada","CODIGO":"Interna","ZONA":"5","BLOQUE":"327","COD_BP":"B.327-P.6"},"geometry":{"type":"LineString","coordinates":[[-72.928193,4.438317],[-72.929928,4.438328]]}},{"type":"Feature","properties":{"TIPO":"Balastrada","CODIGO":"Interna","ZONA":"5","BLOQUE":"327","COD_BP":"B.327-P.6"},"geometry":{"type":"LineString","coordinates":[[-72.929928,4.438328],[-72.9341,4.438324],[-72.93423,4.43832],[-72.934335,4.438316],[-72.93443,4.438306],[-72.934511,4.43828],[-72.934611,4.438253],[-72.934653,4.438248],[-72.934686,4.43826],[-72.934721,4.43828],[-72.934759,4.438305],[-72.934843,4.438368],[-72.935228,4.438626],[-72.935416,4.438737],[-72.935554,4.438806]]}},{"type":"Feature","properties":{"TIPO":"Balastrada","CODIGO":"Interna","NDESCRIPCI":"Bloque 329","ZONA":"6","BLOQUE":"329","COD_BP":"B.329-P.3"},"geometry":{"type":"LineString","coordinates":[[-72.934674,4.416437],[-72.934512,4.416451],[-72.9344,4.416477],[-72.934264,4.416545],[-72.933978,4.416699],[-72.933629,4.416901],[-72.933168,4.417199],[-72.932969,4.417277],[-72.932709,4.417404],[-72.932345,4.417638],[-72.932097,4.417793],[-72.931839,4.417941],[-72.93173,4.418],[-72.93142,4.418153],[-72.93117,4.418242],[-72.930267,4.418454]]}},{"type":"Feature","properties":{"TIPO":"Balastrada","CODIGO":"Interna","NDESCRIPCI":"Bloque 329","ZONA":"6","BLOQUE":"329","COD_BP":"B.329-P.2"},"geometry":{"type":"LineString","coordinates":[[-72.930267,4.418454],[-72.929979,4.418508],[-72.929757,4.418514],[-72.929373,4.418456],[-72.929169,4.418431],[-72.929099,4.418403],[-72.929033,4.418359],[-72.928878,4.418207],[-72.928526,4.417799],[-72.928171,4.417386],[-72.927814,4.416954],[-72.927651,4.41679],[-72.927052,4.4161],[-72.926674,4.415663],[-72.926461,4.415388],[-72.926367,4.415246],[-72.926303,4.41516],[-72.926175,4.415054]]}},{"type":"Feature","properties":{"TIPO":"Balastrada","CODIGO":"Interna","NDESCRIPCI":"Bloque 329","ZONA":"6","BLOQUE":"329","COD_BP":"B.329-P.5"},"geometry":{"type":"LineString","coordinates":[[-72.928038,4.408337],[-72.93024,4.408341]]}},{"type":"Feature","properties":{"TIPO":"Balastrada","CODIGO":"Interna","NDESCRIPCI":"Bloque 329","ZONA":"6","BLOQUE":"329","COD_BP":"B.329-P.5"},"geometry":{"type":"LineString","coordinates":[[-72.93024,4.408341],[-72.93104,4.408342]]}},{"type":"Feature","properties":{"TIPO":"Balastrada","CODIGO":"Interna","ZONA":"5","BLOQUE":"327","COD_BP":"B.327-P.1"},"geometry":{"type":"LineString","coordinates":[[-72.944346,4.458717],[-72.944261,4.458715],[-72.944191,4.458715],[-72.944127,4.458718],[-72.944047,4.458698],[-72.943995,4.458653]]}},{"type":"Feature","properties":{"TIPO":"Balastrada","CODIGO":"Interna","ZONA":"4","BLOQUE":"337","COD_BP":"B.337-P.4"},"geometry":{"type":"LineString","coordinates":[[-72.943255,4.413709],[-72.943037,4.413299],[-72.942935,4.413095],[-72.942841,4.412859],[-72.942816,4.412715],[-72.942775,4.412546],[-72.94272,4.41239],[-72.942686,4.41226],[-72.942633,4.412103],[-72.9425,4.41177],[-72.94227,4.411161],[-72.942143,4.410833],[-72.94197,4.410425],[-72.941689,4.409765],[-72.941523,4.409361],[-72.941333,4.40887],[-72.94116,4.408478],[-72.940988,4.40802],[-72.940682,4.407271],[-72.94045,4.406697],[-72.940357,4.406412],[-72.940301,4.406194],[-72.940291,4.406136]]}},{"type":"Feature","properties":{"TIPO":"Balastrada","CODIGO":"Interna","ZONA":"5","BLOQUE":"327","COD_BP":"B.327-P.4"},"geometry":{"type":"LineString","coordinates":[[-72.940056,4.446766],[-72.939913,4.446767],[-72.938109,4.446761],[-72.938013,4.446761]]}},{"type":"Feature","properties":{"TIPO":"Balastrada","CODIGO":"Interna","NDESCRIPCI":"Bloque 332","ZONA":"4","BLOQUE":"332","COD_BP":"B.332-P.15"},"geometry":{"type":"LineString","coordinates":[[-72.956433,4.442076],[-72.95254,4.439818]]}},{"type":"Feature","properties":{"TIPO":"Proyectada","CODIGO":"Interna","NDESCRIPCI":"Bloque 332","ZONA":"4","BLOQUE":"332","COD_BP":"B.332-P.18"},"geometry":{"type":"LineString","coordinates":[[-72.961745,4.426508],[-72.961721,4.426478],[-72.961716,4.426416],[-72.961704,4.426369],[-72.961671,4.426328],[-72.960934,4.425907],[-72.960861,4.425891],[-72.960797,4.425886],[-72.960695,4.425925],[-72.957156,4.427899]]}},{"type":"Feature","properties":{"TIPO":"Balastrada","CODIGO":"Interna","NDESCRIPCI":"Bloque 337","ZONA":"4","BLOQUE":"337","COD_BP":"B.337-P.8"},"geometry":{"type":"LineString","coordinates":[[-72.957215,4.417304],[-72.954831,4.418594],[-72.954702,4.418718]]}},{"type":"Feature","properties":{"TIPO":"Balastrada","CODIGO":"Interna","NDESCRIPCI":"Bloque 334","ZONA":"6","BLOQUE":"334","COD_BP":"B.334-P.14"},"geometry":{"type":"LineString","coordinates":[[-72.905338,4.361802],[-72.904371,4.360552],[-72.903555,4.359564]]}},{"type":"Feature","properties":{"TIPO":"Balastrada","CODIGO":"Interna","ZONA":"5","BLOQUE":"336","COD_BP":"B.336-P.17"},"geometry":{"type":"LineString","coordinates":[[-72.920078,4.437022],[-72.92007,4.437027],[-72.920063,4.437031],[-72.91951,4.437331],[-72.919434,4.437343]]}},{"type":"Feature","properties":{"TIPO":"Proyectada","CODIGO":"Interna","ZONA":"3","BLOQUE":"10","COD_BP":"B.10-P.10"},"geometry":{"type":"LineString","coordinates":[[-72.991695,4.443195],[-72.991667,4.443007],[-72.991654,4.44279],[-72.991663,4.44272],[-72.991705,4.442622],[-72.991722,4.442535],[-72.991761,4.44247],[-72.991814,4.442441],[-72.991834,4.442419],[-72.991843,4.442379],[-72.991809,4.441933],[-72.991792,4.441897],[-72.991749,4.44186],[-72.99173,4.44181],[-72.991763,4.441777],[-72.991847,4.441684],[-72.99186,4.44166],[-72.991855,4.44144],[-72.991864,4.441413],[-72.991938,4.441195],[-72.991977,4.441024],[-72.991977,4.440978],[-72.991963,4.440687],[-72.991968,4.440633],[-72.991999,4.440589],[-72.992009,4.44053],[-72.991985,4.44023],[-72.992011,4.440163],[-72.992084,4.440114],[-72.992243,4.440095],[-72.992564,4.440078],[-72.992647,4.44011],[-72.993075,4.440326],[-72.993124,4.440409],[-72.993158,4.440446],[-72.99327,4.440502],[-72.993311,4.440517],[-72.993362,4.4405],[-72.993438,4.440448],[-72.993628,4.440392],[-72.993885,4.440203]]}},{"type":"Feature","properties":{"TIPO":"Proyectada","CODIGO":"Interna","ZONA":"3","BLOQUE":"341","COD_BP":"B.341-P.1"},"geometry":{"type":"LineString","coordinates":[[-72.998755,4.440048],[-72.99932,4.439724],[-72.99933,4.439675],[-72.99934,4.439477],[-72.999518,4.439355],[-72.999733,4.439301],[-72.999871,4.439309],[-73.000022,4.439348],[-73.000268,4.439495],[-73.000412,4.439664],[-73.00048,4.439777],[-73.001224,4.440181],[-73.001326,4.440184],[-73.001463,4.440174],[-73.001738,4.440023],[-73.001887,4.439847],[-73.00218,4.439493],[-73.002392,4.439271],[-73.002648,4.439103],[-73.002668,4.439064],[-73.002677,4.438944],[-73.002741,4.438871],[-73.002807,4.438854],[-73.002945,4.438869],[-73.003126,4.438954],[-73.003206,4.439057],[-73.003354,4.439177],[-73.00349,4.439317],[-73.003602,4.439395],[-73.003678,4.439415],[-73.003743,4.439408],[-73.003824,4.439364],[-73.003929,4.439364],[-73.004002,4.439359],[-73.004116,4.439403],[-73.004196,4.439403],[-73.00435,4.439382],[-73.004615,4.439318]]}},{"type":"Feature","properties":{"TIPO":"Balastrada","CODIGO":"Interna","ZONA":"3","BLOQUE":"341","COD_BP":"B.341-P.1"},"geometry":{"type":"LineString","coordinates":[[-72.994815,4.43872],[-72.994637,4.438738],[-72.994239,4.438953],[-72.994186,4.438962],[-72.994057,4.438925],[-72.993816,4.438877],[-72.993592,4.438885],[-72.993414,4.438767],[-72.993341,4.438679],[-72.993114,4.43848],[-72.99293,4.438378],[-72.992712,4.438311],[-72.99251,4.438139],[-72.992351,4.437976],[-72.992155,4.43781],[-72.992094,4.4377],[-72.992038,4.437576],[-72.99194,4.437478],[-72.991571,4.437278],[-72.991554,4.43718]]}},{"type":"Feature","properties":{"TIPO":"Balastrada","CODIGO":"Interna","ZONA":"11","BLOQUE":"2","COD_BP":"B.2-P.138"},"geometry":{"type":"LineString","coordinates":[[-72.959343,4.543606],[-72.958492,4.544002],[-72.95842,4.544021],[-72.95837,4.544023],[-72.958307,4.54405],[-72.958113,4.544182],[-72.958006,4.544258],[-72.95783,4.544385]]}},{"type":"Feature","properties":{"TIPO":"Balastrada","CODIGO":"Interna","ZONA":"11","BLOQUE":"2","COD_BP":"B.2-P.140"},"geometry":{"type":"LineString","coordinates":[[-72.964754,4.540142],[-72.964544,4.540293],[-72.963901,4.54074],[-72.963719,4.540857]]}},{"type":"Feature","properties":{"TIPO":"Balastrada","CODIGO":"Interna","ZONA":"11","BLOQUE":"1","COD_BP":"B.1-P.139"},"geometry":{"type":"LineString","coordinates":[[-72.9681,4.537874],[-72.967929,4.537999],[-72.967243,4.538482],[-72.967138,4.538552],[-72.967014,4.53863],[-72.966922,4.53867]]}},{"type":"Feature","properties":{"TIPO":"Balastrada","CODIGO":"Interna","ZONA":"1","BLOQUE":"20","COD_BP":"B.20-P.5"},"geometry":{"type":"LineString","coordinates":[[-72.947511,4.519926],[-72.947508,4.522184]]}},{"type":"Feature","properties":{"TIPO":"Balastrada","CODIGO":"Interna","ZONA":"1","BLOQUE":"20","COD_BP":"B.20-P.8"},"geometry":{"type":"LineString","coordinates":[[-72.937055,4.515344],[-72.937054,4.513168],[-72.937064,4.513104],[-72.937088,4.513074],[-72.9372,4.513054]]}},{"type":"Feature","properties":{"TIPO":"Balastrada","CODIGO":"Interna","NDESCRIPCI":"Bloque 330","ZONA":"6","BLOQUE":"334","COD_BP":"B.334-P.15"},"geometry":{"type":"LineString","coordinates":[[-72.899398,4.390384],[-72.901039,4.390387],[-72.901097,4.390335]]}},{"type":"Feature","properties":{"TIPO":"Proyectada","CODIGO":"Interna","ZONA":"1","BLOQUE":"19","COD_BP":"B.19-P.8"},"geometry":{"type":"LineString","coordinates":[[-73.002226,4.506753],[-73.000672,4.506753]]}},{"type":"Feature","properties":{"TIPO":"Balastrada","CODIGO":"Interna","NDESCRIPCI":"Bloque 330","ZONA":"6","BLOQUE":"330","COD_BP":"B.330-P.3"},"geometry":{"type":"LineString","coordinates":[[-72.90432,4.384139],[-72.905841,4.384141]]}},{"type":"Feature","properties":{"TIPO":"Balastrada","CODIGO":"Interna","NDESCRIPCI":"Bloque 330","ZONA":"6","BLOQUE":"330","COD_BP":"B.330-P.3"},"geometry":{"type":"LineString","coordinates":[[-72.905841,4.384141],[-72.906884,4.384143],[-72.906924,4.384143]]}},{"type":"Feature","properties":{"TIPO":"Balastrada","CODIGO":"Interna","ZONA":"6","BLOQUE":"334","COD_BP":"B.334-P.15"},"geometry":{"type":"LineString","coordinates":[[-72.899996,4.397071],[-72.899977,4.397009],[-72.899943,4.396916],[-72.899902,4.396798],[-72.899848,4.396619],[-72.899804,4.396424],[-72.899783,4.39629],[-72.899773,4.396136],[-72.899774,4.395999],[-72.89977,4.395855],[-72.89974,4.395552],[-72.899683,4.394764],[-72.89956,4.393012],[-72.899319,4.38911],[-72.899316,4.389019],[-72.899326,4.388925],[-72.899365,4.388839],[-72.899411,4.388771]]}},{"type":"Feature","properties":{"TIPO":"Balastrada","CODIGO":"Interna","NDESCRIPCI":"Bloque 231","ZONA":"5","BLOQUE":"231","COD_BP":"B.231-P.9"},"geometry":{"type":"LineString","coordinates":[[-72.892782,4.40723],[-72.8974,4.407237],[-72.897421,4.407237],[-72.897442,4.407237]]}},{"type":"Feature","properties":{"TIPO":"Balastrada","CODIGO":"Interna","NDESCRIPCI":"Bloque 231","ZONA":"5","BLOQUE":"231","COD_BP":"B.231-P.4"},"geometry":{"type":"LineString","coordinates":[[-72.897442,4.407237],[-72.897475,4.407237],[-72.897503,4.407237],[-72.901066,4.407243],[-72.902551,4.407245],[-72.902564,4.407247],[-72.90257,4.407251]]}},{"type":"Feature","properties":{"TIPO":"Balastrada","CODIGO":"Interna","NDESCRIPCI":"Bloque 231","ZONA":"5","BLOQUE":"231","COD_BP":"B.231-P.5"},"geometry":{"type":"LineString","coordinates":[[-72.906676,4.411727],[-72.901764,4.41172],[-72.901688,4.411719],[-72.901666,4.411719]]}},{"type":"Feature","properties":{"TIPO":"Balastrada","CODIGO":"Interna","NDESCRIPCI":"Bloque 331","ZONA":"5","BLOQUE":"231","COD_BP":"B.231-P.5"},"geometry":{"type":"LineString","coordinates":[[-72.909382,4.414719],[-72.909366,4.414726],[-72.909291,4.414759],[-72.909081,4.414823],[-72.908928,4.414934],[-72.907412,4.415791],[-72.907367,4.415804],[-72.907339,4.4158],[-72.907295,4.415781],[-72.90723,4.415749],[-72.907139,4.41569],[-72.905038,4.414185],[-72.904539,4.413821],[-72.904494,4.413768],[-72.904467,4.413694],[-72.904438,4.412971],[-72.904419,4.412918],[-72.904359,4.412838],[-72.904286,4.4128],[-72.903518,4.412566],[-72.903233,4.412479],[-72.902879,4.41236],[-72.902537,4.412244],[-72.90242,4.412191],[-72.901666,4.411719],[-72.900735,4.411137]]}},{"type":"Feature","properties":{"TIPO":"Balastrada","CODIGO":"Interna","NDESCRIPCI":"Bloque 331","ZONA":"5","BLOQUE":"231","COD_BP":"B.231-P.5"},"geometry":{"type":"LineString","coordinates":[[-72.901666,4.411719],[-72.900883,4.411228],[-72.900819,4.411173],[-72.900782,4.411125],[-72.900525,4.410658],[-72.900486,4.410592],[-72.900444,4.410547],[-72.900354,4.410508],[-72.900086,4.410401],[-72.89991,4.410312],[-72.899794,4.410224],[-72.899623,4.410069],[-72.899276,4.409625],[-72.899153,4.409478]]}},{"type":"Feature","properties":{"TIPO":"Balastrada","CODIGO":"Interna","ZONA":"5","BLOQUE":"336","COD_BP":"B.336-P.9"},"geometry":{"type":"LineString","coordinates":[[-72.914527,4.419424],[-72.91451,4.419434],[-72.914489,4.419447],[-72.909372,4.422472]]}},{"type":"Feature","properties":{"TIPO":"Balastrada","CODIGO":"Interna","ZONA":"5","BLOQUE":"336","COD_BP":"B.336-P.8"},"geometry":{"type":"LineString","coordinates":[[-72.908171,4.423182],[-72.906416,4.42422]]}},{"type":"Feature","properties":{"TIPO":"Balastrada","CODIGO":"Interna","ZONA":"5","BLOQUE":"336","COD_BP":"B.336-P.10"},"geometry":{"type":"LineString","coordinates":[[-72.908441,4.418863],[-72.908224,4.418991],[-72.908083,4.419017],[-72.908001,4.419025],[-72.907942,4.418989]]}},{"type":"Feature","properties":{"TIPO":"Balastrada","CODIGO":"Interna","NDESCRIPCI":"Vía interna de Playa Rica 1 y 2","ZONA":"2","BLOQUE":"90","COD_BP":"B.90-P.591"},"geometry":{"type":"LineString","coordinates":[[-72.952401,4.470276],[-72.952329,4.470294],[-72.952239,4.470239],[-72.952113,4.470167],[-72.952041,4.470131],[-72.951897,4.470203],[-72.951302,4.470545],[-72.951194,4.470609],[-72.951181,4.47062],[-72.951173,4.470634],[-72.951172,4.470635]]}},{"type":"Feature","properties":{"TIPO":"Proyectada","CODIGO":"Interna","ZONA":"5","BLOQUE":"336","COD_BP":"B.336-P.3"},"geometry":{"type":"LineString","coordinates":[[-72.908389,4.439773],[-72.908415,4.439758],[-72.908442,4.439742],[-72.90879,4.439537]]}},{"type":"Feature","properties":{"TIPO":"Balastrada","CODIGO":"Interna","NDESCRIPCI":"Bloque 339","ZONA":"7","BLOQUE":"339","COD_BP":"B.339-P.8"},"geometry":{"type":"LineString","coordinates":[[-73.052847,4.390641],[-73.052846,4.390643],[-73.051504,4.392977],[-73.051342,4.39328]]}},{"type":"Feature","properties":{"TIPO":"Balastrada","CODIGO":"Interna","ZONA":"3","BLOQUE":"10","COD_BP":"B.10-P.10"},"geometry":{"type":"LineString","coordinates":[[-72.995423,4.447576],[-72.994702,4.447636],[-72.994692,4.447637]]}},{"type":"Feature","properties":{"TIPO":"Proyectada","CODIGO":"Interna","ZONA":"3","BLOQUE":"10","COD_BP":"B.10-P.10"},"geometry":{"type":"LineString","coordinates":[[-72.99456,4.44378],[-72.994508,4.44297],[-72.994084,4.44129]]}},{"type":"Feature","properties":{"TIPO":"Balastrada","CODIGO":"Interna","ZONA":"1","BLOQUE":"20","COD_BP":"B.20-P.5"},"geometry":{"type":"LineString","coordinates":[[-72.9414,4.522174],[-72.941394,4.520013],[-72.941392,4.519974],[-72.941372,4.519954],[-72.941342,4.519923]]}},{"type":"Feature","properties":{"TIPO":"Balastrada","CODIGO":"Interna","ZONA":"1","BLOQUE":"20","COD_BP":"B.20-P.3"},"geometry":{"type":"LineString","coordinates":[[-72.942162,4.526732],[-72.942166,4.524464]]}},{"type":"Feature","properties":{"TIPO":"Balastrada","CODIGO":"Interna","NDESCRIPCI":"Bloque 20","ZONA":"1","BLOQUE":"20","COD_BP":"B.20-P.1"},"geometry":{"type":"LineString","coordinates":[[-72.943701,4.531292],[-72.943705,4.529052]]}},{"type":"Feature","properties":{"TIPO":"Balastrada","CODIGO":"Externa","ZONA":"0","BLOQUE":"0","COD_BP":"B.-P.0"},"geometry":{"type":"LineString","coordinates":[[-72.958164,4.546785],[-72.95794,4.54684],[-72.957575,4.546906],[-72.957134,4.546975],[-72.956643,4.547077],[-72.95634,4.547146],[-72.956058,4.547191],[-72.955841,4.547212],[-72.955641,4.547222],[-72.955467,4.547214],[-72.955312,4.547209],[-72.9551,4.547216],[-72.954916,4.547235],[-72.954788,4.54726],[-72.954669,4.547282],[-72.95453,4.547301],[-72.954401,4.547325],[-72.954215,4.54749],[-72.953886,4.54769],[-72.9537,4.547802],[-72.953585,4.547881],[-72.953476,4.547974],[-72.953363,4.548091],[-72.953261,4.548225],[-72.953117,4.548445],[-72.953015,4.548591],[-72.952993,4.548643],[-72.953018,4.548674],[-72.953075,4.548758],[-72.953202,4.549089],[-72.953246,4.54925],[-72.95326,4.549381],[-72.953293,4.549437],[-72.953355,4.549491]]}},{"type":"Feature","properties":{"TIPO":"Balastrada","CODIGO":"Interna","NDESCRIPCI":"Bloque 31","ZONA":"7","BLOQUE":"31","COD_BP":"B.31-P.16"},"geometry":{"type":"LineString","coordinates":[[-73.092546,4.422664],[-73.089939,4.427113]]}},{"type":"Feature","properties":{"TIPO":"Balastrada","CODIGO":"Interna","NDESCRIPCI":"Bloque 341","ZONA":"3","BLOQUE":"341","COD_BP":"B.341-P.1"},"geometry":{"type":"LineString","coordinates":[[-72.991575,4.434455],[-72.991729,4.434716],[-72.99185,4.435171],[-72.991583,4.435362],[-72.99131,4.435287],[-72.991207,4.435495],[-72.991117,4.435764],[-72.9909,4.436429],[-72.990843,4.436618],[-72.990875,4.436934],[-72.99088,4.437019],[-72.990889,4.437132],[-72.990851,4.437227],[-72.990776,4.437335],[-72.99071,4.437411],[-72.990655,4.437464]]}},{"type":"Feature","properties":{"TIPO":"Proyectada","CODIGO":"Interna","ZONA":"3","BLOQUE":"7","COD_BP":"B.7-P.4"},"geometry":{"type":"LineString","coordinates":[[-72.990526,4.483376],[-72.989957,4.483748],[-72.989889,4.483816],[-72.989734,4.484104],[-72.988724,4.486082],[-72.988695,4.486127],[-72.988663,4.486151],[-72.988602,4.486174]]}},{"type":"Feature","properties":{"TIPO":"Proyectada","ZONA":"0","BLOQUE":"0"},"geometry":{"type":"LineString","coordinates":[[-72.968558,4.512684],[-72.968374,4.513038],[-72.968249,4.513332],[-72.968237,4.513399],[-72.968228,4.513487],[-72.968229,4.513849],[-72.968227,4.514033],[-72.968181,4.514155],[-72.968114,4.514334],[-72.968023,4.514494],[-72.967928,4.514681],[-72.967887,4.514752],[-72.96788,4.514903],[-72.967882,4.515094],[-72.967896,4.515192],[-72.967955,4.515291],[-72.968089,4.515482],[-72.968189,4.51564]]}},{"type":"Feature","properties":{"TIPO":"Proyectada","CODIGO":"Interna","ZONA":"5","BLOQUE":"336","COD_BP":"B.336-P.11"},"geometry":{"type":"LineString","coordinates":[[-72.913512,4.415394],[-72.917032,4.415777],[-72.917716,4.415862],[-72.918834,4.415995],[-72.919552,4.416166],[-72.919725,4.416206]]}},{"type":"Feature","properties":{"TIPO":"Balastrada","CODIGO":"Interna","ZONA":"5","BLOQUE":"336","COD_BP":"B.336-P.8"},"geometry":{"type":"LineString","coordinates":[[-72.908171,4.423182],[-72.908171,4.423224],[-72.908172,4.423254],[-72.908178,4.423706],[-72.908186,4.423802],[-72.908202,4.42386],[-72.908244,4.42391],[-72.908712,4.424218],[-72.909277,4.424606]]}},{"type":"Feature","properties":{"TIPO":"Balastrada","CODIGO":"Interna","ZONA":"5","BLOQUE":"336","COD_BP":"B.336-P.13"},"geometry":{"type":"LineString","coordinates":[[-72.909861,4.424996],[-72.910923,4.425715]]}},{"type":"Feature","properties":{"TIPO":"Balastrada","CODIGO":"Interna","ZONA":"5","BLOQUE":"336","COD_BP":"B.336-P.6"},"geometry":{"type":"LineString","coordinates":[[-72.902949,4.430429],[-72.906592,4.428276]]}},{"type":"Feature","properties":{"TIPO":"Balastrada","CODIGO":"Interna","ZONA":"5","BLOQUE":"336","COD_BP":"B.336-P.13"},"geometry":{"type":"LineString","coordinates":[[-72.906592,4.428276],[-72.910923,4.425715]]}},{"type":"Feature","properties":{"TIPO":"Balastrada","CODIGO":"Interna","ZONA":"5","BLOQUE":"336","COD_BP":"B.336-P.14"},"geometry":{"type":"LineString","coordinates":[[-72.912567,4.426823],[-72.915834,4.429054]]}},{"type":"Feature","properties":{"TIPO":"Balastrada","CODIGO":"Interna","ZONA":"5","BLOQUE":"336","COD_BP":"B.336-P.17"},"geometry":{"type":"LineString","coordinates":[[-72.920078,4.437022],[-72.920289,4.438518]]}},{"type":"Feature","properties":{"TIPO":"Balastrada","CODIGO":"Interna","ZONA":"5","BLOQUE":"336","COD_BP":"B.336-P.14"},"geometry":{"type":"LineString","coordinates":[[-72.908961,4.431035],[-72.908969,4.431044],[-72.910145,4.432395],[-72.910158,4.43241]]}},{"type":"Feature","properties":{"TIPO":"Balastrada","CODIGO":"Interna","ZONA":"5","BLOQUE":"336","COD_BP":"B.336-P.5"},"geometry":{"type":"LineString","coordinates":[[-72.903315,4.434373],[-72.908961,4.431035]]}},{"type":"Feature","properties":{"TIPO":"Balastrada","CODIGO":"Interna","ZONA":"5","BLOQUE":"336","COD_BP":"B.336-P.14"},"geometry":{"type":"LineString","coordinates":[[-72.908961,4.431035],[-72.910109,4.430356],[-72.914104,4.427994],[-72.9142,4.427938]]}},{"type":"Feature","properties":{"TIPO":"Balastrada","CODIGO":"Interna","ZONA":"5","BLOQUE":"336","COD_BP":"B.336-P.20"},"geometry":{"type":"LineString","coordinates":[[-72.910158,4.43241],[-72.910991,4.433374],[-72.91134,4.433787]]}},{"type":"Feature","properties":{"TIPO":"Balastrada","CODIGO":"Interna","ZONA":"5","BLOQUE":"336","COD_BP":"B.336-P.20"},"geometry":{"type":"LineString","coordinates":[[-72.91134,4.433787],[-72.912493,4.435152],[-72.912533,4.435199]]}},{"type":"Feature","properties":{"TIPO":"Balastrada","CODIGO":"Interna","ZONA":"5","BLOQUE":"336","COD_BP":"B.336-P.15"},"geometry":{"type":"LineString","coordinates":[[-72.912533,4.435199],[-72.913486,4.436359],[-72.913714,4.436625]]}},{"type":"Feature","properties":{"TIPO":"Balastrada","CODIGO":"Interna","ZONA":"5","BLOQUE":"336","COD_BP":"B.336-P.15"},"geometry":{"type":"LineString","coordinates":[[-72.913714,4.436625],[-72.914291,4.437297],[-72.91484,4.437959],[-72.914875,4.437998]]}},{"type":"Feature","properties":{"TIPO":"Balastrada","CODIGO":"Interna","ZONA":"5","BLOQUE":"336","COD_BP":"B.336-P.15"},"geometry":{"type":"LineString","coordinates":[[-72.914875,4.437998],[-72.91489,4.438019],[-72.915456,4.438674],[-72.91578,4.439563]]}},{"type":"Feature","properties":{"TIPO":"Balastrada","CODIGO":"Interna","ZONA":"5","BLOQUE":"336","COD_BP":"B.336-P.2"},"geometry":{"type":"LineString","coordinates":[[-72.91578,4.439563],[-72.916205,4.440731],[-72.916464,4.441395]]}},{"type":"Feature","properties":{"TIPO":"Balastrada","CODIGO":"Interna","NDESCRIPCI":"Bloque 231","ZONA":"5","BLOQUE":"231","COD_BP":"B.231-P.10"},"geometry":{"type":"LineString","coordinates":[[-72.897479,4.411713],[-72.8946,4.411708],[-72.894509,4.411708],[-72.894435,4.411708]]}},{"type":"Feature","properties":{"TIPO":"Balastrada","CODIGO":"Interna","ZONA":"4","BLOQUE":"30","COD_BP":"B.30-P.2"},"geometry":{"type":"LineString","coordinates":[[-72.964761,4.410136],[-72.973155,4.415079]]}},{"type":"Feature","properties":{"TIPO":"Balastrada","CODIGO":"Interna","NDESCRIPCI":"Bloque 332","ZONA":"4","BLOQUE":"332","COD_BP":"B.332-P.6"},"geometry":{"type":"LineString","coordinates":[[-72.959923,4.422872],[-72.959878,4.422738],[-72.959842,4.422644],[-72.95983,4.422575],[-72.959845,4.422496],[-72.964671,4.414356]]}},{"type":"Feature","properties":{"TIPO":"Balastrada","CODIGO":"Interna","NDESCRIPCI":"Bloque 332","ZONA":"4","BLOQUE":"332","COD_BP":"B.332-P.5"},"geometry":{"type":"LineString","coordinates":[[-72.968212,4.416409],[-72.962595,4.425888]]}},{"type":"Feature","properties":{"TIPO":"Balastrada","CODIGO":"Interna","ZONA":"4","BLOQUE":"332","COD_BP":"B.332-P.7"},"geometry":{"type":"LineString","coordinates":[[-72.966372,4.41532],[-72.965633,4.4149],[-72.964671,4.414356],[-72.962581,4.413094]]}},{"type":"Feature","properties":{"TIPO":"Balastrada","CODIGO":"Interna","ZONA":"6","BLOQUE":"329","COD_BP":"B.329-P.23"},"geometry":{"type":"LineString","coordinates":[[-72.913092,4.408794],[-72.913137,4.408761],[-72.913169,4.40873],[-72.913285,4.408593],[-72.913349,4.408543]]}},{"type":"Feature","properties":{"TIPO":"Balastrada","CODIGO":"Interna","ZONA":"6","BLOQUE":"329","COD_BP":"B.329-P.6"},"geometry":{"type":"LineString","coordinates":[[-72.926134,4.400203],[-72.926196,4.40017],[-72.926265,4.400111]]}},{"type":"Feature","properties":{"TIPO":"Balastrada","CODIGO":"Interna","NDESCRIPCI":"Bloque 339","ZONA":"7","BLOQUE":"339","COD_BP":"B.339-P.2"},"geometry":{"type":"LineString","coordinates":[[-73.066091,4.39553],[-73.066091,4.395466],[-73.066096,4.391589]]}},{"type":"Feature","properties":{"TIPO":"Balastrada","CODIGO":"Interna","ZONA":"4","BLOQUE":"11","COD_BP":"B.11-P.10"},"geometry":{"type":"LineString","coordinates":[[-72.981593,4.437504],[-72.981541,4.43747],[-72.981066,4.437166]]}},{"type":"Feature","properties":{"TIPO":"Balastrada","CODIGO":"Interna","NDESCRIPCI":"Bloque 31","ZONA":"7","BLOQUE":"31","COD_BP":"B.31-P.2"},"geometry":{"type":"LineString","coordinates":[[-73.059205,4.39501],[-73.059154,4.395097],[-73.059085,4.395217],[-73.057619,4.397758]]}},{"type":"Feature","properties":{"TIPO":"Balastrada","CODIGO":"Interna","NDESCRIPCI":"Bloque 340","ZONA":"8","BLOQUE":"340","COD_BP":"B.340-P.28"},"geometry":{"type":"LineString","coordinates":[[-72.992439,4.41305],[-72.992422,4.412839],[-72.992388,4.412502],[-72.992364,4.412238],[-72.99232,4.411817],[-72.992274,4.411368],[-72.992254,4.41119],[-72.992258,4.411111],[-72.992266,4.411044],[-72.992342,4.410824],[-72.992399,4.41066],[-72.992542,4.410205],[-72.992622,4.409995],[-72.992707,4.409741],[-72.992803,4.409454],[-72.992961,4.408962],[-72.993106,4.408541],[-72.993139,4.40842],[-72.993151,4.408358],[-72.993156,4.408288],[-72.993158,4.408246],[-72.993147,4.408188],[-72.993062,4.407892],[-72.992945,4.407505],[-72.992849,4.407152],[-72.992802,4.406965],[-72.992763,4.406829],[-72.992738,4.406763],[-72.992698,4.406703],[-72.992646,4.406645],[-72.99258,4.406589],[-72.992343,4.406456],[-72.992101,4.406344],[-72.991792,4.406187],[-72.991462,4.406025],[-72.991173,4.405889],[-72.990845,4.40572],[-72.990618,4.405612],[-72.990391,4.405504],[-72.990275,4.405457],[-72.990214,4.40544],[-72.990125,4.405436],[-72.990064,4.405431],[-72.990014,4.405418],[-72.989984,4.405399],[-72.989964,4.405376],[-72.989964,4.405357],[-72.989977,4.405305],[-72.989999,4.405265]]}},{"type":"Feature","properties":{"TIPO":"Balastrada","CODIGO":"Externa","ZONA":"0","BLOQUE":"340","COD_BP":"B.340-P.0"},"geometry":{"type":"LineString","coordinates":[[-73.009472,4.403741],[-73.009548,4.403706],[-73.009582,4.403667],[-73.009614,4.403588],[-73.009651,4.403479],[-73.009706,4.403297],[-73.009764,4.403158],[-73.009838,4.402988],[-73.009918,4.402852],[-73.010002,4.40273],[-73.010135,4.402566],[-73.010256,4.402432],[-73.010397,4.402297],[-73.01053,4.40218],[-73.01071,4.402041],[-73.010894,4.401915],[-73.01111,4.401792],[-73.011232,4.401731],[-73.011501,4.401612],[-73.011866,4.401479],[-73.012243,4.401339],[-73.012452,4.401265],[-73.012627,4.401206],[-73.012864,4.401141],[-73.012961,4.401118],[-73.013178,4.401058],[-73.013431,4.400986],[-73.013649,4.400906],[-73.013981,4.400814],[-73.014088,4.400803],[-73.014211,4.4008],[-73.0143,4.40081],[-73.0144,4.400828],[-73.014534,4.400881],[-73.014728,4.400977],[-73.015068,4.401153],[-73.015372,4.401326],[-73.015898,4.401594],[-73.016453,4.401878],[-73.016746,4.402034],[-73.016867,4.402108],[-73.016973,4.402184],[-73.017155,4.402325],[-73.017461,4.402574],[-73.017657,4.40272],[-73.017908,4.402914],[-73.018232,4.403179],[-73.018561,4.403447],[-73.018688,4.403553],[-73.018783,4.403615],[-73.018848,4.403651],[-73.018898,4.403666],[-73.018948,4.403677],[-73.019068,4.403696],[-73.01925,4.403708],[-73.019551,4.40372],[-73.019752,4.403728],[-73.019997,4.40374],[-73.020107,4.403757],[-73.020202,4.403778],[-73.020372,4.403842],[-73.020568,4.403933],[-73.020725,4.404021],[-73.020924,4.404148],[-73.021086,4.404254],[-73.021179,4.404327],[-73.021271,4.40443],[-73.021307,4.404493],[-73.021447,4.404725],[-73.021628,4.405024],[-73.021693,4.405152],[-73.021717,4.405224],[-73.021747,4.405323],[-73.021769,4.405417],[-73.021797,4.405611],[-73.021802,4.405738],[-73.021807,4.405961],[-73.021815,4.40605],[-73.021836,4.406196],[-73.021858,4.406292],[-73.021915,4.406433],[-73.021986,4.406597],[-73.022091,4.406812],[-73.022155,4.406915],[-73.022221,4.406991],[-73.022286,4.407048],[-73.022352,4.4071],[-73.022418,4.407144],[-73.022507,4.40719],[-73.022618,4.40722],[-73.022748,4.407248],[-73.02296,4.407288],[-73.023369,4.407354],[-73.023726,4.40741],[-73.024136,4.407501],[-73.024373,4.407554],[-73.024502,4.40759],[-73.024827,4.407681],[-73.025021,4.40777],[-73.025268,4.407887],[-73.025515,4.40799],[-73.025798,4.408097],[-73.025987,4.408161],[-73.026121,4.408196],[-73.026307,4.408229],[-73.026531,4.408245],[-73.026737,4.408249],[-73.026906,4.408255],[-73.02699,4.408259],[-73.027096,4.408278],[-73.027354,4.408346],[-73.027563,4.408416],[-73.02791,4.408521],[-73.028152,4.408604],[-73.028399,4.408713],[-73.028698,4.408894],[-73.028847,4.408998],[-73.029055,4.409171],[-73.029198,4.409321],[-73.029277,4.409421],[-73.029315,4.409483],[-73.029393,4.409623],[-73.029482,4.40983],[-73.029538,4.409981],[-73.029576,4.410091],[-73.029625,4.410186],[-73.029677,4.410295],[-73.029771,4.410435],[-73.029846,4.410549],[-73.029879,4.410608],[-73.029898,4.410681],[-73.029915,4.410764],[-73.029923,4.410859],[-73.029923,4.411003],[-73.029927,4.411119],[-73.029938,4.411263],[-73.029955,4.411386],[-73.030003,4.41165],[-73.030044,4.411989],[-73.030072,4.412199],[-73.030112,4.412385],[-73.03014,4.412577],[-73.03016,4.412767],[-73.030168,4.412899],[-73.03016,4.413039],[-73.03014,4.413234],[-73.030124,4.413319],[-73.03011,4.413393],[-73.030082,4.413485],[-73.030017,4.413652],[-73.029915,4.413855],[-73.029697,4.41424],[-73.0296,4.414387],[-73.029511,4.414513],[-73.029399,4.414709],[-73.029378,4.414779],[-73.029347,4.414891],[-73.029339,4.414999],[-73.029347,4.415088],[-73.029368,4.415188],[-73.029428,4.415344],[-73.029505,4.415542],[-73.029578,4.415681],[-73.029665,4.415842],[-73.029825,4.416098],[-73.029955,4.416291],[-73.030148,4.41656],[-73.030235,4.416683],[-73.030296,4.416757],[-73.030351,4.416818],[-73.030392,4.416858],[-73.030449,4.4169],[-73.030532,4.416954],[-73.030611,4.416993],[-73.030704,4.417017],[-73.030784,4.41705],[-73.030853,4.417088],[-73.030897,4.417118],[-73.030946,4.417174],[-73.031002,4.417253],[-73.031065,4.417353],[-73.031128,4.417475],[-73.031257,4.41769],[-73.031384,4.417869],[-73.031592,4.418157],[-73.031737,4.418336],[-73.031848,4.418455],[-73.03208,4.418708],[-73.032249,4.418866],[-73.032399,4.419001],[-73.032615,4.419202],[-73.03278,4.41932],[-73.032969,4.419466],[-73.033347,4.419711],[-73.033518,4.419817],[-73.033788,4.419964],[-73.033892,4.420007],[-73.033921,4.42002],[-73.03401,4.420049],[-73.034184,4.420083],[-73.034318,4.420116],[-73.034588,4.420189],[-73.034811,4.420274],[-73.035018,4.420377],[-73.035187,4.420466],[-73.035356,4.420568],[-73.035528,4.420691],[-73.035649,4.420799],[-73.03576,4.420914],[-73.03588,4.421062],[-73.035954,4.421184],[-73.036056,4.421372],[-73.036142,4.421545],[-73.036218,4.421719],[-73.036353,4.422065],[-73.036412,4.422239],[-73.036446,4.422408],[-73.036503,4.422699],[-73.036544,4.422852],[-73.03662,4.423036],[-73.036682,4.423199],[-73.036717,4.423328],[-73.036806,4.423592],[-73.03684,4.423705],[-73.036849,4.423795],[-73.03684,4.423915],[-73.036842,4.424049],[-73.036884,4.42437],[-73.036892,4.424552],[-73.036881,4.424712],[-73.036857,4.424862],[-73.036808,4.42505],[-73.036738,4.425274],[-73.036693,4.425417],[-73.036664,4.425572],[-73.036667,4.425704],[-73.036686,4.425933],[-73.036715,4.426332],[-73.036739,4.426611],[-73.036772,4.427055],[-73.036789,4.42726],[-73.036797,4.427462],[-73.036809,4.427606],[-73.036824,4.427705],[-73.03686,4.427801],[-73.036911,4.427888],[-73.036992,4.427989],[-73.037105,4.428107],[-73.03726,4.428251],[-73.037422,4.428394],[-73.037601,4.428536],[-73.037719,4.428634],[-73.037828,4.428744],[-73.037882,4.428825],[-73.037937,4.428921],[-73.037982,4.42902],[-73.038018,4.42914],[-73.03806,4.429296],[-73.038084,4.42946],[-73.038088,4.429623],[-73.038082,4.429787],[-73.038066,4.429937],[-73.038058,4.430028],[-73.038061,4.430163],[-73.038067,4.430643],[-73.038086,4.431072],[-73.038131,4.431399],[-73.038177,4.431743],[-73.038262,4.432172],[-73.038318,4.432387],[-73.03839,4.432638],[-73.038454,4.432819],[-73.038532,4.433011],[-73.038626,4.433203],[-73.03871,4.433352],[-73.038798,4.433484],[-73.038891,4.433607],[-73.038957,4.433677],[-73.039058,4.433767],[-73.039196,4.433878],[-73.039354,4.433966],[-73.03949,4.434004],[-73.039616,4.434006],[-73.039726,4.43399],[-73.039855,4.433946],[-73.039975,4.433896],[-73.040175,4.43382],[-73.040533,4.433696],[-73.04078,4.433619],[-73.041057,4.433553],[-73.041344,4.433475],[-73.041512,4.433436],[-73.041601,4.433428],[-73.041702,4.433435],[-73.041889,4.433488],[-73.042021,4.433531],[-73.042475,4.433621],[-73.042584,4.433631],[-73.042712,4.433637],[-73.04287,4.433649],[-73.043153,4.433667],[-73.043294,4.433669],[-73.043411,4.433663],[-73.043538,4.433647],[-73.043691,4.433619],[-73.043803,4.433602],[-73.043902,4.43359],[-73.043982,4.433591],[-73.044062,4.433605],[-73.044125,4.433638],[-73.044289,4.433731],[-73.044938,4.434078],[-73.045405,4.434318],[-73.045686,4.434472],[-73.04587,4.43457],[-73.046286,4.434851],[-73.046614,4.435095],[-73.046869,4.435245],[-73.047144,4.435401],[-73.047445,4.43553],[-73.047678,4.435622],[-73.048071,4.435769],[-73.048511,4.435919],[-73.048928,4.436054],[-73.049087,4.436133],[-73.049256,4.436237],[-73.049429,4.436307],[-73.049795,4.4364],[-73.050043,4.436467],[-73.050272,4.436526],[-73.050469,4.4366],[-73.050702,4.436709],[-73.050918,4.436812],[-73.051103,4.436897],[-73.051197,4.436946],[-73.051256,4.436982],[-73.05132,4.437029],[-73.051385,4.437089],[-73.051458,4.437185],[-73.051687,4.437527],[-73.051848,4.437771],[-73.052083,4.438141],[-73.052239,4.438385],[-73.052526,4.438856],[-73.052603,4.439007],[-73.052663,4.439152],[-73.052825,4.439577],[-73.052895,4.439772],[-73.052914,4.43987],[-73.052932,4.440001],[-73.052945,4.440123],[-73.052963,4.440178],[-73.053029,4.440268],[-73.053201,4.440465],[-73.053396,4.440685],[-73.05358,4.44091],[-73.053731,4.441123],[-73.053877,4.441381],[-73.054031,4.441582],[-73.054131,4.441693],[-73.054224,4.441764],[-73.054399,4.441873],[-73.054532,4.441934],[-73.054722,4.442],[-73.054893,4.442041],[-73.055045,4.44206],[-73.055511,4.442112],[-73.055774,4.442144],[-73.055895,4.442186],[-73.056027,4.442273],[-73.056118,4.442338],[-73.056253,4.442433],[-73.056334,4.442511],[-73.056391,4.442588],[-73.056454,4.442718],[-73.056539,4.442914],[-73.056607,4.443075],[-73.056652,4.443198],[-73.05671,4.443472],[-73.056729,4.443586],[-73.056753,4.443661],[-73.056772,4.443723],[-73.056808,4.443793],[-73.056918,4.443956],[-73.057069,4.444207],[-73.057138,4.444318],[-73.057228,4.444442],[-73.05733,4.444564],[-73.057434,4.444641],[-73.057525,4.444685],[-73.057621,4.444706],[-73.057862,4.444738],[-73.058011,4.444742],[-73.05816,4.444731],[-73.058276,4.444698],[-73.058378,4.444652],[-73.058502,4.444577],[-73.058702,4.44444],[-73.058872,4.444308],[-73.059277,4.443986],[-73.059381,4.443915],[-73.059452,4.443881],[-73.059517,4.443861],[-73.059594,4.443854],[-73.059821,4.443844],[-73.060132,4.44383],[-73.060356,4.443817],[-73.061099,4.443799],[-73.062019,4.443747],[-73.063446,4.443669],[-73.06389,4.443634],[-73.064354,4.443587],[-73.064699,4.443572],[-73.064848,4.443565],[-73.065139,4.443506],[-73.065625,4.443432],[-73.065904,4.443406],[-73.065992,4.443409],[-73.066075,4.44342],[-73.066172,4.443457],[-73.066272,4.443519],[-73.066491,4.443688],[-73.066758,4.443886],[-73.067159,4.444149],[-73.067427,4.444328],[-73.067805,4.444645],[-73.068138,4.44497],[-73.068376,4.445218],[-73.06852,4.445359],[-73.068604,4.445438],[-73.068743,4.44553],[-73.068818,4.445591],[-73.068874,4.445639],[-73.068991,4.445748],[-73.069062,4.445844],[-73.069152,4.445967],[-73.069194,4.446031],[-73.069257,4.44614],[-73.069297,4.446238],[-73.06936,4.446435],[-73.069412,4.446623],[-73.069462,4.446804],[-73.0695,4.446924],[-73.069528,4.446997],[-73.069565,4.447089],[-73.069609,4.447169],[-73.069651,4.447247],[-73.069729,4.447377],[-73.069902,4.447634],[-73.070032,4.447805],[-73.070221,4.448067],[-73.070327,4.448197],[-73.070395,4.448265],[-73.0705,4.448353],[-73.070584,4.448424],[-73.070651,4.448473],[-73.070738,4.448522],[-73.070938,4.448618],[-73.071205,4.448732],[-73.071316,4.448772],[-73.071448,4.448808],[-73.071673,4.448854],[-73.071974,4.448902],[-73.072581,4.449004],[-73.07293,4.449044],[-73.073432,4.449149],[-73.074079,4.449277],[-73.074464,4.449354],[-73.074935,4.449449],[-73.075473,4.449545],[-73.07563,4.449568],[-73.075892,4.449574],[-73.076497,4.449548],[-73.077178,4.449525],[-73.077609,4.449546],[-73.078128,4.449691],[-73.078496,4.449812],[-73.078746,4.449775],[-73.079016,4.449646],[-73.079336,4.449267],[-73.079617,4.448909],[-73.079884,4.448799],[-73.08015,4.448754],[-73.08058,4.44889],[-73.081683,4.449275],[-73.082097,4.449311],[-73.082648,4.449284],[-73.083005,4.44921],[-73.083295,4.449063],[-73.08387,4.448576],[-73.084452,4.448277],[-73.085164,4.448212],[-73.087166,4.448128],[-73.089616,4.448146],[-73.09036,4.448267],[-73.093454,4.449568],[-73.093893,4.449535],[-73.095713,4.449169],[-73.095912,4.449196],[-73.096555,4.449453],[-73.097438,4.450079],[-73.098097,4.450744],[-73.098197,4.450769],[-73.098901,4.450773],[-73.099089,4.450766],[-73.099401,4.450752],[-73.099704,4.450753],[-73.100213,4.450751],[-73.100406,4.450747],[-73.100498,4.450748],[-73.100713,4.45077],[-73.100886,4.450804],[-73.10143,4.45094],[-73.101723,4.45102],[-73.102235,4.451154],[-73.102697,4.451283],[-73.103128,4.451392],[-73.103827,4.451581],[-73.104188,4.451673],[-73.105137,4.451909],[-73.105665,4.452058],[-73.105794,4.452081],[-73.105941,4.45209],[-73.106438,4.452129],[-73.106806,4.452163],[-73.107683,4.452228],[-73.108533,4.452293],[-73.109488,4.452368],[-73.110094,4.452418],[-73.110529,4.452451],[-73.111383,4.45253],[-73.111878,4.45258],[-73.112298,4.452628],[-73.112693,4.452657],[-73.113123,4.452704],[-73.113558,4.452749],[-73.113799,4.45277],[-73.114173,4.452815],[-73.114397,4.452847],[-73.114632,4.452863],[-73.114982,4.452896],[-73.11517,4.452919],[-73.115379,4.452936],[-73.115693,4.452979],[-73.116072,4.453039],[-73.116575,4.453121],[-73.116875,4.453175],[-73.117311,4.453256],[-73.11762,4.453304],[-73.11781,4.45334],[-73.117927,4.453369],[-73.118106,4.453428],[-73.118307,4.453511],[-73.118708,4.453671],[-73.119073,4.45381],[-73.119503,4.453984],[-73.119792,4.454121],[-73.120279,4.45431],[-73.120681,4.454472],[-73.120948,4.454574],[-73.121377,4.454729],[-73.121709,4.454856],[-73.122149,4.455029],[-73.122616,4.455224],[-73.122988,4.455366],[-73.123245,4.455451],[-73.123444,4.455513],[-73.123595,4.455551],[-73.123886,4.455618],[-73.124319,4.455717],[-73.124802,4.455838],[-73.125212,4.455945],[-73.125368,4.455967],[-73.125725,4.456051],[-73.12639,4.456194],[-73.127059,4.456352],[-73.127345,4.456405],[-73.127577,4.456461],[-73.127727,4.456514],[-73.128164,4.456734],[-73.128421,4.456892],[-73.128586,4.456979],[-73.128879,4.457119],[-73.129087,4.457216],[-73.129648,4.457495],[-73.129871,4.45761],[-73.130158,4.457769],[-73.130234,4.457798],[-73.130332,4.457825],[-73.130433,4.457845],[-73.130572,4.457845],[-73.130836,4.457838],[-73.131392,4.45782],[-73.131644,4.457822],[-73.132087,4.457806],[-73.132348,4.457791],[-73.132735,4.45777],[-73.132982,4.457779],[-73.133132,4.457783],[-73.133363,4.457783],[-73.133537,4.457776],[-73.133659,4.457749],[-73.133751,4.45773],[-73.133827,4.457724],[-73.133907,4.457724],[-73.134085,4.45774],[-73.134222,4.45774],[-73.134404,4.45775],[-73.134557,4.457766],[-73.134639,4.45778],[-73.134844,4.457813],[-73.134988,4.457833],[-73.13518,4.457856],[-73.135298,4.45787],[-73.135546,4.457901],[-73.135803,4.45793],[-73.135928,4.457941],[-73.136073,4.457947],[-73.136165,4.457953],[-73.136309,4.457974],[-73.136469,4.458009],[-73.136705,4.458054],[-73.136886,4.458082],[-73.137058,4.458102],[-73.137255,4.458127],[-73.137472,4.458155],[-73.137672,4.45818],[-73.137916,4.458215],[-73.138263,4.458275],[-73.138717,4.458352],[-73.139124,4.458418],[-73.139755,4.458519],[-73.140186,4.458613],[-73.140831,4.458787],[-73.141166,4.458864],[-73.141582,4.45897],[-73.142094,4.459112],[-73.14231,4.459161],[-73.142457,4.459195],[-73.142784,4.459285],[-73.143109,4.459384],[-73.143382,4.459456],[-73.143773,4.459577],[-73.144056,4.459675],[-73.144215,4.459732],[-73.144367,4.459802],[-73.144683,4.45998],[-73.144789,4.460046],[-73.144896,4.460113],[-73.144959,4.460156],[-73.145085,4.460256],[-73.145224,4.460383],[-73.145454,4.460593],[-73.145565,4.460698],[-73.145816,4.460991],[-73.146056,4.461308],[-73.146225,4.461526],[-73.14635,4.461681],[-73.146448,4.461797],[-73.146527,4.461876],[-73.146598,4.461944],[-73.14666,4.461995],[-73.146723,4.462044],[-73.146794,4.462092],[-73.146877,4.462145],[-73.146971,4.46219],[-73.147073,4.462242],[-73.147225,4.462312],[-73.147567,4.462447],[-73.148056,4.462652],[-73.14844,4.462797],[-73.148679,4.462904],[-73.148811,4.462979],[-73.148918,4.463056],[-73.149015,4.463129],[-73.14908,4.463189],[-73.149155,4.463268]]}},{"type":"Feature","properties":{"TIPO":"Balastrada","CODIGO":"Interna","NDESCRIPCI":"Bloque 31","ZONA":"7","BLOQUE":"31","COD_BP":"B.31-P.16"},"geometry":{"type":"LineString","coordinates":[[-73.095133,4.418261],[-73.092546,4.422664]]}},{"type":"Feature","properties":{"TIPO":"Balastrada","CODIGO":"Interna","ZONA":"2","BLOQUE":"90","COD_BP":"B.90-P.601"},"geometry":{"type":"LineString","coordinates":[[-72.958186,4.481484],[-72.959261,4.480206]]}},{"type":"Feature","properties":{"TIPO":"Balastrada","CODIGO":"Interna","ZONA":"5","BLOQUE":"336","COD_BP":"B.336-P.1"},"geometry":{"type":"LineString","coordinates":[[-72.914186,4.444746],[-72.914163,4.44471],[-72.913948,4.444383],[-72.913317,4.443986],[-72.91278,4.444025],[-72.912536,4.443866],[-72.912415,4.443754]]}},{"type":"Feature","properties":{"TIPO":"Balastrada","CODIGO":"Interna","ZONA":"5","BLOQUE":"336","COD_BP":"B.336-P.2"},"geometry":{"type":"LineString","coordinates":[[-72.912415,4.443754],[-72.911897,4.443271],[-72.911432,4.442597],[-72.911328,4.442374],[-72.910963,4.442151],[-72.910676,4.442164],[-72.910162,4.442088],[-72.909421,4.441125]]}},{"type":"Feature","properties":{"TIPO":"Balastrada","CODIGO":"Interna","ZONA":"5","BLOQUE":"336","COD_BP":"B.336-P.17"},"geometry":{"type":"LineString","coordinates":[[-72.917099,4.443],[-72.917125,4.443002],[-72.91715,4.442994],[-72.919904,4.441366]]}},{"type":"Feature","properties":{"TIPO":"Balastrada","CODIGO":"Interna","NDESCRIPCI":"Bloque 231","ZONA":"5","BLOQUE":"231","COD_BP":"B.231-P.13"},"geometry":{"type":"LineString","coordinates":[[-72.907255,4.418441],[-72.907231,4.418441],[-72.907198,4.418441],[-72.900802,4.418431],[-72.900774,4.418441],[-72.900753,4.418459],[-72.900729,4.418486],[-72.90071,4.418502],[-72.900691,4.418507],[-72.900655,4.41849],[-72.90061,4.418475],[-72.900448,4.418435],[-72.900089,4.418251],[-72.899419,4.417917],[-72.899108,4.417749],[-72.898332,4.417337],[-72.898256,4.417237],[-72.898103,4.416963],[-72.897792,4.416426],[-72.897652,4.416188],[-72.897241,4.415492]]}},{"type":"Feature","properties":{"TIPO":"Balastrada","CODIGO":"Interna","NDESCRIPCI":"Bloque 231","ZONA":"5","BLOQUE":"231","COD_BP":"B.231-P.13"},"geometry":{"type":"LineString","coordinates":[[-72.897241,4.415492],[-72.897239,4.415489],[-72.896915,4.414939],[-72.896769,4.414656]]}},{"type":"Feature","properties":{"TIPO":"Balastrada","CODIGO":"Interna","ZONA":"2","BLOQUE":"90","COD_BP":"B.90-P.593"},"geometry":{"type":"LineString","coordinates":[[-72.956864,4.47661],[-72.956997,4.476603],[-72.957132,4.476625],[-72.957247,4.476658],[-72.957411,4.476701],[-72.957529,4.476733],[-72.957633,4.476759],[-72.957769,4.476791],[-72.957904,4.476827],[-72.958062,4.47691],[-72.958212,4.476993],[-72.958469,4.477144],[-72.958644,4.477263],[-72.95889,4.477428],[-72.959008,4.477486],[-72.959076,4.477507],[-72.95918,4.477543],[-72.959294,4.47754],[-72.95941,4.477522],[-72.959511,4.477504],[-72.959612,4.477488],[-72.95973,4.477429],[-72.959831,4.477369],[-72.959907,4.477335],[-72.960272,4.477106],[-72.960322,4.477075]]}},{"type":"Feature","properties":{"TIPO":"Balastrada","CODIGO":"Interna","ZONA":"4","BLOQUE":"16","COD_BP":"B.16-P.5"},"geometry":{"type":"LineString","coordinates":[[-72.971721,4.424161],[-72.971698,4.424158],[-72.971405,4.424157],[-72.96929,4.424154]]}},{"type":"Feature","properties":{"TIPO":"Balastrada","CODIGO":"Interna","ZONA":"4","BLOQUE":"16","COD_BP":"B.16-P.6"},"geometry":{"type":"LineString","coordinates":[[-72.967871,4.422897],[-72.971063,4.422855]]}},{"type":"Feature","properties":{"TIPO":"Balastrada","CODIGO":"Interna","ZONA":"4","BLOQUE":"16","COD_BP":"B.16-P.7"},"geometry":{"type":"LineString","coordinates":[[-72.971063,4.422855],[-72.972635,4.422857],[-72.972689,4.422889],[-72.972723,4.422917],[-72.972752,4.422961],[-72.973067,4.425121],[-72.973058,4.425216],[-72.973026,4.425285],[-72.972958,4.425357],[-72.972487,4.425727]]}},{"type":"Feature","properties":{"TIPO":"Proyectada","CODIGO":"Interna","NDESCRIPCI":"Bloque 334","ZONA":"6","BLOQUE":"334","COD_BP":"B.334-P.4"},"geometry":{"type":"LineString","coordinates":[[-72.892879,4.377498],[-72.895043,4.377501]]}},{"type":"Feature","properties":{"TIPO":"Balastrada","CODIGO":"Interna","NDESCRIPCI":"Bloque 334","ZONA":"6","BLOQUE":"334","COD_BP":"B.334-P.5"},"geometry":{"type":"LineString","coordinates":[[-72.892966,4.372926],[-72.895541,4.37293],[-72.895542,4.37293]]}},{"type":"Feature","properties":{"TIPO":"Proyectada","CODIGO":"Interna","NDESCRIPCI":"Bloque 334","ZONA":"6","BLOQUE":"334","COD_BP":"B.334-P.6"},"geometry":{"type":"LineString","coordinates":[[-72.891879,4.368494],[-72.895487,4.3685]]}},{"type":"Feature","properties":{"TIPO":"Balastrada","CODIGO":"Interna","NDESCRIPCI":"Bloque 334","ZONA":"6","BLOQUE":"334","COD_BP":"B.334-P.10"},"geometry":{"type":"LineString","coordinates":[[-72.895447,4.366251],[-72.895466,4.366236],[-72.895511,4.366224],[-72.898183,4.366229],[-72.898237,4.366233],[-72.898277,4.36625],[-72.898323,4.366257],[-72.898358,4.366257],[-72.898407,4.36624],[-72.898465,4.366229],[-72.900433,4.366232],[-72.900511,4.366223],[-72.900621,4.366158],[-72.900654,4.366144],[-72.900693,4.366145],[-72.900721,4.366156],[-72.900748,4.366179]]}},{"type":"Feature","properties":{"TIPO":"Balastrada","CODIGO":"Interna","NDESCRIPCI":"Bloque 334","ZONA":"6","BLOQUE":"334","COD_BP":"B.334-P.12"},"geometry":{"type":"LineString","coordinates":[[-72.901321,4.361758],[-72.901368,4.361769],[-72.901411,4.361783],[-72.901446,4.361789],[-72.901614,4.36179],[-72.904859,4.361795],[-72.904884,4.361795]]}},{"type":"Feature","properties":{"TIPO":"Balastrada","CODIGO":"Interna","NDESCRIPCI":"Bloque 334","ZONA":"6","BLOQUE":"334","COD_BP":"B.334-P.9"},"geometry":{"type":"LineString","coordinates":[[-72.901052,4.370708],[-72.900843,4.370708],[-72.897803,4.370704]]}},{"type":"Feature","properties":{"TIPO":"Balastrada","CODIGO":"Interna","NDESCRIPCI":"Bloque 334","ZONA":"6","BLOQUE":"334","COD_BP":"B.334-P.8"},"geometry":{"type":"LineString","coordinates":[[-72.895398,4.375177],[-72.895498,4.375177],[-72.896984,4.375179],[-72.897037,4.375171],[-72.897084,4.375165],[-72.897119,4.375159],[-72.897148,4.375163],[-72.897189,4.375174],[-72.897239,4.37518],[-72.899074,4.375182],[-72.899119,4.375189],[-72.89916,4.375193],[-72.89925,4.375195]]}},{"type":"Feature","properties":{"TIPO":"Balastrada","CODIGO":"Interna","NDESCRIPCI":"Bloque 334","ZONA":"6","BLOQUE":"334","COD_BP":"B.334-P.12"},"geometry":{"type":"LineString","coordinates":[[-72.904884,4.361795],[-72.906103,4.363292],[-72.906706,4.364032]]}},{"type":"Feature","properties":{"TIPO":"Balastrada","CODIGO":"Interna","NDESCRIPCI":"Bloque 330","ZONA":"6","BLOQUE":"330","COD_BP":"B.330-P.6"},"geometry":{"type":"LineString","coordinates":[[-72.904159,4.372952],[-72.904891,4.372031],[-72.905936,4.370715]]}},{"type":"Feature","properties":{"TIPO":"Balastrada","CODIGO":"Interna","NDESCRIPCI":"Bloque 334","ZONA":"6","BLOQUE":"334","COD_BP":"B.334-P.13"},"geometry":{"type":"LineString","coordinates":[[-72.910861,4.363745],[-72.909668,4.364429],[-72.909397,4.364465],[-72.909231,4.364544],[-72.909086,4.364619],[-72.908837,4.364464],[-72.908698,4.364343],[-72.908476,4.364146],[-72.908269,4.364036],[-72.908032,4.363918],[-72.907479,4.363626],[-72.907407,4.363622],[-72.907302,4.363645],[-72.907068,4.363781],[-72.906918,4.36387]]}},{"type":"Feature","properties":{"TIPO":"Balastrada","CODIGO":"Interna","NDESCRIPCI":"Bloque 330","ZONA":"6","BLOQUE":"330","COD_BP":"B.330-P.4"},"geometry":{"type":"LineString","coordinates":[[-72.911468,4.379674],[-72.911467,4.380791],[-72.911462,4.38083],[-72.91145,4.380865],[-72.91142,4.380928],[-72.911398,4.380981],[-72.911378,4.381044],[-72.911349,4.381236],[-72.911341,4.381292],[-72.911337,4.381351],[-72.911331,4.381565],[-72.911318,4.381624],[-72.911308,4.381682],[-72.911306,4.381741],[-72.911343,4.381796],[-72.911372,4.381835],[-72.911402,4.38187],[-72.91147,4.381936],[-72.911601,4.382051]]}},{"type":"Feature","properties":{"TIPO":"Balastrada","CODIGO":"Interna","ZONA":"10","BLOQUE":"123","COD_BP":"B.123-P.116"},"geometry":{"type":"LineString","coordinates":[[-72.947705,4.434372],[-72.947683,4.434272],[-72.94758,4.434088],[-72.947544,4.434014],[-72.947489,4.433938]]}},{"type":"Feature","properties":{"TIPO":"Balastrada","CODIGO":"Interna","ZONA":"6","BLOQUE":"330","COD_BP":"B.330-P.5"},"geometry":{"type":"LineString","coordinates":[[-72.901647,4.375183],[-72.901742,4.375094],[-72.901802,4.375045],[-72.901857,4.374999],[-72.902317,4.37462],[-72.90257,4.374407],[-72.903278,4.37382],[-72.903769,4.373411],[-72.903837,4.373348],[-72.904159,4.372952]]}},{"type":"Feature","properties":{"TIPO":"Balastrada","CODIGO":"Interna","ZONA":"6","BLOQUE":"330","COD_BP":"B.330-P.6"},"geometry":{"type":"LineString","coordinates":[[-72.905936,4.370715],[-72.906707,4.369737],[-72.906745,4.369699],[-72.906775,4.36964],[-72.907227,4.36847]]}},{"type":"Feature","properties":{"TIPO":"Balastrada","CODIGO":"Interna","ZONA":"4","BLOQUE":"16","COD_BP":"B.16-P.2"},"geometry":{"type":"LineString","coordinates":[[-72.964266,4.427755],[-72.964393,4.427795]]}},{"type":"Feature","properties":{"TIPO":"Balastrada","CODIGO":"Interna","NDESCRIPCI":"Bloque 329","ZONA":"6","BLOQUE":"330","COD_BP":"B.330-P.3"},"geometry":{"type":"LineString","coordinates":[[-72.914938,4.38308],[-72.914875,4.38307],[-72.914773,4.383053],[-72.914676,4.383038],[-72.914594,4.383014],[-72.91449,4.382981],[-72.914374,4.382943],[-72.914266,4.382908],[-72.914128,4.382858],[-72.914044,4.38283],[-72.913985,4.382818],[-72.913908,4.382804],[-72.913825,4.382787],[-72.913737,4.382773],[-72.913666,4.382757],[-72.913494,4.382732],[-72.913306,4.382705],[-72.913119,4.382679],[-72.912978,4.382658],[-72.912875,4.382646],[-72.912776,4.382627],[-72.91268,4.382583],[-72.912561,4.382531],[-72.912411,4.382473],[-72.912281,4.382426],[-72.912173,4.382397],[-72.912102,4.382385],[-72.91205,4.38237],[-72.912001,4.382351],[-72.911959,4.382324],[-72.911905,4.382277],[-72.911829,4.382218],[-72.911662,4.382097],[-72.911601,4.382051]]}},{"type":"Feature","properties":{"TIPO":"Balastrada","CODIGO":"Interna","NDESCRIPCI":"Bloque 329","ZONA":"6","BLOQUE":"329","COD_BP":"B.329-P.25"},"geometry":{"type":"LineString","coordinates":[[-72.91494,4.38307],[-72.914936,4.383091],[-72.914932,4.383142],[-72.914925,4.383194],[-72.914917,4.383244],[-72.914903,4.383292],[-72.914856,4.383401],[-72.914836,4.383458],[-72.91482,4.383522],[-72.914806,4.383576],[-72.914798,4.383627],[-72.914788,4.383679],[-72.91477,4.383736],[-72.914747,4.383794],[-72.914726,4.38385],[-72.914693,4.383911],[-72.914664,4.383956],[-72.914624,4.384031],[-72.914533,4.384171],[-72.914454,4.384304],[-72.914402,4.384387],[-72.914376,4.384436],[-72.914356,4.384474],[-72.914345,4.384499],[-72.91434,4.384524],[-72.914338,4.384559],[-72.914339,4.384593],[-72.914339,4.384621],[-72.914345,4.384646],[-72.914354,4.384682],[-72.914364,4.384725],[-72.914377,4.384766],[-72.914396,4.384829],[-72.914416,4.384898],[-72.914442,4.384964],[-72.914466,4.385032],[-72.914488,4.385085],[-72.914504,4.385128],[-72.914536,4.385183],[-72.914555,4.38522],[-72.914575,4.385265],[-72.91459,4.385299],[-72.914599,4.385329],[-72.914605,4.385358],[-72.914608,4.385391],[-72.914608,4.385428],[-72.9146,4.385459],[-72.914588,4.385486],[-72.914573,4.385511],[-72.914554,4.385537],[-72.914533,4.38556],[-72.914503,4.385581],[-72.914472,4.385598],[-72.914438,4.385614],[-72.914396,4.385627],[-72.91436,4.385636],[-72.914305,4.385642],[-72.914227,4.38564],[-72.914168,4.385644],[-72.914128,4.38565],[-72.914057,4.385665],[-72.913983,4.385689],[-72.913872,4.385724]]}},{"type":"Feature","properties":{"TIPO":"Balastrada","CODIGO":"Interna","NDESCRIPCI":"Vía interna de Playa Rica 1 y 2","ZONA":"2","BLOQUE":"90","COD_BP":"B.90-P.591"},"geometry":{"type":"LineString","coordinates":[[-72.951056,4.47363],[-72.950973,4.476791],[-72.950965,4.477021],[-72.950965,4.477092],[-72.950979,4.477196]]}},{"type":"Feature","properties":{"TIPO":"Balastrada","CODIGO":"Interna","NDESCRIPCI":"Vía interna de Playa Rica 1 y 2","ZONA":"2","BLOQUE":"90","COD_BP":"B.90-P.591"},"geometry":{"type":"LineString","coordinates":[[-72.950979,4.477196],[-72.95099,4.477243],[-72.951015,4.477286],[-72.951072,4.477329],[-72.951168,4.477373],[-72.951297,4.477455],[-72.951397,4.477531],[-72.95145,4.477567],[-72.951518,4.477631],[-72.951656,4.477728],[-72.951879,4.477887],[-72.952033,4.477955],[-72.952179,4.478027],[-72.952311,4.478085],[-72.952547,4.478175],[-72.95274,4.478283],[-72.952915,4.478348],[-72.953049,4.478428]]}},{"type":"Feature","properties":{"TIPO":"Balastrada","CODIGO":"Interna","NDESCRIPCI":"Vía de Patos 2 y 3","ZONA":"2","BLOQUE":"90","COD_BP":"B.90-P.596"},"geometry":{"type":"LineString","coordinates":[[-72.959261,4.480206],[-72.959715,4.48122],[-72.960178,4.482293],[-72.960224,4.482408]]}},{"type":"Feature","properties":{"TIPO":"Balastrada","CODIGO":"Interna","NDESCRIPCI":"Vía de Patos 2 y 3","ZONA":"2","BLOQUE":"90","COD_BP":"B.90-P.601"},"geometry":{"type":"LineString","coordinates":[[-72.960224,4.482408],[-72.960256,4.482545],[-72.96022,4.482785],[-72.96013,4.483495],[-72.960083,4.483811],[-72.959823,4.485393],[-72.959787,4.485637]]}},{"type":"Feature","properties":{"TIPO":"Balastrada","CODIGO":"Interna","ZONA":"4","BLOQUE":"337","COD_BP":"B.337-P.17"},"geometry":{"type":"LineString","coordinates":[[-72.940053,4.39901],[-72.940147,4.398939],[-72.942031,4.397859]]}},{"type":"Feature","properties":{"TIPO":"Proyectada","CODIGO":"Interna","NDESCRIPCI":"Bloque 334","ZONA":"6","BLOQUE":"334","COD_BP":"B.334-P.15"},"geometry":{"type":"LineString","coordinates":[[-72.899657,4.394385],[-72.901094,4.394385],[-72.901159,4.394385]]}},{"type":"Feature","properties":{"TIPO":"Balastrada","CODIGO":"Interna","NDESCRIPCI":"Bloque 329","ZONA":"6","BLOQUE":"329","COD_BP":"B.329-P.22"},"geometry":{"type":"LineString","coordinates":[[-72.916332,4.389779],[-72.916285,4.389736],[-72.916255,4.389682],[-72.916244,4.389589],[-72.916246,4.387203],[-72.916239,4.387124],[-72.916224,4.387048],[-72.91625,4.386957],[-72.916292,4.386838],[-72.916323,4.386781],[-72.916365,4.386721],[-72.916412,4.386644],[-72.916427,4.386557],[-72.916431,4.386473],[-72.916431,4.386409],[-72.916396,4.386365],[-72.916348,4.38634],[-72.916287,4.386325],[-72.916211,4.386294],[-72.916168,4.386247],[-72.916138,4.386178],[-72.916115,4.386072],[-72.916097,4.386004],[-72.916077,4.385954],[-72.916077,4.385893],[-72.916082,4.38582],[-72.916107,4.385764],[-72.916112,4.385703],[-72.916109,4.385645],[-72.916084,4.38553],[-72.916058,4.385446],[-72.916031,4.385389]]}},{"type":"Feature","properties":{"TIPO":"Balastrada","CODIGO":"Interna","NDESCRIPCI":"Bloque 329","ZONA":"6","BLOQUE":"329","COD_BP":"B.329-P.22"},"geometry":{"type":"LineString","coordinates":[[-72.916031,4.385389],[-72.916005,4.385309],[-72.915948,4.385106],[-72.915891,4.384957],[-72.915853,4.384866],[-72.915758,4.384667],[-72.91571,4.384583],[-72.915692,4.384538],[-72.915667,4.384474],[-72.915656,4.384398],[-72.915638,4.384289],[-72.915623,4.384203],[-72.915592,4.384112],[-72.915541,4.384048],[-72.915491,4.38401],[-72.915396,4.383962],[-72.915312,4.383919],[-72.915251,4.383875],[-72.915216,4.383843],[-72.915188,4.383799],[-72.915166,4.383752],[-72.915166,4.383707],[-72.915171,4.383659],[-72.915181,4.383623],[-72.915174,4.38358],[-72.915148,4.383555],[-72.915112,4.383532],[-72.915073,4.383508],[-72.915035,4.383496],[-72.914987,4.383491],[-72.914946,4.383508],[-72.914895,4.383534],[-72.914852,4.383557],[-72.91483,4.383572],[-72.914804,4.38359]]}},{"type":"Feature","properties":{"TIPO":"Balastrada","CODIGO":"Interna","NDESCRIPCI":"Bloque 329","ZONA":"6","BLOQUE":"329","COD_BP":"B.329-P.19"},"geometry":{"type":"LineString","coordinates":[[-72.915319,4.391435],[-72.91519,4.391656],[-72.914883,4.392124],[-72.914691,4.392434],[-72.914408,4.392899],[-72.914261,4.393133],[-72.914186,4.393266],[-72.914116,4.393374],[-72.91406,4.393466],[-72.914029,4.393527],[-72.913997,4.393607],[-72.913971,4.393705],[-72.913898,4.394014],[-72.913821,4.394328],[-72.913681,4.394927],[-72.913625,4.395136]]}},{"type":"Feature","properties":{"TIPO":"Balastrada","CODIGO":"Interna","NDESCRIPCI":"Bloque 329","ZONA":"6","BLOQUE":"329","COD_BP":"B.329-P.17"},"geometry":{"type":"LineString","coordinates":[[-72.916309,4.3992],[-72.916381,4.399307],[-72.916431,4.399372],[-72.916472,4.399424],[-72.91652,4.399496],[-72.91657,4.399572],[-72.916645,4.3997],[-72.91671,4.399815],[-72.916804,4.399965],[-72.916903,4.400121],[-72.917156,4.400523],[-72.917449,4.400997],[-72.917642,4.401317],[-72.917781,4.401532],[-72.917865,4.401651],[-72.91793,4.401733],[-72.91799,4.401805],[-72.918077,4.401898],[-72.918147,4.401973],[-72.918284,4.402107],[-72.918495,4.402322],[-72.918765,4.402581],[-72.918893,4.402709],[-72.919068,4.402857],[-72.919299,4.403038],[-72.919553,4.403235],[-72.91972,4.403368],[-72.919825,4.403438],[-72.919929,4.403526],[-72.919947,4.403541]]}},{"type":"Feature","properties":{"TIPO":"Balastrada","CODIGO":"Interna","NDESCRIPCI":"Bloque 334","ZONA":"6","BLOQUE":"334","COD_BP":"B.334-P.12"},"geometry":{"type":"LineString","coordinates":[[-72.906706,4.364032],[-72.906651,4.364075],[-72.906569,4.364144],[-72.906488,4.364246],[-72.906379,4.36434],[-72.906224,4.364456],[-72.906105,4.364532],[-72.906025,4.364561],[-72.905904,4.364564],[-72.905792,4.364548],[-72.905747,4.364553],[-72.905623,4.364602],[-72.905556,4.364611],[-72.905453,4.364602],[-72.905362,4.364582],[-72.905286,4.364573],[-72.905195,4.364589],[-72.905114,4.364613],[-72.905023,4.364649],[-72.904956,4.364689],[-72.904916,4.364736],[-72.904898,4.364796],[-72.904894,4.364867],[-72.904898,4.364969]]}},{"type":"Feature","properties":{"TIPO":"Balastrada","CODIGO":"Interna","ZONA":"6","BLOQUE":"330","COD_BP":"B.330-P.2"},"geometry":{"type":"LineString","coordinates":[[-72.905319,4.388635],[-72.905364,4.388587],[-72.905379,4.388572]]}},{"type":"Feature","properties":{"TIPO":"Balastrada","CODIGO":"Interna","ZONA":"4","BLOQUE":"337","COD_BP":"B.337-P.3"},"geometry":{"type":"LineString","coordinates":[[-72.940291,4.406136],[-72.940265,4.405797],[-72.940261,4.40567],[-72.940261,4.405475],[-72.940262,4.40522],[-72.940253,4.404868],[-72.940245,4.404633],[-72.940226,4.404213],[-72.940209,4.403543],[-72.940171,4.402698],[-72.940133,4.401771],[-72.940107,4.401082],[-72.940097,4.400632],[-72.940065,4.399469],[-72.940053,4.39901],[-72.940025,4.398867]]}},{"type":"Feature","properties":{"TIPO":"Balastrada","CODIGO":"Interna","ZONA":"4","BLOQUE":"332","COD_BP":"B.332-P.9"},"geometry":{"type":"LineString","coordinates":[[-72.9493,4.426611],[-72.949229,4.426503],[-72.949128,4.426248],[-72.949025,4.426016],[-72.948746,4.425428],[-72.948634,4.425177],[-72.948493,4.424883],[-72.948108,4.424054],[-72.947688,4.423152],[-72.946237,4.420035]]}},{"type":"Feature","properties":{"TIPO":"Balastrada","CODIGO":"Interna","ZONA":"4","BLOQUE":"332","COD_BP":"B.332-P.8"},"geometry":{"type":"LineString","coordinates":[[-72.950939,4.430152],[-72.9509,4.430062],[-72.950188,4.428498],[-72.949475,4.426981],[-72.949408,4.426817],[-72.9493,4.426611]]}},{"type":"Feature","properties":{"TIPO":"Balastrada","CODIGO":"Interna","ZONA":"4","BLOQUE":"332","COD_BP":"B.332-P.4"},"geometry":{"type":"LineString","coordinates":[[-72.951401,4.432644],[-72.951406,4.432533],[-72.951191,4.430852],[-72.951161,4.430673],[-72.951125,4.430516],[-72.951075,4.430413],[-72.951,4.430268],[-72.950939,4.430152]]}},{"type":"Feature","properties":{"TIPO":"Balastrada","CODIGO":"Interna","NDESCRIPCI":"Bloque 31","ZONA":"7","BLOQUE":"31","COD_BP":"B.31-P.1"},"geometry":{"type":"LineString","coordinates":[[-73.062337,4.397158],[-73.062322,4.397184],[-73.062261,4.39729],[-73.054782,4.410251]]}},{"type":"Feature","properties":{"TIPO":"Balastrada","CODIGO":"Interna","NDESCRIPCI":"Bloque 31","ZONA":"7","BLOQUE":"31","COD_BP":"B.31-P.2"},"geometry":{"type":"LineString","coordinates":[[-73.057619,4.397758],[-73.051499,4.408363]]}},{"type":"Feature","properties":{"TIPO":"Balastrada","CODIGO":"Interna","NDESCRIPCI":"Bloque 31","ZONA":"7","BLOQUE":"31","COD_BP":"B.31-P.3"},"geometry":{"type":"LineString","coordinates":[[-73.05446,4.395656],[-73.048206,4.406493]]}},{"type":"Feature","properties":{"TIPO":"Balastrada","CODIGO":"Interna","ZONA":"7","BLOQUE":"31","COD_BP":"B.31-P.6"},"geometry":{"type":"LineString","coordinates":[[-73.046193,4.409983],[-73.047167,4.410549],[-73.047165,4.411996],[-73.048841,4.41297]]}},{"type":"Feature","properties":{"TIPO":"Balastrada","CODIGO":"Interna","ZONA":"7","BLOQUE":"31","COD_BP":"B.31-P.4"},"geometry":{"type":"LineString","coordinates":[[-73.051229,4.393498],[-73.044815,4.404612]]}},{"type":"Feature","properties":{"TIPO":"Balastrada","CODIGO":"Interna","ZONA":"4","BLOQUE":"332","COD_BP":"B.332-P.13"},"geometry":{"type":"LineString","coordinates":[[-72.957595,4.438098],[-72.957624,4.43802],[-72.95777,4.437593],[-72.957897,4.437252],[-72.95803,4.436886],[-72.958174,4.43647],[-72.958258,4.436218],[-72.958437,4.435753],[-72.958561,4.435398],[-72.958627,4.435207],[-72.958757,4.434844],[-72.958883,4.434469],[-72.958966,4.434262],[-72.959004,4.434183],[-72.959031,4.434086],[-72.95904,4.43398],[-72.959056,4.43389],[-72.959065,4.433834],[-72.959079,4.43378],[-72.959087,4.433741],[-72.959109,4.433674],[-72.959263,4.43327],[-72.959431,4.432868],[-72.959461,4.43276],[-72.959472,4.432718],[-72.959472,4.432657],[-72.959447,4.432605]]}},{"type":"Feature","properties":{"TIPO":"Proyectada","CODIGO":"Interna","NDESCRIPCI":"Bloque 332","ZONA":"4","BLOQUE":"332","COD_BP":"B.332-P.15"},"geometry":{"type":"LineString","coordinates":[[-72.951612,4.440881],[-72.95188,4.441381],[-72.951898,4.441501],[-72.951888,4.441692],[-72.951819,4.441937],[-72.951155,4.443778],[-72.951113,4.444161]]}},{"type":"Feature","properties":{"TIPO":"Balastrada","CODIGO":"Interna","NDESCRIPCI":"Bloque 329","ZONA":"6","BLOQUE":"329","COD_BP":"B.329-P.2"},"geometry":{"type":"LineString","coordinates":[[-72.932963,4.420123],[-72.929628,4.420118],[-72.929323,4.419956]]}},{"type":"Feature","properties":{"TIPO":"Balastrada","CODIGO":"Interna","ZONA":"6","BLOQUE":"329","COD_BP":"B.329-P.1"},"geometry":{"type":"LineString","coordinates":[[-72.932023,4.422977],[-72.928697,4.422972],[-72.928618,4.422905]]}},{"type":"Feature","properties":{"TIPO":"Pavimentada","CODIGO":"Externa","NDESCRIPCI":"CONTROL 3 - CONTROL 1","ZONA":"0","BLOQUE":"0","COD_BP":"B.-P.0"},"geometry":{"type":"LineString","coordinates":[[-72.957824,4.544333],[-72.957506,4.541597],[-72.956937,4.537967],[-72.956732,4.536656],[-72.956705,4.536484],[-72.956699,4.536443],[-72.956697,4.536432],[-72.956601,4.535801],[-72.9566,4.535793],[-72.956496,4.535091]]}},{"type":"Feature","properties":{"TIPO":"Balastrada","CODIGO":"Interna","NDESCRIPCI":"Bloque 329","ZONA":"6","BLOQUE":"329","COD_BP":"B.329-P.8"},"geometry":{"type":"LineString","coordinates":[[-72.92433,4.396543],[-72.924247,4.396543],[-72.918959,4.396535]]}},{"type":"Feature","properties":{"TIPO":"Proyectada","CODIGO":"Interna","NDESCRIPCI":"Bloque 329","ZONA":"6","BLOQUE":"329","COD_BP":"B.329-P.9"},"geometry":{"type":"LineString","coordinates":[[-72.919479,4.392874],[-72.922195,4.392878],[-72.922241,4.392896],[-72.922284,4.392903],[-72.922315,4.392884],[-72.922347,4.392862]]}},{"type":"Feature","properties":{"TIPO":"Balastrada","CODIGO":"Interna","NDESCRIPCI":"Bloque 329","ZONA":"6","BLOQUE":"329","COD_BP":"B.329-P.18"},"geometry":{"type":"LineString","coordinates":[[-72.917345,4.396992],[-72.914589,4.396988],[-72.914577,4.396988],[-72.914561,4.396987],[-72.914514,4.396987]]}},{"type":"Feature","properties":{"TIPO":"Balastrada","CODIGO":"Interna","NDESCRIPCI":"Bloque 329","ZONA":"6","BLOQUE":"329","COD_BP":"B.329-P.19"},"geometry":{"type":"LineString","coordinates":[[-72.918121,4.393291],[-72.914253,4.393285],[-72.914201,4.393285],[-72.914174,4.393285]]}},{"type":"Feature","properties":{"TIPO":"Balastrada","CODIGO":"Interna","NDESCRIPCI":"Bloque 329","ZONA":"6","BLOQUE":"329","COD_BP":"B.329-P.21"},"geometry":{"type":"LineString","coordinates":[[-72.912418,4.397689],[-72.914588,4.397692],[-72.914675,4.397692],[-72.91475,4.397686],[-72.914802,4.397679],[-72.914861,4.397656],[-72.914908,4.397623],[-72.91495,4.397571]]}},{"type":"Feature","properties":{"TIPO":"Balastrada","CODIGO":"Interna","NDESCRIPCI":"Bloque 329","ZONA":"6","BLOQUE":"329","COD_BP":"B.329-P.12"},"geometry":{"type":"LineString","coordinates":[[-72.92414,4.415102],[-72.924132,4.415087],[-72.924107,4.415041],[-72.924074,4.414998],[-72.924027,4.414961],[-72.923961,4.414946],[-72.916781,4.414935]]}},{"type":"Feature","properties":{"TIPO":"Balastrada","CODIGO":"Interna","NDESCRIPCI":"Bloque 329","ZONA":"6","BLOQUE":"329","COD_BP":"B.329-P.13"},"geometry":{"type":"LineString","coordinates":[[-72.916304,4.411557],[-72.923975,4.411569],[-72.924035,4.41158],[-72.924084,4.411615],[-72.924131,4.411664],[-72.924191,4.411734],[-72.924243,4.411823],[-72.92426,4.411854]]}},{"type":"Feature","properties":{"TIPO":"Proyectada","CODIGO":"Interna","NDESCRIPCI":"Bloque 329","ZONA":"6","BLOQUE":"329","COD_BP":"B.329-P.24"},"geometry":{"type":"LineString","coordinates":[[-72.911421,4.398801],[-72.910452,4.3988],[-72.910436,4.3988]]}},{"type":"Feature","properties":{"TIPO":"Proyectada","CODIGO":"Interna","NDESCRIPCI":"Bloque 329","ZONA":"6","BLOQUE":"329","COD_BP":"B.329-P.24"},"geometry":{"type":"LineString","coordinates":[[-72.912666,4.40251],[-72.911509,4.402508],[-72.91147,4.402538],[-72.911442,4.402558]]}},{"type":"Feature","properties":{"TIPO":"Balastrada","CODIGO":"Interna","ZONA":"11","BLOQUE":"1","COD_BP":"B.1-P.137"},"geometry":{"type":"LineString","coordinates":[[-72.965025,4.536177],[-72.965181,4.536296],[-72.965507,4.53652],[-72.965841,4.536762],[-72.966025,4.537091],[-72.966225,4.537444],[-72.966478,4.537909],[-72.966806,4.538476],[-72.966886,4.538608],[-72.966922,4.53867]]}},{"type":"Feature","properties":{"TIPO":"Proyectada","CODIGO":"Interna","NDESCRIPCI":"Bloque 329","ZONA":"6","BLOQUE":"329","COD_BP":"B.329-P.25"},"geometry":{"type":"LineString","coordinates":[[-72.911344,4.391595],[-72.911398,4.391595],[-72.911439,4.391595],[-72.911521,4.391595],[-72.912515,4.391597]]}},{"type":"Feature","properties":{"TIPO":"Proyectada","CODIGO":"Interna","NDESCRIPCI":"Bloque 329","ZONA":"6","BLOQUE":"329","COD_BP":"B.329-P.25"},"geometry":{"type":"LineString","coordinates":[[-72.914687,4.387288],[-72.913212,4.387285],[-72.913078,4.387285],[-72.913065,4.387285],[-72.913041,4.387285]]}},{"type":"Feature","properties":{"TIPO":"Balastrada","CODIGO":"Interna","NDESCRIPCI":"Bloque 329","ZONA":"6","BLOQUE":"329","COD_BP":"B.329-P.28"},"geometry":{"type":"LineString","coordinates":[[-72.902266,4.404656],[-72.902258,4.404836],[-72.90226,4.404919],[-72.902271,4.405022],[-72.902284,4.405107],[-72.902683,4.406563],[-72.903009,4.407789],[-72.903024,4.407829],[-72.903037,4.407852],[-72.903057,4.407866],[-72.903077,4.407875],[-72.90311,4.407888],[-72.903868,4.408176],[-72.904386,4.408343],[-72.904796,4.408476],[-72.905337,4.408643],[-72.905735,4.408775],[-72.906419,4.409017],[-72.907099,4.409234],[-72.907481,4.409346],[-72.907599,4.409375],[-72.907704,4.409392],[-72.907842,4.409388],[-72.907978,4.40937],[-72.908602,4.409275],[-72.908803,4.409252]]}},{"type":"Feature","properties":{"TIPO":"Balastrada","CODIGO":"Interna","ZONA":"2","BLOQUE":"4","COD_BP":"B.4-P.6"},"geometry":{"type":"LineString","coordinates":[[-72.987044,4.513973],[-72.98677,4.514002],[-72.98645,4.514048],[-72.986164,4.514082],[-72.986016,4.514106],[-72.985935,4.514109]]}},{"type":"Feature","properties":{"TIPO":"Balastrada","CODIGO":"Interna","ZONA":"2","BLOQUE":"4","COD_BP":"B.4-P.6"},"geometry":{"type":"LineString","coordinates":[[-72.985935,4.514109],[-72.984509,4.514308]]}},{"type":"Feature","properties":{"TIPO":"Balastrada","CODIGO":"Interna","ZONA":"2","BLOQUE":"4","COD_BP":"B.4-P.5"},"geometry":{"type":"LineString","coordinates":[[-72.989232,4.514023],[-72.988968,4.514001]]}},{"type":"Feature","properties":{"TIPO":"Balastrada","CODIGO":"Interna","ZONA":"2","BLOQUE":"4","COD_BP":"B.4-P.5"},"geometry":{"type":"LineString","coordinates":[[-72.987044,4.513973],[-72.987192,4.513953],[-72.987616,4.513948],[-72.988006,4.513967],[-72.988625,4.513993],[-72.988968,4.514001]]}},{"type":"Feature","properties":{"TIPO":"Balastrada","CODIGO":"Interna","ZONA":"4","BLOQUE":"11","COD_BP":"B.11-P.11"},"geometry":{"type":"LineString","coordinates":[[-72.981784,4.442509],[-72.981784,4.442551],[-72.981784,4.44259],[-72.981836,4.443594],[-72.981889,4.444471],[-72.981898,4.444697],[-72.981907,4.444769],[-72.981907,4.444796]]}},{"type":"Feature","properties":{"TIPO":"Balastrada","CODIGO":"Interna","ZONA":"1","BLOQUE":"20","COD_BP":"B.20-P.6"},"geometry":{"type":"LineString","coordinates":[[-72.941342,4.519923],[-72.941241,4.519819],[-72.941214,4.519795],[-72.941195,4.519776],[-72.941193,4.519745],[-72.941196,4.517617]]}},{"type":"Feature","properties":{"TIPO":"Balastrada","CODIGO":"Interna","ZONA":"5","BLOQUE":"327","COD_BP":"B.327-P.5"},"geometry":{"type":"LineString","coordinates":[[-72.935554,4.438806],[-72.935699,4.438912],[-72.936177,4.439182],[-72.937281,4.439796],[-72.937796,4.44006],[-72.938354,4.440357]]}},{"type":"Feature","properties":{"TIPO":"Balastrada","CODIGO":"Interna","ZONA":"3","BLOQUE":"323","COD_BP":"B.323-P.3"},"geometry":{"type":"LineString","coordinates":[[-72.981809,4.468403],[-72.981809,4.46958],[-72.981727,4.469749],[-72.981741,4.4705],[-72.981719,4.470762],[-72.981655,4.470987]]}},{"type":"Feature","properties":{"TIPO":"Balastrada","CODIGO":"Interna","ZONA":"4","BLOQUE":"11","COD_BP":"B.11-P.9"},"geometry":{"type":"LineString","coordinates":[[-72.981609,4.438293],[-72.98161,4.438313],[-72.98167,4.440022],[-72.981732,4.441198],[-72.981734,4.441246]]}},{"type":"Feature","properties":{"TIPO":"Proyectada","CODIGO":"Interna","NDESCRIPCI":"Bloque 329","ZONA":"6","BLOQUE":"329","COD_BP":"B.329-P.5"},"geometry":{"type":"LineString","coordinates":[[-72.933435,4.412096],[-72.930269,4.412091],[-72.930254,4.412091],[-72.930235,4.412091]]}},{"type":"Feature","properties":{"TIPO":"Balastrada","CODIGO":"Interna","NDESCRIPCI":"Bloque 231","ZONA":"5","BLOQUE":"231","COD_BP":"B.231-P.11"},"geometry":{"type":"LineString","coordinates":[[-72.901641,4.411704],[-72.901627,4.411713],[-72.901152,4.411994],[-72.90113,4.412003],[-72.901107,4.411991],[-72.901072,4.411967],[-72.901059,4.41196],[-72.901043,4.411956],[-72.90101,4.411956],[-72.900948,4.411964],[-72.900898,4.411974],[-72.900845,4.411996],[-72.900547,4.412142],[-72.900494,4.412139],[-72.900454,4.412109],[-72.900281,4.411757],[-72.90026,4.411734],[-72.900234,4.411718],[-72.900202,4.411717],[-72.897479,4.411713]]}},{"type":"Feature","properties":{"TIPO":"Balastrada","CODIGO":"Interna","ZONA":"7","BLOQUE":"31","COD_BP":"B.31-P.5"},"geometry":{"type":"LineString","coordinates":[[-73.045318,4.40762],[-73.043363,4.411007]]}},{"type":"Feature","properties":{"TIPO":"Balastrada","CODIGO":"Interna","ZONA":"7","BLOQUE":"31","COD_BP":"B.31-P.3"},"geometry":{"type":"LineString","coordinates":[[-73.052859,4.394568],[-73.054348,4.39558],[-73.056083,4.396749]]}},{"type":"Feature","properties":{"TIPO":"Balastrada","CODIGO":"Interna","ZONA":"7","BLOQUE":"31","COD_BP":"B.31-P.5"},"geometry":{"type":"LineString","coordinates":[[-73.044497,4.409042],[-73.046173,4.410017]]}},{"type":"Feature","properties":{"TIPO":"Balastrada","CODIGO":"Interna","ZONA":"6","BLOQUE":"330","COD_BP":"B.330-P.1"},"geometry":{"type":"LineString","coordinates":[[-72.901604,4.402646],[-72.904233,4.40265],[-72.904369,4.402625],[-72.904477,4.402623]]}},{"type":"Feature","properties":{"TIPO":"Balastrada","CODIGO":"Interna","NDESCRIPCI":"Vía interna del bloque 8 (corocito)","ZONA":"2","BLOQUE":"90","COD_BP":"B.90-P.592"},"geometry":{"type":"LineString","coordinates":[[-72.959841,4.472323],[-72.959825,4.472302],[-72.959754,4.472244],[-72.957713,4.469634],[-72.957675,4.469582],[-72.95766,4.469552],[-72.957572,4.469437]]}},{"type":"Feature","properties":{"TIPO":"Balastrada","CODIGO":"Interna","ZONA":"4","BLOQUE":"11","COD_BP":"B.11-P.14"},"geometry":{"type":"LineString","coordinates":[[-72.976384,4.445002],[-72.976366,4.445005],[-72.975312,4.445031],[-72.974586,4.445051],[-72.974561,4.445052]]}},{"type":"Feature","properties":{"TIPO":"Balastrada","CODIGO":"Interna","ZONA":"4","BLOQUE":"11","COD_BP":"B.11-P.15"},"geometry":{"type":"LineString","coordinates":[[-72.971065,4.441742],[-72.971074,4.441774],[-72.97111,4.441896],[-72.971235,4.442312],[-72.971316,4.442565],[-72.971406,4.442855],[-72.971468,4.443063],[-72.971719,4.443886],[-72.972015,4.444863],[-72.972081,4.445086],[-72.972087,4.445108]]}},{"type":"Feature","properties":{"TIPO":"Balastrada","CODIGO":"Interna","ZONA":"4","BLOQUE":"11","COD_BP":"B.11-P.20"},"geometry":{"type":"LineString","coordinates":[[-72.968482,4.4336],[-72.96851,4.433664],[-72.968562,4.433818],[-72.968671,4.434234],[-72.968714,4.43437],[-72.968759,4.434504]]}},{"type":"Feature","properties":{"TIPO":"Balastrada","CODIGO":"Interna","ZONA":"4","BLOQUE":"11","COD_BP":"B.11-P.24"},"geometry":{"type":"LineString","coordinates":[[-72.968759,4.434504],[-72.968779,4.434471],[-72.968864,4.434328],[-72.96905,4.434018],[-72.969303,4.433575],[-72.969528,4.433196],[-72.969691,4.432916],[-72.970142,4.432139],[-72.970174,4.432084]]}},{"type":"Feature","properties":{"TIPO":"Balastrada","CODIGO":"Interna","ZONA":"4","BLOQUE":"11","COD_BP":"B.11-P.24"},"geometry":{"type":"LineString","coordinates":[[-72.968759,4.434504],[-72.968777,4.434568],[-72.968814,4.434705],[-72.968841,4.434786],[-72.968949,4.43513],[-72.968952,4.435139]]}},{"type":"Feature","properties":{"TIPO":"Balastrada","CODIGO":"Interna","ZONA":"4","BLOQUE":"11","COD_BP":"B.11-P.19"},"geometry":{"type":"LineString","coordinates":[[-72.968952,4.435139],[-72.969092,4.435546],[-72.969352,4.43636],[-72.969433,4.436622],[-72.969572,4.437051],[-72.969575,4.437058]]}},{"type":"Feature","properties":{"TIPO":"Balastrada","CODIGO":"Interna","ZONA":"4","BLOQUE":"11","COD_BP":"B.11-P.23"},"geometry":{"type":"LineString","coordinates":[[-72.973323,4.434645],[-72.973364,4.434576],[-72.973387,4.434548],[-72.973417,4.434521],[-72.973463,4.434486],[-72.973508,4.434459],[-72.973553,4.434431],[-72.973578,4.434409],[-72.973603,4.434377],[-72.973625,4.434332],[-72.973641,4.434292],[-72.97367,4.434218],[-72.973758,4.433974],[-72.973827,4.433762],[-72.97386,4.433648],[-72.973947,4.43329],[-72.974034,4.432986],[-72.974161,4.432528],[-72.974251,4.432222],[-72.974361,4.431819],[-72.974478,4.431429],[-72.974558,4.431178],[-72.974567,4.43116],[-72.974594,4.431097],[-72.974612,4.431079],[-72.974616,4.431074]]}},{"type":"Feature","properties":{"TIPO":"Balastrada","CODIGO":"Interna","ZONA":"4","BLOQUE":"11","COD_BP":"B.11-P.23"},"geometry":{"type":"LineString","coordinates":[[-72.97372,4.435974],[-72.973705,4.43592],[-72.97365,4.435725],[-72.973543,4.435363],[-72.973381,4.434856],[-72.973356,4.434765],[-72.973323,4.434645]]}},{"type":"Feature","properties":{"TIPO":"Balastrada","CODIGO":"Interna","ZONA":"4","BLOQUE":"328","COD_BP":"B.328-P.1"},"geometry":{"type":"LineString","coordinates":[[-72.97769,4.436721],[-72.97783,4.436156],[-72.977911,4.43583],[-72.977966,4.435559],[-72.977975,4.435478],[-72.978002,4.435406],[-72.978029,4.435324],[-72.978101,4.435071],[-72.978156,4.434872],[-72.978573,4.433191],[-72.978591,4.433146],[-72.978609,4.43311],[-72.978654,4.433029],[-72.97878,4.43283],[-72.97888,4.432676],[-72.978997,4.432523],[-72.979132,4.432324],[-72.97925,4.432125],[-72.979331,4.431999],[-72.97943,4.431872],[-72.979548,4.431692],[-72.979629,4.431556],[-72.979656,4.431511],[-72.979686,4.431459],[-72.979701,4.431423],[-72.979707,4.431388]]}},{"type":"Feature","properties":{"TIPO":"Balastrada","CODIGO":"Interna","ZONA":"4","BLOQUE":"11","COD_BP":"B.11-P.26"},"geometry":{"type":"LineString","coordinates":[[-72.973368,4.42576],[-72.975313,4.426784]]}},{"type":"Feature","properties":{"TIPO":"Balastrada","CODIGO":"Interna","ZONA":"4","BLOQUE":"11","COD_BP":"B.11-P.26"},"geometry":{"type":"LineString","coordinates":[[-72.975313,4.426784],[-72.975501,4.426867],[-72.976248,4.427257],[-72.977526,4.427909],[-72.978508,4.428426],[-72.978769,4.428561]]}},{"type":"Feature","properties":{"TIPO":"Balastrada","CODIGO":"Interna","ZONA":"4","BLOQUE":"11","COD_BP":"B.11-P.26"},"geometry":{"type":"LineString","coordinates":[[-72.975313,4.426784],[-72.97396,4.427687]]}},{"type":"Feature","properties":{"TIPO":"Balastrada","CODIGO":"Interna","ZONA":"4","BLOQUE":"11","COD_BP":"B.11-P.37"},"geometry":{"type":"LineString","coordinates":[[-72.976666,4.425936],[-72.976625,4.425962],[-72.976549,4.426009],[-72.975447,4.426695],[-72.975313,4.426784]]}},{"type":"Feature","properties":{"TIPO":"Balastrada","CODIGO":"Interna","ZONA":"4","BLOQUE":"11","COD_BP":"B.11-P.37"},"geometry":{"type":"LineString","coordinates":[[-72.973242,4.42538],[-72.974153,4.424794],[-72.974189,4.424776],[-72.974216,4.424785],[-72.974243,4.424812],[-72.974315,4.42493],[-72.974351,4.424993],[-72.974396,4.425066],[-72.974432,4.425102],[-72.974441,4.425147],[-72.974459,4.425192],[-72.974468,4.425238],[-72.974495,4.425292],[-72.97454,4.425346],[-72.974576,4.425373],[-72.97463,4.425392],[-72.974693,4.42541],[-72.974747,4.425419],[-72.974792,4.425428],[-72.974828,4.425437],[-72.974864,4.425464],[-72.974918,4.425482],[-72.974963,4.425501],[-72.975026,4.42551],[-72.975098,4.42551],[-72.975179,4.425519],[-72.975242,4.425537],[-72.975278,4.425564],[-72.975305,4.42561],[-72.97535,4.4257],[-72.975395,4.4258],[-72.97544,4.425872],[-72.975476,4.425926],[-72.975512,4.425953],[-72.975557,4.425981],[-72.975629,4.425999],[-72.975692,4.42599],[-72.975746,4.42599],[-72.9758,4.425999],[-72.975836,4.426026],[-72.97589,4.426035],[-72.975962,4.426036],[-72.976034,4.426036],[-72.976151,4.426036],[-72.97625,4.426027],[-72.976385,4.425991],[-72.976547,4.425955],[-72.976654,4.425938],[-72.976666,4.425936]]}},{"type":"Feature","properties":{"TIPO":"Balastrada","CODIGO":"Interna","ZONA":"4","BLOQUE":"11","COD_BP":"B.11-P.26"},"geometry":{"type":"LineString","coordinates":[[-72.976666,4.425936],[-72.976719,4.425928],[-72.976818,4.425892],[-72.97707,4.425811],[-72.977296,4.425721],[-72.977458,4.425604],[-72.977584,4.425468],[-72.977792,4.425179],[-72.977945,4.424953],[-72.978054,4.424827],[-72.978216,4.424737],[-72.978459,4.424638],[-72.978928,4.42453],[-72.979081,4.424494],[-72.97918,4.424485],[-72.979225,4.424539],[-72.979279,4.424675],[-72.979431,4.425191],[-72.979593,4.425733],[-72.979673,4.426014],[-72.9797,4.426122],[-72.979754,4.426321],[-72.979799,4.426412],[-72.979862,4.426566],[-72.979916,4.426647],[-72.979969,4.426729],[-72.98005,4.426891],[-72.980149,4.427082],[-72.980239,4.427253],[-72.980302,4.427362],[-72.980365,4.427453],[-72.980423,4.427494]]}},{"type":"Feature","properties":{"TIPO":"Balastrada","CODIGO":"Interna","ZONA":"4","BLOQUE":"11","COD_BP":"B.11-P.16"},"geometry":{"type":"LineString","coordinates":[[-72.97372,4.435974],[-72.974692,4.439295],[-72.974726,4.439441],[-72.974737,4.439489],[-72.974746,4.439528]]}},{"type":"Feature","properties":{"TIPO":"Balastrada","CODIGO":"Interna","ZONA":"4","BLOQUE":"16","COD_BP":"B.16-P.5"},"geometry":{"type":"LineString","coordinates":[[-72.967871,4.422897],[-72.967623,4.423228],[-72.967125,4.423942],[-72.967035,4.424071],[-72.966936,4.424202]]}},{"type":"Feature","properties":{"TIPO":"Balastrada","CODIGO":"Interna","ZONA":"4","BLOQUE":"16","COD_BP":"B.16-P.4"},"geometry":{"type":"LineString","coordinates":[[-72.966936,4.424202],[-72.966647,4.424605],[-72.966205,4.425223],[-72.966029,4.425495]]}},{"type":"Feature","properties":{"TIPO":"Balastrada","CODIGO":"Interna","ZONA":"4","BLOQUE":"16","COD_BP":"B.16-P.3"},"geometry":{"type":"LineString","coordinates":[[-72.966029,4.425495],[-72.965909,4.425648],[-72.965617,4.42606],[-72.965378,4.426412],[-72.965127,4.426792]]}},{"type":"Feature","properties":{"TIPO":"Balastrada","CODIGO":"Interna","ZONA":"4","BLOQUE":"16","COD_BP":"B.16-P.1"},"geometry":{"type":"LineString","coordinates":[[-72.964752,4.428127],[-72.965753,4.428741],[-72.96632,4.429121],[-72.966543,4.429287],[-72.966654,4.429374],[-72.966776,4.429485]]}},{"type":"Feature","properties":{"TIPO":"Balastrada","CODIGO":"Interna","ZONA":"3","BLOQUE":"12","COD_BP":"B.12-P.1"},"geometry":{"type":"LineString","coordinates":[[-72.990785,4.441878],[-72.990759,4.441923],[-72.99059,4.442211],[-72.990212,4.442795],[-72.990047,4.443068],[-72.98984,4.44337],[-72.989645,4.443661],[-72.989369,4.44409],[-72.989236,4.444288],[-72.988958,4.444701],[-72.988659,4.44514],[-72.988505,4.445365],[-72.988472,4.445414],[-72.98844,4.445443],[-72.988407,4.445457],[-72.98837,4.445451],[-72.988336,4.445434],[-72.988303,4.445418],[-72.988253,4.445393]]}},{"type":"Feature","properties":{"TIPO":"Balastrada","CODIGO":"Interna","ZONA":"3","BLOQUE":"12","COD_BP":"B.12-P.2"},"geometry":{"type":"LineString","coordinates":[[-72.990785,4.441878],[-72.99082,4.441826],[-72.990838,4.441799],[-72.990927,4.441607],[-72.99096,4.441527],[-72.990977,4.441421],[-72.990983,4.441276],[-72.990981,4.441158],[-72.990972,4.441014],[-72.990978,4.440731],[-72.990976,4.440651]]}},{"type":"Feature","properties":{"TIPO":"Balastrada","CODIGO":"Interna","ZONA":"3","BLOQUE":"12","COD_BP":"B.12-P.3"},"geometry":{"type":"LineString","coordinates":[[-72.990976,4.440651],[-72.990976,4.44063],[-72.990973,4.440512],[-72.990967,4.440259],[-72.990956,4.439958],[-72.990953,4.439781],[-72.990959,4.439657],[-72.990948,4.439548],[-72.990936,4.439489],[-72.990916,4.439439]]}},{"type":"Feature","properties":{"TIPO":"Balastrada","CODIGO":"Interna","ZONA":"3","BLOQUE":"12","COD_BP":"B.12-P.4"},"geometry":{"type":"LineString","coordinates":[[-72.990916,4.439439],[-72.990913,4.43943],[-72.990866,4.439335],[-72.990781,4.439217],[-72.990666,4.438999],[-72.990591,4.438603],[-72.990523,4.438353],[-72.990488,4.438282],[-72.990475,4.438267]]}},{"type":"Feature","properties":{"TIPO":"Balastrada","CODIGO":"Interna","ZONA":"3","BLOQUE":"12","COD_BP":"B.12-P.8"},"geometry":{"type":"LineString","coordinates":[[-72.984845,4.431705],[-72.984647,4.43161],[-72.984159,4.430994]]}},{"type":"Feature","properties":{"TIPO":"Balastrada","CODIGO":"Interna","ZONA":"3","BLOQUE":"13","COD_BP":"B.13-P.10"},"geometry":{"type":"LineString","coordinates":[[-72.987792,4.455024],[-72.987922,4.452545],[-72.987949,4.452201],[-72.987987,4.451333],[-72.988061,4.450059],[-72.988144,4.448558],[-72.988227,4.447164]]}},{"type":"Feature","properties":{"TIPO":"Balastrada","CODIGO":"Interna","ZONA":"3","BLOQUE":"11","COD_BP":"B.11-P.60"},"geometry":{"type":"LineString","coordinates":[[-72.991453,4.454419],[-72.991355,4.454351],[-72.991269,4.454299],[-72.990366,4.453896],[-72.990332,4.45387],[-72.990306,4.453831],[-72.990293,4.453799],[-72.990285,4.453754],[-72.990286,4.453687],[-72.990288,4.453597],[-72.990294,4.453458],[-72.990338,4.452879],[-72.990373,4.451793]]}},{"type":"Feature","properties":{"TIPO":"Balastrada","CODIGO":"Interna","ZONA":"3","BLOQUE":"11","COD_BP":"B.11-P.27"},"geometry":{"type":"LineString","coordinates":[[-72.990373,4.451793],[-72.990385,4.451566],[-72.990367,4.451359],[-72.990421,4.451078],[-72.990464,4.450856],[-72.99051,4.450734],[-72.990735,4.450275]]}},{"type":"Feature","properties":{"TIPO":"Balastrada","CODIGO":"Interna","ZONA":"3","BLOQUE":"11","COD_BP":"B.11-P.60"},"geometry":{"type":"LineString","coordinates":[[-72.989969,4.457273],[-72.989986,4.457151],[-72.990017,4.456885],[-72.990051,4.456667],[-72.99008,4.456407],[-72.990108,4.456297],[-72.990132,4.456036],[-72.990158,4.455958],[-72.990202,4.455903],[-72.990253,4.455832],[-72.99035,4.455745],[-72.99045,4.455641],[-72.990649,4.455416],[-72.99073,4.45534],[-72.990801,4.455222],[-72.990934,4.455024],[-72.990991,4.45492],[-72.991087,4.454804],[-72.991231,4.454641],[-72.991357,4.454506],[-72.991453,4.454419],[-72.991523,4.454342],[-72.991729,4.454148],[-72.991926,4.453971],[-72.992131,4.453754],[-72.992359,4.453504],[-72.992599,4.453276],[-72.992942,4.452964]]}},{"type":"Feature","properties":{"TIPO":"Balastrada","CODIGO":"Interna","ZONA":"3","BLOQUE":"11","COD_BP":"B.11-P.27"},"geometry":{"type":"LineString","coordinates":[[-72.992942,4.452964],[-72.993122,4.452801],[-72.99333,4.452567],[-72.993564,4.452323],[-72.993835,4.452007],[-72.993979,4.451871],[-72.99416,4.451727],[-72.99425,4.451655],[-72.994349,4.451519],[-72.994503,4.451266],[-72.994575,4.451176],[-72.994629,4.451095],[-72.994665,4.450995],[-72.994683,4.450905],[-72.994675,4.450733],[-72.994604,4.449892]]}},{"type":"Feature","properties":{"TIPO":"Balastrada","CODIGO":"Interna","ZONA":"3","BLOQUE":"13","COD_BP":"B.13-P.4"},"geometry":{"type":"LineString","coordinates":[[-72.994968,4.457655],[-72.994977,4.457676],[-72.994986,4.4577],[-72.99504,4.457908],[-72.995057,4.458161],[-72.995119,4.459273],[-72.995168,4.461094],[-72.995168,4.461108]]}},{"type":"Feature","properties":{"TIPO":"Balastrada","CODIGO":"Interna","ZONA":"3","BLOQUE":"13","COD_BP":"B.13-P.3"},"geometry":{"type":"LineString","coordinates":[[-72.995168,4.461108],[-72.995169,4.461141],[-72.99517,4.46119],[-72.995232,4.46204],[-72.995224,4.462118],[-72.995223,4.462131]]}},{"type":"Feature","properties":{"TIPO":"Balastrada","CODIGO":"Interna","ZONA":"3","BLOQUE":"13","COD_BP":"B.13-P.2"},"geometry":{"type":"LineString","coordinates":[[-72.995223,4.462131],[-72.995221,4.462132],[-72.995213,4.462136],[-72.993293,4.463238],[-72.993275,4.463248]]}},{"type":"Feature","properties":{"TIPO":"Balastrada","CODIGO":"Interna","ZONA":"3","BLOQUE":"13","COD_BP":"B.13-P.2"},"geometry":{"type":"LineString","coordinates":[[-72.993275,4.463248],[-72.993275,4.463278],[-72.993272,4.465338],[-72.992392,4.465848]]}},{"type":"Feature","properties":{"TIPO":"Balastrada","CODIGO":"Interna","ZONA":"3","BLOQUE":"13","COD_BP":"B.13-P.1"},"geometry":{"type":"LineString","coordinates":[[-72.990013,4.463588],[-72.990013,4.46363],[-72.990004,4.468487],[-72.990004,4.468588]]}},{"type":"Feature","properties":{"TIPO":"Balastrada","CODIGO":"Interna","ZONA":"3","BLOQUE":"13","COD_BP":"B.13-P.1"},"geometry":{"type":"LineString","coordinates":[[-72.990004,4.468588],[-72.990004,4.468591],[-72.990006,4.468625],[-72.990033,4.469076],[-72.99006,4.46913],[-72.990087,4.469157],[-72.990132,4.469194],[-72.99024,4.469239],[-72.990393,4.469293],[-72.990933,4.469502],[-72.991509,4.469711],[-72.991851,4.469847],[-72.991884,4.469862],[-72.991903,4.46987],[-72.991919,4.469879],[-72.991932,4.46989],[-72.991939,4.4699],[-72.991945,4.469917],[-72.991948,4.469989]]}},{"type":"Feature","properties":{"TIPO":"Balastrada","CODIGO":"Interna","ZONA":"3","BLOQUE":"13","COD_BP":"B.13-P.6"},"geometry":{"type":"LineString","coordinates":[[-72.987278,4.467043],[-72.987322,4.46714],[-72.98768,4.468224],[-72.98774,4.468405],[-72.987781,4.468539]]}},{"type":"Feature","properties":{"TIPO":"Balastrada","CODIGO":"Interna","ZONA":"2","BLOQUE":"90","COD_BP":"B.90-P.15"},"geometry":{"type":"LineString","coordinates":[[-72.963067,4.483968],[-72.963031,4.483803],[-72.962965,4.483616],[-72.962856,4.483305],[-72.962443,4.482166],[-72.961552,4.479734],[-72.961459,4.479434],[-72.961429,4.479339],[-72.961413,4.479244]]}},{"type":"Feature","properties":{"TIPO":"Balastrada","CODIGO":"Interna","ZONA":"1","BLOQUE":"2","COD_BP":"B.2-P.2"},"geometry":{"type":"LineString","coordinates":[[-72.972896,4.492886],[-72.972895,4.492497],[-72.972899,4.492217],[-72.972889,4.492146],[-72.972874,4.492082],[-72.972868,4.492012],[-72.972773,4.49023],[-72.972761,4.489706]]}},{"type":"Feature","properties":{"TIPO":"Balastrada","CODIGO":"Interna","ZONA":"2","BLOQUE":"3","COD_BP":"B.3-P.2"},"geometry":{"type":"LineString","coordinates":[[-72.972761,4.489706],[-72.972706,4.488602],[-72.972606,4.486197]]}},{"type":"Feature","properties":{"TIPO":"Balastrada","CODIGO":"Interna","ZONA":"10","BLOQUE":"123","COD_BP":"B.123-P.102"},"geometry":{"type":"LineString","coordinates":[[-72.979602,4.483109],[-72.979571,4.483102],[-72.979508,4.483084],[-72.979417,4.483074],[-72.979318,4.483065],[-72.979147,4.483074],[-72.97903,4.483092],[-72.978985,4.48311],[-72.978922,4.48311],[-72.978859,4.48311],[-72.978823,4.483092],[-72.978778,4.483073],[-72.978733,4.483055],[-72.97867,4.483046],[-72.97858,4.483046],[-72.978435,4.483091],[-72.97838,4.483111],[-72.978364,4.483117]]}},{"type":"Feature","properties":{"TIPO":"Balastrada","CODIGO":"Interna","ZONA":"2","BLOQUE":"3","COD_BP":"B.3-P.1"},"geometry":{"type":"LineString","coordinates":[[-72.978364,4.483117],[-72.978327,4.483136],[-72.978201,4.483208],[-72.978093,4.483271],[-72.976891,4.484063],[-72.976802,4.484111]]}},{"type":"Feature","properties":{"TIPO":"Balastrada","CODIGO":"Interna","ZONA":"1","BLOQUE":"2","COD_BP":"B.2-P.5"},"geometry":{"type":"LineString","coordinates":[[-72.969559,4.498424],[-72.969542,4.498108],[-72.969514,4.49752],[-72.96945,4.495989],[-72.969438,4.495797]]}},{"type":"Feature","properties":{"TIPO":"Balastrada","CODIGO":"Interna","ZONA":"1","BLOQUE":"2","COD_BP":"B.2-P.7"},"geometry":{"type":"LineString","coordinates":[[-72.969666,4.506158],[-72.969696,4.506009],[-72.969739,4.505895],[-72.969789,4.505776],[-72.969821,4.50569],[-72.969854,4.505583],[-72.969882,4.505486],[-72.969893,4.505328],[-72.969845,4.504072],[-72.969764,4.502311],[-72.969724,4.501497]]}},{"type":"Feature","properties":{"TIPO":"Balastrada","CODIGO":"Interna","NDESCRIPCI":"Vía lateral de Triangulo","ZONA":"2","BLOQUE":"90","COD_BP":"B.90-P.602"},"geometry":{"type":"LineString","coordinates":[[-72.959233,4.489099],[-72.958993,4.490566],[-72.958812,4.491868]]}},{"type":"Feature","properties":{"TIPO":"Balastrada","CODIGO":"Interna","ZONA":"1","BLOQUE":"20","COD_BP":"B.20-P.11"},"geometry":{"type":"LineString","coordinates":[[-72.949099,4.506283],[-72.949099,4.506713],[-72.94908,4.506758],[-72.949047,4.506826],[-72.94903,4.50729],[-72.949016,4.507339],[-72.948973,4.507405],[-72.948954,4.507518],[-72.948949,4.50761],[-72.9489,4.507681],[-72.948887,4.508516]]}},{"type":"Feature","properties":{"TIPO":"Balastrada","CODIGO":"Interna","ZONA":"1","BLOQUE":"20","COD_BP":"B.20-P.10"},"geometry":{"type":"LineString","coordinates":[[-72.948887,4.508516],[-72.948882,4.508802],[-72.948881,4.509209],[-72.948874,4.509242],[-72.948848,4.50928],[-72.94882,4.509329],[-72.948815,4.509725],[-72.948784,4.509805],[-72.948746,4.509902],[-72.948732,4.509979],[-72.94873,4.510078],[-72.948739,4.510318],[-72.948734,4.510373],[-72.948715,4.510417],[-72.948701,4.510462],[-72.948682,4.510537],[-72.948666,4.510686],[-72.94866,4.510718],[-72.948657,4.510796]]}},{"type":"Feature","properties":{"TIPO":"Balastrada","CODIGO":"Interna","ZONA":"1","BLOQUE":"20","COD_BP":"B.20-P.8"},"geometry":{"type":"LineString","coordinates":[[-72.948224,4.513071],[-72.948224,4.513076],[-72.948224,4.515127],[-72.948221,4.51525],[-72.948212,4.515274],[-72.948201,4.515291],[-72.94819,4.515307],[-72.948181,4.515326],[-72.948171,4.51534],[-72.948161,4.515363],[-72.94816,4.515366]]}},{"type":"Feature","properties":{"TIPO":"Balastrada","CODIGO":"Interna","ZONA":"1","BLOQUE":"20","COD_BP":"B.20-P.7"},"geometry":{"type":"LineString","coordinates":[[-72.94816,4.515366],[-72.948157,4.515378],[-72.948153,4.51539],[-72.948157,4.516083],[-72.948154,4.516099],[-72.948147,4.516114],[-72.94814,4.516124],[-72.948131,4.516134],[-72.948122,4.516143],[-72.948112,4.516151],[-72.948104,4.516159],[-72.948098,4.516165],[-72.948088,4.516178],[-72.948082,4.516189],[-72.94808,4.516212],[-72.948085,4.516467],[-72.948087,4.516508],[-72.948086,4.516523],[-72.948085,4.516537],[-72.948079,4.516555],[-72.948072,4.516568],[-72.948065,4.516575],[-72.948055,4.516584],[-72.948043,4.516592],[-72.94803,4.516601],[-72.948021,4.51661],[-72.948012,4.516631],[-72.94801,4.516666],[-72.948011,4.51672],[-72.948009,4.516777],[-72.948003,4.516858],[-72.947991,4.51694],[-72.947981,4.516984],[-72.947973,4.517022],[-72.94797,4.517072],[-72.947982,4.517121],[-72.94801,4.517163],[-72.948041,4.517185]]}},{"type":"Feature","properties":{"TIPO":"Balastrada","CODIGO":"Interna","ZONA":"1","BLOQUE":"20","COD_BP":"B.20-P.15"},"geometry":{"type":"LineString","coordinates":[[-72.949113,4.51763],[-72.950499,4.517632]]}},{"type":"Feature","properties":{"TIPO":"Balastrada","CODIGO":"Interna","ZONA":"1","BLOQUE":"324","COD_BP":"B.324-P.2"},"geometry":{"type":"LineString","coordinates":[[-72.957121,4.523528],[-72.956915,4.523761],[-72.956659,4.524062],[-72.955802,4.524982],[-72.955662,4.525137],[-72.955587,4.525215],[-72.955513,4.525328],[-72.955441,4.525472]]}},{"type":"Feature","properties":{"TIPO":"Balastrada","CODIGO":"Interna","ZONA":"1","BLOQUE":"324","COD_BP":"B.324-P.4"},"geometry":{"type":"LineString","coordinates":[[-72.961538,4.518881],[-72.961426,4.518994],[-72.961008,4.519395],[-72.96076,4.519667],[-72.960491,4.519925],[-72.960009,4.520445],[-72.959728,4.520763],[-72.959449,4.521058]]}},{"type":"Feature","properties":{"TIPO":"Balastrada","CODIGO":"Interna","ZONA":"1","BLOQUE":"324","COD_BP":"B.324-P.6"},"geometry":{"type":"LineString","coordinates":[[-72.959449,4.521058],[-72.957121,4.523528]]}},{"type":"Feature","properties":{"TIPO":"Balastrada","CODIGO":"Interna","ZONA":"1","BLOQUE":"18","COD_BP":"B.18-P.2"},"geometry":{"type":"LineString","coordinates":[[-72.985091,4.518932],[-72.98504,4.518516],[-72.984873,4.517159]]}},{"type":"Feature","properties":{"TIPO":"Balastrada","CODIGO":"Interna","ZONA":"1","BLOQUE":"18","COD_BP":"B.18-P.3"},"geometry":{"type":"LineString","coordinates":[[-72.985523,4.522627],[-72.985458,4.522061],[-72.985378,4.521401],[-72.985325,4.520958],[-72.985298,4.520705],[-72.985272,4.520406],[-72.985129,4.519249],[-72.985091,4.518932]]}},{"type":"Feature","properties":{"TIPO":"Balastrada","CODIGO":"Interna","ZONA":"1","BLOQUE":"18","COD_BP":"B.18-P.4"},"geometry":{"type":"LineString","coordinates":[[-72.983647,4.528668],[-72.984413,4.528371],[-72.98499,4.528164],[-72.985269,4.528083],[-72.985499,4.527998]]}},{"type":"Feature","properties":{"TIPO":"Balastrada","CODIGO":"Interna","ZONA":"1","BLOQUE":"18","COD_BP":"B.18-P.4"},"geometry":{"type":"LineString","coordinates":[[-72.985919,4.525985],[-72.98585,4.525425],[-72.98577,4.524747],[-72.985672,4.523888],[-72.985592,4.523228],[-72.985523,4.522627]]}},{"type":"Feature","properties":{"TIPO":"Balastrada","CODIGO":"Interna","ZONA":"1","BLOQUE":"325","COD_BP":"B.325-P.5"},"geometry":{"type":"LineString","coordinates":[[-72.964777,4.503951],[-72.963506,4.506153],[-72.963458,4.506209],[-72.9634,4.506244],[-72.96333,4.506254],[-72.960805,4.50625]]}},{"type":"Feature","properties":{"TIPO":"Balastrada","CODIGO":"Interna","ZONA":"1","BLOQUE":"325","COD_BP":"B.325-P.2"},"geometry":{"type":"LineString","coordinates":[[-72.957248,4.505269],[-72.958951,4.505271],[-72.958966,4.505271],[-72.958984,4.505266],[-72.959048,4.505231],[-72.960808,4.504214]]}},{"type":"Feature","properties":{"TIPO":"Balastrada","CODIGO":"Interna","ZONA":"1","BLOQUE":"324","COD_BP":"B.324-P.1"},"geometry":{"type":"LineString","coordinates":[[-72.957351,4.527317],[-72.957365,4.526147],[-72.957356,4.526076],[-72.957341,4.525992],[-72.957313,4.525903],[-72.957255,4.525841],[-72.956848,4.525598],[-72.956386,4.525346],[-72.955924,4.525088],[-72.955866,4.525038],[-72.955802,4.524982]]}},{"type":"Feature","properties":{"TIPO":"Balastrada","CODIGO":"Interna","ZONA":"1","BLOQUE":"14","COD_BP":"B.14-P.13"},"geometry":{"type":"LineString","coordinates":[[-72.973494,4.53162],[-72.972647,4.528711],[-72.972592,4.528403],[-72.972449,4.528071],[-72.972362,4.527671],[-72.972356,4.527654]]}},{"type":"Feature","properties":{"TIPO":"Balastrada","CODIGO":"Interna","ZONA":"1","BLOQUE":"14","COD_BP":"B.14-P.8"},"geometry":{"type":"LineString","coordinates":[[-72.975662,4.535628],[-72.974923,4.535761],[-72.974862,4.535737],[-72.974648,4.53558],[-72.974067,4.533584]]}},{"type":"Feature","properties":{"TIPO":"Balastrada","CODIGO":"Interna","ZONA":"1","BLOQUE":"14","COD_BP":"B.14-P.9"},"geometry":{"type":"LineString","coordinates":[[-72.974067,4.533584],[-72.973504,4.531652],[-72.973494,4.53162]]}},{"type":"Feature","properties":{"TIPO":"Balastrada","CODIGO":"Interna","NDESCRIPCI":"Via control 1 Bueyera","ZONA":"2","BLOQUE":"90","COD_BP":"B.90-P.594"},"geometry":{"type":"LineString","coordinates":[[-72.953156,4.478209],[-72.953148,4.478224],[-72.95258,4.479394],[-72.951821,4.481006],[-72.951816,4.481015]]}},{"type":"Feature","properties":{"TIPO":"Balastrada","CODIGO":"Interna","NDESCRIPCI":"Via control 1 Bueyera","ZONA":"2","BLOQUE":"90","COD_BP":"B.90-P.594"},"geometry":{"type":"LineString","coordinates":[[-72.95141,4.481389],[-72.951542,4.481342],[-72.951644,4.481325],[-72.951699,4.481281],[-72.951762,4.481178],[-72.951815,4.481019],[-72.951816,4.481015]]}},{"type":"Feature","properties":{"TIPO":"Balastrada","CODIGO":"Interna","ZONA":"1","BLOQUE":"1","COD_BP":"B.1-P.1"},"geometry":{"type":"LineString","coordinates":[[-72.976285,4.517468],[-72.975924,4.517883],[-72.975889,4.517914]]}},{"type":"Feature","properties":{"TIPO":"Balastrada","CODIGO":"Interna","NDESCRIPCI":"Mucuna","ZONA":"2","BLOQUE":"90","COD_BP":"B.90-P.592"},"geometry":{"type":"LineString","coordinates":[[-72.957534,4.469514],[-72.957456,4.469654],[-72.957309,4.469943],[-72.957167,4.470148],[-72.956589,4.471304],[-72.956273,4.471864],[-72.956219,4.471963],[-72.956208,4.471986],[-72.956199,4.472004]]}},{"type":"Feature","properties":{"TIPO":"Balastrada","CODIGO":"Interna","ZONA":"1","BLOQUE":"20","COD_BP":"B.20-P.7"},"geometry":{"type":"LineString","coordinates":[[-72.939419,4.517614],[-72.939366,4.51759],[-72.93929,4.517537],[-72.938983,4.517355],[-72.938492,4.517064],[-72.938281,4.516948],[-72.938141,4.516866],[-72.937297,4.516401],[-72.937233,4.516384],[-72.937149,4.516371],[-72.937106,4.516361],[-72.937069,4.516327],[-72.937056,4.51625],[-72.937055,4.515344]]}},{"type":"Feature","properties":{"TIPO":"Balastrada","CODIGO":"Interna","ZONA":"2","BLOQUE":"90","COD_BP":"B.90-P.595"},"geometry":{"type":"LineString","coordinates":[[-72.95348,4.483953],[-72.953468,4.486157],[-72.953284,4.486263]]}},{"type":"Feature","properties":{"TIPO":"Balastrada","CODIGO":"Interna","ZONA":"2","BLOQUE":"90","COD_BP":"B.90-P.595"},"geometry":{"type":"LineString","coordinates":[[-72.954325,4.483954],[-72.954327,4.480606]]}},{"type":"Feature","properties":{"TIPO":"Balastrada","CODIGO":"Interna","ZONA":"1","BLOQUE":"2","COD_BP":"B.2-P.3"},"geometry":{"type":"LineString","coordinates":[[-72.96822,4.494133],[-72.968216,4.492798],[-72.967829,4.492587]]}},{"type":"Feature","properties":{"TIPO":"Balastrada","CODIGO":"Interna","ZONA":"3","BLOQUE":"12","COD_BP":"B.12-P.9"},"geometry":{"type":"LineString","coordinates":[[-72.984159,4.430994],[-72.983861,4.430636],[-72.983764,4.43052],[-72.983724,4.430466],[-72.983694,4.430426],[-72.98367,4.430376],[-72.983644,4.430323],[-72.983617,4.430263],[-72.983351,4.429753],[-72.983321,4.429697],[-72.983289,4.429661],[-72.983239,4.429626],[-72.981708,4.428746]]}},{"type":"Feature","properties":{"TIPO":"Balastrada","CODIGO":"Interna","ZONA":"3","BLOQUE":"12","COD_BP":"B.12-P.8"},"geometry":{"type":"LineString","coordinates":[[-72.981601,4.43213],[-72.981599,4.433289],[-72.981572,4.433426]]}},{"type":"Feature","properties":{"TIPO":"Balastrada","CODIGO":"Interna","ZONA":"3","BLOQUE":"13","COD_BP":"B.13-P.6"},"geometry":{"type":"LineString","coordinates":[[-72.98693,4.465608],[-72.986921,4.465645],[-72.986912,4.465708],[-72.986929,4.465834],[-72.986965,4.465961],[-72.987001,4.466088],[-72.987082,4.466323],[-72.987145,4.466522],[-72.987216,4.466721],[-72.987243,4.466784],[-72.987279,4.466857],[-72.987297,4.466902],[-72.987306,4.466929],[-72.987288,4.466983],[-72.987278,4.467043]]}},{"type":"Feature","properties":{"TIPO":"Balastrada","CODIGO":"Interna","ZONA":"3","BLOQUE":"13","COD_BP":"B.13-P.6"},"geometry":{"type":"LineString","coordinates":[[-72.987978,4.460172],[-72.987978,4.460189],[-72.98797,4.463563]]}},{"type":"Feature","properties":{"TIPO":"Balastrada","CODIGO":"Interna","ZONA":"3","BLOQUE":"10","COD_BP":"B.10-P.5"},"geometry":{"type":"LineString","coordinates":[[-72.99536,4.461247],[-72.995359,4.461227],[-72.995342,4.460684],[-72.995281,4.459463],[-72.995263,4.459093],[-72.995241,4.458792],[-72.995239,4.458759]]}},{"type":"Feature","properties":{"TIPO":"Balastrada","CODIGO":"Interna","ZONA":"3","BLOQUE":"10","COD_BP":"B.10-P.3"},"geometry":{"type":"LineString","coordinates":[[-72.995586,4.466164],[-72.995584,4.466131],[-72.995515,4.465049],[-72.99544,4.463721]]}},{"type":"Feature","properties":{"TIPO":"Balastrada","CODIGO":"Interna","ZONA":"3","BLOQUE":"10","COD_BP":"B.10-P.4"},"geometry":{"type":"LineString","coordinates":[[-72.99544,4.463721],[-72.995438,4.463679],[-72.995394,4.462357],[-72.99536,4.461263],[-72.99536,4.461247]]}},{"type":"Feature","properties":{"TIPO":"Balastrada","CODIGO":"Interna","ZONA":"3","BLOQUE":"10","COD_BP":"B.10-P.2"},"geometry":{"type":"LineString","coordinates":[[-72.995586,4.466164],[-72.995588,4.466196],[-72.995637,4.467347],[-72.995699,4.468574],[-72.995699,4.46858]]}},{"type":"Feature","properties":{"TIPO":"Balastrada","CODIGO":"Interna","ZONA":"3","BLOQUE":"10","COD_BP":"B.10-P.1"},"geometry":{"type":"LineString","coordinates":[[-72.995699,4.46858],[-72.995707,4.468696],[-72.995687,4.468763],[-72.995603,4.468875],[-72.995271,4.469312],[-72.994999,4.469688],[-72.994923,4.469933],[-72.994805,4.470295],[-72.994744,4.470504],[-72.994715,4.470614],[-72.994696,4.470705],[-72.994677,4.470787],[-72.99466,4.470877],[-72.994642,4.470956],[-72.994635,4.470999],[-72.994634,4.471028]]}},{"type":"Feature","properties":{"TIPO":"Balastrada","CODIGO":"Interna","ZONA":"3","BLOQUE":"10","COD_BP":"B.10-P.1"},"geometry":{"type":"LineString","coordinates":[[-72.998199,4.471895],[-72.998181,4.471855],[-72.998185,4.471767],[-72.99827,4.471449],[-72.998262,4.47126],[-72.998256,4.471237],[-72.998242,4.471215],[-72.998223,4.471201],[-72.998203,4.471192],[-72.997542,4.47086],[-72.99738,4.470888],[-72.997249,4.470981],[-72.997221,4.470987],[-72.996938,4.471],[-72.996798,4.471003],[-72.996165,4.470997],[-72.995762,4.470995],[-72.995394,4.471003],[-72.994966,4.471017],[-72.994671,4.471027],[-72.994634,4.471028]]}},{"type":"Feature","properties":{"TIPO":"Balastrada","CODIGO":"Interna","ZONA":"3","BLOQUE":"21","COD_BP":"B.21-P.12"},"geometry":{"type":"LineString","coordinates":[[-72.983322,4.456299],[-72.983322,4.456236],[-72.983323,4.455644]]}},{"type":"Feature","properties":{"TIPO":"Balastrada","CODIGO":"Interna","ZONA":"3","BLOQUE":"21","COD_BP":"B.21-P.13"},"geometry":{"type":"LineString","coordinates":[[-72.983323,4.455644],[-72.983323,4.455513],[-72.983327,4.452893],[-72.983324,4.45287],[-72.983312,4.452855],[-72.983268,4.452814],[-72.983241,4.452787],[-72.983229,4.452774],[-72.983219,4.452757],[-72.983209,4.452737],[-72.983193,4.452705],[-72.983192,4.452703]]}},{"type":"Feature","properties":{"TIPO":"Balastrada","CODIGO":"Interna","ZONA":"3","BLOQUE":"21","COD_BP":"B.21-P.4"},"geometry":{"type":"LineString","coordinates":[[-72.975816,4.455631],[-72.97676,4.455633]]}},{"type":"Feature","properties":{"TIPO":"Balastrada","CODIGO":"Interna","ZONA":"3","BLOQUE":"13","COD_BP":"B.13-P.10"},"geometry":{"type":"LineString","coordinates":[[-72.987717,4.456424],[-72.987666,4.456392],[-72.987642,4.456354],[-72.987609,4.456262],[-72.987594,4.456179],[-72.987578,4.456071],[-72.987503,4.455781],[-72.987378,4.455305],[-72.987297,4.454967],[-72.987288,4.45494],[-72.98727,4.454886],[-72.987198,4.454515],[-72.987189,4.454461],[-72.98718,4.454424],[-72.987131,4.454346],[-72.987071,4.454257],[-72.986531,4.453252],[-72.986467,4.453131]]}},{"type":"Feature","properties":{"TIPO":"Balastrada","CODIGO":"Interna","ZONA":"3","BLOQUE":"21","COD_BP":"B.21-P.1"},"geometry":{"type":"LineString","coordinates":[[-72.974318,4.454362],[-72.974333,4.45439],[-72.974352,4.454423],[-72.974424,4.45455],[-72.974487,4.454659],[-72.97455,4.45474],[-72.974586,4.454794],[-72.974613,4.455011],[-72.974594,4.455265],[-72.974585,4.4555],[-72.974576,4.455635],[-72.974557,4.455979],[-72.97453,4.456069],[-72.974512,4.456313],[-72.974502,4.456431],[-72.974498,4.456475]]}},{"type":"Feature","properties":{"TIPO":"Balastrada","CODIGO":"Interna","ZONA":"3","BLOQUE":"21","COD_BP":"B.21-P.2"},"geometry":{"type":"LineString","coordinates":[[-72.974498,4.456475],[-72.974493,4.456502],[-72.974466,4.456666],[-72.974399,4.45673],[-72.974367,4.456771],[-72.974344,4.456812],[-72.974337,4.456856],[-72.974347,4.456899],[-72.974382,4.456955],[-72.97442,4.457],[-72.974384,4.457217],[-72.974384,4.457362],[-72.974365,4.457696],[-72.974356,4.457968],[-72.974338,4.458058],[-72.974292,4.458582],[-72.974259,4.458787],[-72.974254,4.458817]]}},{"type":"Feature","properties":{"TIPO":"Balastrada","CODIGO":"Interna","ZONA":"3","BLOQUE":"21","COD_BP":"B.21-P.1"},"geometry":{"type":"LineString","coordinates":[[-72.974498,4.456475],[-72.972749,4.456474],[-72.972487,4.456451]]}},{"type":"Feature","properties":{"TIPO":"Balastrada","CODIGO":"Interna","ZONA":"9","BLOQUE":"119","COD_BP":"B.119-P.36"},"geometry":{"type":"LineString","coordinates":[[-72.979166,4.475985],[-72.979319,4.48095],[-72.979359,4.480992],[-72.979385,4.481033],[-72.979385,4.481079],[-72.979363,4.48112],[-72.979335,4.48114],[-72.97932,4.481166],[-72.979342,4.482155]]}},{"type":"Feature","properties":{"TIPO":"Balastrada","CODIGO":"Interna","ZONA":"3","BLOQUE":"323","COD_BP":"B.323-P.5"},"geometry":{"type":"LineString","coordinates":[[-72.977915,4.474756],[-72.977933,4.474752],[-72.978071,4.47472],[-72.978444,4.474645],[-72.979131,4.474557],[-72.979157,4.474553]]}},{"type":"Feature","properties":{"TIPO":"Balastrada","CODIGO":"Interna","ZONA":"3","BLOQUE":"323","COD_BP":"B.323-P.6"},"geometry":{"type":"LineString","coordinates":[[-72.977484,4.474817],[-72.977655,4.474839],[-72.97789,4.474764],[-72.977915,4.474756]]}},{"type":"Feature","properties":{"TIPO":"Balastrada","CODIGO":"Interna","ZONA":"3","BLOQUE":"323","COD_BP":"B.323-P.8"},"geometry":{"type":"LineString","coordinates":[[-72.97592,4.473491],[-72.976644,4.474126],[-72.977082,4.47452],[-72.977227,4.474661],[-72.977311,4.474733],[-72.977402,4.474791],[-72.977484,4.474817]]}},{"type":"Feature","properties":{"TIPO":"Balastrada","CODIGO":"Interna","ZONA":"3","BLOQUE":"323","COD_BP":"B.323-P.7"},"geometry":{"type":"LineString","coordinates":[[-72.974031,4.467021],[-72.974014,4.468087],[-72.974014,4.468853],[-72.974024,4.469352],[-72.974026,4.469804],[-72.974015,4.470449],[-72.974002,4.4726]]}},{"type":"Feature","properties":{"TIPO":"Balastrada","CODIGO":"Interna","ZONA":"10","BLOQUE":"123","COD_BP":"B.123-P.102"},"geometry":{"type":"LineString","coordinates":[[-72.979602,4.483109],[-72.979781,4.483194],[-72.979936,4.483322],[-72.980052,4.483438],[-72.98011,4.483495]]}},{"type":"Feature","properties":{"TIPO":"Balastrada","CODIGO":"Interna","ZONA":"2","BLOQUE":"6","COD_BP":"B.6-P.2"},"geometry":{"type":"LineString","coordinates":[[-72.995109,4.486224],[-72.995852,4.486189],[-72.996404,4.486141],[-72.996451,4.48615]]}},{"type":"Feature","properties":{"TIPO":"Balastrada","CODIGO":"Interna","ZONA":"2","BLOQUE":"6","COD_BP":"B.6-P.1"},"geometry":{"type":"LineString","coordinates":[[-72.997336,4.495268],[-72.997548,4.50251],[-72.99757,4.502768],[-72.997592,4.503806]]}},{"type":"Feature","properties":{"TIPO":"Balastrada","CODIGO":"Interna","ZONA":"2","BLOQUE":"4","COD_BP":"B.4-P.1"},"geometry":{"type":"LineString","coordinates":[[-72.98906,4.503307],[-72.989134,4.503224],[-72.989182,4.503136],[-72.989239,4.50297],[-72.989259,4.50279],[-72.9893,4.502303],[-72.989338,4.502202],[-72.989397,4.501892],[-72.989461,4.501355],[-72.989599,4.500282],[-72.989683,4.499591],[-72.989746,4.499057],[-72.989898,4.497973],[-72.990091,4.496509],[-72.990154,4.496001],[-72.990201,4.495741],[-72.990274,4.49521],[-72.990322,4.494993],[-72.990336,4.494908],[-72.99031,4.494553],[-72.99028,4.494433],[-72.990225,4.4943],[-72.990222,4.494172],[-72.990144,4.493654],[-72.99008,4.492972],[-72.990116,4.492521],[-72.990153,4.491848],[-72.990166,4.491614],[-72.990196,4.491423],[-72.990332,4.491009],[-72.990667,4.489766],[-72.990871,4.48902]]}},{"type":"Feature","properties":{"TIPO":"Balastrada","CODIGO":"Interna","ZONA":"2","BLOQUE":"4","COD_BP":"B.4-P.1"},"geometry":{"type":"LineString","coordinates":[[-72.990871,4.48902],[-72.991369,4.487074],[-72.991443,4.486773],[-72.991478,4.486648],[-72.991557,4.486401]]}},{"type":"Feature","properties":{"TIPO":"Balastrada","CODIGO":"Interna","ZONA":"2","BLOQUE":"6","COD_BP":"B.6-P.3"},"geometry":{"type":"LineString","coordinates":[[-72.994995,4.486253],[-72.994366,4.486261],[-72.993883,4.486278]]}},{"type":"Feature","properties":{"TIPO":"Balastrada","CODIGO":"Interna","ZONA":"2","BLOQUE":"6","COD_BP":"B.6-P.4"},"geometry":{"type":"LineString","coordinates":[[-72.992676,4.486325],[-72.991557,4.486401]]}},{"type":"Feature","properties":{"TIPO":"Balastrada","CODIGO":"Interna","ZONA":"3","BLOQUE":"7","COD_BP":"B.7-P.3"},"geometry":{"type":"LineString","coordinates":[[-72.991557,4.486401],[-72.991506,4.486405],[-72.99128,4.486447],[-72.990991,4.486497],[-72.990751,4.486508]]}},{"type":"Feature","properties":{"TIPO":"Balastrada","CODIGO":"Interna","ZONA":"3","BLOQUE":"7","COD_BP":"B.7-P.4"},"geometry":{"type":"LineString","coordinates":[[-72.990751,4.486508],[-72.990208,4.486569],[-72.98979,4.486633],[-72.988951,4.486745],[-72.988612,4.486794]]}},{"type":"Feature","properties":{"TIPO":"Balastrada","CODIGO":"Interna","ZONA":"2","BLOQUE":"6","COD_BP":"B.6-P.3"},"geometry":{"type":"LineString","coordinates":[[-72.993302,4.503957],[-72.995464,4.50388]]}},{"type":"Feature","properties":{"TIPO":"Balastrada","CODIGO":"Interna","ZONA":"2","BLOQUE":"4","COD_BP":"B.4-P.5"},"geometry":{"type":"LineString","coordinates":[[-72.987124,4.513954],[-72.987039,4.513588],[-72.986988,4.513251],[-72.986955,4.513025],[-72.986964,4.512847],[-72.987038,4.512639],[-72.987056,4.512542],[-72.987084,4.512285],[-72.987133,4.512055],[-72.987155,4.51185],[-72.987198,4.511349],[-72.987253,4.511037],[-72.987312,4.510755],[-72.987376,4.510544],[-72.987419,4.510385],[-72.98748,4.510242],[-72.987569,4.510089],[-72.987664,4.509866],[-72.987716,4.509691],[-72.987734,4.50956],[-72.987741,4.509346],[-72.987756,4.509098],[-72.987763,4.508804],[-72.987769,4.508535],[-72.987757,4.508404],[-72.987699,4.508355],[-72.987602,4.508284],[-72.987526,4.508253],[-72.987314,4.508168]]}},{"type":"Feature","properties":{"TIPO":"Balastrada","CODIGO":"Interna","ZONA":"2","BLOQUE":"4","COD_BP":"B.4-P.4"},"geometry":{"type":"LineString","coordinates":[[-72.987314,4.508168],[-72.987094,4.508226],[-72.986763,4.508192],[-72.986373,4.507982],[-72.986275,4.50786],[-72.986109,4.507578],[-72.986029,4.507351],[-72.986005,4.507061],[-72.985913,4.506959],[-72.985648,4.506672],[-72.985497,4.506375],[-72.985464,4.506199],[-72.985456,4.506058],[-72.985462,4.505876],[-72.985537,4.50562],[-72.985499,4.505442],[-72.985452,4.505211],[-72.985376,4.505135],[-72.985267,4.504682],[-72.985119,4.504213],[-72.984964,4.503979],[-72.98476,4.503814],[-72.984065,4.503398],[-72.983967,4.503331]]}},{"type":"Feature","properties":{"TIPO":"Balastrada","CODIGO":"Interna","ZONA":"2","BLOQUE":"5","COD_BP":"B.5-P.1"},"geometry":{"type":"LineString","coordinates":[[-72.997667,4.506394],[-72.997753,4.508849],[-72.997773,4.509244]]}},{"type":"Feature","properties":{"TIPO":"Balastrada","CODIGO":"Interna","ZONA":"2","BLOQUE":"5","COD_BP":"B.5-P.2"},"geometry":{"type":"LineString","coordinates":[[-72.997773,4.509244],[-72.997773,4.509245],[-72.997768,4.509383],[-72.997702,4.50953],[-72.997501,4.509756],[-72.9971,4.510186],[-72.996595,4.510691],[-72.996194,4.511107],[-72.99594,4.511351],[-72.995671,4.511623],[-72.995482,4.511799],[-72.995303,4.511985],[-72.995159,4.512128],[-72.995088,4.512214],[-72.99502,4.51234],[-72.994822,4.512881],[-72.9947,4.51317],[-72.994628,4.513387],[-72.99446,4.513735]]}},{"type":"Feature","properties":{"TIPO":"Balastrada","CODIGO":"Interna","ZONA":"1","BLOQUE":"20","COD_BP":"B.20-P.9"},"geometry":{"type":"LineString","coordinates":[[-72.937899,4.513055],[-72.937904,4.510799],[-72.937917,4.51073],[-72.93794,4.510672],[-72.937966,4.510629],[-72.938009,4.5106]]}},{"type":"Feature","properties":{"TIPO":"Balastrada","CODIGO":"Interna","ZONA":"4","BLOQUE":"332","COD_BP":"B.332-P.6"},"geometry":{"type":"LineString","coordinates":[[-72.957999,4.420331],[-72.958271,4.420661],[-72.958524,4.421047],[-72.958833,4.421523],[-72.959183,4.422017],[-72.959345,4.422217],[-72.959592,4.422565],[-72.959725,4.422692],[-72.959923,4.422872],[-72.960066,4.42303],[-72.960218,4.423193],[-72.960627,4.423684],[-72.961189,4.424288]]}},{"type":"Feature","properties":{"TIPO":"Balastrada","CODIGO":"Interna","ZONA":"3","BLOQUE":"21","COD_BP":"B.21-P.16"},"geometry":{"type":"LineString","coordinates":[[-72.972487,4.456451],[-72.972441,4.456449],[-72.972169,4.456436],[-72.971286,4.456435]]}},{"type":"Feature","properties":{"TIPO":"Balastrada","CODIGO":"Interna","ZONA":"3","BLOQUE":"7","COD_BP":"B.7-P.5"},"geometry":{"type":"LineString","coordinates":[[-72.988612,4.486794],[-72.9883,4.486856],[-72.987532,4.48697],[-72.986429,4.487112]]}},{"type":"Feature","properties":{"TIPO":"Balastrada","CODIGO":"Interna","ZONA":"3","BLOQUE":"7","COD_BP":"B.7-P.6"},"geometry":{"type":"LineString","coordinates":[[-72.986429,4.487112],[-72.986089,4.487162],[-72.985855,4.487181],[-72.98561,4.487178],[-72.985385,4.487193],[-72.985092,4.487218],[-72.984279,4.487327],[-72.983452,4.487426]]}},{"type":"Feature","properties":{"TIPO":"Balastrada","CODIGO":"Interna","ZONA":"3","BLOQUE":"7","COD_BP":"B.7-P.7"},"geometry":{"type":"LineString","coordinates":[[-72.983452,4.487426],[-72.983282,4.487466],[-72.982008,4.48764],[-72.981648,4.487721]]}},{"type":"Feature","properties":{"TIPO":"Balastrada","CODIGO":"Interna","ZONA":"2","BLOQUE":"4","COD_BP":"B.4-P.4"},"geometry":{"type":"LineString","coordinates":[[-72.983466,4.491944],[-72.984133,4.493063],[-72.985028,4.494708],[-72.986181,4.498032],[-72.986633,4.499343],[-72.986776,4.499795],[-72.986847,4.499935],[-72.987031,4.500489]]}},{"type":"Feature","properties":{"TIPO":"Balastrada","CODIGO":"Interna","ZONA":"2","BLOQUE":"4","COD_BP":"B.4-P.5"},"geometry":{"type":"LineString","coordinates":[[-72.987031,4.500489],[-72.987132,4.500761],[-72.987303,4.501278],[-72.987456,4.501604],[-72.987584,4.501852],[-72.987716,4.502075],[-72.987809,4.502176],[-72.987963,4.502319],[-72.988223,4.502549],[-72.988538,4.502776],[-72.988698,4.502912],[-72.988873,4.503081],[-72.988973,4.503204],[-72.989095,4.503347],[-72.989176,4.503511]]}},{"type":"Feature","properties":{"TIPO":"Balastrada","CODIGO":"Interna","ZONA":"1","BLOQUE":"19","COD_BP":"B.19-P.4"},"geometry":{"type":"LineString","coordinates":[[-72.998491,4.509026],[-72.998088,4.509398],[-72.997554,4.509972],[-72.996994,4.51054],[-72.99657,4.510975],[-72.99624,4.511297]]}},{"type":"Feature","properties":{"TIPO":"Balastrada","CODIGO":"Interna","ZONA":"1","BLOQUE":"19","COD_BP":"B.19-P.2"},"geometry":{"type":"LineString","coordinates":[[-72.99624,4.511297],[-72.995911,4.511634],[-72.99565,4.511856],[-72.995449,4.512057],[-72.995306,4.512204],[-72.995137,4.512491],[-72.995072,4.512695],[-72.994986,4.512967],[-72.994919,4.513149],[-72.994842,4.513375],[-72.994796,4.513574],[-72.994764,4.513703]]}},{"type":"Feature","properties":{"TIPO":"Balastrada","CODIGO":"Interna","ZONA":"1","BLOQUE":"19","COD_BP":"B.19-P.1"},"geometry":{"type":"LineString","coordinates":[[-73.001711,4.511303],[-73.001523,4.511517],[-73.001369,4.511682],[-73.001216,4.511832],[-73.001129,4.511918],[-73.000981,4.51203],[-73.00081,4.512177],[-73.00066,4.512282],[-73.000487,4.512448],[-73.000333,4.51257],[-73.000155,4.512668],[-73.000007,4.512737],[-72.999856,4.512788],[-72.999702,4.512812]]}},{"type":"Feature","properties":{"TIPO":"Balastrada","CODIGO":"Interna","ZONA":"1","BLOQUE":"19","COD_BP":"B.19-P.1"},"geometry":{"type":"LineString","coordinates":[[-73.003108,4.509024],[-73.003078,4.50925],[-73.003036,4.509487],[-73.003018,4.509589],[-73.002991,4.509682],[-73.002951,4.509802],[-73.002879,4.509928],[-73.00278,4.510066]]}},{"type":"Feature","properties":{"TIPO":"Balastrada","CODIGO":"Interna","ZONA":"1","BLOQUE":"19","COD_BP":"B.19-P.5"},"geometry":{"type":"LineString","coordinates":[[-73.003485,4.506753],[-73.003455,4.507062],[-73.003376,4.50779],[-73.003354,4.508071],[-73.003311,4.508354],[-73.003286,4.508491],[-73.003181,4.508761],[-73.003108,4.509024]]}},{"type":"Feature","properties":{"TIPO":"Balastrada","CODIGO":"Interna","ZONA":"1","BLOQUE":"19","COD_BP":"B.19-P.9"},"geometry":{"type":"LineString","coordinates":[[-73.002245,4.501808],[-73.002509,4.502309],[-73.002735,4.502786],[-73.002989,4.503422],[-73.003204,4.504214],[-73.003274,4.504477]]}},{"type":"Feature","properties":{"TIPO":"Balastrada","CODIGO":"Interna","ZONA":"1","BLOQUE":"19","COD_BP":"B.19-P.7"},"geometry":{"type":"LineString","coordinates":[[-73.003274,4.504477],[-73.003395,4.504852],[-73.003481,4.50516],[-73.003541,4.505401],[-73.003582,4.505579],[-73.003613,4.505702],[-73.003621,4.505798],[-73.003546,4.506121],[-73.003485,4.506753]]}},{"type":"Feature","properties":{"TIPO":"Balastrada","CODIGO":"Interna","ZONA":"2","BLOQUE":"5","COD_BP":"B.5-P.3"},"geometry":{"type":"LineString","coordinates":[[-72.994156,4.513763],[-72.993637,4.513798]]}},{"type":"Feature","properties":{"TIPO":"Balastrada","CODIGO":"Interna","ZONA":"2","BLOQUE":"5","COD_BP":"B.5-P.5"},"geometry":{"type":"LineString","coordinates":[[-72.989232,4.514023],[-72.991184,4.514097],[-72.991338,4.514083],[-72.991495,4.514062],[-72.991635,4.514037]]}},{"type":"Feature","properties":{"TIPO":"Balastrada","CODIGO":"Interna","ZONA":"2","BLOQUE":"5","COD_BP":"B.5-P.4"},"geometry":{"type":"LineString","coordinates":[[-72.991635,4.514037],[-72.991717,4.514023],[-72.99186,4.514009],[-72.992525,4.513933],[-72.992933,4.513894],[-72.993305,4.513848],[-72.99348,4.513823],[-72.993637,4.513798]]}},{"type":"Feature","properties":{"TIPO":"Balastrada","CODIGO":"Interna","ZONA":"2","BLOQUE":"3","COD_BP":"B.3-P.10"},"geometry":{"type":"LineString","coordinates":[[-72.978264,4.514944],[-72.978322,4.51487],[-72.978358,4.514822],[-72.978488,4.514706],[-72.978542,4.514678],[-72.978599,4.514656],[-72.978673,4.514644],[-72.978773,4.514627],[-72.978946,4.514601],[-72.979144,4.514559],[-72.979513,4.514477],[-72.980296,4.5143]]}},{"type":"Feature","properties":{"TIPO":"Balastrada","CODIGO":"Interna","ZONA":"2","BLOQUE":"4","COD_BP":"B.4-P.8"},"geometry":{"type":"LineString","coordinates":[[-72.980296,4.5143],[-72.980396,4.514276],[-72.980653,4.514208],[-72.980745,4.514193],[-72.980859,4.514202],[-72.980944,4.514232],[-72.98163,4.514568],[-72.982389,4.514956]]}},{"type":"Feature","properties":{"TIPO":"Balastrada","CODIGO":"Interna","ZONA":"2","BLOQUE":"3","COD_BP":"B.3-P.4"},"geometry":{"type":"LineString","coordinates":[[-72.979655,4.489845],[-72.979841,4.489989],[-72.981086,4.490855],[-72.982026,4.491577],[-72.982179,4.491713],[-72.982215,4.491813],[-72.982233,4.491957],[-72.98226,4.492111],[-72.982277,4.492346],[-72.982277,4.492518],[-72.982277,4.492708],[-72.982268,4.492871],[-72.982222,4.49306],[-72.982195,4.493214],[-72.982186,4.493449],[-72.982185,4.493675],[-72.982185,4.493811],[-72.982185,4.493856],[-72.982185,4.493955],[-72.982185,4.494127],[-72.982194,4.494227],[-72.982193,4.494335],[-72.982184,4.494426],[-72.982157,4.49448],[-72.982148,4.494525],[-72.98213,4.49457],[-72.982103,4.494615],[-72.98204,4.494706],[-72.981986,4.49476],[-72.981895,4.494823],[-72.981778,4.494904],[-72.981571,4.495003],[-72.981399,4.495103],[-72.981219,4.495229],[-72.98094,4.495373],[-72.980705,4.49549],[-72.980543,4.49559],[-72.980417,4.495698],[-72.980227,4.495851],[-72.979993,4.496005],[-72.979894,4.496077],[-72.97983,4.496131]]}},{"type":"Feature","properties":{"TIPO":"Balastrada","CODIGO":"Interna","ZONA":"1","BLOQUE":"2","COD_BP":"B.2-P.5"},"geometry":{"type":"LineString","coordinates":[[-72.97314,4.49754],[-72.973126,4.497311],[-72.973083,4.496678],[-72.973063,4.496583],[-72.973025,4.495568],[-72.972925,4.493603],[-72.972915,4.493382],[-72.972908,4.493181],[-72.972906,4.493032],[-72.972896,4.492886]]}},{"type":"Feature","properties":{"TIPO":"Balastrada","CODIGO":"Interna","ZONA":"2","BLOQUE":"3","COD_BP":"B.3-P.6"},"geometry":{"type":"LineString","coordinates":[[-72.97983,4.496131],[-72.979812,4.496185],[-72.979803,4.496212],[-72.979794,4.496257],[-72.979785,4.496402],[-72.979794,4.496655],[-72.979811,4.496845],[-72.979847,4.497008],[-72.979883,4.497334],[-72.9799,4.497569],[-72.979909,4.497614],[-72.979981,4.497722],[-72.98008,4.497903],[-72.980224,4.498094],[-72.980305,4.498184],[-72.980359,4.498229],[-72.980413,4.498248],[-72.980665,4.498402],[-72.980944,4.498556],[-72.981115,4.498655],[-72.981448,4.498837],[-72.981583,4.498909],[-72.981655,4.498955],[-72.9817,4.499018],[-72.981736,4.499063],[-72.981772,4.499118],[-72.981817,4.49919],[-72.981844,4.49928],[-72.981862,4.499326],[-72.981871,4.499407],[-72.981879,4.499506],[-72.981888,4.499651],[-72.981888,4.499778],[-72.981888,4.499841],[-72.981861,4.499922],[-72.981825,4.499968],[-72.981807,4.50004],[-72.981797,4.500112],[-72.981797,4.500221],[-72.981673,4.500441],[-72.981566,4.500539],[-72.981432,4.500719],[-72.981372,4.50091],[-72.981267,4.501164],[-72.981192,4.501403],[-72.981124,4.50154],[-72.981031,4.501809],[-72.981028,4.501932],[-72.981013,4.502022],[-72.981007,4.502078],[-72.981004,4.502135],[-72.980995,4.502186],[-72.981,4.502246],[-72.981018,4.502324],[-72.981039,4.502416],[-72.98106,4.502479],[-72.981092,4.502557],[-72.981131,4.502629]]}},{"type":"Feature","properties":{"TIPO":"Balastrada","CODIGO":"Interna","ZONA":"2","BLOQUE":"4","COD_BP":"B.4-P.8"},"geometry":{"type":"LineString","coordinates":[[-72.981131,4.502629],[-72.981193,4.502695],[-72.981259,4.502773],[-72.981363,4.50288],[-72.981556,4.50306],[-72.981732,4.503249],[-72.981782,4.5033],[-72.981892,4.503376]]}},{"type":"Feature","properties":{"TIPO":"Balastrada","CODIGO":"Interna","ZONA":"2","BLOQUE":"4","COD_BP":"B.4-P.8"},"geometry":{"type":"LineString","coordinates":[[-72.981892,4.503376],[-72.981946,4.503431],[-72.98197,4.503461],[-72.98199,4.503489],[-72.982004,4.503527],[-72.982005,4.503533]]}},{"type":"Feature","properties":{"TIPO":"Balastrada","CODIGO":"Interna","ZONA":"2","BLOQUE":"4","COD_BP":"B.4-P.7"},"geometry":{"type":"LineString","coordinates":[[-72.982389,4.514956],[-72.98214,4.509125]]}},{"type":"Feature","properties":{"TIPO":"Balastrada","CODIGO":"Interna","ZONA":"1","BLOQUE":"20","COD_BP":"B.20-P.6"},"geometry":{"type":"LineString","coordinates":[[-72.947515,4.517627],[-72.947515,4.517729],[-72.947511,4.519926]]}},{"type":"Feature","properties":{"TIPO":"Balastrada","CODIGO":"Interna","ZONA":"5","BLOQUE":"327","COD_BP":"B.327-P.3"},"geometry":{"type":"LineString","coordinates":[[-72.935664,4.453243],[-72.935668,4.452883],[-72.935702,4.452774],[-72.935739,4.45269],[-72.935811,4.452548],[-72.935885,4.452407],[-72.935932,4.452322],[-72.935936,4.452291],[-72.935949,4.451832],[-72.935961,4.451777],[-72.936086,4.451563],[-72.936207,4.451412],[-72.936267,4.451332],[-72.936304,4.451274],[-72.936452,4.451108],[-72.936498,4.45104],[-72.936533,4.450985],[-72.936564,4.450974]]}},{"type":"Feature","properties":{"TIPO":"Balastrada","CODIGO":"Interna","ZONA":"5","BLOQUE":"327","COD_BP":"B.327-P.1"},"geometry":{"type":"LineString","coordinates":[[-72.933451,4.457003],[-72.933403,4.457092],[-72.933282,4.457327],[-72.933208,4.457458],[-72.933137,4.457578],[-72.933055,4.457726],[-72.932993,4.458322],[-72.932953,4.458592],[-72.93296,4.458619],[-72.932975,4.458637]]}},{"type":"Feature","properties":{"TIPO":"Balastrada","CODIGO":"Interna","ZONA":"4","BLOQUE":"11","COD_BP":"B.11-P.10"},"geometry":{"type":"LineString","coordinates":[[-72.981734,4.441246],[-72.981736,4.441277],[-72.981758,4.441722],[-72.981784,4.442373],[-72.981784,4.442464],[-72.981784,4.442509]]}},{"type":"Feature","properties":{"TIPO":"Balastrada","CODIGO":"Interna","ZONA":"4","BLOQUE":"11","COD_BP":"B.11-P.17"},"geometry":{"type":"LineString","coordinates":[[-72.974746,4.439528],[-72.974825,4.439478],[-72.975195,4.439253],[-72.975438,4.4391],[-72.975817,4.438865],[-72.976015,4.43873],[-72.976114,4.438676],[-72.976457,4.43845],[-72.976619,4.43836],[-72.976664,4.438324]]}},{"type":"Feature","properties":{"TIPO":"Balastrada","CODIGO":"Interna","ZONA":"4","BLOQUE":"11","COD_BP":"B.11-P.17"},"geometry":{"type":"LineString","coordinates":[[-72.971065,4.441742],[-72.971082,4.441732],[-72.971579,4.441445],[-72.972048,4.441156],[-72.972661,4.440786],[-72.972874,4.440658],[-72.972894,4.440645]]}},{"type":"Feature","properties":{"TIPO":"Balastrada","CODIGO":"Interna","ZONA":"4","BLOQUE":"11","COD_BP":"B.11-P.17"},"geometry":{"type":"LineString","coordinates":[[-72.972894,4.440645],[-72.972914,4.440634],[-72.973139,4.440498],[-72.97368,4.440164],[-72.973923,4.44002],[-72.97438,4.439756],[-72.974392,4.439749]]}},{"type":"Feature","properties":{"TIPO":"Balastrada","CODIGO":"Interna","ZONA":"6","BLOQUE":"330","COD_BP":"B.330-P.2"},"geometry":{"type":"LineString","coordinates":[[-72.909973,4.385816],[-72.909957,4.385816],[-72.909934,4.385815],[-72.909806,4.385815],[-72.909384,4.385815],[-72.90931,4.385815],[-72.90924,4.385813],[-72.909195,4.385821],[-72.909164,4.385835],[-72.909141,4.385853]]}},{"type":"Feature","properties":{"TIPO":"Balastrada","CODIGO":"Interna","ZONA":"6","BLOQUE":"330","COD_BP":"B.330-P.2"},"geometry":{"type":"LineString","coordinates":[[-72.908807,4.386384],[-72.908652,4.386607],[-72.908565,4.386733],[-72.908432,4.386898],[-72.908297,4.387054],[-72.908144,4.387228],[-72.907938,4.387436],[-72.907795,4.387593],[-72.90766,4.387749],[-72.907515,4.38792],[-72.907377,4.388076],[-72.907096,4.3884],[-72.906958,4.388561],[-72.906918,4.388606],[-72.906876,4.388644],[-72.906841,4.388668],[-72.90681,4.388683],[-72.906753,4.388694],[-72.90657,4.388702],[-72.905589,4.3887],[-72.90555,4.388694],[-72.905482,4.388676],[-72.905404,4.388648]]}},{"type":"Feature","properties":{"TIPO":"Balastrada","CODIGO":"Interna","ZONA":"2","BLOQUE":"90","COD_BP":"B.90-P.602"},"geometry":{"type":"LineString","coordinates":[[-72.958812,4.491868],[-72.959276,4.491652],[-72.95942,4.491592],[-72.959572,4.491538]]}},{"type":"Feature","properties":{"TIPO":"Balastrada","CODIGO":"Interna","ZONA":"5","BLOQUE":"336","COD_BP":"B.336-P.2"},"geometry":{"type":"LineString","coordinates":[[-72.912036,4.439732],[-72.912864,4.441287]]}},{"type":"Feature","properties":{"TIPO":"Balastrada","CODIGO":"Interna","ZONA":"5","BLOQUE":"336","COD_BP":"B.336-P.2"},"geometry":{"type":"LineString","coordinates":[[-72.912864,4.441287],[-72.913498,4.442457],[-72.913552,4.442542],[-72.913607,4.44263],[-72.913666,4.442733],[-72.913693,4.442763],[-72.913736,4.442788],[-72.913757,4.442816],[-72.913764,4.442869],[-72.913751,4.442928],[-72.913682,4.443005]]}},{"type":"Feature","properties":{"TIPO":"Balastrada","CODIGO":"Interna","ZONA":"10","BLOQUE":"123","COD_BP":"B.123-P.304"},"geometry":{"type":"LineString","coordinates":[[-72.960427,4.478602],[-72.960373,4.478641],[-72.960323,4.478676],[-72.960251,4.478718],[-72.960198,4.478751],[-72.960141,4.478778],[-72.960099,4.478787],[-72.960054,4.478784],[-72.960019,4.478769],[-72.95998,4.478718]]}},{"type":"Feature","properties":{"TIPO":"Balastrada","CODIGO":"Interna","NDESCRIPCI":"Bloque 329","ZONA":"6","BLOQUE":"329","COD_BP":"B.329-P.31"},"geometry":{"type":"LineString","coordinates":[[-72.908765,4.402599],[-72.908709,4.402599],[-72.906425,4.402595],[-72.90636,4.402598]]}},{"type":"Feature","properties":{"TIPO":"Balastrada","CODIGO":"Interna","ZONA":"4","BLOQUE":"332","COD_BP":"B.332-P.5"},"geometry":{"type":"LineString","coordinates":[[-72.961189,4.424288],[-72.961348,4.424467],[-72.961812,4.424965],[-72.962595,4.425888],[-72.963161,4.426593],[-72.964051,4.427576],[-72.964187,4.427677],[-72.964266,4.427755]]}},{"type":"Feature","properties":{"TIPO":"Balastrada","CODIGO":"Interna","ZONA":"4","BLOQUE":"332","COD_BP":"B.332-P.3"},"geometry":{"type":"LineString","coordinates":[[-72.952017,4.435448],[-72.952102,4.43455],[-72.952079,4.434395],[-72.951903,4.433784],[-72.951791,4.433532],[-72.951696,4.433302],[-72.951605,4.433049],[-72.951472,4.43275],[-72.951401,4.432644]]}},{"type":"Feature","properties":{"TIPO":"Balastrada","CODIGO":"Interna","ZONA":"4","BLOQUE":"332","COD_BP":"B.332-P.3"},"geometry":{"type":"LineString","coordinates":[[-72.952017,4.435448],[-72.951966,4.436025],[-72.951908,4.436462],[-72.951676,4.437573],[-72.951234,4.439957],[-72.951207,4.440131]]}},{"type":"Feature","properties":{"TIPO":"Balastrada","CODIGO":"Interna","ZONA":"4","BLOQUE":"332","COD_BP":"B.332-P.2"},"geometry":{"type":"LineString","coordinates":[[-72.951207,4.440131],[-72.951197,4.440236],[-72.95126,4.440503],[-72.951374,4.440746],[-72.951502,4.440992],[-72.95155,4.441102],[-72.951642,4.441237],[-72.951704,4.441345],[-72.951746,4.441432],[-72.951772,4.441554],[-72.951751,4.441731],[-72.951617,4.44208]]}},{"type":"Feature","properties":{"TIPO":"Balastrada","CODIGO":"Interna","ZONA":"4","BLOQUE":"332","COD_BP":"B.332-P.2"},"geometry":{"type":"LineString","coordinates":[[-72.951617,4.44208],[-72.951168,4.443264],[-72.951021,4.443709],[-72.950827,4.444098]]}},{"type":"Feature","properties":{"TIPO":"Balastrada","CODIGO":"Interna","NDESCRIPCI":"Bloque 334","ZONA":"6","BLOQUE":"334","COD_BP":"B.334-P.2"},"geometry":{"type":"LineString","coordinates":[[-72.894393,4.383988],[-72.894394,4.383992],[-72.894461,4.384067],[-72.894641,4.384261],[-72.895786,4.385578],[-72.895947,4.385761]]}},{"type":"Feature","properties":{"TIPO":"Balastrada","CODIGO":"Interna","NDESCRIPCI":"Bloque 334","ZONA":"6","BLOQUE":"334","COD_BP":"B.334-P.3"},"geometry":{"type":"LineString","coordinates":[[-72.89481,4.379617],[-72.894719,4.380384],[-72.894579,4.381772],[-72.894573,4.38184]]}},{"type":"Feature","properties":{"TIPO":"Balastrada","CODIGO":"Interna","NDESCRIPCI":"Bloque 334","ZONA":"6","BLOQUE":"334","COD_BP":"B.334-P.4"},"geometry":{"type":"LineString","coordinates":[[-72.895298,4.37515],[-72.895165,4.376407],[-72.895043,4.377501]]}},{"type":"Feature","properties":{"TIPO":"Balastrada","CODIGO":"Interna","NDESCRIPCI":"Bloque 335","ZONA":"5","BLOQUE":"335","COD_BP":"B.335-P.5"},"geometry":{"type":"LineString","coordinates":[[-72.933078,4.424888],[-72.935939,4.424835],[-72.936062,4.424874],[-72.936156,4.424948],[-72.936347,4.42529],[-72.93669,4.425931],[-72.937117,4.426762]]}},{"type":"Feature","properties":{"TIPO":"Balastrada","CODIGO":"Interna","ZONA":"5","BLOQUE":"335","COD_BP":"B.335-P.5"},"geometry":{"type":"LineString","coordinates":[[-72.933078,4.424888],[-72.930541,4.42492],[-72.930489,4.424906],[-72.930456,4.424888],[-72.930428,4.42486],[-72.930376,4.424807]]}},{"type":"Feature","properties":{"TIPO":"Balastrada","CODIGO":"Interna","ZONA":"4","BLOQUE":"30","COD_BP":"B.30-P.3"},"geometry":{"type":"LineString","coordinates":[[-72.975195,4.408989],[-72.975247,4.409158],[-72.975425,4.409747],[-72.97548,4.409938],[-72.975503,4.410027],[-72.975514,4.410087],[-72.975518,4.410162],[-72.975514,4.410228],[-72.975504,4.410291],[-72.975494,4.410346],[-72.975462,4.410417],[-72.975412,4.410512],[-72.975366,4.410588],[-72.975237,4.410878],[-72.975112,4.411139],[-72.974685,4.411933],[-72.974577,4.412098],[-72.974133,4.412797],[-72.974053,4.41299],[-72.974015,4.413162],[-72.973986,4.41332],[-72.973927,4.413635]]}},{"type":"Feature","properties":{"TIPO":"Balastrada","CODIGO":"Interna","ZONA":"4","BLOQUE":"30","COD_BP":"B.30-P.2"},"geometry":{"type":"LineString","coordinates":[[-72.973927,4.413635],[-72.973911,4.413759],[-72.973888,4.413897],[-72.973858,4.414022],[-72.973796,4.414147],[-72.9737,4.414288],[-72.973155,4.415079],[-72.972054,4.416653]]}},{"type":"Feature","properties":{"TIPO":"Balastrada","CODIGO":"Interna","ZONA":"4","BLOQUE":"30","COD_BP":"B.30-P.1"},"geometry":{"type":"LineString","coordinates":[[-72.97123,4.418072],[-72.971328,4.417935],[-72.971342,4.417882],[-72.971349,4.417837],[-72.971356,4.417781],[-72.971361,4.417717],[-72.971371,4.417668],[-72.971402,4.417582],[-72.971765,4.417076],[-72.972054,4.416653]]}},{"type":"Feature","properties":{"TIPO":"Proyectada","CODIGO":"Interna","ZONA":"5","BLOQUE":"336","COD_BP":"B.336-P.18"},"geometry":{"type":"LineString","coordinates":[[-72.92045,4.443185],[-72.917854,4.444828]]}},{"type":"Feature","properties":{"TIPO":"Balastrada","CODIGO":"Interna","ZONA":"4","BLOQUE":"332","COD_BP":"B.332-P.7"},"geometry":{"type":"LineString","coordinates":[[-72.968922,4.416828],[-72.96876,4.416732],[-72.968212,4.416409],[-72.966372,4.41532]]}},{"type":"Feature","properties":{"TIPO":"Balastrada","CODIGO":"Interna","NDESCRIPCI":"FORZOSA -","ZONA":"7","BLOQUE":"31","COD_BP":"B.31-P.25"},"geometry":{"type":"LineString","coordinates":[[-73.102933,4.409187],[-73.098551,4.407123],[-73.094085,4.40504],[-73.092529,4.404312]]}},{"type":"Feature","properties":{"TIPO":"Balastrada","CODIGO":"Interna","NDESCRIPCI":"Bloque 332","ZONA":"4","BLOQUE":"332","COD_BP":"B.332-P.14"},"geometry":{"type":"LineString","coordinates":[[-72.953441,4.437914],[-72.9569,4.439928]]}},{"type":"Feature","properties":{"TIPO":"Balastrada","CODIGO":"Interna","NDESCRIPCI":"Bloque 332","ZONA":"4","BLOQUE":"332","COD_BP":"B.332-P.13"},"geometry":{"type":"LineString","coordinates":[[-72.954469,4.434021],[-72.958258,4.436218]]}},{"type":"Feature","properties":{"TIPO":"Balastrada","CODIGO":"Interna","NDESCRIPCI":"Bloque 330","ZONA":"6","BLOQUE":"330","COD_BP":"B.330-P.6"},"geometry":{"type":"LineString","coordinates":[[-72.907227,4.36847],[-72.907217,4.368473],[-72.906248,4.368471],[-72.906041,4.368491],[-72.905978,4.368499],[-72.905904,4.368528],[-72.905858,4.368552],[-72.905808,4.368568]]}},{"type":"Feature","properties":{"TIPO":"Balastrada","CODIGO":"Interna","NDESCRIPCI":"Bloque 337","ZONA":"4","BLOQUE":"337","COD_BP":"B.337-P.9"},"geometry":{"type":"LineString","coordinates":[[-72.956471,4.41318],[-72.956394,4.413279],[-72.954754,4.414206],[-72.95278,4.415277],[-72.952589,4.415357]]}},{"type":"Feature","properties":{"TIPO":"Balastrada","CODIGO":"Interna","NDESCRIPCI":"Bloque 20","ZONA":"1","BLOQUE":"20","COD_BP":"B.20-P.17"},"geometry":{"type":"LineString","coordinates":[[-72.951551,4.519797],[-72.952449,4.521858]]}},{"type":"Feature","properties":{"TIPO":"Proyectada","ZONA":"0","BLOQUE":"0"},"geometry":{"type":"LineString","coordinates":[[-72.972045,4.520002],[-72.97209,4.521351],[-72.972028,4.521475],[-72.971947,4.521624],[-72.971789,4.521767],[-72.971675,4.521915],[-72.971386,4.522201],[-72.971281,4.522309],[-72.971126,4.522476],[-72.970942,4.522681],[-72.970827,4.522796],[-72.970732,4.52293],[-72.97066,4.523021],[-72.970574,4.523116],[-72.97056,4.523202],[-72.97061,4.523281],[-72.970683,4.523356],[-72.970717,4.523439],[-72.970737,4.523489]]}},{"type":"Feature","properties":{"TIPO":"Balastrada","CODIGO":"Interna","ZONA":"1","BLOQUE":"17","COD_BP":"B.17-P.7"},"geometry":{"type":"LineString","coordinates":[[-72.947075,4.52901],[-72.947071,4.531297]]}},{"type":"Feature","properties":{"TIPO":"Balastrada","CODIGO":"Interna","ZONA":"1","BLOQUE":"1","COD_BP":"B.1-P.5"},"geometry":{"type":"LineString","coordinates":[[-72.967039,4.527498],[-72.96709,4.527451],[-72.967188,4.527359],[-72.967381,4.527154],[-72.967541,4.526976],[-72.967722,4.526778],[-72.967937,4.526555]]}},{"type":"Feature","properties":{"TIPO":"Balastrada","CODIGO":"Interna","ZONA":"1","BLOQUE":"1","COD_BP":"B.1-P.4"},"geometry":{"type":"LineString","coordinates":[[-72.967937,4.526555],[-72.9681,4.526402],[-72.968452,4.525987],[-72.970129,4.52417]]}},{"type":"Feature","properties":{"TIPO":"Balastrada","CODIGO":"Interna","ZONA":"1","BLOQUE":"1","COD_BP":"B.1-P.5"},"geometry":{"type":"LineString","coordinates":[[-72.965102,4.513581],[-72.965191,4.513473],[-72.965442,4.51328],[-72.966076,4.512761],[-72.966555,4.512345],[-72.966849,4.512059],[-72.967064,4.511858],[-72.967118,4.511772]]}},{"type":"Feature","properties":{"TIPO":"Balastrada","CODIGO":"Interna","ZONA":"1","BLOQUE":"1","COD_BP":"B.1-P.5"},"geometry":{"type":"LineString","coordinates":[[-72.967118,4.511772],[-72.967096,4.511711],[-72.967068,4.511621],[-72.967025,4.511535],[-72.966975,4.511359],[-72.966904,4.511129],[-72.966833,4.510917],[-72.966797,4.51081],[-72.966808,4.510734],[-72.966865,4.51067],[-72.966937,4.510634],[-72.967051,4.510606],[-72.967155,4.510581],[-72.967291,4.510538],[-72.967531,4.510448],[-72.967753,4.510377],[-72.967967,4.510298],[-72.968203,4.510216],[-72.968278,4.510177],[-72.96835,4.51012],[-72.968382,4.51008]]}},{"type":"Feature","properties":{"TIPO":"Balastrada","CODIGO":"Interna","ZONA":"2","BLOQUE":"4","COD_BP":"B.4-P.7"},"geometry":{"type":"LineString","coordinates":[[-72.982389,4.514956],[-72.98269,4.51512],[-72.982774,4.515143],[-72.982831,4.515152],[-72.982886,4.515144],[-72.98297,4.515097],[-72.983047,4.515042],[-72.983106,4.514981],[-72.983312,4.51475],[-72.983528,4.514498],[-72.98366,4.514441],[-72.983744,4.514415],[-72.983887,4.514389],[-72.983956,4.514382]]}},{"type":"Feature","properties":{"TIPO":"Balastrada","CODIGO":"Interna","ZONA":"2","BLOQUE":"4","COD_BP":"B.4-P.7"},"geometry":{"type":"LineString","coordinates":[[-72.983956,4.514382],[-72.984509,4.514308]]}},{"type":"Feature","properties":{"TIPO":"Balastrada","CODIGO":"Interna","ZONA":"1","BLOQUE":"1","COD_BP":"B.1-P.1"},"geometry":{"type":"LineString","coordinates":[[-72.976263,4.517231],[-72.976287,4.517279],[-72.976293,4.517326],[-72.976298,4.517373],[-72.976296,4.517422],[-72.976285,4.517468]]}},{"type":"Feature","properties":{"TIPO":"Balastrada","CODIGO":"Interna","ZONA":"1","BLOQUE":"1","COD_BP":"B.1-P.1"},"geometry":{"type":"LineString","coordinates":[[-72.976263,4.517231],[-72.97618,4.517132],[-72.976019,4.51694],[-72.975909,4.516803],[-72.97579,4.51665],[-72.975683,4.516506],[-72.975594,4.51641],[-72.975475,4.516326],[-72.975338,4.516225],[-72.975201,4.516096],[-72.97507,4.51597],[-72.974886,4.515781],[-72.974785,4.515635],[-72.974681,4.515416],[-72.974648,4.51535],[-72.974621,4.515282],[-72.974595,4.515204],[-72.974577,4.515141],[-72.974559,4.515075],[-72.97455,4.51503],[-72.974541,4.514991],[-72.974532,4.514947],[-72.974529,4.514902],[-72.974553,4.514797],[-72.974572,4.514642]]}},{"type":"Feature","properties":{"TIPO":"Balastrada","CODIGO":"Interna","ZONA":"1","BLOQUE":"1","COD_BP":"B.1-P.1"},"geometry":{"type":"LineString","coordinates":[[-72.976285,4.517468],[-72.976346,4.517386],[-72.976424,4.517291],[-72.976481,4.517219]]}},{"type":"Feature","properties":{"TIPO":"Balastrada","CODIGO":"Interna","ZONA":"1","BLOQUE":"1","COD_BP":"B.1-P.1"},"geometry":{"type":"LineString","coordinates":[[-72.976481,4.517219],[-72.976648,4.517028],[-72.976763,4.516904],[-72.976844,4.516822],[-72.976952,4.51675],[-72.97707,4.516633],[-72.977157,4.516497],[-72.977283,4.516311],[-72.977664,4.515763],[-72.977758,4.515665]]}},{"type":"Feature","properties":{"TIPO":"Balastrada","CODIGO":"Interna","ZONA":"2","BLOQUE":"4","COD_BP":"B.4-P.5"},"geometry":{"type":"LineString","coordinates":[[-72.988968,4.514001],[-72.989111,4.513947],[-72.989172,4.513908],[-72.989208,4.5138],[-72.989265,4.513646],[-72.98933,4.513431],[-72.989377,4.513223],[-72.989427,4.512986],[-72.989477,4.512681],[-72.989517,4.512405],[-72.989543,4.512078],[-72.989547,4.511824],[-72.989569,4.511504],[-72.989587,4.511163],[-72.989602,4.510894],[-72.989595,4.510571],[-72.989617,4.510227],[-72.98961,4.510022],[-72.989593,4.509771],[-72.989522,4.508867],[-72.989463,4.508257],[-72.989425,4.507424],[-72.989341,4.506068],[-72.989285,4.504894],[-72.989243,4.504313],[-72.989197,4.503839],[-72.989176,4.503511]]}},{"type":"Feature","properties":{"TIPO":"Balastrada","CODIGO":"Interna","ZONA":"3","BLOQUE":"10","COD_BP":"B.10-P.6"},"geometry":{"type":"LineString","coordinates":[[-72.995115,4.457679],[-72.995243,4.457686]]}},{"type":"Feature","properties":{"TIPO":"Balastrada","CODIGO":"Interna","ZONA":"3","BLOQUE":"10","COD_BP":"B.10-P.6"},"geometry":{"type":"LineString","coordinates":[[-72.995239,4.458759],[-72.995236,4.458724],[-72.995219,4.458496],[-72.995184,4.457935],[-72.995184,4.457881],[-72.995193,4.457836],[-72.995212,4.457801],[-72.995227,4.457762],[-72.995236,4.457729],[-72.995241,4.457705],[-72.995243,4.457686]]}},{"type":"Feature","properties":{"TIPO":"Balastrada","CODIGO":"Interna","ZONA":"3","BLOQUE":"10","COD_BP":"B.10-P.6"},"geometry":{"type":"LineString","coordinates":[[-72.995243,4.457686],[-72.995243,4.457655],[-72.995239,4.457617],[-72.995228,4.457579],[-72.995215,4.457541],[-72.995196,4.457501],[-72.99518,4.457468],[-72.995167,4.457438],[-72.995167,4.457357],[-72.995141,4.456597],[-72.995128,4.456321],[-72.995127,4.456296]]}},{"type":"Feature","properties":{"TIPO":"Balastrada","CODIGO":"Interna","ZONA":"2","BLOQUE":"90","COD_BP":"B.90-P.531"},"geometry":{"type":"LineString","coordinates":[[-72.964591,4.473702],[-72.964523,4.473755],[-72.964422,4.473835],[-72.964332,4.473908],[-72.964213,4.474011],[-72.964172,4.474061],[-72.96414,4.4741],[-72.964113,4.474133]]}},{"type":"Feature","properties":{"TIPO":"Balastrada","CODIGO":"Interna","NDESCRIPCI":"VIA PRINCIPAL INTERNA","ZONA":"2","BLOQUE":"9","COD_BP":"B.9-P.6"},"geometry":{"type":"LineString","coordinates":[[-72.962379,4.462438],[-72.962388,4.462624],[-72.962394,4.462842],[-72.962399,4.463189],[-72.962402,4.463377]]}},{"type":"Feature","properties":{"TIPO":"Balastrada","CODIGO":"Interna","NDESCRIPCI":"VIA PRINCIPAL INTERNA","ZONA":"2","BLOQUE":"9","COD_BP":"B.9-P.5"},"geometry":{"type":"LineString","coordinates":[[-72.964895,4.467253],[-72.965127,4.467608],[-72.965357,4.467948],[-72.965584,4.468319],[-72.966015,4.468993],[-72.967317,4.47108],[-72.967408,4.471233],[-72.967448,4.471324]]}},{"type":"Feature","properties":{"TIPO":"Balastrada","CODIGO":"Interna","NDESCRIPCI":"Vía puente casa de lata caño cuchas","ZONA":"2","BLOQUE":"9","COD_BP":"B.9-P.5"},"geometry":{"type":"LineString","coordinates":[[-72.965893,4.459713],[-72.965664,4.459932],[-72.965318,4.460285],[-72.964981,4.460632],[-72.96456,4.461074],[-72.964166,4.461471],[-72.963805,4.461814],[-72.963683,4.461939],[-72.963551,4.462088],[-72.963428,4.462204],[-72.963336,4.462273],[-72.963251,4.46233],[-72.96313,4.462376],[-72.962978,4.462424],[-72.96282,4.462463],[-72.962662,4.462478],[-72.96257,4.462487],[-72.962463,4.462463],[-72.962379,4.462438]]}},{"type":"Feature","properties":{"TIPO":"Balastrada","CODIGO":"Interna","NDESCRIPCI":"Vía puente casa de lata caño cuchas","ZONA":"2","BLOQUE":"9","COD_BP":"B.9-P.6"},"geometry":{"type":"LineString","coordinates":[[-72.962379,4.462438],[-72.962192,4.462349],[-72.961745,4.462096],[-72.961704,4.462074]]}},{"type":"Feature","properties":{"TIPO":"Balastrada","CODIGO":"Interna","ZONA":"4","BLOQUE":"11","COD_BP":"B.11-P.2"},"geometry":{"type":"LineString","coordinates":[[-72.972087,4.445108],[-72.972094,4.445129],[-72.972123,4.445225],[-72.972257,4.445677],[-72.97232,4.445894],[-72.972446,4.446328],[-72.972634,4.446898],[-72.972849,4.447595],[-72.972975,4.447948],[-72.973037,4.448147],[-72.973154,4.448472],[-72.973414,4.44935],[-72.973647,4.45011],[-72.973808,4.450607],[-72.974436,4.452669],[-72.974651,4.453339],[-72.974714,4.453511],[-72.974755,4.453626],[-72.974759,4.453637]]}},{"type":"Feature","properties":{"TIPO":"Balastrada","CODIGO":"Interna","ZONA":"4","BLOQUE":"11","COD_BP":"B.11-P.3"},"geometry":{"type":"LineString","coordinates":[[-72.974759,4.453637],[-72.974756,4.453675],[-72.974758,4.453721],[-72.974765,4.453757],[-72.974777,4.45379],[-72.974796,4.453835],[-72.974829,4.453886],[-72.97486,4.453934],[-72.974888,4.453974],[-72.974909,4.454012],[-72.974936,4.454083],[-72.974945,4.454107],[-72.974947,4.454112]]}},{"type":"Feature","properties":{"TIPO":"Balastrada","CODIGO":"Interna","ZONA":"3","BLOQUE":"21","COD_BP":"B.21-P.1"},"geometry":{"type":"LineString","coordinates":[[-72.974947,4.454112],[-72.974928,4.454118],[-72.974902,4.454126],[-72.97474,4.454189],[-72.974551,4.454261],[-72.974406,4.454342],[-72.974332,4.454359],[-72.974318,4.454362]]}},{"type":"Feature","properties":{"TIPO":"Balastrada","CODIGO":"Interna","ZONA":"3","BLOQUE":"21","COD_BP":"B.21-P.1"},"geometry":{"type":"LineString","coordinates":[[-72.974318,4.454362],[-72.974296,4.454367],[-72.973929,4.45445],[-72.973722,4.454495],[-72.97337,4.454585],[-72.973082,4.454647],[-72.97282,4.45471],[-72.972685,4.454746],[-72.972442,4.454791],[-72.972262,4.454836],[-72.97211,4.454865],[-72.972078,4.454871]]}},{"type":"Feature","properties":{"TIPO":"Balastrada","CODIGO":"Interna","ZONA":"4","BLOQUE":"11","COD_BP":"B.11-P.5"},"geometry":{"type":"LineString","coordinates":[[-72.980346,4.452145],[-72.980337,4.452154],[-72.980301,4.45219],[-72.979787,4.452677],[-72.979606,4.452848],[-72.979031,4.453333],[-72.978962,4.453386],[-72.978905,4.453427],[-72.978852,4.453458]]}},{"type":"Feature","properties":{"TIPO":"Balastrada","CODIGO":"Interna","ZONA":"4","BLOQUE":"11","COD_BP":"B.11-P.5"},"geometry":{"type":"LineString","coordinates":[[-72.97838,4.453568],[-72.978402,4.453565],[-72.978634,4.453534],[-72.978736,4.45351],[-72.978781,4.453494],[-72.978823,4.453475],[-72.978852,4.453458]]}},{"type":"Feature","properties":{"TIPO":"Balastrada","CODIGO":"Interna","ZONA":"4","BLOQUE":"11","COD_BP":"B.11-P.37"},"geometry":{"type":"LineString","coordinates":[[-72.980423,4.427494],[-72.980851,4.427829],[-72.981552,4.428324],[-72.981585,4.428396],[-72.981563,4.428468],[-72.98149,4.428608]]}},{"type":"Feature","properties":{"TIPO":"Balastrada","CODIGO":"Interna","ZONA":"4","BLOQUE":"11","COD_BP":"B.11-P.37"},"geometry":{"type":"LineString","coordinates":[[-72.98149,4.428608],[-72.981452,4.428679],[-72.980888,4.429515],[-72.980842,4.429581]]}},{"type":"Feature","properties":{"TIPO":"Balastrada","CODIGO":"Interna","ZONA":"4","BLOQUE":"11","COD_BP":"B.11-P.36"},"geometry":{"type":"LineString","coordinates":[[-72.978769,4.428561],[-72.97921,4.428789],[-72.979516,4.42897],[-72.980362,4.429415],[-72.980443,4.429451],[-72.980515,4.429487],[-72.98056,4.429496],[-72.980641,4.429514],[-72.980704,4.429524],[-72.980749,4.429533],[-72.980803,4.429551],[-72.980842,4.429581]]}},{"type":"Feature","properties":{"TIPO":"Balastrada","CODIGO":"Interna","ZONA":"4","BLOQUE":"11","COD_BP":"B.11-P.36"},"geometry":{"type":"LineString","coordinates":[[-72.980842,4.429581],[-72.980857,4.429596],[-72.980866,4.429623],[-72.980857,4.42965],[-72.980839,4.429686],[-72.980731,4.42984],[-72.980676,4.429921],[-72.980559,4.430138],[-72.980478,4.43031],[-72.980387,4.430454],[-72.980297,4.430581],[-72.980152,4.430793]]}},{"type":"Feature","properties":{"TIPO":"Balastrada","CODIGO":"Interna","ZONA":"1","BLOQUE":"1","COD_BP":"B.1-P.1"},"geometry":{"type":"LineString","coordinates":[[-72.974571,4.514662],[-72.974557,4.514543],[-72.974512,4.514468],[-72.974465,4.514384],[-72.974375,4.514256],[-72.974256,4.514121],[-72.974078,4.513944],[-72.973926,4.513806]]}},{"type":"Feature","properties":{"TIPO":"Balastrada","CODIGO":"Interna","ZONA":"1","BLOQUE":"1","COD_BP":"B.1-P.1"},"geometry":{"type":"LineString","coordinates":[[-72.973926,4.513806],[-72.973527,4.513465],[-72.973173,4.513111],[-72.972739,4.512689],[-72.972177,4.512156],[-72.97187,4.511886],[-72.97172,4.511752]]}},{"type":"Feature","properties":{"TIPO":"Balastrada","CODIGO":"Interna","NDESCRIPCI":"VIA CENTRAL","ZONA":"1","BLOQUE":"14","COD_BP":"B.14-P.16"},"geometry":{"type":"LineString","coordinates":[[-72.976036,4.518721],[-72.975897,4.517942],[-72.975889,4.517914]]}},{"type":"Feature","properties":{"TIPO":"Balastrada","CODIGO":"Interna","NDESCRIPCI":"VIA CENTRAL","ZONA":"1","BLOQUE":"14","COD_BP":"B.14-P.16"},"geometry":{"type":"LineString","coordinates":[[-72.976397,4.520732],[-72.976036,4.518721]]}},{"type":"Feature","properties":{"TIPO":"Balastrada","CODIGO":"Interna","NDESCRIPCI":"VIA CENTRAL","ZONA":"1","BLOQUE":"14","COD_BP":"B.14-P.6"},"geometry":{"type":"LineString","coordinates":[[-72.977113,4.524722],[-72.976931,4.523709]]}},{"type":"Feature","properties":{"TIPO":"Balastrada","CODIGO":"Interna","NDESCRIPCI":"VIA CENTRAL","ZONA":"1","BLOQUE":"14","COD_BP":"B.14-P.5"},"geometry":{"type":"LineString","coordinates":[[-72.977472,4.526724],[-72.977468,4.526698],[-72.977291,4.525711]]}},{"type":"Feature","properties":{"TIPO":"Balastrada","CODIGO":"Interna","NDESCRIPCI":"VIA PRINCIPAL DE LA PARCELA","ZONA":"1","BLOQUE":"14","COD_BP":"B.14-P.16"},"geometry":{"type":"LineString","coordinates":[[-72.977993,4.520444],[-72.976397,4.520732]]}},{"type":"Feature","properties":{"TIPO":"Balastrada","CODIGO":"Interna","NDESCRIPCI":"VIA PRINCIPAL DE LA PARCELA","ZONA":"1","BLOQUE":"14","COD_BP":"B.14-P.16"},"geometry":{"type":"LineString","coordinates":[[-72.974708,4.521038],[-72.973054,4.521337],[-72.97302,4.521344],[-72.973008,4.521346]]}},{"type":"Feature","properties":{"TIPO":"Balastrada","CODIGO":"Interna","NDESCRIPCI":"VIA PRINCIPAL DE LA PARCELA","ZONA":"1","BLOQUE":"14","COD_BP":"B.14-P.14"},"geometry":{"type":"LineString","coordinates":[[-72.97124,4.523711],[-72.97134,4.524237],[-72.971351,4.524272],[-72.971365,4.524306],[-72.97138,4.52433],[-72.971395,4.524358],[-72.971481,4.524698],[-72.971566,4.525044],[-72.971579,4.525082],[-72.9716,4.525124],[-72.971623,4.525154],[-72.971742,4.525627],[-72.971756,4.525673],[-72.971762,4.52569]]}},{"type":"Feature","properties":{"TIPO":"Balastrada","CODIGO":"Interna","NDESCRIPCI":"VIA PRINCIPAL DE LA PARCELA","ZONA":"1","BLOQUE":"14","COD_BP":"B.14-P.14"},"geometry":{"type":"LineString","coordinates":[[-72.971762,4.52569],[-72.972094,4.526782],[-72.972346,4.52762],[-72.972356,4.527654]]}},{"type":"Feature","properties":{"TIPO":"Balastrada","CODIGO":"Interna","ZONA":"1","BLOQUE":"19","COD_BP":"B.19-P.2"},"geometry":{"type":"LineString","coordinates":[[-72.999702,4.512812],[-72.999551,4.512851],[-72.999299,4.512979],[-72.99879,4.51322],[-72.998629,4.513258],[-72.998504,4.513275],[-72.995295,4.513643],[-72.994878,4.513692],[-72.994764,4.513703]]}},{"type":"Feature","properties":{"TIPO":"Balastrada","CODIGO":"Interna","ZONA":"5","BLOQUE":"327","COD_BP":"B.327-P.2"},"geometry":{"type":"LineString","coordinates":[[-72.933451,4.457003],[-72.93351,4.456931],[-72.933615,4.456732],[-72.93368,4.455429],[-72.933701,4.45539],[-72.933729,4.455371],[-72.934088,4.455175],[-72.934474,4.455181],[-72.934605,4.455121],[-72.935658,4.455123],[-72.935685,4.455123]]}},{"type":"Feature","properties":{"TIPO":"Balastrada","CODIGO":"Interna","NDESCRIPCI":"VIA CENTRAL","ZONA":"1","BLOQUE":"14","COD_BP":"B.14-P.4"},"geometry":{"type":"LineString","coordinates":[[-72.977832,4.528727],[-72.977651,4.52772]]}},{"type":"Feature","properties":{"TIPO":"Balastrada","CODIGO":"Interna","NDESCRIPCI":"VIA CENTRAL","ZONA":"1","BLOQUE":"14","COD_BP":"B.14-P.10"},"geometry":{"type":"LineString","coordinates":[[-72.97819,4.530724],[-72.977838,4.528763],[-72.977832,4.528727]]}},{"type":"Feature","properties":{"TIPO":"Balastrada","CODIGO":"Interna","NDESCRIPCI":"VIA CENTRAL","ZONA":"1","BLOQUE":"14","COD_BP":"B.14-P.8"},"geometry":{"type":"LineString","coordinates":[[-72.978952,4.53497],[-72.978945,4.53493],[-72.97855,4.53273]]}},{"type":"Feature","properties":{"TIPO":"Balastrada","CODIGO":"Interna","NDESCRIPCI":"VIA CENTRAL","ZONA":"1","BLOQUE":"14","COD_BP":"B.14-P.9"},"geometry":{"type":"LineString","coordinates":[[-72.97855,4.53273],[-72.97819,4.530724]]}},{"type":"Feature","properties":{"TIPO":"Balastrada","CODIGO":"Interna","ZONA":"1","BLOQUE":"19","COD_BP":"B.19-P.2"},"geometry":{"type":"LineString","coordinates":[[-72.994764,4.513703],[-72.99446,4.513735]]}},{"type":"Feature","properties":{"TIPO":"Balastrada","CODIGO":"Interna","ZONA":"3","BLOQUE":"7","COD_BP":"B.7-P.1"},"geometry":{"type":"LineString","coordinates":[[-72.994634,4.471028],[-72.994644,4.471377],[-72.994646,4.471594],[-72.994656,4.471862],[-72.994668,4.472308],[-72.994686,4.472837],[-72.994693,4.473518],[-72.994715,4.474217],[-72.994734,4.474962],[-72.994753,4.475798],[-72.994767,4.475933],[-72.994793,4.475988],[-72.994824,4.476026],[-72.994834,4.476068],[-72.994821,4.476108],[-72.99479,4.476158],[-72.99477,4.476217],[-72.994771,4.476325],[-72.994827,4.478378],[-72.994896,4.481345],[-72.994938,4.482674],[-72.995043,4.485958],[-72.99505,4.485989],[-72.995069,4.48604],[-72.995099,4.486095],[-72.995122,4.486156],[-72.995123,4.48619],[-72.995111,4.486222],[-72.995091,4.486241],[-72.99505,4.486248],[-72.994995,4.486253]]}},{"type":"Feature","properties":{"TIPO":"Balastrada","CODIGO":"Interna","ZONA":"2","BLOQUE":"6","COD_BP":"B.6-P.5"},"geometry":{"type":"LineString","coordinates":[[-72.99117,4.496824],[-72.99104,4.494191],[-72.990838,4.489866]]}},{"type":"Feature","properties":{"TIPO":"Balastrada","CODIGO":"Interna","ZONA":"2","BLOQUE":"6","COD_BP":"B.6-P.4"},"geometry":{"type":"LineString","coordinates":[[-72.99117,4.496824],[-72.991239,4.496799],[-72.991371,4.496799],[-72.991467,4.496801],[-72.991576,4.496869],[-72.992774,4.497528],[-72.993085,4.497687]]}},{"type":"Feature","properties":{"TIPO":"Balastrada","CODIGO":"Interna","ZONA":"2","BLOQUE":"6","COD_BP":"B.6-P.5"},"geometry":{"type":"LineString","coordinates":[[-72.991063,4.501435],[-72.991072,4.501264],[-72.991066,4.501001],[-72.991066,4.500844],[-72.991056,4.500651],[-72.991107,4.500363],[-72.991112,4.500228],[-72.991053,4.500048],[-72.99104,4.499833],[-72.991048,4.499671],[-72.991053,4.499627],[-72.991058,4.499538],[-72.991011,4.499435],[-72.990946,4.499329],[-72.990881,4.499221],[-72.990792,4.499156],[-72.990659,4.499086],[-72.990539,4.499074],[-72.990446,4.499042],[-72.990389,4.498991],[-72.990365,4.498897],[-72.990341,4.498824],[-72.990325,4.498678],[-72.990351,4.498587],[-72.990374,4.49844],[-72.990412,4.498276],[-72.990554,4.498024],[-72.990678,4.497877],[-72.990682,4.497722],[-72.990815,4.497631],[-72.990956,4.497545],[-72.990944,4.497035],[-72.990944,4.496966],[-72.991089,4.496885],[-72.99117,4.496824]]}},{"type":"Feature","properties":{"TIPO":"Balastrada","CODIGO":"Interna","ZONA":"3","BLOQUE":"13","COD_BP":"B.13-P.8"},"geometry":{"type":"LineString","coordinates":[[-72.987663,4.457373],[-72.987654,4.457309],[-72.987663,4.457165],[-72.987672,4.456993],[-72.98769,4.456785],[-72.987708,4.456541],[-72.987717,4.456424]]}},{"type":"Feature","properties":{"TIPO":"Balastrada","CODIGO":"Interna","ZONA":"3","BLOQUE":"13","COD_BP":"B.13-P.10"},"geometry":{"type":"LineString","coordinates":[[-72.987792,4.455024],[-72.987774,4.455366],[-72.987727,4.456288],[-72.987711,4.456507],[-72.987717,4.456424]]}},{"type":"Feature","properties":{"TIPO":"Balastrada","CODIGO":"Interna","ZONA":"2","BLOQUE":"9","COD_BP":"B.9-P.6"},"geometry":{"type":"LineString","coordinates":[[-72.962397,4.463058],[-72.962668,4.462914],[-72.963014,4.462718],[-72.963208,4.462553],[-72.963351,4.462473],[-72.963396,4.462371],[-72.963533,4.462105]]}},{"type":"Feature","properties":{"TIPO":"Balastrada","CODIGO":"Interna","NDESCRIPCI":"Bloque 329","ZONA":"6","BLOQUE":"329","COD_BP":"B.329-P.12"},"geometry":{"type":"LineString","coordinates":[[-72.926175,4.415054],[-72.92599,4.414947],[-72.925899,4.414897],[-72.925781,4.414805],[-72.925615,4.414667],[-72.92557,4.414429],[-72.925576,4.414253],[-72.925641,4.414154],[-72.92578,4.414028],[-72.925832,4.413928]]}},{"type":"Feature","properties":{"TIPO":"Balastrada","CODIGO":"Interna","NDESCRIPCI":"Bloque 329","ZONA":"6","BLOQUE":"329","COD_BP":"B.329-P.7"},"geometry":{"type":"LineString","coordinates":[[-72.926157,4.400253],[-72.92609,4.400253],[-72.92596,4.400252],[-72.921907,4.400246]]}},{"type":"Feature","properties":{"TIPO":"Balastrada","CODIGO":"Interna","NDESCRIPCI":"Bloque 329","ZONA":"6","BLOQUE":"329","COD_BP":"B.329-P.14"},"geometry":{"type":"LineString","coordinates":[[-72.926862,4.411858],[-72.926836,4.411858],[-72.926795,4.411858],[-72.92426,4.411854]]}},{"type":"Feature","properties":{"TIPO":"Balastrada","CODIGO":"Interna","NDESCRIPCI":"Bloque 329","ZONA":"6","BLOQUE":"329","COD_BP":"B.329-P.16"},"geometry":{"type":"LineString","coordinates":[[-72.924361,4.40746],[-72.923776,4.40687],[-72.923171,4.406254],[-72.922797,4.405904],[-72.922363,4.405543],[-72.921915,4.405189],[-72.92177,4.405067],[-72.921721,4.405023]]}},{"type":"Feature","properties":{"TIPO":"Balastrada","CODIGO":"Interna","NDESCRIPCI":"Bloque 329","ZONA":"6","BLOQUE":"329","COD_BP":"B.329-P.16"},"geometry":{"type":"LineString","coordinates":[[-72.921808,4.404939],[-72.921787,4.404963],[-72.921779,4.404972],[-72.921773,4.404979],[-72.921748,4.405007],[-72.921702,4.405035],[-72.921659,4.405051],[-72.921616,4.405056],[-72.918944,4.405051]]}},{"type":"Feature","properties":{"TIPO":"Balastrada","CODIGO":"Interna","ZONA":"5","BLOQUE":"336","COD_BP":"B.336-P.12"},"geometry":{"type":"LineString","coordinates":[[-72.914504,4.422924],[-72.912271,4.423925],[-72.90997,4.424948]]}},{"type":"Feature","properties":{"TIPO":"Proyectada","CODIGO":"Interna","ZONA":"5","BLOQUE":"336","COD_BP":"B.336-P.3"},"geometry":{"type":"LineString","coordinates":[[-72.909421,4.441125],[-72.908864,4.440401],[-72.908389,4.439773]]}},{"type":"Feature","properties":{"TIPO":"Balastrada","CODIGO":"Interna","ZONA":"5","BLOQUE":"336","COD_BP":"B.336-P.17"},"geometry":{"type":"LineString","coordinates":[[-72.919807,4.435105],[-72.920078,4.437022]]}},{"type":"Feature","properties":{"TIPO":"Balastrada","CODIGO":"Interna","ZONA":"5","BLOQUE":"336","COD_BP":"B.336-P.16"},"geometry":{"type":"LineString","coordinates":[[-72.918035,4.431972],[-72.91971,4.434504],[-72.919719,4.434524],[-72.919728,4.434547],[-72.919807,4.435105]]}},{"type":"Feature","properties":{"TIPO":"Balastrada","CODIGO":"Interna","ZONA":"5","BLOQUE":"336","COD_BP":"B.336-P.20"},"geometry":{"type":"LineString","coordinates":[[-72.915834,4.429054],[-72.916124,4.429242],[-72.916377,4.429424],[-72.918035,4.431972]]}},{"type":"Feature","properties":{"TIPO":"Balastrada","CODIGO":"Interna","ZONA":"5","BLOQUE":"336","COD_BP":"B.336-P.13"},"geometry":{"type":"LineString","coordinates":[[-72.910923,4.425715],[-72.911842,4.426335],[-72.912567,4.426823]]}},{"type":"Feature","properties":{"TIPO":"Balastrada","CODIGO":"Interna","ZONA":"5","BLOQUE":"336","COD_BP":"B.336-P.9"},"geometry":{"type":"LineString","coordinates":[[-72.909372,4.422472],[-72.908171,4.423182]]}},{"type":"Feature","properties":{"TIPO":"Balastrada","CODIGO":"Interna","ZONA":"5","BLOQUE":"336","COD_BP":"B.336-P.13"},"geometry":{"type":"LineString","coordinates":[[-72.909277,4.424606],[-72.909861,4.424996]]}},{"type":"Feature","properties":{"TIPO":"Balastrada","CODIGO":"Interna","NDESCRIPCI":"Bloque 330","ZONA":"6","BLOQUE":"330","COD_BP":"B.330-P.6"},"geometry":{"type":"LineString","coordinates":[[-72.905936,4.370715],[-72.907863,4.370718],[-72.907955,4.370732]]}},{"type":"Feature","properties":{"TIPO":"Balastrada","CODIGO":"Interna","NDESCRIPCI":"Bloque 330","ZONA":"6","BLOQUE":"330","COD_BP":"B.330-P.3"},"geometry":{"type":"LineString","coordinates":[[-72.902164,4.384135],[-72.898321,4.384129]]}},{"type":"Feature","properties":{"TIPO":"Balastrada","CODIGO":"Interna","NDESCRIPCI":"Bloque 337","ZONA":"4","BLOQUE":"337","COD_BP":"B.337-P.9"},"geometry":{"type":"LineString","coordinates":[[-72.953879,4.414681],[-72.953301,4.413561],[-72.953337,4.408075]]}},{"type":"Feature","properties":{"TIPO":"Balastrada","CODIGO":"Interna","NDESCRIPCI":"Bloque 337","ZONA":"4","BLOQUE":"337","COD_BP":"B.337-P.10"},"geometry":{"type":"LineString","coordinates":[[-72.956471,4.41318],[-72.956508,4.41217],[-72.956438,4.411879],[-72.954108,4.407631]]}},{"type":"Feature","properties":{"TIPO":"Balastrada","CODIGO":"Interna","NDESCRIPCI":"Bloque 337","ZONA":"4","BLOQUE":"337","COD_BP":"B.337-P.7"},"geometry":{"type":"LineString","coordinates":[[-72.961277,4.415338],[-72.958326,4.413549],[-72.958222,4.413459],[-72.958237,4.411775],[-72.957987,4.41124],[-72.957934,4.411099],[-72.957937,4.410701],[-72.957937,4.41057],[-72.957923,4.410516],[-72.957881,4.410464],[-72.957544,4.410278]]}},{"type":"Feature","properties":{"TIPO":"Balastrada","CODIGO":"Interna","NDESCRIPCI":"Bloque 337","ZONA":"4","BLOQUE":"337","COD_BP":"B.337-P.7"},"geometry":{"type":"LineString","coordinates":[[-72.962581,4.413094],[-72.959664,4.411391]]}},{"type":"Feature","properties":{"TIPO":"Proyectada","CODIGO":"Interna","NDESCRIPCI":"Bloque 337","ZONA":"4","BLOQUE":"337","COD_BP":"B.337-P.13"},"geometry":{"type":"LineString","coordinates":[[-72.943852,4.415019],[-72.943509,4.415256]]}},{"type":"Feature","properties":{"TIPO":"Balastrada","CODIGO":"Interna","NDESCRIPCI":"Bloque 337","ZONA":"4","BLOQUE":"337","COD_BP":"B.337-P.13"},"geometry":{"type":"LineString","coordinates":[[-72.943852,4.415019],[-72.943985,4.414942],[-72.944106,4.414884],[-72.945094,4.414305]]}},{"type":"Feature","properties":{"TIPO":"Balastrada","CODIGO":"Interna","NDESCRIPCI":"Bloque 337","ZONA":"4","BLOQUE":"337","COD_BP":"B.337-P.14"},"geometry":{"type":"LineString","coordinates":[[-72.945408,4.418305],[-72.945544,4.418276],[-72.948055,4.416838]]}},{"type":"Feature","properties":{"TIPO":"Balastrada","CODIGO":"Interna","NDESCRIPCI":"Bloque 337","ZONA":"4","BLOQUE":"337","COD_BP":"B.337-P.14"},"geometry":{"type":"LineString","coordinates":[[-72.945408,4.418305],[-72.945265,4.418356],[-72.945041,4.418566],[-72.942781,4.41986]]}},{"type":"Feature","properties":{"TIPO":"Balastrada","CODIGO":"Interna","NDESCRIPCI":"Bloque 332","ZONA":"4","BLOQUE":"332","COD_BP":"B.332-P.9"},"geometry":{"type":"LineString","coordinates":[[-72.946754,4.421145],[-72.946622,4.421202],[-72.944517,4.421198]]}},{"type":"Feature","properties":{"TIPO":"Balastrada","CODIGO":"Interna","NDESCRIPCI":"Bloque 332","ZONA":"4","BLOQUE":"332","COD_BP":"B.332-P.9"},"geometry":{"type":"LineString","coordinates":[[-72.948427,4.424741],[-72.94835,4.424778],[-72.94828,4.424799],[-72.945137,4.424794]]}},{"type":"Feature","properties":{"TIPO":"Balastrada","CODIGO":"Interna","NDESCRIPCI":"Bloque 332","ZONA":"4","BLOQUE":"332","COD_BP":"B.332-P.9"},"geometry":{"type":"LineString","coordinates":[[-72.949219,4.426478],[-72.949204,4.426486],[-72.949131,4.426527],[-72.948847,4.426697],[-72.94868,4.426798],[-72.94632,4.428148]]}},{"type":"Feature","properties":{"TIPO":"Balastrada","CODIGO":"Interna","NDESCRIPCI":"Bloque 332","ZONA":"4","BLOQUE":"332","COD_BP":"B.332-P.8"},"geometry":{"type":"LineString","coordinates":[[-72.950188,4.428498],[-72.95007,4.428506],[-72.947427,4.428525]]}},{"type":"Feature","properties":{"TIPO":"Balastrada","CODIGO":"Interna","NDESCRIPCI":"Bloque 332","ZONA":"4","BLOQUE":"332","COD_BP":"B.332-P.8"},"geometry":{"type":"LineString","coordinates":[[-72.950188,4.428498],[-72.95034,4.428499],[-72.951524,4.428501]]}},{"type":"Feature","properties":{"TIPO":"Balastrada","CODIGO":"Interna","NDESCRIPCI":"Bloque 332","ZONA":"4","BLOQUE":"332","COD_BP":"B.332-P.10"},"geometry":{"type":"LineString","coordinates":[[-72.949957,4.424766],[-72.950029,4.424768],[-72.955176,4.424789]]}},{"type":"Feature","properties":{"TIPO":"Balastrada","CODIGO":"Interna","NDESCRIPCI":"Bloque 9","ZONA":"2","BLOQUE":"9","COD_BP":"B.9-P.1"},"geometry":{"type":"LineString","coordinates":[[-72.971194,4.452754],[-72.9677,4.45499],[-72.967609,4.455048]]}},{"type":"Feature","properties":{"TIPO":"Balastrada","CODIGO":"Interna","NDESCRIPCI":"Bloque 9","ZONA":"2","BLOQUE":"9","COD_BP":"B.9-P.2"},"geometry":{"type":"LineString","coordinates":[[-72.965826,4.452682],[-72.96612,4.459466]]}},{"type":"Feature","properties":{"TIPO":"Balastrada","CODIGO":"Interna","NDESCRIPCI":"Bloque 332","ZONA":"4","BLOQUE":"332","COD_BP":"B.332-P.15"},"geometry":{"type":"LineString","coordinates":[[-72.957101,4.443415],[-72.955624,4.442555]]}},{"type":"Feature","properties":{"TIPO":"Balastrada","CODIGO":"Interna","NDESCRIPCI":"Bloque 339","ZONA":"7","BLOQUE":"339","COD_BP":"B.339-P.3"},"geometry":{"type":"LineString","coordinates":[[-73.062813,4.396384],[-73.062813,4.396021],[-73.06282,4.390861]]}},{"type":"Feature","properties":{"TIPO":"Proyectada","ZONA":"0","BLOQUE":"0"},"geometry":{"type":"LineString","coordinates":[[-72.974058,4.465365],[-72.97429,4.465264],[-72.974457,4.465264],[-72.975606,4.465924]]}},{"type":"Feature","properties":{"TIPO":"Balastrada","CODIGO":"Interna","NDESCRIPCI":"Bloque 330","ZONA":"6","BLOQUE":"330","COD_BP":"B.330-P.4"},"geometry":{"type":"LineString","coordinates":[[-72.895995,4.381841],[-72.895985,4.381801],[-72.895979,4.381759],[-72.895993,4.381379],[-72.895999,4.381192],[-72.896004,4.38098],[-72.896023,4.380698],[-72.896034,4.380611],[-72.896065,4.380506],[-72.896105,4.38039],[-72.896184,4.380124],[-72.896205,4.380068],[-72.896234,4.380029],[-72.896379,4.379929],[-72.896761,4.379651]]}},{"type":"Feature","properties":{"TIPO":"Balastrada","CODIGO":"Interna","ZONA":"4","BLOQUE":"337","COD_BP":"B.337-P.12"},"geometry":{"type":"LineString","coordinates":[[-72.944066,4.413194],[-72.944231,4.413106],[-72.944546,4.412919],[-72.944734,4.412801],[-72.944921,4.412692],[-72.945191,4.412539],[-72.945397,4.412421],[-72.945557,4.412327],[-72.945923,4.412119],[-72.946234,4.411936],[-72.94662,4.411728]]}},{"type":"Feature","properties":{"TIPO":"Balastrada","CODIGO":"Interna","NDESCRIPCI":"Bloque 337","ZONA":"4","BLOQUE":"337","COD_BP":"B.337-P.2"},"geometry":{"type":"LineString","coordinates":[[-72.940252,4.404825],[-72.940143,4.404825],[-72.939871,4.404825],[-72.939516,4.404805],[-72.938941,4.404809],[-72.938574,4.404799],[-72.938398,4.404779],[-72.938281,4.404805],[-72.937849,4.40504]]}},{"type":"Feature","properties":{"TIPO":"Balastrada","CODIGO":"Interna","NDESCRIPCI":"Bloque 339","ZONA":"7","BLOQUE":"339","COD_BP":"B.339-P.4"},"geometry":{"type":"LineString","coordinates":[[-73.059231,4.391229],[-73.059226,4.395018]]}},{"type":"Feature","properties":{"TIPO":"Balastrada","CODIGO":"Interna","NDESCRIPCI":"Bloque 339","ZONA":"7","BLOQUE":"339","COD_BP":"B.339-P.5"},"geometry":{"type":"LineString","coordinates":[[-73.056194,4.390088],[-73.05619,4.392939]]}},{"type":"Feature","properties":{"TIPO":"Proyectada","CODIGO":"Interna","NDESCRIPCI":"Bloque 339","ZONA":"7","BLOQUE":"339","COD_BP":"B.339-P.6"},"geometry":{"type":"LineString","coordinates":[[-73.05292,4.388926],[-73.052918,4.39069]]}},{"type":"Feature","properties":{"TIPO":"Proyectada","CODIGO":"Interna","NDESCRIPCI":"Bloque 339","ZONA":"7","BLOQUE":"339","COD_BP":"B.339-P.1"},"geometry":{"type":"LineString","coordinates":[[-73.069482,4.394648],[-73.072185,4.393945],[-73.072407,4.393827],[-73.07264,4.393759],[-73.072709,4.393723],[-73.072749,4.393683],[-73.072752,4.393629],[-73.07274,4.393365],[-73.072695,4.393219],[-73.072634,4.393089],[-73.072595,4.393022],[-73.072586,4.392867],[-73.072487,4.3925],[-73.072367,4.392066],[-73.072051,4.390904],[-73.071937,4.390513],[-73.071862,4.390297],[-73.071817,4.390191],[-73.071699,4.390115],[-73.071575,4.39007],[-73.071357,4.390045],[-73.07082,4.390002],[-73.0703,4.389968],[-73.069928,4.389946],[-73.069517,4.389921],[-73.068865,4.389863],[-73.068161,4.389816],[-73.067714,4.389788]]}},{"type":"Feature","properties":{"TIPO":"Proyectada","CODIGO":"Interna","NDESCRIPCI":"Bloque 339","ZONA":"7","BLOQUE":"339","COD_BP":"B.339-P.12"},"geometry":{"type":"LineString","coordinates":[[-73.036388,4.396124],[-73.037185,4.395937],[-73.037764,4.395808],[-73.038259,4.395698],[-73.038602,4.39562],[-73.038898,4.395554],[-73.038783,4.395079]]}},{"type":"Feature","properties":{"TIPO":"Balastrada","CODIGO":"Interna","NDESCRIPCI":"Bloque 329","ZONA":"6","BLOQUE":"329","COD_BP":"B.329-P.11"},"geometry":{"type":"LineString","coordinates":[[-72.912527,4.378169],[-72.914895,4.378169],[-72.914927,4.378188]]}},{"type":"Feature","properties":{"TIPO":"Balastrada","CODIGO":"Interna","NDESCRIPCI":"Bloque 340","ZONA":"8","BLOQUE":"340","COD_BP":"B.340-P.28"},"geometry":{"type":"LineString","coordinates":[[-72.989974,4.405348],[-72.989884,4.405515],[-72.989094,4.406915],[-72.988507,4.407961],[-72.988101,4.408657],[-72.988004,4.408683],[-72.987965,4.40869]]}},{"type":"Feature","properties":{"TIPO":"Balastrada","CODIGO":"Interna","NDESCRIPCI":"Costa Rica","ZONA":"7","BLOQUE":"339","COD_BP":"B.339-P.20"},"geometry":{"type":"LineString","coordinates":[[-73.046137,4.390728],[-73.04563,4.390819],[-73.044564,4.391008],[-73.043141,4.391275],[-73.042572,4.391386]]}},{"type":"Feature","properties":{"TIPO":"Balastrada","CODIGO":"Interna","NDESCRIPCI":"Bloque 339","ZONA":"7","BLOQUE":"339","COD_BP":"B.339-P.22"},"geometry":{"type":"LineString","coordinates":[[-73.048005,4.386558],[-73.048004,4.387206],[-73.048003,4.387978]]}},{"type":"Feature","properties":{"TIPO":"Balastrada","CODIGO":"Interna","NDESCRIPCI":"Bloque 31","ZONA":"7","BLOQUE":"31","COD_BP":"B.31-P.8"},"geometry":{"type":"LineString","coordinates":[[-73.053874,4.411824],[-73.055549,4.4128]]}},{"type":"Feature","properties":{"TIPO":"Balastrada","CODIGO":"Interna","NDESCRIPCI":"Bloque 31","ZONA":"7","BLOQUE":"31","COD_BP":"B.31-P.16"},"geometry":{"type":"LineString","coordinates":[[-73.095133,4.418261],[-73.093432,4.417249]]}},{"type":"Feature","properties":{"TIPO":"Balastrada","CODIGO":"Interna","NDESCRIPCI":"Bloque 31","ZONA":"7","BLOQUE":"31","COD_BP":"B.31-P.20"},"geometry":{"type":"LineString","coordinates":[[-73.086853,4.413489],[-73.08527,4.412551],[-73.085035,4.412368],[-73.084337,4.411954]]}},{"type":"Feature","properties":{"TIPO":"Balastrada","CODIGO":"Interna","NDESCRIPCI":"Bloque 31","ZONA":"7","BLOQUE":"31","COD_BP":"B.31-P.18"},"geometry":{"type":"LineString","coordinates":[[-73.090256,4.415317],[-73.090199,4.415267],[-73.088611,4.414322]]}},{"type":"Feature","properties":{"TIPO":"Balastrada","CODIGO":"Interna","NDESCRIPCI":"Bloque 31","ZONA":"7","BLOQUE":"31","COD_BP":"B.31-P.22"},"geometry":{"type":"LineString","coordinates":[[-73.089359,4.413039],[-73.088611,4.414322]]}},{"type":"Feature","properties":{"TIPO":"Balastrada","CODIGO":"Interna","NDESCRIPCI":"Bloque 31","ZONA":"7","BLOQUE":"31","COD_BP":"B.31-P.22"},"geometry":{"type":"LineString","coordinates":[[-73.088611,4.414322],[-73.088583,4.414369],[-73.088521,4.414476]]}},{"type":"Feature","properties":{"TIPO":"Balastrada","CODIGO":"Interna","NDESCRIPCI":"Bloque 31","ZONA":"7","BLOQUE":"31","COD_BP":"B.31-P.22"},"geometry":{"type":"LineString","coordinates":[[-73.081418,4.408323],[-73.087251,4.411792],[-73.089359,4.413039]]}},{"type":"Feature","properties":{"TIPO":"Balastrada","CODIGO":"Interna","NDESCRIPCI":"Bloque 31","ZONA":"7","BLOQUE":"31","COD_BP":"B.31-P.20"},"geometry":{"type":"LineString","coordinates":[[-73.083462,4.411434],[-73.080548,4.416463]]}},{"type":"Feature","properties":{"TIPO":"Balastrada","CODIGO":"Interna","NDESCRIPCI":"Bloque 31","ZONA":"7","BLOQUE":"31","COD_BP":"B.31-P.19"},"geometry":{"type":"LineString","coordinates":[[-73.083041,4.416058],[-73.080005,4.421247]]}},{"type":"Feature","properties":{"TIPO":"Balastrada","CODIGO":"Interna","ZONA":"11","BLOQUE":"5","COD_BP":"B.5-P.135"},"geometry":{"type":"LineString","coordinates":[[-72.962508,4.508386],[-72.962926,4.511656]]}},{"type":"Feature","properties":{"TIPO":"Pavimentada","CODIGO":"Externa","NDESCRIPCI":"HIJOA - CABUYARO","ZONA":"0","BLOQUE":"0","COD_BP":"B.-P.0"},"geometry":{"type":"LineString","coordinates":[[-72.906758,4.36399],[-72.906011,4.363051],[-72.904596,4.361259],[-72.904112,4.360629],[-72.903516,4.35988],[-72.90311,4.359358],[-72.90294,4.359153],[-72.90269,4.358837],[-72.902506,4.358606],[-72.901926,4.357838],[-72.901313,4.357077],[-72.901008,4.356693],[-72.900402,4.35595],[-72.899749,4.355151],[-72.898532,4.353655],[-72.897235,4.352121],[-72.896066,4.350702],[-72.896019,4.350642]]}},{"type":"Feature","properties":{"TIPO":"Pavimentada","CODIGO":"Externa","NDESCRIPCI":"HIJOA - CABUYARO","ZONA":"0","BLOQUE":"0","COD_BP":"B.-P.0"},"geometry":{"type":"LineString","coordinates":[[-72.896019,4.350642],[-72.896018,4.350642]]}},{"type":"Feature","properties":{"TIPO":"Pavimentada","CODIGO":"Externa","NDESCRIPCI":"HIJOA - CABUYARO","ZONA":"0","BLOQUE":"0","COD_BP":"B.-P.0"},"geometry":{"type":"LineString","coordinates":[[-72.896019,4.350642],[-72.895425,4.349951],[-72.895008,4.349426],[-72.894233,4.348492],[-72.893305,4.347447],[-72.892534,4.346574],[-72.8917,4.345579],[-72.888298,4.341684],[-72.885222,4.338366],[-72.883179,4.336213],[-72.878426,4.331006],[-72.877767,4.330222],[-72.876707,4.328565],[-72.87467,4.325202],[-72.873003,4.322273],[-72.871257,4.318689],[-72.867915,4.312046],[-72.86521,4.306694],[-72.862225,4.300504],[-72.860514,4.29698],[-72.85594,4.297336],[-72.851139,4.2979],[-72.850917,4.2979],[-72.849391,4.297508],[-72.842719,4.295506],[-72.840578,4.294942],[-72.836032,4.292389],[-72.831934,4.28997],[-72.831694,4.289885],[-72.831283,4.289884],[-72.827578,4.290771],[-72.821673,4.292104],[-72.821467,4.292121],[-72.821107,4.29207],[-72.81783,4.291778],[-72.812364,4.291059],[-72.812175,4.291059],[-72.811935,4.291127],[-72.80895,4.292443],[-72.808608,4.29246],[-72.808333,4.292409],[-72.806343,4.291038],[-72.801254,4.287683],[-72.801028,4.2877],[-72.795842,4.28823],[-72.795403,4.288178],[-72.795077,4.287955],[-72.794177,4.286771],[-72.793218,4.285641]]}},{"type":"Feature","properties":{"TIPO":"Pavimentada","CODIGO":"Externa","NDESCRIPCI":"CASINO BRISAS - HIJOA","ZONA":"0","BLOQUE":"0","COD_BP":"B.-P.0"},"geometry":{"type":"LineString","coordinates":[[-72.917166,4.38198],[-72.916589,4.380934],[-72.915515,4.378828],[-72.914777,4.377446],[-72.913491,4.374971],[-72.911782,4.371682],[-72.911404,4.370759],[-72.911318,4.370577],[-72.911,4.369763],[-72.910694,4.369146],[-72.910356,4.368488],[-72.910133,4.368027],[-72.909905,4.367563],[-72.909804,4.367354],[-72.909685,4.367105],[-72.909593,4.366956],[-72.90953,4.36686],[-72.909407,4.366748]]}},{"type":"Feature","properties":{"TIPO":"Balastrada","CODIGO":"Interna","NDESCRIPCI":"Bloque 330","ZONA":"6","BLOQUE":"330","COD_BP":"B.330-P.6"},"geometry":{"type":"LineString","coordinates":[[-72.901052,4.370708],[-72.901143,4.370707],[-72.9027,4.37071]]}},{"type":"Feature","properties":{"TIPO":"Balastrada","CODIGO":"Interna","NDESCRIPCI":"Bloque 334","ZONA":"6","BLOQUE":"334","COD_BP":"B.334-P.11"},"geometry":{"type":"LineString","coordinates":[[-72.901321,4.361758],[-72.900436,4.361757],[-72.896129,4.36175],[-72.896071,4.36175],[-72.896012,4.361764],[-72.895051,4.362311]]}},{"type":"Feature","properties":{"TIPO":"Balastrada","CODIGO":"Interna","NDESCRIPCI":"Bloque 334","ZONA":"6","BLOQUE":"334","COD_BP":"B.334-P.7"},"geometry":{"type":"LineString","coordinates":[[-72.895051,4.362311],[-72.89503,4.362327],[-72.895028,4.362366],[-72.895034,4.362421],[-72.895117,4.363547],[-72.895148,4.363974]]}},{"type":"Feature","properties":{"TIPO":"Balastrada","CODIGO":"Interna","NDESCRIPCI":"Bloque 334","ZONA":"6","BLOQUE":"334","COD_BP":"B.334-P.7"},"geometry":{"type":"LineString","coordinates":[[-72.895148,4.363974],[-72.895213,4.364872],[-72.895287,4.366106],[-72.895296,4.366227]]}},{"type":"Feature","properties":{"TIPO":"Balastrada","CODIGO":"Interna","NDESCRIPCI":"Bloque 334","ZONA":"6","BLOQUE":"334","COD_BP":"B.334-P.6"},"geometry":{"type":"LineString","coordinates":[[-72.895296,4.366227],[-72.895324,4.366624],[-72.895482,4.368441],[-72.895486,4.3685]]}},{"type":"Feature","properties":{"TIPO":"Balastrada","CODIGO":"Interna","NDESCRIPCI":"Bloque 334","ZONA":"6","BLOQUE":"334","COD_BP":"B.334-P.6"},"geometry":{"type":"LineString","coordinates":[[-72.895486,4.3685],[-72.895658,4.370674]]}},{"type":"Feature","properties":{"TIPO":"Balastrada","CODIGO":"Interna","NDESCRIPCI":"Bloque 334","ZONA":"6","BLOQUE":"334","COD_BP":"B.334-P.5"},"geometry":{"type":"LineString","coordinates":[[-72.895542,4.37293],[-72.895539,4.372955],[-72.895461,4.373725],[-72.895397,4.374248],[-72.895298,4.37515]]}},{"type":"Feature","properties":{"TIPO":"Balastrada","CODIGO":"Interna","NDESCRIPCI":"Bloque 334","ZONA":"6","BLOQUE":"334","COD_BP":"B.334-P.4"},"geometry":{"type":"LineString","coordinates":[[-72.895043,4.377501],[-72.895032,4.377603],[-72.894905,4.378815],[-72.89481,4.379617]]}},{"type":"Feature","properties":{"TIPO":"Balastrada","CODIGO":"Interna","NDESCRIPCI":"Bloque 334","ZONA":"6","BLOQUE":"334","COD_BP":"B.334-P.3"},"geometry":{"type":"LineString","coordinates":[[-72.894573,4.38184],[-72.894501,4.382673],[-72.894417,4.383345],[-72.894366,4.383915],[-72.894393,4.383988]]}},{"type":"Feature","properties":{"TIPO":"Balastrada","CODIGO":"Interna","NDESCRIPCI":"Bloque 334","ZONA":"6","BLOQUE":"334","COD_BP":"B.334-P.10"},"geometry":{"type":"LineString","coordinates":[[-72.900748,4.366179],[-72.900776,4.366205],[-72.9008,4.366222],[-72.900843,4.366233],[-72.903437,4.366237]]}},{"type":"Feature","properties":{"TIPO":"Balastrada","CODIGO":"Interna","NDESCRIPCI":"Bloque 334","ZONA":"6","BLOQUE":"334","COD_BP":"B.334-P.9"},"geometry":{"type":"LineString","coordinates":[[-72.897803,4.370704],[-72.897195,4.370703],[-72.896365,4.370702]]}},{"type":"Feature","properties":{"TIPO":"Balastrada","CODIGO":"Interna","NDESCRIPCI":"Bloque 330","ZONA":"6","BLOQUE":"330","COD_BP":"B.330-P.5"},"geometry":{"type":"LineString","coordinates":[[-72.906468,4.375185],[-72.906665,4.375071],[-72.907789,4.374421],[-72.908985,4.373733],[-72.90956,4.373399]]}},{"type":"Feature","properties":{"TIPO":"Balastrada","CODIGO":"Interna","NDESCRIPCI":"Bloque 330","ZONA":"6","BLOQUE":"330","COD_BP":"B.330-P.5"},"geometry":{"type":"LineString","coordinates":[[-72.900552,4.376019],[-72.90069,4.375957],[-72.90075,4.375928],[-72.900803,4.375894],[-72.900851,4.375854],[-72.901316,4.375462],[-72.901557,4.375255],[-72.901647,4.375183]]}},{"type":"Feature","properties":{"TIPO":"Balastrada","CODIGO":"Interna","NDESCRIPCI":"Bloque 330","ZONA":"6","BLOQUE":"330","COD_BP":"B.330-P.5"},"geometry":{"type":"LineString","coordinates":[[-72.898497,4.377413],[-72.898538,4.377273],[-72.898556,4.377215],[-72.898588,4.377144],[-72.898606,4.377109],[-72.898614,4.377075],[-72.898612,4.376965],[-72.898615,4.376924],[-72.898632,4.376887],[-72.899068,4.376667],[-72.899637,4.376425],[-72.900552,4.376019]]}},{"type":"Feature","properties":{"TIPO":"Balastrada","CODIGO":"Interna","NDESCRIPCI":"Bloque 330","ZONA":"6","BLOQUE":"330","COD_BP":"B.330-P.2"},"geometry":{"type":"LineString","coordinates":[[-72.896552,4.384086],[-72.896551,4.384073],[-72.896538,4.383954],[-72.896533,4.383902],[-72.896517,4.383849],[-72.896428,4.383614],[-72.896402,4.38354],[-72.896386,4.383461],[-72.896381,4.383395],[-72.896374,4.383212],[-72.89638,4.382854],[-72.896374,4.382785],[-72.896361,4.38273],[-72.89634,4.382677],[-72.896126,4.382162],[-72.896061,4.382009],[-72.896011,4.381891],[-72.895995,4.381841]]}},{"type":"Feature","properties":{"TIPO":"Balastrada","CODIGO":"Interna","NDESCRIPCI":"Bloque 330","ZONA":"6","BLOQUE":"330","COD_BP":"B.330-P.2"},"geometry":{"type":"LineString","coordinates":[[-72.896627,4.384854],[-72.896552,4.384086]]}},{"type":"Feature","properties":{"TIPO":"Balastrada","CODIGO":"Interna","NDESCRIPCI":"Bloque 329","ZONA":"6","BLOQUE":"329","COD_BP":"B.329-P.11"},"geometry":{"type":"LineString","coordinates":[[-72.917166,4.38198],[-72.917024,4.382049],[-72.916884,4.382126],[-72.916717,4.382241],[-72.916594,4.382312],[-72.916534,4.382329],[-72.916481,4.382322],[-72.916405,4.382312],[-72.916397,4.382312],[-72.916258,4.382306],[-72.916146,4.382297],[-72.916028,4.382287],[-72.915964,4.382289],[-72.915904,4.382304],[-72.915859,4.382323],[-72.915779,4.38236],[-72.915683,4.38242],[-72.915595,4.382474],[-72.915549,4.382499],[-72.915547,4.382499],[-72.9155,4.382525],[-72.915427,4.382555],[-72.915355,4.382582],[-72.915257,4.382623],[-72.915193,4.382662],[-72.915144,4.382706],[-72.915091,4.382788],[-72.915048,4.38285],[-72.915008,4.382899],[-72.914971,4.382949],[-72.914958,4.382991],[-72.914943,4.383046],[-72.91494,4.38307]]}},{"type":"Feature","properties":{"TIPO":"Balastrada","CODIGO":"Interna","ZONA":"4","BLOQUE":"30","COD_BP":"B.30-P.1"},"geometry":{"type":"LineString","coordinates":[[-72.969493,4.416945],[-72.970926,4.417794],[-72.970998,4.417822],[-72.971081,4.417844],[-72.971165,4.417833],[-72.971248,4.417822],[-72.971352,4.417812]]}},{"type":"Feature","properties":{"TIPO":"Balastrada","CODIGO":"Interna","ZONA":"4","BLOQUE":"91","COD_BP":"B.91-P.116"},"geometry":{"type":"LineString","coordinates":[[-72.971328,4.417935],[-72.971369,4.417961],[-72.971403,4.417984],[-72.971429,4.418013],[-72.971444,4.418036],[-72.971457,4.41808],[-72.971494,4.418121],[-72.971551,4.418172],[-72.97195,4.418405],[-72.972045,4.418462]]}},{"type":"Feature","properties":{"TIPO":"Balastrada","CODIGO":"Interna","NDESCRIPCI":"Bloque 31","ZONA":"7","BLOQUE":"31","COD_BP":"B.31-P.21"},"geometry":{"type":"LineString","coordinates":[[-73.07676,4.410286],[-73.076628,4.410588],[-73.076248,4.41136],[-73.076113,4.411562],[-73.075578,4.411846],[-73.075226,4.412238],[-73.075069,4.41249],[-73.074913,4.41284],[-73.074397,4.414086],[-73.0743,4.414343]]}},{"type":"Feature","properties":{"TIPO":"Balastrada","CODIGO":"Interna","NDESCRIPCI":"Bloque 31","ZONA":"7","BLOQUE":"31","COD_BP":"B.31-P.11"},"geometry":{"type":"LineString","coordinates":[[-73.076428,4.419137],[-73.078337,4.420263]]}},{"type":"Feature","properties":{"TIPO":"Balastrada","CODIGO":"Interna","NDESCRIPCI":"Bloque 31","ZONA":"7","BLOQUE":"31","COD_BP":"B.31-P.10"},"geometry":{"type":"LineString","coordinates":[[-73.076257,4.420938],[-73.069393,4.424847],[-73.069288,4.424907]]}},{"type":"Feature","properties":{"TIPO":"Balastrada","CODIGO":"Interna","ZONA":"1","BLOQUE":"2","COD_BP":"B.2-P.6"},"geometry":{"type":"LineString","coordinates":[[-72.96722,4.499626],[-72.967068,4.499783],[-72.966908,4.50019],[-72.966699,4.500768]]}},{"type":"Feature","properties":{"TIPO":"Balastrada","CODIGO":"Interna","NDESCRIPCI":"Bloque 337","ZONA":"4","BLOQUE":"337","COD_BP":"B.337-P.14"},"geometry":{"type":"LineString","coordinates":[[-72.944616,4.416601],[-72.944746,4.416865],[-72.944943,4.417302],[-72.945041,4.41752],[-72.945116,4.417698],[-72.945271,4.418024],[-72.945408,4.418305],[-72.945592,4.418665],[-72.94573,4.418971],[-72.945868,4.419279],[-72.94597,4.41949],[-72.946041,4.419642],[-72.946237,4.420035]]}},{"type":"Feature","properties":{"TIPO":"Balastrada","CODIGO":"Interna","NDESCRIPCI":"Bloque 90","ZONA":"2","BLOQUE":"90","COD_BP":"B.90-P.506"},"geometry":{"type":"LineString","coordinates":[[-72.965979,4.475767],[-72.96461,4.476275],[-72.962997,4.476887],[-72.962165,4.477211]]}},{"type":"Feature","properties":{"TIPO":"Balastrada","CODIGO":"Externa","NDESCRIPCI":"<![CDATA[<Null>]]>","ZONA":"0","BLOQUE":"0","COD_BP":"B.-P."},"geometry":{"type":"LineString","coordinates":[[-72.937477,4.410393],[-72.937469,4.410446],[-72.937442,4.410498],[-72.937389,4.410568],[-72.936626,4.411024],[-72.93554,4.411652],[-72.934652,4.412166],[-72.934341,4.412332],[-72.933876,4.412613]]}},{"type":"Feature","properties":{"TIPO":"Balastrada","CODIGO":"Interna","NDESCRIPCI":"Bloque 337","ZONA":"4","BLOQUE":"337","COD_BP":"B.337-P.2"},"geometry":{"type":"LineString","coordinates":[[-72.937857,4.400493],[-72.937844,4.404967],[-72.937849,4.40504]]}},{"type":"Feature","properties":{"TIPO":"Balastrada","CODIGO":"Interna","NDESCRIPCI":"Bloque 337","ZONA":"4","BLOQUE":"337","COD_BP":"B.337-P.2"},"geometry":{"type":"LineString","coordinates":[[-72.937598,4.406398],[-72.937476,4.406483],[-72.93736,4.406591],[-72.93725,4.406718],[-72.937157,4.40685],[-72.937091,4.406984],[-72.937032,4.407139],[-72.93701,4.407281],[-72.936988,4.407522],[-72.937007,4.407769],[-72.937124,4.408353],[-72.937283,4.409185],[-72.937445,4.410017],[-72.937475,4.410184],[-72.937477,4.410393]]}},{"type":"Feature","properties":{"TIPO":"Balastrada","CODIGO":"Interna","ZONA":"4","BLOQUE":"337","COD_BP":"B.337-P.16"},"geometry":{"type":"LineString","coordinates":[[-72.956898,4.406083],[-72.956857,4.406082],[-72.956574,4.406239],[-72.956288,4.4064],[-72.956085,4.406512],[-72.955881,4.406624],[-72.955647,4.406757],[-72.955408,4.4069],[-72.955229,4.406998],[-72.955048,4.407101],[-72.954843,4.40722],[-72.954671,4.407313],[-72.954378,4.407482],[-72.954066,4.407655],[-72.953655,4.407895],[-72.953422,4.408029]]}},{"type":"Feature","properties":{"TIPO":"Balastrada","CODIGO":"Interna","NDESCRIPCI":"Bloque 337","ZONA":"4","BLOQUE":"337","COD_BP":"B.337-P.5"},"geometry":{"type":"LineString","coordinates":[[-72.963138,4.409909],[-72.963077,4.409865],[-72.96302,4.409834],[-72.962963,4.409806],[-72.962911,4.409781],[-72.962812,4.409744],[-72.962687,4.409689],[-72.962496,4.409604],[-72.962252,4.409493],[-72.961955,4.409362],[-72.961601,4.409205],[-72.961257,4.409043],[-72.961126,4.408986],[-72.960991,4.408924],[-72.960753,4.408815],[-72.960484,4.408692],[-72.960151,4.408544],[-72.959777,4.408375],[-72.959455,4.408231],[-72.959105,4.408077],[-72.958849,4.407968],[-72.95847,4.407797],[-72.95823,4.407688],[-72.957984,4.407567],[-72.957862,4.407511],[-72.95775,4.407461],[-72.95763,4.407388],[-72.957563,4.40734],[-72.9575,4.407287],[-72.957453,4.407235],[-72.957405,4.407191],[-72.957362,4.40711],[-72.957335,4.407055],[-72.957308,4.406994],[-72.957282,4.406936],[-72.957238,4.406842],[-72.957206,4.406744],[-72.957164,4.406636],[-72.9571,4.406468],[-72.957046,4.406329],[-72.957004,4.406241],[-72.956969,4.406159],[-72.956924,4.406096],[-72.956898,4.406083]]}},{"type":"Feature","properties":{"TIPO":"Balastrada","CODIGO":"Interna","NDESCRIPCI":"Costa Rica","ZONA":"7","BLOQUE":"339","COD_BP":"B.339-P.21"},"geometry":{"type":"LineString","coordinates":[[-73.051533,4.389745],[-73.051487,4.389732],[-73.051373,4.389758],[-73.051171,4.389806],[-73.050713,4.389912],[-73.049696,4.390096],[-73.04845,4.390317]]}},{"type":"Feature","properties":{"TIPO":"Balastrada","CODIGO":"Interna","NDESCRIPCI":"Bloque 337","ZONA":"4","BLOQUE":"337","COD_BP":"B.337-P.16"},"geometry":{"type":"LineString","coordinates":[[-72.95073,4.40379],[-72.955647,4.406757]]}},{"type":"Feature","properties":{"TIPO":"Balastrada","CODIGO":"Interna","NDESCRIPCI":"Bloque 337","ZONA":"4","BLOQUE":"337","COD_BP":"B.337-P.15"},"geometry":{"type":"LineString","coordinates":[[-72.952099,4.408761],[-72.948417,4.406542],[-72.948476,4.401703]]}},{"type":"Feature","properties":{"TIPO":"Balastrada","CODIGO":"Interna","NDESCRIPCI":"Bloque 337","ZONA":"4","BLOQUE":"337","COD_BP":"B.337-P.12"},"geometry":{"type":"LineString","coordinates":[[-72.94662,4.411728],[-72.946814,4.411858],[-72.949662,4.413508]]}},{"type":"Feature","properties":{"TIPO":"Balastrada","CODIGO":"Interna","NDESCRIPCI":"Bloque 337","ZONA":"4","BLOQUE":"337","COD_BP":"B.337-P.11"},"geometry":{"type":"LineString","coordinates":[[-72.948444,4.410653],[-72.948248,4.410529],[-72.944173,4.408178]]}},{"type":"Feature","properties":{"TIPO":"Balastrada","CODIGO":"Interna","NDESCRIPCI":"Bloque 337","ZONA":"4","BLOQUE":"337","COD_BP":"B.337-P.17"},"geometry":{"type":"LineString","coordinates":[[-72.940025,4.398867],[-72.939972,4.395246],[-72.939965,4.393742]]}},{"type":"Feature","properties":{"TIPO":"Pavimentada","CODIGO":"Externa","NDESCRIPCI":"CONTROL 1 - ENTRADA BOCATOMA 3","ZONA":"0","BLOQUE":"0","COD_BP":"B.-P.0"},"geometry":{"type":"LineString","coordinates":[[-72.950474,4.502293],[-72.950634,4.501355],[-72.950708,4.500474],[-72.95099,4.4983],[-72.951077,4.497751],[-72.951124,4.497374],[-72.951149,4.497109],[-72.951157,4.496951],[-72.951164,4.496739],[-72.951168,4.496556],[-72.951179,4.496302],[-72.951182,4.495648],[-72.951214,4.494012],[-72.951216,4.492426],[-72.951268,4.491002],[-72.951285,4.489301],[-72.951317,4.487309],[-72.951352,4.48521],[-72.951376,4.483366],[-72.951385,4.482716],[-72.951411,4.481845],[-72.95141,4.481389]]}},{"type":"Feature","properties":{"TIPO":"Balastrada","CODIGO":"Interna","NDESCRIPCI":"Bloque 13","ZONA":"3","BLOQUE":"12","COD_BP":"B.12-P.1"},"geometry":{"type":"LineString","coordinates":[[-72.988253,4.445393],[-72.988243,4.445379],[-72.988159,4.445302],[-72.988084,4.445252],[-72.988018,4.445228],[-72.987867,4.44519],[-72.987663,4.445154],[-72.987383,4.445103],[-72.987177,4.445075],[-72.987011,4.445038],[-72.986859,4.445019]]}},{"type":"Feature","properties":{"TIPO":"Balastrada","CODIGO":"Interna","NDESCRIPCI":"Bloque 339","ZONA":"7","BLOQUE":"339","COD_BP":"B.339-P.13"},"geometry":{"type":"LineString","coordinates":[[-73.036311,4.395656],[-73.036246,4.395668],[-73.035949,4.395722],[-73.035251,4.395892],[-73.03413,4.396133],[-73.033424,4.396295],[-73.033141,4.396382],[-73.032653,4.396499],[-73.032172,4.39662],[-73.031952,4.396667],[-73.031889,4.396667],[-73.031393,4.396777],[-73.031212,4.396892],[-73.031073,4.396929],[-73.030815,4.396942],[-73.030737,4.396931],[-73.03071,4.396931],[-73.030535,4.39696],[-73.03044,4.396933],[-73.030165,4.396767],[-73.030052,4.396751],[-73.029764,4.396661],[-73.029551,4.396624],[-73.028502,4.396575],[-73.028418,4.396557],[-73.028371,4.396559],[-73.028284,4.396538],[-73.028082,4.396498],[-73.027128,4.395939],[-73.026992,4.395783],[-73.02685,4.395614],[-73.02678,4.395501],[-73.026677,4.395364],[-73.026539,4.395195],[-73.026471,4.395079],[-73.026402,4.394958],[-73.026298,4.394805],[-73.026217,4.394678],[-73.026133,4.39452],[-73.026083,4.394431],[-73.026015,4.394323],[-73.025874,4.394154],[-73.025798,4.394038],[-73.025599,4.393756],[-73.025418,4.393479],[-73.025268,4.393225],[-73.025268,4.393189]]}},{"type":"Feature","properties":{"TIPO":"Balastrada","CODIGO":"Interna","ZONA":"4","BLOQUE":"91","COD_BP":"B.91-P.116"},"geometry":{"type":"LineString","coordinates":[[-72.972045,4.418462],[-72.974108,4.419653]]}},{"type":"Feature","properties":{"TIPO":"Balastrada","CODIGO":"Interna","NDESCRIPCI":"Bloque 329","ZONA":"6","BLOQUE":"329","COD_BP":"B.329-P.11"},"geometry":{"type":"LineString","coordinates":[[-72.912983,4.378169],[-72.912985,4.374458]]}},{"type":"Feature","properties":{"TIPO":"Balastrada","CODIGO":"Interna","NDESCRIPCI":"Bloque 329","ZONA":"6","BLOQUE":"329","COD_BP":"B.329-P.11"},"geometry":{"type":"LineString","coordinates":[[-72.911807,4.374432],[-72.911846,4.374458],[-72.91307,4.374458],[-72.913077,4.374458],[-72.913085,4.374458]]}},{"type":"Feature","properties":{"TIPO":"Balastrada","CODIGO":"Interna","NDESCRIPCI":"Bloque 329","ZONA":"6","BLOQUE":"329","COD_BP":"B.329-P.11"},"geometry":{"type":"LineString","coordinates":[[-72.912122,4.374458],[-72.912135,4.372845],[-72.912129,4.37267],[-72.912126,4.372626],[-72.912075,4.372533]]}},{"type":"Feature","properties":{"TIPO":"Balastrada","CODIGO":"Interna","NDESCRIPCI":"Bloque 329","ZONA":"6","BLOQUE":"329","COD_BP":"B.329-P.11"},"geometry":{"type":"LineString","coordinates":[[-72.914925,4.378187],[-72.915312,4.378988],[-72.915399,4.37921],[-72.915391,4.380381],[-72.9154,4.380466],[-72.915553,4.380879],[-72.915736,4.381409],[-72.91592,4.3823]]}},{"type":"Feature","properties":{"TIPO":"Balastrada","CODIGO":"Interna","NDESCRIPCI":"Bloque 31","ZONA":"7","BLOQUE":"31","COD_BP":"B.31-P.25"},"geometry":{"type":"LineString","coordinates":[[-73.091562,4.405754],[-73.091853,4.405351],[-73.092081,4.405034],[-73.092529,4.404312]]}},{"type":"Feature","properties":{"TIPO":"Balastrada","CODIGO":"Interna","NDESCRIPCI":"Bloque 31","ZONA":"7","BLOQUE":"31","COD_BP":"B.31-P.12"},"geometry":{"type":"LineString","coordinates":[[-73.079177,4.422663],[-73.076686,4.421192]]}},{"type":"Feature","properties":{"TIPO":"Balastrada","CODIGO":"Interna","NDESCRIPCI":"Bloque 31","ZONA":"7","BLOQUE":"31","COD_BP":"B.31-P.10"},"geometry":{"type":"LineString","coordinates":[[-73.07428,4.419772],[-73.072399,4.418661],[-73.072272,4.418586]]}},{"type":"Feature","properties":{"TIPO":"Balastrada","CODIGO":"Interna","NDESCRIPCI":"Bloque 339","ZONA":"7","BLOQUE":"339","COD_BP":"B.339-P.18"},"geometry":{"type":"LineString","coordinates":[[-73.037193,4.387547],[-73.037186,4.392417]]}},{"type":"Feature","properties":{"TIPO":"Balastrada","CODIGO":"Interna","NDESCRIPCI":"Bloque 339","ZONA":"7","BLOQUE":"339","COD_BP":"B.339-P.17"},"geometry":{"type":"LineString","coordinates":[[-73.033608,4.386934],[-73.0336,4.393081]]}},{"type":"Feature","properties":{"TIPO":"Balastrada","CODIGO":"Interna","NDESCRIPCI":"Bloque 339","ZONA":"7","BLOQUE":"339","COD_BP":"B.339-P.16"},"geometry":{"type":"LineString","coordinates":[[-73.030023,4.386501],[-73.030015,4.392458]]}},{"type":"Feature","properties":{"TIPO":"Balastrada","CODIGO":"Interna","NDESCRIPCI":"Bloque 339","ZONA":"7","BLOQUE":"339","COD_BP":"B.339-P.15"},"geometry":{"type":"LineString","coordinates":[[-73.02772,4.385987],[-73.027718,4.387716],[-73.027234,4.388045],[-73.026407,4.388518],[-73.026404,4.390481]]}},{"type":"Feature","properties":{"TIPO":"Balastrada","CODIGO":"Interna","ZONA":"4","BLOQUE":"332","COD_BP":"B.332-P.8"},"geometry":{"type":"LineString","coordinates":[[-72.952125,4.432407],[-72.951913,4.432473],[-72.951605,4.432577],[-72.951401,4.432644]]}},{"type":"Feature","properties":{"TIPO":"Balastrada","CODIGO":"Interna","ZONA":"4","BLOQUE":"337","COD_BP":"B.337-P.8"},"geometry":{"type":"LineString","coordinates":[[-72.960103,4.41738],[-72.959412,4.418567],[-72.959283,4.418765],[-72.959135,4.418996],[-72.958422,4.419873],[-72.95829,4.420032],[-72.958198,4.420134],[-72.958125,4.420197],[-72.958061,4.420256],[-72.957999,4.420331]]}},{"type":"Feature","properties":{"TIPO":"Balastrada","CODIGO":"Interna","NDESCRIPCI":"Bloque 337","ZONA":"4","BLOQUE":"337","COD_BP":"B.337-P.7"},"geometry":{"type":"LineString","coordinates":[[-72.962581,4.413094],[-72.962844,4.412674],[-72.962959,4.412491],[-72.96312,4.412192],[-72.963292,4.411927],[-72.963374,4.411781],[-72.963423,4.411699],[-72.963454,4.411615],[-72.963477,4.411556],[-72.963496,4.411473],[-72.963515,4.411393],[-72.963521,4.411278],[-72.963525,4.411192],[-72.963529,4.41098],[-72.963532,4.410775],[-72.963532,4.41062],[-72.963536,4.41048],[-72.963553,4.410298],[-72.963553,4.410193],[-72.963521,4.410125],[-72.963481,4.410092],[-72.963441,4.410074],[-72.963403,4.410057],[-72.963361,4.410038],[-72.963315,4.410021],[-72.963262,4.409982],[-72.963138,4.409909]]}},{"type":"Feature","properties":{"TIPO":"Balastrada","CODIGO":"Interna","ZONA":"4","BLOQUE":"337","COD_BP":"B.337-P.15"},"geometry":{"type":"LineString","coordinates":[[-72.953422,4.408029],[-72.953297,4.408096],[-72.953043,4.408239],[-72.952893,4.408318],[-72.952709,4.408425],[-72.952521,4.40853],[-72.952099,4.408761],[-72.9518,4.408936],[-72.951631,4.409026],[-72.951536,4.409074],[-72.951211,4.409217]]}},{"type":"Feature","properties":{"TIPO":"Balastrada","CODIGO":"Interna","ZONA":"4","BLOQUE":"337","COD_BP":"B.337-P.11"},"geometry":{"type":"LineString","coordinates":[[-72.94662,4.411728],[-72.946958,4.411518],[-72.947219,4.411362],[-72.947473,4.411224],[-72.947673,4.411106],[-72.947854,4.411001],[-72.948108,4.410856],[-72.948213,4.410798],[-72.948312,4.410743],[-72.948444,4.410653]]}},{"type":"Feature","properties":{"TIPO":"Balastrada","CODIGO":"Interna","ZONA":"4","BLOQUE":"337","COD_BP":"B.337-P.4"},"geometry":{"type":"LineString","coordinates":[[-72.943255,4.413709],[-72.943402,4.413591],[-72.943572,4.413492],[-72.943742,4.413389],[-72.943901,4.413289],[-72.943971,4.413251],[-72.944066,4.413194]]}},{"type":"Feature","properties":{"TIPO":"Balastrada","CODIGO":"Interna","NDESCRIPCI":"Bloque 337","ZONA":"4","BLOQUE":"337","COD_BP":"B.337-P.13"},"geometry":{"type":"LineString","coordinates":[[-72.943255,4.413709],[-72.943318,4.413856],[-72.943425,4.414069],[-72.943564,4.414354],[-72.943665,4.414577],[-72.943749,4.414756],[-72.943852,4.415019],[-72.943977,4.415248],[-72.94406,4.415437],[-72.944198,4.415735],[-72.944279,4.415911],[-72.944391,4.416135],[-72.944515,4.416396],[-72.944616,4.416601]]}},{"type":"Feature","properties":{"TIPO":"Proyectada","CODIGO":"Interna","NDESCRIPCI":"Bloque 339","ZONA":"7","BLOQUE":"339","COD_BP":"B.339-P.13"},"geometry":{"type":"LineString","coordinates":[[-73.031393,4.396777],[-73.031098,4.397465],[-73.030957,4.397719],[-73.030932,4.397876],[-73.030798,4.398088]]}},{"type":"Feature","properties":{"TIPO":"Balastrada","CODIGO":"Interna","NDESCRIPCI":"Bloque 339","ZONA":"7","BLOQUE":"339","COD_BP":"B.339-P.1"},"geometry":{"type":"LineString","coordinates":[[-73.069483,4.394647],[-73.069484,4.394516],[-73.069488,4.391713],[-73.069488,4.39157]]}},{"type":"Feature","properties":{"TIPO":"Balastrada","CODIGO":"Externa","NDESCRIPCI":"Barranca-San Ignacio","ZONA":"0","BLOQUE":"0","COD_BP":"B.-P.0"},"geometry":{"type":"LineString","coordinates":[[-72.968056,4.573396],[-72.968558,4.574307],[-72.968989,4.57507],[-72.969508,4.575954],[-72.969958,4.576695],[-72.97034,4.577303],[-72.970686,4.577844],[-72.971078,4.578469],[-72.971525,4.579185],[-72.972014,4.579981],[-72.972429,4.58064],[-72.97284,4.58127],[-72.973372,4.582078],[-72.974111,4.583158],[-72.975346,4.58505],[-72.975892,4.585912],[-72.976064,4.586205],[-72.976452,4.587007],[-72.976741,4.587619],[-72.976891,4.587906],[-72.977034,4.588128],[-72.977161,4.588298],[-72.977719,4.589063],[-72.978359,4.589935],[-72.979147,4.591028],[-72.980022,4.592206],[-72.980826,4.593287],[-72.981496,4.594185],[-72.98228,4.595243],[-72.983193,4.596464],[-72.984009,4.597496],[-72.984458,4.598043],[-72.98526,4.598938],[-72.986168,4.600016],[-72.987116,4.601093],[-72.987829,4.601877],[-72.989063,4.603154],[-72.989437,4.603532],[-72.989965,4.604038],[-72.990118,4.604179],[-72.990293,4.604327],[-72.990567,4.604534],[-72.990771,4.604688],[-72.990929,4.604813],[-72.991084,4.604941],[-72.991323,4.605166],[-72.991997,4.60583],[-72.992847,4.606683],[-72.993249,4.607092],[-72.9938,4.607638],[-72.994946,4.608751],[-72.99541,4.609182],[-72.995793,4.609542],[-72.99593,4.609669],[-72.996299,4.610029],[-72.996553,4.610254],[-72.99683,4.610489],[-72.99709,4.610707],[-72.997308,4.610883],[-72.99739,4.610953],[-72.997509,4.611065],[-72.997847,4.611403],[-72.998205,4.611771],[-72.99853,4.612117],[-72.998824,4.61241],[-72.999139,4.612725],[-72.999466,4.613043],[-72.999793,4.613393],[-73.000059,4.61373],[-73.000293,4.614022],[-73.000606,4.614439],[-73.000957,4.614892],[-73.001385,4.615464],[-73.001649,4.615805],[-73.00245,4.616806],[-73.003064,4.617602],[-73.003484,4.618159],[-73.00409,4.61896],[-73.004551,4.619646],[-73.004717,4.619885],[-73.004995,4.620231],[-73.005324,4.620657],[-73.005861,4.621343],[-73.00608,4.621606],[-73.006156,4.621694],[-73.006235,4.621762],[-73.006298,4.621817],[-73.006379,4.621865],[-73.006457,4.621923],[-73.006575,4.621981],[-73.006714,4.622057],[-73.007014,4.622221],[-73.007395,4.622424],[-73.008305,4.622915],[-73.009275,4.623431],[-73.009925,4.623772],[-73.01059,4.624141],[-73.010702,4.624212]]}},{"type":"Feature","properties":{"TIPO":"Pavimentada","CODIGO":"Externa","NDESCRIPCI":"Barranca-San Ignacio","ZONA":"0","BLOQUE":"0","COD_BP":"B.-P.0"},"geometry":{"type":"LineString","coordinates":[[-72.965296,4.56981],[-72.965638,4.570287],[-72.965983,4.570744],[-72.966491,4.571464],[-72.966822,4.571845],[-72.967315,4.57244],[-72.967743,4.572989],[-72.968056,4.573396]]}},{"type":"Feature","properties":{"TIPO":"Proyectada","CODIGO":"Interna","ZONA":"4","BLOQUE":"16","COD_BP":"B.16-P.7"},"geometry":{"type":"LineString","coordinates":[[-72.972711,4.422907],[-72.972671,4.422585],[-72.972665,4.422516],[-72.972694,4.422436],[-72.972797,4.422356],[-72.974029,4.421557],[-72.974086,4.421506],[-72.974132,4.421454],[-72.974137,4.421391],[-72.974139,4.421048]]}},{"type":"Feature","properties":{"TIPO":"Balastrada","CODIGO":"Interna","ZONA":"3","BLOQUE":"10","COD_BP":"B.10-P.10"},"geometry":{"type":"LineString","coordinates":[[-72.994623,4.445678],[-72.99456,4.44378]]}},{"type":"Feature","properties":{"TIPO":"Balastrada","CODIGO":"Interna","ZONA":"3","BLOQUE":"10","COD_BP":"B.10-P.10"},"geometry":{"type":"LineString","coordinates":[[-72.994566,4.443968],[-72.994569,4.443968],[-72.995245,4.443932],[-72.996139,4.443848],[-72.997704,4.443747]]}},{"type":"Feature","properties":{"TIPO":"Balastrada","CODIGO":"Interna","ZONA":"3","BLOQUE":"10","COD_BP":"B.10-P.10"},"geometry":{"type":"LineString","coordinates":[[-73.000452,4.447236],[-72.99812,4.447391]]}},{"type":"Feature","properties":{"TIPO":"Balastrada","CODIGO":"Interna","ZONA":"3","BLOQUE":"10","COD_BP":"B.10-P.10"},"geometry":{"type":"LineString","coordinates":[[-72.99812,4.447391],[-72.995423,4.447576]]}},{"type":"Feature","properties":{"TIPO":"Balastrada","CODIGO":"Interna","ZONA":"3","BLOQUE":"10","COD_BP":"B.10-P.10"},"geometry":{"type":"LineString","coordinates":[[-72.994295,4.442994],[-72.991723,4.443186],[-72.991672,4.443202],[-72.991645,4.443233],[-72.991637,4.443268],[-72.991827,4.44579],[-72.991866,4.445833],[-72.991951,4.445837],[-72.994623,4.445678]]}},{"type":"Feature","properties":{"TIPO":"Balastrada","CODIGO":"Interna","ZONA":"3","BLOQUE":"10","COD_BP":"B.10-P.10"},"geometry":{"type":"LineString","coordinates":[[-72.9948,4.44958],[-72.994794,4.449325],[-72.994805,4.449236],[-72.994786,4.44917],[-72.994675,4.447372],[-72.994685,4.447351],[-72.994732,4.447309],[-72.994742,4.447286],[-72.994734,4.447254],[-72.994719,4.447227],[-72.994685,4.447198],[-72.99467,4.447166],[-72.994623,4.445678]]}},{"type":"Feature","properties":{"TIPO":"Balastrada","CODIGO":"Interna","NDESCRIPCI":"Bloque 90","ZONA":"2","BLOQUE":"90","COD_BP":"B.90-P.592"},"geometry":{"type":"LineString","coordinates":[[-72.958973,4.475434],[-72.959025,4.475465],[-72.959082,4.47547],[-72.96075,4.475178],[-72.961016,4.475148]]}},{"type":"Feature","properties":{"TIPO":"Balastrada","CODIGO":"Interna","NDESCRIPCI":"Bloque 335","ZONA":"5","BLOQUE":"335","COD_BP":"B.335-P.4"},"geometry":{"type":"LineString","coordinates":[[-72.937117,4.426762],[-72.937334,4.427191],[-72.937525,4.427558],[-72.937777,4.428065],[-72.937924,4.42832],[-72.93805,4.428602],[-72.938081,4.428703]]}},{"type":"Feature","properties":{"TIPO":"Balastrada","CODIGO":"Interna","NDESCRIPCI":"Bloque 329","ZONA":"6","BLOQUE":"329","COD_BP":"B.329-P.10"},"geometry":{"type":"LineString","coordinates":[[-72.920237,4.39197],[-72.920246,4.388356]]}},{"type":"Feature","properties":{"TIPO":"Balastrada","CODIGO":"Interna","NDESCRIPCI":"Bloque 335","ZONA":"5","BLOQUE":"335","COD_BP":"B.335-P.4"},"geometry":{"type":"LineString","coordinates":[[-72.931464,4.428771],[-72.93266,4.428773],[-72.933162,4.428761],[-72.934317,4.428734],[-72.934585,4.428769],[-72.934705,4.428757],[-72.934929,4.428726],[-72.936092,4.428714],[-72.937914,4.428673],[-72.938081,4.428703]]}},{"type":"Feature","properties":{"TIPO":"Balastrada","CODIGO":"Interna","NDESCRIPCI":"Bloque 335","ZONA":"5","BLOQUE":"335","COD_BP":"B.335-P.4"},"geometry":{"type":"LineString","coordinates":[[-72.938081,4.428703],[-72.938151,4.428784],[-72.938435,4.42934],[-72.938766,4.429976],[-72.939113,4.430657]]}},{"type":"Feature","properties":{"TIPO":"Balastrada","CODIGO":"Interna","NDESCRIPCI":"Bloque 335","ZONA":"5","BLOQUE":"335","COD_BP":"B.335-P.3"},"geometry":{"type":"LineString","coordinates":[[-72.940534,4.433378],[-72.940535,4.433468],[-72.940569,4.43354],[-72.940668,4.433624],[-72.940712,4.43371],[-72.940982,4.434198],[-72.941147,4.43453]]}},{"type":"Feature","properties":{"TIPO":"Balastrada","CODIGO":"Interna","NDESCRIPCI":"Bloque 335","ZONA":"5","BLOQUE":"335","COD_BP":"B.335-P.2"},"geometry":{"type":"LineString","coordinates":[[-72.941147,4.43453],[-72.941455,4.435156],[-72.941606,4.435412],[-72.94185,4.435909],[-72.942031,4.436216],[-72.942065,4.436349],[-72.942171,4.436528],[-72.94237,4.436943],[-72.942588,4.437355],[-72.942801,4.437778],[-72.942891,4.437936],[-72.943,4.438154],[-72.943092,4.438335]]}},{"type":"Feature","properties":{"TIPO":"Balastrada","CODIGO":"Interna","NDESCRIPCI":"Bloque 335","ZONA":"5","BLOQUE":"335","COD_BP":"B.335-P.1"},"geometry":{"type":"LineString","coordinates":[[-72.943092,4.438335],[-72.943358,4.438812],[-72.943487,4.439102],[-72.943786,4.439647],[-72.94388,4.439829],[-72.943909,4.439891],[-72.94393,4.439945],[-72.943926,4.439984],[-72.943918,4.440016],[-72.943894,4.440049],[-72.943853,4.440079],[-72.942647,4.440219],[-72.942126,4.440227],[-72.941773,4.440205],[-72.941278,4.440204],[-72.940704,4.440212],[-72.940272,4.440212],[-72.939238,4.440228],[-72.938736,4.440215]]}},{"type":"Feature","properties":{"TIPO":"Balastrada","CODIGO":"Interna","NDESCRIPCI":"Bloque 335","ZONA":"5","BLOQUE":"335","COD_BP":"B.335-P.2"},"geometry":{"type":"LineString","coordinates":[[-72.932523,4.436453],[-72.941849,4.43636],[-72.942065,4.436349]]}},{"type":"Feature","properties":{"TIPO":"Balastrada","CODIGO":"Interna","ZONA":"5","BLOQUE":"335","COD_BP":"B.335-P.3"},"geometry":{"type":"LineString","coordinates":[[-72.940534,4.433378],[-72.940713,4.433292]]}},{"type":"Feature","properties":{"TIPO":"Balastrada","CODIGO":"Interna","NDESCRIPCI":"Bloque 335","ZONA":"5","BLOQUE":"335","COD_BP":"B.335-P.3"},"geometry":{"type":"LineString","coordinates":[[-72.939113,4.430657],[-72.939206,4.430812],[-72.939383,4.431128],[-72.939701,4.431743],[-72.939904,4.432184],[-72.940028,4.432416],[-72.940065,4.43252],[-72.940085,4.432566]]}},{"type":"Feature","properties":{"TIPO":"Balastrada","CODIGO":"Interna","NDESCRIPCI":"Bloque 335","ZONA":"5","BLOQUE":"335","COD_BP":"B.335-P.3"},"geometry":{"type":"LineString","coordinates":[[-72.940085,4.432566],[-72.940162,4.432678],[-72.940534,4.433378]]}},{"type":"Feature","properties":{"TIPO":"Balastrada","CODIGO":"Interna","NDESCRIPCI":"Bloque 337","ZONA":"4","BLOQUE":"337","COD_BP":"B.337-P.2"},"geometry":{"type":"LineString","coordinates":[[-72.936962,4.405578],[-72.937225,4.406002],[-72.937476,4.406483]]}},{"type":"Feature","properties":{"TIPO":"Balastrada","CODIGO":"Interna","NDESCRIPCI":"Bloque 337","ZONA":"4","BLOQUE":"337","COD_BP":"B.337-P.1"},"geometry":{"type":"LineString","coordinates":[[-72.934352,4.407139],[-72.936568,4.405817]]}},{"type":"Feature","properties":{"TIPO":"Balastrada","CODIGO":"Externa","ZONA":"0","BLOQUE":"0","COD_BP":"B.-P.0"},"geometry":{"type":"LineString","coordinates":[[-72.952993,4.548643],[-72.952847,4.548858],[-72.952754,4.548954],[-72.952697,4.549009],[-72.952611,4.549049],[-72.95253,4.549061],[-72.952437,4.549071],[-72.952272,4.54907],[-72.952091,4.549065],[-72.952003,4.54908],[-72.951972,4.549111],[-72.951953,4.549142],[-72.951929,4.549185],[-72.951898,4.549278],[-72.951869,4.549412]]}},{"type":"Feature","properties":{"TIPO":"Balastrada","CODIGO":"Interna","NDESCRIPCI":"FORZOSA -","ZONA":"7","BLOQUE":"31","COD_BP":"B.31-P.21"},"geometry":{"type":"LineString","coordinates":[[-73.077846,4.407387],[-73.07772,4.40728],[-73.07666,4.406616],[-73.074111,4.40509],[-73.07115,4.403095],[-73.069697,4.402123]]}},{"type":"Feature","properties":{"TIPO":"Balastrada","CODIGO":"Interna","NDESCRIPCI":"Bloque 340","ZONA":"8","BLOQUE":"340","COD_BP":"B.340-P.17"},"geometry":{"type":"LineString","coordinates":[[-72.988973,4.422658],[-72.98885,4.422581],[-72.988235,4.422042],[-72.987418,4.421262],[-72.98738,4.421243],[-72.987115,4.421243]]}},{"type":"Feature","properties":{"TIPO":"Balastrada","CODIGO":"Interna","NDESCRIPCI":"Bloque 340","ZONA":"8","BLOQUE":"340","COD_BP":"B.340-P.27"},"geometry":{"type":"LineString","coordinates":[[-72.97947,4.421231],[-72.979472,4.419362],[-72.979468,4.419277],[-72.979242,4.419163],[-72.978824,4.419148],[-72.978767,4.419125],[-72.978769,4.418114],[-72.978772,4.41439]]}},{"type":"Feature","properties":{"TIPO":"Balastrada","CODIGO":"Interna","NDESCRIPCI":"Bloque 340","ZONA":"8","BLOQUE":"340","COD_BP":"B.340-P.24"},"geometry":{"type":"LineString","coordinates":[[-72.980794,4.422408],[-72.980796,4.421234]]}},{"type":"Feature","properties":{"TIPO":"Balastrada","CODIGO":"Interna","NDESCRIPCI":"Bloque 340","ZONA":"8","BLOQUE":"340","COD_BP":"B.340-P.20"},"geometry":{"type":"LineString","coordinates":[[-72.984865,4.424997],[-72.984868,4.423056]]}},{"type":"Feature","properties":{"TIPO":"Balastrada","CODIGO":"Interna","NDESCRIPCI":"Bloque 340","ZONA":"8","BLOQUE":"340","COD_BP":"B.340-P.17"},"geometry":{"type":"LineString","coordinates":[[-72.987115,4.421243],[-72.987123,4.41823]]}},{"type":"Feature","properties":{"TIPO":"Balastrada","CODIGO":"Interna","NDESCRIPCI":"Bloque 340","ZONA":"8","BLOQUE":"340","COD_BP":"B.340-P.18"},"geometry":{"type":"LineString","coordinates":[[-72.984951,4.413973],[-72.984958,4.409501]]}},{"type":"Feature","properties":{"TIPO":"Balastrada","CODIGO":"Interna","NDESCRIPCI":"Bloque 340","ZONA":"8","BLOQUE":"340","COD_BP":"B.340-P.22"},"geometry":{"type":"LineString","coordinates":[[-72.982921,4.421239],[-72.982947,4.406955]]}},{"type":"Feature","properties":{"TIPO":"Balastrada","CODIGO":"Interna","NDESCRIPCI":"Bloque 340","ZONA":"8","BLOQUE":"340","COD_BP":"B.340-P.23"},"geometry":{"type":"LineString","coordinates":[[-72.980836,4.408505],[-72.980823,4.421234]]}},{"type":"Feature","properties":{"TIPO":"Proyectada","CODIGO":"Interna","NDESCRIPCI":"Bloque 340","ZONA":"8","BLOQUE":"340","COD_BP":"B.340-P.10"},"geometry":{"type":"LineString","coordinates":[[-72.991264,4.420681],[-72.991139,4.421145],[-72.991145,4.421667],[-72.991303,4.42214],[-72.991461,4.42269],[-72.992157,4.424548],[-72.992368,4.425119],[-72.992653,4.425784],[-72.992747,4.426038],[-72.9929,4.426218],[-72.993306,4.426672],[-72.993984,4.427319],[-72.994235,4.427594],[-72.994558,4.427857],[-72.995076,4.428727],[-72.995563,4.429546],[-72.996284,4.430605]]}},{"type":"Feature","properties":{"TIPO":"Balastrada","CODIGO":"Interna","NDESCRIPCI":"Bloque 340","ZONA":"8","BLOQUE":"340","COD_BP":"B.340-P.11"},"geometry":{"type":"LineString","coordinates":[[-72.993412,4.422471],[-72.994396,4.422802],[-72.994836,4.422909],[-72.995638,4.423352],[-72.996235,4.424047],[-72.996475,4.424359],[-72.996867,4.424819],[-72.997365,4.425431],[-72.998343,4.425898],[-72.998765,4.426105]]}},{"type":"Feature","properties":{"TIPO":"Balastrada","CODIGO":"Interna","NDESCRIPCI":"Bloque 340","ZONA":"8","BLOQUE":"340","COD_BP":"B.340-P.1"},"geometry":{"type":"LineString","coordinates":[[-73.003867,4.42906],[-73.004145,4.427365],[-73.005145,4.420941]]}},{"type":"Feature","properties":{"TIPO":"Balastrada","CODIGO":"Interna","NDESCRIPCI":"Bloque 340","ZONA":"8","BLOQUE":"340","COD_BP":"B.340-P.2"},"geometry":{"type":"LineString","coordinates":[[-73.000808,4.421641],[-73.000795,4.427285]]}},{"type":"Feature","properties":{"TIPO":"Balastrada","CODIGO":"Interna","NDESCRIPCI":"Bloque 340","ZONA":"8","BLOQUE":"340","COD_BP":"B.340-P.11"},"geometry":{"type":"LineString","coordinates":[[-72.998692,4.426069],[-72.998696,4.429217]]}},{"type":"Feature","properties":{"TIPO":"Balastrada","CODIGO":"Interna","NDESCRIPCI":"Bloque 340","ZONA":"8","BLOQUE":"340","COD_BP":"B.340-P.8"},"geometry":{"type":"LineString","coordinates":[[-72.993223,4.422403],[-72.993224,4.420043]]}},{"type":"Feature","properties":{"TIPO":"Balastrada","CODIGO":"Interna","NDESCRIPCI":"Bloque 340","ZONA":"8","BLOQUE":"340","COD_BP":"B.340-P.6"},"geometry":{"type":"LineString","coordinates":[[-72.996745,4.414556],[-72.996744,4.419632]]}},{"type":"Feature","properties":{"TIPO":"Proyectada","CODIGO":"Interna","NDESCRIPCI":"Bloque 340","ZONA":"8","BLOQUE":"340","COD_BP":"B.340-P.14"},"geometry":{"type":"LineString","coordinates":[[-72.990258,4.430174],[-72.992052,4.433298]]}},{"type":"Feature","properties":{"TIPO":"Proyectada","CODIGO":"Interna","NDESCRIPCI":"Bloque 340","ZONA":"8","BLOQUE":"340","COD_BP":"B.340-P.14"},"geometry":{"type":"LineString","coordinates":[[-72.992056,4.433296],[-72.992405,4.433748],[-72.992475,4.433868],[-72.99312,4.434839],[-72.993965,4.435942],[-72.994198,4.43622],[-72.994265,4.436331],[-72.994331,4.436519],[-72.994896,4.436739],[-72.995367,4.436947]]}},{"type":"Feature","properties":{"TIPO":"Balastrada","CODIGO":"Interna","NDESCRIPCI":"Bloque 340","ZONA":"8","BLOQUE":"340","COD_BP":"B.340-P.13"},"geometry":{"type":"LineString","coordinates":[[-72.996203,4.430873],[-72.994295,4.431988]]}},{"type":"Feature","properties":{"TIPO":"Balastrada","CODIGO":"Interna","NDESCRIPCI":"Bloque 340","ZONA":"8","BLOQUE":"340","COD_BP":"B.340-P.14"},"geometry":{"type":"LineString","coordinates":[[-72.994295,4.431988],[-72.991898,4.433388],[-72.991855,4.43345],[-72.991818,4.433519],[-72.991741,4.433589],[-72.991614,4.43365],[-72.991491,4.433753],[-72.991378,4.433876],[-72.991355,4.433975],[-72.991378,4.434084],[-72.99148,4.434259],[-72.991575,4.434455]]}},{"type":"Feature","properties":{"TIPO":"Balastrada","CODIGO":"Interna","NDESCRIPCI":"Bloque 31","ZONA":"7","BLOQUE":"31","COD_BP":"B.31-P.12"},"geometry":{"type":"LineString","coordinates":[[-73.080005,4.421247],[-73.079203,4.422619],[-73.079177,4.422663]]}},{"type":"Feature","properties":{"TIPO":"Proyectada","CODIGO":"Interna","ZONA":"11","BLOQUE":"5","COD_BP":"B.5-P.612"},"geometry":{"type":"LineString","coordinates":[[-72.96668,4.508848],[-72.967534,4.508854],[-72.967564,4.508843],[-72.967718,4.508725],[-72.967948,4.508568],[-72.968044,4.508496],[-72.968147,4.508445],[-72.968257,4.508363],[-72.968369,4.508304]]}},{"type":"Feature","properties":{"TIPO":"Balastrada","CODIGO":"Interna","ZONA":"1","BLOQUE":"2","COD_BP":"B.2-P.8"},"geometry":{"type":"LineString","coordinates":[[-72.972896,4.492709],[-72.973,4.492755],[-72.973106,4.492763],[-72.973234,4.492756],[-72.973452,4.492736],[-72.973671,4.492712],[-72.973781,4.49271],[-72.973835,4.492739],[-72.973865,4.492776],[-72.973896,4.492822],[-72.973943,4.492948],[-72.974017,4.493174],[-72.974131,4.493508]]}},{"type":"Feature","properties":{"TIPO":"Proyectada","CODIGO":"Interna","ZONA":"9","BLOQUE":"122","COD_BP":"B.122-P.1"},"geometry":{"type":"LineString","coordinates":[[-72.954453,4.46792],[-72.954389,4.467979],[-72.954152,4.468137]]}},{"type":"Feature","properties":{"TIPO":"Balastrada","CODIGO":"Interna","NDESCRIPCI":"Bloque 31","ZONA":"7","BLOQUE":"31","COD_BP":"B.31-P.21"},"geometry":{"type":"LineString","coordinates":[[-73.07676,4.410286],[-73.077238,4.409192],[-73.077238,4.408873],[-73.077217,4.408453],[-73.077241,4.408247],[-73.077353,4.408031],[-73.077474,4.407851],[-73.077669,4.407662],[-73.077846,4.407387]]}},{"type":"Feature","properties":{"TIPO":"Proyectada","CODIGO":"Interna","NDESCRIPCI":"Bloque 31","ZONA":"7","BLOQUE":"31","COD_BP":"B.31-P.10"},"geometry":{"type":"LineString","coordinates":[[-73.071611,4.420313],[-73.071759,4.419885],[-73.07198,4.419183],[-73.072191,4.418754],[-73.072272,4.418586]]}},{"type":"Feature","properties":{"TIPO":"Proyectada","CODIGO":"Interna","NDESCRIPCI":"Bloque 31","ZONA":"7","BLOQUE":"31","COD_BP":"B.31-P.10"},"geometry":{"type":"LineString","coordinates":[[-73.067109,4.426147],[-73.069288,4.424907]]}},{"type":"Feature","properties":{"TIPO":"Balastrada","CODIGO":"Interna","NDESCRIPCI":"Bloque 31","ZONA":"7","BLOQUE":"31","COD_BP":"B.31-P.12"},"geometry":{"type":"LineString","coordinates":[[-73.080005,4.421247],[-73.082812,4.422905],[-73.083401,4.423252]]}},{"type":"Feature","properties":{"TIPO":"Balastrada","CODIGO":"Interna","NDESCRIPCI":"Bloque 31","ZONA":"7","BLOQUE":"31","COD_BP":"B.31-P.13"},"geometry":{"type":"LineString","coordinates":[[-73.078345,4.424085],[-73.074959,4.429871]]}},{"type":"Feature","properties":{"TIPO":"Balastrada","CODIGO":"Interna","NDESCRIPCI":"Bloque 31","ZONA":"7","BLOQUE":"31","COD_BP":"B.31-P.12"},"geometry":{"type":"LineString","coordinates":[[-73.079177,4.422663],[-73.079123,4.422756],[-73.078345,4.424085]]}},{"type":"Feature","properties":{"TIPO":"Balastrada","CODIGO":"Interna","NDESCRIPCI":"Bloque 31","ZONA":"7","BLOQUE":"31","COD_BP":"B.31-P.13"},"geometry":{"type":"LineString","coordinates":[[-73.078345,4.424085],[-73.079986,4.42506]]}},{"type":"Feature","properties":{"TIPO":"Balastrada","CODIGO":"Externa","ZONA":"0","BLOQUE":"340","COD_BP":"B.340-P."},"geometry":{"type":"LineString","coordinates":[[-72.989999,4.405265],[-72.99009,4.405111],[-72.990148,4.405055],[-72.990205,4.405011],[-72.990246,4.404971],[-72.990275,4.404918]]}},{"type":"Feature","properties":{"TIPO":"Balastrada","CODIGO":"Interna","ZONA":"2","BLOQUE":"90","COD_BP":"B.90-P.531"},"geometry":{"type":"LineString","coordinates":[[-72.961939,4.476722],[-72.961882,4.476553],[-72.961868,4.476476],[-72.961849,4.476349],[-72.961814,4.476184],[-72.961783,4.475966],[-72.961753,4.475749],[-72.961727,4.47555],[-72.961705,4.47539],[-72.961689,4.475304],[-72.961675,4.475251],[-72.961646,4.475198],[-72.961608,4.47516],[-72.961551,4.475126],[-72.961487,4.475112],[-72.961353,4.475107],[-72.961285,4.475119]]}},{"type":"Feature","properties":{"TIPO":"Balastrada","CODIGO":"Interna","NDESCRIPCI":"Bloque 90","ZONA":"2","BLOQUE":"90","COD_BP":"B.90-P.506"},"geometry":{"type":"LineString","coordinates":[[-72.96604,4.475987],[-72.966016,4.476138],[-72.965911,4.476458],[-72.965747,4.47682],[-72.9655,4.477273],[-72.965093,4.477876],[-72.964618,4.478567]]}},{"type":"Feature","properties":{"TIPO":"Pavimentada","CODIGO":"Externa","NDESCRIPCI":"HIJOA - CABUYARO","ZONA":"0","BLOQUE":"0","COD_BP":"B.-P.0"},"geometry":{"type":"LineString","coordinates":[[-72.909407,4.366748],[-72.909314,4.366638],[-72.909204,4.366539],[-72.90911,4.366442],[-72.909007,4.366336],[-72.908892,4.366218],[-72.908746,4.366058],[-72.908516,4.365833],[-72.908138,4.365449],[-72.907761,4.36509],[-72.907094,4.364413],[-72.906758,4.36399]]}},{"type":"Feature","properties":{"TIPO":"Balastrada","CODIGO":"Interna","NDESCRIPCI":"Bloque 334","ZONA":"6","BLOQUE":"334","COD_BP":"B.334-P.12"},"geometry":{"type":"LineString","coordinates":[[-72.906758,4.36399],[-72.906722,4.364019],[-72.906706,4.364032]]}},{"type":"Feature","properties":{"TIPO":"Balastrada","CODIGO":"Interna","ZONA":"7","BLOQUE":"339","COD_BP":"B.339-P.23"},"geometry":{"type":"LineString","coordinates":[[-73.006845,4.384409],[-73.006902,4.384332],[-73.007026,4.384318],[-73.008193,4.384736],[-73.009217,4.385197],[-73.009651,4.385322],[-73.011718,4.386176],[-73.01289,4.386628],[-73.013076,4.386662],[-73.013248,4.386648],[-73.013643,4.386615],[-73.01412,4.386567],[-73.014682,4.386506],[-73.015236,4.386435],[-73.015493,4.386412],[-73.015626,4.386383],[-73.015744,4.386352]]}},{"type":"Feature","properties":{"TIPO":"Proyectada","CODIGO":"Interna","NDESCRIPCI":"Bloque 31","ZONA":"7","BLOQUE":"31","COD_BP":"B.31-P.14"},"geometry":{"type":"LineString","coordinates":[[-73.079983,4.425059],[-73.081696,4.426077]]}},{"type":"Feature","properties":{"TIPO":"Balastrada","CODIGO":"Interna","ZONA":"4","BLOQUE":"332","COD_BP":"B.332-P.3"},"geometry":{"type":"LineString","coordinates":[[-72.948207,4.435752],[-72.951656,4.43768]]}},{"type":"Feature","properties":{"TIPO":"Balastrada","CODIGO":"Interna","ZONA":"3","BLOQUE":"7","COD_BP":"B.7-P.1"},"geometry":{"type":"LineString","coordinates":[[-72.994779,4.476599],[-72.994801,4.476585],[-72.996109,4.475763],[-72.996243,4.475751],[-72.996366,4.475714],[-72.996568,4.475733],[-72.996691,4.475717],[-72.996862,4.475607],[-72.997049,4.475481],[-72.997295,4.475328],[-72.997635,4.475101]]}},{"type":"Feature","properties":{"TIPO":"Balastrada","CODIGO":"Interna","NDESCRIPCI":"Bloque 11","ZONA":"3","BLOQUE":"21","COD_BP":"B.21-P.13"},"geometry":{"type":"LineString","coordinates":[[-72.985076,4.452341],[-72.985026,4.452349],[-72.984189,4.452516],[-72.983984,4.45256],[-72.983712,4.452615],[-72.983565,4.452641],[-72.983305,4.452681],[-72.983192,4.452703]]}},{"type":"Feature","properties":{"TIPO":"Balastrada","CODIGO":"Interna","NDESCRIPCI":"Ganaderia","ZONA":"9","BLOQUE":"122","COD_BP":"B.122-P.1"},"geometry":{"type":"LineString","coordinates":[[-72.960887,4.462173],[-72.960617,4.461998],[-72.960464,4.461917],[-72.959246,4.461599],[-72.957847,4.461242],[-72.956633,4.460913],[-72.956018,4.460752],[-72.955888,4.460685],[-72.955829,4.460613],[-72.955791,4.460547],[-72.955796,4.460466],[-72.955824,4.460366],[-72.955972,4.46009],[-72.956129,4.459857],[-72.9563,4.459571],[-72.956552,4.459148],[-72.956438,4.458991],[-72.956333,4.458848],[-72.956195,4.458748],[-72.956057,4.458705],[-72.95591,4.458705],[-72.955769,4.458749],[-72.955656,4.458801],[-72.955551,4.458818],[-72.955477,4.458781],[-72.955396,4.458696],[-72.953445,4.455678],[-72.953278,4.455412],[-72.95313,4.45516],[-72.95304,4.454922],[-72.952974,4.454725],[-72.952915,4.454596],[-72.952872,4.454469],[-72.952879,4.45436],[-72.952921,4.454303],[-72.952974,4.454274],[-72.95308,4.45427],[-72.953502,4.454222],[-72.953697,4.454217],[-72.953759,4.454179],[-72.953801,4.454143],[-72.953827,4.454101],[-72.953831,4.454044],[-72.95381,4.454002],[-72.953774,4.45397],[-72.953593,4.453945],[-72.95337,4.45393],[-72.953167,4.453919],[-72.952955,4.453934],[-72.952847,4.45396],[-72.952715,4.453978],[-72.952617,4.45398],[-72.952523,4.453932],[-72.952219,4.453734]]}},{"type":"Feature","properties":{"TIPO":"Balastrada","CODIGO":"Interna","NDESCRIPCI":"Casa Hacienda","ZONA":"9","BLOQUE":"122","COD_BP":"B.122-P.1"},"geometry":{"type":"LineString","coordinates":[[-72.944607,4.462329],[-72.946593,4.463253],[-72.946654,4.463279],[-72.946738,4.463308],[-72.946808,4.463305],[-72.946869,4.463282],[-72.947812,4.462893],[-72.947897,4.462862],[-72.947936,4.462844],[-72.947979,4.462829],[-72.948019,4.462816],[-72.94807,4.462813],[-72.948138,4.462831],[-72.950454,4.463481],[-72.952076,4.463983]]}},{"type":"Feature","properties":{"TIPO":"Proyectada","CODIGO":"Interna","ZONA":"7","BLOQUE":"339","COD_BP":"B.339-P.22"},"geometry":{"type":"LineString","coordinates":[[-73.044348,4.386522],[-73.044348,4.387057],[-73.044347,4.387325]]}},{"type":"Feature","properties":{"TIPO":"Proyectada","CODIGO":"Interna","ZONA":"7","BLOQUE":"339","COD_BP":"B.339-P.22"},"geometry":{"type":"LineString","coordinates":[[-73.049722,4.38656],[-73.051372,4.386562]]}},{"type":"Feature","properties":{"TIPO":"Balastrada","CODIGO":"Interna","NDESCRIPCI":"Bloque 339","ZONA":"7","BLOQUE":"339","COD_BP":"B.339-P.22"},"geometry":{"type":"LineString","coordinates":[[-73.046113,4.386555],[-73.049722,4.38656]]}},{"type":"Feature","properties":{"TIPO":"Balastrada","CODIGO":"Interna","NDESCRIPCI":"Bloque 339","ZONA":"7","BLOQUE":"339","COD_BP":"B.339-P.18"},"geometry":{"type":"LineString","coordinates":[[-73.036886,4.392472],[-73.035402,4.392747]]}},{"type":"Feature","properties":{"TIPO":"Proyectada","CODIGO":"Interna","NDESCRIPCI":"Bloque 339","ZONA":"7","BLOQUE":"339","COD_BP":"B.339-P.5"},"geometry":{"type":"LineString","coordinates":[[-73.056195,4.389179],[-73.056194,4.390088]]}},{"type":"Feature","properties":{"TIPO":"Balastrada","CODIGO":"Interna","NDESCRIPCI":"Bloque 340","ZONA":"8","BLOQUE":"340","COD_BP":"B.340-P.9"},"geometry":{"type":"LineString","coordinates":[[-72.991973,4.421833],[-72.992087,4.422005],[-72.992275,4.422093],[-72.992509,4.422146],[-72.993412,4.422471]]}},{"type":"Feature","properties":{"TIPO":"Balastrada","CODIGO":"Interna","NDESCRIPCI":"Bloque 340","ZONA":"8","BLOQUE":"340","COD_BP":"B.340-P.13"},"geometry":{"type":"LineString","coordinates":[[-72.996203,4.430873],[-72.996203,4.430872],[-72.995591,4.429912],[-72.995381,4.42956],[-72.99445,4.428022],[-72.994401,4.42796],[-72.99369,4.427298],[-72.992833,4.426435],[-72.992652,4.426261],[-72.99251,4.426064],[-72.992446,4.425869]]}},{"type":"Feature","properties":{"TIPO":"Balastrada","CODIGO":"Interna","NDESCRIPCI":"Bloque 339","ZONA":"7","BLOQUE":"339","COD_BP":"B.339-P.1"},"geometry":{"type":"LineString","coordinates":[[-73.067787,4.395088],[-73.069482,4.394648]]}},{"type":"Feature","properties":{"TIPO":"Proyectada","CODIGO":"Interna","NDESCRIPCI":"Bloque 339","ZONA":"7","BLOQUE":"339","COD_BP":"B.339-P.2"},"geometry":{"type":"LineString","coordinates":[[-73.066096,4.391589],[-73.066098,4.389867]]}},{"type":"Feature","properties":{"TIPO":"Proyectada","CODIGO":"Interna","NDESCRIPCI":"Bloque 339","ZONA":"7","BLOQUE":"339","COD_BP":"B.339-P.3"},"geometry":{"type":"LineString","coordinates":[[-73.06282,4.390861],[-73.062822,4.389613]]}},{"type":"Feature","properties":{"TIPO":"Proyectada","CODIGO":"Interna","NDESCRIPCI":"Bloque 339","ZONA":"7","BLOQUE":"339","COD_BP":"B.339-P.4"},"geometry":{"type":"LineString","coordinates":[[-73.059234,4.389419],[-73.059231,4.391229]]}},{"type":"Feature","properties":{"TIPO":"Proyectada","CODIGO":"Interna","NDESCRIPCI":"Bloque 339","ZONA":"7","BLOQUE":"339","COD_BP":"B.339-P.14"},"geometry":{"type":"LineString","coordinates":[[-73.029685,4.392577],[-73.02937,4.392464],[-73.028794,4.392216],[-73.028218,4.391969],[-73.027604,4.391669],[-73.027151,4.391493],[-73.026692,4.391252],[-73.026414,4.391076],[-73.026284,4.390965]]}},{"type":"Feature","properties":{"TIPO":"Balastrada","CODIGO":"Interna","NDESCRIPCI":"Bloque 339","ZONA":"7","BLOQUE":"339","COD_BP":"B.339-P.13"},"geometry":{"type":"LineString","coordinates":[[-73.038783,4.395079],[-73.038538,4.395216],[-73.038146,4.39536],[-73.037638,4.395411],[-73.037013,4.395527],[-73.036311,4.395656]]}},{"type":"Feature","properties":{"TIPO":"Balastrada","CODIGO":"Interna","NDESCRIPCI":"Bloque 339","ZONA":"7","BLOQUE":"339","COD_BP":"B.339-P.12"},"geometry":{"type":"LineString","coordinates":[[-73.035148,4.398293],[-73.036388,4.396124],[-73.036246,4.395668]]}},{"type":"Feature","properties":{"TIPO":"Proyectada","CODIGO":"Interna","NDESCRIPCI":"Bloque 339","ZONA":"7","BLOQUE":"339","COD_BP":"B.339-P.12"},"geometry":{"type":"LineString","coordinates":[[-73.034498,4.39943],[-73.035148,4.398293]]}},{"type":"Feature","properties":{"TIPO":"Balastrada","CODIGO":"Interna","NDESCRIPCI":"Bloque 339","ZONA":"7","BLOQUE":"339","COD_BP":"B.339-P.12"},"geometry":{"type":"LineString","coordinates":[[-73.038276,4.393697],[-73.038195,4.393497],[-73.038018,4.393117],[-73.037927,4.392847],[-73.037833,4.392581],[-73.037812,4.392298]]}},{"type":"Feature","properties":{"TIPO":"Proyectada","CODIGO":"Interna","NDESCRIPCI":"Bloque 339","ZONA":"7","BLOQUE":"339","COD_BP":"B.339-P.11"},"geometry":{"type":"LineString","coordinates":[[-73.036521,4.403053],[-73.0391,4.39858]]}},{"type":"Feature","properties":{"TIPO":"Balastrada","CODIGO":"Interna","NDESCRIPCI":"Bloque 90","ZONA":"2","BLOQUE":"90","COD_BP":"B.90-P.592"},"geometry":{"type":"LineString","coordinates":[[-72.961016,4.475148],[-72.961016,4.475253],[-72.961023,4.475292],[-72.96103,4.475409],[-72.961046,4.475734],[-72.961056,4.47597],[-72.961049,4.476366],[-72.961054,4.476743]]}},{"type":"Feature","properties":{"TIPO":"Proyectada","CODIGO":"Interna","NDESCRIPCI":"Bloque 339","ZONA":"7","BLOQUE":"339","COD_BP":"B.339-P.14"},"geometry":{"type":"LineString","coordinates":[[-73.025681,4.392431],[-73.02645,4.391099],[-73.026639,4.390771]]}},{"type":"Feature","properties":{"TIPO":"Proyectada","CODIGO":"Interna","NDESCRIPCI":"Bloque 339","ZONA":"7","BLOQUE":"339","COD_BP":"B.339-P.13"},"geometry":{"type":"LineString","coordinates":[[-73.025268,4.393189],[-73.025268,4.393169],[-73.025285,4.393117],[-73.025681,4.392431]]}},{"type":"Feature","properties":{"TIPO":"Balastrada","CODIGO":"Interna","ZONA":"3","BLOQUE":"7","COD_BP":"B.7-P.7"},"geometry":{"type":"LineString","coordinates":[[-72.981385,4.473955],[-72.981651,4.474439],[-72.982164,4.475103],[-72.982249,4.475389],[-72.982249,4.47577],[-72.982225,4.475975],[-72.982048,4.476527],[-72.981837,4.477272]]}},{"type":"Feature","properties":{"TIPO":"Balastrada","CODIGO":"Interna","ZONA":"3","BLOQUE":"7","COD_BP":"B.7-P.7"},"geometry":{"type":"LineString","coordinates":[[-72.981837,4.477272],[-72.981155,4.479792]]}},{"type":"Feature","properties":{"TIPO":"Balastrada","CODIGO":"Interna","NDESCRIPCI":"Bloque 334","ZONA":"6","BLOQUE":"334","COD_BP":"B.334-P.13"},"geometry":{"type":"LineString","coordinates":[[-72.906974,4.363837],[-72.906148,4.36282],[-72.905663,4.362222],[-72.905338,4.361802]]}},{"type":"Feature","properties":{"TIPO":"Proyectada","CODIGO":"Interna","ZONA":"2","BLOQUE":"9","COD_BP":"B.9-P.3"},"geometry":{"type":"LineString","coordinates":[[-72.96829,4.469253],[-72.969483,4.46855],[-72.969798,4.468374],[-72.971591,4.46532]]}},{"type":"Feature","properties":{"TIPO":"Proyectada","CODIGO":"Interna","ZONA":"2","BLOQUE":"9","COD_BP":"B.9-P.6"},"geometry":{"type":"LineString","coordinates":[[-72.96255,4.46627],[-72.962231,4.466298],[-72.962021,4.466339],[-72.961828,4.466363],[-72.961721,4.466359],[-72.961672,4.46633],[-72.961672,4.466198],[-72.961422,4.465756],[-72.961258,4.465541],[-72.961255,4.464179]]}},{"type":"Feature","properties":{"TIPO":"Balastrada","CODIGO":"Interna","ZONA":"1","BLOQUE":"2","COD_BP":"B.2-P.6"},"geometry":{"type":"LineString","coordinates":[[-72.969552,4.498294],[-72.969455,4.498322],[-72.967664,4.499256],[-72.967355,4.499487],[-72.96722,4.499626]]}},{"type":"Feature","properties":{"TIPO":"Balastrada","CODIGO":"Interna","ZONA":"4","BLOQUE":"11","COD_BP":"B.11-P.7"},"geometry":{"type":"LineString","coordinates":[[-72.983807,4.444808],[-72.983821,4.444872],[-72.983825,4.444961],[-72.983831,4.445243],[-72.983841,4.445448],[-72.983993,4.448696]]}},{"type":"Feature","properties":{"TIPO":"Balastrada","CODIGO":"Interna","NDESCRIPCI":"Bloque 334","ZONA":"6","BLOQUE":"334","COD_BP":"B.334-P.13"},"geometry":{"type":"LineString","coordinates":[[-72.906918,4.36387],[-72.906869,4.363899],[-72.906815,4.363941],[-72.906758,4.36399]]}},{"type":"Feature","properties":{"TIPO":"Balastrada","CODIGO":"Interna","NDESCRIPCI":"Bloque 330","ZONA":"6","BLOQUE":"330","COD_BP":"B.330-P.2"},"geometry":{"type":"LineString","coordinates":[[-72.901274,4.38697],[-72.90115,4.387069],[-72.900868,4.387356],[-72.900649,4.387563],[-72.900376,4.387814],[-72.90009,4.388131],[-72.899814,4.388376],[-72.899693,4.388498],[-72.899629,4.388553],[-72.899568,4.388613],[-72.899508,4.388723]]}},{"type":"Feature","properties":{"TIPO":"Balastrada","CODIGO":"Interna","ZONA":"6","BLOQUE":"330","COD_BP":"B.330-P.3"},"geometry":{"type":"LineString","coordinates":[[-72.909141,4.385853],[-72.909078,4.385953],[-72.909003,4.386081],[-72.908927,4.386206],[-72.908842,4.386333],[-72.908807,4.386384]]}},{"type":"Feature","properties":{"TIPO":"Balastrada","CODIGO":"Interna","NDESCRIPCI":"Bloque 334","ZONA":"6","BLOQUE":"334","COD_BP":"B.334-P.1"},"geometry":{"type":"LineString","coordinates":[[-72.898541,4.388688],[-72.89856,4.388707],[-72.89865,4.388761],[-72.898864,4.388802],[-72.898995,4.388796],[-72.899069,4.388787],[-72.899095,4.388771],[-72.899105,4.388738],[-72.899105,4.388738]]}},{"type":"Feature","properties":{"TIPO":"Balastrada","CODIGO":"Interna","NDESCRIPCI":"Bloque 334","ZONA":"6","BLOQUE":"334","COD_BP":"B.334-P.2"},"geometry":{"type":"LineString","coordinates":[[-72.899105,4.388738],[-72.89912,4.38866],[-72.899123,4.388622]]}},{"type":"Feature","properties":{"TIPO":"Balastrada","CODIGO":"Interna","NDESCRIPCI":"Bloque 330","ZONA":"6","BLOQUE":"330","COD_BP":"B.330-P.2"},"geometry":{"type":"LineString","coordinates":[[-72.905966,4.389693],[-72.90674,4.388909],[-72.906867,4.388798],[-72.906958,4.388668]]}},{"type":"Feature","properties":{"TIPO":"Balastrada","CODIGO":"Interna","NDESCRIPCI":"Bloque 231","ZONA":"5","BLOQUE":"231","COD_BP":"B.231-P.6"},"geometry":{"type":"LineString","coordinates":[[-72.893368,4.394415],[-72.892451,4.394413],[-72.892354,4.394413]]}},{"type":"Feature","properties":{"TIPO":"Balastrada","CODIGO":"Interna","NDESCRIPCI":"Bloque 231","ZONA":"5","BLOQUE":"231","COD_BP":"B.231-P.6"},"geometry":{"type":"LineString","coordinates":[[-72.892354,4.394413],[-72.892042,4.396649]]}},{"type":"Feature","properties":{"TIPO":"Balastrada","CODIGO":"Interna","NDESCRIPCI":"Bloque 231","ZONA":"5","BLOQUE":"231","COD_BP":"B.231-P.7"},"geometry":{"type":"LineString","coordinates":[[-72.893871,4.398891],[-72.891882,4.398888],[-72.891819,4.398888],[-72.891792,4.398888],[-72.891757,4.398888]]}},{"type":"Feature","properties":{"TIPO":"Balastrada","CODIGO":"Interna","NDESCRIPCI":"Bloque 331","ZONA":"5","BLOQUE":"231","COD_BP":"B.231-P.4"},"geometry":{"type":"LineString","coordinates":[[-72.897442,4.407237],[-72.897433,4.407225],[-72.896798,4.406418],[-72.895988,4.405352],[-72.895721,4.404997]]}},{"type":"Feature","properties":{"TIPO":"Balastrada","CODIGO":"Interna","NDESCRIPCI":"Bloque 331","ZONA":"5","BLOQUE":"231","COD_BP":"B.231-P.4"},"geometry":{"type":"LineString","coordinates":[[-72.899153,4.409478],[-72.899127,4.409447],[-72.898506,4.4086],[-72.898164,4.408156],[-72.897672,4.407542],[-72.897448,4.407245],[-72.897442,4.407237]]}},{"type":"Feature","properties":{"TIPO":"Balastrada","CODIGO":"Interna","NDESCRIPCI":"Bloque 329","ZONA":"6","BLOQUE":"329","COD_BP":"B.329-P.24"},"geometry":{"type":"LineString","coordinates":[[-72.911314,4.393021],[-72.911294,4.393033],[-72.911201,4.393037],[-72.911082,4.393035],[-72.911021,4.393041],[-72.910991,4.393073],[-72.910974,4.393132],[-72.910828,4.393898],[-72.910783,4.394163],[-72.910625,4.395102],[-72.910531,4.395624],[-72.910421,4.396311],[-72.910372,4.3968],[-72.910372,4.396994],[-72.910404,4.398093],[-72.910436,4.398765],[-72.910436,4.3988]]}},{"type":"Feature","properties":{"TIPO":"Balastrada","CODIGO":"Interna","NDESCRIPCI":"Bloque 329","ZONA":"6","BLOQUE":"329","COD_BP":"B.329-P.23"},"geometry":{"type":"LineString","coordinates":[[-72.912036,4.404433],[-72.912035,4.404439],[-72.912023,4.404472],[-72.912011,4.404512],[-72.912,4.40457],[-72.912,4.404958],[-72.912,4.405002],[-72.912,4.405041]]}},{"type":"Feature","properties":{"TIPO":"Balastrada","CODIGO":"Interna","NDESCRIPCI":"Bloque 329","ZONA":"6","BLOQUE":"329","COD_BP":"B.329-P.15"},"geometry":{"type":"LineString","coordinates":[[-72.924485,4.407452],[-72.924767,4.407714],[-72.925127,4.408079],[-72.925425,4.408391],[-72.925511,4.408484],[-72.925553,4.408537],[-72.925601,4.408606],[-72.925643,4.408673],[-72.925695,4.408761],[-72.925729,4.408836],[-72.925773,4.408935],[-72.925826,4.409066],[-72.926011,4.409546],[-72.92629,4.410271]]}},{"type":"Feature","properties":{"TIPO":"Balastrada","CODIGO":"Interna","NDESCRIPCI":"Bloque 329","ZONA":"6","BLOQUE":"329","COD_BP":"B.329-P.15"},"geometry":{"type":"LineString","coordinates":[[-72.925316,4.408601],[-72.925359,4.408601],[-72.925379,4.408531],[-72.925328,4.408433],[-72.925254,4.408347],[-72.924911,4.408001],[-72.9244,4.407498],[-72.924361,4.40746]]}},{"type":"Feature","properties":{"TIPO":"Balastrada","CODIGO":"Interna","NDESCRIPCI":"Bloque 329","ZONA":"6","BLOQUE":"329","COD_BP":"B.329-P.16"},"geometry":{"type":"LineString","coordinates":[[-72.919947,4.403541],[-72.920074,4.403651],[-72.920248,4.403786],[-72.920396,4.403902],[-72.920796,4.404195],[-72.921031,4.404368],[-72.921242,4.404524],[-72.921616,4.404803],[-72.921746,4.404888],[-72.921808,4.404939]]}},{"type":"Feature","properties":{"TIPO":"Balastrada","CODIGO":"Interna","NDESCRIPCI":"Bloque 329","ZONA":"6","BLOQUE":"329","COD_BP":"B.329-P.18"},"geometry":{"type":"LineString","coordinates":[[-72.913625,4.395136],[-72.91361,4.395194],[-72.913598,4.395257],[-72.9136,4.395317],[-72.913607,4.395365],[-72.913621,4.395409],[-72.913663,4.395503],[-72.913782,4.395701],[-72.914009,4.396096],[-72.914227,4.396473],[-72.91447,4.396911],[-72.914582,4.397106],[-72.914717,4.397327],[-72.914792,4.397421],[-72.914872,4.3975],[-72.914935,4.397555],[-72.914976,4.397599],[-72.915012,4.397666],[-72.915048,4.397742],[-72.915087,4.397802],[-72.915149,4.397882],[-72.915462,4.398258],[-72.915693,4.398516],[-72.9159,4.398753],[-72.916111,4.398969],[-72.916309,4.3992]]}},{"type":"Feature","properties":{"TIPO":"Balastrada","CODIGO":"Interna","NDESCRIPCI":"Bloque 329","ZONA":"6","BLOQUE":"329","COD_BP":"B.329-P.20"},"geometry":{"type":"LineString","coordinates":[[-72.916332,4.389779],[-72.916188,4.390005],[-72.91589,4.390467],[-72.915564,4.391016],[-72.915319,4.391435]]}},{"type":"Feature","properties":{"TIPO":"Balastrada","CODIGO":"Interna","NDESCRIPCI":"Bloque 329","ZONA":"6","BLOQUE":"329","COD_BP":"B.329-P.8"},"geometry":{"type":"LineString","coordinates":[[-72.92433,4.396543],[-72.924438,4.396739],[-72.924842,4.397523],[-72.925232,4.398352]]}},{"type":"Feature","properties":{"TIPO":"Balastrada","CODIGO":"Interna","NDESCRIPCI":"Bloque 329","ZONA":"6","BLOQUE":"329","COD_BP":"B.329-P.9"},"geometry":{"type":"LineString","coordinates":[[-72.922441,4.393028],[-72.922811,4.393701],[-72.923371,4.394734]]}},{"type":"Feature","properties":{"TIPO":"Balastrada","CODIGO":"Interna","NDESCRIPCI":"Bloque 329","ZONA":"6","BLOQUE":"329","COD_BP":"B.329-P.9"},"geometry":{"type":"LineString","coordinates":[[-72.922087,4.39246],[-72.922128,4.392498],[-72.922208,4.392595],[-72.922248,4.392682],[-72.922263,4.392714],[-72.922441,4.393028]]}},{"type":"Feature","properties":{"TIPO":"Balastrada","CODIGO":"Interna","NDESCRIPCI":"Bloque 329","ZONA":"6","BLOQUE":"329","COD_BP":"B.329-P.4"},"geometry":{"type":"LineString","coordinates":[[-72.930229,4.415798],[-72.930232,4.41399]]}},{"type":"Feature","properties":{"TIPO":"Balastrada","CODIGO":"Interna","NDESCRIPCI":"Bloque 329","ZONA":"6","BLOQUE":"329","COD_BP":"B.329-P.1"},"geometry":{"type":"LineString","coordinates":[[-72.930378,4.421041],[-72.930375,4.422987]]}},{"type":"Feature","properties":{"TIPO":"Balastrada","CODIGO":"Interna","ZONA":"5","BLOQUE":"335","COD_BP":"B.335-P.5"},"geometry":{"type":"LineString","coordinates":[[-72.936396,4.425382],[-72.936289,4.425449],[-72.936211,4.425529],[-72.936134,4.425598],[-72.936056,4.425638],[-72.935901,4.425698],[-72.935824,4.425794],[-72.935747,4.42594],[-72.93567,4.426058],[-72.935594,4.426317],[-72.935519,4.426642],[-72.935421,4.426808]]}},{"type":"Feature","properties":{"TIPO":"Balastrada","CODIGO":"Interna","ZONA":"1","BLOQUE":"2","COD_BP":"B.2-P.3"},"geometry":{"type":"LineString","coordinates":[[-72.966022,4.498359],[-72.966013,4.497782],[-72.966166,4.497521],[-72.966297,4.497214],[-72.966357,4.496784],[-72.967483,4.496126],[-72.968222,4.494792],[-72.96822,4.494133]]}},{"type":"Feature","properties":{"TIPO":"Balastrada","CODIGO":"Interna","ZONA":"1","BLOQUE":"2","COD_BP":"B.2-P.3"},"geometry":{"type":"LineString","coordinates":[[-72.967829,4.492587],[-72.967342,4.4923],[-72.967329,4.492187],[-72.967336,4.492055],[-72.967429,4.491832],[-72.967541,4.491598],[-72.967599,4.49141],[-72.967602,4.490893],[-72.967512,4.490802],[-72.966912,4.490013],[-72.966798,4.489754],[-72.966713,4.489481],[-72.966613,4.489352],[-72.96607,4.488949],[-72.966054,4.488687],[-72.967038,4.488115],[-72.967047,4.485769]]}},{"type":"Feature","properties":{"TIPO":"Balastrada","CODIGO":"Interna","ZONA":"5","BLOQUE":"335","COD_BP":"B.335-P.3"},"geometry":{"type":"LineString","coordinates":[[-72.93291,4.430736],[-72.932901,4.430764],[-72.932879,4.430853],[-72.932868,4.431001],[-72.932831,4.431119],[-72.932797,4.431356],[-72.932753,4.431522],[-72.932719,4.431639],[-72.932686,4.431828],[-72.932675,4.432013],[-72.932682,4.432076],[-72.932737,4.432283],[-72.932762,4.432383],[-72.932799,4.432615],[-72.932809,4.432649],[-72.93285,4.432674]]}},{"type":"Feature","properties":{"TIPO":"Balastrada","CODIGO":"Interna","ZONA":"5","BLOQUE":"335","COD_BP":"B.335-P.2"},"geometry":{"type":"LineString","coordinates":[[-72.932412,4.434635],[-72.932387,4.43475],[-72.932349,4.43489],[-72.932273,4.435135],[-72.932244,4.435219],[-72.932221,4.435277],[-72.932197,4.435295],[-72.932119,4.43536],[-72.931964,4.435495],[-72.93181,4.435619],[-72.931654,4.435717],[-72.931583,4.435775],[-72.931468,4.435856],[-72.931411,4.435959]]}},{"type":"Feature","properties":{"TIPO":"Balastrada","CODIGO":"Interna","ZONA":"5","BLOQUE":"327","COD_BP":"B.327-P.6"},"geometry":{"type":"LineString","coordinates":[[-72.927771,4.438556],[-72.927799,4.438542],[-72.927958,4.438443],[-72.928026,4.43838],[-72.928065,4.438355],[-72.928107,4.43834],[-72.928193,4.438317]]}},{"type":"Feature","properties":{"TIPO":"Balastrada","CODIGO":"Interna","ZONA":"5","BLOQUE":"336","COD_BP":"B.336-P.18"},"geometry":{"type":"LineString","coordinates":[[-72.922296,4.442018],[-72.923425,4.441311],[-72.924008,4.440941]]}},{"type":"Feature","properties":{"TIPO":"Balastrada","CODIGO":"Interna","ZONA":"5","BLOQUE":"336","COD_BP":"B.336-P.17"},"geometry":{"type":"LineString","coordinates":[[-72.916464,4.441395],[-72.916482,4.44144],[-72.916548,4.44163],[-72.916559,4.441657],[-72.916621,4.441741],[-72.916636,4.441764],[-72.91664,4.441787],[-72.916642,4.441888],[-72.91665,4.441932],[-72.916665,4.441973],[-72.916854,4.442461],[-72.917034,4.442928],[-72.917071,4.442981],[-72.917099,4.443]]}},{"type":"Feature","properties":{"TIPO":"Balastrada","CODIGO":"Interna","ZONA":"5","BLOQUE":"336","COD_BP":"B.336-P.13"},"geometry":{"type":"LineString","coordinates":[[-72.906592,4.428276],[-72.906611,4.428298],[-72.907781,4.429651]]}},{"type":"Feature","properties":{"TIPO":"Balastrada","CODIGO":"Interna","NDESCRIPCI":"Bloque 336","ZONA":"5","BLOQUE":"336","COD_BP":"B.336-P.13"},"geometry":{"type":"LineString","coordinates":[[-72.90643,4.426292],[-72.906443,4.428023],[-72.906452,4.428072],[-72.906496,4.42815],[-72.90653,4.428193],[-72.906592,4.428276]]}},{"type":"Feature","properties":{"TIPO":"Balastrada","CODIGO":"Interna","ZONA":"5","BLOQUE":"336","COD_BP":"B.336-P.12"},"geometry":{"type":"LineString","coordinates":[[-72.914565,4.421483],[-72.914555,4.422699],[-72.914555,4.422766],[-72.91458,4.422812],[-72.914609,4.422833],[-72.914655,4.422856]]}},{"type":"Feature","properties":{"TIPO":"Balastrada","CODIGO":"Interna","ZONA":"5","BLOQUE":"336","COD_BP":"B.336-P.11"},"geometry":{"type":"LineString","coordinates":[[-72.919872,4.416101],[-72.919775,4.41624],[-72.91974,4.416472],[-72.91977,4.416654],[-72.920065,4.417247],[-72.920103,4.417354],[-72.920159,4.417609],[-72.920243,4.41812]]}},{"type":"Feature","properties":{"TIPO":"Balastrada","CODIGO":"Interna","ZONA":"4","BLOQUE":"332","COD_BP":"B.332-P.17"},"geometry":{"type":"LineString","coordinates":[[-72.957681,4.439989],[-72.957641,4.440068],[-72.95759,4.440163],[-72.957567,4.440229],[-72.95755,4.44028],[-72.957527,4.440337],[-72.957494,4.440401],[-72.957416,4.440442],[-72.95735,4.440498],[-72.957291,4.440539],[-72.957244,4.440577],[-72.957194,4.440601],[-72.957144,4.440626],[-72.957088,4.440646],[-72.957028,4.44065],[-72.956979,4.440651],[-72.956911,4.440644],[-72.956854,4.440635],[-72.95679,4.440627],[-72.956746,4.440615],[-72.956699,4.440598]]}},{"type":"Feature","properties":{"TIPO":"Balastrada","CODIGO":"Interna","ZONA":"4","BLOQUE":"332","COD_BP":"B.332-P.14"},"geometry":{"type":"LineString","coordinates":[[-72.956699,4.440598],[-72.956814,4.440284],[-72.956928,4.439958],[-72.95706,4.439604],[-72.957174,4.439296],[-72.957283,4.438966],[-72.957334,4.438829],[-72.957412,4.438606],[-72.957462,4.438459],[-72.957542,4.43824],[-72.957595,4.438098]]}},{"type":"Feature","properties":{"TIPO":"Balastrada","CODIGO":"Interna","ZONA":"4","BLOQUE":"332","COD_BP":"B.332-P.14"},"geometry":{"type":"LineString","coordinates":[[-72.956511,4.441994],[-72.956534,4.441963],[-72.956568,4.441913],[-72.956582,4.441871],[-72.956587,4.44182],[-72.956591,4.441033],[-72.956605,4.440882],[-72.956616,4.440833],[-72.95664,4.440752],[-72.956678,4.440645],[-72.956699,4.440598]]}},{"type":"Feature","properties":{"TIPO":"Balastrada","CODIGO":"Interna","NDESCRIPCI":"Bloque 337","ZONA":"4","BLOQUE":"337","COD_BP":"B.337-P.2"},"geometry":{"type":"LineString","coordinates":[[-72.936568,4.405817],[-72.937849,4.40504]]}},{"type":"Feature","properties":{"TIPO":"Balastrada","CODIGO":"Interna","ZONA":"4","BLOQUE":"337","COD_BP":"B.337-P.8"},"geometry":{"type":"LineString","coordinates":[[-72.956075,4.419499],[-72.956294,4.419633],[-72.956616,4.419813],[-72.956901,4.419979],[-72.957464,4.42031],[-72.957579,4.420376],[-72.957643,4.42041],[-72.9577,4.420439],[-72.957737,4.420439],[-72.95777,4.420423],[-72.957807,4.420393],[-72.957842,4.42037],[-72.957879,4.420355],[-72.957919,4.420341],[-72.957999,4.420331]]}},{"type":"Feature","properties":{"TIPO":"Balastrada","CODIGO":"Interna","ZONA":"4","BLOQUE":"16","COD_BP":"B.16-P.7"},"geometry":{"type":"LineString","coordinates":[[-72.97234,4.425835],[-72.97242,4.425794],[-72.972464,4.425757],[-72.972487,4.425727],[-72.97249,4.42569],[-72.972483,4.425641],[-72.97244,4.425547],[-72.972392,4.425461]]}},{"type":"Feature","properties":{"TIPO":"Balastrada","CODIGO":"Interna","ZONA":"4","BLOQUE":"11","COD_BP":"B.11-P.12"},"geometry":{"type":"LineString","coordinates":[[-72.977645,4.444049],[-72.977656,4.444067],[-72.977701,4.444148],[-72.977862,4.444384],[-72.978015,4.444592],[-72.978069,4.444691],[-72.978114,4.444746],[-72.978159,4.4448],[-72.978213,4.444863],[-72.97826,4.444904],[-72.978276,4.444918]]}},{"type":"Feature","properties":{"TIPO":"Balastrada","CODIGO":"Interna","ZONA":"4","BLOQUE":"11","COD_BP":"B.11-P.7"},"geometry":{"type":"LineString","coordinates":[[-72.982165,4.449558],[-72.982204,4.450547],[-72.982211,4.450664],[-72.982213,4.450701]]}},{"type":"Feature","properties":{"TIPO":"Balastrada","CODIGO":"Interna","NDESCRIPCI":"Vía interna de Playa Rica 1 y 2","ZONA":"2","BLOQUE":"90","COD_BP":"B.90-P.591"},"geometry":{"type":"LineString","coordinates":[[-72.951172,4.470635],[-72.95112,4.470697],[-72.951099,4.47076],[-72.951056,4.47363]]}},{"type":"Feature","properties":{"TIPO":"Proyectada","ZONA":"0","BLOQUE":"0"},"geometry":{"type":"LineString","coordinates":[[-72.975872,4.467647],[-72.975872,4.471628]]}},{"type":"Feature","properties":{"TIPO":"BalastradaP1","NDESCRIPCI":"PROPUESTA 1","ZONA":"0","BLOQUE":"0"},"geometry":{"type":"LineString","coordinates":[[-72.997777,4.437177],[-72.999036,4.436892],[-73.001147,4.435173],[-73.001262,4.435316],[-73.003272,4.434652],[-73.008641,4.432867],[-73.015928,4.431966]]}},{"type":"Feature","properties":{"TIPO":"Ruta","NDESCRIPCI":"Lecheria Forzosa","ZONA":"0","BLOQUE":"0"},"geometry":{"type":"LineString","coordinates":[[-73.074266,4.414268],[-73.065682,4.407994]]}},{"type":"Feature","properties":{"TIPO":"Balastrada","CODIGO":"Interna","ZONA":"1","BLOQUE":"18","COD_BP":"B.18-P.4"},"geometry":{"type":"LineString","coordinates":[[-72.985499,4.527998],[-72.985684,4.52793],[-72.985864,4.527858],[-72.985963,4.527794],[-72.986026,4.527722],[-72.986063,4.527677],[-72.986081,4.527623],[-72.98609,4.527541],[-72.986028,4.526908],[-72.985983,4.526583],[-72.985939,4.526149],[-72.985919,4.525985]]}},{"type":"Feature","properties":{"TIPO":"Balastrada","CODIGO":"Interna","ZONA":"1","BLOQUE":"17","COD_BP":"B.17-P.1"},"geometry":{"type":"LineString","coordinates":[[-72.954782,4.535408],[-72.954779,4.535405],[-72.954743,4.535359],[-72.953429,4.534589]]}},{"type":"Feature","properties":{"TIPO":"Balastrada","CODIGO":"Interna","ZONA":"1","BLOQUE":"20","COD_BP":"B.20-P.15"},"geometry":{"type":"LineString","coordinates":[[-72.951494,4.519849],[-72.951378,4.519883],[-72.951318,4.519904],[-72.951264,4.51991],[-72.951209,4.519876],[-72.951128,4.519824],[-72.951043,4.51979],[-72.950922,4.519768],[-72.950845,4.519758],[-72.950756,4.519736],[-72.950671,4.519714],[-72.950624,4.519696],[-72.950527,4.519655],[-72.950487,4.519651],[-72.95041,4.519666],[-72.950377,4.519678],[-72.950347,4.5197],[-72.950331,4.519748],[-72.950299,4.519894],[-72.950287,4.519935]]}},{"type":"Feature","properties":{"TIPO":"Balastrada","CODIGO":"Interna","NDESCRIPCI":"VIA PRINCIPAL INTERNA","ZONA":"2","BLOQUE":"90","COD_BP":"B.90-P.531"},"geometry":{"type":"LineString","coordinates":[[-72.964113,4.474133],[-72.964105,4.474059],[-72.964086,4.473992],[-72.964025,4.473843],[-72.963868,4.473508],[-72.96376,4.473153],[-72.963597,4.472716],[-72.963597,4.472715]]}},{"type":"Feature","properties":{"TIPO":"Balastrada","CODIGO":"Interna","NDESCRIPCI":"FORZOSA -","ZONA":"7","BLOQUE":"339","COD_BP":"B.339-P.3"},"geometry":{"type":"LineString","coordinates":[[-73.061649,4.396683],[-73.061178,4.396356],[-73.061165,4.396348]]}},{"type":"Feature","properties":{"TIPO":"Balastrada","CODIGO":"Interna","NDESCRIPCI":"Bloque 31","ZONA":"7","BLOQUE":"31","COD_BP":"B.31-P.7"},"geometry":{"type":"LineString","coordinates":[[-73.048508,4.413592],[-73.048137,4.414235]]}},{"type":"Feature","properties":{"TIPO":"Balastrada","CODIGO":"Interna","NDESCRIPCI":"Bloque 31","ZONA":"7","BLOQUE":"31","COD_BP":"B.31-P.21"},"geometry":{"type":"LineString","coordinates":[[-73.081809,4.410454],[-73.081648,4.410359],[-73.081565,4.410318],[-73.081463,4.410296],[-73.076861,4.410286],[-73.07676,4.410286]]}},{"type":"Feature","properties":{"TIPO":"Balastrada","CODIGO":"Interna","NDESCRIPCI":"Bloque 31","ZONA":"7","BLOQUE":"31","COD_BP":"B.31-P.17"},"geometry":{"type":"LineString","coordinates":[[-73.093432,4.417249],[-73.091807,4.416282]]}},{"type":"Feature","properties":{"TIPO":"Balastrada","CODIGO":"Interna","NDESCRIPCI":"Bloque 31","ZONA":"7","BLOQUE":"31","COD_BP":"B.31-P.17"},"geometry":{"type":"LineString","coordinates":[[-73.091807,4.416282],[-73.090422,4.415457],[-73.0903,4.415355],[-73.090256,4.415317]]}},{"type":"Feature","properties":{"TIPO":"Balastrada","CODIGO":"Interna","NDESCRIPCI":"Bloque 31","ZONA":"7","BLOQUE":"31","COD_BP":"B.31-P.20"},"geometry":{"type":"LineString","coordinates":[[-73.085148,4.412456],[-73.083041,4.416058]]}},{"type":"Feature","properties":{"TIPO":"Balastrada","CODIGO":"Interna","NDESCRIPCI":"Bloque 31","ZONA":"7","BLOQUE":"31","COD_BP":"B.31-P.11"},"geometry":{"type":"LineString","coordinates":[[-73.078337,4.420263],[-73.080005,4.421247]]}},{"type":"Feature","properties":{"TIPO":"Balastrada","CODIGO":"Interna","NDESCRIPCI":"Bloque 31","ZONA":"7","BLOQUE":"31","COD_BP":"B.31-P.15"},"geometry":{"type":"LineString","coordinates":[[-73.089111,4.428527],[-73.08419,4.425622]]}},{"type":"Feature","properties":{"TIPO":"Balastrada","CODIGO":"Interna","NDESCRIPCI":"Bloque 31","ZONA":"7","BLOQUE":"31","COD_BP":"B.31-P.10"},"geometry":{"type":"LineString","coordinates":[[-73.076686,4.421192],[-73.076257,4.420938]]}},{"type":"Feature","properties":{"TIPO":"Balastrada","CODIGO":"Interna","NDESCRIPCI":"Bloque 31","ZONA":"7","BLOQUE":"31","COD_BP":"B.31-P.11"},"geometry":{"type":"LineString","coordinates":[[-73.0743,4.414343],[-73.073862,4.415503],[-73.073746,4.415735],[-73.073623,4.415871],[-73.073469,4.416167],[-73.072799,4.417498],[-73.072272,4.418586]]}},{"type":"Feature","properties":{"TIPO":"Balastrada","CODIGO":"Interna","NDESCRIPCI":"Bloque 340","ZONA":"8","BLOQUE":"340","COD_BP":"B.340-P.4"},"geometry":{"type":"LineString","coordinates":[[-73.000805,4.43396],[-73.000809,4.427467],[-73.000791,4.427283]]}},{"type":"Feature","properties":{"TIPO":"Balastrada","CODIGO":"Interna","NDESCRIPCI":"Bloque 340","ZONA":"8","BLOQUE":"340","COD_BP":"B.340-P.3"},"geometry":{"type":"LineString","coordinates":[[-73.003867,4.42906],[-73.003692,4.430378],[-73.003631,4.430762],[-73.003209,4.433555]]}},{"type":"Feature","properties":{"TIPO":"Balastrada","CODIGO":"Interna","NDESCRIPCI":"Bloque 340","ZONA":"8","BLOQUE":"340","COD_BP":"B.340-P.12"},"geometry":{"type":"LineString","coordinates":[[-72.998696,4.429217],[-72.996177,4.430668]]}},{"type":"Feature","properties":{"TIPO":"Proyectada","CODIGO":"Interna","NDESCRIPCI":"Bloque 340","ZONA":"8","BLOQUE":"340","COD_BP":"B.340-P.12"},"geometry":{"type":"LineString","coordinates":[[-72.996284,4.430605],[-72.996641,4.431403],[-72.997197,4.432275],[-72.997471,4.432758],[-72.997623,4.432999]]}},{"type":"Feature","properties":{"TIPO":"Balastrada","CODIGO":"Interna","NDESCRIPCI":"Bloque 340","ZONA":"8","BLOQUE":"340","COD_BP":"B.340-P.10"},"geometry":{"type":"LineString","coordinates":[[-72.991194,4.420579],[-72.991421,4.420909],[-72.991766,4.421522],[-72.991973,4.421833]]}},{"type":"Feature","properties":{"TIPO":"Balastrada","CODIGO":"Interna","NDESCRIPCI":"Bloque 340","ZONA":"8","BLOQUE":"340","COD_BP":"B.340-P.23"},"geometry":{"type":"LineString","coordinates":[[-72.982872,4.421239],[-72.980778,4.421234]]}},{"type":"Feature","properties":{"TIPO":"Balastrada","CODIGO":"Interna","NDESCRIPCI":"Bloque 340","ZONA":"8","BLOQUE":"340","COD_BP":"B.340-P.19"},"geometry":{"type":"LineString","coordinates":[[-72.987115,4.421243],[-72.984871,4.421243]]}},{"type":"Feature","properties":{"TIPO":"Balastrada","CODIGO":"Interna","NDESCRIPCI":"Bloque 340","ZONA":"8","BLOQUE":"340","COD_BP":"B.340-P.15"},"geometry":{"type":"LineString","coordinates":[[-72.991278,4.422708],[-72.990101,4.422706]]}},{"type":"Feature","properties":{"TIPO":"Balastrada","CODIGO":"Interna","NDESCRIPCI":"Bloque 340","ZONA":"8","BLOQUE":"340","COD_BP":"B.340-P.22"},"geometry":{"type":"LineString","coordinates":[[-72.984871,4.421243],[-72.984375,4.421243],[-72.982872,4.421239]]}},{"type":"Feature","properties":{"TIPO":"Balastrada","CODIGO":"Interna","NDESCRIPCI":"Bloque 340","ZONA":"8","BLOQUE":"340","COD_BP":"B.340-P.26"},"geometry":{"type":"LineString","coordinates":[[-72.980778,4.421234],[-72.97947,4.421231]]}},{"type":"Feature","properties":{"TIPO":"Balastrada","CODIGO":"Interna","NDESCRIPCI":"Bloque 340","ZONA":"8","BLOQUE":"340","COD_BP":"B.340-P.18"},"geometry":{"type":"LineString","coordinates":[[-72.98713,4.415243],[-72.984951,4.413973]]}},{"type":"Feature","properties":{"TIPO":"Balastrada","CODIGO":"Interna","NDESCRIPCI":"Bloque 340","ZONA":"8","BLOQUE":"340","COD_BP":"B.340-P.17"},"geometry":{"type":"LineString","coordinates":[[-72.98713,4.415243],[-72.987135,4.413253],[-72.98721,4.413079],[-72.987797,4.41274],[-72.987886,4.412685],[-72.988051,4.412413]]}},{"type":"Feature","properties":{"TIPO":"Balastrada","CODIGO":"Interna","NDESCRIPCI":"Bloque 340","ZONA":"8","BLOQUE":"340","COD_BP":"B.340-P.18"},"geometry":{"type":"LineString","coordinates":[[-72.987965,4.40869],[-72.987875,4.408708],[-72.987811,4.408743],[-72.987716,4.408844],[-72.987643,4.40893],[-72.987568,4.408971],[-72.987486,4.408994],[-72.987417,4.409029],[-72.987346,4.409107],[-72.987305,4.409193],[-72.987285,4.409254],[-72.987247,4.409289],[-72.9872,4.409281],[-72.987155,4.409278]]}},{"type":"Feature","properties":{"TIPO":"Balastrada","CODIGO":"Interna","NDESCRIPCI":"Bloque 340","ZONA":"8","BLOQUE":"340","COD_BP":"B.340-P.16"},"geometry":{"type":"LineString","coordinates":[[-72.991472,4.419344],[-72.991483,4.419305],[-72.991505,4.419259],[-72.991539,4.419205],[-72.991567,4.419135],[-72.991591,4.419006],[-72.991619,4.418827],[-72.991649,4.418532],[-72.991684,4.418232],[-72.991705,4.417998],[-72.991709,4.417896],[-72.991705,4.417817],[-72.991688,4.417719],[-72.99168,4.417634],[-72.991669,4.417528],[-72.991674,4.417463],[-72.991686,4.417344],[-72.991709,4.417127],[-72.991718,4.416987],[-72.991733,4.416739],[-72.991737,4.416644],[-72.99178,4.416341],[-72.991807,4.416077],[-72.991822,4.41598],[-72.991845,4.415906],[-72.991894,4.415784],[-72.991929,4.415714],[-72.992033,4.415531],[-72.99207,4.415458],[-72.992142,4.415319],[-72.992198,4.415181],[-72.992246,4.41504],[-72.992309,4.414816],[-72.992361,4.414633],[-72.992395,4.414466],[-72.992421,4.414351],[-72.992466,4.414166],[-72.992524,4.413951],[-72.992542,4.413867],[-72.992553,4.413753],[-72.992544,4.413616],[-72.9925,4.413445],[-72.992466,4.413322],[-72.992452,4.413198],[-72.992439,4.41305]]}},{"type":"Feature","properties":{"TIPO":"Proyectada","CODIGO":"Interna","NDESCRIPCI":"Bloque 340","ZONA":"8","BLOQUE":"340","COD_BP":"B.340-P.28"},"geometry":{"type":"LineString","coordinates":[[-72.992929,4.409063],[-72.992804,4.409061],[-72.992592,4.409057],[-72.992542,4.409062],[-72.992379,4.409128],[-72.992198,4.409203],[-72.992087,4.40927],[-72.991979,4.409336],[-72.991871,4.409397],[-72.991833,4.409411],[-72.991793,4.409407],[-72.99175,4.409381],[-72.99162,4.409302],[-72.991197,4.409149],[-72.991165,4.409118],[-72.991111,4.409107],[-72.991053,4.409114],[-72.990969,4.409105],[-72.990888,4.409091],[-72.990796,4.40907],[-72.990709,4.409037],[-72.990667,4.409017],[-72.990646,4.409017],[-72.990611,4.409031],[-72.989946,4.40941],[-72.989859,4.409458],[-72.989834,4.409471],[-72.98979,4.409467],[-72.989704,4.40944],[-72.98954,4.409386],[-72.989448,4.409355],[-72.989404,4.40933],[-72.989383,4.409295],[-72.989322,4.409256],[-72.989243,4.409231],[-72.989193,4.409231],[-72.989151,4.409245],[-72.989103,4.409268],[-72.989064,4.409302],[-72.989002,4.409343],[-72.988937,4.409375],[-72.988881,4.409397],[-72.988845,4.4094],[-72.988808,4.409375],[-72.988793,4.409327],[-72.988726,4.40914],[-72.988705,4.409117],[-72.988653,4.409103],[-72.988605,4.409097],[-72.988572,4.409082],[-72.988542,4.409053],[-72.988465,4.408979],[-72.988379,4.408927],[-72.988308,4.408879],[-72.988213,4.408825]]}},{"type":"Feature","properties":{"TIPO":"Balastrada","CODIGO":"Interna","NDESCRIPCI":"Bloque 340","ZONA":"8","BLOQUE":"340","COD_BP":"B.340-P.16"},"geometry":{"type":"LineString","coordinates":[[-72.991278,4.422708],[-72.991224,4.422565],[-72.990914,4.421733],[-72.99091,4.421665],[-72.990993,4.42139],[-72.991049,4.421163],[-72.991235,4.420428],[-72.991397,4.419815],[-72.99145,4.419575],[-72.991463,4.419501],[-72.991469,4.419423],[-72.991472,4.419344]]}},{"type":"Feature","properties":{"TIPO":"Balastrada","CODIGO":"Interna","NDESCRIPCI":"Bloque 340","ZONA":"8","BLOQUE":"340","COD_BP":"B.340-P.15"},"geometry":{"type":"LineString","coordinates":[[-72.992446,4.425869],[-72.992163,4.425113],[-72.991799,4.424153],[-72.991473,4.423224],[-72.991278,4.422708]]}},{"type":"Feature","properties":{"TIPO":"Proyectada","CODIGO":"Interna","NDESCRIPCI":"Bloque 340","ZONA":"8","BLOQUE":"340","COD_BP":"B.340-P.3"},"geometry":{"type":"LineString","coordinates":[[-73.003209,4.433555],[-73.003176,4.433771],[-73.00312,4.433828],[-73.00223,4.434439],[-73.001209,4.435093],[-73.001132,4.435134],[-73.000804,4.434898]]}},{"type":"Feature","properties":{"TIPO":"Balastrada","CODIGO":"Interna","ZONA":"10","BLOQUE":"123","COD_BP":"B.123-P.304"},"geometry":{"type":"LineString","coordinates":[[-72.96119,4.477852],[-72.961239,4.477924],[-72.961277,4.478026],[-72.961304,4.478107],[-72.961322,4.47817],[-72.961322,4.478229],[-72.96131,4.478319],[-72.961303,4.478406],[-72.96128,4.478463],[-72.961271,4.478513],[-72.961279,4.478579],[-72.961282,4.478633],[-72.961297,4.478693],[-72.961315,4.478744],[-72.961318,4.478789],[-72.961321,4.47886],[-72.961312,4.478917],[-72.961239,4.479003],[-72.961204,4.479046],[-72.961153,4.479102],[-72.961076,4.479171],[-72.960989,4.47924],[-72.960915,4.47929],[-72.960834,4.479353],[-72.96076,4.479386],[-72.960676,4.479413],[-72.960602,4.479439],[-72.960512,4.47943],[-72.96045,4.479364],[-72.960317,4.479123]]}},{"type":"Feature","properties":{"TIPO":"Proyectada","CODIGO":"Interna","NDESCRIPCI":"Bloque 340","ZONA":"8","BLOQUE":"340","COD_BP":"B.340-P.4"},"geometry":{"type":"LineString","coordinates":[[-73.000804,4.434898],[-73.000805,4.43396]]}},{"type":"Feature","properties":{"TIPO":"Balastrada","CODIGO":"Interna","NDESCRIPCI":"FORZOSA -","ZONA":"7","BLOQUE":"31","COD_BP":"B.31-P.25"},"geometry":{"type":"LineString","coordinates":[[-73.092529,4.404312],[-73.09106,4.403625],[-73.087378,4.401899],[-73.087345,4.401899],[-73.087304,4.401932],[-73.086124,4.403137],[-73.085928,4.403309],[-73.085394,4.403909],[-73.084298,4.405015]]}},{"type":"Feature","properties":{"TIPO":"Proyectada","CODIGO":"Interna","ZONA":"4","BLOQUE":"332","COD_BP":"B.332-P.1"},"geometry":{"type":"LineString","coordinates":[[-72.94468,4.442533],[-72.944618,4.440326],[-72.943748,4.438701],[-72.94335,4.437917]]}},{"type":"Feature","properties":{"TIPO":"Balastrada","CODIGO":"Externa","ZONA":"0","BLOQUE":"0"},"geometry":{"type":"LineString","coordinates":[[-73.072911,4.352357],[-73.072803,4.35249],[-73.072742,4.352544],[-73.07271,4.352587],[-73.072696,4.352633],[-73.072703,4.352691],[-73.072744,4.352766],[-73.072892,4.353143],[-73.072977,4.353384],[-73.073041,4.353531],[-73.073095,4.353675],[-73.07312,4.353707],[-73.073163,4.353721],[-73.073209,4.353725],[-73.073274,4.353693],[-73.073338,4.353646],[-73.073427,4.353596],[-73.073535,4.35355],[-73.073667,4.35351],[-73.073746,4.353496],[-73.073828,4.353464],[-73.073914,4.353425],[-73.07396,4.35341],[-73.074028,4.353396],[-73.074146,4.353411],[-73.074307,4.353454],[-73.074621,4.353544],[-73.074804,4.353587],[-73.074882,4.353595],[-73.075015,4.353591],[-73.075186,4.353555],[-73.075401,4.353513],[-73.075537,4.353502],[-73.075737,4.353481],[-73.075901,4.353438],[-73.076023,4.353399],[-73.07628,4.353356],[-73.07672,4.353274],[-73.077081,4.353213],[-73.077389,4.35316],[-73.077797,4.353082],[-73.078376,4.352975],[-73.078648,4.352925],[-73.078905,4.352886],[-73.079012,4.352879],[-73.079048,4.352882],[-73.079148,4.352897],[-73.07923,4.352901],[-73.07932,4.352879],[-73.079413,4.352843],[-73.079495,4.352822],[-73.07962,4.352804],[-73.079724,4.352812],[-73.080582,4.352906],[-73.080989,4.35295],[-73.081261,4.352975],[-73.081364,4.353011],[-73.081414,4.353061],[-73.081454,4.353137],[-73.081468,4.353191],[-73.081457,4.353348],[-73.081385,4.353682],[-73.081223,4.354335],[-73.081212,4.354418]]}},{"type":"Feature","properties":{"TIPO":"Proyectada","CODIGO":"Interna","NDESCRIPCI":"Bloque 31","ZONA":"7","BLOQUE":"31","COD_BP":"B.31-P.10"},"geometry":{"type":"LineString","coordinates":[[-73.067626,4.423926],[-73.065971,4.422949]]}},{"type":"Feature","properties":{"TIPO":"Balastrada","CODIGO":"Interna","ZONA":"2","BLOQUE":"90","COD_BP":"B.90-P.595"},"geometry":{"type":"LineString","coordinates":[[-72.954327,4.480606],[-72.954327,4.480059],[-72.954088,4.479725],[-72.95401,4.479571]]}},{"type":"Feature","properties":{"TIPO":"Proyectada","CODIGO":"Interna","ZONA":"2","BLOQUE":"90","COD_BP":"B.90-P.594"},"geometry":{"type":"LineString","coordinates":[[-72.952946,4.483952],[-72.95183,4.48395],[-72.951792,4.48395]]}},{"type":"Feature","properties":{"TIPO":"Balastrada","CODIGO":"Interna","NDESCRIPCI":"Bloque 340","ZONA":"8","BLOQUE":"340","COD_BP":"B.340-P.3"},"geometry":{"type":"LineString","coordinates":[[-73.002311,4.428161],[-73.003867,4.42906]]}},{"type":"Feature","properties":{"TIPO":"Balastrada","CODIGO":"Interna","NDESCRIPCI":"Bloque 340","ZONA":"8","BLOQUE":"340","COD_BP":"B.340-P.5"},"geometry":{"type":"LineString","coordinates":[[-72.998765,4.426105],[-72.998847,4.426145],[-73.000791,4.427283]]}},{"type":"Feature","properties":{"TIPO":"Balastrada","CODIGO":"Interna","ZONA":"2","BLOQUE":"90","COD_BP":"B.90-P.592"},"geometry":{"type":"LineString","coordinates":[[-72.961285,4.475119],[-72.961251,4.475118],[-72.96112,4.475129],[-72.961016,4.475148]]}},{"type":"Feature","properties":{"TIPO":"Balastrada","CODIGO":"Interna","ZONA":"1","BLOQUE":"20","COD_BP":"B.20-P.11"},"geometry":{"type":"LineString","coordinates":[[-72.948887,4.508516],[-72.945255,4.50851]]}},{"type":"Feature","properties":{"TIPO":"Balastrada","CODIGO":"Interna","NDESCRIPCI":"FORZOSA -","ZONA":"7","BLOQUE":"31","COD_BP":"B.31-P.1"},"geometry":{"type":"LineString","coordinates":[[-73.062343,4.397149],[-73.062037,4.396953],[-73.061649,4.396683]]}},{"type":"Feature","properties":{"TIPO":"Balastrada","CODIGO":"Interna","NDESCRIPCI":"Bloque 341","ZONA":"3","BLOQUE":"341","COD_BP":"B.341-P.1"},"geometry":{"type":"LineString","coordinates":[[-72.991554,4.43718],[-72.991487,4.437161],[-72.991462,4.437139],[-72.991448,4.437123],[-72.991434,4.437115],[-72.991421,4.437119],[-72.991148,4.437301],[-72.99113,4.437305],[-72.991113,4.437296],[-72.991097,4.437281],[-72.991076,4.437263],[-72.99106,4.437258],[-72.99104,4.437255],[-72.991027,4.437246],[-72.991005,4.437227],[-72.990965,4.437187],[-72.990889,4.437132]]}},{"type":"Feature","properties":{"TIPO":"Balastrada","CODIGO":"Interna","ZONA":"1","BLOQUE":"2","COD_BP":"B.2-P.6"},"geometry":{"type":"LineString","coordinates":[[-72.966991,4.499979],[-72.967365,4.500197],[-72.967645,4.500233],[-72.967959,4.500329],[-72.968239,4.500414],[-72.968515,4.5005],[-72.969065,4.500639],[-72.969534,4.500792]]}},{"type":"Feature","properties":{"TIPO":"Balastrada","CODIGO":"Interna","ZONA":"0","BLOQUE":"90","COD_BP":"B.90-P.601"},"geometry":{"type":"LineString","coordinates":[[-72.960849,4.486828],[-72.960845,4.490895]]}},{"type":"Feature","properties":{"TIPO":"Balastrada","CODIGO":"Interna","ZONA":"1","BLOQUE":"20","COD_BP":"B.20-P.9"},"geometry":{"type":"LineString","coordinates":[[-72.948224,4.513071],[-72.942714,4.513063]]}},{"type":"Feature","properties":{"TIPO":"Balastrada","CODIGO":"Interna","ZONA":"1","BLOQUE":"20","COD_BP":"B.20-P.7"},"geometry":{"type":"LineString","coordinates":[[-72.939419,4.517614],[-72.941196,4.517617],[-72.943268,4.51762]]}},{"type":"Feature","properties":{"TIPO":"Balastrada","CODIGO":"Interna","ZONA":"1","BLOQUE":"20","COD_BP":"B.20-P.16"},"geometry":{"type":"LineString","coordinates":[[-72.948165,4.517149],[-72.948167,4.517149],[-72.948194,4.517149],[-72.948221,4.517158],[-72.948239,4.517176],[-72.948248,4.517203],[-72.948257,4.517294],[-72.948257,4.517366],[-72.948257,4.517538],[-72.948257,4.517547],[-72.948257,4.517556],[-72.948257,4.517565],[-72.948257,4.517574],[-72.948266,4.517592],[-72.948275,4.517601],[-72.948284,4.51761],[-72.948293,4.517619],[-72.948311,4.517628],[-72.94832,4.517628],[-72.948329,4.517628],[-72.948338,4.517628],[-72.948347,4.517628],[-72.949113,4.51763]]}},{"type":"Feature","properties":{"TIPO":"Balastrada","CODIGO":"Interna","ZONA":"1","BLOQUE":"20","COD_BP":"B.20-P.5"},"geometry":{"type":"LineString","coordinates":[[-72.947508,4.522184],[-72.944384,4.522179]]}},{"type":"Feature","properties":{"TIPO":"Balastrada","CODIGO":"Interna","ZONA":"1","BLOQUE":"20","COD_BP":"B.20-P.14"},"geometry":{"type":"LineString","coordinates":[[-72.948858,4.522186],[-72.947718,4.522184]]}},{"type":"Feature","properties":{"TIPO":"Balastrada","CODIGO":"Interna","ZONA":"1","BLOQUE":"20","COD_BP":"B.20-P.3"},"geometry":{"type":"LineString","coordinates":[[-72.944518,4.526736],[-72.942031,4.526732]]}},{"type":"Feature","properties":{"TIPO":"Balastrada","CODIGO":"Interna","ZONA":"1","BLOQUE":"17","COD_BP":"B.17-P.2"},"geometry":{"type":"LineString","coordinates":[[-72.955356,4.536366],[-72.955013,4.535767],[-72.95495,4.535649],[-72.954878,4.535522],[-72.954782,4.535408]]}},{"type":"Feature","properties":{"TIPO":"Balastrada","CODIGO":"Interna","ZONA":"11","BLOQUE":"2","COD_BP":"B.2-P.138"},"geometry":{"type":"LineString","coordinates":[[-72.957337,4.538585],[-72.959346,4.538591]]}},{"type":"Feature","properties":{"TIPO":"Balastrada","CODIGO":"Interna","ZONA":"11","BLOQUE":"1","COD_BP":"B.1-P.139"},"geometry":{"type":"LineString","coordinates":[[-72.961714,4.531737],[-72.961898,4.532038],[-72.963059,4.5336]]}},{"type":"Feature","properties":{"TIPO":"Balastrada","CODIGO":"Interna","ZONA":"11","BLOQUE":"2","COD_BP":"B.2-P.139"},"geometry":{"type":"LineString","coordinates":[[-72.963059,4.5336],[-72.963846,4.534659],[-72.964397,4.535364],[-72.965025,4.536177]]}},{"type":"Feature","properties":{"TIPO":"Balastrada","CODIGO":"Interna","NDESCRIPCI":"VIA PRINCIPAL DE LAS PARCELAS","ZONA":"1","BLOQUE":"14","COD_BP":"B.14-P.10"},"geometry":{"type":"LineString","coordinates":[[-72.97819,4.530724],[-72.976582,4.531024]]}},{"type":"Feature","properties":{"TIPO":"Balastrada","CODIGO":"Interna","NDESCRIPCI":"VIA PRINCIPAL DE LAS PARCELAS","ZONA":"1","BLOQUE":"14","COD_BP":"B.14-P.13"},"geometry":{"type":"LineString","coordinates":[[-72.974221,4.531488],[-72.973516,4.531616],[-72.973494,4.53162]]}},{"type":"Feature","properties":{"TIPO":"Balastrada","CODIGO":"Interna","NDESCRIPCI":"VIA PRINCIPAL DE LAS PARCELAS","ZONA":"1","BLOQUE":"14","COD_BP":"B.14-P.18"},"geometry":{"type":"LineString","coordinates":[[-72.973494,4.53162],[-72.973468,4.531625],[-72.971671,4.53195]]}},{"type":"Feature","properties":{"TIPO":"Balastrada","CODIGO":"Interna","NDESCRIPCI":"VIA PRINCIPAL DE LAS PARCELAS","ZONA":"1","BLOQUE":"14","COD_BP":"B.14-P.20"},"geometry":{"type":"LineString","coordinates":[[-72.972302,4.527664],[-72.970127,4.528059]]}},{"type":"Feature","properties":{"TIPO":"Balastrada","CODIGO":"Interna","NDESCRIPCI":"VIA CENTRAL","ZONA":"1","BLOQUE":"14","COD_BP":"B.14-P.11"},"geometry":{"type":"LineString","coordinates":[[-72.977651,4.52772],[-72.977472,4.526724]]}},{"type":"Feature","properties":{"TIPO":"Balastrada","CODIGO":"Interna","NDESCRIPCI":"VIA CENTRAL","ZONA":"1","BLOQUE":"14","COD_BP":"B.14-P.12"},"geometry":{"type":"LineString","coordinates":[[-72.977291,4.525711],[-72.977113,4.524722]]}},{"type":"Feature","properties":{"TIPO":"Balastrada","CODIGO":"Interna","NDESCRIPCI":"VIA CENTRAL","ZONA":"1","BLOQUE":"14","COD_BP":"B.14-P.12"},"geometry":{"type":"LineString","coordinates":[[-72.976931,4.523709],[-72.976753,4.522719]]}},{"type":"Feature","properties":{"TIPO":"Balastrada","CODIGO":"Interna","NDESCRIPCI":"VIA PRINCIPAL DE LA PARCELA","ZONA":"1","BLOQUE":"14","COD_BP":"B.14-P.15"},"geometry":{"type":"LineString","coordinates":[[-72.976397,4.520732],[-72.974708,4.521038]]}},{"type":"Feature","properties":{"TIPO":"Balastrada","CODIGO":"Interna","ZONA":"1","BLOQUE":"18","COD_BP":"B.18-P.3"},"geometry":{"type":"LineString","coordinates":[[-72.983832,4.518931],[-72.985091,4.518932]]}},{"type":"Feature","properties":{"TIPO":"Balastrada","CODIGO":"Interna","ZONA":"2","BLOQUE":"4","COD_BP":"B.4-P.8"},"geometry":{"type":"LineString","coordinates":[[-72.98214,4.509125],[-72.981919,4.50404],[-72.981905,4.503889],[-72.981865,4.503788],[-72.981902,4.503685],[-72.981959,4.503591],[-72.982065,4.503458]]}},{"type":"Feature","properties":{"TIPO":"Balastrada","CODIGO":"Interna","ZONA":"2","BLOQUE":"4","COD_BP":"B.4-P.4"},"geometry":{"type":"LineString","coordinates":[[-72.98374,4.497318],[-72.983659,4.495931],[-72.983614,4.494298],[-72.983544,4.493529],[-72.983466,4.491944]]}},{"type":"Feature","properties":{"TIPO":"Balastrada","CODIGO":"Interna","ZONA":"2","BLOQUE":"3","COD_BP":"B.3-P.3"},"geometry":{"type":"LineString","coordinates":[[-72.97699,4.488461],[-72.977111,4.491476]]}},{"type":"Feature","properties":{"TIPO":"Balastrada","CODIGO":"Interna","ZONA":"3","BLOQUE":"7","COD_BP":"B.7-P.8"},"geometry":{"type":"LineString","coordinates":[[-72.980379,4.487897],[-72.980033,4.487947],[-72.979864,4.48798],[-72.979726,4.488012],[-72.979605,4.488059],[-72.9793,4.488167],[-72.979273,4.488181]]}},{"type":"Feature","properties":{"TIPO":"Balastrada","CODIGO":"Interna","ZONA":"2","BLOQUE":"90","COD_BP":"B.90-P.468"},"geometry":{"type":"LineString","coordinates":[[-72.97637,4.479529],[-72.976281,4.479431],[-72.97616,4.479292],[-72.97599,4.479147],[-72.975874,4.479047],[-72.975629,4.478851],[-72.974932,4.478273],[-72.974479,4.477878]]}},{"type":"Feature","properties":{"TIPO":"Balastrada","CODIGO":"Interna","ZONA":"3","BLOQUE":"323","COD_BP":"B.323-P.8"},"geometry":{"type":"LineString","coordinates":[[-72.974061,4.461444],[-72.97406,4.462513],[-72.974031,4.467021]]}},{"type":"Feature","properties":{"TIPO":"Balastrada","CODIGO":"Interna","ZONA":"3","BLOQUE":"323","COD_BP":"B.323-P.4"},"geometry":{"type":"LineString","coordinates":[[-72.981852,4.457256],[-72.981842,4.457273],[-72.981842,4.457674],[-72.981813,4.457828],[-72.981811,4.462771]]}},{"type":"Feature","properties":{"TIPO":"Balastrada","CODIGO":"Interna","ZONA":"3","BLOQUE":"13","COD_BP":"B.13-P.7"},"geometry":{"type":"LineString","coordinates":[[-72.98797,4.463563],[-72.987968,4.464501],[-72.987967,4.464995],[-72.986957,4.465581],[-72.98693,4.465608]]}},{"type":"Feature","properties":{"TIPO":"Proyectada","CODIGO":"Interna","ZONA":"5","BLOQUE":"327","COD_BP":"B.327-P.2"},"geometry":{"type":"LineString","coordinates":[[-72.936554,4.457013],[-72.933451,4.457003]]}},{"type":"Feature","properties":{"TIPO":"Balastrada","CODIGO":"Interna","ZONA":"10","BLOQUE":"123","COD_BP":"B.123-P.118"},"geometry":{"type":"LineString","coordinates":[[-72.961071,4.476994],[-72.961034,4.477084],[-72.960978,4.477143],[-72.96087,4.477197],[-72.960754,4.477269],[-72.960662,4.47731],[-72.960566,4.47734],[-72.960483,4.477364],[-72.960432,4.477364],[-72.96039,4.477379],[-72.960355,4.477409],[-72.960322,4.477462],[-72.960292,4.47754],[-72.960283,4.477618]]}},{"type":"Feature","properties":{"TIPO":"Balastrada","CODIGO":"Interna","ZONA":"2","BLOQUE":"90","COD_BP":"B.90-P.596"},"geometry":{"type":"LineString","coordinates":[[-72.956859,4.478355],[-72.95686,4.479594]]}},{"type":"Feature","properties":{"TIPO":"Balastrada","CODIGO":"Interna","ZONA":"3","BLOQUE":"13","COD_BP":"B.13-P.2"},"geometry":{"type":"LineString","coordinates":[[-72.992931,4.466771],[-72.99293,4.467083],[-72.99293,4.467108],[-72.992928,4.468587]]}},{"type":"Feature","properties":{"TIPO":"Balastrada","CODIGO":"Interna","ZONA":"3","BLOQUE":"13","COD_BP":"B.13-P.1"},"geometry":{"type":"LineString","coordinates":[[-72.992392,4.465848],[-72.992391,4.46665],[-72.99239,4.46669],[-72.992398,4.466728],[-72.992416,4.466769],[-72.992449,4.466797],[-72.99293,4.467083]]}},{"type":"Feature","properties":{"TIPO":"Balastrada","CODIGO":"Interna","ZONA":"3","BLOQUE":"13","COD_BP":"B.13-P.5"},"geometry":{"type":"LineString","coordinates":[[-72.993238,4.457343],[-72.993235,4.459217]]}},{"type":"Feature","properties":{"TIPO":"Balastrada","CODIGO":"Interna","ZONA":"3","BLOQUE":"10","COD_BP":"B.10-P.5"},"geometry":{"type":"LineString","coordinates":[[-72.998052,4.461109],[-72.99536,4.461247]]}},{"type":"Feature","properties":{"TIPO":"Balastrada","CODIGO":"Interna","ZONA":"3","BLOQUE":"10","COD_BP":"B.10-P.3"},"geometry":{"type":"LineString","coordinates":[[-72.995586,4.466164],[-72.997191,4.466081]]}},{"type":"Feature","properties":{"TIPO":"Balastrada","CODIGO":"Interna","ZONA":"3","BLOQUE":"10","COD_BP":"B.10-P.7"},"geometry":{"type":"LineString","coordinates":[[-72.998048,4.456142],[-73.000678,4.456003],[-73.0007,4.455997],[-73.000717,4.455991],[-73.000733,4.455982],[-73.000747,4.455975],[-73.000762,4.455977],[-73.000777,4.455983],[-73.000816,4.455993],[-73.000956,4.455987]]}},{"type":"Feature","properties":{"TIPO":"Balastrada","CODIGO":"Interna","ZONA":"3","BLOQUE":"10","COD_BP":"B.10-P.8"},"geometry":{"type":"LineString","coordinates":[[-73.001884,4.453457],[-72.998456,4.453632]]}},{"type":"Feature","properties":{"TIPO":"Balastrada","CODIGO":"Interna","ZONA":"3","BLOQUE":"10","COD_BP":"B.10-P.8"},"geometry":{"type":"LineString","coordinates":[[-73.001267,4.450996],[-72.999152,4.451106]]}},{"type":"Feature","properties":{"TIPO":"Balastrada","CODIGO":"Interna","ZONA":"4","BLOQUE":"11","COD_BP":"B.11-P.3"},"geometry":{"type":"LineString","coordinates":[[-72.974561,4.445052],[-72.974564,4.445093],[-72.974591,4.445536],[-72.974616,4.446422],[-72.974642,4.447435],[-72.974677,4.448357],[-72.974694,4.448881],[-72.974709,4.449326]]}},{"type":"Feature","properties":{"TIPO":"Balastrada","CODIGO":"Interna","ZONA":"3","BLOQUE":"21","COD_BP":"B.21-P.5"},"geometry":{"type":"LineString","coordinates":[[-72.974908,4.45563],[-72.974937,4.45563],[-72.975816,4.455631]]}},{"type":"Feature","properties":{"TIPO":"Balastrada","CODIGO":"Interna","ZONA":"3","BLOQUE":"21","COD_BP":"B.21-P.15"},"geometry":{"type":"LineString","coordinates":[[-72.971905,4.460993],[-72.970153,4.46099]]}},{"type":"Feature","properties":{"TIPO":"Balastrada","CODIGO":"Interna","NDESCRIPCI":"VIA PRINCIPAL","ZONA":"2","BLOQUE":"9","COD_BP":"B.9-P.2"},"geometry":{"type":"LineString","coordinates":[[-72.967525,4.453681],[-72.967645,4.45564]]}},{"type":"Feature","properties":{"TIPO":"Balastrada","CODIGO":"Interna","NDESCRIPCI":"VIA PRINCIPAL INTERNA","ZONA":"2","BLOQUE":"9","COD_BP":"B.9-P.6"},"geometry":{"type":"LineString","coordinates":[[-72.962402,4.463377],[-72.962492,4.46351],[-72.962654,4.463773],[-72.962992,4.464257],[-72.963262,4.464711],[-72.963474,4.465005],[-72.963687,4.465368],[-72.963819,4.465579],[-72.964017,4.465853],[-72.964193,4.466165],[-72.964724,4.466991],[-72.964895,4.467253]]}},{"type":"Feature","properties":{"TIPO":"Balastrada","CODIGO":"Interna","NDESCRIPCI":"VIA PRINCIPAL INTERNA","ZONA":"2","BLOQUE":"90","COD_BP":"B.90-P.531"},"geometry":{"type":"LineString","coordinates":[[-72.963597,4.472715],[-72.963112,4.471481],[-72.962512,4.469903]]}},{"type":"Feature","properties":{"TIPO":"Balastrada","CODIGO":"Interna","ZONA":"2","BLOQUE":"90","COD_BP":"B.90-P.467"},"geometry":{"type":"LineString","coordinates":[[-72.972998,4.473036],[-72.972857,4.473092],[-72.972765,4.473129],[-72.972639,4.473247],[-72.972572,4.47336],[-72.972467,4.473468],[-72.972376,4.473556]]}},{"type":"Feature","properties":{"TIPO":"Balastrada","CODIGO":"Interna","NDESCRIPCI":"Bloque 340","ZONA":"8","BLOQUE":"340","COD_BP":"B.340-P.5"},"geometry":{"type":"LineString","coordinates":[[-73.000814,4.418853],[-73.000808,4.421641]]}},{"type":"Feature","properties":{"TIPO":"Balastrada","CODIGO":"Interna","NDESCRIPCI":"Bloque 340","ZONA":"8","BLOQUE":"340","COD_BP":"B.340-P.2"},"geometry":{"type":"LineString","coordinates":[[-73.000791,4.427283],[-73.000944,4.427372],[-73.002311,4.428161]]}},{"type":"Feature","properties":{"TIPO":"Balastrada","CODIGO":"Interna","NDESCRIPCI":"Bloque 340","ZONA":"8","BLOQUE":"340","COD_BP":"B.340-P.7"},"geometry":{"type":"LineString","coordinates":[[-72.996744,4.419632],[-72.996743,4.424026],[-72.996833,4.424217],[-72.996832,4.424404],[-72.996823,4.42448],[-72.996732,4.42466]]}},{"type":"Feature","properties":{"TIPO":"Balastrada","CODIGO":"Interna","NDESCRIPCI":"Bloque 340","ZONA":"8","BLOQUE":"340","COD_BP":"B.340-P.9"},"geometry":{"type":"LineString","coordinates":[[-72.993224,4.419523],[-72.993225,4.416744]]}},{"type":"Feature","properties":{"TIPO":"Balastrada","CODIGO":"Interna","NDESCRIPCI":"Bloque 340","ZONA":"8","BLOQUE":"340","COD_BP":"B.340-P.21"},"geometry":{"type":"LineString","coordinates":[[-72.984868,4.423056],[-72.984871,4.421243]]}},{"type":"Feature","properties":{"TIPO":"Balastrada","CODIGO":"Interna","NDESCRIPCI":"Bloque 340","ZONA":"8","BLOQUE":"340","COD_BP":"B.340-P.16"},"geometry":{"type":"LineString","coordinates":[[-72.990101,4.422706],[-72.989161,4.422704],[-72.989038,4.422699],[-72.988973,4.422658]]}},{"type":"Feature","properties":{"TIPO":"Balastrada","CODIGO":"Interna","NDESCRIPCI":"Bloque 340","ZONA":"8","BLOQUE":"340","COD_BP":"B.340-P.25"},"geometry":{"type":"LineString","coordinates":[[-72.980793,4.423522],[-72.980794,4.422408]]}},{"type":"Feature","properties":{"TIPO":"Balastrada","CODIGO":"Interna","NDESCRIPCI":"Bloque 340","ZONA":"8","BLOQUE":"340","COD_BP":"B.340-P.26"},"geometry":{"type":"LineString","coordinates":[[-72.978772,4.41439],[-72.978776,4.410269],[-72.978778,4.407473]]}},{"type":"Feature","properties":{"TIPO":"Balastrada","CODIGO":"Interna","NDESCRIPCI":"Bloque 340","ZONA":"8","BLOQUE":"340","COD_BP":"B.340-P.19"},"geometry":{"type":"LineString","coordinates":[[-72.987123,4.41823],[-72.98713,4.415243]]}},{"type":"Feature","properties":{"TIPO":"Balastrada","CODIGO":"Interna","ZONA":"3","BLOQUE":"12","COD_BP":"B.12-P.9"},"geometry":{"type":"LineString","coordinates":[[-72.981603,4.430992],[-72.981603,4.431083],[-72.981601,4.43213]]}},{"type":"Feature","properties":{"TIPO":"Balastrada","CODIGO":"Interna","ZONA":"4","BLOQUE":"337","COD_BP":"B.337-P.12"},"geometry":{"type":"LineString","coordinates":[[-72.948444,4.410653],[-72.948983,4.410353],[-72.949219,4.41022],[-72.949398,4.410106],[-72.949606,4.409981],[-72.949824,4.409845],[-72.950048,4.409728]]}},{"type":"Feature","properties":{"TIPO":"Balastrada","CODIGO":"Interna","NDESCRIPCI":"Bloque 339","ZONA":"7","BLOQUE":"339","COD_BP":"B.339-P.14"},"geometry":{"type":"LineString","coordinates":[[-73.038783,4.395079],[-73.03876,4.394983],[-73.038338,4.39385],[-73.038276,4.393697]]}},{"type":"Feature","properties":{"TIPO":"Balastrada","CODIGO":"Interna","NDESCRIPCI":"FORZOSA -","ZONA":"7","BLOQUE":"31","COD_BP":"B.31-P.1"},"geometry":{"type":"LineString","coordinates":[[-73.069697,4.402123],[-73.067768,4.400832],[-73.063881,4.398184],[-73.063401,4.397867],[-73.062609,4.397321],[-73.062343,4.397149]]}},{"type":"Feature","properties":{"TIPO":"Balastrada","CODIGO":"Interna","NDESCRIPCI":"FORZOSA -","ZONA":"7","BLOQUE":"31","COD_BP":"B.31-P.21"},"geometry":{"type":"LineString","coordinates":[[-73.081165,4.408172],[-73.080564,4.408778],[-73.080314,4.40903],[-73.080281,4.409057],[-73.080249,4.40907],[-73.080219,4.409061],[-73.080181,4.409036],[-73.078506,4.407793],[-73.077846,4.407387]]}},{"type":"Feature","properties":{"TIPO":"Balastrada","CODIGO":"Interna","NDESCRIPCI":"FORZOSA -","ZONA":"7","BLOQUE":"31","COD_BP":"B.31-P.22"},"geometry":{"type":"LineString","coordinates":[[-73.084298,4.405015],[-73.083908,4.405409],[-73.083091,4.406232],[-73.081165,4.408172]]}},{"type":"Feature","properties":{"TIPO":"Balastrada","CODIGO":"Interna","NDESCRIPCI":"Bloque 31","ZONA":"7","BLOQUE":"31","COD_BP":"B.31-P.11"},"geometry":{"type":"LineString","coordinates":[[-73.076257,4.420938],[-73.07428,4.419772]]}},{"type":"Feature","properties":{"TIPO":"Balastrada","CODIGO":"Interna","NDESCRIPCI":"Bloque 31","ZONA":"7","BLOQUE":"31","COD_BP":"B.31-P.15"},"geometry":{"type":"LineString","coordinates":[[-73.086616,4.425151],[-73.088253,4.426118]]}},{"type":"Feature","properties":{"TIPO":"Balastrada","CODIGO":"Interna","NDESCRIPCI":"Bloque 31","ZONA":"7","BLOQUE":"31","COD_BP":"B.31-P.17"},"geometry":{"type":"LineString","coordinates":[[-73.085014,4.424205],[-73.086616,4.425151]]}},{"type":"Feature","properties":{"TIPO":"Proyectada","CODIGO":"Interna","NDESCRIPCI":"Bloque 31","ZONA":"7","BLOQUE":"31","COD_BP":"B.31-P.14"},"geometry":{"type":"LineString","coordinates":[[-73.079986,4.42506],[-73.078704,4.427268]]}},{"type":"Feature","properties":{"TIPO":"Balastrada","CODIGO":"Interna","NDESCRIPCI":"Bloque 31","ZONA":"7","BLOQUE":"31","COD_BP":"B.31-P.22"},"geometry":{"type":"LineString","coordinates":[[-73.088521,4.414476],[-73.086853,4.413489]]}},{"type":"Feature","properties":{"TIPO":"Balastrada","CODIGO":"Interna","NDESCRIPCI":"Bloque 31","ZONA":"7","BLOQUE":"31","COD_BP":"B.31-P.22"},"geometry":{"type":"LineString","coordinates":[[-73.084337,4.411954],[-73.081863,4.410486],[-73.081809,4.410454]]}},{"type":"Feature","properties":{"TIPO":"Balastrada","CODIGO":"Interna","NDESCRIPCI":"Bloque 31","ZONA":"7","BLOQUE":"31","COD_BP":"B.31-P.6"},"geometry":{"type":"LineString","coordinates":[[-73.046466,4.409508],[-73.045363,4.411421]]}},{"type":"Feature","properties":{"TIPO":"Balastrada","CODIGO":"Interna","NDESCRIPCI":"Bloque 31","ZONA":"7","BLOQUE":"31","COD_BP":"B.31-P.7"},"geometry":{"type":"LineString","coordinates":[[-73.048841,4.41297],[-73.048782,4.413072],[-73.048763,4.413151],[-73.048508,4.413592]]}},{"type":"Feature","properties":{"TIPO":"Proyectada","CODIGO":"Interna","NDESCRIPCI":"Bloque 332","ZONA":"4","BLOQUE":"332","COD_BP":"B.332-P.20"},"geometry":{"type":"LineString","coordinates":[[-72.956674,4.430307],[-72.957232,4.430637],[-72.958596,4.431383]]}},{"type":"Feature","properties":{"TIPO":"Balastrada","CODIGO":"Interna","NDESCRIPCI":"VIA PRINCIPAL DE LAS PARCELAS","ZONA":"1","BLOQUE":"15","COD_BP":"B.15-P.6"},"geometry":{"type":"LineString","coordinates":[[-72.964677,4.526574],[-72.966556,4.527668],[-72.966736,4.527764]]}},{"type":"Feature","properties":{"TIPO":"Balastrada","CODIGO":"Interna","NDESCRIPCI":"VIA PRINCIPAL DE LAS PARCELAS","ZONA":"1","BLOQUE":"15","COD_BP":"B.15-P.7"},"geometry":{"type":"LineString","coordinates":[[-72.96406,4.523605],[-72.962394,4.522641]]}},{"type":"Feature","properties":{"TIPO":"Balastrada","CODIGO":"Interna","NDESCRIPCI":"VIA PRINCIPAL DE LAS PARCELAS","ZONA":"1","BLOQUE":"15","COD_BP":"B.15-P.3"},"geometry":{"type":"LineString","coordinates":[[-72.961105,4.527969],[-72.961105,4.527975],[-72.961096,4.527983],[-72.961084,4.52799],[-72.960724,4.528217],[-72.960703,4.528231],[-72.960692,4.528249],[-72.960685,4.52827],[-72.960682,4.528289],[-72.960677,4.532314],[-72.960715,4.532498]]}},{"type":"Feature","properties":{"TIPO":"Balastrada","CODIGO":"Interna","ZONA":"1","BLOQUE":"324","COD_BP":"B.324-P.8"},"geometry":{"type":"LineString","coordinates":[[-72.959465,4.523397],[-72.959373,4.523417],[-72.9593,4.52343],[-72.959218,4.523443],[-72.959061,4.523449],[-72.958803,4.523469],[-72.958739,4.523469],[-72.95867,4.523481],[-72.958515,4.523488],[-72.958474,4.523479],[-72.958363,4.523466],[-72.95834,4.523464]]}},{"type":"Feature","properties":{"TIPO":"Balastrada","CODIGO":"Interna","ZONA":"1","BLOQUE":"2","COD_BP":"B.2-P.5"},"geometry":{"type":"LineString","coordinates":[[-72.969724,4.501497],[-72.969718,4.50137],[-72.969677,4.50073],[-72.969643,4.500031],[-72.969602,4.499253],[-72.969585,4.498792],[-72.969582,4.498701],[-72.969559,4.498424]]}},{"type":"Feature","properties":{"TIPO":"Balastrada","CODIGO":"Interna","ZONA":"3","BLOQUE":"7","COD_BP":"B.7-P.7"},"geometry":{"type":"LineString","coordinates":[[-72.983578,4.472117],[-72.983806,4.476931],[-72.983833,4.477243],[-72.983863,4.477575],[-72.983902,4.478358],[-72.98396,4.479657]]}},{"type":"Feature","properties":{"TIPO":"Balastrada","CODIGO":"Interna","ZONA":"3","BLOQUE":"7","COD_BP":"B.7-P.5"},"geometry":{"type":"LineString","coordinates":[[-72.987781,4.468539],[-72.987799,4.468648],[-72.988043,4.47451],[-72.988111,4.475572],[-72.988189,4.477266],[-72.988207,4.477628]]}},{"type":"Feature","properties":{"TIPO":"Balastrada","CODIGO":"Interna","ZONA":"3","BLOQUE":"7","COD_BP":"B.7-P.3"},"geometry":{"type":"LineString","coordinates":[[-72.992309,4.478204],[-72.992579,4.483972],[-72.992584,4.484297],[-72.992581,4.484334],[-72.992586,4.484384],[-72.992597,4.484419],[-72.992609,4.484455],[-72.992676,4.486325]]}},{"type":"Feature","properties":{"TIPO":"Balastrada","CODIGO":"Interna","ZONA":"3","BLOQUE":"7","COD_BP":"B.7-P.2"},"geometry":{"type":"LineString","coordinates":[[-72.993883,4.486278],[-72.993298,4.486305],[-72.992676,4.486325]]}},{"type":"Feature","properties":{"TIPO":"Balastrada","CODIGO":"Interna","ZONA":"3","BLOQUE":"7","COD_BP":"B.7-P.1"},"geometry":{"type":"LineString","coordinates":[[-72.996451,4.48615],[-72.996461,4.486152],[-72.996513,4.486175],[-72.996552,4.486213],[-72.996584,4.486259],[-72.997017,4.486902],[-72.99704,4.486934],[-72.997055,4.486962],[-72.997061,4.48698]]}},{"type":"Feature","properties":{"TIPO":"Balastrada","CODIGO":"Interna","ZONA":"2","BLOQUE":"6","COD_BP":"B.6-P.2"},"geometry":{"type":"LineString","coordinates":[[-72.997061,4.48698],[-72.997067,4.487],[-72.997072,4.487037],[-72.997204,4.490444],[-72.997285,4.493431],[-72.997276,4.493553],[-72.997336,4.495268]]}},{"type":"Feature","properties":{"TIPO":"Balastrada","CODIGO":"Interna","ZONA":"2","BLOQUE":"6","COD_BP":"B.6-P.4"},"geometry":{"type":"LineString","coordinates":[[-72.992676,4.486325],[-72.992691,4.486556],[-72.992773,4.488334],[-72.992792,4.488616],[-72.992803,4.489343],[-72.99283,4.490268],[-72.992854,4.490752],[-72.992875,4.491205],[-72.992896,4.491557]]}},{"type":"Feature","properties":{"TIPO":"Balastrada","CODIGO":"Interna","ZONA":"2","BLOQUE":"6","COD_BP":"B.6-P.4"},"geometry":{"type":"LineString","coordinates":[[-72.99308,4.497523],[-72.993087,4.497743],[-72.993128,4.498773],[-72.993155,4.499785],[-72.993175,4.500614]]}},{"type":"Feature","properties":{"TIPO":"Balastrada","CODIGO":"Interna","ZONA":"2","BLOQUE":"5","COD_BP":"B.5-P.2"},"geometry":{"type":"LineString","coordinates":[[-72.997592,4.503806],[-72.997667,4.506394]]}},{"type":"Feature","properties":{"TIPO":"Balastrada","CODIGO":"Interna","ZONA":"2","BLOQUE":"5","COD_BP":"B.5-P.4"},"geometry":{"type":"LineString","coordinates":[[-72.993459,4.508674],[-72.993359,4.505233],[-72.993302,4.503957]]}},{"type":"Feature","properties":{"TIPO":"Balastrada","CODIGO":"Interna","ZONA":"1","BLOQUE":"19","COD_BP":"B.19-P.3"},"geometry":{"type":"LineString","coordinates":[[-73.00559,4.511315],[-73.003624,4.511311]]}},{"type":"Feature","properties":{"TIPO":"Balastrada","CODIGO":"Interna","ZONA":"1","BLOQUE":"19","COD_BP":"B.19-P.5"},"geometry":{"type":"LineString","coordinates":[[-73.004759,4.509036],[-73.003108,4.509024]]}},{"type":"Feature","properties":{"TIPO":"Balastrada","CODIGO":"Interna","ZONA":"1","BLOQUE":"2","COD_BP":"B.2-P.5"},"geometry":{"type":"LineString","coordinates":[[-72.969691,4.500942],[-72.970023,4.500941],[-72.970326,4.500931],[-72.970729,4.50086],[-72.971025,4.500779],[-72.971266,4.500615],[-72.971473,4.500404]]}},{"type":"Feature","properties":{"TIPO":"Ruta","NDESCRIPCI":"Ruta a Casino Guadualito","ZONA":"0","BLOQUE":"0"},"geometry":{"type":"LineString","coordinates":[[-72.942934,4.437417],[-72.944491,4.43651],[-72.947055,4.434857],[-72.94807,4.434117],[-72.948696,4.433658],[-72.94894,4.433467],[-72.949155,4.433365],[-72.949626,4.433187],[-72.950395,4.432931],[-72.951385,4.432627],[-72.951415,4.432579],[-72.951415,4.432502],[-72.951385,4.43234],[-72.951173,4.430695],[-72.95115,4.430534],[-72.951096,4.430444],[-72.951013,4.430324],[-72.949374,4.426775],[-72.949365,4.426707],[-72.949377,4.426664],[-72.94943,4.426614],[-72.949494,4.426497],[-72.949509,4.426413],[-72.949675,4.425337],[-72.949718,4.425124],[-72.949752,4.424988],[-72.949797,4.42487],[-72.949885,4.424818],[-72.950444,4.424462],[-72.95496,4.421759],[-72.956677,4.421038]]}},{"type":"Feature","properties":{"TIPO":"Balastrada","CODIGO":"Interna","ZONA":"1","BLOQUE":"19","COD_BP":"B.19-P.7"},"geometry":{"type":"LineString","coordinates":[[-73.005118,4.506757],[-73.003485,4.506753]]}},{"type":"Feature","properties":{"TIPO":"Balastrada","CODIGO":"Interna","ZONA":"1","BLOQUE":"19","COD_BP":"B.19-P.9"},"geometry":{"type":"LineString","coordinates":[[-73.004105,4.504478],[-73.003274,4.504477]]}},{"type":"Feature","properties":{"TIPO":"Balastrada","CODIGO":"Interna","ZONA":"1","BLOQUE":"19","COD_BP":"B.19-P.3"},"geometry":{"type":"LineString","coordinates":[[-73.00278,4.510066],[-73.002698,4.510181],[-73.002594,4.510311],[-73.002437,4.510514],[-73.002343,4.510651],[-73.002247,4.510804],[-73.002077,4.510966],[-73.001873,4.511169],[-73.001711,4.511303]]}},{"type":"Feature","properties":{"TIPO":"Balastrada","CODIGO":"Interna","ZONA":"1","BLOQUE":"1","COD_BP":"B.1-P.4"},"geometry":{"type":"LineString","coordinates":[[-72.96993,4.520653],[-72.970129,4.52417]]}},{"type":"Feature","properties":{"TIPO":"Balastrada","CODIGO":"Interna","ZONA":"1","BLOQUE":"325","COD_BP":"B.325-P.3"},"geometry":{"type":"LineString","coordinates":[[-72.95348,4.505263],[-72.957248,4.505269]]}},{"type":"Feature","properties":{"TIPO":"Balastrada","CODIGO":"Interna","ZONA":"1","BLOQUE":"325","COD_BP":"B.325-P.4"},"geometry":{"type":"LineString","coordinates":[[-72.95684,4.507344],[-72.960775,4.50735],[-72.960788,4.507349],[-72.960798,4.507345]]}},{"type":"Feature","properties":{"TIPO":"Balastrada","CODIGO":"Interna","NDESCRIPCI":"Bloque 31","ZONA":"7","BLOQUE":"31","COD_BP":"B.31-P.8"},"geometry":{"type":"LineString","coordinates":[[-73.054782,4.410251],[-73.053874,4.411824]]}},{"type":"Feature","properties":{"TIPO":"Proyectada","CODIGO":"Interna","NDESCRIPCI":"Bloque 31","ZONA":"7","BLOQUE":"31","COD_BP":"B.31-P.9"},"geometry":{"type":"LineString","coordinates":[[-73.054725,4.419245],[-73.054712,4.419332],[-73.054732,4.419754],[-73.054761,4.419953],[-73.054743,4.42095],[-73.054561,4.421232],[-73.054479,4.421285],[-73.054413,4.421289],[-73.05433,4.421293],[-73.054136,4.421417],[-73.053942,4.421578],[-73.053765,4.421698],[-73.053588,4.421702],[-73.053423,4.421693],[-73.053295,4.421644],[-73.0532,4.421648],[-73.053114,4.421643],[-73.052973,4.421693],[-73.052846,4.421689],[-73.052446,4.421676]]}},{"type":"Feature","properties":{"TIPO":"Proyectada","CODIGO":"Interna","NDESCRIPCI":"Bloque 31","ZONA":"7","BLOQUE":"31","COD_BP":"B.31-P.9"},"geometry":{"type":"LineString","coordinates":[[-73.058226,4.412966],[-73.05818,4.413098],[-73.05811,4.413251],[-73.058085,4.413329],[-73.058048,4.413454],[-73.058006,4.413557],[-73.057853,4.413826],[-73.057722,4.414066]]}},{"type":"Feature","properties":{"TIPO":"Balastrada","CODIGO":"Interna","NDESCRIPCI":"Costa Rica","ZONA":"7","BLOQUE":"339","COD_BP":"B.339-P.21"},"geometry":{"type":"LineString","coordinates":[[-73.04845,4.390317],[-73.048304,4.390343],[-73.047196,4.390539],[-73.046137,4.390728]]}},{"type":"Feature","properties":{"TIPO":"Balastrada","CODIGO":"Interna","NDESCRIPCI":"Bloque 344","ZONA":"7","BLOQUE":"344"},"geometry":{"type":"LineString","coordinates":[[-73.011459,4.43789],[-73.008479,4.432616]]}},{"type":"Feature","properties":{"TIPO":"Balastrada","CODIGO":"Interna","NDESCRIPCI":"Costa Rica","ZONA":"7","BLOQUE":"339","COD_BP":"B.339-P.5"},"geometry":{"type":"LineString","coordinates":[[-73.056046,4.39284],[-73.054797,4.391991],[-73.054419,4.391729]]}},{"type":"Feature","properties":{"TIPO":"Balastrada","CODIGO":"Interna","NDESCRIPCI":"Costa Rica","ZONA":"7","BLOQUE":"339","COD_BP":"B.339-P.6"},"geometry":{"type":"LineString","coordinates":[[-73.052847,4.390641],[-73.052001,4.390054],[-73.051609,4.389791],[-73.051533,4.389745]]}},{"type":"Feature","properties":{"TIPO":"Balastrada","CODIGO":"Interna","NDESCRIPCI":"Bloque 339","ZONA":"7","BLOQUE":"339","COD_BP":"B.339-P.15"},"geometry":{"type":"LineString","coordinates":[[-73.028211,4.391652],[-73.027823,4.391452],[-73.027246,4.3912],[-73.026916,4.391049],[-73.026878,4.391029],[-73.026845,4.391001],[-73.026647,4.390781]]}},{"type":"Feature","properties":{"TIPO":"Balastrada","CODIGO":"Interna","ZONA":"3","BLOQUE":"12","COD_BP":"B.12-P.5"},"geometry":{"type":"LineString","coordinates":[[-72.981355,4.437088],[-72.981178,4.437023],[-72.980594,4.436681],[-72.980575,4.43666],[-72.980571,4.436629],[-72.980565,4.43584]]}},{"type":"Feature","properties":{"TIPO":"Balastrada","CODIGO":"Interna","ZONA":"3","BLOQUE":"12","COD_BP":"B.12-P.6"},"geometry":{"type":"LineString","coordinates":[[-72.980565,4.43584],[-72.980553,4.43578],[-72.980545,4.435429],[-72.980555,4.435384],[-72.980942,4.434641]]}},{"type":"Feature","properties":{"TIPO":"Balastrada","CODIGO":"Interna","ZONA":"3","BLOQUE":"12","COD_BP":"B.12-P.6"},"geometry":{"type":"LineString","coordinates":[[-72.980942,4.434641],[-72.981021,4.434496],[-72.981078,4.434352],[-72.981166,4.434188],[-72.98127,4.43399],[-72.981412,4.43373],[-72.981453,4.433699],[-72.981514,4.433631],[-72.981555,4.433552],[-72.981561,4.433493],[-72.981572,4.433426]]}},{"type":"Feature","properties":{"TIPO":"Balastrada","CODIGO":"Interna","ZONA":"3","BLOQUE":"13","COD_BP":"B.13-P.6"},"geometry":{"type":"LineString","coordinates":[[-72.990004,4.46851],[-72.989904,4.468514],[-72.987298,4.466954]]}},{"type":"Feature","properties":{"TIPO":"Balastrada","CODIGO":"Interna","ZONA":"3","BLOQUE":"323","COD_BP":"B.323-P.1"},"geometry":{"type":"LineString","coordinates":[[-72.984598,4.466444],[-72.987333,4.468039],[-72.987445,4.468046],[-72.987536,4.468028],[-72.987596,4.467969]]}},{"type":"Feature","properties":{"TIPO":"Balastrada","CODIGO":"Interna","NDESCRIPCI":"Bloque 31","ZONA":"7","BLOQUE":"31","COD_BP":"B.31-P.9"},"geometry":{"type":"LineString","coordinates":[[-73.057722,4.414066],[-73.057481,4.414504],[-73.057233,4.414913],[-73.056574,4.416118]]}},{"type":"Feature","properties":{"TIPO":"Proyectada","CODIGO":"Interna","ZONA":"0","BLOQUE":"90","COD_BP":"B.90-P.595"},"geometry":{"type":"LineString","coordinates":[[-72.953284,4.486263],[-72.951637,4.487215]]}},{"type":"Feature","properties":{"TIPO":"Proyectada","CODIGO":"Interna","ZONA":"0","BLOQUE":"90","COD_BP":"B.90-P.595"},"geometry":{"type":"LineString","coordinates":[[-72.95348,4.483953],[-72.952946,4.483952]]}},{"type":"Feature","properties":{"TIPO":"Proyectada","CODIGO":"Interna","ZONA":"5","BLOQUE":"342"},"geometry":{"type":"LineString","coordinates":[[-72.922074,4.438153],[-72.922066,4.437066],[-72.922057,4.435908],[-72.92207,4.433855]]}},{"type":"Feature","properties":{"TIPO":"Balastrada","CODIGO":"Interna","ZONA":"1","BLOQUE":"17","COD_BP":"B.17-P.5"},"geometry":{"type":"LineString","coordinates":[[-72.949636,4.532168],[-72.949577,4.531997],[-72.949478,4.531599],[-72.949377,4.531301]]}},{"type":"Feature","properties":{"TIPO":"Balastrada","CODIGO":"Interna","ZONA":"0","BLOQUE":"119","COD_BP":"B.119-P.1"},"geometry":{"type":"LineString","coordinates":[[-72.975195,4.408989],[-72.975015,4.409014],[-72.973902,4.409095],[-72.973162,4.409147],[-72.972628,4.409187],[-72.971842,4.409254],[-72.970868,4.409339],[-72.97049,4.409367],[-72.970164,4.409394],[-72.969806,4.409414],[-72.969445,4.409437],[-72.968707,4.409489],[-72.968145,4.409528],[-72.967369,4.409581],[-72.966922,4.409609],[-72.966793,4.40962],[-72.966718,4.40963],[-72.966577,4.409693],[-72.966539,4.409702],[-72.966419,4.409679],[-72.966359,4.409676]]}},{"type":"Feature","properties":{"TIPO":"Proyectada","CODIGO":"Interna","ZONA":"3","BLOQUE":"341","COD_BP":"B.341-P.1"},"geometry":{"type":"LineString","coordinates":[[-72.993885,4.440203],[-72.994062,4.440058],[-72.994335,4.43954],[-72.994729,4.43884],[-72.994813,4.438722]]}},{"type":"Feature","properties":{"TIPO":"Balastrada","CODIGO":"Interna","ZONA":"1","BLOQUE":"17","COD_BP":"B.17-P.3"},"geometry":{"type":"LineString","coordinates":[[-72.953052,4.534588],[-72.953052,4.533395]]}},{"type":"Feature","properties":{"TIPO":"Proyectada","CODIGO":"Interna","ZONA":"3","BLOQUE":"10","COD_BP":"B.10-P.10"},"geometry":{"type":"LineString","coordinates":[[-72.99383,4.443029],[-72.993652,4.440468],[-72.993658,4.440428],[-72.993679,4.440358],[-72.993885,4.440203]]}},{"type":"Feature","properties":{"TIPO":"Balastrada","CODIGO":"Interna","ZONA":"2","BLOQUE":"90","COD_BP":"B.90-P.595"},"geometry":{"type":"LineString","coordinates":[[-72.955063,4.480317],[-72.955547,4.480114]]}},{"type":"Feature","properties":{"TIPO":"Balastrada","CODIGO":"Interna","ZONA":"2","BLOQUE":"90","COD_BP":"B.90-P.593"},"geometry":{"type":"LineString","coordinates":[[-72.95401,4.479571],[-72.953907,4.479369],[-72.953923,4.477604],[-72.956857,4.47589]]}},{"type":"Feature","properties":{"TIPO":"Proyectada","CODIGO":"Interna","ZONA":"0","BLOQUE":"90","COD_BP":"B.90-P.596"},"geometry":{"type":"LineString","coordinates":[[-72.956858,4.47661],[-72.956859,4.478355]]}},{"type":"Feature","properties":{"TIPO":"Balastrada","CODIGO":"Interna","ZONA":"2","BLOQUE":"90","COD_BP":"B.90-P.593"},"geometry":{"type":"LineString","coordinates":[[-72.956857,4.47589],[-72.95614,4.474651]]}},{"type":"Feature","properties":{"TIPO":"Balastrada","CODIGO":"Interna","ZONA":"2","BLOQUE":"90","COD_BP":"B.90-P.593"},"geometry":{"type":"LineString","coordinates":[[-72.956857,4.47589],[-72.958756,4.475897],[-72.958973,4.475434]]}},{"type":"Feature","properties":{"TIPO":"Proyectada","CODIGO":"Interna","ZONA":"0","BLOQUE":"90","COD_BP":"B.90-P.592"},"geometry":{"type":"LineString","coordinates":[[-72.960442,4.473154],[-72.960445,4.475232]]}},{"type":"Feature","properties":{"TIPO":"Balastrada","CODIGO":"Interna","ZONA":"2","BLOQUE":"90","COD_BP":"B.90-P.601"},"geometry":{"type":"LineString","coordinates":[[-72.958064,4.481638],[-72.959918,4.484816],[-72.960849,4.486461],[-72.960849,4.486828]]}},{"type":"Feature","properties":{"TIPO":"Proyectada","CODIGO":"Interna","ZONA":"0","BLOQUE":"90","COD_BP":"B.90-P.601"},"geometry":{"type":"LineString","coordinates":[[-72.960847,4.489054],[-72.957087,4.486865]]}},{"type":"Feature","properties":{"TIPO":"Proyectada","CODIGO":"Interna","ZONA":"0","BLOQUE":"90","COD_BP":"B.90-P.602"},"geometry":{"type":"LineString","coordinates":[[-72.959094,4.489946],[-72.956351,4.488363]]}},{"type":"Feature","properties":{"TIPO":"Proyectada","CODIGO":"Interna","ZONA":"0","BLOQUE":"90","COD_BP":"B.90-P.594"},"geometry":{"type":"LineString","coordinates":[[-72.951869,4.481501],[-72.951799,4.481813],[-72.951792,4.48395]]}},{"type":"Feature","properties":{"TIPO":"Balastrada","CODIGO":"Interna","ZONA":"2","BLOQUE":"90","COD_BP":"B.90-P.603"},"geometry":{"type":"LineString","coordinates":[[-72.954401,4.48875],[-72.95479,4.492464]]}},{"type":"Feature","properties":{"TIPO":"Proyectada","CODIGO":"Interna","ZONA":"2","BLOQUE":"90","COD_BP":"B.90-P.603"},"geometry":{"type":"LineString","coordinates":[[-72.953698,4.493094],[-72.952549,4.493757]]}},{"type":"Feature","properties":{"TIPO":"Proyectada","CODIGO":"Interna","ZONA":"2","BLOQUE":"90","COD_BP":"B.90-P.603"},"geometry":{"type":"LineString","coordinates":[[-72.952549,4.493757],[-72.952546,4.496028]]}},{"type":"Feature","properties":{"TIPO":"Proyectada","CODIGO":"Interna","ZONA":"2","BLOQUE":"90","COD_BP":"B.90-P.603"},"geometry":{"type":"LineString","coordinates":[[-72.952546,4.496028],[-72.952225,4.496455],[-72.951777,4.497272]]}},{"type":"Feature","properties":{"TIPO":"Proyectada","CODIGO":"Interna","ZONA":"2","BLOQUE":"90","COD_BP":"B.90-P.604"},"geometry":{"type":"LineString","coordinates":[[-72.96669,4.475026],[-72.968058,4.474234],[-72.968069,4.471954]]}},{"type":"Feature","properties":{"TIPO":"Proyectada","CODIGO":"Interna","ZONA":"2","BLOQUE":"90","COD_BP":"B.90-P.604"},"geometry":{"type":"LineString","coordinates":[[-72.966689,4.475417],[-72.966133,4.475699]]}},{"type":"Feature","properties":{"TIPO":"Balastrada","CODIGO":"Interna","ZONA":"2","BLOQUE":"90","COD_BP":"B.90-P.588"},"geometry":{"type":"LineString","coordinates":[[-72.970224,4.479527],[-72.970093,4.479619],[-72.969882,4.479777],[-72.969079,4.480403],[-72.968694,4.480699],[-72.968211,4.481076],[-72.967686,4.481481],[-72.967306,4.481778],[-72.966848,4.481999],[-72.966194,4.482425],[-72.965985,4.482554],[-72.965576,4.48277],[-72.965192,4.482993]]}},{"type":"Feature","properties":{"TIPO":"Balastrada","CODIGO":"Interna","ZONA":"2","BLOQUE":"90","COD_BP":"B.90-P.467"},"geometry":{"type":"LineString","coordinates":[[-72.972613,4.476234],[-72.97259,4.476343],[-72.972554,4.47658],[-72.972517,4.476904],[-72.972467,4.47733],[-72.972451,4.477462],[-72.972441,4.477633],[-72.97243,4.477718],[-72.972418,4.477785],[-72.972402,4.477836],[-72.972355,4.477909],[-72.972276,4.477999],[-72.972027,4.478184],[-72.971623,4.478472],[-72.971258,4.478751],[-72.970718,4.479181],[-72.970224,4.479527]]}},{"type":"Feature","properties":{"TIPO":"Balastrada","CODIGO":"Interna","ZONA":"2","BLOQUE":"90","COD_BP":"B.90-P.596"},"geometry":{"type":"LineString","coordinates":[[-72.95686,4.479594],[-72.956857,4.480935],[-72.958064,4.481638]]}},{"type":"Feature","properties":{"TIPO":"Proyectada","CODIGO":"Interna","ZONA":"2","BLOQUE":"90","COD_BP":"B.90-P.593"},"geometry":{"type":"LineString","coordinates":[[-72.956857,4.47589],[-72.956858,4.47661]]}},{"type":"Feature","properties":{"TIPO":"Proyectada","CODIGO":"Externa","ZONA":"0","BLOQUE":"0","COD_BP":"B.-P."},"geometry":{"type":"LineString","coordinates":[[-72.997463,4.513395],[-72.997451,4.513524],[-72.997385,4.514184],[-72.997342,4.51455],[-72.997313,4.514916],[-72.997283,4.515411],[-72.997276,4.515755],[-72.997283,4.515935],[-72.997311,4.51605],[-72.997361,4.516215],[-72.997375,4.516337],[-72.997396,4.516423],[-72.99771,4.517019],[-72.998188,4.517953],[-72.998387,4.518434],[-72.998615,4.518915],[-72.998787,4.519285],[-72.998929,4.519601],[-72.999136,4.519982],[-72.999229,4.520161],[-72.999307,4.520312],[-72.999385,4.520571],[-72.999492,4.520887],[-72.999563,4.521188],[-72.999606,4.521418],[-72.999741,4.522071],[-72.999876,4.522595],[-72.999947,4.522877],[-73.000025,4.523272],[-73.000125,4.52361],[-73.000196,4.523868],[-73.00026,4.524112],[-73.000295,4.524284],[-73.000316,4.524514],[-73.000316,4.524823],[-73.00028,4.525074],[-73.000172,4.525497],[-72.999899,4.526092],[-72.999749,4.526379],[-72.999591,4.526566],[-72.999491,4.526688],[-72.999104,4.526945],[-72.998861,4.527111],[-72.998703,4.527219],[-72.998596,4.52729],[-72.99841,4.527383],[-72.998245,4.527491],[-72.998124,4.527584],[-72.997945,4.52772],[-72.99788,4.52782],[-72.997679,4.528157],[-72.997529,4.528423],[-72.997328,4.528853],[-72.997206,4.529183],[-72.997105,4.529527],[-72.997019,4.529793],[-72.996933,4.530051],[-72.996825,4.530381],[-72.99671,4.530668],[-72.996653,4.530804],[-72.99661,4.530955],[-72.996566,4.531105],[-72.99653,4.531299],[-72.996537,4.531565],[-72.996544,4.531751],[-72.996536,4.53201],[-72.996543,4.53211],[-72.996586,4.532233],[-72.99665,4.53242],[-72.996707,4.532606],[-72.99675,4.532793],[-72.996792,4.532994],[-72.996878,4.533195],[-72.996921,4.533339],[-72.997049,4.533583],[-72.997163,4.533777],[-72.997249,4.533899],[-72.997406,4.534107],[-72.997534,4.534244],[-72.997613,4.534423],[-72.997691,4.534603],[-72.997734,4.534732],[-72.997762,4.53507],[-72.997761,4.535479],[-72.997753,4.536017],[-72.997753,4.536419],[-72.997774,4.536735],[-72.997824,4.53695],[-72.997881,4.537094],[-72.998066,4.537395],[-72.998316,4.537841],[-72.998494,4.538131],[-72.998658,4.538432],[-72.998794,4.538684],[-72.998901,4.538871],[-72.9991,4.539251],[-72.999257,4.539539],[-72.999421,4.539855],[-72.9996,4.540128],[-72.999642,4.540221],[-72.999728,4.540436],[-72.999842,4.540745],[-72.999984,4.541169],[-73.000077,4.541449],[-73.000127,4.541595],[-73.000162,4.541695],[-73.000169,4.541788],[-73.000155,4.541925],[-73.000104,4.542111],[-73.000025,4.542319],[-72.999982,4.542434],[-72.999875,4.542563],[-72.99976,4.542642],[-72.999574,4.542778],[-72.999295,4.543],[-72.999102,4.543186],[-72.998815,4.54343],[-72.998593,4.543609],[-72.998343,4.543831],[-72.998192,4.543981],[-72.998035,4.54411],[-72.997877,4.544239],[-72.997655,4.544483],[-72.99749,4.544669],[-72.997361,4.544899],[-72.997282,4.545093],[-72.997153,4.545509],[-72.997038,4.545863],[-72.996966,4.546121],[-72.996916,4.546344],[-72.996794,4.546659],[-72.9967,4.546975],[-72.996585,4.547369],[-72.996513,4.547563],[-72.996484,4.547735],[-72.996484,4.54785],[-72.99652,4.548001],[-72.996655,4.548453],[-72.996748,4.548726],[-72.99684,4.549049],[-72.996933,4.549279],[-72.997111,4.549523],[-72.997297,4.549882],[-72.997561,4.550283],[-72.998031,4.551109],[-72.99826,4.551506],[-72.998466,4.551894],[-72.998694,4.552411],[-72.998809,4.552684],[-72.998887,4.5529],[-72.999029,4.55318],[-72.999172,4.553517],[-72.99935,4.553955],[-72.999514,4.554264],[-72.999614,4.554587],[-72.999728,4.554867],[-72.999878,4.555186],[-72.999949,4.55543],[-73.000006,4.555574],[-73.000134,4.555754],[-73.000198,4.555904],[-73.000227,4.556048],[-73.000234,4.556148],[-73.000176,4.556234],[-73.000076,4.556263],[-72.999926,4.55627],[-72.999661,4.55627],[-72.998581,4.556261],[-72.997466,4.556245],[-72.997037,4.556237],[-72.996665,4.556351],[-72.996135,4.556594],[-72.99514,4.557196],[-72.993522,4.558277],[-72.992644,4.55899],[-72.991305,4.560115],[-72.990109,4.561168],[-72.989471,4.561713],[-72.989321,4.561935],[-72.989299,4.562107],[-72.989284,4.562502],[-72.989252,4.564887],[-72.989206,4.567047],[-72.989179,4.568394]]}},{"type":"Feature","properties":{"TIPO":"Balastrada","CODIGO":"Interna","ZONA":"2","BLOQUE":"90","COD_BP":"B.90-P.592"},"geometry":{"type":"LineString","coordinates":[[-72.958974,4.466852],[-72.958977,4.471261]]}},{"type":"Feature","properties":{"TIPO":"Balastrada","CODIGO":"Interna","ZONA":"1","BLOQUE":"2","COD_BP":"B.2-P.4"},"geometry":{"type":"LineString","coordinates":[[-72.968174,4.489446],[-72.96817,4.490289],[-72.969265,4.492185],[-72.969989,4.493481],[-72.970004,4.494756],[-72.969438,4.495797]]}},{"type":"Feature","properties":{"TIPO":"Balastrada","CODIGO":"Interna","ZONA":"1","BLOQUE":"2","COD_BP":"B.2-P.2"},"geometry":{"type":"LineString","coordinates":[[-72.969148,4.485855],[-72.969149,4.488121]]}},{"type":"Feature","properties":{"TIPO":"Balastrada","CODIGO":"Interna","ZONA":"1","BLOQUE":"2","COD_BP":"B.2-P.2"},"geometry":{"type":"LineString","coordinates":[[-72.968271,4.487589],[-72.969149,4.488121],[-72.970449,4.490383],[-72.972511,4.491592],[-72.97284,4.491407]]}},{"type":"Feature","properties":{"TIPO":"Balastrada","CODIGO":"Interna","ZONA":"1","BLOQUE":"2","COD_BP":"B.2-P.3"},"geometry":{"type":"LineString","coordinates":[[-72.967836,4.488754],[-72.967668,4.48881],[-72.967143,4.489113],[-72.966982,4.489407],[-72.966976,4.490094]]}},{"type":"Feature","properties":{"TIPO":"Proyectada","CODIGO":"Interna","ZONA":"1","BLOQUE":"2","COD_BP":"B.2-P.3"},"geometry":{"type":"LineString","coordinates":[[-72.967483,4.496126],[-72.968423,4.496659]]}},{"type":"Feature","properties":{"TIPO":"Balastrada","CODIGO":"Interna","ZONA":"1","BLOQUE":"2","COD_BP":"B.2-P.7"},"geometry":{"type":"LineString","coordinates":[[-72.972414,4.502415],[-72.972241,4.502538],[-72.97209,4.502767],[-72.971874,4.502979],[-72.971739,4.503141],[-72.971526,4.503431],[-72.971236,4.50379],[-72.969865,4.504597]]}},{"type":"Feature","properties":{"TIPO":"Balastrada","CODIGO":"Interna","ZONA":"1","BLOQUE":"2","COD_BP":"B.2-P.6"},"geometry":{"type":"LineString","coordinates":[[-72.966699,4.500768],[-72.966773,4.500934],[-72.967282,4.501392],[-72.967644,4.50199],[-72.967876,4.502774],[-72.968045,4.503349],[-72.968215,4.50393],[-72.968278,4.50405],[-72.968456,4.504177],[-72.968498,4.504185]]}},{"type":"Feature","properties":{"TIPO":"Balastrada","CODIGO":"Interna","ZONA":"1","BLOQUE":"2","COD_BP":"B.2-P.7"},"geometry":{"type":"LineString","coordinates":[[-72.968498,4.504185],[-72.969878,4.504937]]}},{"type":"Feature","properties":{"TIPO":"Proyectada","CODIGO":"Interna","ZONA":"5","BLOQUE":"327","COD_BP":"B.327-P.1"},"geometry":{"type":"LineString","coordinates":[[-72.93642,4.457069],[-72.935319,4.457068],[-72.933838,4.457923],[-72.933834,4.458624]]}},{"type":"Feature","properties":{"TIPO":"Proyectada","CODIGO":"Interna","ZONA":"5","BLOQUE":"327","COD_BP":"B.327-P.2"},"geometry":{"type":"LineString","coordinates":[[-72.942259,4.455142],[-72.94226,4.454135],[-72.941422,4.453661],[-72.941425,4.453328],[-72.939141,4.453321]]}},{"type":"Feature","properties":{"TIPO":"Proyectada","CODIGO":"Interna","ZONA":"5","BLOQUE":"327","COD_BP":"B.327-P.2"},"geometry":{"type":"LineString","coordinates":[[-72.937245,4.45332],[-72.935666,4.453316]]}},{"type":"Feature","properties":{"TIPO":"Proyectada","CODIGO":"Interna","ZONA":"5","BLOQUE":"327","COD_BP":"B.327-P.4"},"geometry":{"type":"LineString","coordinates":[[-72.936333,4.446917],[-72.93877,4.446926]]}},{"type":"Feature","properties":{"TIPO":"Proyectada","CODIGO":"Interna","ZONA":"5","BLOQUE":"327","COD_BP":"B.327-P.5"},"geometry":{"type":"LineString","coordinates":[[-72.933911,4.444742],[-72.940756,4.444753]]}},{"type":"Feature","properties":{"TIPO":"Proyectada","CODIGO":"Interna","ZONA":"5","BLOQUE":"327","COD_BP":"B.327-P.5"},"geometry":{"type":"LineString","coordinates":[[-72.938054,4.444749],[-72.938058,4.442574]]}},{"type":"Feature","properties":{"TIPO":"Proyectada","CODIGO":"Interna","ZONA":"5","BLOQUE":"327","COD_BP":"B.327-P.4"},"geometry":{"type":"LineString","coordinates":[[-72.937378,4.444747],[-72.937378,4.444858],[-72.935542,4.44485]]}},{"type":"Feature","properties":{"TIPO":"Proyectada","CODIGO":"Interna","ZONA":"5","BLOQUE":"335","COD_BP":"B.335-P.4"},"geometry":{"type":"LineString","coordinates":[[-72.935566,4.430706],[-72.939064,4.430676],[-72.939113,4.430657]]}},{"type":"Feature","properties":{"TIPO":"Proyectada","CODIGO":"Interna","ZONA":"5","BLOQUE":"335","COD_BP":"B.335-P.4"},"geometry":{"type":"LineString","coordinates":[[-72.931363,4.427632],[-72.932767,4.428434],[-72.932766,4.428745]]}},{"type":"Feature","properties":{"TIPO":"Balastrada","CODIGO":"Interna","ZONA":"7","BLOQUE":"339","COD_BP":"B.339-P.23"},"geometry":{"type":"LineString","coordinates":[[-73.018108,4.38505],[-73.019198,4.384358],[-73.01961,4.384106],[-73.019819,4.384021],[-73.019996,4.383959],[-73.02011,4.383988],[-73.020649,4.384199],[-73.021525,4.384569],[-73.02173,4.384861],[-73.022329,4.385589],[-73.022729,4.385996],[-73.02341,4.386609],[-73.024133,4.387213],[-73.024433,4.387453],[-73.024947,4.38821],[-73.025122,4.388517]]}},{"type":"Feature","properties":{"TIPO":"Balastrada","CODIGO":"Interna","ZONA":"2","BLOQUE":"3","COD_BP":"B.3-P.1"},"geometry":{"type":"LineString","coordinates":[[-72.976739,4.482734],[-72.975023,4.482821],[-72.974883,4.482947],[-72.974358,4.483992],[-72.97452,4.487185]]}},{"type":"Feature","properties":{"TIPO":"Balastrada","CODIGO":"Interna","ZONA":"2","BLOQUE":"3","COD_BP":"B.3-P.4"},"geometry":{"type":"LineString","coordinates":[[-72.980517,4.49046],[-72.980707,4.494545],[-72.978673,4.495834],[-72.978788,4.498347]]}},{"type":"Feature","properties":{"TIPO":"Balastrada","CODIGO":"Interna","ZONA":"2","BLOQUE":"3","COD_BP":"B.3-P.4"},"geometry":{"type":"LineString","coordinates":[[-72.978788,4.498347],[-72.977401,4.497624]]}},{"type":"Feature","properties":{"TIPO":"Balastrada","CODIGO":"Interna","ZONA":"2","BLOQUE":"3","COD_BP":"B.3-P.5"},"geometry":{"type":"LineString","coordinates":[[-72.979268,4.501213],[-72.974576,4.498794]]}},{"type":"Feature","properties":{"TIPO":"Balastrada","CODIGO":"Interna","ZONA":"2","BLOQUE":"3","COD_BP":"B.3-P.6"},"geometry":{"type":"LineString","coordinates":[[-72.978732,4.503779],[-72.973614,4.50115]]}},{"type":"Feature","properties":{"TIPO":"Balastrada","CODIGO":"Interna","ZONA":"2","BLOQUE":"3","COD_BP":"B.3-P.7"},"geometry":{"type":"LineString","coordinates":[[-72.977726,4.50599],[-72.973393,4.503787],[-72.973321,4.503419]]}},{"type":"Feature","properties":{"TIPO":"Proyectada","CODIGO":"Interna","ZONA":"2","BLOQUE":"3","COD_BP":"B.3-P.3"},"geometry":{"type":"LineString","coordinates":[[-72.977111,4.491476],[-72.978591,4.490526]]}},{"type":"Feature","properties":{"TIPO":"Balastrada","CODIGO":"Interna","ZONA":"2","BLOQUE":"3","COD_BP":"B.3-P.3"},"geometry":{"type":"LineString","coordinates":[[-72.977241,4.49447],[-72.978744,4.493505]]}},{"type":"Feature","properties":{"TIPO":"Proyectada","CODIGO":"Interna","NDESCRIPCI":"Bloque 340","ZONA":"8","BLOQUE":"340","COD_BP":"B.340-P.17"},"geometry":{"type":"LineString","coordinates":[[-72.988051,4.412413],[-72.988367,4.411892],[-72.989033,4.410776]]}},{"type":"Feature","properties":{"TIPO":"Balastrada","CODIGO":"Interna","NDESCRIPCI":"Bloque 340","ZONA":"8","BLOQUE":"340","COD_BP":"B.340-P.8"},"geometry":{"type":"LineString","coordinates":[[-72.993224,4.420043],[-72.993224,4.419523]]}},{"type":"Feature","properties":{"TIPO":"Balastrada","CODIGO":"Interna","NDESCRIPCI":"Bloque 340","ZONA":"8","BLOQUE":"340","COD_BP":"B.340-P.5"},"geometry":{"type":"LineString","coordinates":[[-73.00082,4.416098],[-73.000814,4.418853]]}},{"type":"Feature","properties":{"TIPO":"Proyectada","CODIGO":"Interna","ZONA":"7","BLOQUE":"31","COD_BP":"B.31-P.22"},"geometry":{"type":"LineString","coordinates":[[-73.085148,4.412456],[-73.085961,4.411025]]}},{"type":"Feature","properties":{"TIPO":"Balastrada","CODIGO":"Interna","NDESCRIPCI":"Vía Bueyera Puente Casa de Lata","ZONA":"2","BLOQUE":"90","COD_BP":"B.90-P.592"},"geometry":{"type":"LineString","coordinates":[[-72.961704,4.462074],[-72.961692,4.462067],[-72.961425,4.46192],[-72.961264,4.461879],[-72.961159,4.461894],[-72.961073,4.461917],[-72.960973,4.462013],[-72.960897,4.462146],[-72.960887,4.462173]]}},{"type":"Feature","properties":{"TIPO":"Balastrada","CODIGO":"Interna","NDESCRIPCI":"Bloque 332","ZONA":"4","BLOQUE":"332","COD_BP":"B.332-P.2"},"geometry":{"type":"LineString","coordinates":[[-72.950401,4.440251],[-72.951231,4.440704],[-72.951374,4.440746]]}},{"type":"Feature","properties":{"TIPO":"Balastrada","CODIGO":"Interna","ZONA":"2","BLOQUE":"90","COD_BP":"B.90-P.594"},"geometry":{"type":"LineString","coordinates":[[-72.951718,4.48125],[-72.951762,4.481303],[-72.951794,4.48135],[-72.951837,4.481411],[-72.951869,4.481501],[-72.951912,4.481537],[-72.951962,4.481555],[-72.952094,4.481505],[-72.952817,4.48119],[-72.952956,4.481135]]}},{"type":"Feature","properties":{"TIPO":"Balastrada","CODIGO":"Interna","NDESCRIPCI":"Vía divisoria de Manantial 1 y 2","ZONA":"2","BLOQUE":"90","COD_BP":"B.90-P.552"},"geometry":{"type":"LineString","coordinates":[[-72.954401,4.48875],[-72.954406,4.488719],[-72.954848,4.486041],[-72.954855,4.485851],[-72.954873,4.485747],[-72.954913,4.485668],[-72.955622,4.484783]]}},{"type":"Feature","properties":{"TIPO":"Balastrada","CODIGO":"Interna","ZONA":"2","BLOQUE":"3","COD_BP":"B.3-P.2"},"geometry":{"type":"LineString","coordinates":[[-72.972606,4.486197],[-72.974263,4.487052]]}},{"type":"Feature","properties":{"TIPO":"Balastrada","CODIGO":"Interna","ZONA":"2","BLOQUE":"3","COD_BP":"B.3-P.3"},"geometry":{"type":"LineString","coordinates":[[-72.975708,4.487799],[-72.97699,4.488461]]}},{"type":"Feature","properties":{"TIPO":"Balastrada","CODIGO":"Interna","ZONA":"2","BLOQUE":"3","COD_BP":"B.3-P.1"},"geometry":{"type":"LineString","coordinates":[[-72.976848,4.485066],[-72.976802,4.484111]]}},{"type":"Feature","properties":{"TIPO":"Balastrada","CODIGO":"Interna","ZONA":"2","BLOQUE":"3","COD_BP":"B.3-P.3"},"geometry":{"type":"LineString","coordinates":[[-72.978919,4.488425],[-72.979012,4.488463],[-72.979124,4.488545],[-72.979219,4.488712],[-72.979308,4.488958],[-72.979355,4.489155],[-72.979365,4.489334],[-72.979423,4.489603],[-72.979539,4.489755],[-72.979655,4.489845]]}},{"type":"Feature","properties":{"TIPO":"Proyectada","CODIGO":"Interna","ZONA":"2","BLOQUE":"3","COD_BP":"B.3-P.8"},"geometry":{"type":"LineString","coordinates":[[-72.972836,4.509055],[-72.975863,4.510628]]}},{"type":"Feature","properties":{"TIPO":"Balastrada","CODIGO":"Interna","ZONA":"1","BLOQUE":"2","COD_BP":"B.2-P.6"},"geometry":{"type":"LineString","coordinates":[[-72.967664,4.499256],[-72.966022,4.498359],[-72.966022,4.498359]]}},{"type":"Feature","properties":{"TIPO":"Balastrada","CODIGO":"Interna","ZONA":"1","BLOQUE":"2","COD_BP":"B.2-P.4"},"geometry":{"type":"LineString","coordinates":[[-72.968174,4.489446],[-72.968162,4.489433],[-72.968053,4.489314],[-72.967957,4.489208],[-72.967903,4.489158],[-72.96787,4.489124]]}},{"type":"Feature","properties":{"TIPO":"Proyectada","CODIGO":"Interna","ZONA":"0","BLOQUE":"90","COD_BP":"B.90-P.593"},"geometry":{"type":"LineString","coordinates":[[-72.95614,4.474651],[-72.955535,4.473605]]}},{"type":"Feature","properties":{"TIPO":"Ruta","NDESCRIPCI":"RUTA A POZO 9","ZONA":"0","BLOQUE":"0"},"geometry":{"type":"LineString","coordinates":[[-72.961624,4.478658],[-72.961887,4.478227],[-72.962078,4.47812],[-72.962222,4.477486],[-72.962115,4.477055],[-72.961901,4.476732],[-72.964146,4.474068],[-72.964539,4.473758],[-72.964981,4.473268],[-72.965244,4.472886],[-72.965578,4.472539],[-72.966055,4.472229],[-72.966437,4.471955],[-72.967511,4.471274],[-72.968406,4.470187],[-72.96808,4.464828],[-72.968772,4.464387],[-72.968818,4.456708],[-72.970193,4.455375],[-72.970766,4.455103],[-72.971138,4.455046],[-72.971338,4.454903],[-72.971638,4.454975],[-72.971839,4.454933],[-72.974385,4.454377],[-72.974915,4.45409],[-72.978991,4.453494],[-72.981011,4.451588],[-72.982227,4.450728],[-72.983187,4.450112],[-72.984993,4.447115],[-72.984494,4.445794],[-72.984638,4.445565],[-72.984895,4.445508],[-72.986469,4.445022],[-72.986869,4.445022],[-72.987513,4.445138],[-72.988199,4.445355],[-72.988427,4.445484],[-72.990936,4.441713],[-72.990996,4.439589],[-72.990825,4.439215],[-72.990597,4.438842],[-72.990554,4.438483],[-72.990561,4.438322],[-72.990599,4.438174],[-72.990633,4.438054],[-72.990697,4.437973],[-72.990824,4.437889],[-72.991007,4.437753],[-72.991162,4.437572],[-72.991184,4.437371],[-72.991111,4.437203],[-72.991049,4.437031],[-72.991023,4.436859],[-72.991072,4.436615],[-72.99153,4.435417],[-72.991683,4.435295],[-72.991838,4.435197],[-72.991845,4.435071],[-72.991788,4.434893],[-72.991344,4.433967],[-72.991406,4.433812],[-72.991545,4.433649],[-72.991693,4.43347],[-72.99185,4.433437],[-72.991974,4.433446],[-72.9962,4.430898],[-72.996061,4.430647],[-72.994399,4.427986],[-72.99252,4.42613],[-72.99225,4.425337]]}},{"type":"Feature","properties":{"TIPO":"Balastrada","CODIGO":"Interna","NDESCRIPCI":"Bloque 344","ZONA":"7","BLOQUE":"344"},"geometry":{"type":"LineString","coordinates":[[-73.014433,4.434052],[-73.011872,4.429545]]}},{"type":"Feature","properties":{"TIPO":"Balastrada","CODIGO":"Interna","NDESCRIPCI":"Mucuna","ZONA":"2","BLOQUE":"90","COD_BP":"B.90-P.592"},"geometry":{"type":"LineString","coordinates":[[-72.957572,4.469437],[-72.957534,4.469514]]}},{"type":"Feature","properties":{"TIPO":"Proyectada","CODIGO":"Interna","ZONA":"11","BLOQUE":"1","COD_BP":"B.1-P.995"},"geometry":{"type":"LineString","coordinates":[[-72.962947,4.53345],[-72.967494,4.530801],[-72.967566,4.530562],[-72.967862,4.53038]]}},{"type":"Feature","properties":{"TIPO":"Proyectada","CODIGO":"Interna","ZONA":"11","BLOQUE":"3","COD_BP":"B.3-P.1005"},"geometry":{"type":"LineString","coordinates":[[-72.978744,4.540313],[-72.9792,4.540574],[-72.97934,4.540658]]}},{"type":"Feature","properties":{"TIPO":"Proyectada","CODIGO":"Interna","ZONA":"11","BLOQUE":"3","COD_BP":"B.3-P.1005"},"geometry":{"type":"LineString","coordinates":[[-72.977996,4.541945],[-72.97775,4.541788],[-72.977736,4.541561],[-72.977745,4.541439],[-72.97773,4.541223],[-72.977612,4.540748],[-72.977627,4.540649],[-72.977431,4.539835],[-72.97744,4.539772],[-72.977263,4.539007]]}},{"type":"Feature","properties":{"TIPO":"Proyectada","CODIGO":"Interna","ZONA":"1","BLOQUE":"343","COD_BP":"B.343-P.1"},"geometry":{"type":"LineString","coordinates":[[-72.958075,4.546807],[-72.958044,4.546901],[-72.958015,4.546959],[-72.957977,4.547006],[-72.957948,4.547088],[-72.957914,4.547202],[-72.957905,4.547303],[-72.958042,4.548286],[-72.95805,4.548734],[-72.958026,4.549001],[-72.958026,4.549155],[-72.958035,4.549284],[-72.958073,4.549368],[-72.958084,4.549767],[-72.958158,4.549839],[-72.958227,4.550062],[-72.958222,4.550258],[-72.958119,4.550537],[-72.958102,4.550621],[-72.958164,4.550686],[-72.958228,4.550741],[-72.958233,4.550794],[-72.958071,4.551021],[-72.957784,4.551271],[-72.957386,4.551582],[-72.957054,4.551813],[-72.957032,4.55189],[-72.956877,4.551992]]}},{"type":"Feature","properties":{"TIPO":"Proyectada","CODIGO":"Interna","ZONA":"1","BLOQUE":"343","COD_BP":"B.343-P.1"},"geometry":{"type":"LineString","coordinates":[[-72.958602,4.552672],[-72.958668,4.552895],[-72.958677,4.553689],[-72.957966,4.554097],[-72.957663,4.554221],[-72.957572,4.554261],[-72.957553,4.554505],[-72.957488,4.554563],[-72.957488,4.554929],[-72.958202,4.555351],[-72.958443,4.555571],[-72.958597,4.555751],[-72.958667,4.55585],[-72.959434,4.555405],[-72.959491,4.555292],[-72.959497,4.555145],[-72.959503,4.555109],[-72.959711,4.555012]]}},{"type":"Feature","properties":{"TIPO":"Proyectada","CODIGO":"Interna","ZONA":"1","BLOQUE":"343","COD_BP":"B.343-P.1"},"geometry":{"type":"LineString","coordinates":[[-72.958667,4.55585],[-72.958849,4.556182],[-72.958723,4.55634],[-72.95793,4.556647],[-72.957519,4.556814],[-72.956797,4.557067],[-72.956114,4.557335]]}},{"type":"Feature","properties":{"TIPO":"Proyectada","CODIGO":"Interna","ZONA":"3","BLOQUE":"323","COD_BP":"B.323-P.3"},"geometry":{"type":"LineString","coordinates":[[-72.981813,4.458926],[-72.983966,4.457687]]}},{"type":"Feature","properties":{"TIPO":"Proyectada","CODIGO":"Interna","ZONA":"3","BLOQUE":"323","COD_BP":"B.323-P.4"},"geometry":{"type":"LineString","coordinates":[[-72.981812,4.460121],[-72.979953,4.461205]]}},{"type":"Feature","properties":{"TIPO":"Proyectada","CODIGO":"Interna","ZONA":"3","BLOQUE":"323","COD_BP":"B.323-P.4"},"geometry":{"type":"LineString","coordinates":[[-72.979897,4.469442],[-72.979896,4.472454]]}},{"type":"Feature","properties":{"TIPO":"Balastrada","CODIGO":"Interna","ZONA":"9","BLOQUE":"119"},"geometry":{"type":"LineString","coordinates":[[-73.074861,4.412965],[-73.074765,4.412894],[-73.073959,4.412213],[-73.073298,4.411654],[-73.072378,4.410878],[-73.071567,4.410195],[-73.071507,4.410155],[-73.07145,4.410131],[-73.071402,4.410117],[-73.071349,4.41011],[-73.071295,4.41011],[-73.071245,4.410115],[-73.071196,4.410129],[-73.071101,4.410166],[-73.070608,4.410391],[-73.070162,4.410595],[-73.070122,4.410611],[-73.07007,4.410628],[-73.070019,4.410638],[-73.069964,4.41064],[-73.069919,4.410635],[-73.069871,4.410626],[-73.069815,4.410606],[-73.069744,4.410569],[-73.069588,4.410472],[-73.06949,4.410409]]}},{"type":"Feature","properties":{"TIPO":"Balastrada","CODIGO":"Interna","ZONA":"9","BLOQUE":"119"},"geometry":{"type":"LineString","coordinates":[[-73.06949,4.410409],[-73.069507,4.410393],[-73.069725,4.410224],[-73.069942,4.410059],[-73.070283,4.409798],[-73.07031,4.409775],[-73.070348,4.409735],[-73.070373,4.4097],[-73.07043,4.409598],[-73.070569,4.409343],[-73.070762,4.408983],[-73.071041,4.408467],[-73.071342,4.407914],[-73.071708,4.407237],[-73.072074,4.406564],[-73.073178,4.404567]]}},{"type":"Feature","properties":{"TIPO":"Balastrada","CODIGO":"Interna","ZONA":"9","BLOQUE":"119"},"geometry":{"type":"LineString","coordinates":[[-73.06949,4.410409],[-73.069256,4.410264],[-73.068573,4.409844],[-73.067786,4.409357],[-73.066653,4.40866],[-73.065761,4.408128]]}},{"type":"Feature","properties":{"TIPO":"Balastrada","CODIGO":"Interna","ZONA":"9","BLOQUE":"119"},"geometry":{"type":"LineString","coordinates":[[-73.064969,4.402104],[-73.064997,4.402493],[-73.065053,4.40331],[-73.0651,4.403976],[-73.065159,4.404814],[-73.065227,4.405809],[-73.065334,4.407326],[-73.06536,4.407699]]}},{"type":"Feature","properties":{"TIPO":"Balastrada","CODIGO":"Interna","ZONA":"9","BLOQUE":"119"},"geometry":{"type":"LineString","coordinates":[[-73.069121,4.41746],[-73.066808,4.418191],[-73.066438,4.41814],[-73.065823,4.418061],[-73.064957,4.417949],[-73.063807,4.4178],[-73.063788,4.417796],[-73.062466,4.417319],[-73.061318,4.416899],[-73.060505,4.416605],[-73.060474,4.416586],[-73.06044,4.416563],[-73.06041,4.416536],[-73.060389,4.416507],[-73.060374,4.416485],[-73.060358,4.41644],[-73.06034,4.416393],[-73.060338,4.41634],[-73.060338,4.416309],[-73.060343,4.416282],[-73.060351,4.416253],[-73.060367,4.416213],[-73.060787,4.415459],[-73.061124,4.414851],[-73.06125,4.414622],[-73.061707,4.413799],[-73.062144,4.413007],[-73.062488,4.412386],[-73.062542,4.412289],[-73.062783,4.411857],[-73.063183,4.411132],[-73.063489,4.410582],[-73.063931,4.409784],[-73.064325,4.409068],[-73.064815,4.408175],[-73.064851,4.408119],[-73.064901,4.408064],[-73.064943,4.408032],[-73.065013,4.407994],[-73.06506,4.407977],[-73.065096,4.407968],[-73.065145,4.407962]]}},{"type":"Feature","properties":{"TIPO":"Balastrada","CODIGO":"Interna","ZONA":"7","BLOQUE":"339","COD_BP":"B.339-P.23"},"geometry":{"type":"LineString","coordinates":[[-73.015744,4.386352],[-73.016127,4.386235],[-73.017582,4.385415],[-73.018083,4.385066],[-73.018108,4.38505]]}},{"type":"Feature","properties":{"TIPO":"Balastrada","CODIGO":"Interna","ZONA":"2","BLOQUE":"90","COD_BP":"B.90-P.603"},"geometry":{"type":"LineString","coordinates":[[-72.95479,4.492464],[-72.953698,4.493094]]}},{"type":"Feature","properties":{"TIPO":"Balastrada","CODIGO":"Interna","ZONA":"2","BLOQUE":"3","COD_BP":"B.3-P.8"},"geometry":{"type":"LineString","coordinates":[[-72.975863,4.510628],[-72.977966,4.51172]]}},{"type":"Feature","properties":{"TIPO":"Balastrada","ZONA":"2","BLOQUE":"3","COD_BP":"B.3-P.2"},"geometry":{"type":"LineString","coordinates":[[-72.97273,4.489069],[-72.972787,4.489082],[-72.972862,4.48909],[-72.972916,4.48909],[-72.972975,4.489087],[-72.97304,4.489082],[-72.973086,4.48908],[-72.973261,4.489147],[-72.973553,4.489277],[-72.973765,4.489384],[-72.974295,4.489685],[-72.974439,4.48976],[-72.974625,4.489836],[-72.974726,4.489867],[-72.974871,4.489898]]}},{"type":"Feature","properties":{"TIPO":"Proyectada","CODIGO":"Interna","ZONA":"5","BLOQUE":"342"},"geometry":{"type":"LineString","coordinates":[[-72.917905,4.444862],[-72.917896,4.444897],[-72.917801,4.444973],[-72.917327,4.445271],[-72.916064,4.446052],[-72.916036,4.446078],[-72.916018,4.446098],[-72.91601,4.446131],[-72.916014,4.446187],[-72.916321,4.447065],[-72.916393,4.447257],[-72.916401,4.44733],[-72.916429,4.447471],[-72.916552,4.447928],[-72.916596,4.448061],[-72.916734,4.448366],[-72.916785,4.448481],[-72.91685,4.448565],[-72.9169,4.448624]]}},{"type":"Feature","properties":{"TIPO":"Proyectada","CODIGO":"Interna","ZONA":"5","BLOQUE":"342"},"geometry":{"type":"LineString","coordinates":[[-72.916416,4.447405],[-72.916519,4.4474],[-72.919647,4.449221]]}},{"type":"Feature","properties":{"TIPO":"Proyectada","CODIGO":"Interna","ZONA":"5","BLOQUE":"342"},"geometry":{"type":"LineString","coordinates":[[-72.918526,4.449843],[-72.917485,4.450379],[-72.917215,4.4505],[-72.917126,4.450531],[-72.917078,4.450535],[-72.917059,4.45051],[-72.917058,4.450465],[-72.917066,4.450412],[-72.917108,4.450321],[-72.917125,4.450258],[-72.917108,4.449453],[-72.917074,4.449359],[-72.917066,4.449286],[-72.916999,4.448987],[-72.916932,4.44874],[-72.9169,4.448624]]}},{"type":"Feature","properties":{"TIPO":"Proyectada","CODIGO":"Interna","ZONA":"5","BLOQUE":"342"},"geometry":{"type":"LineString","coordinates":[[-72.921602,4.442456],[-72.921609,4.442667],[-72.92161,4.444875],[-72.92162,4.444918],[-72.921648,4.444949],[-72.921698,4.444985],[-72.923482,4.446024],[-72.924656,4.446731]]}},{"type":"Feature","properties":{"TIPO":"Proyectada","CODIGO":"Interna","ZONA":"5","BLOQUE":"342"},"geometry":{"type":"LineString","coordinates":[[-72.924656,4.446731],[-72.924745,4.446702],[-72.924873,4.446652],[-72.925278,4.446448],[-72.926004,4.446033]]}},{"type":"Feature","properties":{"TIPO":"Proyectada","CODIGO":"Interna","ZONA":"5","BLOQUE":"342"},"geometry":{"type":"LineString","coordinates":[[-72.924656,4.446731],[-72.924093,4.447028],[-72.923986,4.447053],[-72.923861,4.447074],[-72.923629,4.447034],[-72.922213,4.44672],[-72.921745,4.446597],[-72.921713,4.446533],[-72.921659,4.446497],[-72.921595,4.446493],[-72.921527,4.446536],[-72.921477,4.446554],[-72.92117,4.446485],[-72.920673,4.446367],[-72.920635,4.446334],[-72.92063,4.446295],[-72.920614,4.446257],[-72.920583,4.44624],[-72.92053,4.446252],[-72.920468,4.446262],[-72.920354,4.446254],[-72.920232,4.446237],[-72.920011,4.446191],[-72.919725,4.446122],[-72.919246,4.445994],[-72.91907,4.445953],[-72.918843,4.445855],[-72.918681,4.445749],[-72.918541,4.445646],[-72.918419,4.445545],[-72.918303,4.445418]]}},{"type":"Feature","properties":{"TIPO":"Proyectada","CODIGO":"Interna","ZONA":"5","BLOQUE":"342"},"geometry":{"type":"LineString","coordinates":[[-72.923502,4.447006],[-72.923484,4.447104],[-72.923478,4.447136],[-72.923465,4.447165],[-72.923447,4.447184],[-72.923425,4.447188],[-72.923388,4.447184],[-72.923348,4.447142],[-72.923289,4.447101],[-72.923251,4.447074],[-72.923192,4.447055],[-72.923076,4.447022],[-72.9225,4.44688],[-72.922123,4.446793],[-72.921938,4.446753],[-72.921841,4.446733],[-72.921763,4.44673],[-72.921684,4.446737],[-72.92164,4.446743],[-72.921581,4.446748],[-72.921538,4.446729],[-72.92145,4.446687],[-72.921366,4.446649],[-72.920968,4.446541],[-72.920766,4.446496],[-72.920433,4.446494],[-72.920223,4.446505],[-72.920169,4.446519],[-72.920084,4.446526],[-72.919947,4.446498],[-72.919854,4.446495],[-72.919773,4.446499],[-72.91911,4.446107],[-72.918993,4.446076],[-72.918863,4.446035]]}},{"type":"Feature","properties":{"TIPO":"Proyectada","CODIGO":"Interna","ZONA":"5","BLOQUE":"342"},"geometry":{"type":"LineString","coordinates":[[-72.924082,4.442182],[-72.924086,4.442355],[-72.924055,4.442457],[-72.923967,4.442761],[-72.923883,4.443058],[-72.923842,4.443189],[-72.923827,4.443299],[-72.92383,4.443376],[-72.923853,4.443462],[-72.923903,4.443541],[-72.92395,4.443709],[-72.923937,4.443778],[-72.923906,4.44382],[-72.923557,4.444025],[-72.923561,4.446072]]}},{"type":"Feature","properties":{"TIPO":"Balastrada","CODIGO":"Interna","ZONA":"5","BLOQUE":"335"},"geometry":{"type":"LineString","coordinates":[[-72.931516,4.435822],[-72.930734,4.435197]]}},{"type":"Feature","properties":{"TIPO":"Proyectada","CODIGO":"Interna","ZONA":"5","BLOQUE":"342"},"geometry":{"type":"LineString","coordinates":[[-72.930734,4.435197],[-72.930646,4.43513],[-72.930634,4.435109],[-72.930634,4.435059],[-72.930632,4.434989],[-72.930596,4.434948],[-72.930541,4.434922],[-72.930474,4.434891],[-72.930436,4.434874],[-72.930367,4.434857],[-72.930296,4.434826],[-72.930232,4.434776],[-72.93016,4.434725],[-72.930086,4.434677],[-72.929965,4.434596],[-72.929865,4.434529],[-72.929667,4.434356],[-72.929191,4.433949],[-72.928979,4.433764],[-72.928899,4.433683],[-72.928863,4.433604],[-72.92883,4.43352],[-72.928761,4.433484],[-72.92868,4.433465],[-72.928601,4.433421],[-72.928363,4.433211],[-72.928177,4.433033],[-72.927818,4.432576],[-72.927609,4.432288],[-72.927397,4.431984],[-72.927107,4.431608],[-72.926836,4.431211],[-72.926477,4.430732],[-72.926272,4.430463],[-72.926008,4.430092],[-72.925364,4.429209],[-72.925285,4.429094],[-72.925202,4.428962],[-72.925152,4.428883],[-72.925156,4.428838],[-72.92515,4.428802],[-72.925121,4.428775],[-72.925061,4.428757],[-72.924975,4.428685],[-72.924886,4.42856],[-72.924826,4.428464],[-72.924832,4.428398],[-72.924829,4.428344],[-72.924798,4.428312],[-72.924755,4.42829],[-72.924719,4.428285],[-72.924678,4.428271],[-72.92464,4.428231],[-72.924575,4.428144],[-72.923818,4.427105],[-72.923479,4.42662],[-72.923446,4.426548],[-72.923426,4.426497]]}},{"type":"Feature","properties":{"TIPO":"Proyectada","CODIGO":"Interna","ZONA":"5","BLOQUE":"342"},"geometry":{"type":"LineString","coordinates":[[-72.92862,4.429352],[-72.92641,4.430645]]}},{"type":"Feature","properties":{"TIPO":"Proyectada","CODIGO":"Interna","ZONA":"5","BLOQUE":"342"},"geometry":{"type":"LineString","coordinates":[[-72.929714,4.430983],[-72.927557,4.432214]]}},{"type":"Feature","properties":{"TIPO":"Proyectada","CODIGO":"Interna","ZONA":"5","BLOQUE":"342"},"geometry":{"type":"LineString","coordinates":[[-72.928113,4.432952],[-72.928012,4.433038],[-72.927956,4.433056],[-72.927909,4.43305],[-72.927884,4.433067],[-72.927859,4.433117],[-72.926085,4.436214],[-72.926044,4.436274],[-72.925999,4.436331],[-72.925929,4.436381],[-72.925898,4.436393],[-72.924232,4.436383],[-72.924161,4.436405],[-72.924118,4.436431],[-72.924068,4.436465],[-72.924022,4.436517],[-72.923951,4.436646],[-72.923843,4.436799],[-72.923721,4.437043],[-72.923396,4.4376],[-72.92332,4.437753],[-72.923284,4.437817],[-72.923243,4.437884],[-72.923129,4.437941],[-72.922969,4.438001],[-72.922652,4.438046],[-72.922497,4.438086],[-72.922316,4.438124],[-72.922074,4.438153]]}},{"type":"Feature","properties":{"TIPO":"Proyectada","CODIGO":"Interna","ZONA":"5","BLOQUE":"342"},"geometry":{"type":"LineString","coordinates":[[-72.921388,4.427161],[-72.921018,4.427375],[-72.920943,4.427415],[-72.920865,4.427426],[-72.920776,4.427443],[-72.920613,4.427525],[-72.92019,4.42777],[-72.920142,4.427798],[-72.920098,4.427823],[-72.920068,4.427819],[-72.920024,4.427792],[-72.919959,4.427731],[-72.919839,4.427585],[-72.919782,4.427488],[-72.919696,4.427348],[-72.919531,4.427063],[-72.919396,4.426825],[-72.919303,4.426653],[-72.919242,4.426538],[-72.919198,4.426429],[-72.919196,4.42639],[-72.919195,4.426321],[-72.919204,4.424921],[-72.919199,4.42488],[-72.919184,4.424852],[-72.919147,4.424798],[-72.919081,4.424719],[-72.919043,4.424666],[-72.919026,4.424622],[-72.919024,4.424576],[-72.91903,4.42453],[-72.919045,4.42448],[-72.919045,4.424404],[-72.919055,4.422662],[-72.919069,4.422643],[-72.91913,4.42262],[-72.919155,4.422599],[-72.919151,4.422283],[-72.919136,4.422239],[-72.919108,4.422214],[-72.919102,4.422195],[-72.9191,4.420851]]}},{"type":"Feature","properties":{"TIPO":"Proyectada","CODIGO":"Interna","ZONA":"5","BLOQUE":"342"},"geometry":{"type":"LineString","coordinates":[[-72.922093,4.425758],[-72.922082,4.427411]]}},{"type":"Feature","properties":{"TIPO":"Proyectada","CODIGO":"Interna","ZONA":"5","BLOQUE":"342"},"geometry":{"type":"LineString","coordinates":[[-72.924041,4.436496],[-72.924001,4.436424],[-72.923988,4.436371],[-72.923984,4.436196],[-72.923986,4.433919]]}},{"type":"Feature","properties":{"TIPO":"Proyectada","CODIGO":"Interna","ZONA":"5","BLOQUE":"342"},"geometry":{"type":"LineString","coordinates":[[-72.925685,4.436392],[-72.925691,4.435586],[-72.925699,4.429945],[-72.925689,4.429903],[-72.925664,4.429851],[-72.925539,4.429659],[-72.925459,4.429556],[-72.92539,4.429489],[-72.92527,4.429431],[-72.925148,4.429391],[-72.925107,4.429354],[-72.925089,4.429299],[-72.925086,4.429171],[-72.925086,4.429096],[-72.925059,4.429027],[-72.924972,4.428922],[-72.924846,4.42874],[-72.924707,4.428523],[-72.924519,4.428326],[-72.92446,4.428232],[-72.924352,4.428063],[-72.924285,4.427977],[-72.924119,4.427747],[-72.924,4.427567],[-72.923825,4.42732],[-72.9236,4.427011],[-72.923448,4.426808],[-72.923393,4.426753],[-72.923286,4.426737],[-72.923194,4.426741],[-72.923091,4.426712],[-72.923019,4.42667]]}},{"type":"Feature","properties":{"TIPO":"Proyectada","CODIGO":"Interna","ZONA":"5","BLOQUE":"342"},"geometry":{"type":"LineString","coordinates":[[-72.922057,4.435908],[-72.920144,4.435909]]}},{"type":"Feature","properties":{"TIPO":"Proyectada","CODIGO":"Interna","ZONA":"5","BLOQUE":"342"},"geometry":{"type":"LineString","coordinates":[[-72.922068,4.437403],[-72.920634,4.437403]]}},{"type":"Feature","properties":{"TIPO":"Proyectada","CODIGO":"Interna","ZONA":"5","BLOQUE":"342"},"geometry":{"type":"LineString","coordinates":[[-72.92207,4.433855],[-72.919514,4.433855]]}},{"type":"Feature","properties":{"TIPO":"Proyectada","CODIGO":"Interna","ZONA":"5","BLOQUE":"342"},"geometry":{"type":"LineString","coordinates":[[-72.922078,4.431541],[-72.918005,4.431547]]}},{"type":"Feature","properties":{"TIPO":"Proyectada","CODIGO":"Interna","ZONA":"5","BLOQUE":"342"},"geometry":{"type":"LineString","coordinates":[[-72.922079,4.430353],[-72.917058,4.430349],[-72.916978,4.430374]]}},{"type":"Feature","properties":{"TIPO":"Pavimentada","CODIGO":"Externa","NDESCRIPCI":"MAYA - ENTRADA FORZOSA","ZONA":"0","BLOQUE":"0","COD_BP":"B.-P.0"},"geometry":{"type":"LineString","coordinates":[[-73.125224,4.485005],[-73.125477,4.485085],[-73.125621,4.485103],[-73.125918,4.48511],[-73.128347,4.485123],[-73.131743,4.485238],[-73.132625,4.485284],[-73.132953,4.485267],[-73.13311,4.485238],[-73.133403,4.48515],[-73.133672,4.485021],[-73.133918,4.484853],[-73.134789,4.484198],[-73.135927,4.483364],[-73.136933,4.482571],[-73.137477,4.482155],[-73.138063,4.481839],[-73.138226,4.481788],[-73.138574,4.481737],[-73.139876,4.481666],[-73.140617,4.48163],[-73.140984,4.481579],[-73.14134,4.481465],[-73.141678,4.481281],[-73.141973,4.481037],[-73.142198,4.480732],[-73.142424,4.480198],[-73.142624,4.47902],[-73.142884,4.47713],[-73.143012,4.476288],[-73.143106,4.475987],[-73.143265,4.475722],[-73.143468,4.475494],[-73.143989,4.475059],[-73.144547,4.474595],[-73.145086,4.474148],[-73.145357,4.473923],[-73.145607,4.473676],[-73.145832,4.473401],[-73.145999,4.47309],[-73.146113,4.472755],[-73.146163,4.472406],[-73.146175,4.472041],[-73.146149,4.47149],[-73.146094,4.470948],[-73.146073,4.470598],[-73.146081,4.470258],[-73.146156,4.469763],[-73.146283,4.469277],[-73.146602,4.468153],[-73.146957,4.466906],[-73.14714,4.466245],[-73.147299,4.465752],[-73.147488,4.46526],[-73.14771,4.464768],[-73.147945,4.464284],[-73.148186,4.46402],[-73.148464,4.463796],[-73.148749,4.463582],[-73.149307,4.46315],[-73.149883,4.462704],[-73.150939,4.461815],[-73.151979,4.460921],[-73.152758,4.460275],[-73.153818,4.45939],[-73.154167,4.459092],[-73.15436,4.45888],[-73.15444,4.458762],[-73.154535,4.458503],[-73.154552,4.45824],[-73.154503,4.458012],[-73.154414,4.457804],[-73.15409,4.457184],[-73.153814,4.456644],[-73.153636,4.456297],[-73.153339,4.455848],[-73.152958,4.455504],[-73.152519,4.455323],[-73.152418,4.455295],[-73.152236,4.455247],[-73.151993,4.45515],[-73.151811,4.455052]]}},{"type":"Feature","properties":{"TIPO":"Proyectada","CODIGO":"Interna","ZONA":"5","BLOQUE":"342"},"geometry":{"type":"LineString","coordinates":[[-72.92207,4.433855],[-72.922078,4.431541],[-72.922079,4.430353]]}},{"type":"Feature","properties":{"TIPO":"Proyectada","CODIGO":"Interna","ZONA":"5","BLOQUE":"342"},"geometry":{"type":"LineString","coordinates":[[-72.922079,4.430353],[-72.92208,4.430335],[-72.922088,4.427436],[-72.922082,4.427411],[-72.921994,4.427359],[-72.921613,4.427129],[-72.921495,4.427098],[-72.921455,4.427106],[-72.921388,4.427161],[-72.921388,4.427161]]}},{"type":"Feature","properties":{"TIPO":"Balastrada","CODIGO":"Interna","ZONA":"1","BLOQUE":"324"},"geometry":{"type":"LineString","coordinates":[[-72.957121,4.523528],[-72.957027,4.523492],[-72.956941,4.52346],[-72.95687,4.523426],[-72.956794,4.523374],[-72.956752,4.523344],[-72.956735,4.523254],[-72.956722,4.522986],[-72.9567,4.522364],[-72.956663,4.521618],[-72.956668,4.521524],[-72.956687,4.521413],[-72.956694,4.521316],[-72.95668,4.521232],[-72.956656,4.521136],[-72.956624,4.520898],[-72.956599,4.520395]]}},{"type":"Feature","properties":{"TIPO":"Proyectada","CODIGO":"Interna","ZONA":"1","BLOQUE":"324"},"geometry":{"type":"LineString","coordinates":[[-72.956599,4.520395],[-72.956542,4.519089],[-72.956564,4.51871],[-72.956587,4.518389]]}},{"type":"Feature","properties":{"TIPO":"Proyectada","CODIGO":"Interna","ZONA":"1","BLOQUE":"324"},"geometry":{"type":"LineString","coordinates":[[-72.96263,4.517666],[-72.959841,4.519492],[-72.95982,4.519513],[-72.959819,4.519539],[-72.959847,4.52013],[-72.959852,4.520164],[-72.959828,4.520197],[-72.959761,4.520243],[-72.958635,4.52097]]}},{"type":"Feature","properties":{"TIPO":"Proyectada","CODIGO":"Interna","ZONA":"1","BLOQUE":"324"},"geometry":{"type":"LineString","coordinates":[[-72.958487,4.517932],[-72.958635,4.52097],[-72.958682,4.521871]]}},{"type":"Feature","properties":{"TIPO":"Proyectada","CODIGO":"Interna","ZONA":"1","BLOQUE":"324"},"geometry":{"type":"LineString","coordinates":[[-72.955802,4.524982],[-72.955187,4.52458],[-72.954972,4.524419],[-72.954902,4.524354],[-72.954859,4.524213],[-72.954813,4.524039],[-72.95479,4.523778],[-72.954772,4.523412],[-72.954839,4.523084],[-72.954909,4.522819],[-72.954943,4.522355],[-72.954957,4.52219],[-72.954967,4.522027],[-72.954982,4.521852]]}},{"type":"Feature","properties":{"TIPO":"Balastrada","CODIGO":"Interna","NDESCRIPCI":"Bloque 344","ZONA":"7","BLOQUE":"344"},"geometry":{"type":"LineString","coordinates":[[-73.018757,4.428434],[-73.017628,4.427764]]}},{"type":"Feature","properties":{"TIPO":"Balastrada","CODIGO":"Interna","NDESCRIPCI":"Bloque 344","ZONA":"7","BLOQUE":"344"},"geometry":{"type":"LineString","coordinates":[[-73.017203,4.426193],[-73.016499,4.425796]]}},{"type":"Feature","properties":{"TIPO":"Balastrada","CODIGO":"Interna","NDESCRIPCI":"Bloque 344","ZONA":"7","BLOQUE":"344"},"geometry":{"type":"LineString","coordinates":[[-73.017203,4.426193],[-73.017311,4.426158],[-73.017383,4.426111],[-73.018269,4.424606]]}},{"type":"Feature","properties":{"TIPO":"Balastrada","CODIGO":"Interna","NDESCRIPCI":"Bloque 344","ZONA":"7","BLOQUE":"344"},"geometry":{"type":"LineString","coordinates":[[-73.021963,4.42428],[-73.021183,4.423838]]}},{"type":"Feature","properties":{"TIPO":"Balastrada","CODIGO":"Interna","NDESCRIPCI":"Bloque 344","ZONA":"7","BLOQUE":"344"},"geometry":{"type":"LineString","coordinates":[[-73.015934,4.432094],[-73.013998,4.428657]]}},{"type":"Feature","properties":{"TIPO":"Balastrada","CODIGO":"Interna","NDESCRIPCI":"Bloque 344","ZONA":"7","BLOQUE":"344"},"geometry":{"type":"LineString","coordinates":[[-73.00768,4.426473],[-73.008517,4.426749]]}},{"type":"Feature","properties":{"TIPO":"Balastrada","CODIGO":"Interna","NDESCRIPCI":"Bloque 344","ZONA":"7","BLOQUE":"344"},"geometry":{"type":"LineString","coordinates":[[-73.006385,4.426917],[-73.007017,4.424715]]}},{"type":"Feature","properties":{"TIPO":"Balastrada","CODIGO":"Interna","NDESCRIPCI":"Bloque 344","ZONA":"7","BLOQUE":"344"},"geometry":{"type":"LineString","coordinates":[[-73.010006,4.424062],[-73.010424,4.423086],[-73.010352,4.423026]]}},{"type":"Feature","properties":{"TIPO":"Balastrada","CODIGO":"Interna","NDESCRIPCI":"Bloque 344","ZONA":"7","BLOQUE":"344"},"geometry":{"type":"LineString","coordinates":[[-73.005478,4.427307],[-73.004306,4.427392]]}},{"type":"Feature","properties":{"TIPO":"Balastrada","CODIGO":"Interna","NDESCRIPCI":"Bloque 344","ZONA":"7","BLOQUE":"344"},"geometry":{"type":"LineString","coordinates":[[-73.006382,4.426917],[-73.005478,4.427307]]}},{"type":"Feature","properties":{"TIPO":"Balastrada","CODIGO":"Interna","NDESCRIPCI":"Bloque 344","ZONA":"7","BLOQUE":"344"},"geometry":{"type":"LineString","coordinates":[[-73.00763,4.426572],[-73.007386,4.426732],[-73.007053,4.426881],[-73.006857,4.426902],[-73.006382,4.426917]]}},{"type":"Feature","properties":{"TIPO":"Balastrada","CODIGO":"Interna","NDESCRIPCI":"Bloque 344","ZONA":"7","BLOQUE":"344"},"geometry":{"type":"LineString","coordinates":[[-73.009308,4.42503],[-73.008119,4.425661],[-73.00763,4.426572]]}},{"type":"Feature","properties":{"TIPO":"Balastrada","CODIGO":"Interna","NDESCRIPCI":"Bloque 344","ZONA":"7","BLOQUE":"344"},"geometry":{"type":"LineString","coordinates":[[-73.010008,4.424062],[-73.009659,4.424545]]}},{"type":"Feature","properties":{"TIPO":"Balastrada","CODIGO":"Interna","NDESCRIPCI":"Bloque 344","ZONA":"7","BLOQUE":"344"},"geometry":{"type":"LineString","coordinates":[[-73.011542,4.424956],[-73.011542,4.424956]]}},{"type":"Feature","properties":{"TIPO":"Balastrada","CODIGO":"Interna","NDESCRIPCI":"Bloque 344","ZONA":"7","BLOQUE":"344"},"geometry":{"type":"LineString","coordinates":[[-73.013529,4.424251],[-73.013422,4.423866],[-73.01155,4.424949]]}},{"type":"Feature","properties":{"TIPO":"Balastrada","CODIGO":"Interna","NDESCRIPCI":"Bloque 344","ZONA":"7","BLOQUE":"344"},"geometry":{"type":"LineString","coordinates":[[-73.014379,4.424601],[-73.014176,4.424519],[-73.01408,4.424505],[-73.013804,4.424462],[-73.013529,4.424251]]}},{"type":"Feature","properties":{"TIPO":"Balastrada","CODIGO":"Interna","NDESCRIPCI":"Bloque 344","ZONA":"7","BLOQUE":"344"},"geometry":{"type":"LineString","coordinates":[[-73.016499,4.425796],[-73.014379,4.424601]]}},{"type":"Feature","properties":{"TIPO":"Balastrada","CODIGO":"Interna","NDESCRIPCI":"Bloque 344","ZONA":"7","BLOQUE":"344"},"geometry":{"type":"LineString","coordinates":[[-73.016512,4.427102],[-73.016509,4.426445]]}},{"type":"Feature","properties":{"TIPO":"Balastrada","CODIGO":"Interna","NDESCRIPCI":"Bloque 344","ZONA":"7","BLOQUE":"344"},"geometry":{"type":"LineString","coordinates":[[-73.020407,4.423398],[-73.020422,4.42259],[-73.02128,4.422089]]}},{"type":"Feature","properties":{"TIPO":"Balastrada","CODIGO":"Interna","NDESCRIPCI":"Bloque 344","ZONA":"7","BLOQUE":"344"},"geometry":{"type":"LineString","coordinates":[[-73.018269,4.424606],[-73.018377,4.424533],[-73.019332,4.423999]]}},{"type":"Feature","properties":{"TIPO":"Balastrada","CODIGO":"Interna","NDESCRIPCI":"Bloque 344","ZONA":"7","BLOQUE":"344"},"geometry":{"type":"LineString","coordinates":[[-73.008479,4.432616],[-73.005481,4.427307]]}},{"type":"Feature","properties":{"TIPO":"Balastrada","CODIGO":"Interna","NDESCRIPCI":"Bloque 344","ZONA":"7","BLOQUE":"344"},"geometry":{"type":"LineString","coordinates":[[-73.011872,4.429545],[-73.009311,4.425038]]}},{"type":"Feature","properties":{"TIPO":"Balastrada","CODIGO":"Interna","NDESCRIPCI":"Bloque 344","ZONA":"7","BLOQUE":"344"},"geometry":{"type":"LineString","coordinates":[[-73.007017,4.424715],[-73.007645,4.422524]]}},{"type":"Feature","properties":{"TIPO":"Balastrada","CODIGO":"Interna","NDESCRIPCI":"Bloque 344","ZONA":"7","BLOQUE":"344"},"geometry":{"type":"LineString","coordinates":[[-73.010352,4.423026],[-73.009818,4.422588],[-73.009829,4.422163]]}},{"type":"Feature","properties":{"TIPO":"Balastrada","CODIGO":"Interna","NDESCRIPCI":"Bloque 344","ZONA":"7","BLOQUE":"344"},"geometry":{"type":"LineString","coordinates":[[-73.009659,4.424545],[-73.009308,4.42503]]}},{"type":"Feature","properties":{"TIPO":"Balastrada","CODIGO":"Interna","NDESCRIPCI":"Bloque 344","ZONA":"7","BLOQUE":"344"},"geometry":{"type":"LineString","coordinates":[[-73.021183,4.423838],[-73.020408,4.423399]]}},{"type":"Feature","properties":{"TIPO":"Balastrada","CODIGO":"Interna","NDESCRIPCI":"Bloque 344","ZONA":"7","BLOQUE":"344"},"geometry":{"type":"LineString","coordinates":[[-73.02128,4.422089],[-73.02284,4.421179]]}},{"type":"Feature","properties":{"TIPO":"Balastrada","CODIGO":"Interna","NDESCRIPCI":"Bloque 344","ZONA":"7","BLOQUE":"344"},"geometry":{"type":"LineString","coordinates":[[-73.019332,4.423999],[-73.020407,4.423398]]}},{"type":"Feature","properties":{"TIPO":"Balastrada","CODIGO":"Interna","NDESCRIPCI":"Bloque 344","ZONA":"7","BLOQUE":"344"},"geometry":{"type":"LineString","coordinates":[[-73.016506,4.4258],[-73.016495,4.423349]]}},{"type":"Feature","properties":{"TIPO":"Balastrada","CODIGO":"Interna","NDESCRIPCI":"Bloque 344","ZONA":"7","BLOQUE":"344"},"geometry":{"type":"LineString","coordinates":[[-73.016509,4.426445],[-73.016506,4.4258]]}},{"type":"Feature","properties":{"TIPO":"Balastrada","CODIGO":"Interna","NDESCRIPCI":"Bloque 344","ZONA":"7","BLOQUE":"344"},"geometry":{"type":"LineString","coordinates":[[-73.017628,4.427764],[-73.016512,4.427102]]}},{"type":"Feature","properties":{"TIPO":"Balastrada","CODIGO":"Interna","NDESCRIPCI":"Bloque 344","ZONA":"7","BLOQUE":"344"},"geometry":{"type":"LineString","coordinates":[[-73.016495,4.423349],[-73.016484,4.420938]]}},{"type":"Feature","properties":{"TIPO":"Balastrada","CODIGO":"Interna","NDESCRIPCI":"Bloque 344","ZONA":"7","BLOQUE":"344"},"geometry":{"type":"LineString","coordinates":[[-73.01201,4.425229],[-73.010008,4.424062]]}},{"type":"Feature","properties":{"TIPO":"Balastrada","CODIGO":"Interna","NDESCRIPCI":"Bloque 344","ZONA":"7","BLOQUE":"344"},"geometry":{"type":"LineString","coordinates":[[-73.013998,4.428657],[-73.012122,4.425326],[-73.01201,4.425229]]}},{"type":"Feature","properties":{"TIPO":"Proyectada","ZONA":"0","BLOQUE":"0"},"geometry":{"type":"LineString","coordinates":[[-72.923854,4.447073],[-72.923822,4.447255],[-72.923301,4.447532],[-72.923213,4.447424],[-72.923183,4.447334],[-72.923057,4.447257],[-72.922885,4.447202],[-72.922338,4.447168],[-72.921959,4.447187],[-72.921635,4.447263],[-72.921346,4.447352],[-72.921163,4.447444],[-72.921089,4.447501],[-72.920965,4.447591],[-72.920846,4.447727],[-72.920825,4.447801],[-72.92081,4.44805],[-72.920821,4.448217],[-72.920811,4.448329],[-72.920847,4.448467],[-72.920911,4.44871],[-72.919679,4.449257],[-72.919394,4.449374],[-72.919249,4.449285],[-72.918905,4.449137],[-72.918753,4.449142],[-72.918639,4.449205],[-72.918542,4.44931],[-72.918506,4.449449],[-72.918474,4.449583],[-72.918543,4.44967],[-72.918567,4.449826],[-72.918509,4.449849]]}},{"type":"Feature","properties":{"TIPO":"Balastrada","ZONA":"0","BLOQUE":"0"},"geometry":{"type":"LineString","coordinates":[[-72.961052,4.476815],[-72.96101,4.475148],[-72.961531,4.475122],[-72.96164,4.475195],[-72.961675,4.475251],[-72.961843,4.476347],[-72.961876,4.47655],[-72.961939,4.476722],[-72.961982,4.476886],[-72.962042,4.477011],[-72.962146,4.477181],[-72.962171,4.477283],[-72.962224,4.477409],[-72.96222,4.477494],[-72.962215,4.477586],[-72.962188,4.477783],[-72.962157,4.477992],[-72.962192,4.478091],[-72.962264,4.478165],[-72.962357,4.478191],[-72.965205,4.47865],[-72.967478,4.479031],[-72.969665,4.479425],[-72.970055,4.479496],[-72.970144,4.479546],[-72.970161,4.4796],[-72.970161,4.479655],[-72.970131,4.479714],[-72.96956,4.480106],[-72.967805,4.481505],[-72.967361,4.481835],[-72.966384,4.482361],[-72.96532,4.482912],[-72.963606,4.483808],[-72.96326,4.48402],[-72.962841,4.48429],[-72.962819,4.484375],[-72.962806,4.48447],[-72.96291,4.484679],[-72.963026,4.484827],[-72.963273,4.484904],[-72.96449,4.485091],[-72.96488,4.485178],[-72.965377,4.485442],[-72.965758,4.485499],[-72.966637,4.485563],[-72.967492,4.485614],[-72.96818,4.485611],[-72.968268,4.485622],[-72.968337,4.485667],[-72.968504,4.485911],[-72.968526,4.486056],[-72.968534,4.486361],[-72.968488,4.486652],[-72.968133,4.487617],[-72.968004,4.488044],[-72.967929,4.488284],[-72.967851,4.488709],[-72.967802,4.488859],[-72.967799,4.489001],[-72.967824,4.489099],[-72.967922,4.489176],[-72.968157,4.489459],[-72.968173,4.489615],[-72.96817,4.490212],[-72.968216,4.490314],[-72.968287,4.490467],[-72.968844,4.491456],[-72.969164,4.492009],[-72.969987,4.493418],[-72.970013,4.493624],[-72.97,4.494428],[-72.969964,4.494757],[-72.969865,4.495011],[-72.969597,4.495504],[-72.969432,4.49574],[-72.969438,4.495797],[-72.969449,4.495962],[-72.969518,4.497604],[-72.969554,4.498318],[-72.969633,4.499848],[-72.969712,4.501296],[-72.969757,4.50267],[-72.969855,4.504331],[-72.969888,4.50541],[-72.969866,4.50554],[-72.969691,4.506034],[-72.969666,4.506158],[-72.969437,4.506624],[-72.969336,4.506746],[-72.968969,4.507264],[-72.968813,4.507635],[-72.968504,4.508658],[-72.968405,4.509026],[-72.968349,4.509566],[-72.968361,4.509983],[-72.968345,4.510082],[-72.968255,4.510189],[-72.968064,4.510244],[-72.967307,4.510532],[-72.966915,4.510624],[-72.966822,4.510685],[-72.966776,4.510751],[-72.966797,4.51081],[-72.967025,4.511535],[-72.967068,4.511621],[-72.967111,4.511753],[-72.967118,4.511775],[-72.96706,4.511862],[-72.966659,4.512243],[-72.966035,4.512794],[-72.965239,4.513435],[-72.965159,4.513511],[-72.965102,4.51358],[-72.96512,4.513708],[-72.96516,4.514902],[-72.965213,4.515935],[-72.965257,4.516942],[-72.965259,4.517104],[-72.96523,4.517167],[-72.965199,4.51722],[-72.965175,4.517282],[-72.965179,4.517351],[-72.965199,4.517386],[-72.965241,4.517472],[-72.965273,4.517553],[-72.965316,4.518683],[-72.965427,4.520629],[-72.965448,4.521585],[-72.965452,4.521659],[-72.965484,4.521742],[-72.965524,4.523061],[-72.965565,4.523399],[-72.965571,4.523554],[-72.965542,4.523693],[-72.965612,4.524117],[-72.965679,4.524458],[-72.966045,4.525277],[-72.966499,4.526359],[-72.966948,4.527343],[-72.967013,4.527454],[-72.967014,4.527521],[-72.966569,4.52788],[-72.965511,4.52871],[-72.961766,4.531698],[-72.961756,4.531804],[-72.961852,4.531962],[-72.962805,4.533257],[-72.964319,4.535264],[-72.965025,4.536177],[-72.965801,4.536733],[-72.966321,4.537622],[-72.966774,4.538512],[-72.96692,4.538573],[-72.966991,4.538591],[-72.96707,4.538595],[-72.968253,4.537781],[-72.968881,4.537344],[-72.969181,4.53718],[-72.96963,4.537075],[-72.972912,4.536377],[-72.979901,4.534968]]}}]}